ply
format ascii 1.0
element vertex 8715
property float32 x
property float32 y
property float32 z
property uchar red
property uchar green
property uchar blue
property uchar alpha
element face 13928
property list uint8 int32 vertex_indices
end_header
-0.10411257937492 -0.754477777824577 0.29738831124387 255 128 128 255 
-0.106124666639875 -0.738867787272472 0.305145710269181 255 128 128 255 
-0.0987986988644623 -0.744643851303032 0.302249888727276 255 128 128 255 
-0.0903229164898494 -0.74314736765652 0.301748038534728 255 128 128 255 
-0.0917781113707975 -0.751593195425017 0.298749635475917 255 128 128 255 
-0.0962391407072415 -0.748618369389932 0.300377392865509 255 128 128 255 
-0.0654084467851323 -0.185638888234312 -0.84062182815895 255 128 128 255 
-0.0384075655441894 -0.198016592920511 -0.832021228017767 255 128 128 255 
-0.0372419920785782 -0.182534043162719 -0.837408626993594 255 128 128 255 
-0.0588973900132649 -0.84097999730208 0.260247879275109 255 128 128 255 
-0.0685302617323717 -0.854538872262001 0.252226689815808 255 128 128 255 
-0.0745115207320244 -0.828385167708805 0.265853059114281 255 128 128 255 
-0.204702194412537 -0.907362568222531 -0.0808159393651862 255 128 128 255 
-0.205939711365835 -0.915843987870796 -0.0533225213388984 255 128 128 255 
-0.193742548880532 -0.921524627214764 -0.0645842699892032 255 128 128 255 
-0.222643339409903 -0.899277269861829 -0.0626069128935401 255 128 128 255 
-0.205965546542664 -0.0870232952889339 -0.876809755146915 255 128 128 255 
-0.206358060801658 -0.105881434642125 -0.880784126690398 255 128 128 255 
-0.186504718032927 -0.0922322857660016 -0.874119610192483 255 128 128 255 
-0.205391672809183 -0.0674430643683234 -0.873443326625938 255 128 128 255 
-0.0528679088980066 -0.657729343148858 0.29428768157338 255 128 128 255 
-0.0594563383300627 -0.653019000366507 0.296139132470233 255 128 128 255 
-0.0528427306067256 -0.652521135881358 0.294119331993094 255 128 128 255 
-0.0756458839754337 -0.804564436533015 0.27666348778574 255 128 128 255 
-0.072989869530046 -0.790010607688652 0.282316748689791 255 128 128 255 
-0.0672808448335766 -0.793369780753465 0.280593100983026 255 128 128 255 
-0.0763465803065143 -0.777465346996274 0.287122940827536 255 128 128 255 
-0.0607845017285918 -0.766707394101839 0.286654059295637 255 128 128 255 
-0.061065554084298 -0.783338352787467 0.282925253250122 255 128 128 255 
-0.156531808207319 -0.663412599878571 0.359456486322562 255 128 128 255 
-0.153734746072332 -0.667724146388218 0.357702656921674 255 128 128 255 
-0.157294059148416 -0.666262846237657 0.359654245883042 255 128 128 255 
-0.0379401677962918 -0.967458393936457 -0.0893993034293294 255 128 128 255 
-0.0432675581223913 -0.959054696611847 -0.107359953624465 255 128 128 255 
-0.0522655118638087 -0.961990396406253 -0.100146398001143 255 128 128 255 
-0.0376655586235067 -0.904675859008955 -0.193608677761113 255 128 128 255 
-0.0200000000000205 -0.900079974718572 -0.198549637733633 255 128 128 255 
-0.0412904189845362 -0.89772252250871 -0.202352371322398 255 128 128 255 
-0.0476788967680146 -0.885680422761612 -0.217552340983577 255 128 128 255 
-0.1956877063836 -0.0307756851819429 -0.868600137158724 255 128 128 255 
-0.206553131466533 -0.0441668935416384 -0.869444470144377 255 128 128 255 
-0.176526030047792 -0.046956335313577 -0.87054549302667 255 128 128 255 
-0.0492662511605319 -0.302240981667951 -0.786106620462989 255 128 128 255 
-0.0599368354730619 -0.292289594398221 -0.792147235952863 255 128 128 255 
-0.0628029096841517 -0.304181392705155 -0.785580057071347 255 128 128 255 
-0.081034272899894 -0.326561760189131 -0.773180907860769 255 128 128 255 
-0.103146492418706 -0.326102257847978 -0.7798068361748 255 128 128 255 
-0.0883538020599233 -0.338600755509931 -0.765683356292367 255 128 128 255 
-0.069308765264496 -0.692246798393259 0.300622911911679 255 128 128 255 
-0.0591388368004379 -0.682710755328449 0.296132176021475 255 128 128 255 
-0.0574565156501635 -0.692485782251183 0.295066542827248 255 128 128 255 
-0.0573631199424696 -0.996912978594712 0.0853464532107756 255 128 128 255 
-0.0537773930764023 -0.997803394995991 0.0686210272512107 255 128 128 255 
-0.0730031738616542 -0.992652380884126 0.0765054082724685 255 128 128 255 
-0.211678947998847 -0.825815946071916 0.207806028183164 255 128 128 255 
-0.23 -0.835000005472528 0.182561585797686 255 128 128 255 
-0.23 -0.822565681183958 0.192922160437796 255 128 128 255 
-0.214116003033984 -0.864345033073033 0.172035638870124 255 128 128 255 
-0.23 -0.856235594798942 0.161233093947205 255 128 128 255 
-0.23 -0.845905260019402 0.172180017659027 255 128 128 255 
-0.193917057115403 -0.906000761895428 -0.103053721331761 255 128 128 255 
-0.191916607009947 -0.916666792474837 -0.0817277817387174 255 128 128 255 
-0.173459963532331 -0.929771497156204 -0.0796441617960261 255 128 128 255 
-0.0360128107224397 -0.999923916711459 0.088211221830549 255 128 128 255 
-0.0200000000000062 -0.99925636286293 0.077648974171193 255 128 128 255 
-0.038693044070992 -0.99962427279276 0.0741905697656114 255 128 128 255 
-0.19148265430762 -0.468705766699189 -0.630773575775378 255 128 128 255 
-0.189333804704926 -0.446350488609699 -0.66417309162139 255 128 128 255 
-0.205856298688562 -0.458023040357662 -0.642939338300304 255 128 128 255 
-0.202600678878849 -0.874759112515438 -0.146284302097322 255 128 128 255 
-0.199895457379682 -0.889999141488144 -0.123945955449576 255 128 128 255 
-0.18664649141169 -0.898448002555058 -0.126741581660271 255 128 128 255 
-0.17651320631734 -0.886330953081914 -0.158604107803191 255 128 128 255 
-0.173093370955488 -0.631543814917022 0.361117444857336 255 128 128 255 
-0.18820231989759 -0.631882776900642 0.367658104793167 255 128 128 255 
-0.17854708034332 -0.619554609934128 0.357516447514605 255 128 128 255 
-0.04712877805697 -0.914280859860203 -0.180579864849309 255 128 128 255 
-0.0200000000000026 -0.909367445558839 -0.186012078606343 255 128 128 255 
-0.186744663812862 -0.93276208239876 -0.0429197690190242 255 128 128 255 
-0.170353185347133 -0.94084074977425 -0.0506613943384973 255 128 128 255 
-0.184925191498869 -0.387700530763262 -0.754949804976283 255 128 128 255 
-0.193834083830377 -0.37885450499985 -0.778491436284135 255 128 128 255 
-0.208390191184916 -0.392017441202996 -0.763481188231271 255 128 128 255 
-0.209777426064046 -0.378818962664572 -0.794388212741348 255 128 128 255 
-0.197266747218091 -0.401866517175869 -0.736904737539331 255 128 128 255 
-0.224099231665923 -0.388490676900425 -0.785062013338039 255 128 128 255 
-0.03673466373959 -0.999159919136812 0.0553837131148716 255 128 128 255 
-0.0517594140899779 -0.99651993327511 0.0410533774708024 255 128 128 255 
-0.0530563539563977 -0.997383645479666 0.0545404262090917 255 128 128 255 
-0.0369517936677238 -0.813169498116341 -0.298927015430878 255 128 128 255 
-0.05884927728736 -0.804431472206812 -0.306422718568066 255 128 128 255 
-0.0587098876452896 -0.822798997322672 -0.287769147117306 255 128 128 255 
-0.0342303596548424 -0.991336455123305 -0.010496083256465 255 128 128 255 
-0.0371037847977866 -0.98706293506277 -0.0323107783174045 255 128 128 255 
-0.0540302324990324 -0.987973807764847 -0.02072387316415 255 128 128 255 
-0.0631133562535858 -0.376931240415568 -0.737736085799084 255 128 128 255 
-0.0894394243260505 -0.393211239001601 -0.723100546268931 255 128 128 255 
-0.0662605222752461 -0.403348919806261 -0.717984451765378 255 128 128 255 
-0.083882251642589 -0.426249994570062 -0.697375940460964 255 128 128 255 
-0.156373936432272 -0.674098886928308 0.357455097613629 255 128 128 255 
-0.158508471644963 -0.669024970959165 0.359756602002849 255 128 128 255 
-0.206801385866741 -0.672115378674175 0.36387487698675 255 128 128 255 
-0.206983034059772 -0.67290961494249 0.361168452601036 255 128 128 255 
-0.208138763260572 -0.672371827513489 0.362191249339998 255 128 128 255 
-0.0643298263915731 -0.845634686391351 -0.262919231420127 255 128 128 255 
-0.0763555697546707 -0.873432336196341 -0.22887363010385 255 128 128 255 
-0.0543452838451398 -0.867349106132093 -0.239371734635155 255 128 128 255 
-0.171660210263467 -0.678680996497549 0.359329333664917 255 128 128 255 
-0.176073573413131 -0.676465952992737 0.361712412325927 255 128 128 255 
-0.172418111604039 -0.675197755724291 0.361973860862478 255 128 128 255 
-0.177187631257313 -0.660976465592599 0.368469084852216 255 128 128 255 
-0.177197123818497 -0.665635501299306 0.367564900887293 255 128 128 255 
-0.180521388467516 -0.662864068007076 0.369310187743313 255 128 128 255 
-0.224560475839839 -0.667754070101125 0.349402754730719 255 128 128 255 
-0.224003758332222 -0.666878994198766 0.345249868854842 255 128 128 255 
-0.227139590294505 -0.667325878856441 0.347388301761455 255 128 128 255 
-0.22541862877984 -0.668736564251965 0.354525524603487 255 128 128 255 
-0.21945607164127 -0.668726205137191 0.351009815619942 255 128 128 255 
-0.23000000000004 -0.668323410357658 0.35019650874381 255 128 128 255 
-0.227342146205728 -0.666633479630171 0.344051229622472 255 128 128 255 
-0.229999999999983 -0.667407268538134 0.346114729491823 255 128 128 255 
-0.227113511628342 -0.666976541825468 0.345763165009943 255 128 128 255 
-0.190397020592758 -0.655389284706752 0.373161832594091 255 128 128 255 
-0.182970044767293 -0.659001361493769 0.37060203177679 255 128 128 255 
-0.188693978195903 -0.661006747305787 0.372099630824263 255 128 128 255 
-0.178187346155176 -0.687179285648927 0.344776827156661 255 128 128 255 
-0.172747016910758 -0.688674552313827 0.345898202764335 255 128 128 255 
-0.17517758740605 -0.688726203854283 0.34264861230755 255 128 128 255 
-0.17112716997216 -0.69154701928429 0.337110738093694 255 128 128 255 
-0.177000959653674 -0.688453627630583 0.338460736741071 255 128 128 255 
-0.17247339838395 -0.690183324325174 0.341321469738856 255 128 128 255 
-0.168142931335962 -0.691157525238212 0.343282327225322 255 128 128 255 
-0.159027098174511 -0.696255118596722 0.338227870800114 255 128 128 255 
-0.165451070063007 -0.695121807265201 0.333334187479388 255 128 128 255 
-0.16363524225891 -0.694631740381854 0.338271326253003 255 128 128 255 
-0.169788285825829 -0.691583515628043 0.340227304774988 255 128 128 255 
-0.211716021240048 -0.653934433012953 0.37782095170085 255 128 128 255 
-0.207966712035367 -0.656180232350035 0.376955498127222 255 128 128 255 
-0.211830544337316 -0.65710367387566 0.377023470095445 255 128 128 255 
-0.203981868409422 -0.653773828723852 0.376627518119138 255 128 128 255 
-0.204169619697477 -0.656788063202659 0.376283592683945 255 128 128 255 
-0.214288134232852 -0.650851527764953 0.378439401920122 255 128 128 255 
-0.214231329448637 -0.65369391055703 0.37812633241475 255 128 128 255 
-0.207787522832659 -0.649702830839217 0.377372864874404 255 128 128 255 
-0.201628566753646 -0.650482705443492 0.376044084081841 255 128 128 255 
-0.167816839439156 -0.67481369684712 0.361080235876014 255 128 128 255 
-0.205410770974623 -0.320310864559931 -0.905482660745163 255 128 128 255 
-0.210342896821167 -0.320729595057407 -0.91011390025198 255 128 128 255 
-0.207983249293339 -0.323784439170409 -0.905476082983028 255 128 128 255 
-0.216046475195751 -0.335009370960934 -0.903839374784987 255 128 128 255 
-0.206175131411299 -0.327667797200492 -0.899261297332395 255 128 128 255 
-0.211241324103827 -0.326823476858917 -0.906540176169178 255 128 128 255 
-0.229999999999708 -0.375836717460454 -0.829389240632734 255 128 128 255 
-0.216287255950343 -0.372156138885374 -0.81832980787034 255 128 128 255 
-0.218804443056696 -0.365521566729565 -0.840510417537936 255 128 128 255 
-0.0792974649893634 -0.302935112638388 -0.788734347920343 255 128 128 255 
-0.0672006367313302 -0.278380903503653 -0.800910795266042 255 128 128 255 
-0.0969782401865614 -0.276182612284753 -0.810226244891998 255 128 128 255 
-0.0591337148886362 -0.0188506985620389 -0.879168416101135 255 128 128 255 
-0.0710948089722702 -0.0415981175608317 -0.875408364294211 255 128 128 255 
-0.0520317342963377 -0.0479621412699592 -0.874606567038638 255 128 128 255 
-0.208521405253977 -0.472636419440597 0.221646439426034 255 128 128 255 
-0.179667491021889 -0.453788651770796 0.211246227103789 255 128 128 255 
-0.192737289291728 -0.479824026064313 0.233314135434467 255 128 128 255 
-0.203253754967068 -0.449597379030402 0.200423557727737 255 128 128 255 
-0.19569111804904 -0.401353812677339 0.164496498632195 255 128 128 255 
-0.0733494153575313 -0.918946674441446 -0.17062906904775 255 128 128 255 
-0.0586242860391217 -0.931018281649841 -0.155367539014926 255 128 128 255 
-0.0541711211714555 -0.92288618862372 -0.167880726325594 255 128 128 255 
-0.0598025838410791 -0.899377993950783 -0.198849345872188 255 128 128 255 
-0.0423257285691135 -0.168926309984695 -0.84278425321172 255 128 128 255 
-0.200088199040005 -0.501673582597375 0.254086765824803 255 128 128 255 
-0.215253149320689 -0.526019911284105 0.277801368615442 255 128 128 255 
-0.229999999999828 -0.510531732832834 0.254984636362775 255 128 128 255 
-0.0513177955483718 -0.154092921428429 -0.848671640349367 255 128 128 255 
-0.23 -0.464842496524427 -0.619349591284977 255 128 128 255 
-0.23 -0.487989472763128 -0.578363763761378 255 128 128 255 
-0.075119764105388 -0.935730207992311 -0.144418597527808 255 128 128 255 
-0.0375015261312494 -0.92591267044807 -0.164029794551391 255 128 128 255 
-0.180039892746924 -0.913486472922872 -0.108083868420269 255 128 128 255 
-0.0684175551463335 -0.56376774677826 0.278327016045338 255 128 128 255 
-0.0403869116279638 -0.557483998870596 0.273041220648452 255 128 128 255 
-0.0520582430041061 -0.583081873671325 0.284299317955556 255 128 128 255 
-0.02 -0.587009801872713 0.284787014006994 255 128 128 255 
-0.01999999999995 -0.603226140695333 0.289162709439228 255 128 128 255 
-0.0291099780445537 -0.596084229971891 0.286484657077457 255 128 128 255 
-0.0493021786814664 -0.21898972216218 -0.825625115998737 255 128 128 255 
-0.106314996731823 -0.0613946402299354 0.139516846101182 255 128 128 255 
-0.0883628415190134 -0.0900698964131976 0.139025887537324 255 128 128 255 
-0.108659372621474 -0.0917074807046584 0.136055407387729 255 128 128 255 
-0.049450611591552 -0.0131053747668924 0.150539689325623 255 128 128 255 
-0.0657093341268881 -0.0465186272193556 0.145688234187147 255 128 128 255 
-0.0893299310719586 -0.0167581842273903 0.147130414158788 255 128 128 255 
-0.104579222569799 -0.0357688456778537 0.142745623950277 255 128 128 255 
-0.0800951672986941 -0.23423771169385 -0.8251976890932 255 128 128 255 
-0.0683625090029727 -0.259005803695237 -0.81111971399849 255 128 128 255 
-0.218723553956112 -0.317208345266825 -0.91917946261988 255 128 128 255 
-0.219711277331138 -0.312702638135324 -0.921319066899546 255 128 128 255 
-0.221066429921112 -0.315537657027082 -0.921318458796464 255 128 128 255 
-0.0588363470121098 -0.418796826644122 0.197554698689804 255 128 128 255 
-0.111091305203474 -0.402161507541521 0.184153394936614 255 128 128 255 
-0.0632970933962646 -0.390450167164209 0.181721779164598 255 128 128 255 
-0.0636915353795863 -0.334427921297668 0.157212455147483 255 128 128 255 
-0.02 -0.549061821671111 -0.60010803248545 255 128 128 255 
-0.0376210019879448 -0.502862175725904 -0.643686926639588 255 128 128 255 
-0.0536272871190401 -0.520549392320225 -0.620007751275571 255 128 128 255 
-0.0200000000000463 -0.689522935904694 -0.429869249387017 255 128 128 255 
-0.0519909829991682 -0.674068398908568 -0.444232419797861 255 128 128 255 
-0.0536056987679562 -0.690004527256346 -0.425800924769004 255 128 128 255 
-0.0509117734593421 -0.704685679737757 -0.409743835412805 255 128 128 255 
-0.0887445051022589 -0.467851822074409 -0.661059646602339 255 128 128 255 
-0.0909798622615059 -0.518713515240564 -0.60904074017337 255 128 128 255 
-0.0650770586430582 -0.496429278103825 -0.640713538939242 255 128 128 255 
-0.02 -0.610161689352511 -0.523307068106987 255 128 128 255 
-0.0537561345455253 -0.59362711582751 -0.536569767426552 255 128 128 255 
-0.0559429622865156 -0.608276934565766 -0.518170173122177 255 128 128 255 
-0.0534408440457035 -0.62443567080418 -0.499961624161886 255 128 128 255 
-0.081372510997003 -0.149043631014818 0.134867436902939 255 128 128 255 
-0.0727989589224432 -0.118278179738785 0.138127566943841 255 128 128 255 
-0.0656282659840938 -0.0887392087058323 0.141332576665531 255 128 128 255 
-0.0480605711536518 -0.757685790713505 -0.353084335327335 255 128 128 255 
-0.0199999999999932 -0.724499621377157 -0.390255100021592 255 128 128 255 
-0.0538726396244085 -0.741471804713897 -0.368823831611331 255 128 128 255 
-0.0523877832631687 -0.549662621667992 -0.588834016407277 255 128 128 255 
-0.0758879773121749 -0.566185628386073 -0.561551258418815 255 128 128 255 
-0.02 -0.577003740619044 -0.56586790351274 255 128 128 255 
-0.0796892601823533 -0.235303731023658 0.134176607321417 255 128 128 255 
-0.0618867634465606 -0.212173574424014 0.135085352765049 255 128 128 255 
-0.02 -0.231640395006541 0.138403527863109 255 128 128 255 
-0.0551722044043368 -0.191039239027456 0.135521361127834 255 128 128 255 
-0.10357630795951 -0.279889620486076 0.136391101940804 255 128 128 255 
-0.0605990146734673 -0.272426455507949 0.140185314539328 255 128 128 255 
-0.163455903724661 0 0.132013961189596 255 128 128 255 
-0.0927397188295531 -0.190543598179531 0.131561842890707 255 128 128 255 
-0.0697310744763578 -0.784352238087902 -0.324474625976579 255 128 128 255 
-0.0816526536065341 -0.815760876200114 -0.291396257578644 255 128 128 255 
-0.13415029701312 -0.434710266064578 -0.682325114373182 255 128 128 255 
-0.160917204841461 -0.499520668726695 -0.602728711270534 255 128 128 255 
-0.126232238030185 -0.477793370899593 -0.64006093589986 255 128 128 255 
-0.156030989959983 -0.466573231658979 -0.643355601085611 255 128 128 255 
-0.0950707311757147 -0.494027694697857 0.243415243073721 255 128 128 255 
-0.0801263658240365 -0.449371995114848 0.21479314214475 255 128 128 255 
-0.0630184531701291 -0.472325114334431 0.229524794060593 255 128 128 255 
-0.0570216780756232 -0.497981879183936 0.244389648446976 255 128 128 255 
-0.174508939593843 -0.69012107900699 0.329947444578261 255 128 128 255 
-0.1758241883309 -0.689694857212249 0.318841257792426 255 128 128 255 
-0.180485350559836 -0.68606072744574 0.325007998993479 255 128 128 255 
-0.20133442182874 -0.318519515437359 -0.901860200748599 255 128 128 255 
-0.201288576055486 -0.31453708208215 -0.905359132820054 255 128 128 255 
-0.203117255985317 -0.316914933363724 -0.90567591651214 255 128 128 255 
-0.167727360683439 -0.689278132025588 0.347733236112748 255 128 128 255 
-0.02 -0.403851113300348 0.19259854809481 255 128 128 255 
-0.0960913200408026 -0.602921024476478 -0.511032070406556 255 128 128 255 
-0.0744769620460023 -0.647695933262864 -0.467951327874066 255 128 128 255 
-0.0199999999999903 -0.649539467078705 -0.47632979184739 255 128 128 255 
-0.0330828791808877 -0.510931139731796 0.252543379472875 255 128 128 255 
-0.0535844658905802 -0.529195997166801 0.260714898305934 255 128 128 255 
-0.158467166253758 -0.692343100588406 0.3448491866528 255 128 128 255 
-0.162611334668681 -0.693279548480242 0.342246015587353 255 128 128 255 
-0.16155226771683 -0.691631046106107 0.345395282722403 255 128 128 255 
-0.0771936683670017 -0.53256011914348 0.264254158406891 255 128 128 255 
-0.058275541664616 -0.419979700380055 -0.707109087977289 255 128 128 255 
-0.167958483023697 -0.685654389261921 0.352566056862199 255 128 128 255 
-0.165116492357574 -0.687887896650703 0.350012088137899 255 128 128 255 
-0.167934141956113 -0.687694117646957 0.350142754521793 255 128 128 255 
-0.17459965196014 -0.682342128341621 0.356220341861336 255 128 128 255 
-0.169428565272534 -0.682358536534435 0.355948494362021 255 128 128 255 
-0.172008900883222 -0.684564962067401 0.353764825124887 255 128 128 255 
-0.179211950380706 -0.685501200707398 0.349934206274267 255 128 128 255 
-0.175701612485746 -0.687066290593614 0.348241859825574 255 128 128 255 
-0.160937494226 -0.68939087448981 0.348242761757002 255 128 128 255 
-0.164520374090639 -0.689476584129856 0.348043322345498 255 128 128 255 
-0.177233481504674 -0.684135714514957 0.353685449860352 255 128 128 255 
-0.174535101381432 -0.684407340975196 0.353904061326822 255 128 128 255 
-0.162393384939922 -0.672188445238473 0.360452288083657 255 128 128 255 
-0.161427624468495 -0.676321879605659 0.358417022368665 255 128 128 255 
-0.164168959051089 -0.675687789789943 0.359565779239151 255 128 128 255 
-0.166916802335409 -0.670149521145928 0.362788148597719 255 128 128 255 
-0.184239440203727 -0.684446675066202 0.341164008699923 255 128 128 255 
-0.174319920300753 -0.685959769346091 0.35137367083563 255 128 128 255 
-0.215801630877233 -0.315250037562664 -0.917443138198867 255 128 128 255 
-0.217368614956342 -0.314291403198832 -0.919338345960858 255 128 128 255 
-0.177931478460809 -0.670378751957316 0.366085489267641 255 128 128 255 
-0.174176207188151 -0.668429018716695 0.36589459931911 255 128 128 255 
-0.185615491002353 -0.663424830232269 0.370752083515877 255 128 128 255 
-0.222196389320061 -0.318169109872712 -0.921317848582229 255 128 128 255 
-0.220599076496437 -0.320089307072092 -0.919426220480822 255 128 128 255 
-0.180209056976964 -0.674981217752494 0.363497572926906 255 128 128 255 
-0.184306049558229 -0.673746923912853 0.364976996591078 255 128 128 255 
-0.18091569194962 -0.672449909035379 0.365508833874971 255 128 128 255 
-0.207232670608754 -0.847902478507333 0.1947873089703 255 128 128 255 
-0.182576368768292 -0.665784377873792 0.369215186350277 255 128 128 255 
-0.185635071200877 -0.665670787318004 0.369999112834534 255 128 128 255 
-0.0200000000000061 -0.446264360071806 0.217737813019879 255 128 128 255 
-0.121227995050726 -0.739701586943362 -0.354845994215027 255 128 128 255 
-0.0779581615270079 -0.756500119961862 -0.349925395235722 255 128 128 255 
-0.0693199950821066 -0.726666177824797 -0.382387153971116 255 128 128 255 
-0.0911969017251711 -0.689322460854093 -0.417366255191222 255 128 128 255 
-0.138590619984881 -0.130601530233922 0.125404365753065 255 128 128 255 
-0.139355143886188 -0.225048299749004 0.122080362774046 255 128 128 255 
-0.189327417561798 -0.675876370105387 0.362735875953638 255 128 128 255 
-0.188681605147845 -0.673276928548666 0.365534900637255 255 128 128 255 
-0.18692732164439 -0.675055512514167 0.363793723329383 255 128 128 255 
-0.0392197880105656 -0.746204169780242 0.286066252723597 255 128 128 255 
-0.0305874076002623 -0.757547160284519 0.284143014692141 255 128 128 255 
-0.0416120906223934 -0.75520201194204 0.284766189790739 255 128 128 255 
-0.045883408119596 -0.765245776350838 0.283612133743176 255 128 128 255 
-0.0293932467896937 -0.740876748609676 0.287098576533166 255 128 128 255 
-0.02 -0.740176769886024 0.288206961843378 255 128 128 255 
-0.0506417706336146 -0.752074267764404 0.286637178929103 255 128 128 255 
-0.0973280325079499 -0.908759976675316 0.207118849946285 255 128 128 255 
-0.097987659400056 -0.928506732855911 0.184960984160913 255 128 128 255 
-0.111733319611866 -0.911779719067761 0.198647470473848 255 128 128 255 
-0.133861103543195 -0.912178290541057 0.187051072344654 255 128 128 255 
-0.0418651975759865 -0.701081515497164 0.291826685098744 255 128 128 255 
-0.0338428534059894 -0.709284288028725 0.290989306551907 255 128 128 255 
-0.0439500606735763 -0.705762820087543 0.291516727975734 255 128 128 255 
-0.050176964161809 -0.710394703268533 0.291837778882414 255 128 128 255 
-0.0465738001237811 -0.692469055507034 0.292630921964721 255 128 128 255 
-0.035017444059602 -0.695514235217431 0.292225119358187 255 128 128 255 
-0.0497724826282803 -0.702327800624198 0.292490617856947 255 128 128 255 
-0.219061015612022 -0.321540313004496 -0.916874209013976 255 128 128 255 
-0.100021758833121 -0.82630164253464 0.263022936233846 255 128 128 255 
-0.0878937007104905 -0.816916510924927 0.269947719683824 255 128 128 255 
-0.0377838576504612 -0.995131104825511 0.126031424782266 255 128 128 255 
-0.0456344441667601 -0.995793331500813 0.120146808339576 255 128 128 255 
-0.0460648224992054 -0.99373812920751 0.126864605617781 255 128 128 255 
-0.195715147525407 -0.263504695607166 -0.917653273840859 255 128 128 255 
-0.199319802739558 -0.260939806910601 -0.920473716672442 255 128 128 255 
-0.199127660960001 -0.263765523533976 -0.920122921029714 255 128 128 255 
-0.044597903655741 -0.987104908994762 0.141635509230483 255 128 128 255 
-0.0524651690151905 -0.982427978265813 0.146211052153739 255 128 128 255 
-0.0445179083918513 -0.982498054770806 0.148692270420565 255 128 128 255 
-0.0384115829619201 -0.984369740652014 0.147632309604476 255 128 128 255 
-0.0618341180484389 -0.980197699226237 0.144667533890586 255 128 128 255 
-0.0579416314515444 -0.978502731009372 0.14914027791894 255 128 128 255 
-0.158854753906092 -0.419121482652188 -0.699764421356633 255 128 128 255 
-0.158996288795676 -0.429123315545324 -0.687472356683491 255 128 128 255 
-0.17758353635879 -0.426862688856057 -0.692009101555253 255 128 128 255 
-0.165374396997757 -0.437497679055878 -0.677156158338088 255 128 128 255 
-0.197758088328316 -0.67380624907263 0.363729234344323 255 128 128 255 
-0.197435040567953 -0.671598119252306 0.366841665095234 255 128 128 255 
-0.193679895101357 -0.673986475733455 0.364243648691109 255 128 128 255 
-0.229999999999718 -0.178394165137555 -0.921318480808007 255 128 128 255 
-0.22644665922251 -0.183322232204437 -0.921316785563397 255 128 128 255 
-0.226297438145618 -0.178167721459193 -0.92104508159809 255 128 128 255 
-0.229999999999999 -0.665649345693603 0.336845448724164 255 128 128 255 
-0.229999999999963 -0.66648221078219 0.341584484166939 255 128 128 255 
-0.227428093283894 -0.665555461966619 0.338884012348128 255 128 128 255 
-0.210578718196419 -0.238504301099413 -0.921325424586237 255 128 128 255 
-0.204566691325412 -0.240012050258495 -0.921324129110034 255 128 128 255 
-0.205573661622704 -0.234357035738843 -0.921323017173922 255 128 128 255 
-0.19414009156768 -0.671777587275479 0.36681829397812 255 128 128 255 
-0.196248025137529 -0.218693859505144 -0.914301239236778 255 128 128 255 
-0.19624287985011 -0.212259038450287 -0.912685577508021 255 128 128 255 
-0.200430505812302 -0.209719896488866 -0.915058802940108 255 128 128 255 
-0.196269516589134 -0.206758218268434 -0.911000624661093 255 128 128 255 
-0.217074462025686 -0.488675852812371 0.235712891526896 255 128 128 255 
-0.205766225755418 -0.487108927804686 0.237893340203285 255 128 128 255 
-0.195392833621812 -0.225630276432843 -0.915241426490872 255 128 128 255 
-0.199985858464949 -0.224524054794561 -0.918295883119334 255 128 128 255 
-0.196163136975432 -0.232193341956041 -0.917069480760571 255 128 128 255 
-0.204148589190296 -0.226887159129379 -0.921320784721755 255 128 128 255 
-0.203166155211921 -0.223401618533026 -0.920306617061268 255 128 128 255 
-0.200651567096952 -0.217712576157928 -0.917335008194437 255 128 128 255 
-0.203070903367554 -0.220334352711167 -0.919602618963778 255 128 128 255 
-0.200442728060767 -0.240804684664522 -0.921129202000832 255 128 128 255 
-0.201829189241043 -0.23840419115343 -0.921322804809006 255 128 128 255 
-0.0627107910346007 -0.973393504361166 0.152754697814197 255 128 128 255 
-0.0550471546601656 -0.971604421208299 0.158021579111788 255 128 128 255 
-0.0548450227858576 -0.976813601205573 0.152554150228213 255 128 128 255 
-0.0611767560247655 -0.962419504238193 0.164274360419136 255 128 128 255 
-0.0503578052302712 -0.9671042579175 0.163372598730269 255 128 128 255 
-0.0490916683756287 -0.95546666829842 0.172910907340052 255 128 128 255 
-0.0406642062022323 -0.967741866881748 0.164576386426691 255 128 128 255 
-0.0318975644918871 -0.956671694591295 0.173594364400172 255 128 128 255 
-0.0290950943830624 -0.973424709156826 0.160546126383868 255 128 128 255 
-0.0542113275650004 -0.698248768772924 0.29375725313119 255 128 128 255 
-0.118382671810819 -0.712082350160874 0.323298352178602 255 128 128 255 
-0.119290664299312 -0.720047672541813 0.317272385347895 255 128 128 255 
-0.122424948372098 -0.717089636393326 0.319698117463669 255 128 128 255 
-0.0502976172463887 -0.721575879606257 0.290625820718428 255 128 128 255 
-0.0373038516195829 -0.730757173315572 0.28827622509172 255 128 128 255 
-0.0505222641565189 -0.732150719635117 0.289354680257835 255 128 128 255 
-0.0551581334458118 -0.668271426173739 0.294861818316068 255 128 128 255 
-0.0592727596234584 -0.662015920690845 0.296188730008157 255 128 128 255 
-0.0534299308305876 -0.66294421912023 0.294405990369244 255 128 128 255 
-0.0456342918089516 -0.741101940941089 0.287448308018084 255 128 128 255 
-0.198340064861629 -0.270291800523489 -0.918825656282027 255 128 128 255 
-0.200025663836155 -0.266731423439387 -0.920411940662687 255 128 128 255 
-0.205195533515753 -0.274754629772369 -0.921321080200992 255 128 128 255 
-0.207694994543658 -0.277200175151517 -0.921321027570685 255 128 128 255 
-0.205012473104138 -0.277859669829034 -0.921320901789454 255 128 128 255 
-0.20608891437667 -0.264497903648041 -0.921328209353946 255 128 128 255 
-0.201932626981688 -0.263611793453878 -0.921328491463504 255 128 128 255 
-0.204010008225428 -0.26131947728131 -0.921328417232312 255 128 128 255 
-0.18606792480916 -0.331509431702541 0.131100964720377 255 128 128 255 
-0.179586455332225 -0.280689950643294 0.116961072251768 255 128 128 255 
-0.139709556929533 -0.330447323676852 0.144426787324256 255 128 128 255 
-0.177375467972001 -0.818437169149228 -0.243765565322773 255 128 128 255 
-0.175654810598555 -0.841396928511868 -0.218611302630704 255 128 128 255 
-0.158716293344994 -0.829866690737253 -0.244334084174423 255 128 128 255 
-0.158515067479592 -0.791612347443711 -0.285148204845525 255 128 128 255 
-0.196405556717819 -0.15275816537006 -0.890096961131064 255 128 128 255 
-0.198318256632716 -0.131544543604756 -0.884173737107789 255 128 128 255 
-0.203000156479199 -0.146862998727514 -0.891353800648041 255 128 128 255 
-0.170724541399853 -0.736941862770438 -0.332448078765657 255 128 128 255 
-0.171628627345629 -0.678509909923393 -0.389979640456365 255 128 128 255 
-0.203960121296654 -0.215545539527441 -0.919133747659245 255 128 128 255 
-0.204932223041531 -0.218806304717707 -0.920497528995981 255 128 128 255 
-0.215091172174381 -0.670554623224893 0.355278123807272 255 128 128 255 
-0.220214148797599 -0.669369612993705 0.355904207967345 255 128 128 255 
-0.181788910396694 -0.543512082870947 0.296308637129507 255 128 128 255 
-0.178832871947165 -0.557973843609463 0.308509884162996 255 128 128 255 
-0.202959679199395 -0.55022170912634 0.305257692020317 255 128 128 255 
-0.188076807303242 -0.527769228588538 0.281778832596086 255 128 128 255 
-0.194099804385618 -0.565876505561333 0.319463452721881 255 128 128 255 
-0.191893800605234 -0.0837739290439861 0.110950335748741 255 128 128 255 
-0.195346158490196 -1.35525271560688E-19 0.118992654513409 255 128 128 255 
-0.209498769844023 1.6940658945086E-21 -0.863284382234729 255 128 128 255 
-0.22035821305563 3.3881317890172E-21 -0.860508216250843 255 128 128 255 
-0.213681999057061 -0.0181699791630588 -0.864558974969341 255 128 128 255 
-0.23 0 -0.857536724783544 255 128 128 255 
-0.190962050555594 -0.230160382807093 0.104222873963899 255 128 128 255 
-0.229999999999994 -0.256006226443426 0.085755729842962 255 128 128 255 
-0.189777451872331 -0.521652702909423 -0.558744864828104 255 128 128 255 
-0.210173585752585 -0.49374266927429 0.243739738341131 255 128 128 255 
-0.217593440672588 -0.498148003208196 0.246172400437453 255 128 128 255 
-0.0683268272090842 -0.658037175660222 0.300355282800539 255 128 128 255 
-0.0778502836612255 -0.645202949333609 0.30537209940647 255 128 128 255 
-0.0670737370985913 -0.649956124278492 0.299407822712478 255 128 128 255 
-0.0622522271969786 -0.643369921372198 0.296895325638377 255 128 128 255 
-0.0666356684802634 -0.629372421309379 0.297660388320255 255 128 128 255 
-0.0858756479927908 -0.620596102143196 0.305943327626208 255 128 128 255 
-0.0717770311552866 -0.618085357288035 0.298337323352715 255 128 128 255 
-0.07474036906824 -0.609397224670521 0.29778954959599 255 128 128 255 
-0.0714183886652261 -0.591748324643265 0.291303064949756 255 128 128 255 
-0.05913575051135 -0.61222051201872 0.293220634098527 255 128 128 255 
-0.0850541357463305 -0.603147867246848 0.300240290591906 255 128 128 255 
-0.0906318310527439 -0.589759131271105 0.297185379807726 255 128 128 255 
-0.0860063437467959 -0.57555787621499 0.288683606527616 255 128 128 255 
-0.108349348450902 -0.574672941944723 0.296108134833124 255 128 128 255 
-0.0909763853513992 -0.556954692966219 0.280283991668169 255 128 128 255 
-0.114628287342719 -0.537617953300818 0.275158253966544 255 128 128 255 
-0.120213762265323 -0.726667126347644 0.311428794987787 255 128 128 255 
-0.131251808610867 -0.725353361772222 0.308714896953779 255 128 128 255 
-0.12550527637387 -0.720344690210554 0.316071571964898 255 128 128 255 
-0.133306783497836 -0.716853055269894 0.316984898247625 255 128 128 255 
-0.126129096250672 -0.715484746644378 0.321003665716104 255 128 128 255 
-0.1129254773312 -0.719859934188402 0.316918247039087 255 128 128 255 
-0.20733794057411 -0.668437496216471 0.328748510772493 255 128 128 255 
-0.203737023912922 -0.671078414275399 0.333886274323057 255 128 128 255 
-0.202451792965484 -0.671214975113997 0.329710973725336 255 128 128 255 
-0.20214193158604 -0.670998305701444 0.325429582220671 255 128 128 255 
-0.202373148116121 -0.670589950156681 0.321424106568142 255 128 128 255 
-0.19817032152592 -0.673409413182717 0.319919996695231 255 128 128 255 
-0.19728732352751 -0.674630299186134 0.331063721269131 255 128 128 255 
-0.0491083432397024 -0.673831783284947 0.293541955665862 255 128 128 255 
-0.0481879647814652 -0.681862569352512 0.293297919281023 255 128 128 255 
-0.0532800023909787 -0.678360903882093 0.294383972792949 255 128 128 255 
-0.0565913553937672 -0.67504816389136 0.295310462753198 255 128 128 255 
-0.20053639310017 -0.673145616730357 0.335649014878486 255 128 128 255 
-0.199091548524465 -0.302356710955517 -0.910580136002774 255 128 128 255 
-0.205443075456073 -0.306044291546434 -0.914009505121498 255 128 128 255 
-0.202643576377133 -0.308509704511146 -0.910805153133479 255 128 128 255 
-0.199450886163143 -0.309756751736489 -0.906718753233115 255 128 128 255 
-0.194728370904424 -0.678252117686607 0.352818900783881 255 128 128 255 
-0.196371032480398 -0.67731190189622 0.348409541301552 255 128 128 255 
-0.198491883190193 -0.67645958678682 0.351265445157463 255 128 128 255 
-0.200910929056255 -0.672799873352746 0.364637013368137 255 128 128 255 
-0.0474652695236919 -0.998214064441193 0.10398003443243 255 128 128 255 
-0.035201805814807 -0.999316611342213 0.102125077896071 255 128 128 255 
-0.0433071874511786 -0.9992996784365 0.0966576358287977 255 128 128 255 
-0.052608029885988 -0.997824103385606 0.0961903805197671 255 128 128 255 
-0.19393868249879 -0.282105582657036 -0.913328517307371 255 128 128 255 
-0.198357066457781 -0.27714296993457 -0.91775406103548 255 128 128 255 
-0.198728298281135 -0.284234588653712 -0.916646767850898 255 128 128 255 
-0.202298035559527 -0.331474467199031 -0.887232165889706 255 128 128 255 
-0.209505595911 -0.337146667289361 -0.891406769598159 255 128 128 255 
-0.0274497985389494 -0.999722632539621 0.0940989709531724 255 128 128 255 
-0.20635116178797 -0.668249048744878 0.321984774365762 255 128 128 255 
-0.172357922933229 0 -0.870691980180575 255 128 128 255 
-0.186568351328005 8.470329472543E-22 -0.868465486343534 255 128 128 255 
-0.185934443119076 -0.0137131166570958 -0.868815557146474 255 128 128 255 
-0.21522175925245 -0.296480039764098 -0.921320232235694 255 128 128 255 
-0.222137372827151 -0.29606925864766 -0.921320470216998 255 128 128 255 
-0.218497922755259 -0.301142767921503 -0.921320085364971 255 128 128 255 
-0.216765890133938 -0.306862544828514 -0.921319725554866 255 128 128 255 
-0.214151339970013 -0.302268574243678 -0.921319889417235 255 128 128 255 
-0.218032252849334 -0.304216833939908 -0.921319906518587 255 128 128 255 
-0.215728150732786 -0.311526173589971 -0.919159017711917 255 128 128 255 
-0.211219994746495 -0.307169939020572 -0.917584594336993 255 128 128 255 
-0.0292436254018731 -0.984707359371799 0.147816954123561 255 128 128 255 
-0.0359103836621463 -0.979677710707471 0.154078164375007 255 128 128 255 
-0.161898907003154 -0.709987266038113 0.301972330994102 255 128 128 255 
-0.16756403624202 -0.703629521286008 0.303089325513743 255 128 128 255 
-0.162414200977539 -0.7053771719113 0.30619412192503 255 128 128 255 
-0.0349689003233784 -0.989057793388154 0.140595016081992 255 128 128 255 
-0.0557342418999706 -0.705679219015373 0.293474446762186 255 128 128 255 
-0.198419844964603 -0.676902504921052 0.303275115210136 255 128 128 255 
-0.204156083146855 -0.674730228321682 0.299534884938109 255 128 128 255 
-0.201444512054711 -0.674500537936859 0.303380651162099 255 128 128 255 
-0.202496218241802 -0.671577287241119 0.309280835680436 255 128 128 255 
-0.199503398948638 -0.674530286886207 0.306770660892942 255 128 128 255 
-0.203558288204525 -0.67240850103135 0.30430263843944 255 128 128 255 
-0.0614804804913575 -0.711904617774256 0.2949639581591 255 128 128 255 
-0.0555917386209602 -0.716093178842202 0.292509964418963 255 128 128 255 
-0.0602463400758753 -0.720508115063082 0.29365696937864 255 128 128 255 
-0.0699876174186415 -0.720860204870423 0.298257613733428 255 128 128 255 
-0.0633806386461868 -0.73217928121579 0.293503724618804 255 128 128 255 
-0.0791793899642329 -0.731425660685514 0.301240016668181 255 128 128 255 
-0.0897853384315357 -0.71704844376731 0.310043793077763 255 128 128 255 
-0.0753158848848361 -0.708388773317713 0.302873937650361 255 128 128 255 
-0.0799336556696825 -0.720776495407516 0.303848267291219 255 128 128 255 
-0.20543467888076 -0.293302148674778 -0.918780333398818 255 128 128 255 
-0.203643395230538 -0.287760566116543 -0.919074347677349 255 128 128 255 
-0.207520613499855 -0.290835400642759 -0.920819844693756 255 128 128 255 
-0.21534600747364 -0.664693160382645 0.307467193813364 255 128 128 255 
-0.219753871947874 -0.663561714598536 0.307312255574083 255 128 128 255 
-0.216904993414895 -0.663784510153935 0.309911307822292 255 128 128 255 
-0.203145991953918 -0.672411576261779 0.340055207729203 255 128 128 255 
-0.198404427285569 -0.674670488101207 0.337709893025866 255 128 128 255 
-0.19589626524274 -0.649720139849468 0.37453105404005 255 128 128 255 
-0.19648670925169 -0.654651984893882 0.374849668137803 255 128 128 255 
-0.199205299093284 -0.652848115073139 0.375575191502173 255 128 128 255 
-0.201782498079051 -0.663710418984859 0.373444012908186 255 128 128 255 
-0.205084559283745 -0.659814218320602 0.375527704417784 255 128 128 255 
-0.201005640932745 -0.6597732247971 0.375063530965119 255 128 128 255 
-0.183299584532773 -0.669979840561382 0.367361631821238 255 128 128 255 
-0.18571602832898 -0.667473709577266 0.369147506767421 255 128 128 255 
-0.182872368833672 -0.66277214595994 0.370086728711448 255 128 128 255 
-0.189989924773724 -0.679295325651075 0.356957022891871 255 128 128 255 
-0.192573272423841 -0.678552424962555 0.356111696177684 255 128 128 255 
-0.191135180311152 -0.678462270066084 0.357914381777787 255 128 128 255 
-0.18808110120424 -0.680645583916179 0.355270364538766 255 128 128 255 
-0.190145457495823 -0.680010013524965 0.3545967841314 255 128 128 255 
-0.188968149152212 -0.680028878228177 0.356026927372546 255 128 128 255 
-0.185293713124019 -0.678913183259076 0.359527257124744 255 128 128 255 
-0.18285008645926 -0.680840146156004 0.357419968756746 255 128 128 255 
-0.185382082773138 -0.680341128410315 0.35739917835666 255 128 128 255 
-0.194068872186513 -0.677639069286914 0.338748378176711 255 128 128 255 
-0.192298078982601 -0.679453101956399 0.345140189628305 255 128 128 255 
-0.189572982803162 -0.680826254901867 0.340835139402183 255 128 128 255 
-0.185667611906081 -0.68352247327756 0.34752479698783 255 128 128 255 
-0.188193573933921 -0.682093076013612 0.344460093967362 255 128 128 255 
-0.189123017587393 -0.681585404044136 0.347614302607499 255 128 128 255 
-0.198138692582461 -0.675982519578943 0.358234471360684 255 128 128 255 
-0.195559118164893 -0.676600229408466 0.358516060909457 255 128 128 255 
-0.196863253825486 -0.676738340849625 0.356848012816498 255 128 128 255 
-0.185898560658149 -0.682752990505118 0.351318902707391 255 128 128 255 
-0.187623374850837 -0.682240783545361 0.349665627133678 255 128 128 255 
-0.187820939979292 -0.681925897931499 0.351165296889408 255 128 128 255 
-0.212547716654746 -0.219269729864353 -0.92132123895409 255 128 128 255 
-0.208358268462921 -0.214382761862434 -0.921314761944716 255 128 128 255 
-0.210238904215195 -0.213037476397194 -0.921315888395002 255 128 128 255 
-0.215295483541744 -0.206663046087879 -0.921315838420269 255 128 128 255 
-0.217273230451067 -0.213196738266772 -0.92132105997072 255 128 128 255 
-0.212746645410087 -0.211422022189589 -0.921317589687462 255 128 128 255 
-0.200604885981471 -0.321270990330369 -0.897728959317409 255 128 128 255 
-0.199449329699454 -0.323456816070774 -0.893213189162861 255 128 128 255 
-0.206464582130548 -0.271583556087812 -0.921323854372675 255 128 128 255 
-0.203996925920268 -0.27194219348662 -0.921321193076058 255 128 128 255 
-0.224351826416675 -0.66661806217896 0.295419732450017 255 128 128 255 
-0.227856747094969 -0.667431899581201 0.292768937434973 255 128 128 255 
-0.227899922591661 -0.66642679186509 0.295067276583489 255 128 128 255 
-0.230000000000084 -0.667019695280221 0.293356182989166 255 128 128 255 
-0.23000000000011 -0.665735676526607 0.297163061332923 255 128 128 255 
-0.226955784094896 -0.668673928866511 0.29045416435032 255 128 128 255 
-0.202147306529166 -0.276186732576213 -0.920482452274253 255 128 128 255 
-0.203787587054713 -0.276873125129131 -0.921319014630528 255 128 128 255 
-0.23000000000002 -0.668677931149489 0.289675524017275 255 128 128 255 
-0.223304381836389 -0.669391193578093 0.290902142676657 255 128 128 255 
-0.216421678910386 -0.66552548376212 0.303516847247201 255 128 128 255 
-0.216512323102969 -0.666923302278553 0.299809488712333 255 128 128 255 
-0.218291567979073 -0.665645080607837 0.301307981831669 255 128 128 255 
-0.221534967953892 -0.66826389516559 0.293567805883481 255 128 128 255 
-0.191571635203925 -0.679860400693573 0.352410579008774 255 128 128 255 
-0.189813554136119 -0.680677030709857 0.352715677280364 255 128 128 255 
-0.0327815431410078 -0.680974322423535 0.293023637092364 255 128 128 255 
-0.0200000000000492 -0.613904931640384 0.291437285416245 255 128 128 255 
-0.027792069806786 -0.607453573268812 0.28908927274298 255 128 128 255 
-0.0298014102363682 -0.61518525258706 0.290188663367048 255 128 128 255 
-0.197044723928049 -0.332734304407852 -0.87431713783055 255 128 128 255 
-0.193395300166119 -0.320861671981986 -0.884868066795462 255 128 128 255 
-0.201597549597508 -0.674928194220993 0.358374891531145 255 128 128 255 
-0.198380411812829 -0.674972715286134 0.36100288841301 255 128 128 255 
-0.205244815545779 -0.668993899002892 0.314065371209532 255 128 128 255 
-0.203266632995003 -0.66994759650843 0.318410471436348 255 128 128 255 
-0.201551842462695 -0.671218888912147 0.315626437926949 255 128 128 255 
-0.202110531403202 -0.282115418978139 -0.919345331927313 255 128 128 255 
-0.202798830674386 -0.278689996742555 -0.920457341683408 255 128 128 255 
-0.2029411087485 -0.295742503285221 -0.916355620036827 255 128 128 255 
-0.20104221091075 -0.297966188802647 -0.91430202927259 255 128 128 255 
-0.200770482549341 -0.295738147277404 -0.914923748283834 255 128 128 255 
-0.198570094487692 -0.289974364617814 -0.915069487117837 255 128 128 255 
-0.202204783317642 -0.292118269859279 -0.917030958338039 255 128 128 255 
-0.020000000000054 -0.624667081224482 0.293153943801967 255 128 128 255 
-0.0384014921703381 -0.657089643956677 0.292814463077642 255 128 128 255 
-0.0456970229519023 -0.652126876335757 0.29309674170003 255 128 128 255 
-0.0375624754143058 -0.652008704794613 0.292677622521595 255 128 128 255 
-0.0417772184823817 -0.630444966219179 0.291511254591761 255 128 128 255 
-0.0320480069907016 -0.62943976079578 0.291435552958742 255 128 128 255 
-0.0382580080325534 -0.634777647606527 0.291629967003298 255 128 128 255 
-0.0407470002412271 -0.62004626565818 0.2906887153908 255 128 128 255 
-0.0305251165854936 -0.622397944030668 0.29091366477263 255 128 128 255 
-0.020000000000003 -0.633787987548096 0.294025779548508 255 128 128 255 
-0.23 -0.750272566228092 -0.26640002410227 255 128 128 255 
-0.202541190847511 -0.80202659892218 -0.23974546241531 255 128 128 255 
-0.197018891138578 -0.775872741198963 -0.273366329033501 255 128 128 255 
-0.19318046701496 -0.754890403896373 -0.298292386692792 255 128 128 255 
-0.205387034130438 -0.714503463185191 -0.328796299268211 255 128 128 255 
-0.176555469242054 -0.406198707355058 -0.721239066697268 255 128 128 255 
-0.146988170413886 -0.402292630265754 -0.718568747911717 255 128 128 255 
-0.187630297133778 -0.646138405602248 0.371338889103509 255 128 128 255 
-0.184137606321511 -0.65329203292263 0.371117047098067 255 128 128 255 
-0.179584481101728 -0.650970622348124 0.36915376902518 255 128 128 255 
-0.190025831239092 -0.921443250227404 0.115609449866274 255 128 128 255 
-0.181630343570098 -0.919050366628488 0.133674108481017 255 128 128 255 
-0.179262079983583 -0.927826631422947 0.118818467397009 255 128 128 255 
-0.170083852359823 -0.930603008743593 0.125974057970038 255 128 128 255 
-0.163293357475121 -0.922646956240256 0.148878068312004 255 128 128 255 
-0.150007838779536 -0.941594876872388 0.127694834421407 255 128 128 255 
-0.200651381378394 -0.862238011065936 0.188132909563361 255 128 128 255 
-0.201632177523555 -0.868748474560078 0.18070414115624 255 128 128 255 
-0.199147595731982 -0.875947542467258 0.175486883789102 255 128 128 255 
-0.19683165922695 -0.257064845106673 -0.918881727629002 255 128 128 255 
-0.197681536754797 -0.675836109677761 0.343098919291189 255 128 128 255 
-0.207854745854097 -0.284779683843497 -0.921320627457956 255 128 128 255 
-0.207621212796908 -0.287711065381855 -0.921317313638318 255 128 128 255 
-0.205866990883243 -0.2860063845468 -0.920892504213885 255 128 128 255 
-0.0544376573097514 0 -0.88249189086182 255 128 128 255 
-0.0661506630986673 0 -0.882016204351759 255 128 128 255 
-0.196205644319084 -0.286110036401204 -0.914275625268057 255 128 128 255 
-0.180197238087688 -0.668028080042713 0.367751570219004 255 128 128 255 
-0.202647635871066 -0.674183285283428 0.348326207216097 255 128 128 255 
-0.189295431606073 -0.419294276852111 -0.704547453184478 255 128 128 255 
-0.199227949223937 -0.673176575782402 0.31302053836548 255 128 128 255 
-0.192988487984352 -0.678225494100757 0.310749264481486 255 128 128 255 
-0.198450937211738 -0.674301587857191 0.309942487992034 255 128 128 255 
-0.205685691000538 -0.669127998394935 0.31035822881601 255 128 128 255 
-0.203935675823016 -0.670117947951462 0.311602332290424 255 128 128 255 
-0.196478963480852 -0.675852150317824 0.359758863486511 255 128 128 255 
-0.198558562514107 0 -0.865690777634452 255 128 128 255 
-0.20129843270713 -0.643484706986575 0.375259850267339 255 128 128 255 
-0.198373916656051 -0.636065735871115 0.37276347993758 255 128 128 255 
-0.193980997977883 -0.640493445650777 0.372357513365462 255 128 128 255 
-0.194678342418463 -0.644966951288981 0.37351265367532 255 128 128 255 
-0.194285296866563 -0.67739601060608 0.35752935652715 255 128 128 255 
-0.195368937382563 -0.677422927298013 0.355843438942806 255 128 128 255 
-0.19551496047667 -0.677093250366482 0.357231405213756 255 128 128 255 
-0.046309363899486 -0.663754046389172 0.293270616250653 255 128 128 255 
-0.192288747481767 -0.679245648723403 0.354004487689009 255 128 128 255 
-0.148306848874861 -0.961013197093829 0.0661621999752171 255 128 128 255 
-0.171289567477275 -0.947706410967244 0.0695445215742792 255 128 128 255 
-0.159678522075877 -0.951679947027878 0.0833496132166787 255 128 128 255 
-0.143241791122234 -0.956485597216358 0.097339608887753 255 128 128 255 
-0.148738097870183 -0.629827987271762 0.347665018323952 255 128 128 255 
-0.143375922381129 -0.645240107796179 0.349820291831738 255 128 128 255 
-0.151079069930253 -0.640548723174754 0.353214775664301 255 128 128 255 
-0.152137859693721 -0.647512407223657 0.355611631996934 255 128 128 255 
-0.160874713023317 -0.640011406487719 0.358347711068222 255 128 128 255 
-0.147456082807917 -0.65609185599103 0.35422578923132 255 128 128 255 
-0.116848913242802 -0.895070093177909 0.213247220996019 255 128 128 255 
-0.189680009400175 -0.937418729353048 0.057340138355329 255 128 128 255 
-0.183054944808591 -0.938890890699519 0.0774916025340556 255 128 128 255 
-0.19513732715088 -0.928942471925179 0.0825263200422722 255 128 128 255 
-0.192446242943449 -0.618186478344266 0.362400706645272 255 128 128 255 
-0.197940719281364 -0.624451904969889 0.367914640601378 255 128 128 255 
-0.201384036208279 -0.61821956334941 0.365556524736836 255 128 128 255 
-0.201548977219788 -0.609672214427777 0.35991608780824 255 128 128 255 
-0.196289527297478 -0.659182966899671 0.374364061442307 255 128 128 255 
-0.193646910913936 -0.662608018225162 0.372817753715237 255 128 128 255 
-0.197234702306296 -0.663027668946991 0.373267574511667 255 128 128 255 
-0.206267402975839 -0.222189905265325 -0.921320341324531 255 128 128 255 
-0.207049583855012 -0.217435967796323 -0.921316341946483 255 128 128 255 
-0.202057462575415 -0.26080467014618 -0.921328548259539 255 128 128 255 
-0.206531662223372 -0.259870115685219 -0.921328294580008 255 128 128 255 
-0.200996309565799 -0.897453291835685 0.14478752819515 255 128 128 255 
-0.210275566214656 -0.886928533305503 0.148429619615406 255 128 128 255 
-0.201871937271967 -0.891543824803386 0.152815097824412 255 128 128 255 
-0.210619532769574 -0.266168207407561 -0.921327884641051 255 128 128 255 
-0.207719159054884 -0.268925046724449 -0.921327999109918 255 128 128 255 
-0.204087536994444 -0.269177055270674 -0.921324072958128 255 128 128 255 
-0.201274401601056 -0.269827434856932 -0.920900276261371 255 128 128 255 
-0.202029880896518 -0.268205900145844 -0.921322737408761 255 128 128 255 
-0.210883524284835 -0.260041617093786 -0.921328017658636 255 128 128 255 
-0.216930075467056 -0.250047417483688 -0.921327882694527 255 128 128 255 
-0.23 -0.262216609209817 -0.921326766517932 255 128 128 255 
-0.217024354101703 -0.264323674483899 -0.921327528274447 255 128 128 255 
-0.204429031649908 -0.300315132569118 -0.915707393460082 255 128 128 255 
-0.198487391745844 -0.295386633189994 -0.913251402484708 255 128 128 255 
-0.186469410803499 -0.856439580177184 0.205514469083858 255 128 128 255 
-0.19197664778111 -0.871769458025011 0.186980339699034 255 128 128 255 
-0.208852350469442 -0.638540624584341 0.376126680073992 255 128 128 255 
-0.204506537779732 -0.632921236438633 0.373715265100375 255 128 128 255 
-0.203285020861061 -0.637773987701054 0.374582902175767 255 128 128 255 
-0.199196242011184 -0.63010634714803 0.370916371155292 255 128 128 255 
-0.22429401888295 -0.665186094860484 0.337432017711626 255 128 128 255 
-0.220650437101382 -0.666274602839603 0.340704075001399 255 128 128 255 
-0.219808409535699 -0.665541225241833 0.336677078868164 255 128 128 255 
-0.180261386491884 -0.68272186766982 0.355233977454496 255 128 128 255 
-0.182613258125971 -0.683648184074891 0.352136640738921 255 128 128 255 
-0.183260680315294 -0.682308772142368 0.354720941220182 255 128 128 255 
-0.187205705338593 -0.287504088544065 -0.902930680642481 255 128 128 255 
-0.190649995035529 -0.284532548834164 -0.909297867703628 255 128 128 255 
-0.191030075879858 -0.288201312035928 -0.908294285636366 255 128 128 255 
-0.19998391585648 -0.249279876735223 -0.921146011930396 255 128 128 255 
-0.201009552686131 -0.253556345317692 -0.921336299840567 255 128 128 255 
-0.198718000597423 -0.251303421366428 -0.920370365895453 255 128 128 255 
-0.2005431993257 -0.29381739690266 -0.91540485784634 255 128 128 255 
-0.212498797398025 -0.671291960172008 0.362195498995938 255 128 128 255 
-0.216521604489829 -0.670200222101468 0.363976372813123 255 128 128 255 
-0.213448197858211 -0.670373706197461 0.36529348730147 255 128 128 255 
-0.225599919178047 -0.665985269400174 0.341364615867794 255 128 128 255 
-0.193484514222021 -0.270731589203625 -0.915119614095798 255 128 128 255 
-0.193000938707342 -0.276441593407822 -0.913754888127694 255 128 128 255 
-0.223047300241157 -0.626970429053466 0.374359719255118 255 128 128 255 
-0.220390445645842 -0.621168088811463 0.371067346588875 255 128 128 255 
-0.218739940412496 -0.625693021315717 0.373360784808136 255 128 128 255 
-0.215023423153869 -0.624189136545876 0.37202886553352 255 128 128 255 
-0.189792995568924 -0.741521765606045 0.270747471142876 255 128 128 255 
-0.205574584830941 -0.738845531567687 0.262828138834896 255 128 128 255 
-0.195183676642083 -0.733715837801609 0.271383763025309 255 128 128 255 
-0.198162411243116 -0.723183788330025 0.274368051051725 255 128 128 255 
-0.208424856512687 -0.626798281408268 0.3721641254966 255 128 128 255 
-0.202648044012441 -0.626506846842518 0.370529449971794 255 128 128 255 
-0.203690287096966 -0.629075097208432 0.371938769233388 255 128 128 255 
-0.204265727530129 -0.622557697560448 0.368855918180476 255 128 128 255 
-0.202592816476197 -0.242659365344894 -0.921324233203901 255 128 128 255 
-0.1914991638416 -0.239754832687218 -0.914624379690969 255 128 128 255 
-0.196921525341511 -0.240227675124014 -0.918688698789088 255 128 128 255 
-0.14933824436419 -0.705871449083319 0.324564584539552 255 128 128 255 
-0.15083575918465 -0.703186289641987 0.329179237592984 255 128 128 255 
-0.147518895542807 -0.704750044130938 0.328592040341074 255 128 128 255 
-0.21236687402353 -0.667872660044476 0.337912112086932 255 128 128 255 
-0.131598237575929 -0.712111169881442 0.323792126655014 255 128 128 255 
-0.136794287363307 -0.712841946375365 0.321019215171793 255 128 128 255 
-0.136711533092591 -0.711137393593818 0.323662967106435 255 128 128 255 
-0.144011262019987 -0.706330024250101 0.327600910005432 255 128 128 255 
-0.139101264172947 -0.705756242404758 0.330002840036486 255 128 128 255 
-0.140424618026437 -0.707866738314589 0.326829233905649 255 128 128 255 
-0.145741721709841 -0.702800865134386 0.332610670946971 255 128 128 255 
-0.138072150043037 -0.701251597034133 0.334956818275057 255 128 128 255 
-0.13665472354857 -0.708876067296692 0.326635244809869 255 128 128 255 
-0.134918513374308 -0.704813400440924 0.331427146475248 255 128 128 255 
-0.135126607761495 -0.706843883118181 0.329267139541146 255 128 128 255 
-0.193816517580049 -0.669406387485471 0.369034363339513 255 128 128 255 
-0.197344500601699 -0.66641285587423 0.371406673154167 255 128 128 255 
-0.192845377327798 -0.665841766458394 0.37128067652723 255 128 128 255 
-0.207291156829038 -0.673145843526944 0.358472366586136 255 128 128 255 
-0.211144805578707 -0.671920339161745 0.358048323017021 255 128 128 255 
-0.209270051133648 -0.672353006953229 0.360862380385755 255 128 128 255 
-0.197083829604303 -0.682092002574419 0.297640787796733 255 128 128 255 
-0.203354886870434 -0.684617249613239 0.290519005010036 255 128 128 255 
-0.202447425231122 -0.679070581159149 0.295874341514278 255 128 128 255 
-0.207859753838213 -0.676929238683131 0.293433641694672 255 128 128 255 
-0.207106439977661 -0.669013634838509 0.368953576670677 255 128 128 255 
-0.203922996808429 -0.671016445912709 0.366741444644013 255 128 128 255 
-0.207346080329319 -0.670652952084384 0.366557622131062 255 128 128 255 
-0.221666410464656 -0.326283819558347 -0.916405637278805 255 128 128 255 
-0.21746871548304 -0.326309497079353 -0.912376506170392 255 128 128 255 
-0.220319044212118 -0.324191718584695 -0.916464227214609 255 128 128 255 
-0.21057138560024 -0.667594493393021 0.370275202307447 255 128 128 255 
-0.209917907391542 -0.669372205683935 0.368082008419858 255 128 128 255 
-0.210161262336831 -0.670693925159634 0.365593199657008 255 128 128 255 
-0.208663104887904 -0.66997937500945 0.367390615814717 255 128 128 255 
-0.221744941871307 -0.324458207391503 -0.917737443686695 255 128 128 255 
-0.22169613971131 -0.322531612345017 -0.918942121163118 255 128 128 255 
-0.223383142408804 -0.320977506836863 -0.921317190468269 255 128 128 255 
-0.223222813781119 -0.323396646215856 -0.920458010325223 255 128 128 255 
-0.224657728024979 -0.328599406020964 -0.918277223164186 255 128 128 255 
-0.222305432072573 -0.329654880347151 -0.914660519495844 255 128 128 255 
-0.226205984713444 -0.333878947574465 -0.915461286504992 255 128 128 255 
-0.221357655741037 -0.333307335101928 -0.91079827373321 255 128 128 255 
-0.225595633564721 -0.341757254611643 -0.906983217728626 255 128 128 255 
-0.128603126195497 -0.696060639935547 0.336428744551284 255 128 128 255 
-0.130037522760053 -0.687109070256255 0.341156041956881 255 128 128 255 
-0.125490294905491 -0.69035087309856 0.337645934265703 255 128 128 255 
-0.121753214134204 -0.692654413165901 0.334887380644271 255 128 128 255 
-0.200790662610424 -0.66948476760766 0.368940921287517 255 128 128 255 
-0.203799360455738 -0.668927652512937 0.369320608576863 255 128 128 255 
-0.202568500917635 -0.668170252623069 0.370245080723253 255 128 128 255 
-0.173958806943636 -0.938224443617092 0.0999374063602705 255 128 128 255 
-0.20471288613614 -0.666997771151133 0.37127359354664 255 128 128 255 
-0.201031516909117 -0.667160066109841 0.371102539273229 255 128 128 255 
-0.208858551632738 -0.66401404690236 0.373405777251183 255 128 128 255 
-0.207815263948101 -0.667009039464416 0.371127749686924 255 128 128 255 
-0.201567409128431 -0.23152398625184 -0.92061037232501 255 128 128 255 
-0.194357514195073 -0.295383868372291 -0.909034694663095 255 128 128 255 
-0.190843418573534 -0.29413800327948 -0.904804088043899 255 128 128 255 
-0.191497538539709 -0.291056776259291 -0.907500499257773 255 128 128 255 
-0.193934450275475 -0.288025967954901 -0.911611533527123 255 128 128 255 
-0.19567392955237 -0.292039040724644 -0.911917868376581 255 128 128 255 
-0.19353300150758 -0.291257302267666 -0.910006399439811 255 128 128 255 
-0.192784870108196 -0.300896274199786 -0.90356619261605 255 128 128 255 
-0.188732285085477 -0.295794598946266 -0.900275524035609 255 128 128 255 
-0.200459386141228 -0.708696266596239 0.279314439052411 255 128 128 255 
-0.211910453121009 -0.71056762504829 0.271213780418929 255 128 128 255 
-0.206718352295719 -0.70348261672985 0.277755187302815 255 128 128 255 
-0.211205258419226 -0.699072787960805 0.276956700518809 255 128 128 255 
-0.188410036357369 -0.302760473892156 -0.894697890010057 255 128 128 255 
-0.184902970633116 -0.293473418341526 -0.895101007681539 255 128 128 255 
-0.181853464473701 -0.297088436794763 -0.886693924434444 255 128 128 255 
-0.185057450706071 -0.308313030173577 -0.882745031368529 255 128 128 255 
-0.172921340184206 -0.296398156802711 -0.870141811218803 255 128 128 255 
-0.178950791504191 -0.284297380871868 -0.890080634826185 255 128 128 255 
-0.185303719921245 -0.321008369009874 -0.867687754440359 255 128 128 255 
-0.199801152758778 -0.236529822721813 -0.920221450361914 255 128 128 255 
-0.174016813054142 -0.696717256405885 0.304497071432442 255 128 128 255 
-0.172306801300564 -0.702853537105224 0.299968658408671 255 128 128 255 
-0.177095495991857 -0.700766546310933 0.298017383114706 255 128 128 255 
-0.0460500706850894 -0.639711523063235 0.292494282832609 255 128 128 255 
-0.0534902269360957 -0.647101483702869 0.294104358043883 255 128 128 255 
-0.0545539783168798 -0.641688881666056 0.294175639468424 255 128 128 255 
-0.202401766774863 -0.368190117772138 -0.808993947253 255 128 128 255 
-0.203453580910246 -0.364663933537594 -0.817809434717084 255 128 128 255 
-0.206103656873188 -0.362756628944437 -0.825878829546481 255 128 128 255 
-0.218896880334222 -0.410836327535608 -0.72889554265903 255 128 128 255 
-0.197527577343617 -0.413437402745287 -0.715954092083268 255 128 128 255 
-0.205547305464689 -0.430257522179348 -0.688699321739032 255 128 128 255 
-0.197172646404465 -0.923671582802488 -0.0491577211113066 255 128 128 255 
-0.200833090048124 -0.923617946710837 -0.038100185031338 255 128 128 255 
-0.22316659505824 -0.325067266509452 -0.918986470260398 255 128 128 255 
-0.224773611115054 -0.325921228754952 -0.920676109917308 255 128 128 255 
-0.209006698415366 -0.229207137308724 -0.921322701922686 255 128 128 255 
-0.190611275610202 -0.684292698255043 0.30164469579255 255 128 128 255 
-0.194473893511777 -0.680055476788633 0.303102838440655 255 128 128 255 
-0.205054563591926 -0.230509632719597 -0.921321926898802 255 128 128 255 
-0.204159422852912 -0.204206397867967 -0.91614549318393 255 128 128 255 
-0.207366665963725 -0.202170286102604 -0.917697508654161 255 128 128 255 
-0.206613791429803 -0.206355051481879 -0.918358269982952 255 128 128 255 
-0.182177467753606 -0.685273361466089 0.346565255440679 255 128 128 255 
-0.182873371874947 -0.684490644804294 0.349288152050815 255 128 128 255 
-0.167713471502021 -0.708262056419382 0.299220578150637 255 128 128 255 
-0.170186643571425 -0.705651699151579 0.299404166422201 255 128 128 255 
-0.182013120968719 -0.694307755932294 0.299334788497631 255 128 128 255 
-0.177098853476362 -0.689715458812928 0.313234466303169 255 128 128 255 
-0.178129837457229 -0.690060237183117 0.309904212724889 255 128 128 255 
-0.178632806544451 -0.688823440739812 0.312013185153363 255 128 128 255 
-0.204376824501781 -0.673402846098358 0.361533002376111 255 128 128 255 
-0.203711829806986 -0.672654079381414 0.363916093745368 255 128 128 255 
-0.188023471577189 -0.279490500718483 -0.907769892656508 255 128 128 255 
-0.19093089469683 -0.278650421020742 -0.91129923537577 255 128 128 255 
-0.190834547435556 -0.28124888753794 -0.910529805573152 255 128 128 255 
-0.173373144696797 -0.708191680702555 0.295729356448042 255 128 128 255 
-0.110021949623752 -0.714499206222566 0.319556700377778 255 128 128 255 
-0.213873343584522 -0.644810140389553 0.3781509830622 255 128 128 255 
-0.216637848351327 -0.637712013517576 0.377224947150792 255 128 128 255 
-0.0336806039544276 -0.639457257297215 0.292124675957128 255 128 128 255 
-0.0518274500463173 -0.628107136326824 0.292901069651322 255 128 128 255 
-0.204271343181 -0.281068789655644 -0.920980212191723 255 128 128 255 
-0.206502940886389 -0.280272948890331 -0.921320826102498 255 128 128 255 
-0.205576584617359 -0.281915875587562 -0.921318629924586 255 128 128 255 
-0.210323941956494 -0.280033539507248 -0.921320958257409 255 128 128 255 
-0.219117403509942 -0.667929976790808 0.295842727753782 255 128 128 255 
-0.214905507042788 -0.669352784764066 0.296762440862492 255 128 128 255 
-0.217114117845678 -0.66981102715001 0.294283789190035 255 128 128 255 
-0.220483719615333 -0.671657896735456 0.289686792193216 255 128 128 255 
-0.219348338551297 -0.6697948350899 0.292659727515067 255 128 128 255 
-0.213064420948615 -0.634846237465912 0.375955244094758 255 128 128 255 
-0.130756340060117 -0.675016191490791 0.344358046346271 255 128 128 255 
-0.120870278763566 -0.674325931725489 0.338076427984017 255 128 128 255 
-0.126855542051039 -0.680608589277658 0.341175198311155 255 128 128 255 
-0.213066122195958 -0.679635443684952 0.28747672350712 255 128 128 255 
-0.214947249787387 -0.672706406372422 0.292378273992748 255 128 128 255 
-0.192598314165254 -0.679494491404428 0.349634747631337 255 128 128 255 
-0.189688795354755 -0.681054352689157 0.350593011422147 255 128 128 255 
-0.190917492760541 -0.680524597308527 0.348276880993524 255 128 128 255 
-0.203724104143066 -0.916539637263456 0.101051137981678 255 128 128 255 
-0.191143112240385 -0.926821140894972 0.0998511211331372 255 128 128 255 
-0.226211395422855 -0.667008616949652 0.370214653626638 255 128 128 255 
-0.226994978755109 -0.664916599924023 0.37262548791133 255 128 128 255 
-0.224474102732699 -0.665292936448995 0.372021531078053 255 128 128 255 
-0.224095804945799 -0.667414788628391 0.369464728143678 255 128 128 255 
-0.224978509233694 -0.66779726769685 0.368835257533104 255 128 128 255 
-0.223555093593855 -0.666443328627246 0.370682640148914 255 128 128 255 
-0.205121367059051 -0.927062048059873 -0.000187464253644458 255 128 128 255 
-0.217763866584548 -0.917676635223395 0.0208883281520276 255 128 128 255 
-0.204674388450715 -0.928547186563914 0.0183010403214952 255 128 128 255 
-0.202388579671521 -0.930066380305982 0.0358993218070145 255 128 128 255 
-0.197421608213352 -0.679199159773051 0.300745528356866 255 128 128 255 
-0.17401844529307 -0.692763037623293 0.311566359903006 255 128 128 255 
-0.171170999690589 -0.696006136309087 0.309393223744954 255 128 128 255 
-0.165178281541651 -0.702380953096018 0.307121535883856 255 128 128 255 
-0.189228312209329 -0.680503970579391 0.334633699348289 255 128 128 255 
-0.204777461966662 -0.904454759484865 0.126847668154337 255 128 128 255 
-0.168104548465084 -0.699315090626601 0.308051292434715 255 128 128 255 
-0.185765495157119 -0.681379052412544 0.355275312578752 255 128 128 255 
-0.184749341142223 -0.682501602101726 0.353364352236181 255 128 128 255 
-0.202738529944018 -0.658140723977023 0.375770223912074 255 128 128 255 
-0.20063673431573 -0.65607391374753 0.375693293025986 255 128 128 255 
-0.227127221077645 -0.665754006646469 0.296753986774411 255 128 128 255 
-0.227333137195602 -0.665117982394997 0.298982994239951 255 128 128 255 
-0.225214392891373 -0.665169835853503 0.298776151947819 255 128 128 255 
-0.226042768777423 -0.665567755074033 0.297442260322253 255 128 128 255 
-0.192413352794087 -0.67636447187569 0.361063964796085 255 128 128 255 
-0.189425072343886 -0.6780505398741 0.359513849520534 255 128 128 255 
-0.192624912266941 -0.67762459654891 0.358713728172345 255 128 128 255 
-0.187569604485761 -0.679848768788054 0.357160764016256 255 128 128 255 
-0.195223164212064 -0.675554780161985 0.361189605211784 255 128 128 255 
-0.194185969668107 -0.676642665689055 0.359735896440586 255 128 128 255 
-0.208196349855549 -0.211530980908293 -0.920830106277267 255 128 128 255 
-0.21914673475267 -0.656778765769231 0.377653375137008 255 128 128 255 
-0.216226938141159 -0.658445527645754 0.37675197439102 255 128 128 255 
-0.218750717875776 -0.659305004255618 0.376408581125259 255 128 128 255 
-0.206230611502009 -0.214451962143437 -0.920335577016158 255 128 128 255 
-0.205864262351284 -0.210570110113718 -0.919022380610204 255 128 128 255 
-0.218709644164549 -0.309471746836794 -0.921319646818643 255 128 128 255 
-0.210218644754302 -0.2911498756972 -0.921320360831175 255 128 128 255 
-0.209293329892669 -0.292523209910381 -0.921317624492554 255 128 128 255 
-0.168727145465204 -0.694316061075986 0.324541076969067 255 128 128 255 
-0.169797041690953 -0.694283592668207 0.318465299281142 255 128 128 255 
-0.173796494699419 -0.250701766559003 -0.893087383605818 255 128 128 255 
-0.175382899090903 -0.228597415663882 -0.895343997408483 255 128 128 255 
-0.180964433986034 -0.239281704482756 -0.903703754739712 255 128 128 255 
-0.181427165369681 -0.254916636408846 -0.904163406404823 255 128 128 255 
-0.18031379154496 -0.248338262222409 -0.903004967016371 255 128 128 255 
-0.211141801768878 -0.617089415420779 0.367269887648075 255 128 128 255 
-0.211307367641779 -0.298547844377056 -0.920979140666118 255 128 128 255 
-0.208673388263193 -0.299355269562779 -0.91873854513449 255 128 128 255 
-0.209558865508354 -0.296740370601237 -0.920267071897921 255 128 128 255 
-0.205873043304132 -0.296921894000231 -0.917827321505398 255 128 128 255 
-0.207821717215529 -0.29588180902015 -0.919431771856228 255 128 128 255 
-0.208134488826632 -0.598273412538118 0.352901127044035 255 128 128 255 
-0.196395221804076 -0.599881857572591 0.350903411532955 255 128 128 255 
-0.198441671927703 -0.603511577305522 0.354455518472439 255 128 128 255 
-0.20829074597082 -0.293737942646298 -0.920490152641231 255 128 128 255 
-0.21734040388464 -0.91686597642089 0.0499732798828219 255 128 128 255 
-0.203920120727566 -0.927939725036797 0.051784926818217 255 128 128 255 
-0.174165936838643 -0.748329267186611 0.275783216297167 255 128 128 255 
-0.18646768893299 -0.756288972482295 0.265631356756042 255 128 128 255 
-0.19223047470318 -0.214389004995548 -0.909935545312508 255 128 128 255 
-0.191767712547834 -0.205918158873206 -0.906869327772053 255 128 128 255 
-0.208416296093467 -0.244531538587767 -0.921326307825219 255 128 128 255 
-0.169439882592769 -0.484758951768686 0.240611011131944 255 128 128 255 
-0.054050634033425 -0.740571044811179 0.289194574185265 255 128 128 255 
-0.0469205893237979 -0.736112515602884 0.288294457753814 255 128 128 255 
-0.0336104439896807 -0.992535768009101 0.133628140449861 255 128 128 255 
-0.0311241281628251 -0.994172341818752 0.129397916042621 255 128 128 255 
-0.029433444613487 -0.995667307758367 0.124622038634201 255 128 128 255 
-0.0493663157136034 -0.990546498688136 0.133090822818962 255 128 128 255 
-0.0407454862872754 -0.991597029225455 0.134407647316615 255 128 128 255 
-0.0435183232504243 -0.992906345436874 0.130160173562356 255 128 128 255 
-0.0534779812675985 -0.992984246371986 0.124244738477549 255 128 128 255 
-0.191775376821876 -0.671784416790053 0.366937065236566 255 128 128 255 
-0.188607685386827 -0.669799088325595 0.368348658482343 255 128 128 255 
-0.18852355246806 -0.665956227346065 0.370478783182252 255 128 128 255 
-0.190938946117817 -0.667800175593233 0.369871565086678 255 128 128 255 
-0.187936504090113 -0.68138778456563 0.353050858831817 255 128 128 255 
-0.173470459757898 -0.687417425194278 0.348936004816955 255 128 128 255 
-0.223635264309176 -0.314069710476333 -0.921319554935031 255 128 128 255 
-0.226062838729457 -0.318344661564936 -0.921319164828425 255 128 128 255 
-0.21326602364427 -0.194724515683577 -0.919228417236088 255 128 128 255 
-0.217374424835796 -0.195029896193936 -0.921316113258423 255 128 128 255 
-0.215460376145538 -0.196999925392427 -0.921198386137801 255 128 128 255 
-0.209072518799604 -0.197196985071931 -0.917427039866255 255 128 128 255 
-0.213651434007957 -0.1992207839045 -0.920762989164662 255 128 128 255 
-0.170842341384564 -0.687441487655029 0.349914685901146 255 128 128 255 
-0.171293825902457 -0.686069630820725 0.352017844019258 255 128 128 255 
-0.166215537901575 -0.66521809162917 0.363697419308787 255 128 128 255 
-0.16051843114644 -0.664841849598742 0.361254607193265 255 128 128 255 
-0.163381986860253 -0.668257606558871 0.361947604815523 255 128 128 255 
-0.172395512582992 -0.671576539487558 0.363980418059425 255 128 128 255 
-0.165215296526625 -0.679233720601571 0.357778073663851 255 128 128 255 
-0.171680064462428 -0.665570144709471 0.365736417952945 255 128 128 255 
-0.171971783353365 -0.668579676489486 0.365146216577908 255 128 128 255 
-0.169792745607127 -0.668293816609595 0.364375668463769 255 128 128 255 
-0.214993888251022 -0.667851662029452 0.369611687105632 255 128 128 255 
-0.213798599260522 -0.666148887481493 0.371539039209167 255 128 128 255 
-0.213137009921586 -0.667745361732703 0.369892696023496 255 128 128 255 
-0.152949610535752 -0.69453004120665 0.342565464087862 255 128 128 255 
-0.148429376364876 -0.698362761101595 0.338134256017141 255 128 128 255 
-0.153755764227147 -0.697508141443871 0.338296537125301 255 128 128 255 
-0.164282320587271 -0.690930887483452 0.345972918917665 255 128 128 255 
-0.161632397460599 -0.685033736240035 0.352652714903933 255 128 128 255 
-0.165392360029376 -0.682938860058738 0.355006453634979 255 128 128 255 
-0.186901144512173 -0.67719995066403 0.361535279870635 255 128 128 255 
-0.179880170591306 -0.684088007521218 0.35277950478442 255 128 128 255 
-0.210397914478201 -0.658276130748006 0.376521038432336 255 128 128 255 
-0.221366893310152 -0.659546112881947 0.376379523509134 255 128 128 255 
-0.21280127255608 -0.660219124995963 0.375759440271893 255 128 128 255 
-0.218193737858399 -0.662151012209472 0.37459943418973 255 128 128 255 
-0.216600617451821 -0.656346681450624 0.377662942655786 255 128 128 255 
-0.21669294648221 -0.654163671133016 0.378249311449748 255 128 128 255 
-0.201391490552005 -0.653298691561186 0.376128097391081 255 128 128 255 
-0.176616768428877 -0.673444258485147 0.364022344456184 255 128 128 255 
-0.174357914109129 -0.674233991433201 0.363016630135301 255 128 128 255 
-0.190542013165754 -0.663499745913973 0.371870014395379 255 128 128 255 
-0.188322479273529 -0.663505538745053 0.37140131246213 255 128 128 255 
-0.216921850064056 -0.668888058669182 0.367608595311473 255 128 128 255 
-0.215012606318353 -0.669794239176299 0.366257368760078 255 128 128 255 
-0.213036679163773 -0.669136895285978 0.367900623279034 255 128 128 255 
-0.161138687634094 -0.66860449020082 0.360997047389338 255 128 128 255 
-0.0598254281938974 -0.795542418054578 0.279181877986937 255 128 128 255 
-0.0852102051224027 -0.791210231791863 0.281940227471799 255 128 128 255 
-0.230000000000017 -0.669343493589092 0.365355350038077 255 128 128 255 
-0.227709433783659 -0.669514562032046 0.363739416365278 255 128 128 255 
-0.230000000000007 -0.669667327607935 0.363586369056672 255 128 128 255 
-0.0218131661639745 -0.982630329008555 0.149901688032361 255 128 128 255 
-0.0200000000000231 -0.981376420757935 0.151257919855292 255 128 128 255 
-0.0200000000000146 -0.9828364473102 0.149347787294138 255 128 128 255 
-0.0239154399027504 -0.983624097955433 0.148832114779977 255 128 128 255 
-0.0252908073146508 -0.980917653531078 0.152650308177175 255 128 128 255 
-0.0234117972296868 -0.985284204556266 0.14627159008081 255 128 128 255 
-0.0240099168203253 -0.987039762434693 0.143670039003253 255 128 128 255 
-0.0199999999999831 -0.986518783373102 0.143579473453066 255 128 128 255 
-0.020000000000002 -0.988677016294472 0.139688704946232 255 128 128 255 
-0.027486138810537 -0.989081946122697 0.140502928527785 255 128 128 255 
-0.22848992655275 -0.667792360654375 0.369240819914234 255 128 128 255 
-0.228194442409093 -0.66865548041194 0.367352426566045 255 128 128 255 
-0.229160158998854 -0.668472706275635 0.36815914733361 255 128 128 255 
-0.23 -0.335518785464008 -0.919074570463278 255 128 128 255 
-0.228461725430596 -0.333084972757567 -0.919289599014112 255 128 128 255 
-0.23 -0.334147098082713 -0.920711936311062 255 128 128 255 
-0.22907690445016 -0.652634289731522 0.379461736890138 255 128 128 255 
-0.229999999999994 -0.653593168739861 0.379295426052287 255 128 128 255 
-0.230000000000074 -0.652409203661139 0.379549262101358 255 128 128 255 
-0.067575108814763 -0.0566498188279254 -0.873045483691383 255 128 128 255 
-0.0892808473455292 -0.0647808294959141 -0.871541653561481 255 128 128 255 
-0.0874377642080066 -0.0196447224915417 -0.878014282717784 255 128 128 255 
-0.196280121825051 -0.674682112898297 0.362590047828261 255 128 128 255 
-0.0199999999999888 -0.926517704076063 -0.161710564989729 255 128 128 255 
-0.0304468844679778 -0.938864909394512 -0.144137578381918 255 128 128 255 
-0.0199999999999851 -0.934476438080794 -0.150018567508144 255 128 128 255 
-0.229999999999862 -0.61457182259936 0.367124348963331 255 128 128 255 
-0.228745747116797 -0.617147998146158 0.368977005191365 255 128 128 255 
-0.23000000000015 -0.616455100343172 0.368571410710402 255 128 128 255 
-0.211574932670085 -0.345923117022643 -0.878731971715438 255 128 128 255 
-0.222665339822744 -0.353593293895918 -0.884272067083501 255 128 128 255 
-0.230000000000073 -0.36297218185094 -0.87442695643921 255 128 128 255 
-0.226857698723522 -0.620278359019968 0.370898905802711 255 128 128 255 
-0.230000000000148 -0.618469423034423 0.369829640740763 255 128 128 255 
-0.0935410565594022 -0.729026590934968 0.307830072295896 255 128 128 255 
-0.0965551465086188 -0.737443832064703 0.305202319370481 255 128 128 255 
-0.100612917030289 -0.73270680271372 0.308022021438878 255 128 128 255 
-0.218876236641051 -0.232732197313464 -0.921326304574548 255 128 128 255 
-0.0435917914729585 -0.895592896070989 0.224801362154585 255 128 128 255 
-0.0541065753221742 -0.876802457657785 0.238679888216844 255 128 128 255 
-0.0340511438496382 -0.884345053668216 0.232522864430652 255 128 128 255 
-0.22764161405056 -0.674118060277179 0.282460532253877 255 128 128 255 
-0.23 -0.67571142537564 0.279264148096686 255 128 128 255 
-0.23 -0.672524135334311 0.282800445528055 255 128 128 255 
-0.220560410575116 -0.675247560485638 0.285963127695931 255 128 128 255 
-0.224951058079364 -0.676173672936486 0.282287886819956 255 128 128 255 
-0.225476139180207 -0.67358993465695 0.284411438377024 255 128 128 255 
-0.224329281324413 -0.671697470195466 0.287135214492961 255 128 128 255 
-0.227506430675315 -0.649155146945965 0.37982561786413 255 128 128 255 
-0.22999999999939 -0.651212204727186 0.37969868955714 255 128 128 255 
-0.229999999999963 -0.648795892002159 0.379848937772459 255 128 128 255 
-0.159107418636545 -0.656002525232592 0.360378893458502 255 128 128 255 
-0.164030733463923 -0.624239278227854 0.353142529595217 255 128 128 255 
-0.0199999999999898 -0.244434953198417 -0.813146406902143 255 128 128 255 
-0.0200000000000163 -0.230017900811477 -0.81873517900341 255 128 128 255 
-0.0348440423770386 -0.241996094936834 -0.814838518937806 255 128 128 255 
-0.171319403811397 -0.124987363708542 -0.874637451783026 255 128 128 255 
-0.0259702063891825 -0.999504205516963 0.0990490856149115 255 128 128 255 
-0.0271993157881999 -0.999350979969496 0.103109558522876 255 128 128 255 
-0.0520296534034411 -0.970679546424826 -0.0795764403415743 255 128 128 255 
-0.0521460917915331 -0.966133341059631 -0.0903953693892893 255 128 128 255 
-0.149434205032864 -0.735712699792455 0.293169505054345 255 128 128 255 
-0.162285603272392 -0.724417159271975 0.292942734862928 255 128 128 255 
-0.153003056196205 -0.721482780891447 0.299469162001943 255 128 128 255 
-0.119263292099995 -0.950711712813085 0.141045771523607 255 128 128 255 
-0.122605201745002 -0.9583909257166 0.122274846488319 255 128 128 255 
-0.130487998495853 -0.944840016133621 0.141407642715836 255 128 128 255 
-0.019999999999976 -0.8754248595088 0.236877756496129 255 128 128 255 
-0.0405554757082623 -0.867828391129075 0.244132877845886 255 128 128 255 
-0.0329662967650185 -0.858311432889827 0.24934786437694 255 128 128 255 
-0.195607011412139 -0.309228908808687 -0.901473274329197 255 128 128 255 
-0.196294135903186 -0.315973769679345 -0.896351943557068 255 128 128 255 
-0.192575945829295 -0.308949680046607 -0.896842757615214 255 128 128 255 
-0.0299258468124602 -0.299413133819449 -0.788558609107349 255 128 128 255 
-0.039268174259799 -0.323695839471727 -0.77458115359853 255 128 128 255 
-0.0626524939465902 -0.319777808091404 -0.775774050127033 255 128 128 255 
-0.147823546703607 -0.963543935166481 0.0445043993270832 255 128 128 255 
-0.125737916859536 -0.973493587776054 0.0410664019792571 255 128 128 255 
-0.151324965695877 -0.962321648346502 0.0236763504467639 255 128 128 255 
-0.211346448984277 -0.132303934696106 -0.890501706317379 255 128 128 255 
-0.208163805796698 -0.139276329688173 -0.891474228192988 255 128 128 255 
-0.136028988341103 -0.247089925439756 -0.847425611865159 255 128 128 255 
-0.143458042279435 -0.233936452828239 -0.858762119285232 255 128 128 255 
-0.153207912786365 -0.258357045108226 -0.86139031953222 255 128 128 255 
-0.0586092392151167 -0.944685887256715 0.180235228804872 255 128 128 255 
-0.06071116578722 -0.952854173060768 0.172710876383181 255 128 128 255 
-0.073954240723551 -0.947654140564146 0.172798650907151 255 128 128 255 
-0.168532446833735 -0.269901130090308 -0.879012804419412 255 128 128 255 
-0.165771012212936 -0.952909621654968 0.000953552302451087 255 128 128 255 
-0.146133390344004 -0.961013949637581 -0.01617763974202 255 128 128 255 
-0.168348705964706 -0.947322040667907 -0.0282409123660061 255 128 128 255 
-0.185897105880548 -0.93960658775491 -0.00976608894008566 255 128 128 255 
-0.128879966790652 -0.638581046404022 0.338882248751628 255 128 128 255 
-0.110730000787141 -0.645203155750511 0.328373543379619 255 128 128 255 
-0.121326331365225 -0.654001711628387 0.337460251828697 255 128 128 255 
-0.176739001617617 -0.269011373168335 -0.893449931414345 255 128 128 255 
-0.193679850190857 -0.771651478609558 0.253429996123487 255 128 128 255 
-0.163995448698631 -0.916391691957581 -0.121241593902344 255 128 128 255 
-0.162322942644458 -0.278240875662838 -0.864612263825016 255 128 128 255 
-0.163942777828479 -0.252113966170015 -0.877718882787104 255 128 128 255 
-0.160019551719675 -0.229722857201385 -0.876828471250523 255 128 128 255 
-0.0262981233590952 -0.948950079664742 -0.126975532430571 255 128 128 255 
-0.0200000000000143 -0.941114437685618 -0.139420853260875 255 128 128 255 
-0.0661307895355903 -0.989118635812876 -0.00663417259821669 255 128 128 255 
-0.0797811994776531 -0.980984293921904 -0.0332338570626367 255 128 128 255 
-0.081519278515833 -0.985390019451662 -0.00968381777434323 255 128 128 255 
-0.0986669161136207 -0.623920325156211 0.3146748846012 255 128 128 255 
-0.0966269081780307 -0.635642298846882 0.316484553794256 255 128 128 255 
-0.080500923033525 -0.988069867803086 0.00873757049447737 255 128 128 255 
-0.099021484136326 -0.980801005836328 -0.00717942925006635 255 128 128 255 
-0.0200000000000064 -0.693752867311328 0.294167336102534 255 128 128 255 
-0.0200000000000007 -0.449877457206496 -0.696828118961636 255 128 128 255 
-0.0199999999999887 -0.440739590841224 -0.703909281378894 255 128 128 255 
-0.0269477349503933 -0.451555701482761 -0.692842481286212 255 128 128 255 
-0.0367754250171884 -0.401307405588343 -0.725844760744582 255 128 128 255 
-0.0199999999999975 -0.421806346468422 -0.717648132989007 255 128 128 255 
-0.0200000000000166 -0.412100635561947 -0.72441209096399 255 128 128 255 
-0.0278154857164154 -0.477182317212609 -0.67084702823412 255 128 128 255 
-0.0380954411426628 -0.46310721201816 -0.679220338006831 255 128 128 255 
-0.0424377203870086 -0.437562966740724 -0.698171257677276 255 128 128 255 
-0.158297551329899 -0.0953023826248904 -0.87041748712915 255 128 128 255 
-0.168467374833949 -0.075462010093914 -0.870862844170951 255 128 128 255 
-0.0871399576298287 -0.988082772501173 0.0384802377150903 255 128 128 255 
-0.0693403004274198 -0.99375438373138 0.0527926041110907 255 128 128 255 
-0.0675758315886744 -0.992537773415406 0.0272664679941279 255 128 128 255 
-0.0200000000000423 -0.473193446022569 -0.677487822696304 255 128 128 255 
-0.0199999999999889 -0.460238298340069 -0.6885182729169 255 128 128 255 
-0.0270547753729089 -0.843160195998025 0.257180106160558 255 128 128 255 
-0.0437475846552226 -0.842478751308824 0.259204477883006 255 128 128 255 
-0.0331797036795364 -0.817662443622106 0.269500830525514 255 128 128 255 
-0.0393400127853993 -0.478460719042711 -0.665659131274269 255 128 128 255 
-0.151437926493448 -0.951249097758512 -0.0512470125395273 255 128 128 255 
-0.150012179694795 -0.944419941941817 -0.0751933191361254 255 128 128 255 
-0.0840076026949415 -0.988072997061688 0.0241776625797417 255 128 128 255 
-0.0538723713127559 -0.470552266433567 -0.668132911159441 255 128 128 255 
-0.0363125834513791 -0.585176518859719 0.283320399155995 255 128 128 255 
-0.179670636720883 -0.154751520165126 -0.883356252901706 255 128 128 255 
-0.16194330773683 -0.145172300373184 -0.874852886154305 255 128 128 255 
-0.141573348947853 -0.128739303716643 -0.868116305661026 255 128 128 255 
-0.071047068611909 -0.137590248285499 -0.856160507524469 255 128 128 255 
-0.101981795352184 -0.113414831190728 -0.864633894175804 255 128 128 255 
-0.128911173172319 -0.0835189348575492 -0.869231501674324 255 128 128 255 
-0.0695627220080896 -0.0981944724970565 -0.865332442842157 255 128 128 255 
-0.138216232077946 -0.205922577178392 -0.861353653110608 255 128 128 255 
-0.111795819822296 -0.164965774417985 -0.856945392977419 255 128 128 255 
-0.221005406520817 -0.694302291170157 0.273315478791858 255 128 128 255 
-0.221447350250993 -0.68264876426143 0.279900177300112 255 128 128 255 
-0.213495404334222 -0.691652502920356 0.279413992554151 255 128 128 255 
-0.229999999999975 -0.382427485034186 -0.809493421710221 255 128 128 255 
-0.229999999999988 -0.386135468754086 -0.798775958714882 255 128 128 255 
-0.071353569559177 -0.346923153945599 -0.758056129681332 255 128 128 255 
-0.0555666905017617 -0.359445240910831 -0.750714263300551 255 128 128 255 
-0.192802176512417 -0.906669632079345 0.140667952531229 255 128 128 255 
-0.192585322949079 -0.913242860185299 0.128963323381602 255 128 128 255 
-0.211477457111284 -0.287598512816551 -0.921320589964291 255 128 128 255 
-0.160188773970948 -0.382760198865006 -0.748018598669456 255 128 128 255 
-0.172804874936641 -0.366157564229172 -0.782236011611967 255 128 128 255 
-0.028957580811328 -0.346032664099874 -0.763478391642027 255 128 128 255 
-0.0395944613968044 -0.368140613991897 -0.747688884142283 255 128 128 255 
-0.0246937166403052 -0.36476341982848 -0.753007208882676 255 128 128 255 
-0.0663758413849376 -0.447139151332052 -0.684518942972218 255 128 128 255 
-0.131801972123789 -0.888184854282092 -0.189669173887278 255 128 128 255 
-0.153639689063122 -0.890343818187829 -0.172775899111014 255 128 128 255 
-0.140576897200143 -0.911938943792682 -0.150430562896226 255 128 128 255 
-0.02 -0.0557293232837788 0.14644151033757 255 128 128 255 
-0.02 -0.111662749744513 0.141097506573738 255 128 128 255 
-0.0378764442182222 -0.0501880672340927 0.146516446603261 255 128 128 255 
-0.0376629237608712 -0.153024740523948 -0.847351685297878 255 128 128 255 
-0.0577185977762627 -0.978701889993922 -0.0552424864326517 255 128 128 255 
-0.0625574530566985 -0.980388463319604 -0.0477344809720215 255 128 128 255 
-0.0501263371220533 -0.981912464314702 -0.047489687904331 255 128 128 255 
-0.0491140851091401 -0.134995980278555 -0.854132903061442 255 128 128 255 
-0.0425664746523594 -0.142978735674014 -0.851003223926524 255 128 128 255 
-0.0348000793649458 2.11758236813575E-22 0.152850833977158 255 128 128 255 
-0.0298177458628323 0 0.153061162756121 255 128 128 255 
-0.019999999999977 -0.140233948026246 -0.849432096805757 255 128 128 255 
-0.02 -0.107795255233762 -0.859117691299945 255 128 128 255 
-0.0321810029403098 -0.129487351126573 -0.854063912651469 255 128 128 255 
-0.02 -0.0750689298342873 -0.86782466992256 255 128 128 255 
-0.0199999999999878 -0.169335383859979 -0.839850441976476 255 128 128 255 
-0.0568567551864552 -0.242193469076428 -0.817140461929841 255 128 128 255 
-0.109415951101574 1.6940658945086E-21 -0.878460565840615 255 128 128 255 
-0.125581570199826 0 -0.876863298886253 255 128 128 255 
-0.129933821812011 -0.0313831606044325 -0.873475182196245 255 128 128 255 
-0.141886420345561 0 -0.875113711501929 255 128 128 255 
-0.0200000000000034 -0.899004993608117 0.220154683994662 255 128 128 255 
-0.0357928428489179 -0.905119966386313 0.216698634145308 255 128 128 255 
-0.0322825007961753 -0.898323386471657 0.221997639494883 255 128 128 255 
-0.0845654073985481 -0.919686022045338 0.199372044089306 255 128 128 255 
-0.0694139493959568 -0.929941989128556 0.19205759324772 255 128 128 255 
-0.180214352999637 -0.945506793651392 0.00851170389860048 255 128 128 255 
-0.17494431445829 -0.949222623649907 0.0253036067651049 255 128 128 255 
-0.224033251595803 -0.637982414885182 0.378111945350973 255 128 128 255 
-0.230000000000113 -0.636268478585963 0.377939895350768 255 128 128 255 
-0.226985547438832 -0.634432475580485 0.377372930868074 255 128 128 255 
-0.223927711769413 -0.632129024520181 0.376511603740051 255 128 128 255 
-0.175300852879986 -0.642972156566106 0.366125990644512 255 128 128 255 
-0.166846878630028 -0.649330782823668 0.363460497478712 255 128 128 255 
-0.172889016749266 -0.652319877254377 0.36661492476104 255 128 128 255 
-0.140084684050226 -0.713796395973383 0.317485585153457 255 128 128 255 
-0.229999999999918 -0.594302103868274 0.350232155168847 255 128 128 255 
-0.218843424565489 -0.587311676961993 0.343863309473797 255 128 128 255 
-0.219868212375749 -0.595362601306652 0.351569944316724 255 128 128 255 
-0.222578706379984 -0.602684436871485 0.357911764296997 255 128 128 255 
-0.121354075688967 -0.273370865372226 -0.823829734644438 255 128 128 255 
-0.136245948368478 -0.291194212251765 -0.824857644617898 255 128 128 255 
-0.11895837130205 -0.285949743988272 -0.815241564686559 255 128 128 255 
-0.11988491557187 -0.304621844759815 -0.80399342324364 255 128 128 255 
-0.22579326439907 -0.327804547920381 -0.920589739368156 255 128 128 255 
-0.0543165984277791 -0.534716881459542 -0.604701943704008 255 128 128 255 
-0.0255904883441674 2.46519032881566E-32 -0.882413126807211 255 128 128 255 
-0.02 -0.0376783479534363 -0.875830342380493 255 128 128 255 
-0.02 0 -0.882318436907444 255 128 128 255 
-0.0365980508747154 -0.0225119585661171 -0.878856847399976 255 128 128 255 
-0.140222617248645 -0.279295128914126 0.128612924137298 255 128 128 255 
-0.0200000000000056 -0.990609082979084 0.135686651300031 255 128 128 255 
-0.0200000000000121 -0.992469037391122 0.131569089790252 255 128 128 255 
-0.0221900697807057 -0.992525010866531 0.132237110059226 255 128 128 255 
-0.0261853076933463 -0.992373402179922 0.133325051514612 255 128 128 255 
-0.224610004817113 -0.664222287584437 0.331892860318151 255 128 128 255 
-0.230000000000057 -0.664864465075834 0.332098081128386 255 128 128 255 
-0.226777164430698 -0.664834425032681 0.335038059412033 255 128 128 255 
-0.0200000000000248 -0.651387255249313 0.29510934465613 255 128 128 255 
-0.0281992997198746 -0.651784724693941 0.293580046076963 255 128 128 255 
-0.020000000000001 -0.642666922058384 0.294580583440681 255 128 128 255 
-0.196015209125878 -0.305525188388636 -0.905163308059789 255 128 128 255 
-0.0380066622846374 0 -0.882621350889748 255 128 128 255 
-0.0462242499945702 1.6940658945086E-21 -0.882659219329902 255 128 128 255 
-0.0200000000000094 -0.974724619362138 0.158590238715223 255 128 128 255 
-0.0219159177454753 -0.969615089045477 0.163318487163603 255 128 128 255 
-0.0199999999999936 -0.970583920315278 0.162256251623537 255 128 128 255 
-0.0199999999999911 -0.965556176916172 0.16627162753608 255 128 128 255 
-0.0523772679843137 -0.995942094285965 0.113615481746453 255 128 128 255 
-0.0570704008769082 -0.993559889078734 0.118786691533979 255 128 128 255 
-0.0602369054691482 -0.993360136629498 0.115524941693767 255 128 128 255 
-0.0609910178170058 -0.994273496249524 0.109485837530981 255 128 128 255 
-0.0653121648926082 -0.992219512896875 0.112577015033067 255 128 128 255 
-0.0695027231623412 -0.992371033502112 0.100646116696571 255 128 128 255 
-0.0711249224045263 -0.989521316880339 0.115004034549026 255 128 128 255 
-0.178915052969352 -0.672811514268029 0.364929948626767 255 128 128 255 
-0.21782836616282 -0.664420608450523 0.305273901410241 255 128 128 255 
-0.0249075236301132 0 0.153213628395793 255 128 128 255 
-0.02 0 0.15342790069869 255 128 128 255 
-0.216585814513157 -0.630573467319128 0.375038645360033 255 128 128 255 
-0.226297075329003 -0.670143354938504 0.288192222636303 255 128 128 255 
-0.0200000000000124 -0.966503869885976 -0.0916887756211706 255 128 128 255 
-0.0200000000000025 -0.962487483406706 -0.0999927407936726 255 128 128 255 
-0.0275098901296443 -0.959849926184423 -0.105765359938385 255 128 128 255 
-0.182560060947244 -0.677479085085027 0.361480682806968 255 128 128 255 
-0.179994561136363 -0.679454608081084 0.359342264659469 255 128 128 255 
-0.182640442964452 -0.679243477709238 0.359561799939722 255 128 128 255 
-0.0235732955847884 -0.978685824728917 0.155009587291106 255 128 128 255 
-0.186715360007404 -0.689009608106644 0.300204929884152 255 128 128 255 
-0.183190148321897 -0.690149687580182 0.302456457913046 255 128 128 255 
-0.0476402099386822 -0.999099820259599 0.0886848437503847 255 128 128 255 
-0.0449261191485689 -0.999383265391536 0.0924563304802766 255 128 128 255 
-0.222623908024213 -0.146862492375816 -0.905371649038705 255 128 128 255 
-0.230000000000047 -0.148190294073193 -0.910102791710691 255 128 128 255 
-0.224539080949119 -0.151124986295371 -0.909034420449903 255 128 128 255 
-0.22999999999984 -0.153068564879543 -0.912738644169287 255 128 128 255 
-0.22579627094041 -0.139610252373501 -0.903038534732483 255 128 128 255 
-0.216591821431522 -0.140918932265203 -0.897942101106598 255 128 128 255 
-0.101392152413313 -0.80790529651243 0.272192576123253 255 128 128 255 
-0.227255702240565 -0.664015204132105 0.329043193971108 255 128 128 255 
-0.229999999999984 -0.66427479539484 0.32700973654124 255 128 128 255 
-0.0483325953699935 4.2351647362715E-22 0.152279928381751 255 128 128 255 
-0.0729776190521145 -0.00431759860520561 0.150224596475686 255 128 128 255 
-0.0588681461054886 0 0.151755034636051 255 128 128 255 
-0.125645315921052 -0.764474249256896 0.287711015328457 255 128 128 255 
-0.109014841368011 -0.773018460539476 0.287608835651901 255 128 128 255 
-0.226329155433428 -0.329228734306189 -0.920142605296583 255 128 128 255 
-0.222980381272589 -0.664972286393102 0.300052925576973 255 128 128 255 
-0.22536895477485 -0.66433381140719 0.302171169451225 255 128 128 255 
-0.222729766473881 -0.664332333429022 0.30228550586035 255 128 128 255 
-0.223955675901895 -0.156766865730731 -0.911557613504699 255 128 128 255 
-0.217173540591019 -0.154230077739004 -0.905616684294594 255 128 128 255 
-0.223709703319637 -0.153809199935689 -0.909993409271503 255 128 128 255 
-0.224490077214039 -0.66311836777776 0.322528578645095 255 128 128 255 
-0.224449441802712 -0.662675464258463 0.31765266796461 255 128 128 255 
-0.227257097351671 -0.663118460332975 0.320230466012409 255 128 128 255 
-0.220067864963709 -0.664571459540866 0.302846365830848 255 128 128 255 
-0.222481867583384 -0.663838573613887 0.304230409221929 255 128 128 255 
-0.221740355624638 -0.320582886380208 -0.920402117853395 255 128 128 255 
-0.224378935004586 -0.663670135245509 0.327142203901315 255 128 128 255 
-0.227272624657774 -0.663449254198599 0.32465607201293 255 128 128 255 
-0.157492636634905 -0.618949545108356 0.347190962592213 255 128 128 255 
-0.227784261338993 -0.321211373945227 -0.921318675605458 255 128 128 255 
-0.23 -0.323173602096438 -0.921318712077041 255 128 128 255 
-0.227423761929386 -0.323567915355566 -0.92131763790744 255 128 128 255 
-0.212969231643979 -0.667206833326288 0.302880996967486 255 128 128 255 
-0.213791582794087 -0.668131581565024 0.299695341937028 255 128 128 255 
-0.0882787080786242 0 0.149379477510413 255 128 128 255 
-0.0693939057767775 0 0.15103361682326 255 128 128 255 
-0.107014343378579 0 0.146642998610377 255 128 128 255 
-0.13549577935312 0 0.140400150523925 255 128 128 255 
-0.158150681412099 0 -0.87293888910155 255 128 128 255 
-0.10350666079574 -0.976300670026072 -0.0274171498458899 255 128 128 255 
-0.112072556978272 -0.967962831637111 -0.0493396512610197 255 128 128 255 
-0.23 -0.0161188289641154 -0.860074707571623 255 128 128 255 
-0.0890668016970895 -0.356314611051777 -0.752889265923118 255 128 128 255 
-0.0869180126234913 -0.347217503046426 -0.759076438447202 255 128 128 255 
-0.21075658050081 -0.669928791169825 0.299723629876967 255 128 128 255 
-0.212611160408932 -0.671006142018336 0.296238847297578 255 128 128 255 
-0.206852744396119 -0.671427597946344 0.30159962251378 255 128 128 255 
-0.207966845983958 -0.672054850663551 0.299250188258016 255 128 128 255 
-0.113430496685089 -0.706105533653481 0.325133887259077 255 128 128 255 
-0.112690915437725 -0.70877150927129 0.323503288903979 255 128 128 255 
-0.230000000000077 -0.663928815715209 0.306593486102848 255 128 128 255 
-0.229999999999955 -0.663338229003915 0.311480307078883 255 128 128 255 
-0.226876823940188 -0.663052050384308 0.309216620816396 255 128 128 255 
-0.138003862086141 -0.878867830221131 0.217618038138636 255 128 128 255 
-0.139771362720665 -0.834825348087711 0.246361383742039 255 128 128 255 
-0.125347668045503 -0.872558710744514 0.227789189151583 255 128 128 255 
-0.105469010901063 -0.878550300300354 0.230231291911764 255 128 128 255 
-0.131713141784307 -0.954332627316331 -0.0703287631766482 255 128 128 255 
-0.132420757059267 -0.959776166915659 -0.0521317578969713 255 128 128 255 
-0.133139950413462 -0.963047575304498 -0.0377989323995274 255 128 128 255 
-0.121863719400498 -0.971220585669484 -0.0192619365563159 255 128 128 255 
-0.0617773978719002 -0.955374607276678 -0.112244753590699 255 128 128 255 
-0.0795349498088634 -0.948513507027856 -0.120505700047352 255 128 128 255 
-0.0769671057796229 -0.956922908424038 -0.104714853051402 255 128 128 255 
-0.0662256685351824 -0.963841973339062 -0.0925637702177083 255 128 128 255 
-0.206898014911203 -0.590481817163344 0.345698119115563 255 128 128 255 
-0.20356623422893 -0.584365825319814 0.339195512453268 255 128 128 255 
-0.166974431627445 -0.6068361912709 0.344068917876546 255 128 128 255 
-0.149174538572705 -0.605849827894068 0.334930603739302 255 128 128 255 
-0.151311618704404 -0.61544794665633 0.342083015575324 255 128 128 255 
-0.156938462008965 -0.593850317405074 0.330079956023903 255 128 128 255 
-0.197547960892559 -0.592937548970236 0.345374932175847 255 128 128 255 
-0.0410949160586678 -0.67230654019392 0.292889439989342 255 128 128 255 
-0.0428370378432919 -0.677240848901428 0.292897833975418 255 128 128 255 
-0.136119695127424 -0.596799646465712 0.322378121338157 255 128 128 255 
-0.135658707065333 -0.616427052120004 0.334090673404635 255 128 128 255 
-0.0344306163656396 -0.665736905235126 0.293092471591405 255 128 128 255 
-0.209242871911333 -0.1474004335515 -0.895698951010933 255 128 128 255 
-0.204827257134728 -0.14161613604285 -0.89037722457207 255 128 128 255 
-0.205183202604342 -0.159396965017743 -0.898379453954783 255 128 128 255 
-0.194754739194176 -0.170095347426223 -0.895396735913352 255 128 128 255 
-0.157584973865599 -0.885251547633896 0.200921869577559 255 128 128 255 
-0.163920652967473 -0.8620863989887 0.216618692870968 255 128 128 255 
-0.150395347561103 -0.86612442358762 0.221283392696849 255 128 128 255 
-0.0728876016450173 -0.763408904691986 0.290949796272749 255 128 128 255 
-0.0836511889835115 -0.765464493493042 0.292279557615108 255 128 128 255 
-0.181319739956594 -0.837720741807278 0.222838262494272 255 128 128 255 
-0.168502516702734 -0.848458453939382 0.223660522508737 255 128 128 255 
-0.219773299946373 -0.642547757324899 0.378669440443604 255 128 128 255 
-0.213942595732068 -0.664555773664682 0.312236172997809 255 128 128 255 
-0.21889025564577 -0.663059315917359 0.312434039182765 255 128 128 255 
-0.215822281735054 -0.663716975650149 0.315265587466207 255 128 128 255 
-0.0993068476015287 -0.935960189571857 -0.135052243064588 255 128 128 255 
-0.0889301181024203 -0.927497515248213 -0.153555873129266 255 128 128 255 
-0.107250121800441 -0.916527865655647 -0.163279458642742 255 128 128 255 
-0.121936171694273 -0.740073816094392 0.301797986337095 255 128 128 255 
-0.0282712497717734 -0.994324430190758 0.128777467049634 255 128 128 255 
-0.122365925887954 -0.697991073368343 0.332896560315867 255 128 128 255 
-0.116718137961801 -0.696790569968878 0.330840562992509 255 128 128 255 
-0.120194516572169 -0.700541586693443 0.330751994278191 255 128 128 255 
-0.109898389837851 -0.699848985804778 0.326218248827812 255 128 128 255 
-0.117218223071583 -0.70329983323417 0.328087257195882 255 128 128 255 
-0.0317985577288865 -2.64697796016969E-23 -0.882518277096715 255 128 128 255 
-0.202131546942301 -0.675118846964086 0.35421854074514 255 128 128 255 
-0.204898833747693 -0.674019873408132 0.35663166356354 255 128 128 255 
-0.210129772269576 -0.283624477478044 -0.921320760266682 255 128 128 255 
-0.208239486451321 -0.282231445589925 -0.921320775672323 255 128 128 255 
-0.21144008305898 -0.273080088095008 -0.921327664483845 255 128 128 255 
-0.215705823492888 -0.280401575309106 -0.92132374191853 255 128 128 255 
-0.222278533646861 -0.274344744520478 -0.921326954356734 255 128 128 255 
-0.221779474500237 -0.285800816145475 -0.921324211351327 255 128 128 255 
-0.167305430637631 -0.451097901332565 -0.65980650269204 255 128 128 255 
-0.0947575750852936 -0.705320478023671 0.315713312042919 255 128 128 255 
-0.104036420144863 -0.710645112431526 0.319096624567864 255 128 128 255 
-0.102739794713691 -0.704168028589848 0.320753267975603 255 128 128 255 
-0.108433272048756 -0.706066682687769 0.323036750818706 255 128 128 255 
-0.105593559548593 -0.701772549743991 0.323172647525336 255 128 128 255 
-0.0990836799150569 -0.723413218716118 0.311883941839378 255 128 128 255 
-0.104323539817534 -0.718807492617297 0.3155289161149 255 128 128 255 
-0.0980841327777823 -0.714178895811466 0.314952961484902 255 128 128 255 
-0.097791240160307 -0.718414164696392 0.313233995633687 255 128 128 255 
-0.100638330940054 -0.728320590346213 0.310098272706757 255 128 128 255 
-0.122016111310797 -0.685278893744609 0.337252663572063 255 128 128 255 
-0.115304953536589 -0.689361205788207 0.332369541596057 255 128 128 255 
-0.1504106683769 -0.67229381063094 0.355295887545665 255 128 128 255 
-0.15206116684343 -0.675907852092466 0.355084595923668 255 128 128 255 
-0.159291630807575 -0.68000138630172 0.355786162491901 255 128 128 255 
-0.154051789070429 -0.678603747503737 0.354789424071111 255 128 128 255 
-0.118786954766571 -0.604577249018707 0.318556116805865 255 128 128 255 
-0.112634330273483 -0.621543772342633 0.32254063779865 255 128 128 255 
-0.125459052595768 -0.609766979852738 0.324994224028076 255 128 128 255 
-0.102361176178926 -0.60314013286655 0.308631569147451 255 128 128 255 
-0.118998316461372 -0.591615975862963 0.311161063619519 255 128 128 255 
-0.130261505666863 -0.579646452275078 0.308321668075534 255 128 128 255 
-0.133164385436373 -0.560954098793075 0.296343013949797 255 128 128 255 
-0.157747407121962 -0.539309251695553 0.28707397740961 255 128 128 255 
-0.148076894689065 -0.676686980587994 0.353124685079704 255 128 128 255 
-0.142183182453596 -0.679524955347411 0.349504407954166 255 128 128 255 
-0.147930019579127 -0.681801024232877 0.351051194865985 255 128 128 255 
-0.141603159315221 -0.684954891389612 0.347204155278961 255 128 128 255 
-0.14746508241164 -0.687273615508467 0.347943046714805 255 128 128 255 
-0.144769471757453 -0.683394539855 0.349120841806234 255 128 128 255 
-0.23000000000009 -0.663384581169431 0.316703420088157 255 128 128 255 
-0.226787158483916 -0.662775342286299 0.313985976201377 255 128 128 255 
-0.186233716364041 -0.671759921198427 0.36666797632481 255 128 128 255 
-0.22237000682014 -0.662871565552981 0.309987542863308 255 128 128 255 
-0.229999999999887 -0.158216677872839 -0.914957319260327 255 128 128 255 
-0.0275713124005694 -0.998579403515766 0.109387302907375 255 128 128 255 
-0.0380378095943883 -0.997840551465453 0.11452458250788 255 128 128 255 
-0.0310793221993406 -0.997123640685521 0.118586431842934 255 128 128 255 
-0.0255683397899968 -0.997469573740676 0.115708529921279 255 128 128 255 
-0.0275805749658247 -0.996650462782748 0.120237630525983 255 128 128 255 
-0.202377939392806 -0.673414359554649 0.362897473847112 255 128 128 255 
-0.199965823110028 -0.673940468417776 0.362670399765323 255 128 128 255 
-0.15802522880098 -0.70725457654915 0.30887855780938 255 128 128 255 
-0.157335576366725 -0.710410025366383 0.305415340674706 255 128 128 255 
-0.159823985210758 -0.70815041462136 0.305514807034045 255 128 128 255 
-0.0200000000000097 -0.998874119793646 0.101547823836349 255 128 128 255 
-0.0199999999999815 -0.999223087291466 0.0941688430714101 255 128 128 255 
-0.0199999999999891 -0.999378311728393 0.0867857889708066 255 128 128 255 
-0.211853900631223 -0.33599676125359 -0.897276606893659 255 128 128 255 
-0.110912573807751 -0.693225689873435 0.328885336716597 255 128 128 255 
-0.114891847614958 -0.682158102136905 0.333395765387407 255 128 128 255 
-0.111111520169352 -0.675698092959071 0.331360258128974 255 128 128 255 
-0.103024155995735 -0.672410958054927 0.325577356944876 255 128 128 255 
-0.105626865573151 -0.685709329822876 0.326622137133151 255 128 128 255 
-0.0918965236607617 -0.678756424683703 0.317097377024097 255 128 128 255 
-0.095639284637401 -0.658073556483236 0.319360444850352 255 128 128 255 
-0.0770349136174085 -0.984362812907233 0.123463414899739 255 128 128 255 
-0.0893420953398834 -0.979558351579211 0.117902192819221 255 128 128 255 
-0.0838645050672874 -0.979088591817256 0.127398954346127 255 128 128 255 
-0.0903887753096671 -0.974650928015533 0.128479593641829 255 128 128 255 
-0.0939261843925518 -0.968729323728282 0.135439850184021 255 128 128 255 
-0.082884123947603 -0.974927908088304 0.136511724208188 255 128 128 255 
-0.1014344154635 -0.969566441212981 0.124929775690889 255 128 128 255 
-0.08885959363487 -0.964941870669326 0.145844585416833 255 128 128 255 
-0.0720396039298283 -0.975859954820275 0.144031670216845 255 128 128 255 
-0.0801309360762116 -0.970523905222958 0.145543834175031 255 128 128 255 
-0.0935251165855251 -0.950841276681511 0.160164466110465 255 128 128 255 
-0.076303649947336 -0.9641992167111 0.1554593577211 255 128 128 255 
-0.156832902359728 -0.701535512705733 0.326056724994933 255 128 128 255 
-0.154512254352238 -0.699838177499948 0.33360443516074 255 128 128 255 
-0.180833380932908 -0.264054390598142 -0.902048820568303 255 128 128 255 
-0.0648761980135682 -0.987776048482073 0.128795993210153 255 128 128 255 
-0.061668477675825 -0.991308844369198 0.121650492345449 255 128 128 255 
-0.0687046274006476 -0.988526931066205 0.122494972472046 255 128 128 255 
-0.0789761742374376 -0.986530110884461 0.112459701086079 255 128 128 255 
-0.0867653094546313 -0.984425015890887 0.104626175242092 255 128 128 255 
-0.151099816273545 -0.679778508125357 0.353181648988603 255 128 128 255 
-0.151405614075646 -0.677731929561864 0.354165442829927 255 128 128 255 
-0.0588861487230575 -0.990044130045275 0.128364572019361 255 128 128 255 
-0.0660961193796113 -0.990830346441593 0.117746921290639 255 128 128 255 
-0.0705156128316248 -0.985783364987493 0.127847362035446 255 128 128 255 
-0.072990800884697 -0.982132716909225 0.133255439346095 255 128 128 255 
-0.0793298777150084 -0.980404952672989 0.130286336707103 255 128 128 255 
-0.207810026345678 -0.669082137540903 0.30568330719187 255 128 128 255 
-0.209542800148163 -0.666813655063284 0.311047389552471 255 128 128 255 
-0.137242045557131 -0.670807406380634 0.34865845417489 255 128 128 255 
-0.136582213938906 -0.677186812519576 0.34736677493698 255 128 128 255 
-0.22249542348565 -0.664749934170893 0.334667210283112 255 128 128 255 
-0.214584220961026 -0.665254679876865 0.328152938106935 255 128 128 255 
-0.219399722400932 -0.664824261070194 0.332416799820097 255 128 128 255 
-0.0567139762510446 -0.996051915683955 0.104838122364739 255 128 128 255 
-0.143165239965279 -0.673609835571613 0.351483756442425 255 128 128 255 
-0.139793651872357 -0.67532200801719 0.349443581728628 255 128 128 255 
-0.131360563257242 -0.6810045425681 0.343752785771949 255 128 128 255 
-0.199877597444508 -0.67827271148202 0.299312473724033 255 128 128 255 
-0.131623426845549 -0.702256272355046 0.333229690822904 255 128 128 255 
-0.133080125716521 -0.699286315027302 0.335795778283199 255 128 128 255 
-0.135248522169283 -0.692422980112401 0.340860397417657 255 128 128 255 
-0.135218318804027 -0.69716524464699 0.33782067588839 255 128 128 255 
-0.131283538063516 -0.707215094399991 0.329006999894364 255 128 128 255 
-0.20265292728524 -0.23620511919885 -0.921328844221215 255 128 128 255 
-0.212000669160636 -0.666369470674268 0.307014631263205 255 128 128 255 
-0.21260507936075 -0.665448469707433 0.309461683667213 255 128 128 255 
-0.143253320282824 -0.699863409634546 0.336653505749289 255 128 128 255 
-0.190387073317773 -0.691798256044198 0.29491958094097 255 128 128 255 
-0.196261658857301 -0.686976991159128 0.294083295908487 255 128 128 255 
-0.192816372790509 -0.686405079073161 0.297263157033819 255 128 128 255 
-0.209391064862954 -0.671843950560638 0.362961946590961 255 128 128 255 
-0.23 -0.521478291697506 -0.52408490862546 255 128 128 255 
-0.23 -0.561329882937157 -0.467882677005401 255 128 128 255 
-0.178912823034374 -0.583259949896643 -0.487992508507685 255 128 128 255 
-0.140216681810018 -0.549408132544989 -0.553016610647778 255 128 128 255 
-0.179017301763352 -0.627638603681524 -0.437398439551048 255 128 128 255 
-0.132632901800148 -0.639823083538416 -0.453365965949071 255 128 128 255 
-0.185208561959917 -0.544879594914554 -0.531716252741695 255 128 128 255 
-0.23 -0.604948219598058 -0.414421303034205 255 128 128 255 
-0.23 -0.655062846891471 -0.363264696859149 255 128 128 255 
-0.215107997639805 -0.79846143656755 0.223188850058851 255 128 128 255 
-0.201129286190331 -0.788055135173346 0.239688964363764 255 128 128 255 
-0.196193167493215 -0.804669472706894 0.233345567337241 255 128 128 255 
-0.182683184485613 -0.820413361534412 0.232966049694944 255 128 128 255 
-0.200405226624467 -0.815445761796421 0.224048049761657 255 128 128 255 
-0.194107543901151 -0.896330486769615 0.155363436000553 255 128 128 255 
-0.180697840206148 -0.907016499732474 0.154866202873419 255 128 128 255 
-0.187545168050513 -0.593972993604192 0.342517882200225 255 128 128 255 
-0.190216978037401 -0.598567487305503 0.34756335130018 255 128 128 255 
-0.188250725648055 -0.332827214223907 -0.855351684918321 255 128 128 255 
-0.192488845377675 -0.332592130509443 -0.864765495189867 255 128 128 255 
-0.190752249648987 -0.58639187369434 0.337075666789976 255 128 128 255 
-0.196597283694192 -0.578522129868129 0.331870043149491 255 128 128 255 
-0.211292321457994 -0.572584466952168 0.329103876017134 255 128 128 255 
-0.191994697730348 -0.660029553188575 0.373195721393601 255 128 128 255 
-0.201205785359353 -0.884417875244456 0.163097939520868 255 128 128 255 
-0.215612928734818 -0.879737219268629 -0.119099284851148 255 128 128 255 
-0.204844517862969 -0.925627980159917 0.0638147642701106 255 128 128 255 
-0.227137633414023 -0.665198821334299 0.337068602091597 255 128 128 255 
-0.167750896824593 -0.780833982176344 0.26296361107858 255 128 128 255 
-0.195923391349201 -0.573239230134667 0.326782367606003 255 128 128 255 
-0.184072924279893 -0.216094566284964 -0.902650407048039 255 128 128 255 
-0.18599159678246 -0.201147652046939 -0.899674662349033 255 128 128 255 
-0.170923785540309 -0.322698861213971 -0.839756758908221 255 128 128 255 
-0.192694794158247 -0.344221251386842 -0.843097428499362 255 128 128 255 
-0.211058016145316 -0.121789140435679 -0.886573093221796 255 128 128 255 
-0.215536011374432 -0.913914520388411 0.0772607264604345 255 128 128 255 
-0.194771346425883 -0.826677031599026 0.220977566411717 255 128 128 255 
-0.196451426188184 -0.832885697927246 0.215547469340163 255 128 128 255 
-0.200651696273503 -0.343110860518726 -0.860929380720973 255 128 128 255 
-0.210858522161324 -0.686750257512161 0.283976306023948 255 128 128 255 
-0.126225834223073 -0.709779096846741 0.326342699021831 255 128 128 255 
-0.125547630844508 -0.712525313161498 0.323907969081167 255 128 128 255 
-0.221894967616392 -0.126562619290769 -0.893818468438798 255 128 128 255 
-0.155028600777902 -0.172148600214152 -0.873892859210043 255 128 128 255 
-0.158772374211893 -0.201324092731003 -0.87654975070403 255 128 128 255 
-0.216903173580508 -0.111069318086571 -0.885156361035151 255 128 128 255 
-0.177386575507196 -0.656231737557376 0.368717024430956 255 128 128 255 
-0.180975289491805 -0.654873050695157 0.370018898732042 255 128 128 255 
-0.0298824028588228 -0.979937255747974 0.153987430203396 255 128 128 255 
-0.218833825056457 -0.764084545937588 0.241103685789734 255 128 128 255 
-0.210990598645633 -0.167689807283765 -0.907358726287116 255 128 128 255 
-0.213522714954404 -0.175267971304487 -0.912668333045382 255 128 128 255 
-0.207459830902838 -0.178459410780969 -0.909459328896487 255 128 128 255 
-0.219924321576997 -0.164994930684036 -0.912638421611202 255 128 128 255 
-0.220616187315482 -0.175700941272829 -0.917228980519759 255 128 128 255 
-0.219172198247586 -0.0713695296917048 -0.874697215704959 255 128 128 255 
-0.219234378935065 -0.0901559284271811 -0.879661390855561 255 128 128 255 
-0.212402889254913 -0.079153660340435 -0.876076693983982 255 128 128 255 
-0.229999999999916 -0.05833437805708 -0.870463476494777 255 128 128 255 
-0.218145573479483 -0.0631955025298615 -0.872810851997203 255 128 128 255 
-0.218020397904205 -0.0557599480058109 -0.871111276749975 255 128 128 255 
-0.0976837794757657 -0.843322199736217 -0.258307654834354 255 128 128 255 
-0.198363662722351 -0.829968782602565 -0.211421978325803 255 128 128 255 
-0.188756056066586 -0.823313481141833 -0.228529686274776 255 128 128 255 
-0.115522039843643 -0.81578563786189 -0.281322447933738 255 128 128 255 
-0.132363690947461 -0.835289610924227 -0.253325623072598 255 128 128 255 
-0.23 -0.825872014921264 -0.178467919461748 255 128 128 255 
-0.191616905971065 -0.853573180301553 -0.188569290742314 255 128 128 255 
-0.179844721754267 -0.184236677815208 -0.890038229058878 255 128 128 255 
-0.173040252207538 -0.207393046440115 -0.889183447922766 255 128 128 255 
-0.200868060635265 -0.861001885658937 -0.168256210925399 255 128 128 255 
-0.230000000000248 -0.0458755135373491 -0.866922054159676 255 128 128 255 
-0.17632324152596 -0.679489172648373 0.359221472999292 255 128 128 255 
-0.177887212763663 -0.67823135187616 0.360510364854598 255 128 128 255 
-0.23 -0.195001573038418 0.0817811310112021 255 128 128 255 
-0.190938845605551 -0.173127715941054 0.103602996977814 255 128 128 255 
-0.214214801739501 -0.216011929674506 0.0912152545703604 255 128 128 255 
-0.182018037402937 -0.576627574365887 0.325620115343918 255 128 128 255 
-0.23 -0.468580712086274 0.206394604095638 255 128 128 255 
-0.212286158018561 -0.449524830273939 -0.655809095120657 255 128 128 255 
-0.23 -0.22564357896919 0.082011298126635 255 128 128 255 
-0.229999999999998 -0.312706188662782 0.100286583884656 255 128 128 255 
-0.0200000000000054 -0.984128402838042 0.147330039551727 255 128 128 255 
-0.0245247178682404 -0.962902550550008 0.168704593033129 255 128 128 255 
-0.0200000000000007 -0.960463173856778 0.17020373021955 255 128 128 255 
-0.0200000000000045 -0.953667312728155 0.175345013148981 255 128 128 255 
-0.0199999999999952 -0.946181470776554 0.181089114118726 255 128 128 255 
-0.0200000000000186 -0.978276666133533 0.154903824828562 255 128 128 255 
-0.0199999999999954 -0.256591180580475 -0.808257860283038 255 128 128 255 
-0.0409970471635024 -0.274348943498467 -0.800479801536231 255 128 128 255 
-0.020000000000007 -0.268721688676953 -0.803305358155695 255 128 128 255 
-0.020000000000024 -0.281137392583975 -0.798082385296846 255 128 128 255 
-0.0200000000000002 -0.293395667098311 -0.792493279414445 255 128 128 255 
-0.0200000000000155 -0.969937324215308 -0.0841842174880542 255 128 128 255 
-0.0387878797201088 -0.994400910888198 0.0101624953027989 255 128 128 255 
-0.0200000000000122 -0.995731362315431 0.0193294862399923 255 128 128 255 
-0.020000000000003 -0.994417068064908 0.0101117569570227 255 128 128 255 
-0.0200000000000022 -0.99314720693367 0.000902511990513974 255 128 128 255 
-0.0338538359117825 -0.997210877827466 0.0311031910949786 255 128 128 255 
-0.0200000000000027 -0.996706918609792 0.0285876662477257 255 128 128 255 
-0.0200000000000029 -0.997386070487286 0.0384656973653646 255 128 128 255 
-0.0247831315680333 -0.98447404364903 -0.0443425844436462 255 128 128 255 
-0.0200000000000001 -0.988256786977258 -0.0271395897493491 255 128 128 255 
-0.0199999999999756 -0.986286931488675 -0.0363825080433442 255 128 128 255 
-0.0200000000000095 -0.973057095301507 -0.076545232950438 255 128 128 255 
-0.0199999999999976 -0.991804235813001 -0.00851562965200593 255 128 128 255 
-0.0199999999999962 -0.990205477123425 -0.0178644041830588 255 128 128 255 
-0.0200000000000259 -0.382879643551999 -0.743765999767001 255 128 128 255 
-0.0200000000000057 -0.373243972074552 -0.749535898828991 255 128 128 255 
-0.0360070003707741 -0.975509639562982 -0.0699598285533318 255 128 128 255 
-0.0200000000000023 -0.975883784274174 -0.0692365824837427 255 128 128 255 
-0.0200000000000105 -0.97875582035844 -0.0616665210827007 255 128 128 255 
-0.020000000000012 -0.783833723328813 0.279033057217051 255 128 128 255 
-0.0199999999999889 -0.795037255056725 0.276053357676265 255 128 128 255 
-0.0397866517068109 -0.785531642441857 0.279015214520659 255 128 128 255 
-0.0200000000000146 -0.957986990549482 -0.109112780362855 255 128 128 255 
-0.0199999999999968 -0.720511760935779 0.291250950214366 255 128 128 255 
-0.0200000000000218 -0.72989225924638 0.289960462325109 255 128 128 255 
-0.0200000000000059 -0.981417825570726 -0.0535467608427319 255 128 128 255 
-0.0200000000000083 -0.983984633379438 -0.0453958280455057 255 128 128 255 
-0.0199999999999688 -0.998388581354399 0.107357920439192 255 128 128 255 
-0.0199999999999977 -0.431422502003947 -0.710759166655097 255 128 128 255 
-0.0400431572935847 -0.935628541340209 0.190255048811138 255 128 128 255 
-0.0199999999999905 -0.938834825223127 0.18701085403129 255 128 128 255 
-0.0199999999999882 -0.929770368278187 0.194495421558044 255 128 128 255 
-0.02 -0.920019651364756 0.202859678554444 255 128 128 255 
-0.0287379678373054 -0.916635513722417 0.206645107395859 255 128 128 255 
-0.0200000000000174 -0.910199581329202 0.211142739518503 255 128 128 255 
-0.0199999999999886 -0.772855780029664 0.281749677311078 255 128 128 255 
-0.022775264255349 -0.998922516824859 0.057813541680065 255 128 128 255 
-0.0200000000000011 -0.998097897484929 0.048341674164359 255 128 128 255 
-0.0292069450901068 -0.602338481418179 0.287894016894754 255 128 128 255 
-0.0399944665087065 -0.602146544199994 0.288230157090636 255 128 128 255 
-0.0199999999999827 -0.660050250603528 0.29528143100963 255 128 128 255 
-0.02 -0.500923904163927 -0.651846394690015 255 128 128 255 
-0.0200000000000185 -0.485840591860863 -0.666095094153253 255 128 128 255 
-0.02 -0.668547486223626 0.295106303445066 255 128 128 255 
-0.141637501708029 -0.9389577013665 -0.0986502225307286 255 128 128 255 
-0.143085865560823 -0.926186138054823 -0.12409905326167 255 128 128 255 
-0.099756152707288 -0.956962888476732 -0.0928921579932609 255 128 128 255 
-0.0363818778845671 -0.981541875031251 -0.0527855596982982 255 128 128 255 
-0.0339064466908246 -0.871922289760751 -0.234979993639804 255 128 128 255 
-0.0200000000000045 -0.890092323076582 -0.211544423447758 255 128 128 255 
-0.0200000000000051 -0.879217088520009 -0.22497352284123 255 128 128 255 
-0.0199999999999827 -0.866199699288837 -0.240893347122697 255 128 128 255 
-0.0200000000000005 -0.999029957605028 0.0685148880279801 255 128 128 255 
-0.0412399306383343 4.2351647362715E-22 0.152601323797042 255 128 128 255 
-0.0200000000000045 -0.685368830774794 0.294699510698911 255 128 128 255 
-0.0200000000000032 -0.677045412542441 0.294958214172406 255 128 128 255 
-0.02 -0.834355771199218 -0.276755191900824 255 128 128 255 
-0.019999999999977 -0.811248644656744 -0.300505847550214 255 128 128 255 
-0.0200000000000044 -0.702440461131846 0.293354872026959 255 128 128 255 
-0.019999999999997 -0.711484304561864 0.292381945396226 255 128 128 255 
-0.0200000000000029 -0.787754507124913 -0.323879695284931 255 128 128 255 
-0.0291830942771328 -0.84772466859383 -0.262448479752714 255 128 128 255 
-0.0200000000000325 -0.85273390064985 -0.256441617685187 255 128 128 255 
-0.02 -0.525702083213687 -0.626631474836367 255 128 128 255 
-0.0200000000000082 -0.918410441213942 -0.173297294511949 255 128 128 255 
-0.0199999999999762 -0.566061764312248 0.277131038871885 255 128 128 255 
-0.02 -0.54522211338611 0.26918612914078 255 128 128 255 
-0.0199999999999883 -0.212354346247871 -0.825203764808807 255 128 128 255 
-0.199062445812514 -0.661481287159221 0.374170457753458 255 128 128 255 
-0.204967607529449 -0.283771474726718 -0.920841074325518 255 128 128 255 
-0.227607301008972 -0.671735316545864 0.285110797663652 255 128 128 255 
-0.227033748782586 -0.670924704029596 0.2865963066803 255 128 128 255 
-0.230000000000262 -0.670421754163071 0.286138961766293 255 128 128 255 
-0.22999999999996 -0.671377765870662 0.284414969590504 255 128 128 255 
-0.195250595296849 -0.664541234311701 0.372354286654721 255 128 128 255 
-0.227011334527601 -0.330962042813099 -0.919302918082242 255 128 128 255 
-0.22999999999993 -0.338595592951433 -0.915438272401755 255 128 128 255 
-0.229999999999908 -0.668905479249945 0.367115892286973 255 128 128 255 
-0.132860237067145 -0.968525260622364 -0.00536702192361735 255 128 128 255 
-0.23 -0.655924575292271 0.378667059933864 255 128 128 255 
-0.228920818759148 -0.655112076621432 0.378908666070229 255 128 128 255 
-0.209653254096019 -0.672774456417272 0.296665431791456 255 128 128 255 
-0.199150013324739 -0.668062521941073 0.370404253592021 255 128 128 255 
-0.185120246020084 -0.676122719023932 0.362778418516019 255 128 128 255 
-0.187069423177091 -0.67607053892275 0.362717405645101 255 128 128 255 
-0.198258739244643 -0.676537395218528 0.354527776807002 255 128 128 255 
-0.0483002563898862 -0.346227994172013 -0.760071452083323 255 128 128 255 
-0.0553661420148363 -0.334004332129621 -0.766908050205408 255 128 128 255 
-0.208080744987527 -0.303111864648258 -0.917029287962529 255 128 128 255 
-0.210706413112266 -0.302636507496687 -0.918998844132278 255 128 128 255 
-0.02 -0.29337337380763 0.147359115588512 255 128 128 255 
-0.0367259942237717 -0.279217991854882 0.14324205400505 255 128 128 255 
-0.225930334828566 -0.668396906370571 0.367753079865953 255 128 128 255 
-0.227245145487185 -0.668031361098135 0.368704246216417 255 128 128 255 
-0.23 -0.906472796625507 0.0217356020035414 255 128 128 255 
-0.23 -0.906250022792109 0.0359243434312253 255 128 128 255 
-0.152438439112848 -0.0667655800078466 -0.870161766880913 255 128 128 255 
-0.23000000000003 -0.138505367281796 -0.904434252425325 255 128 128 255 
-0.229999999999945 -0.143381362646489 -0.907342628189838 255 128 128 255 
-0.230000000000013 -0.133294692334092 -0.90128959297647 255 128 128 255 
-0.207598177894874 -0.31026103635424 -0.913680935704889 255 128 128 255 
-0.229999999999635 -0.659845702314618 0.376719411258136 255 128 128 255 
-0.228131171063897 -0.656684684435372 0.378193929085137 255 128 128 255 
-0.222269481448071 -0.899324440716518 0.103013163467669 255 128 128 255 
-0.23 -0.884227390567556 0.119189469589944 255 128 128 255 
-0.220832979174578 -0.888471953251104 0.129342940215585 255 128 128 255 
-0.23 -0.241380986840629 -0.92132727515654 255 128 128 255 
-0.23 -0.25187690336249 -0.921327018930531 255 128 128 255 
-0.0518906009299063 -0.775123600756259 0.28279364152495 255 128 128 255 
-0.229999999999951 -0.114852173825023 -0.890974905590341 255 128 128 255 
-0.230000000000083 -0.121830960272208 -0.894630262373506 255 128 128 255 
-0.225189915122762 -0.110005863921665 -0.887374272237498 255 128 128 255 
-0.23 -0.0670750794569168 0.0929768132357597 255 128 128 255 
-0.230000000000132 -0.547163630007936 0.298563730694882 255 128 128 255 
-0.230000000000047 -0.538831157964617 0.288486028871293 255 128 128 255 
-0.224856139428925 -0.54667026296871 0.299387962821983 255 128 128 255 
-0.229999999999969 -0.529657643228208 0.277600858016448 255 128 128 255 
-0.230000000000005 -0.55445915383179 0.306991393257612 255 128 128 255 
-0.229999999999976 -0.128043719785952 -0.898214588722731 255 128 128 255 
-0.229999999999866 -0.626811510300378 0.37442924007169 255 128 128 255 
-0.225066180291838 -0.623760288189338 0.372903483141004 255 128 128 255 
-0.230000000000081 -0.700026993468625 0.2650059802987 255 128 128 255 
-0.23 -0.905066510208311 0.0500489070089656 255 128 128 255 
-0.230000000000009 -0.903435404248838 0.0637065218266379 255 128 128 255 
-0.21603860891716 -0.202404315365211 -0.921320712211457 255 128 128 255 
-0.213865716313614 -0.202915577388932 -0.92132086170124 255 128 128 255 
-0.205056996663216 -0.309753733980487 -0.912160992614965 255 128 128 255 
-0.204950943752668 -0.314013878706051 -0.909644053727479 255 128 128 255 
-0.212940454612746 -0.292088670985598 -0.921320395678709 255 128 128 255 
-0.23 -0.895480897245549 -0.0532870676911518 255 128 128 255 
-0.23 -0.90182784280053 -0.0285134276638052 255 128 128 255 
-0.23 -0.886578690139434 -0.077221170420244 255 128 128 255 
-0.105560286376097 -0.958037482638641 0.141473603553676 255 128 128 255 
-0.0459989868947366 -0.976431968979205 0.155832079453171 255 128 128 255 
-0.041210634841166 -0.98099936940062 0.151690032658776 255 128 128 255 
-0.23000000000004 -0.520373164384929 0.266811685240126 255 128 128 255 
-0.230000000000013 -0.130904169746792 0.0858448362342537 255 128 128 255 
-0.23 -0.809664885559277 0.202677776304691 255 128 128 255 
-0.229999999999876 -0.795929426590086 0.212286946563985 255 128 128 255 
-0.22999999999984 -0.782170185997615 0.221335395387272 255 128 128 255 
-0.200904317939639 -0.192361977363388 -0.909680942863233 255 128 128 255 
-0.209037463011362 -0.20842779798729 -0.920529884368671 255 128 128 255 
-0.0614393708062237 -0.701550930556406 0.296007187593997 255 128 128 255 
-0.02 -0.17162711120862 0.138057868576266 255 128 128 255 
-0.0451056866331115 -0.997123861097275 0.114674384957449 255 128 128 255 
-0.0437223847724185 -0.997989399354969 0.109870053094474 255 128 128 255 
-0.193626505900085 -0.369417560496943 -0.796365658325308 255 128 128 255 
-0.0260925477978996 -0.994703366165354 0.1273050704094 255 128 128 255 
-0.188116479993551 -0.606612056445465 0.353210870234762 255 128 128 255 
-0.0586571323569589 -0.986571103061221 0.136101597574387 255 128 128 255 
-0.213860880807518 -0.916552468593935 -0.0245940474983113 255 128 128 255 
-0.188072527567821 -0.940656665973772 0.035916470921651 255 128 128 255 
-0.179124028273948 -0.946123026147355 0.0440766772374077 255 128 128 255 
-0.164634253280423 -0.954596676311488 0.0468926860573106 255 128 128 255 
-0.176545741949341 -0.946894523994015 0.0545177195012857 255 128 128 255 
-0.0484727423402731 -0.110786913939136 -0.860615355118451 255 128 128 255 
-0.196974486507117 -0.840476384501431 0.209614192742057 255 128 128 255 
-0.0663825408237502 -0.982345675095036 0.138437532690036 255 128 128 255 
-0.0664168642057221 -0.985073226955529 0.133634227252265 255 128 128 255 
-0.23 -0.900759849180139 0.0758440255514364 255 128 128 255 
-0.229999999999659 -0.729763900738025 0.251094469721314 255 128 128 255 
-0.222861862086348 -0.717488915056989 0.261178102201391 255 128 128 255 
-0.056831408338114 -0.984331909886739 -0.0363530360673469 255 128 128 255 
-0.0570793350988732 -0.267043798810992 -0.805303349477424 255 128 128 255 
-0.0516489347806679 -0.256818825889528 -0.809547527930518 255 128 128 255 
-0.22999999999997 -0.685133113634097 0.27304382539703 255 128 128 255 
-0.0626745430215983 -0.432629339450168 -0.696808408159076 255 128 128 255 
-0.229999999999997 -0.851589539236335 -0.142618638025319 255 128 128 255 
-0.23 -0.870674746083623 -0.110842413372304 255 128 128 255 
-0.0617058519905261 -0.93844345069268 -0.143017475417668 255 128 128 255 
-0.0493208521483777 -0.940506658346562 -0.141014882056767 255 128 128 255 
-0.193990704364398 -0.697064618112832 0.289150975747528 255 128 128 255 
-0.197410453588576 -0.691255254588992 0.290323818103922 255 128 128 255 
-0.0982456901296679 -0.784648603776168 0.283673224453415 255 128 128 255 
-0.120985221649425 -0.792516511950227 0.275000887237251 255 128 128 255 
-0.141540455518199 -0.717912513777786 0.310216229519028 255 128 128 255 
-0.139520277242575 -0.724223608124448 0.304968877812999 255 128 128 255 
-0.14329923365165 -0.721186134517719 0.305313688644203 255 128 128 255 
-0.229999999999997 -0.40731500376269 -0.741379385569301 255 128 128 255 
-0.229999999999941 -0.412654057969432 -0.728254159276081 255 128 128 255 
-0.22999999999996 -0.398130600216258 -0.76499019419577 255 128 128 255 
-0.229999999999881 -0.402452067370869 -0.753255654758522 255 128 128 255 
-0.23000000000042 -0.419987366728886 -0.710724354695449 255 128 128 255 
-0.229999999999576 -0.431446946308797 -0.685874724789471 255 128 128 255 
-0.147539288952117 -0.718848132982875 0.30457665305854 255 128 128 255 
-0.222178060060639 -0.662599042365627 0.314460399148471 255 128 128 255 
-0.221999982760844 -0.662617628429097 0.312193863019061 255 128 128 255 
-0.17768173843418 -0.591984753339318 0.337013840788351 255 128 128 255 
-0.167197162963558 -0.594744156540318 0.33515687383976 255 128 128 255 
-0.132912774287878 -0.459632850659144 0.221129045369577 255 128 128 255 
-0.203428767327153 -0.696156656838513 0.28348675525941 255 128 128 255 
-0.216649142129634 -0.290636565758482 -0.921320589139907 255 128 128 255 
-0.21567155297419 -0.285589814819521 -0.921320630077441 255 128 128 255 
-0.0679833449055496 -0.974086293859318 -0.0659264190983631 255 128 128 255 
-0.0500049561585035 -0.977992719531232 -0.0600727393966611 255 128 128 255 
-0.0515250118486594 -0.974702071326795 -0.0689150493243929 255 128 128 255 
-0.184118922283001 -0.684935083069492 0.310981302896784 255 128 128 255 
-0.188590605645303 -0.682929356625044 0.306753386923383 255 128 128 255 
-0.0817806776532058 -0.749391874279402 0.297554821122511 255 128 128 255 
-0.0821278331286995 -0.740393925709621 0.300337825405595 255 128 128 255 
-0.0669909418324815 -0.750264687089393 0.291946552550936 255 128 128 255 
-0.0746098788143434 -0.740741730667235 0.297178841140444 255 128 128 255 
-0.0529126592399877 -0.68737909320949 0.293994175505687 255 128 128 255 
-0.230000000000005 -0.768669915116948 0.2297280367851 255 128 128 255 
-0.229999999999989 -0.561739545201537 0.315432108054771 255 128 128 255 
-0.0546341746818069 -0.850168274202892 0.255263723038517 255 128 128 255 
-0.055715419821078 -0.855981465361084 0.251924030269705 255 128 128 255 
-0.0299590769631001 -0.893018040166064 0.225749915043252 255 128 128 255 
-0.0599750341334696 -0.546062237652092 0.268826459888532 255 128 128 255 
-0.214086077689421 -0.663527105964383 0.373658413728132 255 128 128 255 
-0.154108900403257 -0.68383572222819 0.35199660515007 255 128 128 255 
-0.218158235971461 -0.667761082167801 0.345271943464635 255 128 128 255 
-0.221892103312935 -0.663387812627644 0.32463225753973 255 128 128 255 
-0.218584760950684 -0.663624316398223 0.32316384585799 255 128 128 255 
-0.22163625175378 -0.663169383282955 0.322793975715686 255 128 128 255 
-0.200425917548325 -0.675685312718511 0.352076973711662 255 128 128 255 
-0.229999999999732 -0.664642287784876 0.301721836482689 255 128 128 255 
-0.220227310936996 -0.665865731150906 0.299118539074691 255 128 128 255 
-0.154476085743159 -0.689611458142071 0.347657396600903 255 128 128 255 
-0.21654366234301 -0.664759317211488 0.372638531420218 255 128 128 255 
-0.218000237997367 -0.666787861896079 0.370578832077748 255 128 128 255 
-0.220775273691417 -0.66914811026556 0.365794221549627 255 128 128 255 
-0.163088035744057 -0.697679028650024 0.326963510833138 255 128 128 255 
-0.219793874186535 -0.668183495184173 0.368344842075945 255 128 128 255 
-0.223441346874699 -0.668286642870118 0.367763500242336 255 128 128 255 
-0.221480213799046 -0.668309223577289 0.367910909498689 255 128 128 255 
-0.146584718932055 -0.692568700796569 0.343983855875439 255 128 128 255 
-0.147238379456805 -0.695526983342124 0.34134042563628 255 128 128 255 
-0.224570439119939 -0.188496772572655 -0.921317324307025 255 128 128 255 
-0.223359783978639 -0.185511755341968 -0.921316255125586 255 128 128 255 
-0.146311813778566 -0.711266465077656 0.315946032502343 255 128 128 255 
-0.15455177366471 -0.705854344522138 0.316844534577772 255 128 128 255 
-0.148280360555987 -0.708283143679586 0.320087297164943 255 128 128 255 
-0.0378950412003215 -0.974629767139728 0.159040764176145 255 128 128 255 
-0.207029632487801 -0.667611586570417 0.317582264529797 255 128 128 255 
-0.210803097588555 -0.294563637599594 -0.921319365689311 255 128 128 255 
-0.229999999999999 -0.19001627883118 -0.921319172808159 255 128 128 255 
-0.2225199922904 -0.18745830526557 -0.921315502250756 255 128 128 255 
-0.218046907588308 -0.187430220285779 -0.919766082857822 255 128 128 255 
-0.22067247879844 -0.18620327040524 -0.920748273005266 255 128 128 255 
-0.219390877607177 -0.188454493695728 -0.9208078997019 255 128 128 255 
-0.222754142390714 -0.306521686190092 -0.921319930831148 255 128 128 255 
-0.23 -0.312997239537849 -0.921319811074314 255 128 128 255 
-0.230000000000001 -0.20408826574156 -0.92132234183046 255 128 128 255 
-0.222501561100355 -0.208831431465401 -0.921321430222095 255 128 128 255 
-0.222786357567348 -0.202265486177499 -0.921321398207992 255 128 128 255 
-0.211015858948238 -0.205036797914821 -0.920877259909213 255 128 128 255 
-0.212879051267708 -0.204141679866868 -0.921321070870193 255 128 128 255 
-0.230000000000146 -0.497940035924483 0.240488048449648 255 128 128 255 
-0.230000000000244 -0.483489352916674 0.223232121004516 255 128 128 255 
-0.0897423373443018 -0.735278511570606 0.304384933361044 255 128 128 255 
-0.0867611114919271 -0.731095616106889 0.304643981989364 255 128 128 255 
-0.0518482637745507 -0.957972022198857 -0.108827238677761 255 128 128 255 
-0.0500167274827829 -0.954811936368894 -0.115400657401123 255 128 128 255 
-0.16286653272941 -0.681863314659888 0.355384945332475 255 128 128 255 
-0.206789049107603 -0.673201943335908 0.353430059923996 255 128 128 255 
-0.210652437865525 -0.671876705335361 0.354278647778574 255 128 128 255 
-0.208578132882279 -0.672735813495461 0.356014280073215 255 128 128 255 
-0.197713959432057 -0.669104280835988 0.369430484033332 255 128 128 255 
-0.0199999999999872 -0.887367280057665 0.228730103483916 255 128 128 255 
-0.23 -0.755054004499334 0.237932009145959 255 128 128 255 
-0.23 -0.741601634599306 0.245262253117676 255 128 128 255 
-0.0493194054624134 -0.99525463767152 0.02529174725725 255 128 128 255 
-0.0542606465329344 -0.993897770493081 0.0167011546293956 255 128 128 255 
-0.0524911806437207 -0.993406304218087 0.0102783364063584 255 128 128 255 
-0.0540079993528719 -0.992415662173725 0.0038927114470854 255 128 128 255 
-0.0625770800706202 -0.991916867591311 0.0100333674454841 255 128 128 255 
-0.0578840304778038 -0.0720768243259931 -0.870131774417285 255 128 128 255 
-0.230000000000027 -0.389747302360705 -0.788025000786723 255 128 128 255 
-0.049529720765455 -0.99148573932277 -0.00474071251917882 255 128 128 255 
-0.0795694483760898 -0.665734407115478 0.307997430566977 255 128 128 255 
-0.0575795154577138 -0.912772313459545 0.210072078595994 255 128 128 255 
-0.0545947898954058 -0.90547418231792 0.216515964372331 255 128 128 255 
-0.0455179283064108 -0.914792059366764 0.20878123644622 255 128 128 255 
-0.0997635354528869 -0.617411139637799 0.313192206494031 255 128 128 255 
-0.019999999999999 -0.190889065998594 -0.832652024414212 255 128 128 255 
-0.055698628305728 -0.597500646983573 0.289431922548438 255 128 128 255 
-0.0731808843211024 -0.909254680406778 0.211717056565671 255 128 128 255 
-0.0657711225976449 -0.672032035913073 0.299231450818468 255 128 128 255 
-0.0489636276837059 -0.0891344077798541 -0.866076801570046 255 128 128 255 
-0.046746893348654 -0.783323458606387 -0.328100131728541 255 128 128 255 
-0.0635009027880783 -0.945264333998839 -0.131181604383858 255 128 128 255 
-0.0529636249788701 -0.949761981993002 -0.124871048751589 255 128 128 255 
-0.0400018016578471 -0.95082636623035 -0.123936041900541 255 128 128 255 
-0.0531727596222812 -0.82826884598898 0.266474081736644 255 128 128 255 
-0.0559111897087772 -0.810366354209725 0.273986865183822 255 128 128 255 
-0.0510654556454364 -0.832005460087718 -0.278903616112863 255 128 128 255 
-0.0492629713475879 -0.857986715395913 -0.250724364179132 255 128 128 255 
-0.10446126086086 -0.785184506020814 -0.315620038781079 255 128 128 255 
-0.02 -0.262708324825362 0.141531427319085 255 128 128 255 
-0.0513171718793681 -0.986847729474795 0.139355187536825 255 128 128 255 
-0.0226199932723128 -0.994123690736449 0.128072177974968 255 128 128 255 
-0.100635579883549 -0.982933700213426 0.0222669058398309 255 128 128 255 
-0.102735146132941 -0.982582151702612 0.0411465752770056 255 128 128 255 
-0.0199999999999785 -0.86314973266471 0.244659141244122 255 128 128 255 
-0.180697803940828 -0.800425180184637 0.245666895733853 255 128 128 255 
-0.053051289615839 -0.862461723128517 0.24796187276016 255 128 128 255 
-0.199057894891358 -0.928452391379883 -0.0226717750420367 255 128 128 255 
-0.23 -0.905856408604861 0.0054733239367091 255 128 128 255 
-0.0553465063357144 -0.701931840541229 0.293718877973211 255 128 128 255 
-0.0467458408914784 -0.856350819672095 0.251556355248246 255 128 128 255 
-0.02 -0.482664000663956 0.238526229517472 255 128 128 255 
-0.02 -0.519918275442595 0.257789378577751 255 128 128 255 
-0.206343456122345 -0.353662856700686 -0.848271584462218 255 128 128 255 
-0.217873085586561 -0.358139503393333 -0.861219906845968 255 128 128 255 
-0.0442146527977909 -0.845485171883277 -0.265111323643573 255 128 128 255 
-0.190811827408386 -0.311363693231538 -0.891253774984442 255 128 128 255 
-0.0200000000000325 -0.392309033155858 -0.737684551007374 255 128 128 255 
-0.161531549387097 -0.341306106893728 -0.805359804964218 255 128 128 255 
-0.153956921111448 -0.351249198984785 -0.786868661517902 255 128 128 255 
-0.136021758680929 -0.336080098695831 -0.789221494103179 255 128 128 255 
-0.0371153808176288 -0.876296060659132 0.238342173774812 255 128 128 255 
-0.0448329277787041 -0.905335082340917 0.216754323655722 255 128 128 255 
-0.063268212170651 -0.893717905592925 0.226101451260041 255 128 128 255 
-0.0571036811536837 -0.920820605999364 0.202768328308603 255 128 128 255 
-0.218656193207875 -0.663063761281999 0.317837386230414 255 128 128 255 
-0.141596440684019 -0.930979554954961 0.155504868276203 255 128 128 255 
-0.117825561791751 -0.940286408662076 0.159252848522123 255 128 128 255 
-0.185319122799376 -0.88872514842031 0.17440742256549 255 128 128 255 
-0.23 -0.272556315057143 -0.921326514105334 255 128 128 255 
-0.229999999999998 -0.28203413319719 -0.921326282733135 255 128 128 255 
-0.0958919174834625 -0.84146647813255 0.255662378167137 255 128 128 255 
-0.157756710259228 -0.687081857361765 0.35029694764382 255 128 128 255 
-0.121276824935118 -0.971696937386276 0.0793575671902163 255 128 128 255 
-0.137276206808161 -0.732626588826619 0.300454554239064 255 128 128 255 
-0.144894383206853 -0.725370054392368 0.301197945418618 255 128 128 255 
-0.140060488628773 -0.504235133690394 0.256221894012666 255 128 128 255 
-0.222918330064866 -0.669419991277611 0.358690599537411 255 128 128 255 
-0.230000000000195 -0.669665233033571 0.358036625728241 255 128 128 255 
-0.23000000000008 -0.669078261470598 0.354102857326934 255 128 128 255 
-0.173745155622357 -0.662846766065154 0.366987545920857 255 128 128 255 
-0.171789527697938 -0.659140978456805 0.366358624060482 255 128 128 255 
-0.171606911735559 -0.662542252319883 0.366153616366712 255 128 128 255 
-0.167197418330971 -0.655382980306504 0.364189466617141 255 128 128 255 
-0.1660141746929 -0.6600086730206 0.36382163486428 255 128 128 255 
-0.182327833258555 -0.685099151784708 0.332170050644762 255 128 128 255 
-0.215490466767402 -0.319172478113986 -0.915082023241192 255 128 128 255 
-0.166852356845426 -0.693049491801345 0.339129119229328 255 128 128 255 
-0.225511966396983 -0.669533044695999 0.361587788664831 255 128 128 255 
-0.22635342431345 -0.669322588857415 0.358607373499445 255 128 128 255 
-0.225751687348194 -0.669040077055782 0.365475358945787 255 128 128 255 
-0.227713867863559 -0.669125392931664 0.365710271377 255 128 128 255 
-0.226926976605811 -0.668881701329493 0.366588431320023 255 128 128 255 
-0.211524910292303 -0.6705978130721 0.348650555980347 255 128 128 255 
-0.214114741333008 -0.665736439948339 0.305211056073511 255 128 128 255 
-0.169339221565453 -0.662580844496677 0.365219034807751 255 128 128 255 
-0.208672284751487 -0.193175569420821 -0.915982401167473 255 128 128 255 
-0.221509256578182 -0.667645643736759 0.347767916728739 255 128 128 255 
-0.180259109141903 -0.681196065118899 0.357418158867856 255 128 128 255 
-0.221900284448986 -0.669622176067833 0.361769377946136 255 128 128 255 
-0.223536966673072 -0.669481241854763 0.363984241330049 255 128 128 255 
-0.221508176965274 -0.669665040901525 0.363596941255379 255 128 128 255 
-0.162895730087587 -0.661518987619479 0.362443714695956 255 128 128 255 
-0.188279067320645 -0.6805742786869 0.323757312461145 255 128 128 255 
-0.18958042684054 -0.227278296271549 -0.910939004844151 255 128 128 255 
-0.18630302812102 -0.237554073628282 -0.909617622975636 255 128 128 255 
-0.211584340933661 -0.31402158086146 -0.914681362073546 255 128 128 255 
-0.230000000000026 -0.666043369927835 0.371780839484621 255 128 128 255 
-0.230000000000354 -0.663110513183708 0.374489600958886 255 128 128 255 
-0.227820610904662 -0.651764565326374 0.379530394364154 255 128 128 255 
-0.165951826707353 -0.714048374279438 0.2966213777155 255 128 128 255 
-0.159705794332218 -0.716717622273715 0.298623620068039 255 128 128 255 
-0.178149578255395 -0.681376338226749 0.357247686192185 255 128 128 255 
-0.17755630730567 -0.682763928071059 0.3557053412672 255 128 128 255 
-0.136148414753883 -0.682900184096623 0.345655933243632 255 128 128 255 
-0.197764778536938 -0.253182006910609 -0.919716326178066 255 128 128 255 
-0.198707368826642 -0.255442888268582 -0.920304504564626 255 128 128 255 
-0.227241541695232 -0.663743507712453 0.326977012741429 255 128 128 255 
-0.184967538039642 -0.677450433373435 0.361395290170868 255 128 128 255 
-0.22999999999947 -0.646382542517689 0.379790746401126 255 128 128 255 
-0.224760306344807 -0.645274418693544 0.379521231551157 255 128 128 255 
-0.179333904711775 -0.677378257024576 0.361409448333666 255 128 128 255 
-0.0200000000000212 -0.996585433005173 0.118217059186129 255 128 128 255 
-0.0239064701465254 -0.996168969219835 0.121327535175913 255 128 128 255 
-0.020000000000012 -0.995382005907379 0.122880856633532 255 128 128 255 
-0.0200000000000005 -0.997443653841602 0.113092335119396 255 128 128 255 
-0.201584845708598 -0.674127583207661 0.361306408218429 255 128 128 255 
-0.106973169651722 -0.693942986122857 0.326186943644428 255 128 128 255 
-0.185579410237539 -0.682854750304249 0.316347749983686 255 128 128 255 
-0.191525567055371 -0.68119081377444 0.305478795392761 255 128 128 255 
-0.133828459346057 -0.659111749764146 0.346155072938927 255 128 128 255 
-0.128044163955871 -0.668236446278041 0.342963379722255 255 128 128 255 
-0.13231687405455 -0.668297096427755 0.345762363402573 255 128 128 255 
-0.133635593834364 -0.679082725702583 0.345414607477645 255 128 128 255 
-0.182215244432696 -0.684958610777702 0.319999303592688 255 128 128 255 
-0.200772060146642 -0.671323039064416 0.366877724490109 255 128 128 255 
-0.207393063385368 -0.671200791380739 0.343750543693915 255 128 128 255 
-0.212075949707663 -0.66503348897504 0.3181820592311 255 128 128 255 
-0.210820838015685 -0.66612890851536 0.323987465365815 255 128 128 255 
-0.23 -0.680196867339364 0.275798147855959 255 128 128 255 
-0.160237837214221 -0.698447390829221 0.330874509175464 255 128 128 255 
-0.159928560887859 -0.697593673223937 0.334080346668483 255 128 128 255 
-0.140940360183717 -0.689728380369572 0.344387841803778 255 128 128 255 
-0.210271887451923 -0.632731110287685 0.374839004537632 255 128 128 255 
-0.186082241166731 -0.248314996112437 -0.910078844069829 255 128 128 255 
-0.187415578073734 -0.262657942047635 -0.910686901641728 255 128 128 255 
-0.0551766571662897 -0.990219112133807 0.130510567546426 255 128 128 255 
-0.111834870441393 -0.663434391350764 0.331926296181127 255 128 128 255 
-0.219125144297027 -0.651233747828725 0.378978956126018 255 128 128 255 
-0.22199066831486 -0.654361718531114 0.378622740393618 255 128 128 255 
-0.22215160542983 -0.651678716589969 0.379270621506558 255 128 128 255 
-0.21451148276275 -0.191649376129508 -0.919082079801093 255 128 128 255 
-0.215724914894164 -0.193087933350309 -0.920221283066561 255 128 128 255 
-0.218298547963736 -0.183517548379767 -0.918629033494144 255 128 128 255 
-0.22247712964941 -0.181726668038388 -0.920244954323292 255 128 128 255 
-0.0199999999999735 -0.99406990813978 0.127274753806542 255 128 128 255 
-0.163525462442953 -0.698760669292418 0.31968108862028 255 128 128 255 
-0.136110074532007 -0.687779286707411 0.343667163926548 255 128 128 255 
-0.138567894191789 -0.686321963391574 0.345383650438408 255 128 128 255 
-0.228161300153662 -0.168958021005654 -0.91833395199447 255 128 128 255 
-0.230000000000016 -0.168153209997968 -0.918805968344124 255 128 128 255 
-0.23 -0.173047269559471 -0.92066852305811 255 128 128 255 
-0.202445049801786 -0.670956940150959 0.312738124103637 255 128 128 255 
-0.218284455149673 -0.670107620157122 0.359913505207516 255 128 128 255 
-0.215455647831741 -0.6708199584956 0.361369103395087 255 128 128 255 
-0.141673392641349 -0.696095108818446 0.340090952899585 255 128 128 255 
-0.188939100345622 -0.273437118127695 -0.910555399899862 255 128 128 255 
-0.181338412760339 -0.685985955043026 0.316005666037388 255 128 128 255 
-0.183012076298735 -0.275732740846785 -0.901565619436153 255 128 128 255 
-0.214356796230753 -0.664617686686361 0.322827167384868 255 128 128 255 
-0.224029416806837 -0.66280124395397 0.37428622954468 255 128 128 255 
-0.225713513299465 -0.658651090140298 0.377093553651502 255 128 128 255 
-0.219464538976553 -0.646913022978256 0.37912728941537 255 128 128 255 
-0.221535801222071 -0.66294030575938 0.320814128580181 255 128 128 255 
-0.212088169807578 -0.207938219473801 -0.921318044999959 255 128 128 255 
-0.205824436323358 -0.673454492028018 0.360100950986676 255 128 128 255 
-0.223033730195706 -0.219743047111318 -0.921324261797513 255 128 128 255 
-0.23 -0.21188473786082 -0.921324259631348 255 128 128 255 
-0.219038330410141 -0.203912995880703 -0.921317999155513 255 128 128 255 
-0.145473083527959 -0.666796586884106 0.353432897111573 255 128 128 255 
-0.204537399986859 -0.673957946271412 0.359143596432413 255 128 128 255 
-0.146833663794006 -0.672345516378019 0.353540887477054 255 128 128 255 
-0.218080863163871 -0.610641678729351 0.364001323878736 255 128 128 255 
-0.219678738861314 -0.615370075260212 0.367423171440703 255 128 128 255 
-0.1628446856437 -0.701915213492747 0.311394929439186 255 128 128 255 
-0.168779548857045 -0.696361818821539 0.313461319815059 255 128 128 255 
-0.151405621572569 -0.71249162357194 0.308298148852615 255 128 128 255 
-0.155802512227144 -0.71444572405121 0.302800789615279 255 128 128 255 
-0.0721384891511055 -0.881968082896159 0.234482147945857 255 128 128 255 
-0.0821637276929016 -0.889972228973666 0.226919916006723 255 128 128 255 
-0.0752961572856712 -0.870428088928319 0.241954551639345 255 128 128 255 
-0.214009112190037 -0.188022050795428 -0.917701887565737 255 128 128 255 
-0.214016710235078 -0.182032677595238 -0.915668564652503 255 128 128 255 
-0.22377528156534 -0.616885213785039 0.368614938203625 255 128 128 255 
-0.226894614563362 -0.616072773181308 0.368187162455123 255 128 128 255 
-0.18464671286718 -0.233181800582751 -0.907355660645914 255 128 128 255 
-0.192058151458387 -0.255556789382582 -0.915354871749599 255 128 128 255 
-0.0305743251284616 -0.990935392474175 0.137101099099487 255 128 128 255 
-0.201529427145085 -0.273153986386813 -0.920555505994776 255 128 128 255 
-0.23 -0.904596958217845 -0.0107699967586542 255 128 128 255 
-0.229999999999996 -0.291511951337237 -0.92132605136087 255 128 128 255 
-0.0970831316453613 -0.688855671806382 0.320232532250899 255 128 128 255 
-0.0957145650388969 -0.693020023227284 0.318718064620774 255 128 128 255 
-0.101152746282687 -0.696583704939466 0.321808341789441 255 128 128 255 
-0.0933617430499352 -0.696253213899488 0.316610615801235 255 128 128 255 
-0.212686700240168 -0.283475790186308 -0.921320848085765 255 128 128 255 
-0.227415636744574 -0.0963602944816108 -0.882795687613445 255 128 128 255 
-0.229999999999845 -0.692040063597714 0.269448347386153 255 128 128 255 
-0.212170154961551 -0.607362711844109 0.36088504814646 255 128 128 255 
-0.225097050508889 -0.655319436598505 0.378579176065621 255 128 128 255 
-0.223797029183599 -0.656433501144146 0.378080830612281 255 128 128 255 
-0.222405936807335 -0.657222238285546 0.377622949576127 255 128 128 255 
-0.185086638900358 -0.27024999650787 -0.906534173038598 255 128 128 255 
-0.230000000000246 -0.622466957009592 0.372274245921088 255 128 128 255 
-0.0858911726317988 -0.706751543178947 0.309881859076083 255 128 128 255 
-0.182753748851763 -0.228730643590944 -0.904269081006105 255 128 128 255 
-0.171000178832971 -0.717365236427306 0.291963827884589 255 128 128 255 
-0.178367745822131 -0.714258578297168 0.289515731741581 255 128 128 255 
-0.184511416552379 -0.703105583141519 0.29161564935041 255 128 128 255 
-0.208907270697884 -0.666683258518097 0.315011170505908 255 128 128 255 
-0.0841940486033436 -0.695967138665445 0.310240603976772 255 128 128 255 
-0.077927017834598 -0.681975375396048 0.306806873731698 255 128 128 255 
-0.229999999999999 -0.221384903917359 -0.92132659651228 255 128 128 255 
-0.229999999999999 -0.230885070318768 -0.921327531382552 255 128 128 255 
-0.19495195331381 -0.24450674057833 -0.917483594889391 255 128 128 255 
-0.197772852836768 -0.244823865921296 -0.919560584347952 255 128 128 255 
-0.200966841300907 -0.245221225758577 -0.921329352561582 255 128 128 255 
-0.198759104901298 -0.247102466496024 -0.920318335713293 255 128 128 255 
-0.198829020707725 -0.24281944806103 -0.920213862255533 255 128 128 255 
-0.199783364654379 -0.257462910315058 -0.920985808439271 255 128 128 255 
-0.207979342583097 -0.255254849031974 -0.921328316520469 255 128 128 255 
-0.20343937494824 -0.257812903464763 -0.921328195360515 255 128 128 255 
-0.204505325685802 -0.254097915300498 -0.921327576986614 255 128 128 255 
-0.195105044378098 -0.25267341087991 -0.917770175492875 255 128 128 255 
-0.196887658128715 -0.248920511178584 -0.91905799084752 255 128 128 255 
-0.19251195812444 -0.248428669640086 -0.915749850716416 255 128 128 255 
-0.207990589868077 -0.644155588087662 0.376893802042315 255 128 128 255 
-0.202832687275928 -0.266445066260663 -0.921326192471562 255 128 128 255 
-0.184342961334942 -0.683753266336096 0.350102650236014 255 128 128 255 
-0.199672399356353 -0.675795186159309 0.356384119786965 255 128 128 255 
-0.194136594838903 -0.677057320098388 0.358649245262056 255 128 128 255 
-0.195362615355032 -0.676164511314268 0.359800835736009 255 128 128 255 
-0.0467626569559724 -0.99911196456923 0.0810282052919613 255 128 128 255 
-0.229999999999935 -0.443559583916686 -0.661321161901536 255 128 128 255 
-0.205542282199293 -0.249611497591223 -0.921326760816638 255 128 128 255 
-0.0562869689444932 -0.636505304854998 0.294438844987234 255 128 128 255 
-0.0381957652026828 -0.647031455461007 0.292489085570374 255 128 128 255 
-0.0852853941942272 -0.736851315223766 0.302517081483731 255 128 128 255 
-0.0853518142268806 -0.733678939267643 0.303406454187529 255 128 128 255 
-0.0956798442081032 -0.768665441978435 0.291370760752871 255 128 128 255 
-0.0911291400851853 -0.758656251008721 0.295737305121325 255 128 128 255 
-0.0842730366032067 -0.756971842225989 0.295521805760587 255 128 128 255 
-0.0872159198394357 -0.754216281417125 0.297104483398971 255 128 128 255 
-0.0881581921975056 -0.775786373748886 0.288470354567404 255 128 128 255 
-0.02 -0.350160018586213 0.166389837398478 255 128 128 255 
-0.228963135708845 -0.332726416848065 -0.920629700630571 255 128 128 255 
-0.228745686216323 -0.175573030176498 -0.921098822357904 255 128 128 255 
-0.22887889587955 -0.173608627807282 -0.920407607317621 255 128 128 255 
-0.229381504506795 -0.174794554006447 -0.921071690914504 255 128 128 255 
-0.228204216091759 -0.331560613483285 -0.920718797577836 255 128 128 255 
-0.227572666088246 -0.654152584638377 0.379054486911546 255 128 128 255 
-0.229999999999853 -0.6697884297807 0.361780275483908 255 128 128 255 
-0.228933266045221 -0.669690564680736 0.362776438907213 255 128 128 255 
-0.227533078079121 -0.32836781615135 -0.921315826233884 255 128 128 255 
-0.227137060066393 -0.330014124830419 -0.920709320420989 255 128 128 255 
-0.224752536524062 -0.668722249766935 0.366726370515442 255 128 128 255 
-0.228041641238651 -0.669626640336547 0.361992687039349 255 128 128 255 
-0.230000000000255 -0.174322848290862 -0.921153975910811 255 128 128 255 
-0.224686563310418 -0.168093939575808 -0.916428371790805 255 128 128 255 
-0.224952845507735 -0.172615277094456 -0.918268450820798 255 128 128 255 
-0.209041163334922 -0.659734100898408 0.375894769133016 255 128 128 255 
-0.227984573963846 -0.6695442146952 0.360403936670834 255 128 128 255 
-0.0913499413142506 -0.68996750576802 0.315987849503726 255 128 128 255 
-0.086262823008554 -0.686750511424695 0.31256580413362 255 128 128 255 
-0.21858441769064 -0.916282254740007 -0.00123392874335122 255 128 128 255 
-0.223449254312963 -0.91112060892203 -0.00761002936210224 255 128 128 255 
-0.146047088729568 -0.791908392658371 0.267013254168702 255 128 128 255 
-0.135793824210502 -0.800382516397176 0.266434876686808 255 128 128 255 
-0.135795851798477 -0.782113131394703 0.27572318394761 255 128 128 255 
-0.224518844391138 -0.662576134728615 0.314510697430157 255 128 128 255 
-0.222558579263458 -0.64930334064027 0.379453651736877 255 128 128 255 
-0.105032282126817 -0.974906559319248 0.10288381714653 255 128 128 255 
-0.0922600028033423 -0.896872304684232 0.219123630121906 255 128 128 255 
-0.220297549465965 -0.634621902128206 0.376904815082787 255 128 128 255 
-0.0953634128753962 -0.860190844214543 0.24500230921208 255 128 128 255 
-0.0860534256479718 -0.876676714297178 0.236213768278608 255 128 128 255 
-0.225983439782083 -0.352882236322564 -0.89180302901255 255 128 128 255 
-0.217353167255247 -0.343958907628432 -0.893612086795676 255 128 128 255 
-0.124412353616292 -0.703763986970352 0.330332764058047 255 128 128 255 
-0.0200000000000232 -0.953095292432006 -0.118565502662036 255 128 128 255 
-0.0200000000000055 -0.947464485917531 -0.128645987537549 255 128 128 255 
-0.163970348761368 -0.904375244710765 0.174691182558391 255 128 128 255 
-0.176632144988704 -0.87624057687108 0.195678105244809 255 128 128 255 
-0.171234417568766 -0.889101695019038 0.186840277413333 255 128 128 255 
-0.225122913716319 -0.611677089193491 0.364964139604973 255 128 128 255 
-0.224075419142328 -0.873592576980408 0.147666875080434 255 128 128 255 
-0.172112974743448 -0.693056591739664 0.315687971476844 255 128 128 255 
-0.122940481278526 -0.663950773490233 0.339647835737061 255 128 128 255 
-0.0969248128127281 -0.984444828222863 0.0627820944903473 255 128 128 255 
-0.230000000000297 -0.360414007126303 -0.882017135126862 255 128 128 255 
-0.23 -0.357802347062559 -0.888829953755838 255 128 128 255 
-0.229999999999994 -0.345098634615373 -0.907926448195623 255 128 128 255 
-0.229999999999874 -0.348409365720042 -0.90394671178207 255 128 128 255 
-0.179793691081408 -0.69108200425462 0.305238987436842 255 128 128 255 
-0.176365933652226 -0.692486107239507 0.307791172079727 255 128 128 255 
-0.221446015537352 -0.189517552676501 -0.921314735892985 255 128 128 255 
-0.23 -0.897381570934857 0.0878450169235226 255 128 128 255 
-0.154866404228955 -0.288415198412428 -0.847501066094388 255 128 128 255 
-0.136837419809306 -0.267361777525231 -0.839064041456559 255 128 128 255 
-0.14995171832537 -0.761025996963218 0.280634224609487 255 128 128 255 
-0.162187943928653 -0.739379132779023 0.285680858202681 255 128 128 255 
-0.136880155851021 -0.746618757437052 0.292873142676458 255 128 128 255 
-0.0894142330346909 -0.985430442218166 0.0885558863569989 255 128 128 255 
-0.103382801221981 -0.97956174826121 0.0834798346944371 255 128 128 255 
-0.123287391468482 -0.96587439883633 0.100559076432536 255 128 128 255 
-0.110768948667801 -0.710501312444372 0.321890192875676 255 128 128 255 
-0.077740420944756 -0.757070900623626 0.294039821623506 255 128 128 255 
-0.217747702934657 -0.190883853786577 -0.920726634434007 255 128 128 255 
-0.186846535247558 -0.731326930879201 0.276948044113491 255 128 128 255 
-0.174774095893981 -0.727084026701795 0.285176256153404 255 128 128 255 
-0.188231999895785 -0.715830077228219 0.283219119382899 255 128 128 255 
-0.152257452241761 -0.304495410227284 -0.831953772007872 255 128 128 255 
-0.115918640095026 -0.24783354655524 -0.832725565610739 255 128 128 255 
-0.146494312819423 -0.316344193743104 -0.81570411042119 255 128 128 255 
-0.155229382847493 -0.574011522669034 0.313710507760955 255 128 128 255 
-0.226866462619111 -0.174747226522947 -0.91998908212152 255 128 128 255 
-0.12847789800379 -0.229003994008672 -0.848226114158929 255 128 128 255 
-0.124427613921729 -0.934097542752251 -0.124227066484773 255 128 128 255 
-0.182016293513971 -0.599523739370344 0.345042977112763 255 128 128 255 
-0.167744421469372 -0.586183751840191 0.328471495684625 255 128 128 255 
-0.02 -0.755365740809296 -0.356334904091459 255 128 128 255 
-0.194159376365556 -0.70400034255418 0.285417133465414 255 128 128 255 
-0.103058437145374 -0.89523403633448 0.217803475173309 255 128 128 255 
-0.230000000000185 -0.393679534654312 -0.776674682904596 255 128 128 255 
-0.0200000000000039 -0.401995294091004 -0.731103317235752 255 128 128 255 
-0.17105144730158 -0.510943123817109 0.264835843533353 255 128 128 255 
-0.0998867058735439 -0.302336535294689 -0.795573981213963 255 128 128 255 
-0.107186569284309 -0.210815169810845 -0.842807425395956 255 128 128 255 
-0.122532157079541 -0.97392652123701 0.00821549407898759 255 128 128 255 
-0.15105617717568 -0.918188614435991 0.166969197830659 255 128 128 255 
-0.118135075495696 -0.925364338981182 -0.143523140304015 255 128 128 255 
-0.152354596385005 -0.662021138109578 0.357335825629133 255 128 128 255 
-0.0902504470547295 -0.971277059146717 -0.0607349814541008 255 128 128 255 
-0.18916898383351 -0.355500940048247 -0.817652417514022 255 128 128 255 
-0.192604528399401 -0.305312277450882 -0.899907719762821 255 128 128 255 
-0.194195088156585 -0.305205693661634 -0.902572845512995 255 128 128 255 
-0.202691391032729 -0.35622862122576 -0.83505698770763 255 128 128 255 
-0.0199999999999983 -0.326988521856875 -0.776146785939688 255 128 128 255 
-0.223659209768736 -0.346507546587688 -0.898679186668963 255 128 128 255 
-0.220427060914327 -0.341874083608557 -0.900947258864307 255 128 128 255 
-0.154963446414729 -0.428918438107894 0.196132962247355 255 128 128 255 
-0.135132232189455 -0.969460510765946 0.0196962525087343 255 128 128 255 
-0.167035022388029 -0.191357463907642 -0.881930849957822 255 128 128 255 
-0.106409366471102 -0.4127464022609 -0.705524047127815 255 128 128 255 
-0.104763316735417 -0.370281256462879 -0.74350189702922 255 128 128 255 
-0.118972100038615 -0.397977211983676 -0.719334181041319 255 128 128 255 
-0.0835348423456705 -0.368527151401144 -0.742858188889286 255 128 128 255 
-0.163243913859611 -0.87045273005178 -0.191993920979619 255 128 128 255 
-0.146506151472711 -0.856543085874227 -0.220830304271445 255 128 128 255 
-0.113657748075041 -0.866755076487302 -0.225438416128827 255 128 128 255 
-0.145919595854277 -0.361192131238355 -0.769427502988962 255 128 128 255 
-0.140027909283917 -0.966470842850955 0.00559022797770547 255 128 128 255 
-0.0472858931665182 -0.0742604056905654 0.143477674597839 255 128 128 255 
-0.23 -0.893502791941618 0.0986098299030528 255 128 128 255 
-0.229999999999597 -0.888995641538719 0.10912050176812 255 128 128 255 
-0.20662805795513 -0.282594369129051 -0.921320408690744 255 128 128 255 
-0.0988051962699525 -0.348406054759061 -0.760654595948721 255 128 128 255 
-0.132919938054658 -0.377588601131472 -0.743646379599374 255 128 128 255 
-0.230000000000041 -0.37905268068671 -0.81941533085182 255 128 128 255 
-0.0940924050719815 -0.895301759818747 -0.196734560512204 255 128 128 255 
-0.230000000000039 -0.717761420721235 0.256576483854951 255 128 128 255 
-0.211005194123358 -0.665573554830977 0.314236485179353 255 128 128 255 
-0.120173509174684 -0.353426824868797 -0.76457924089505 255 128 128 255 
-0.180159902101444 -0.687930768136094 0.311099957935371 255 128 128 255 
-0.0199999999999692 -0.363926583026398 -0.754872753116888 255 128 128 255 
-0.0200000000000005 -0.355232164338566 -0.760194075197256 255 128 128 255 
-0.229999999999882 -0.663714868892958 0.321918121087627 255 128 128 255 
-0.0199999999999743 -0.998773488566714 0.0585805777396573 255 128 128 255 
-0.0797003718875497 0 -0.881055058712709 255 128 128 255 
-0.0858583555825754 -0.725916145835395 0.305755938327721 255 128 128 255 
-0.0200000000000147 -0.346561874409935 -0.765554163914721 255 128 128 255 
-0.0199999999999845 -0.336997012994531 -0.770886698030452 255 128 128 255 
-0.151157899348259 -0.961110504165148 0.00366343863271128 255 128 128 255 
-0.23 -0.70817339259927 0.260848797608668 255 128 128 255 
-0.0200000000000056 -0.761805372995456 0.284157303892136 255 128 128 255 
-0.0945583888588743 0 -0.879760540472409 255 128 128 255 
-0.23 -0.396510186215232 0.1431398277772 255 128 128 255 
-0.23 -0.355786667956036 0.119287736614327 255 128 128 255 
-0.23 -0.45083505011438 0.187657640150435 255 128 128 255 
-0.224957292692141 -0.648849906919039 0.379694537049021 255 128 128 255 
-0.229999999999908 -0.351677163295978 -0.899377964279284 255 128 128 255 
-0.230000000000113 -0.598766531197858 0.354379507411467 255 128 128 255 
-0.23 -0.603090877612676 0.357915587783954 255 128 128 255 
-0.229999999999998 -0.607112552573883 0.361198784358234 255 128 128 255 
-0.229999999999978 -0.641297494183567 0.378962546794765 255 128 128 255 
-0.227416013555935 -0.325861301425563 -0.921316750823525 255 128 128 255 
-0.226248739792007 -0.324547304461982 -0.921316839681667 255 128 128 255 
-0.224556343693728 -0.662684749386246 0.311932715274774 255 128 128 255 
-0.227082730408543 -0.662865571171595 0.311649374352919 255 128 128 255 
-0.227450704751016 -0.663723960769365 0.304766715912758 255 128 128 255 
-0.229999999999948 -0.610832640130351 0.364215423992453 255 128 128 255 
-0.220155901313929 -0.663901010133438 0.32757221746478 255 128 128 255 
-0.222127031143649 -0.664035154441402 0.329771460123677 255 128 128 255 
-0.230000000000181 -0.631397907467203 0.376269193240676 255 128 128 255 
-0.226745577293142 -0.629328745880297 0.375523323768551 255 128 128 255 
-0.227282303756967 -0.663252022661148 0.32231497725512 255 128 128 255 
-0.229999999999997 -0.300355170618516 -0.921319733253599 255 128 128 255 
-0.214481973908998 -0.671083577165519 0.359352353672835 255 128 128 255 
-0.23 -0.318085420831977 -0.921319539125644 255 128 128 255 
-0.230000000000001 -0.183740767891812 -0.921318435024529 255 128 128 255 
-0.23 -0.196291793197456 -0.921322151155422 255 128 128 255 
-0.223585231252908 -0.195099904031542 -0.921320810406247 255 128 128 255 
-0.23 -0.307180839746795 -0.92132012194417 255 128 128 255 
-0.23000000000043 -0.354715305117584 -0.894644955451634 255 128 128 255 
-0.23 -0.327533564519624 -0.921317030911975 255 128 128 255 
-0.22999999999998 -0.58484107977508 0.340780719913844 255 128 128 255 
-0.229999999999998 -0.589521983051812 0.345556849685437 255 128 128 255 
-0.218341252992864 -0.199308311228943 -0.921322068640967 255 128 128 255 
-0.230000000000025 -0.0989925973090526 -0.884268643203417 255 128 128 255 
-0.230000000000206 -0.0902548167432198 -0.880913539051691 255 128 128 255 
-0.230000000000073 -0.0806264754952022 -0.87763133285717 255 128 128 255 
-0.23 -0.864819778733482 0.150841716199375 255 128 128 255 
-0.23 -0.872530226378683 0.139792393022159 255 128 128 255 
-0.23 -0.878717954187832 0.129684297256865 255 128 128 255 
-0.2246633520481 -0.180224538409152 -0.920893664837264 255 128 128 255 
-0.229999999999944 -0.0700811495430397 -0.874150596204236 255 128 128 255 
-0.230000000000181 -0.579711062221562 0.33561448672871 255 128 128 255 
-0.229999999999791 -0.107699930875163 -0.887698925141936 255 128 128 255 
-0.229999999999975 -0.573824833851238 0.329141267604278 255 128 128 255 
-0.229999999999962 -0.567996625166041 0.322616224936318 255 128 128 255 
-0.229999999999908 -0.367860069049779 -0.857852561802121 255 128 128 255 
-0.229999999999893 -0.365178651720585 -0.866726497357138 255 128 128 255 
-0.22999999999999 -0.163266782545641 -0.916923359455836 255 128 128 255 
-0.224015894522153 -0.178043724436856 -0.919839342032188 255 128 128 255 
-0.224435713319948 -0.175598232612576 -0.919130507486769 255 128 128 255 
-0.230000000000068 -0.370382957100848 -0.84892986701221 255 128 128 255 
-0.230000000000512 -0.0310719931512736 -0.863157868504598 255 128 128 255 
-0.23 -0.424800471226936 0.163985557415806 255 128 128 255 
-0.106120187946713 -0.729135227260997 0.310416579400411 255 128 128 255 
-0.108229748630539 -0.723718128909533 0.313775719902061 255 128 128 255 
-0.104118067868587 -0.724378389816668 0.312716109149353 255 128 128 255 
-0.23 -0.789054794883719 -0.223303931532647 255 128 128 255 
-0.230000000000013 -0.70350618570079 -0.315656826625716 255 128 128 255 
-0.113587715419231 -0.732200912798537 0.308429530065585 255 128 128 255 
-0.23 0 0.101111839713466 255 128 128 255 
-0.192110194391885 -0.937901295507713 0.0162490368099233 255 128 128 255 
-0.229999999999968 -0.341773964188468 -0.91189466819427 255 128 128 255 
-0.186184086838929 -0.274905931996105 -0.906820408785611 255 128 128 255 
-0.191217152189299 -0.661817611717182 0.372571427770158 255 128 128 255 
-0.179421705630178 -0.687827634909841 0.313760770198595 255 128 128 255 
-0.0199999999999812 -0.750883396761405 0.286376162762119 255 128 128 255 
-0.209276931563811 -0.289289795301676 -0.921320430831065 255 128 128 255 
-0.0199999999999676 -0.817116522988858 0.268583595044612 255 128 128 255 
-0.0199999999999609 -0.828039678017865 0.263856346503335 255 128 128 255 
-0.0200000000000129 -0.806086069733905 0.272529086115755 255 128 128 255 
-0.020000000000017 -0.316188456874607 -0.781754078344277 255 128 128 255 
-0.19825272835753 -0.6763141990566 0.356504291234337 255 128 128 255 
-0.201228243221733 -0.673630664501673 0.362854804750286 255 128 128 255 
-0.0634699128065978 -0.992056644311241 0.116879959460032 255 128 128 255 
-0.22999999999995 -0.373028017682631 -0.839284008908284 255 128 128 255 
-0.225381801536295 -0.322838525666861 -0.921317188264966 255 128 128 255 
-0.22390032325104 -0.324540234170444 -0.920601243209708 255 128 128 255 
-0.23 -0.32953008562733 -0.921316261070123 255 128 128 255 
-0.23 -0.331526606735035 -0.92131549122827 255 128 128 255 
-0.229187800875324 -0.330601523189285 -0.921315557218281 255 128 128 255 
-0.228523871188637 -0.329763658407675 -0.921315642648282 255 128 128 255 
-0.0199999999999605 -0.83962739790379 0.258212615978273 255 128 128 255 
-0.0199999999999936 -0.850880625005484 0.25192018203993 255 128 128 255 
-0.0199999999999897 -0.305263345062142 -0.787102520863111 255 128 128 255 
-0.226614894635889 -0.656243109772154 0.378330786643779 255 128 128 255 
-0.227552379621309 -0.330699835139559 -0.920608751711775 255 128 128 255 
-0.214433564781754 -0.655964152220283 0.377576796770862 255 128 128 255 
-0.192467790765659 -0.289669519388062 -0.909493432438939 255 128 128 255 
-0.206915141633848 -0.673345889767571 0.356121285663552 255 128 128 255 
-0.113105473063734 -0.725870398641137 0.312721679259979 255 128 128 255 
-0.116393291898906 -0.723238593959094 0.314803143420081 255 128 128 255 
-0.224957970725107 -0.651824654967775 0.379392407806932 255 128 128 255 
-0.203039083036406 -0.67418304816212 0.360036777852243 255 128 128 255 
-0.219230746519395 -0.654159362293197 0.37847002606354 255 128 128 255 
-0.224533160159224 -0.664648132062416 0.334776652916942 255 128 128 255 
-0.215940460442641 -0.663986641954483 0.320550096653374 255 128 128 255 
-0.204419903389457 -0.244434799544514 -0.921325176346222 255 128 128 255 
-0.150318398195304 -0.691202778240061 0.345756842307618 255 128 128 255 
-0.0233067766038382 -0.998121060574104 0.111472624366078 255 128 128 255 
-0.204591510545524 -0.279447646701645 -0.921318579471804 255 128 128 255 
-0.102620861376155 -0.726431932779609 0.311412736617946 255 128 128 255 
-0.151834988474952 -0.716533964796843 0.303656194294501 255 128 128 255 
-0.184691416886334 -0.687018215359699 0.305011785448029 255 128 128 255 
-0.224511958694057 -0.663286383032598 0.306715172696702 255 128 128 255 
-0.224586063989495 -0.662856256836715 0.309456190625446 255 128 128 255 
-0.22722365152044 -0.663405356509092 0.306806781529208 255 128 128 255 
-0.201197921890459 -0.259379010261418 -0.921327959331746 255 128 128 255 
-0.202707573567025 -0.271041699282959 -0.921321200928668 255 128 128 255 
-0.0686801553783921 -0.985318525239339 0.130923079464828 255 128 128 255 
-0.225631369450948 -0.669442615624822 0.363664583040152 255 128 128 255 
-0.218572204248712 -0.664811795271552 0.372503890100079 255 128 128 255 
-0.22124830692837 -0.665149099706987 0.372106725699355 255 128 128 255 
-0.225398859349496 -0.176635501706323 -0.920010881204226 255 128 128 255 
-0.227866313642273 -0.176620662907795 -0.921125293364055 255 128 128 255 
-0.216689777286569 -0.648438427723339 0.378828154052728 255 128 128 255 
-0.223654050348254 -0.66897129883686 0.36594569118659 255 128 128 255 
-0.213779402001072 -0.657929965177639 0.376907389735957 255 128 128 255 
-0.181235279430605 -0.688099430116032 0.308483345794039 255 128 128 255 
-0.229999999999926 -0.175720420797239 -0.921318877213529 255 128 128 255 
-0.219816570746108 -0.669890208755014 0.363010756365824 255 128 128 255 
-0.221747500115804 -0.667325534268214 0.369583879486658 255 128 128 255 
-0.211849846907498 -0.191547960719209 -0.917464819941614 255 128 128 255 
-0.208832757925403 -0.190339973892818 -0.915128251598348 255 128 128 255 
-0.209241831903078 -0.187101541609443 -0.914277986656213 255 128 128 255 
-0.208900279571545 -0.18299022465666 -0.912530771269492 255 128 128 255 
-0.203848800476784 -0.173595217612504 -0.904066263487007 255 128 128 255 
-0.190105029767661 -0.687586884168582 0.298482149569081 255 128 128 255 
-0.211234027082724 -0.201757466518997 -0.920056035311025 255 128 128 255 
-0.158263451185945 -0.694374320648996 0.342082610796373 255 128 128 255 
-0.211215848582227 -0.300756492126944 -0.920093136826802 255 128 128 255 
-0.186094968218085 -0.682070511189298 0.353275651784604 255 128 128 255 
-0.209105879204014 -0.295229701550761 -0.920477271131537 255 128 128 255 
-0.068118870370103 -0.682284050631319 0.300496019084011 255 128 128 255 
-0.1421090102624 -0.709799717353974 0.322763589300865 255 128 128 255 
-0.198600434365415 -0.313626940679241 -0.902451912562567 255 128 128 255 
-0.228862802447532 -0.672076046992783 0.283987829744069 255 128 128 255 
-0.227892034283955 -0.672771275974551 0.283710559911449 255 128 128 255 
-0.23 -0.668199440144864 0.368802442465241 255 128 128 255 
-0.183050085846424 -0.675604680235757 0.363320989210761 255 128 128 255 
-0.0868980033328303 -0.782193977535373 0.285803625896148 255 128 128 255 
-0.0200000000000095 -0.493280117027695 -0.701959884960869 128 255 128 255 
-0.0200000000000005 -0.500447506186289 -0.695383359209723 128 255 128 255 
-0.0348045707357275 -0.496519661503916 -0.692713178184021 128 255 128 255 
-0.230000000000161 -0.946754794569308 0.016214549669473 128 255 128 255 
-0.22999999999988 -0.946287425099131 0.00556479656681914 128 255 128 255 
-0.213665808636997 -0.959489901988846 0.0204049354014653 128 255 128 255 
-0.230000000000197 -0.397754303563621 -0.88417364822173 128 255 128 255 
-0.229999999999876 -0.395302345285815 -0.892288674362358 128 255 128 255 
-0.22242494877965 -0.390643709745776 -0.890426614980734 128 255 128 255 
-0.208990157903425 -0.156391636762585 -0.939514199226177 128 255 128 255 
-0.217951554082978 -0.147388103122352 -0.940255664932374 128 255 128 255 
-0.206892721618491 -0.151002064200475 -0.936219059705501 128 255 128 255 
-0.0319005420372483 -0.251831183055506 -0.843049193640417 128 255 128 255 
-0.0248920115664217 -0.268689832920246 -0.835786521305134 128 255 128 255 
-0.0374464201260921 -0.27004298491675 -0.835524786249093 128 255 128 255 
-0.21314921152801 -0.939700361700476 0.124806501804716 128 255 128 255 
-0.221995678187595 -0.923205037811927 0.143988071378982 128 255 128 255 
-0.229999999999999 -0.922730405439205 0.131525276093626 128 255 128 255 
-0.229999999999756 -0.764617322345767 0.273212759038566 128 255 128 255 
-0.215216691084444 -0.761886868342544 0.284066218315412 128 255 128 255 
-0.230000000000096 -0.754841883815553 0.278165253287118 128 255 128 255 
-0.0447309680150917 -0.826189204806746 0.299384541575129 128 255 128 255 
-0.0437430557357005 -0.841504419965488 0.293105082280068 128 255 128 255 
-0.0361768286666171 -0.835980322067765 0.294929323627617 128 255 128 255 
-0.0377478764399981 -0.875567055030163 0.274555173464677 128 255 128 255 
-0.0298453973605452 -0.874244356385524 0.274586546446785 128 255 128 255 
-0.0370194292157424 -0.863766037075179 0.281429827120211 128 255 128 255 
-0.23 -0.940385563798371 -0.0350507334781058 128 255 128 255 
-0.199999999999973 -0.962577642144307 -0.033385796168044 128 255 128 255 
-0.230000000000003 -0.941015470897835 -0.03219787467165 128 255 128 255 
-0.225531591466062 -0.714572996174692 0.298768673660321 128 255 128 255 
-0.21533049283497 -0.719983778769528 0.302818738914031 128 255 128 255 
-0.216999384499147 -0.711513937956849 0.305699713886903 128 255 128 255 
-0.216144472867654 -0.162304261042568 -0.945234804065465 128 255 128 255 
-0.223802372556516 -0.155104849560606 -0.945675069810686 128 255 128 255 
-0.221712874212373 -0.395550661573196 -0.871739049380318 128 255 128 255 
-0.206910413384866 -0.112442770077562 -0.915975576828868 128 255 128 255 
-0.203717248926807 -0.125719963858517 -0.92070049509032 128 255 128 255 
-0.215224994722851 -0.126151542982106 -0.927777979038449 128 255 128 255 
-0.22533588816053 -0.111564557107174 -0.923372246715573 128 255 128 255 
-0.215659388069811 -0.106916985054128 -0.917152784982432 128 255 128 255 
-0.0199999999999998 -0.485949443690275 -0.708351268744631 128 255 128 255 
-0.0257435290407131 -0.485563564932758 -0.705920589169364 128 255 128 255 
-0.0400068037085386 -0.89210069923712 0.264103521499904 128 255 128 255 
-0.0255694240892769 -0.893102236302747 0.262133990952575 128 255 128 255 
-0.0280210595218813 -0.677224423346791 0.323937686939047 128 255 128 255 
-0.0283927924052834 -0.688223531740913 0.323524604843647 128 255 128 255 
-0.020000000000001 -0.682563577818665 0.325663918744238 128 255 128 255 
-0.02709498272556 -0.663756180466846 0.324419395278105 128 255 128 255 
-0.0289811720010341 -0.651696982378501 0.323975463723242 128 255 128 255 
-0.0349742958219981 -0.659029571600887 0.323166808403883 128 255 128 255 
-0.0200000000000038 -0.776915636480005 0.311685208099312 128 255 128 255 
-0.0199999999999975 -0.767464010184683 0.313771848449322 128 255 128 255 
-0.0329527747700331 -0.769889099484922 0.312377189086752 128 255 128 255 
-0.0499999999999997 -0.373595967278082 -0.778261249685989 128 255 128 255 
-0.0351792913831781 -0.38252515231593 -0.775503195053148 128 255 128 255 
-0.0499999999999884 -0.38316202348581 -0.772177685035124 128 255 128 255 
-0.0421189164511921 -0.366222078208285 -0.784202297726118 128 255 128 255 
-0.0441850992845907 -0.87166028303568 0.277309987426289 128 255 128 255 
-0.0500000000000537 -0.881129624002064 0.271633269394634 128 255 128 255 
-0.0350252348853704 -0.455832916218565 0.256768984522838 128 255 128 255 
-0.0499999999999515 -0.434922798249514 0.243238147870857 128 255 128 255 
-0.0499999999999923 -0.461184329880677 0.258431176636043 128 255 128 255 
-0.0500000000000436 -0.486029901821751 0.272344281498211 128 255 128 255 
-0.0347116410091218 -0.993671606234711 -0.104885833308869 128 255 128 255 
-0.0500000000000186 -0.998130533755117 -0.0921734372629991 128 255 128 255 
-0.0499999999999916 -0.99374643441731 -0.102570168863433 128 255 128 255 
-0.214641839863677 -0.918259503096756 -0.127150659021434 128 255 128 255 
-0.199999999999997 -0.939806229303192 -0.105298873369243 128 255 128 255 
-0.229999999999987 -0.927462465858092 -0.0805297878151562 128 255 128 255 
-0.230000000000006 -0.931946332189951 -0.0668149335892948 128 255 128 255 
-0.2 -0.948222629278717 -0.0848644702371232 128 255 128 255 
-0.23 -0.93616175967343 -0.0530169510682912 128 255 128 255 
-0.199999999999778 -0.951109123056768 -0.0761578403567972 128 255 128 255 
-0.0441224886212375 -0.979019472331395 0.193615105255681 128 255 128 255 
-0.0421747240947477 -0.964342527281263 0.205195559987142 128 255 128 255 
-0.0499999999999362 -0.967936510865125 0.201428539425009 128 255 128 255 
-0.0199999999999642 -1.01173566542733 0.160265246860913 128 255 128 255 
-0.0219460640128062 -1.0130540567852 0.158486172965175 128 255 128 255 
-0.0199999999999991 -1.01362311707409 0.157258844922291 128 255 128 255 
-0.199999999999983 -0.953767355247626 -0.0673788140024367 128 255 128 255 
-0.200000000000025 -0.956291254714605 -0.0589258545427121 128 255 128 255 
-0.230000000000001 -0.938524062993933 -0.0434814988522978 128 255 128 255 
-0.199999999999876 -0.958745008998271 -0.0503554130197225 128 255 128 255 
-0.0399791274274724 0 -0.912989878626744 128 255 128 255 
-0.0499999999999894 -0.0208748688952554 -0.909424740018807 128 255 128 255 
-0.05 0 -0.91290159687861 128 255 128 255 
-0.0200000000000756 -0.481525928146965 0.271917571575273 128 255 128 255 
-0.227502059592075 -0.695222602184858 0.308662276210778 128 255 128 255 
-0.225570122200586 -0.695082106069283 0.310112300288387 128 255 128 255 
-0.227470442187671 -0.694263641898751 0.310074491879445 128 255 128 255 
-0.200000000000079 -0.0461749783785728 -0.900346681224413 128 255 128 255 
-0.215901980413037 -0.0621021113777169 -0.903348271869679 128 255 128 255 
-0.213763425153598 -0.0377192314975878 -0.898459742757121 128 255 128 255 
-0.049999999999954 -0.807477909444767 0.30599463361967 128 255 128 255 
-0.0499999999999305 -0.817927679604154 0.302808927086115 128 255 128 255 
-0.0200000000000353 -0.796399428918307 0.306856605979248 128 255 128 255 
-0.0200000000000013 -0.786319202297553 0.309393632468957 128 255 128 255 
-0.0350699432066222 -0.79062986333947 0.308332870449829 128 255 128 255 
-0.0333802143414732 -0.8160196486074 0.301816643851358 128 255 128 255 
-0.0500000000000079 -0.79742836535915 0.308714968880732 128 255 128 255 
-0.215700578228684 -0.681380897254557 0.397745720380409 128 255 128 255 
-0.225276375736418 -0.679762414332672 0.399189186387453 128 255 128 255 
-0.223149149503705 -0.684228372798114 0.395442378645681 128 255 128 255 
-0.0428666582649421 -0.68453651656979 0.322800428961213 128 255 128 255 
-0.0471503890989268 -0.68321685191632 0.323714301654637 128 255 128 255 
-0.0468507167458557 -0.685426498794937 0.323558478203879 128 255 128 255 
-0.0500000000000262 -0.552851263129692 0.304244747291946 128 255 128 255 
-0.034087987295608 -0.559567380277992 0.305931835115439 128 255 128 255 
-0.0199999999999743 -0.526160451021124 0.293761830575328 128 255 128 255 
-0.0345439406008241 -0.352603811351833 -0.793947933712569 128 255 128 255 
-0.0500000000000005 -0.347405735709893 -0.794425830055467 128 255 128 255 
-0.0500000000000088 -0.338992507924465 -0.799407172989375 128 255 128 255 
-0.0348714984461983 -0.332440733622594 -0.80487593588935 128 255 128 255 
-0.049999999999988 -0.355811820242969 -0.789432693144713 128 255 128 255 
-0.0446155973747515 -0.597656693848707 0.31870623301469 128 255 128 255 
-0.037173185844091 -0.596395665364097 0.317545394925101 128 255 128 255 
-0.0433615130187277 -0.581770588957838 0.314425030458154 128 255 128 255 
-0.0417660507150139 -1.02561065338623 0.0187822235302032 128 255 128 255 
-0.0361858387216199 -1.02934759017755 0.0587310991599628 128 255 128 255 
-0.0499999999999958 -1.02569144359143 0.0268730906051301 128 255 128 255 
-0.0347995245168859 -1.0034847564752 -0.0809901606758222 128 255 128 255 
-0.0500000000000208 -1.0022864372974 -0.0816788562235828 128 255 128 255 
-0.0454008326773732 -0.680140464814844 0.323326903956293 128 255 128 255 
-0.0333636496532355 -0.582127331727069 -0.604390584409563 128 255 128 255 
-0.0499999999999798 -0.622216447253332 -0.550603478570306 128 255 128 255 
-0.0500000000000126 -0.595221143836965 -0.583607127867035 128 255 128 255 
-0.0500000000000177 -0.849375276207733 -0.304279400149493 128 255 128 255 
-0.049999999999961 -0.825089977329486 -0.328938304712051 128 255 128 255 
-0.02 -0.808947870272792 -0.345180219947976 128 255 128 255 
-0.02 -0.844719792812599 -0.30919044170111 128 255 128 255 
-0.0500000000000475 -0.910026976902151 -0.235086630402919 128 255 128 255 
-0.05 -0.890845664487771 -0.258635111200702 128 255 128 255 
-0.05 -0.87094825935151 -0.281564353065533 128 255 128 255 
-0.0200000000000218 -0.603951067138218 -0.580577451672452 128 255 128 255 
-0.05 -0.649566879292195 -0.517881481014127 128 255 128 255 
-0.0200000000000206 -0.703139323376295 -0.4599331897568 128 255 128 255 
-0.0500000000000325 -0.711547051485072 -0.447503672257949 128 255 128 255 
-0.0500000000000088 -0.680459638919742 -0.482606089872412 128 255 128 255 
-0.02 -0.0734466008443125 0.174611927334481 128 255 128 255 
-0.0500000000000671 -0.0688753825577716 0.174147254651364 128 255 128 255 
-0.05 -0.104640265103689 0.170667413985995 128 255 128 255 
-0.0499999999999906 -0.142972066030125 0.167982519870472 128 255 128 255 
-0.02 -0.276860423845954 0.174475030947026 128 255 128 255 
-0.05 -0.262414682860492 0.16977711984255 128 255 128 255 
-0.05 -0.302545785648396 0.179007771711235 128 255 128 255 
-0.0499999999999683 -0.523917156192202 0.291458194425907 128 255 128 255 
-0.02 -0.508650847535298 0.285755855493405 128 255 128 255 
-0.230000000000092 -0.699488563595278 0.339082193441694 128 255 128 255 
-0.229999999999974 -0.699043776995787 0.335770810640975 128 255 128 255 
-0.227628853194979 -0.697651456334793 0.33630595905221 128 255 128 255 
-0.209932104968935 -0.302979585526978 -0.951110603403681 128 255 128 255 
-0.219974171972 -0.295785159640032 -0.951320417885703 128 255 128 255 
-0.208166766644251 -0.296449063080045 -0.951226122143539 128 255 128 255 
-0.0475837567017676 -0.680894579115032 0.323856610780222 128 255 128 255 
-0.19999999999976 -0.302204631666766 -0.948733092130388 128 255 128 255 
-0.205171309574708 -0.306996137421842 -0.949765110397508 128 255 128 255 
-0.204848632002171 -0.30304152737093 -0.950190115243782 128 255 128 255 
-0.209608235342197 -0.291500362091054 -0.951319436160897 128 255 128 255 
-0.199999999999891 -0.295040713558608 -0.949858640138177 128 255 128 255 
-0.204483081000386 -0.299938739418232 -0.950450133846412 128 255 128 255 
-0.0499999999999998 -0.707722129850689 0.323311965639651 128 255 128 255 
-0.05 -0.71294586293196 0.322775536465924 128 255 128 255 
-0.0459592638748721 -0.711747614055342 0.321543077349695 128 255 128 255 
-0.0457921254838005 -0.715041719977606 0.32120851977672 128 255 128 255 
-0.0449969732685504 -0.724043349642295 0.320104500876678 128 255 128 255 
-0.040834902776731 -0.717485767509477 0.320324049299231 128 255 128 255 
-0.0463543058262785 -0.717706499337691 0.32106435656437 128 255 128 255 
-0.0353752004147639 -0.734099311914577 0.318250909333736 128 255 128 255 
-0.0289493747010656 -0.726260757064668 0.319851900205273 128 255 128 255 
-0.0382573028304978 -0.726174065629428 0.319149569515946 128 255 128 255 
-0.0499999999999904 -0.702497967000215 0.323844209732275 128 255 128 255 
-0.0467949481272641 -0.702342723519864 0.322572674784643 128 255 128 255 
-0.0483370836982235 -0.700826386404472 0.323188554805224 128 255 128 255 
-0.0453370977603717 -0.697197811306731 0.322611189374288 128 255 128 255 
-0.0499999999999997 -0.69843061119988 0.324095648361953 128 255 128 255 
-0.0463556391664678 -0.700062324233031 0.322666982392581 128 255 128 255 
-0.223908239848125 -0.698380560029477 0.347355932876052 128 255 128 255 
-0.226204417810204 -0.698675205338928 0.348940378548722 128 255 128 255 
-0.225819734346245 -0.698249809053162 0.347107953637603 128 255 128 255 
-0.0462790681331135 -0.705237611254152 0.32216557512127 128 255 128 255 
-0.0411024991226881 -0.701640074166501 0.321956802418592 128 255 128 255 
-0.200000000000026 -0.140983807310366 -0.926415210078511 128 255 128 255 
-0.209602388248857 -0.140934927323161 -0.933163681555354 128 255 128 255 
-0.0422547025832965 -1.02630210245602 0.124256152999922 128 255 128 255 
-0.0288576940510559 -1.02710822031775 0.121425917129329 128 255 128 255 
-0.0355858730166396 -1.02533053060483 0.129556260700224 128 255 128 255 
-0.050000000000018 -0.68168909986584 0.324851416819855 128 255 128 255 
-0.0499999999999977 -0.686553261969998 0.32465679469616 128 255 128 255 
-0.0500000000000089 -0.676229760834638 0.324899253381066 128 255 128 255 
-0.0476772139731064 -0.678534796316315 0.323905683430399 128 255 128 255 
-0.0417084788895872 -0.677499320753485 0.322906407474804 128 255 128 255 
-0.0452976853607248 -0.676107751666757 0.323321165668452 128 255 128 255 
-0.0369723701108025 -0.679052942509511 0.322872292011073 128 255 128 255 
-0.0352151661437337 -0.68459267399864 0.322854465089345 128 255 128 255 
-0.0370318311410924 -0.671331513097155 0.322959050976469 128 255 128 255 
-0.0500000000000018 -0.690458920384646 0.324517077897238 128 255 128 255 
-0.0471991207592029 -0.687420506779326 0.323566001121798 128 255 128 255 
-0.0460625683620759 -0.690244072433677 0.323113608368447 128 255 128 255 
-0.0463002597533911 -0.661133329421055 0.323586884860337 128 255 128 255 
-0.0500000000000016 -0.664719675292807 0.324877573521953 128 255 128 255 
-0.0460661388877462 -0.664445047455091 0.323520840967485 128 255 128 255 
-0.0368194538435143 -0.743813640991167 0.316775067389478 128 255 128 255 
-0.0298287103723218 -0.742172948338256 0.317386860878079 128 255 128 255 
-0.0370627276181792 -0.738751073795031 0.317480832874649 128 255 128 255 
-0.0414672074572578 -0.655766843433649 0.322876274487067 128 255 128 255 
-0.0465614018156085 -0.657617424797431 0.323620793463713 128 255 128 255 
-0.0463503585070131 -0.667593727412555 0.323559433378253 128 255 128 255 
-0.0434896824610649 -0.670427875633689 0.323145710750184 128 255 128 255 
-0.0413629639319043 -0.664301373183563 0.323058531568303 128 255 128 255 
-0.0465272812131218 -0.653422281430544 0.323512796358287 128 255 128 255 
-0.199999999999893 -0.412603868682501 -0.787834147534749 128 255 128 255 
-0.200000000000112 -0.417646518626881 -0.776687861586806 128 255 128 255 
-0.230000000000012 -0.425330456679969 -0.781179277017655 128 255 128 255 
-0.200000000000256 -0.709048867624813 0.323271384305704 128 255 128 255 
-0.199999999999853 -0.709131687059437 0.32637177017194 128 255 128 255 
-0.201812188446295 -0.707939584766838 0.327480564145767 128 255 128 255 
-0.213553463495301 -0.196978309721237 -0.951256337389171 128 255 128 255 
-0.222374690395457 -0.192421078668277 -0.951319188936197 128 255 128 255 
-0.21743465207429 -0.186977462042646 -0.951136041769694 128 255 128 255 
-0.0383770814037595 -0.773652834376043 0.312016648971064 128 255 128 255 
-0.0359376365283789 -0.777632621660707 0.311014151441152 128 255 128 255 
-0.0499999999999827 -0.77847617310978 0.313055861056101 128 255 128 255 
-0.0499999999999932 -0.787308997920005 0.311170236012425 128 255 128 255 
-0.0352177404158089 -0.782031486573196 0.310125269849454 128 255 128 255 
-0.20000000000017 -0.857962620041461 -0.231222279917418 128 255 128 255 
-0.1999999999998 -0.870676151285618 -0.215522292863884 128 255 128 255 
-0.23 -0.812214957893249 -0.254594918427319 128 255 128 255 
-0.200000000000038 -0.189205437743688 -0.945714486529331 128 255 128 255 
-0.202997812278196 -0.18908839521211 -0.947385873742964 128 255 128 255 
-0.202883648417433 -0.186258318310481 -0.946575923061657 128 255 128 255 
-0.200000000000161 -0.194347294356475 -0.94715607090558 128 255 128 255 
-0.203550935348698 -0.192408433456535 -0.948403216181355 128 255 128 255 
-0.199999999999844 -0.199710508829148 -0.948403734897348 128 255 128 255 
-0.206223912932255 -0.195631859438818 -0.949909041338762 128 255 128 255 
-0.199999999999893 -0.205138239449612 -0.94934328811721 128 255 128 255 
-0.199999999999916 -0.466978762456211 0.261946806449449 128 255 128 255 
-0.200000000000031 -0.450459453241265 0.245554876149734 128 255 128 255 
-0.229999999999897 -0.470879922310815 0.257304113818605 128 255 128 255 
-0.209119399677977 -0.632396698771424 0.405957223270157 128 255 128 255 
-0.21733414819434 -0.634863090424141 0.407669636961116 128 255 128 255 
-0.213898486188081 -0.637763273066321 0.407786601782162 128 255 128 255 
-0.212864410812891 -0.271284425070534 0.133723796600186 128 255 128 255 
-0.2 -0.28248100689756 0.142365133253736 128 255 128 255 
-0.212781054711283 -0.251171702915053 0.129618746685088 128 255 128 255 
-0.2 -0.249500140335572 0.135410306429213 128 255 128 255 
-0.2 -0.648559194761873 -0.448519286397547 128 255 128 255 
-0.2 -0.673643301157808 -0.422253755202553 128 255 128 255 
-0.23 -0.652360327733483 -0.418567911631811 128 255 128 255 
-0.2 -0.624641231609146 -0.475208831970386 128 255 128 255 
-0.202042357955367 -0.707894524378959 0.318601557367636 128 255 128 255 
-0.199999999999995 -0.709269982557917 0.319897381056493 128 255 128 255 
-0.201842206793113 -0.7078179274042 0.320676190804008 128 255 128 255 
-0.200000000000054 -0.177857147790113 -0.942286022083825 128 255 128 255 
-0.2 -0.183512183050948 -0.944066488191359 128 255 128 255 
-0.208854207005179 -0.183481673917744 -0.948628673407279 128 255 128 255 
-0.199999999999982 -0.519789653234454 0.316740445577628 128 255 128 255 
-0.214793125948512 -0.516653422092307 0.312691518448491 128 255 128 255 
-0.213292898745513 -0.53455161995093 0.332560480779465 128 255 128 255 
-0.214420238874251 -0.33882879765143 -0.946845818636232 128 255 128 255 
-0.212309087626773 -0.331216452855972 -0.94795823033005 128 255 128 255 
-0.209625107548554 -0.336417609641693 -0.944774643034949 128 255 128 255 
-0.202167164512667 -0.709980706751804 0.316169390408651 128 255 128 255 
-0.2 -0.71148795591965 0.316640224243945 128 255 128 255 
-0.200863303208625 -0.709553830721251 0.317395061947746 128 255 128 255 
-0.20000000000008 -0.698915168309148 0.380023625781803 128 255 128 255 
-0.203553620817988 -0.693657263184472 0.386742898803442 128 255 128 255 
-0.204731399164734 -0.697696616902684 0.380941942067274 128 255 128 255 
-0.209806898677636 -0.696319017678415 0.382002420143196 128 255 128 255 
-0.206947424388959 -0.201327538511013 -0.950724587443607 128 255 128 255 
-0.207123945458557 -0.217991404941657 -0.951317114078188 128 255 128 255 
-0.210290399319199 -0.213504007575153 -0.951316529294942 128 255 128 255 
-0.204611612368566 -0.214919911150645 -0.95118823531352 128 255 128 255 
-0.208533364441956 -0.209428211284762 -0.951295501420638 128 255 128 255 
-0.205745693075592 -0.212396975570998 -0.951202253998105 128 255 128 255 
-0.205473830861759 -0.701062193737402 0.374381048045506 128 255 128 255 
-0.214497678374225 -0.225039892474031 -0.951323200849133 128 255 128 255 
-0.215204299646471 -0.218861867407709 -0.951321877013649 128 255 128 255 
-0.208841772825102 -0.221473550050371 -0.951320755937853 128 255 128 255 
-0.203017176195984 -0.329459654833317 -0.942521262242781 128 255 128 255 
-0.204642379267529 -0.327723343333352 -0.94454376026094 128 255 128 255 
-0.202632663272998 -0.325809559748288 -0.943763619281354 128 255 128 255 
-0.205782882172042 -0.332875127075595 -0.943387922073699 128 255 128 255 
-0.207675041452295 -0.328142977394163 -0.946383851797088 128 255 128 255 
-0.20704513763627 -0.338051506874937 -0.941977630489572 128 255 128 255 
-0.211049226306099 -0.322518327926234 -0.949250849069873 128 255 128 255 
-0.0499999999999662 -1.01921093446689 0.143354163198334 128 255 128 255 
-0.0421881824697783 -1.02301493747388 0.136258463998123 128 255 128 255 
-0.0430565298457585 -1.01994018891349 0.144396812977424 128 255 128 255 
-0.0371779122180918 -1.02054887946794 0.144295967956792 128 255 128 255 
-0.0286747936010931 -1.01776499427269 0.150612844484539 128 255 128 255 
-0.0427827178660731 -1.01570866942167 0.153135191180063 128 255 128 255 
-0.223628377926755 -0.615654361840738 0.402307399958229 128 255 128 255 
-0.230000000000004 -0.623439445968839 0.405302108556107 128 255 128 255 
-0.222918111047688 -0.621662735095272 0.40469848613006 128 255 128 255 
-0.21776575315062 -0.620601146863642 0.403701113751348 128 255 128 255 
-0.210277066911944 -0.642033387349027 0.407864315643414 128 255 128 255 
-0.2025885456101 -0.712271177158016 0.314419146445458 128 255 128 255 
-0.204521971114014 -0.70591421127603 0.325618939804605 128 255 128 255 
-0.202539098672501 -0.70726271957826 0.323943736526632 128 255 128 255 
-0.214164664126749 -0.744473499715066 0.292702646823932 128 255 128 255 
-0.200000000000003 -0.756245105442724 0.295211523639679 128 255 128 255 
-0.200000000000001 -0.748743289245031 0.298653962156643 128 255 128 255 
-0.220368906097399 -0.627424041241319 0.406201820266893 128 255 128 255 
-0.211510194164314 -0.623602762075193 0.403968848391025 128 255 128 255 
-0.220719748878872 -0.337391879980987 -0.949685999445455 128 255 128 255 
-0.226372196638531 -0.340580350338939 -0.95050677597202 128 255 128 255 
-0.225476396170217 -0.334293065265083 -0.951037757264453 128 255 128 255 
-0.206098661525776 -0.287068518885588 -0.951305508817907 128 255 128 255 
-0.204170420507393 -0.290814289943557 -0.951065698464683 128 255 128 255 
-0.23 -0.276014867578011 -0.951326429743104 128 255 128 255 
-0.21397233685406 -0.285396017314375 -0.951320785672787 128 255 128 255 
-0.20545943601709 -0.293460767861716 -0.951105556791545 128 255 128 255 
-0.200000000000232 -0.315404806167208 -0.945488119843506 128 255 128 255 
-0.204211388529499 -0.321932399052535 -0.946167797192039 128 255 128 255 
-0.203962500274864 -0.314968608386274 -0.947844782497493 128 255 128 255 
-0.206261761082 -0.667481370879307 0.404827481556774 128 255 128 255 
-0.199999999999878 -0.67284530042862 0.402229105581896 128 255 128 255 
-0.200000000000516 -0.667075964540112 0.404328323514097 128 255 128 255 
-0.200000000000263 -0.709157598360805 0.354651758775213 128 255 128 255 
-0.200000000000278 -0.70798371860304 0.36003482476906 128 255 128 255 
-0.208357144685439 -0.704339626369371 0.360105412117411 128 255 128 255 
-0.199999999999666 -0.851748967315981 0.242329144353863 128 255 128 255 
-0.2 -0.83958038677721 0.25030161287065 128 255 128 255 
-0.210369868354886 -0.836416628969455 0.24523211913581 128 255 128 255 
-0.213206050962666 -0.345093116616538 -0.943385088736693 128 255 128 255 
-0.210739691189494 -0.340832725871583 -0.943734104510609 128 255 128 255 
-0.223872430318732 -0.696599593924895 0.338745975538119 128 255 128 255 
-0.226566227005764 -0.69758167063735 0.340248899207447 128 255 128 255 
-0.225849124935407 -0.69693178006969 0.338622353851919 128 255 128 255 
-0.211299261062003 -0.312632639197042 -0.950627351854525 128 255 128 255 
-0.207454721163823 -0.317258697125409 -0.948871220942144 128 255 128 255 
-0.208272837480763 -0.343411086938948 -0.940075438605645 128 255 128 255 
-0.212159047504322 -0.350956688383239 -0.9385844270463 128 255 128 255 
-0.219333874267659 -0.346137692697139 -0.946765254952226 128 255 128 255 
-0.230000000000055 -0.337595357138501 -0.951235530346668 128 255 128 255 
-0.23000000000006 -0.331805325550317 -0.951315387908652 128 255 128 255 
-0.227938484893217 -0.336082930443619 -0.951159807647345 128 255 128 255 
-0.200000000000117 -0.701252087168313 0.376082397102182 128 255 128 255 
-0.213349229979626 -0.70121657863755 0.368906998512508 128 255 128 255 
-0.206827423298458 -0.703262893984286 0.367277513474082 128 255 128 255 
-0.205668775540382 -0.651718231192143 0.407529923194998 128 255 128 255 
-0.2 -0.661083366157632 0.405723764478754 128 255 128 255 
-0.20000000000025 -0.654117644629734 0.406420382671726 128 255 128 255 
-0.19999999999983 -0.646749914944868 0.406326090487731 128 255 128 255 
-0.215577669024018 -0.326640691990719 -0.95000781901281 128 255 128 255 
-0.223634129035836 -0.695862981225606 0.335201274170826 128 255 128 255 
-0.225947875003163 -0.696414208626026 0.335021813943528 128 255 128 255 
-0.225434643788272 -0.695945336550493 0.333928379196278 128 255 128 255 
-0.227148550730894 -0.696749451359785 0.332479642753496 128 255 128 255 
-0.225424999646425 -0.695354040711923 0.330064497431244 128 255 128 255 
-0.22520624167973 -0.695450420504175 0.331553012233878 128 255 128 255 
-0.225500577641558 -0.696488005056278 0.337092893533996 128 255 128 255 
-0.217204826072827 -0.698034695114945 0.332677019084635 128 255 128 255 
-0.220247450640414 -0.697486184260701 0.33693193425176 128 255 128 255 
-0.221325712231487 -0.696128750602641 0.332801964895589 128 255 128 255 
-0.224860545350818 -0.350585536256827 -0.947766021949889 128 255 128 255 
-0.224566757137022 -0.345603674550479 -0.949115656101292 128 255 128 255 
-0.230000000000261 -0.348073542889787 -0.950037154196558 128 255 128 255 
-0.226393533916432 -0.362217874645868 -0.942830636771843 128 255 128 255 
-0.229999999999999 -0.361343668196183 -0.945542693962606 128 255 128 255 
-0.228372576935376 -0.35939682833073 -0.945653029268914 128 255 128 255 
-0.227298958476457 -0.356867486576044 -0.946292268624583 128 255 128 255 
-0.230000000000043 -0.357036865660091 -0.947441624707544 128 255 128 255 
-0.223245928510118 -0.355680674909913 -0.944695821087233 128 255 128 255 
-0.200000000000182 -0.685624283521649 0.39475200755436 128 255 128 255 
-0.208501087291792 -0.688019548920335 0.392552091728987 128 255 128 255 
-0.203023057601677 -0.689187579528649 0.391654285449878 128 255 128 255 
-0.200732352995309 -0.708564700764474 0.321516566004811 128 255 128 255 
-0.200000000000104 -0.709089378077164 0.32157677352714 128 255 128 255 
-0.0416344614724505 -0.758518423253682 0.314820985231509 128 255 128 255 
-0.0345798963668393 -0.757039242909674 0.314637668236006 128 255 128 255 
-0.0418845583377712 -0.755933232475601 0.315263590917847 128 255 128 255 
-0.0317981228821284 -0.753512009158797 0.315359486582454 128 255 128 255 
-0.0414488874511713 -0.750753016691881 0.316080800592734 128 255 128 255 
-0.0401394353898284 -0.754207632259303 0.315373877993725 128 255 128 255 
-0.0500000000000317 -0.754265201892919 0.317551656397848 128 255 128 255 
-0.0500000000000159 -0.761576872342436 0.316201594485488 128 255 128 255 
-0.200000000000153 -0.0944562657713815 -0.908352297805616 128 255 128 255 
-0.2 -0.10586113520313 -0.910925273461739 128 255 128 255 
-0.203962089259946 -0.103616328844145 -0.91152309539601 128 255 128 255 
-0.208476183624076 -0.101227162541704 -0.912230338407494 128 255 128 255 
-0.200000000000327 -0.148711073468223 -0.930541921483556 128 255 128 255 
-0.20000000000023 -0.156178971667853 -0.93399434328453 128 255 128 255 
-0.208405419894352 -0.146847716779457 -0.935371303823401 128 255 128 255 
-0.0390954043599083 -0.999203652895512 0.176963464706128 128 255 128 255 
-0.0455518206908204 -0.991235567135457 0.18358157756148 128 255 128 255 
-0.0462204434829506 -0.998159870574027 0.177067758849078 128 255 128 255 
-0.05 -0.997651259694948 0.176695665354085 128 255 128 255 
-0.0351716384503107 -0.664660834715828 0.323159379398165 128 255 128 255 
-0.205918313262505 -0.660483605297984 0.406653460019588 128 255 128 255 
-0.20241274979572 -0.664083422520264 0.405513929222994 128 255 128 255 
-0.200000000000377 -0.639419076651846 0.405487526010122 128 255 128 255 
-0.211962971500227 -0.701786279526821 0.33797060594704 128 255 128 255 
-0.2 -0.709730758771624 0.33647071054457 128 255 128 255 
-0.204734488952853 -0.707227350939162 0.34576760485349 128 255 128 255 
-0.200000000000084 -0.709968978371544 0.344678302274393 128 255 128 255 
-0.200000000000162 -0.709802351622534 0.349680873551624 128 255 128 255 
-0.213100359389839 -0.70003179615934 0.328443121840871 128 255 128 255 
-0.205623033741705 -0.705400690807865 0.330552635636391 128 255 128 255 
-0.2 -0.623223331598804 0.401790198980946 128 255 128 255 
-0.0424087605986226 -0.709064552701152 0.321309616791372 128 255 128 255 
-0.0466337636282826 -0.708113680581867 0.321993265379289 128 255 128 255 
-0.0337392407689881 -0.710005927108173 0.321114563565726 128 255 128 255 
-0.218965859364926 -0.641936552353454 0.408896953014001 128 255 128 255 
-0.224499176327305 -0.635157654050408 0.408232886127152 128 255 128 255 
-0.224871187062324 -0.640708988015473 0.409238707947612 128 255 128 255 
-0.229999999999981 -0.639201503403917 0.409057521264407 128 255 128 255 
-0.0409794372541924 -0.693520656770846 0.32231819394845 128 255 128 255 
-0.221336897796206 -0.694396058064119 0.322931592273844 128 255 128 255 
-0.221908072328182 -0.694570285264601 0.325727059568874 128 255 128 255 
-0.223106629163918 -0.69377216651044 0.323689607892523 128 255 128 255 
-0.220588436314755 -0.649158299101686 0.409436713512762 128 255 128 255 
-0.226044627119377 -0.646753643898186 0.409762171367714 128 255 128 255 
-0.224025557421238 -0.651989771267356 0.409571168634889 128 255 128 255 
-0.199999999999782 -0.709958020090231 0.340154683077004 128 255 128 255 
-0.225137393692978 -0.699434046860466 0.357807708542387 128 255 128 255 
-0.226203929886341 -0.699531209759432 0.358806751515423 128 255 128 255 
-0.226490318902322 -0.699625774098422 0.357851341787139 128 255 128 255 
-0.226677277360408 -0.699661472639927 0.356511145508575 128 255 128 255 
-0.222343977965848 -0.697464744604338 0.340287379617841 128 255 128 255 
-0.222258478411692 -0.6999657633984 0.356518222626381 128 255 128 255 
-0.224345630548194 -0.699556215331522 0.360310712315337 128 255 128 255 
-0.218833116499684 -0.698888626435253 0.340506158508211 128 255 128 255 
-0.217312636054203 -0.700122594431446 0.343563891178266 128 255 128 255 
-0.2 -0.920039586063607 0.17705622014089 128 255 128 255 
-0.200000000000238 -0.912296773794688 0.187020206116568 128 255 128 255 
-0.207293429534812 -0.905629071274731 0.188006074645671 128 255 128 255 
-0.199999999999883 -0.706231580151153 0.365627202575684 128 255 128 255 
-0.2000000000002 -0.703976934739088 0.371041257088764 128 255 128 255 
-0.212842018712001 -0.702521532813318 0.346536873226402 128 255 128 255 
-0.222528883885034 -0.698116982107319 0.343658734112486 128 255 128 255 
-0.227507926481443 -0.695845639865551 0.325190175246771 128 255 128 255 
-0.225348568169461 -0.694042293606255 0.320943831954887 128 255 128 255 
-0.224631905461239 -0.694143383620558 0.325019106888514 128 255 128 255 
-0.227199826121557 -0.699718162839333 0.354025372672083 128 255 128 255 
-0.229999999999932 -0.700768147297308 0.351879565679326 128 255 128 255 
-0.227459166971876 -0.699617384486364 0.352156045795846 128 255 128 255 
-0.23 -0.700484660423466 0.348667030867153 128 255 128 255 
-0.227500328511625 -0.699005027527755 0.346707306727821 128 255 128 255 
-0.0468971848887599 -0.640835849880455 0.323174847890519 128 255 128 255 
-0.05 -0.645714997911415 0.324416791589529 128 255 128 255 
-0.0459658061078848 -0.644409027185695 0.323117314086871 128 255 128 255 
-0.0457119255843821 -0.633067843865802 0.322567522698745 128 255 128 255 
-0.049999999999992 -0.639983996171778 0.324162552612915 128 255 128 255 
-0.042610752415577 -0.640975123381083 0.322415078715327 128 255 128 255 
-0.0500000000000128 -0.74715808674532 0.318640108842159 128 255 128 255 
-0.226335799493003 -0.699228744476013 0.352827306063184 128 255 128 255 
-0.223816493877563 -0.698868787343599 0.350461241719219 128 255 128 255 
-0.222387954193402 -0.699530906407448 0.352369384077522 128 255 128 255 
-0.224128183440233 -0.698981604917474 0.351969669551985 128 255 128 255 
-0.225109538039633 -0.699224320606181 0.355495075572886 128 255 128 255 
-0.218530961975489 -0.70089294041608 0.35280076917717 128 255 128 255 
-0.225399785174441 -0.697855387862656 0.345578802761854 128 255 128 255 
-0.225611996763981 -0.697720512756501 0.344180216010479 128 255 128 255 
-0.212786067089636 -0.703131039538516 0.352534068165231 128 255 128 255 
-0.216234487358918 -0.70189885184372 0.356907749178792 128 255 128 255 
-0.223677747530523 -0.698703451712743 0.348946625665235 128 255 128 255 
-0.206989205021291 -0.314138894980252 -0.949257150895489 128 255 128 255 
-0.218842884671695 -0.700757814627054 0.362494966848521 128 255 128 255 
-0.224785469744824 -0.699379653220995 0.356633987613182 128 255 128 255 
-0.0433025662211465 -0.647861498172286 0.322842501641454 128 255 128 255 
-0.0473803130910118 -0.649135129403695 0.323586938757732 128 255 128 255 
-0.0467002986249232 -0.646785620566154 0.323335430821878 128 255 128 255 
-0.222629532168532 -0.171151678793723 -0.950262250879229 128 255 128 255 
-0.23 -0.16383259343415 -0.950404355452502 128 255 128 255 
-0.22252583897363 -0.164958711589851 -0.948766453868779 128 255 128 255 
-0.225281560107219 -0.160348833800133 -0.948286202577359 128 255 128 255 
-0.220995381745987 -0.699619829474109 0.348925468046322 128 255 128 255 
-0.229999999999865 -0.35257302672491 -0.948931534839981 128 255 128 255 
-0.226301519030667 -0.353921209807717 -0.94708746665315 128 255 128 255 
-0.205416721226665 -0.311636852858905 -0.949121837298449 128 255 128 255 
-0.230000000000055 -0.527607547438744 0.322523378145058 128 255 128 255 
-0.204542406684797 -0.351514394560635 -0.927864403363912 128 255 128 255 
-0.200000000000003 -0.349445545381337 -0.925254534866918 128 255 128 255 
-0.2 -0.35418705731093 -0.920712631898324 128 255 128 255 
-0.199999999999999 -0.358852990620496 -0.915288280469356 128 255 128 255 
-0.2 -0.344779125873539 -0.929226371900053 128 255 128 255 
-0.19999999999994 -0.566801611978888 0.36360861553202 128 255 128 255 
-0.213687249852159 -0.574691720599647 0.373112994709483 128 255 128 255 
-0.200000000000314 -0.577125911800732 0.373001940704706 128 255 128 255 
-0.2 -0.587361348339116 0.381331567137873 128 255 128 255 
-0.221333354332637 -0.694060984805794 0.318506916184088 128 255 128 255 
-0.221594621583647 -0.694072503942336 0.320813890046902 128 255 128 255 
-0.224625397563659 -0.695310971100423 0.332878478003197 128 255 128 255 
-0.227078530804672 -0.696131216094738 0.32874797677983 128 255 128 255 
-0.230000000000001 -0.697951329055937 0.328393387511544 128 255 128 255 
-0.0200000000000009 -0.74319483674439 0.318524952775889 128 255 128 255 
-0.208184241821471 -0.703204446718151 0.32487068537721 128 255 128 255 
-0.200000000000248 -0.631481408180209 0.404060192944215 128 255 128 255 
-0.200000000000116 -0.0340390420070959 -0.898824418358132 128 255 128 255 
-0.209037100854704 -0.0157875137968883 -0.895792007595626 128 255 128 255 
-0.199999999999962 -0.0225957615000635 -0.89768179899624 128 255 128 255 
-0.229999999999924 -0.419383123579292 -0.800126135553471 128 255 128 255 
-0.199999999999963 -0.403097673259114 -0.810192933935498 128 255 128 255 
-0.230000000000176 -0.422135604604289 -0.790491802455046 128 255 128 255 
-0.0321433976580068 -0.761303832165348 0.313916582789815 128 255 128 255 
-0.200000000000153 -0.0706624798606923 -0.903925648516444 128 255 128 255 
-0.200000000000027 -0.0582801601115951 -0.902091808085324 128 255 128 255 
-0.0363195822959899 -0.764692742267466 0.313343779240745 128 255 128 255 
-0.0400694094459977 -0.761451027169824 0.314151378491637 128 255 128 255 
-0.0199999999999961 -0.759170882519261 0.315474694819552 128 255 128 255 
-0.225369029363762 -0.327429680770094 -0.951311269269738 128 255 128 255 
-0.219997307014824 -0.322528485999915 -0.951168563551818 128 255 128 255 
-0.219463216020288 -0.330094808603575 -0.950483354812897 128 255 128 255 
-0.222676442584174 -0.342474690662413 -0.949208610593941 128 255 128 255 
-0.199999999999685 -0.76677988629567 0.290290559414448 128 255 128 255 
-0.222674098632786 -0.332341348654678 -0.950835563064533 128 255 128 255 
-0.223252130679849 -0.694944121112042 0.330671686923362 128 255 128 255 
-0.223260624843889 -0.696389788803584 0.337043872802636 128 255 128 255 
-0.200000000000163 -0.286929154755294 -0.950611103501648 128 255 128 255 
-0.205887125152195 -0.282883863310546 -0.95131858336487 128 255 128 255 
-0.212323514923987 -0.27908983171742 -0.951321209735489 128 255 128 255 
-0.199999999999916 -0.278208440482823 -0.951069092714004 128 255 128 255 
-0.200000000000067 -0.282571135357072 -0.950889963833026 128 255 128 255 
-0.202983592601644 -0.284877369088224 -0.951166977010813 128 255 128 255 
-0.211758428258923 -0.272945636002147 -0.951327647882413 128 255 128 255 
-0.199999999999981 -0.269270300097479 -0.951269255014145 128 255 128 255 
-0.200000000000052 -0.7771547774533 0.285029290893044 128 255 128 255 
-0.215660986077079 -0.782607939479593 0.272921564764269 128 255 128 255 
-0.216469803913319 -0.262126637346423 -0.951327616730354 128 255 128 255 
-0.208846121372119 -0.339720734374814 -0.942727922203377 128 255 128 255 
-0.203243517112485 -0.33738515772287 -0.938307566142105 128 255 128 255 
-0.200000000000071 -0.456173331593966 -0.703711117946219 128 255 128 255 
-0.230000000000256 -0.444248610009107 -0.730413996889215 128 255 128 255 
-0.200000000000004 -0.450972258108543 -0.712496862499487 128 255 128 255 
-0.2 -0.325989556990935 -0.941331477166736 128 255 128 255 
-0.209969403844124 -0.204443423928342 -0.951262596152282 128 255 128 255 
-0.204679239543317 -0.207049953754548 -0.950781831425056 128 255 128 255 
-0.199999999999971 -0.211746543269043 -0.950184485023131 128 255 128 255 
-0.220893846829893 -0.207408597324512 -0.951321409586431 128 255 128 255 
-0.199999999999914 -0.218995922284612 -0.950749567399229 128 255 128 255 
-0.209410066910094 -0.2273187001258 -0.951322351260376 128 255 128 255 
-0.207282359120057 -0.224477598610537 -0.951321062659025 128 255 128 255 
-0.204038655556289 -0.222282617284647 -0.951304616032887 128 255 128 255 
-0.199999999999967 -0.234495285125104 -0.951263493813329 128 255 128 255 
-0.214054410761786 -0.234151749466206 -0.951325319351804 128 255 128 255 
-0.208086984288617 -0.230515313123418 -0.951322770853567 128 255 128 255 
-0.229999999999999 -0.227729447178764 -0.951327608485387 128 255 128 255 
-0.199999999999852 -0.827087301097518 0.257743366629043 128 255 128 255 
-0.200000000000163 -0.814323621333443 0.265084908346592 128 255 128 255 
-0.199999999999963 -0.904161489771694 0.196658110526471 128 255 128 255 
-0.206909968472754 -0.888999637478134 0.206553557977564 128 255 128 255 
-0.23 -0.236679085996229 -0.95132739000706 128 255 128 255 
-0.217674856559783 -0.230239031249714 -0.951325360370321 128 255 128 255 
-0.0471463992769828 -0.673593233014431 0.323815286109948 128 255 128 255 
-0.0475562524531487 -0.676115015199445 0.323908003725456 128 255 128 255 
-0.0499999999999933 -0.658184352961017 0.324788272773926 128 255 128 255 
-0.0199999999999956 -0.751191446195593 0.31704649976699 128 255 128 255 
-0.0345024394474026 -0.749104880805738 0.315944272827359 128 255 128 255 
-0.0499999999999999 -0.661452002647095 0.324834018049144 128 255 128 255 
-0.0499999999999998 -0.705110263310056 0.32358018022654 128 255 128 255 
-0.0483090507339286 -0.703787849132233 0.322928803234201 128 255 128 255 
-0.042868255643322 -0.738056784768353 0.318003666957388 128 255 128 255 
-0.0395550414946251 -0.73609030264494 0.317866892677232 128 255 128 255 
-0.219606460889918 -0.696005780581156 0.314007295787562 128 255 128 255 
-0.22245346545581 -0.693666653337916 0.315007209414992 128 255 128 255 
-0.221844661002561 -0.695271856140243 0.312745715251048 128 255 128 255 
-0.223725321576871 -0.694435251006565 0.312067459924407 128 255 128 255 
-0.048257315132745 -0.706538922784018 0.322680630637447 128 255 128 255 
-0.228524916378617 -0.374009767517309 -0.931921634441757 128 255 128 255 
-0.230000000000293 -0.376180762106138 -0.930102530762377 128 255 128 255 
-0.229999999999829 -0.374881103429765 -0.932790680387957 128 255 128 255 
-0.228146344910587 -0.67596308657704 0.401995036279688 128 255 128 255 
-0.22999999999974 -0.67261778833858 0.403907503814266 128 255 128 255 
-0.230000000000148 -0.675215739757515 0.402554234577959 128 255 128 255 
-0.229200749668073 -0.696058424251747 0.306923060611973 128 255 128 255 
-0.23 -0.695612245729693 0.30822834505487 128 255 128 255 
-0.23 -0.695558831039633 0.307141585544511 128 255 128 255 
-0.0319510575879429 -0.310790927460925 0.182860326312281 128 255 128 255 
-0.02 -0.303753234492669 0.181358792085182 128 255 128 255 
-0.02 -0.329998831081165 0.19046382882761 128 255 128 255 
-0.228308304904878 -0.664828335845737 0.40734032345585 128 255 128 255 
-0.229999999999551 -0.661803884837063 0.408225641071033 128 255 128 255 
-0.229999999999854 -0.664622565030061 0.4074467550852 128 255 128 255 
-0.222818114326412 -0.245146975997007 0.1235258212035 128 255 128 255 
-0.23 -0.206877659613472 0.116625392336466 128 255 128 255 
-0.229999999999998 -0.234382453721253 0.118185246886973 128 255 128 255 
-0.229999999999997 -0.261581628858041 0.122383781574142 128 255 128 255 
-0.230000000000295 -0.69408151460049 0.384350117135605 128 255 128 255 
-0.226956677036905 -0.691838762603183 0.387254883972422 128 255 128 255 
-0.230000000000109 -0.692504749622412 0.386819556281075 128 255 128 255 
-0.227978202008979 -0.370489035125741 -0.936592431547367 128 255 128 255 
-0.23 -0.373284050764851 -0.935313394622485 128 255 128 255 
-0.229999999999857 -0.371495297042161 -0.937581207268054 128 255 128 255 
-0.23 -0.698297592467052 0.304789014336048 128 255 128 255 
-0.228461976899028 -0.697113874938512 0.306630089060476 128 255 128 255 
-0.23 -0.696583889504883 0.306006973887903 128 255 128 255 
-0.22723325788743 -0.698544168325615 0.306385252952963 128 255 128 255 
-0.229999999999998 -0.872073147140968 -0.180839328920407 128 255 128 255 
-0.23 -0.842983127893609 -0.218404273929326 128 255 128 255 
-0.199999999999751 -0.900064601126093 -0.175806462068381 128 255 128 255 
-0.23 -0.369501272973199 -0.939670823428853 128 255 128 255 
-0.228170062706268 -0.696110017571751 0.307565134303597 128 255 128 255 
-0.2272730652684 -0.700281656836732 0.305271978585902 128 255 128 255 
-0.224811902555895 -0.702546253764027 0.305419382249883 128 255 128 255 
-0.224438205617047 -0.699986604209019 0.307291444903639 128 255 128 255 
-0.219388381458834 -0.703686704124223 0.308404171523876 128 255 128 255 
-0.223290113549243 -0.706872143318434 0.304068637098986 128 255 128 255 
-0.20614464128776 -0.716053501317065 0.310242116916287 128 255 128 255 
-0.220611450088335 -0.729883982259685 0.295338174442738 128 255 128 255 
-0.207388254476549 -0.727911055469981 0.304082901067447 128 255 128 255 
-0.23 -0.916002307127395 0.144354145807895 128 255 128 255 
-0.23 -0.908571915241212 0.156783903275449 128 255 128 255 
-0.199999999999948 -0.664107896084797 0.405146764806538 128 255 128 255 
-0.208648150557954 -0.930688554777145 0.150169508675221 128 255 128 255 
-0.218537967840904 -0.919610930460445 0.155236042285791 128 255 128 255 
-0.0499999999999601 -1.01613153295159 0.150168139211018 128 255 128 255 
-0.0499999999999834 -1.01250566500338 0.156700980492499 128 255 128 255 
-0.226308163162132 -0.695131468032092 0.381671167940304 128 255 128 255 
-0.230000000000178 -0.695530921835515 0.381812015144256 128 255 128 255 
-0.029045574233614 -1.02356422032375 0.135942445469517 128 255 128 255 
-0.199999999999691 -0.70937385139464 0.318800263918188 128 255 128 255 
-0.200678893343289 -0.708925395256631 0.318403115636351 128 255 128 255 
-0.200305038534554 -0.70936702853338 0.317984059230703 128 255 128 255 
-0.201254418018397 -0.708687362622431 0.317793065599207 128 255 128 255 
-0.0200000000000427 -0.398698448974333 -0.771611470728524 128 255 128 255 
-0.0199999999999993 -0.405125417415283 -0.767395058736486 128 255 128 255 
-0.0256398872480626 -0.402917062999312 -0.766267207604756 128 255 128 255 
-0.204836184044057 -0.709406520388691 0.314691607093553 128 255 128 255 
-0.202948382180396 -0.708521435306906 0.31664366286395 128 255 128 255 
-0.201800441044324 -0.708803458774088 0.317267204759665 128 255 128 255 
-0.199999999999857 -0.714618777802301 0.314673343743589 128 255 128 255 
-0.229129022455998 -0.376513842913705 -0.927362309427403 128 255 128 255 
-0.22999999999975 -0.37729418517358 -0.927327100687266 128 255 128 255 
-0.227653348152775 -0.374520920619553 -0.928894665247518 128 255 128 255 
-0.227729361836529 -0.376127568214009 -0.925940357727884 128 255 128 255 
-0.226758683856287 -0.377188059170482 -0.922966583408262 128 255 128 255 
-0.23 -0.378777923818265 -0.924769190895269 128 255 128 255 
-0.230000000000185 -0.382110116277136 -0.919868337260218 128 255 128 255 
-0.0199999999999804 -1.015243557021 0.154100498088082 128 255 128 255 
-0.024679699837406 -0.411196719239681 -0.761348432975904 128 255 128 255 
-0.0260157778924422 -0.426662252391461 -0.750605938388774 128 255 128 255 
-0.0366354795192943 -0.405146404579464 -0.760756295804624 128 255 128 255 
-0.0352996857703671 -1.02227213168491 -0.00681642207117558 128 255 128 255 
-0.0499999999999207 -1.02278238085566 0.000411797203898893 128 255 128 255 
-0.049999999999976 -1.02062601666223 -0.0128294753908603 128 255 128 255 
-0.0294936790098983 -1.01882397206911 -0.0282283372726336 128 255 128 255 
-0.0241318119320051 -1.02070723112269 -0.0179001465124988 128 255 128 255 
-0.0386554758392667 -1.01932047886345 -0.0241870165556085 128 255 128 255 
-0.0499999999999271 -1.01861200795852 -0.0241318809319461 128 255 128 255 
-0.0288834057454992 -1.02635287580875 0.0200673647371578 128 255 128 255 
-0.0390551139006094 -0.988410704362844 0.186702793724184 128 255 128 255 
-0.0319203903252681 -0.980554908478694 0.193249482711134 128 255 128 255 
-0.210496906234955 -0.614964094937976 0.400538700192975 128 255 128 255 
-0.2 -0.615266847716517 0.398617857583118 128 255 128 255 
-0.204790805918801 -0.610593629841359 0.397430660275538 128 255 128 255 
-0.200000000000131 -0.163780371657536 -0.937132039749192 128 255 128 255 
-0.200000000000016 -0.170954590929257 -0.939915633222088 128 255 128 255 
-0.204718001183385 -0.165576621461923 -0.940678280890156 128 255 128 255 
-0.202385087238293 -0.381013010264232 -0.874464004712431 128 255 128 255 
-0.210473426361689 -0.385328005516022 -0.879814131506065 128 255 128 255 
-0.204374005828839 -0.376695493971228 -0.890719610266887 128 255 128 255 
-0.212843136460484 -0.915188112183241 0.169513238559742 128 255 128 255 
-0.205237417700213 -0.34497045225811 -0.934795696401226 128 255 128 255 
-0.202643061697827 -0.343632679589347 -0.932532429086167 128 255 128 255 
-0.0499999999999792 -1.02861311237538 0.0625820018530845 128 255 128 255 
-0.050000000000043 -1.0280416208182 0.0512737917089136 128 255 128 255 
-0.0437766465368602 -0.973203643464831 -0.145121435975318 128 255 128 255 
-0.0500000000000108 -0.982858882679268 -0.126456089746331 128 255 128 255 
-0.0500000000000975 -0.976316630030195 -0.139122278672236 128 255 128 255 
-0.0277524658393116 -0.959657583839435 0.209180183593117 128 255 128 255 
-0.0414529721000375 -0.950297929709962 0.217164132110368 128 255 128 255 
-0.0341902681332108 -0.939779876471763 0.226585393753342 128 255 128 255 
-0.0446016549995326 -0.939292254353219 0.227072735604939 128 255 128 255 
-0.2 -0.11633707978104 -0.914235510389957 128 255 128 255 
-0.0267152513879273 -1.01130666106266 -0.0592545007334098 128 255 128 255 
-0.0199999999999963 -1.00541189537694 -0.076055809842795 128 255 128 255 
-0.224668607182576 -0.84041702732134 0.23127369802064 128 255 128 255 
-0.229999999999986 -0.817706977728634 0.241993708540254 128 255 128 255 
-0.199999999999975 -0.133338575070106 -0.922105083788433 128 255 128 255 
-0.0476967299777325 -0.619045378424737 0.322227483382377 128 255 128 255 
-0.0475346918546115 -0.625093534088644 0.322701161509623 128 255 128 255 
-0.0417410962057324 -0.619980418727911 0.321128734593001 128 255 128 255 
-0.0468089381725319 -0.609437109807161 0.320986776275634 128 255 128 255 
-0.227425087235878 -0.698091420823841 0.373987146885156 128 255 128 255 
-0.229999999999842 -0.698546987818432 0.374030625770163 128 255 128 255 
-0.227954507300552 -0.698820307030258 0.371149587074752 128 255 128 255 
-0.229999999999971 -0.701918684692843 0.30260916484042 128 255 128 255 
-0.21524580900134 -0.0880820375643051 -0.909959458703387 128 255 128 255 
-0.200000000000187 -0.964080925510756 -0.0258859048083839 128 255 128 255 
-0.229999999999931 -0.941783070128426 -0.0285409982427703 128 255 128 255 
-0.200000000000027 -0.386328304210273 -0.852799939098023 128 255 128 255 
-0.200000000000084 -0.382619954790707 -0.863645580143155 128 255 128 255 
-0.0199999999999932 -1.02267748930143 -0.00471638379081785 128 255 128 255 
-0.212258393885512 -0.959554858461597 0.0474092186409959 128 255 128 255 
-0.23 -0.946892799200212 0.0284007289423043 128 255 128 255 
-0.020000000000008 -1.02946501054736 0.086262881307752 128 255 128 255 
-0.0306665523316921 -1.02983151132375 0.0916917858093116 128 255 128 255 
-0.0379121688337064 -0.44204698361504 -0.734807387009347 128 255 128 255 
-0.0417064058699043 -0.422975944362342 -0.746966828999169 128 255 128 255 
-0.0242164888913096 -0.619836103030516 0.322605063136017 128 255 128 255 
-0.0200000000000049 -0.612350799179832 0.322465420091016 128 255 128 255 
-0.0242839447198396 -0.609952398874033 0.320933928658798 128 255 128 255 
-0.0200000000000102 -1.02521517589027 0.127962259888347 128 255 128 255 
-0.019999999999991 -1.0234503554815 0.134620549605258 128 255 128 255 
-0.2 -0.379136457838518 -0.874542276146797 128 255 128 255 
-0.0499999999999889 -0.599393916448044 0.320087302384738 128 255 128 255 
-0.0499999999999791 -0.605224839142943 0.321142445058523 128 255 128 255 
-0.0294287913560672 -0.918872895532513 0.243876951534677 128 255 128 255 
-0.0435512316383448 -0.914088764097603 0.248444991775287 128 255 128 255 
-0.0419611569487573 -0.928234063512407 0.236695113317923 128 255 128 255 
-0.0200000000000005 -0.62211424747123 0.324056421937811 128 255 128 255 
-0.0199999999999998 -0.619423258005371 0.323736902157758 128 255 128 255 
-0.0208083773262045 -0.622819307033015 0.323904609385653 128 255 128 255 
-0.025520429065623 -0.632488001006796 0.323513458328142 128 255 128 255 
-0.019999999999999 -0.643604009226702 0.325718550146155 128 255 128 255 
-0.020000000000001 -0.63930408897895 0.325469060726395 128 255 128 255 
-0.0499999999999893 -0.611098849353417 0.321956347448033 128 255 128 255 
-0.0199999999999996 -0.249723691084203 -0.843266779243972 128 255 128 255 
-0.0199999999999957 -0.258994962959217 -0.839627010861988 128 255 128 255 
-0.0499999999999969 -0.456092415230961 -0.720567268381498 128 255 128 255 
-0.0347609858218039 -0.458989799480317 -0.723613003282067 128 255 128 255 
-0.0499999999999993 -0.463031821651933 -0.715326564003777 128 255 128 255 
-0.0330255343464243 -0.469263109994726 -0.716391406367785 128 255 128 255 
-0.0256630888211408 -0.464734085134655 -0.723057218220428 128 255 128 255 
-0.0500000000000414 -0.253273532650962 -0.844327234747119 128 255 128 255 
-0.0200000000000181 -0.44524040156543 -0.740938960683417 128 255 128 255 
-0.23 -0.307024664585332 -0.951320130348767 128 255 128 255 
-0.23 -0.297365753280157 -0.951320271259131 128 255 128 255 
-0.224755512749711 -0.59801021933657 0.39210466341823 128 255 128 255 
-0.23000000000029 -0.60825967187263 0.398751005839362 128 255 128 255 
-0.218076058268635 -0.606033277737285 0.39687412571298 128 255 128 255 
-0.208820331684797 -0.606304673830505 0.395881405927493 128 255 128 255 
-0.2 -0.606254038533939 0.393936582599033 128 255 128 255 
-0.211075542889875 -0.594685448158569 0.38873788288617 128 255 128 255 
-0.0357263030205139 -0.476611161596117 -0.709510758642375 128 255 128 255 
-0.0424136436374948 -0.471146970337638 -0.711509799674264 128 255 128 255 
-0.0332136802385912 -0.483486104785576 -0.704551801312519 128 255 128 255 
-0.0266557244409727 -0.475016257064666 -0.714501240538421 128 255 128 255 
-0.0200000000000034 -0.629703285261621 0.32478163246887 128 255 128 255 
-0.0200000000000001 -0.627156162270694 0.324543469049468 128 255 128 255 
-0.0213178096163262 -0.629932838212376 0.324360824244349 128 255 128 255 
-0.0437115377458505 -1.02951828391853 0.0946689338545295 128 255 128 255 
-0.0387495976425709 -1.02874640560244 0.109677471664741 128 255 128 255 
-0.0432461674862408 -0.483970127808846 -0.700395413917273 128 255 128 255 
-0.0500000000000024 -0.508129837510621 -0.676888063629887 128 255 128 255 
-0.0500000000000495 -0.496974432964436 -0.687057578974041 128 255 128 255 
-0.0200000000000327 -0.473646620356266 -0.719043940657629 128 255 128 255 
-0.0199999999999993 -0.479555176009774 -0.713946491100484 128 255 128 255 
-0.230000000000053 -0.40483007097134 -0.854563034261208 128 255 128 255 
-0.223494439023125 -0.940847095099233 0.0998278358063537 128 255 128 255 
-0.229999999999579 -0.927271038721715 0.121621565725018 128 255 128 255 
-0.229999999999935 -0.93089710098062 0.112725453171367 128 255 128 255 
-0.02 -0.607448702298743 0.32162898980879 128 255 128 255 
-0.0252292760958071 -0.599069912160414 0.318531314207668 128 255 128 255 
-0.0199999999999996 -0.71548190075792 0.322696631127641 128 255 128 255 
-0.0200000000000035 -0.709797555916143 0.323388852367389 128 255 128 255 
-0.0235651409336571 -0.714503926233954 0.32209893229082 128 255 128 255 
-0.0500000000000115 -0.322314377500328 -0.809173204351344 128 255 128 255 
-0.034981846658346 -0.315908039213997 -0.813564127951393 128 255 128 255 
-0.0500000000000021 -0.330780323279946 -0.80420209969263 128 255 128 255 
-0.0200000000000014 -0.268095285106363 -0.835967878066435 128 255 128 255 
-0.0199999999999991 -0.277205750726615 -0.832333988595711 128 255 128 255 
-0.0500000000000015 -0.274727164024171 -0.834237844724466 128 255 128 255 
-0.0500000000000155 -0.264142584069386 -0.839298705624631 128 255 128 255 
-0.020000000000002 -0.211351364161578 -0.857393846796477 128 255 128 255 
-0.032763098353313 -0.231395885998719 -0.851163455576934 128 255 128 255 
-0.0499999999999563 -0.221697045557631 -0.857333077984059 128 255 128 255 
-0.229999999999518 -0.0955394387974008 -0.915868833726106 128 255 128 255 
-0.229999999999875 -0.0868515546013654 -0.912064085810984 128 255 128 255 
-0.0500000000000132 -1.00341337299677 0.170015289049883 128 255 128 255 
-0.0500000000000025 -0.231684651692096 -0.853332701760721 128 255 128 255 
-0.0330642017754841 -0.368335781206652 -0.784606865653002 128 255 128 255 
-0.0258410178592842 -0.36644473893454 -0.788018904834016 128 255 128 255 
-0.019999999999994 -0.178858441904552 -0.8684846913768 128 255 128 255 
-0.0199999999999776 -0.190117115061305 -0.864871292098669 128 255 128 255 
-0.0333485925801308 -0.193280544194077 -0.865162259909976 128 255 128 255 
-0.02 -0.872805868124615 -0.278989052713047 128 255 128 255 
-0.02 -0.899573284878613 -0.247590474847828 128 255 128 255 
-0.0252715621982914 -1.0038486184161 0.172094623146221 128 255 128 255 
-0.0277351810244037 -0.994765172333025 0.181755871149943 128 255 128 255 
-0.0313041376258909 -1.00159318878475 0.174867316768816 128 255 128 255 
-0.219300252154265 -0.314981846086065 -0.951317796951369 128 255 128 255 
-0.215334192758694 -0.319065769458838 -0.950784762690524 128 255 128 255 
-0.230000000000001 -0.316683575870446 -0.951319614107719 128 255 128 255 
-0.02 -0.0303905757608815 -0.907757724920453 128 255 128 255 
-0.0299894031075237 -2.11758236813575E-22 -0.91285102075375 128 255 128 255 
-0.02 0 -0.912691986585057 128 255 128 255 
-0.207123711262016 -0.705713401689777 0.352488950056733 128 255 128 255 
-0.209368579678303 -0.70446606291041 0.349345514881846 128 255 128 255 
-0.22207572277765 -0.177638168068258 -0.951014416535487 128 255 128 255 
-0.229999999999978 -0.180661460809314 -0.951317462771307 128 255 128 255 
-0.226160563933535 -0.17527475006528 -0.95121346760245 128 255 128 255 
-0.229999999999866 -0.171704514948577 -0.951248335332069 128 255 128 255 
-0.229999999999827 -0.00945051090914632 -0.890423098981486 128 255 128 255 
-0.23 0 -0.889072215508553 128 255 128 255 
-0.224122826956803 8.470329472543E-22 -0.890728981520043 128 255 128 255 
-0.218156207777122 -1.6940658945086E-21 -0.892221318083551 128 255 128 255 
-0.200000000000009 -0.0111270032542194 -0.896922267851961 128 255 128 255 
-0.206062553511728 0 -0.894830921690773 128 255 128 255 
-0.2 0 -0.896243126812309 128 255 128 255 
-0.212106060318577 0 -0.893510918101338 128 255 128 255 
-0.2299999999997 -0.686779397903102 0.393570354480677 128 255 128 255 
-0.221615927288996 -0.688744501494466 0.39094295797259 128 255 128 255 
-0.019999999999998 -0.422534982853978 -0.756330697319192 128 255 128 255 
-0.0200000000000081 -0.428242394635352 -0.752692221742641 128 255 128 255 
-0.23 -0.156432591406913 -0.948407102431356 128 255 128 255 
-0.229999999999923 -0.149368256272938 -0.945476305461362 128 255 128 255 
-0.0200000000000397 -0.998620401556025 0.177344576782324 128 255 128 255 
-0.0200000000000227 -1.00371190599601 0.17162993342281 128 255 128 255 
-0.0200000000000248 -1.0079112923524 0.16608169854775 128 255 128 255 
-0.0199999999999994 -1.01832320136208 0.147725030173962 128 255 128 255 
-0.0199999999999823 -1.02118159697376 0.141277631744983 128 255 128 255 
-0.020000000000038 -0.896569984247872 0.259097164662678 128 255 128 255 
-0.0200000000000014 -0.885530913742549 0.266285318371345 128 255 128 255 
-0.0200000000000103 -0.874671184771841 0.273027653571782 128 255 128 255 
-0.0199999999999999 -0.648287151904943 0.325944485758179 128 255 128 255 
-0.0252973038156829 -0.645944345465797 0.324400131190987 128 255 128 255 
-0.0199999999999954 -0.341722294783192 -0.803302789822325 128 255 128 255 
-0.020000000000025 -0.350464254151066 -0.798939524455933 128 255 128 255 
-0.0200000000000097 -0.359265892238618 -0.794282621420852 128 255 128 255 
-0.21798762599446 -0.137072013026832 -0.93543686108415 128 255 128 255 
-0.229999999999848 -0.134733487176982 -0.938798038244543 128 255 128 255 
-0.199999999999959 -0.688939696669697 0.391966713885426 128 255 128 255 
-0.049999999999984 -0.651948142896093 0.324680399310853 128 255 128 255 
-0.0344784907403433 -0.990971928756689 0.184880624117755 128 255 128 255 
-0.219145407740741 -0.69552287830566 0.320995510676909 128 255 128 255 
-0.218043324131112 -0.696488922710875 0.325169252208985 128 255 128 255 
-0.200000000000021 -0.682084049779072 0.397230272212779 128 255 128 255 
-0.207660199253964 -0.682290531047416 0.397231301308719 128 255 128 255 
-0.224665573393064 -0.699037344153243 0.353572726910906 128 255 128 255 
-0.0336898036718973 -0.701720810460549 0.321887238173524 128 255 128 255 
-0.0200000000000197 -0.99308296131007 0.182633596135242 128 255 128 255 
-0.0200000000000071 -0.960976587894417 0.207742405997278 128 255 128 255 
-0.0200000000000207 -0.951477548167372 0.215585757877616 128 255 128 255 
-0.0342442049409923 -0.695744563490013 0.322367635472384 128 255 128 255 
-0.229999999999897 -0.695988436606833 0.314151005523283 128 255 128 255 
-0.22801815714005 -0.694728535163552 0.313351389005672 128 255 128 255 
-0.229999999999978 -0.696426162621882 0.317563345325393 128 255 128 255 
-0.0249046672725459 -1.0103660501944 0.163295976801026 128 255 128 255 
-0.222117739098264 -0.697549747591847 0.310568666404607 128 255 128 255 
-0.216896943750443 -0.699615684388293 0.312850435948504 128 255 128 255 
-0.205458687401971 -0.672516864291666 0.402919402484671 128 255 128 255 
-0.209225384157134 -0.672250218851953 0.403183556245344 128 255 128 255 
-0.214859392849093 -0.668876017489407 0.404943775928919 128 255 128 255 
-0.213188547517714 -0.674938361369287 0.401928277776595 128 255 128 255 
-0.219786988500208 -0.674600319399477 0.402283916573911 128 255 128 255 
-0.222276238484174 -0.02078056109236 -0.894240427444731 128 255 128 255 
-0.206397561532209 -0.677125732609056 0.40056559032821 128 255 128 255 
-0.041064694215621 -0.729114393338556 0.318928332102101 128 255 128 255 
-0.045383341060118 -0.729742862532699 0.319549658885937 128 255 128 255 
-0.0411901831977248 -0.731643425782921 0.318613511810932 128 255 128 255 
-0.0500000000000001 -0.732968109712849 0.320549926159859 128 255 128 255 
-0.042494986604263 -0.73371328193738 0.318487109188181 128 255 128 255 
-0.229999999999572 -0.656146243546116 0.409346511838095 128 255 128 255 
-0.219553218674932 -0.65591266487788 0.40889052020754 128 255 128 255 
-0.0500000000000591 -0.034409169353121 0.178093420373821 128 255 128 255 
-0.0339924375453921 -0.0353277638990007 0.178634797680882 128 255 128 255 
-0.0299970507962247 -1.6940658945086E-21 0.183404435800625 128 255 128 255 
-0.02 0 0.183701387731236 128 255 128 255 
-0.214484904729863 -0.649291813590703 0.408840445024981 128 255 128 255 
-0.212369293060233 -0.661180884926987 0.407151221541266 128 255 128 255 
-0.209021375220575 -0.657145968113045 0.407596426808476 128 255 128 255 
-0.230000000000131 -0.700215067174344 0.345453799657148 128 255 128 255 
-0.227504409999081 -0.698689455864497 0.344478829181044 128 255 128 255 
-0.229999999999918 -0.699796004653653 0.34227337340387 128 255 128 255 
-0.230000000000389 -0.700645643573741 0.363677448305352 128 255 128 255 
-0.229999999999918 -0.700874691638659 0.359465790950274 128 255 128 255 
-0.227488106142708 -0.699931335947148 0.362132221854646 128 255 128 255 
-0.215231586830555 -0.172144740855239 -0.948368903969945 128 255 128 255 
-0.218997595108507 -0.167537431907028 -0.948351906210421 128 255 128 255 
-0.221676272045469 -0.10070792583867 -0.91620016167709 128 255 128 255 
-0.049999999999987 -0.740034449172737 0.319633830041003 128 255 128 255 
-0.0436021825753639 -0.741378829883117 0.317700432518887 128 255 128 255 
-0.227114612290114 -0.697643467124911 0.338290806263754 128 255 128 255 
-0.226185817211156 -0.697103540456934 0.308139942902414 128 255 128 255 
-0.226091979505312 -0.69394604307479 0.316421197803642 128 255 128 255 
-0.22561864417236 -0.693489122884185 0.313793009855475 128 255 128 255 
-0.0199999999999908 -0.384249913068793 -0.779832859183167 128 255 128 255 
-0.0256585424009376 -0.379296252483293 -0.780253216923893 128 255 128 255 
-0.0278677849331386 -0.374504348962865 -0.782347115596821 128 255 128 255 
-0.0200000000000017 -0.376586830417983 -0.784450321002684 128 255 128 255 
-0.0254689068412262 -0.388116221736988 -0.775213316765121 128 255 128 255 
-0.0271187796623259 -0.394769424690552 -0.770769483636156 128 255 128 255 
-0.0393172866110346 -0.055150574095251 -0.903728037826161 128 255 128 255 
-0.0356458349165722 -0.690099976045024 0.322624020253299 128 255 128 255 
-0.0200000000000125 -0.673228974632993 -0.494837980576417 128 255 128 255 
-0.0200000000000665 -0.647221495092612 -0.525686515122158 128 255 128 255 
-0.02 -0.773158781163362 -0.381199964823688 128 255 128 255 
-0.0200000000000583 -0.737856936456285 -0.42030515706482 128 255 128 255 
-0.23 -0.734792616600788 -0.336499058688525 128 255 128 255 
-0.199999999999712 -0.7746875178573 -0.321741549121139 128 255 128 255 
-0.2 -0.798782472086028 -0.297257488749913 128 255 128 255 
-0.229999999999995 -0.77414292296384 -0.296137085820769 128 255 128 255 
-0.200000000000294 -0.88303511365731 -0.199539428646453 128 255 128 255 
-0.0499999999999933 -0.800376039341483 -0.353157785754726 128 255 128 255 
-0.05 -0.771000685464113 -0.382074474847881 128 255 128 255 
-0.200000000000194 -0.724669264630743 -0.371105238399946 128 255 128 255 
-0.199999999999754 -0.750333202641092 -0.34597061364035 128 255 128 255 
-0.200000000000264 -0.597622757519024 0.388547506585539 128 255 128 255 
-0.200000000000089 -0.340065017590595 -0.932581984879161 128 255 128 255 
-0.23 -0.49951715498203 -0.622056205748077 128 255 128 255 
-0.200000000000054 -0.486585787647719 -0.656196328276759 128 255 128 255 
-0.200000000000002 -0.498127069966691 -0.638895786905768 128 255 128 255 
-0.200000000000073 -0.51023485374911 -0.621974394629525 128 255 128 255 
-0.199999999999934 -0.892571363431541 -0.186364513195632 128 255 128 255 
-0.229999999999985 -0.505704663763143 0.297057238529872 128 255 128 255 
-0.199999999999957 -0.49370414003169 0.289656092439868 128 255 128 255 
-0.230000000000034 -0.494441187476721 0.284066739413086 128 255 128 255 
-0.199999999999857 -0.480486618490336 0.275667443760578 128 255 128 255 
-0.19999999999999 -0.502803622782362 0.299054690748263 128 255 128 255 
-0.229999999999967 -0.439871750619043 -0.741498557807486 128 255 128 255 
-0.200000000000092 -0.437236637995379 -0.736461595111469 128 255 128 255 
-0.199999999999915 -0.441675816545093 -0.728272262814908 128 255 128 255 
-0.19999999999998 -0.446389799738597 -0.72023838806753 128 255 128 255 
-0.23000000000002 -0.482971118892728 0.270905613073264 128 255 128 255 
-0.229999999999999 -0.435783262006709 -0.752085754045921 128 255 128 255 
-0.230000000000034 -0.431986325051475 -0.761912053785027 128 255 128 255 
-0.199999999999951 -0.43239172033701 -0.745770886665136 128 255 128 255 
-0.220745633620105 -0.477329665854414 -0.665760220236995 128 255 128 255 
-0.200000000000001 -0.47677898244438 -0.671182184359397 128 255 128 255 
-0.200000000000024 -0.968750831378201 0.0348489285433787 128 255 128 255 
-0.19999999999997 -0.968464316527853 0.0420636250073242 128 255 128 255 
-0.209252611779258 -0.911240141813292 -0.146769926827051 128 255 128 255 
-0.200000000000004 -0.422753293962832 -0.765963358277969 128 255 128 255 
-0.230000000000032 -0.428614988407267 -0.771530880814597 128 255 128 255 
-0.228340850969423 -0.907599031441655 -0.12683945518256 128 255 128 255 
-0.200000000000015 -0.375220647005923 -0.885022245408467 128 255 128 255 
-0.199999999999998 -0.371596943812283 -0.893744615522233 128 255 128 255 
-0.2 -0.367338590364074 -0.902194961670969 128 255 128 255 
-0.2 -0.428583371179721 0.224411448122179 128 255 128 255 
-0.199999999999997 -0.965235892680174 -0.0183237677425496 128 255 128 255 
-0.19999999999999 -0.966121299139363 -0.0125377830059303 128 255 128 255 
-0.212594207796768 -0.708075136962018 0.310463441998519 128 255 128 255 
-0.200000000000024 -0.407782206397798 -0.799077571586856 128 255 128 255 
-0.19999999999996 -0.524289646817279 -0.602910826982352 128 255 128 255 
-0.23 -0.516374326631152 -0.594458929463932 128 255 128 255 
-0.21460100468608 -0.555319259741223 0.354414062152575 128 255 128 255 
-0.200000000000145 -0.556607075606067 0.35407579629809 128 255 128 255 
-0.229999999999955 -0.458938827214669 0.243571713558335 128 255 128 255 
-0.200000000000002 -0.315451268880687 0.153386522445012 128 255 128 255 
-0.200000000000003 -0.96695933804429 -0.00741905780085634 128 255 128 255 
-0.229999999999928 -0.943379665435539 -0.0196851120775724 128 255 128 255 
-0.22999999999999 -0.942454780920367 -0.0248665926388349 128 255 128 255 
-0.199999999999791 -0.842355404190386 -0.249623591040869 128 255 128 255 
-0.2 -0.21682011720678 0.132524944721109 128 255 128 255 
-0.23 0 0.135597746585097 128 255 128 255 
-0.200000000000054 -0.0909271247141942 0.139502603027297 128 255 128 255 
-0.20000000000012 -0.0604941545699083 0.143208380538562 128 255 128 255 
-0.199999999999962 -0.398546831889899 -0.820682965570103 128 255 128 255 
-0.199999999999829 -0.546603624110998 0.344378055186456 128 255 128 255 
-0.0200000000000038 -1.02663536307307 0.121593642643904 128 255 128 255 
-0.019999999999977 -1.02772002053373 0.115236232420838 128 255 128 255 
-0.0199999999999788 -0.863818839504128 0.279330469279292 128 255 128 255 
-0.0200000000000304 -0.986670835923668 0.187995956275121 128 255 128 255 
-0.0259380832342109 -0.699383468237289 0.323251128296397 128 255 128 255 
-0.0199999999999861 -0.698784146818726 0.324634674475644 128 255 128 255 
-0.0200000000000001 -0.693436902151375 0.32501274140241 128 255 128 255 
-0.0199999999999942 -0.688005173823816 0.325406406410743 128 255 128 255 
-0.0338997724869901 -0.104706822797198 -0.892259790174539 128 255 128 255 
-0.0200000000000142 -0.105013398023377 -0.891030317897705 128 255 128 255 
-0.0200000000000145 -0.122788167032334 -0.886106010180596 128 255 128 255 
-0.0199999999999999 -0.467526149896531 -0.723888894491345 128 255 128 255 
-0.020000000000011 -0.735869555697559 0.319857823398367 128 255 128 255 
-0.019999999999999 -0.728934875126379 0.32086187359593 128 255 128 255 
-0.0199999999999981 -0.978697581477894 0.194099890925383 128 255 128 255 
-0.0200000000000001 -1.01824035769738 -0.0304741513878424 128 255 128 255 
-0.0199999999999735 -1.0199093708453 -0.0225099730247685 128 255 128 255 
-0.0200000000000048 -0.416734121691481 -0.759974047393968 128 255 128 255 
-0.0199999999999713 -1.02936812210715 0.0944323684890088 128 255 128 255 
-0.0200000000000057 -1.00837925250291 -0.0676749683586813 128 255 128 255 
-0.0254266179780867 -1.02915754146931 0.106335918984379 128 255 128 255 
-0.0199999999999886 -1.02849855073574 0.108989683505878 128 255 128 255 
-0.0200000000000002 -0.676995681196206 0.325873238420185 128 255 128 255 
-0.0200000000000029 -0.671261952295045 0.326091772382154 128 255 128 255 
-0.0200000000000044 -0.665313003064525 0.326269847156103 128 255 128 255 
-0.0200000000000188 -0.653732479747874 0.326224443982876 128 255 128 255 
-0.0199999999999836 -0.974906242133477 -0.141279960032832 128 255 128 255 
-0.0279617720022829 -0.970733671109174 -0.149635074542081 128 255 128 255 
-0.0199999999999905 -0.967127449752973 -0.154567734944473 128 255 128 255 
-0.0199999999999828 -0.957550758719591 -0.169660775845569 128 255 128 255 
-0.0200000000000147 -0.981201502638501 -0.129636106264915 128 255 128 255 
-0.0322158929971047 -0.640117653287052 0.322640935206855 128 255 128 255 
-0.0199999999999986 -0.333551135877814 -0.80729445647664 128 255 128 255 
-0.0200000000000014 -1.02399492307297 0.00506385112100493 128 255 128 255 
-0.0199999999999916 -1.02567163575524 0.0167029327344762 128 255 128 255 
-0.0200000000000012 -0.941264671279631 0.224306354985086 128 255 128 255 
-0.0200000000000151 -0.930322813055025 0.233568895539835 128 255 128 255 
-0.0199999999999943 -0.450797317236721 -0.736787735439033 128 255 128 255 
-0.0199999999999933 -0.456418625083794 -0.732607229913845 128 255 128 255 
-0.0288620656519629 -0.855285483084173 0.285133648514411 128 255 128 255 
-0.0200000000000024 -0.24044722164963 -0.846893252338455 128 255 128 255 
-0.2 -0.376278677539481 0.184288652327644 128 255 128 255 
-0.2 -0.347013940464258 0.16781210142339 128 255 128 255 
-0.230000000000002 -0.305786555340489 0.134898751889329 128 255 128 255 
-0.0327397148632067 -0.982932931342009 -0.127001217019307 128 255 128 255 
-0.0200000000000288 -0.997406002997308 -0.0962988430220241 128 255 128 255 
-0.0200000000000028 -0.992690961825583 -0.106529624100688 128 255 128 255 
-0.0240470674694457 -0.565637759364416 0.308875079032676 128 255 128 255 
-0.019999999999978 -0.540189933531924 0.299643430036861 128 255 128 255 
-0.0200000000000137 -0.987180511459645 -0.117828312924876 128 255 128 255 
-0.0200000000000386 -0.585713753544391 -0.60384946188541 128 255 128 255 
-0.0200000000000221 -0.573297644062223 0.312224995476249 128 255 128 255 
-0.0229403350998172 -0.58411971708985 0.315063782074899 128 255 128 255 
-0.0200000000000185 -0.581922284047239 0.314961965966345 128 255 128 255 
-0.0199999999999962 -0.554424649350297 0.304980761604775 128 255 128 255 
-0.0352568806516325 -0.292301155623716 -0.825102386715008 128 255 128 255 
-0.0199999999999932 -0.286143149082392 -0.828650089655318 128 255 128 255 
-0.0199999999999871 -0.294386830477637 -0.82517311550124 128 255 128 255 
-0.0363644365658268 -0.520630540609661 -0.669905555038088 128 255 128 255 
-0.0199999999999931 -0.508868942949311 -0.687645845392004 128 255 128 255 
-0.02 -0.970703826722693 0.200176859094756 128 255 128 255 
-0.020000000000002 -0.201260535564281 -0.860932164957358 128 255 128 255 
-0.019999999999995 -0.417475006868109 0.235707529549566 128 255 128 255 
-0.02 -0.454800583497475 0.257309910692421 128 255 128 255 
-0.0199999999999707 -0.935643506499268 -0.200985584433499 128 255 128 255 
-0.0200000000000049 -0.947362946805866 -0.184343045551295 128 255 128 255 
-0.0331933800698073 -0.93922699509544 -0.197207720155071 128 255 128 255 
-0.0199999999999824 -1.02686324705062 0.0284023814451834 128 255 128 255 
-0.208768619204829 -0.332227965986731 -0.945774776045533 128 255 128 255 
-0.218412170506456 -0.353144904920445 -0.94303833596763 128 255 128 255 
-0.218249437199943 -0.357980743018376 -0.93926781245631 128 255 128 255 
-0.220376201302858 -0.356742677584768 -0.94210284944472 128 255 128 255 
-0.23 -0.36562113010848 -0.942882420489773 128 255 128 255 
-0.225145046817112 -0.694818370201249 0.327621138901246 128 255 128 255 
-0.230000000000015 -0.698464904486161 0.332096952543001 128 255 128 255 
-0.225293968788717 -0.370856295944721 -0.932360796262792 128 255 128 255 
-0.224984015310871 -0.373776233408719 -0.925831416487015 128 255 128 255 
-0.230000000000297 -0.34285702113215 -0.95085788981035 128 255 128 255 
-0.217604864769951 -0.700593290262854 0.346876152936637 128 255 128 255 
-0.220123571564842 -0.699385107138424 0.345855160361831 128 255 128 255 
-0.23 -0.696914404696877 0.320968441847974 128 255 128 255 
-0.23 -0.265412752640291 -0.951326688561625 128 255 128 255 
-0.23 -0.255640094329578 -0.951326927131476 128 255 128 255 
-0.223173846941155 -0.693104344023957 0.384950238932328 128 255 128 255 
-0.214463105154506 -0.357174354549557 -0.935740265396044 128 255 128 255 
-0.215554771661438 -0.354369915435948 -0.939702013930657 128 255 128 255 
-0.230000000000012 -0.697447802608153 0.324688464077712 128 255 128 255 
-0.229999999999926 -0.699826480584469 0.368747732519047 128 255 128 255 
-0.215508735612326 -0.349560311546885 -0.942757055651678 128 255 128 255 
-0.215302626527697 -0.352027764650859 -0.941088085428107 128 255 128 255 
-0.209493668037895 -0.370585023162055 -0.910943249996889 128 255 128 255 
-0.208765731272827 -0.361323005490787 -0.92239613709407 128 255 128 255 
-0.216040796987532 -0.306042859335182 -0.951319746772048 128 255 128 255 
-0.217121596875643 -0.310483431827918 -0.951318485488305 128 255 128 255 
-0.222831254930867 -0.694618778833063 0.328291295606118 128 255 128 255 
-0.220398657910301 -0.695718434564403 0.328399567229632 128 255 128 255 
-0.221886905673248 -0.695171708411123 0.329446799796571 128 255 128 255 
-0.223474594182981 -0.694108252780599 0.326694970837861 128 255 128 255 
-0.225017386132009 -0.366878193798688 -0.937692852673535 128 255 128 255 
-0.220684359289636 -0.363307461750553 -0.936543876279512 128 255 128 255 
-0.222902230599491 -0.367096359335827 -0.934832513667559 128 255 128 255 
-0.223402475991629 -0.363188076259241 -0.939624311352478 128 255 128 255 
-0.199999999999999 -0.70951186939277 0.333025690416865 128 255 128 255 
-0.2 -0.939386410839879 0.146404156315458 128 255 128 255 
-0.199999999999616 -0.933366925063585 0.156908262739011 128 255 128 255 
-0.199999999999877 -0.944804377429628 0.13540133478078 128 255 128 255 
-0.2 -0.926964470061428 0.167176310824404 128 255 128 255 
-0.20164244604987 -0.323741088274377 -0.943767827791099 128 255 128 255 
-0.221941639078579 -0.35995631462998 -0.940983057752789 128 255 128 255 
-0.220928806519808 -0.369217706418386 -0.926960348513386 128 255 128 255 
-0.220928674337317 -0.3753226357022 -0.918542168360712 128 255 128 255 
-0.227268327727235 -0.699474469255478 0.366569784487321 128 255 128 255 
-0.23 -0.209587545666318 -0.951323696620707 128 255 128 255 
-0.23 -0.199602961144661 -0.951322018776943 128 255 128 255 
-0.211392210836302 -0.357297429834356 -0.93013466619241 128 255 128 255 
-0.211739610867015 -0.354540648711766 -0.934546057234128 128 255 128 255 
-0.207887885130899 -0.348648446280585 -0.934958689639908 128 255 128 255 
-0.218992823561076 -0.663008924269387 0.407216097816485 128 255 128 255 
-0.23 -0.139566663487006 0.119603415777879 128 255 128 255 
-0.230000000000322 -0.598122208685251 0.392325783813771 128 255 128 255 
-0.230000000000106 -0.603300340815148 0.395719986893432 128 255 128 255 
-0.229999999999899 -0.592127935509296 0.387705436363633 128 255 128 255 
-0.230000000000155 -0.390595136290964 -0.904079011827811 128 255 128 255 
-0.230000000000073 -0.38787655861791 -0.909619054287093 128 255 128 255 
-0.223707633496787 -0.38441936056523 -0.907377143509487 128 255 128 255 
-0.230000000000082 -0.385155746394752 -0.914839901605838 128 255 128 255 
-0.230000000000144 -0.39306698397868 -0.898417895453558 128 255 128 255 
-0.215668948432508 -0.378446918016315 -0.90705954563293 128 255 128 255 
-0.217286422207554 -0.377388145368734 -0.911098256554991 128 255 128 255 
-0.209581486749132 -0.352565575179394 -0.933196169226019 128 255 128 255 
-0.212844405780607 -0.380514700404567 -0.898352352942382 128 255 128 255 
-0.200000000000016 -0.321101113981711 -0.943464505548267 128 255 128 255 
-0.199999999999849 -0.309289903766644 -0.947192779959175 128 255 128 255 
-0.2 -0.895037047849973 0.20658302892795 128 255 128 255 
-0.2 -0.88511707754465 0.21618033912214 128 255 128 255 
-0.2 -0.874588843148318 0.225438869108958 128 255 128 255 
-0.19999999999988 -0.390145306023052 -0.841993613163461 128 255 128 255 
-0.217869995172846 -0.404352335910889 -0.830485821176687 128 255 128 255 
-0.199999999999926 -0.39423921648448 -0.831297028615055 128 255 128 255 
-0.214958144026261 -0.366968150622058 -0.922746304153302 128 255 128 255 
-0.200000000000099 -0.511918256104975 0.308438763338892 128 255 128 255 
-0.230000000000149 -0.628527862921252 0.406956992184043 128 255 128 255 
-0.23000000000001 -0.119781312889059 -0.930007585065004 128 255 128 255 
-0.230000000000113 -0.111868266697009 -0.925115884620509 128 255 128 255 
-0.229999999999738 -0.103856724471646 -0.920386317028177 128 255 128 255 
-0.230000000000172 -0.46740607916742 -0.681180197235265 128 255 128 255 
-0.230000000000099 -0.460617813879058 -0.694562301926598 128 255 128 255 
-0.229999999999991 -0.476690381838253 -0.663560053598287 128 255 128 255 
-0.23 -0.945382157435228 0.0526698738208295 128 255 128 255 
-0.229999999999711 -0.946308395307429 0.0405444798967535 128 255 128 255 
-0.229999999999895 -0.613487580249364 0.401332836886841 128 255 128 255 
-0.229999999999896 -0.618420734220882 0.403436425196286 128 255 128 255 
-0.215777897514234 -0.463702615477127 -0.690631115543655 128 255 128 255 
-0.0500000000000225 -0.725900309017436 0.32145447165792 128 255 128 255 
-0.0500000000000012 -0.729433853175975 0.320999432967927 128 255 128 255 
-0.0476279048573798 -0.727267966395527 0.320422387579776 128 255 128 255 
-0.217589550940274 -0.697285728337878 0.329058266913143 128 255 128 255 
-0.200000000000053 -0.694060089530157 0.386584910527625 128 255 128 255 
-0.199999999999965 -0.691636638978171 0.389236760442022 128 255 128 255 
-0.050000000000036 -1.02187380996631 0.136709427632168 128 255 128 255 
-0.050000000000018 -1.02380210490497 0.130267936148385 128 255 128 255 
-0.230000000000047 -0.516887325684532 0.310117206619142 128 255 128 255 
-0.2 -0.403798178407361 0.203587343077908 128 255 128 255 
-0.23 -0.416013680815848 0.200209458592067 128 255 128 255 
-0.23 -0.431674761496149 0.214390180019791 128 255 128 255 
-0.05 -0.339660544385418 0.192452476503071 128 255 128 255 
-0.0482444313434744 -0.6595878813421 0.32410799496112 128 255 128 255 
-0.23 -0.072569862538874 0.1269881100208 128 255 128 255 
-0.199999999999833 -0.699166617019465 -0.396413440632229 128 255 128 255 
-0.199999999999961 -0.71793999499269 0.312884228556402 128 255 128 255 
-0.200000000000029 -0.724582242625071 0.309632627534806 128 255 128 255 
-0.199999999999994 -0.721321010783861 0.311216331920291 128 255 128 255 
-0.206433122521236 -0.374056133865427 -0.900694331880587 128 255 128 255 
-0.210475167455136 -0.704483232690566 0.314114447057668 128 255 128 255 
-0.208211773261335 -0.708920583787404 0.312830565635363 128 255 128 255 
-0.199999999999928 -0.536811268456582 0.334469560257179 128 255 128 255 
-0.200000000000002 -0.527716011047885 0.324990018830754 128 255 128 255 
-0.211785140166259 -0.735050101957741 0.298370665357896 128 255 128 255 
-0.204782169783827 -0.737790616904974 0.301034859780276 128 255 128 255 
-0.203392722780114 -0.332797003938323 -0.941261456418415 128 255 128 255 
-0.1999999999998 -0.330692357893775 -0.938679439287095 128 255 128 255 
-0.200000000000075 -0.33524606937995 -0.93579684523915 128 255 128 255 
-0.201870273195299 -0.331292086679615 -0.940485910129766 128 255 128 255 
-0.199999999999999 -0.731635786162807 0.306434287290121 128 255 128 255 
-0.2 -0.727877908044988 0.308121031284145 128 255 128 255 
-0.0499999999999903 -1.02665922788035 0.117760613761628 128 255 128 255 
-0.0500000000000228 -1.02754442467288 0.111167925795869 128 255 128 255 
-0.200000000000108 -0.696637062223495 0.383411574376051 128 255 128 255 
-0.0499999999999987 -0.202391020530599 -0.864243114080866 128 255 128 255 
-0.0499999999999968 -0.19322778829603 -0.867556218208522 128 255 128 255 
-0.049999999999984 -0.184208898374893 -0.870751889822086 128 255 128 255 
-0.23 -0.888233257508436 0.183681076851707 128 255 128 255 
-0.23 -0.899167433589405 0.170011272211842 128 255 128 255 
-0.222202326907155 -0.890891820324536 0.189484656201829 128 255 128 255 
-0.23 -0.876295052954286 0.196508251317923 128 255 128 255 
-0.229999999999825 -0.0363708232918326 -0.895877886183897 128 255 128 255 
-0.230000000000028 -0.0275974032507865 -0.894039548111929 128 255 128 255 
-0.225018516659566 -0.0360522731256922 -0.896729829746366 128 255 128 255 
-0.200000000000022 -0.966749922572544 0.0593632815752918 128 255 128 255 
-0.199999999999768 -0.965503456380087 0.0687485670002861 128 255 128 255 
-0.23 -0.852417135290687 0.217541424638093 128 255 128 255 
-0.23 -0.864304108379462 0.207740273264488 128 255 128 255 
-0.216163958811056 -0.864536371603323 0.22041181496815 128 255 128 255 
-0.229999999999969 -0.41339575193699 -0.819716134720849 128 255 128 255 
-0.230000000000051 -0.410403008612633 -0.830638912284957 128 255 128 255 
-0.230000000000003 -0.416456044303141 -0.809709079827951 128 255 128 255 
-0.0262706616568986 -0.837194021135514 0.293477761413991 128 255 128 255 
-0.0199999999999852 -0.819187870707607 0.299863229181442 128 255 128 255 
-0.230000000000011 -0.400108589098456 -0.874731830537266 128 255 128 255 
-0.23000000000024 -0.402490518368871 -0.865297298893491 128 255 128 255 
-0.199999999999999 -0.735383637210861 0.304725204099285 128 255 128 255 
-0.230000000000001 -0.942095651534986 0.0762511795666377 128 255 128 255 
-0.23 -0.943993543330588 0.0647202912166105 128 255 128 255 
-0.21458135496119 -0.954210709435711 0.0757367180007859 128 255 128 255 
-0.19999999999958 -0.91430333153678 -0.153622370745969 128 255 128 255 
-0.199999999999977 -0.921228130464963 -0.14153466234501 128 255 128 255 
-0.0200000000000527 -0.056727125046935 -0.902658074905277 128 255 128 255 
-0.224109338059503 -0.049098963472845 -0.899929570115174 128 255 128 255 
-0.229999999999986 -0.0446900897217354 -0.898093450675854 128 255 128 255 
-0.212171965201251 -0.700693977042819 0.31640397995251 128 255 128 255 
-0.213611538381652 -0.701578279810729 0.313848421001114 128 255 128 255 
-0.0499999999999884 -0.448522993973507 -0.726333605148285 128 255 128 255 
-0.0499999999999938 -0.44048606379518 -0.732271245953268 128 255 128 255 
-0.05 -0.40550998384684 0.225652031461395 128 255 128 255 
-0.02 -0.374706389939418 0.21112122405336 128 255 128 255 
-0.200000000000008 -0.468641240455591 -0.684097441994038 128 255 128 255 
-0.199999999999972 -0.461620038134036 -0.695075963817437 128 255 128 255 
-0.0499999999999926 -0.175106547498827 -0.873723636672302 128 255 128 255 
-0.0200000000000092 -0.166972506598199 -0.872447694559672 128 255 128 255 
-0.0499999999999997 -0.976010218798079 0.195120871215446 128 255 128 255 
-0.0500000000000281 -0.983744989027105 0.189077962473469 128 255 128 255 
-0.049999999999987 -0.99083995403641 0.183052853664157 128 255 128 255 
-0.229999999999931 -0.0610717332633231 -0.9027976353702 128 255 128 255 
-0.229999999999951 -0.0528953601912689 -0.90039694462853 128 255 128 255 
-0.0500000000000786 -0.904176207727204 0.256093393321546 128 255 128 255 
-0.0499999999999579 -0.914840996685266 0.247848869742006 128 255 128 255 
-0.0500000000000164 -0.313769109401369 -0.814014748526851 128 255 128 255 
-0.0425521379525678 -0.304428769230993 -0.819055735775965 128 255 128 255 
-0.0499999999999766 -0.844974400588567 0.291737758920296 128 255 128 255 
-0.0445567901418594 -0.855375542187572 0.286416636518006 128 255 128 255 
-0.0500000000000089 -0.164755778323315 -0.876882284151867 128 255 128 255 
-0.0199999999999866 -0.154259383553953 -0.876632233873793 128 255 128 255 
-0.0499999999999707 -0.565731159080118 0.309695472007642 128 255 128 255 
-0.230000000000041 -0.537811011111619 0.334169262089273 128 255 128 255 
-0.22999999999984 -0.547148004090444 0.344563238197769 128 255 128 255 
-0.0500000000000253 -0.154420826832811 -0.880094394531881 128 255 128 255 
-0.0200000000000031 -0.140506510415378 -0.880989724879094 128 255 128 255 
-0.0500000000000114 -0.141760143854526 -0.883711581118098 128 255 128 255 
-0.0500000000000948 -0.827387368352359 0.29933026451936 128 255 128 255 
-0.04999999999999 -0.836284225816935 0.295603292436418 128 255 128 255 
-0.229999999999999 -0.190132209940161 -0.951319062881301 128 255 128 255 
-0.222729666931232 -0.699670296592362 0.365842431753976 128 255 128 255 
-0.223603111206635 -0.699701070211814 0.363334760214545 128 255 128 255 
-0.230000000000285 -0.486026289556123 -0.645966863146122 128 255 128 255 
-0.229999999999998 -0.368984038872067 0.165462043115758 128 255 128 255 
-0.23 -0.395732794667948 0.183346286154431 128 255 128 255 
-0.23 -0.34076893465982 0.14995086418317 128 255 128 255 
-0.222187371912886 -0.698669705407561 0.346308018490302 128 255 128 255 
-0.0351043253311969 -0.786456000556956 0.30920723247977 128 255 128 255 
-0.200000000000034 -0.42782426973784 -0.755222244187397 128 255 128 255 
-0.0500000000000164 -0.364733681805393 -0.783893863611992 128 255 128 255 
-0.230000000000219 -0.44936123500464 -0.718643802038583 128 255 128 255 
-0.0499999999999853 -0.893106896377724 0.263790544675119 128 255 128 255 
-0.229999999999981 -0.0188114265692628 -0.892261357883159 128 255 128 255 
-0.050000000000008 -0.629002321625231 0.323570138104905 128 255 128 255 
-0.0499999999999952 -0.631845711939409 0.323712636254315 128 255 128 255 
-0.0499999999999934 -0.61617779150595 0.322640241495029 128 255 128 255 
-0.05 -0.623222039481539 0.323231271765852 128 255 128 255 
-0.0499999999999785 -0.62610828750904 0.323467455229171 128 255 128 255 
-0.0499999999999991 -0.620287072098496 0.322985661236151 128 255 128 255 
-0.0500000000000038 -0.635913805451162 0.323955538725818 128 255 128 255 
-0.0500000000000001 -0.670770527098056 0.32488930557083 128 255 128 255 
-0.0200000000000003 -0.325326614320681 -0.811175393516387 128 255 128 255 
-0.0500000000000242 -0.242513966757164 -0.84891821709897 128 255 128 255 
-0.0499999999999879 -0.504887483689209 0.282068283846074 128 255 128 255 
-0.049999999999993 -0.129070137727995 -0.887225930338243 128 255 128 255 
-0.050000000000002 -0.11370339549903 -0.891091359959105 128 255 128 255 
-0.0500000000000143 -0.535402001872286 -0.650180198607504 128 255 128 255 
-0.05 -0.519185889395376 -0.66660935840889 128 255 128 255 
-0.0404848447296364 -0.606968305858049 0.319638971839359 128 255 128 255 
-0.05 -0.573780628246283 -0.608980488696939 128 255 128 255 
-0.0421028260006767 -0.767095375190929 0.31354297811563 128 255 128 255 
-0.0499999999999673 -0.76962122539593 0.314841419821094 128 255 128 255 
-0.0409167188826929 -0.770017247045961 0.312855826235948 128 255 128 255 
-0.0500000000000357 -1.02705341640137 0.0400019663257044 128 255 128 255 
-0.0415018432530465 -0.746885511291076 0.316690312071095 128 255 128 255 
-0.0445648140836476 -0.74377537184636 0.317555876865555 128 255 128 255 
-0.0499999999999859 -1.02880292646675 0.0971067665237439 128 255 128 255 
-0.0499999999999647 -1.02826139504564 0.104554738710089 128 255 128 255 
-0.0199999999999989 -1.02123851333175 -0.0144811008078263 128 255 128 255 
-0.23000000000004 -0.0781177318872706 -0.908547376967888 128 255 128 255 
-0.0389547354131905 -0.636644920487468 0.321933668026868 128 255 128 255 
-0.0381650305473609 -0.640354175481231 0.322152889586623 128 255 128 255 
-0.05 -1.02893959972753 0.0808963667727981 128 255 128 255 
-0.0499999999999976 -1.02880585455044 0.0721518560923567 128 255 128 255 
-0.200000000000103 -0.12493737954415 -0.917962453864279 128 255 128 255 
-0.0199999999999857 -0.807725945415804 0.303525209354385 128 255 128 255 
-0.0499999999999456 -0.575123695150783 0.313274078966766 128 255 128 255 
-0.0499999999999894 -0.584666254748525 0.316405798353348 128 255 128 255 
-0.0199999999999969 -1.0016490561579 -0.0858584819501321 128 255 128 255 
-0.039782069961196 -1.01655077189017 -0.0373932989919228 128 255 128 255 
-0.0499999999999903 -1.01612652556309 -0.0353399097138378 128 255 128 255 
-0.0453484595762922 -1.0139568578079 -0.0464469996908096 128 255 128 255 
-0.0499999999999854 -0.95290821662868 0.214354771232874 128 255 128 255 
-0.0499999999999681 -0.945900649832276 0.220732576979754 128 255 128 255 
-0.229999999999974 -0.840767990624414 0.226301023994063 128 255 128 255 
-0.042488940150325 -0.673713094398722 0.323039987528933 128 255 128 255 
-0.0499999999999962 -0.92454794002852 0.239760335747668 128 255 128 255 
-0.0500000000000071 -0.932015558688047 0.233473260278363 128 255 128 255 
-0.0500000000000079 -0.96037059047623 0.207835063766632 128 255 128 255 
-0.0500000000000297 -0.939021973862628 0.227247286346935 128 255 128 255 
-0.0499999999999954 -0.482011222571635 -0.699896431421789 128 255 128 255 
-0.0500000000000179 -0.489522124563232 -0.693511330802098 128 255 128 255 
-0.0499999999999947 -0.475969098926318 -0.704967378204994 128 255 128 255 
-0.049999999999987 -0.591977351360422 0.318455871520632 128 255 128 255 
-0.229999999999801 -0.784894467314395 0.261993938356434 128 255 128 255 
-0.229999999999942 -0.774783255311886 0.2676528364982 128 255 128 255 
-0.230000000000288 -0.696741248888774 0.379151829359921 128 255 128 255 
-0.225009384654909 -0.696186943296105 0.379080461078037 128 255 128 255 
-0.0500000000000008 -0.411874958024039 -0.752309672957568 128 255 128 255 
-0.0500000000000174 -0.402107075521408 -0.759033984204249 128 255 128 255 
-0.0500000000000018 -0.392535635455097 -0.765793821868995 128 255 128 255 
-0.0200000000000056 -0.602605816691833 0.320484409030546 128 255 128 255 
-0.0416459775356002 -1.01073181785552 -0.0591279515757528 128 255 128 255 
-0.0499999999999867 -1.01147861980239 -0.0538110575798051 128 255 128 255 
-0.0500000000000322 -1.00893301485955 -0.0623838555334447 128 255 128 255 
-0.0500000000000025 -1.00585950268574 -0.0717341558233931 128 255 128 255 
-0.0499999999999649 -1.00828367858527 0.163247801543611 128 255 128 255 
-0.0500000000000722 -0.741040796928346 -0.414580245777822 128 255 128 255 
-0.0499999999999436 -0.0983230157620288 -0.894902574630726 128 255 128 255 
-0.0500000000000175 -0.0802711127750765 -0.898837909272803 128 255 128 255 
-0.0499999999999894 -0.304755134563274 -0.818884895439179 128 255 128 255 
-0.0500000000000147 -0.421662792280192 -0.745614450249465 128 255 128 255 
-0.0500000000000266 -0.431277145295229 -0.738899480386396 128 255 128 255 
-0.0500000000000006 -0.718913571824832 0.322162707843008 128 255 128 255 
-0.199999999999882 -0.083001168648139 -0.906008401859684 128 255 128 255 
-0.050000000000066 -1.013981507133 -0.0446168572380242 128 255 128 255 
-0.0499999999999501 -0.870759671550871 0.277993085879895 128 255 128 255 
-0.0200000000000091 -1.02933543917698 0.076825552100528 128 255 128 255 
-0.199999999999999 -0.928218143845851 -0.129483824177547 128 255 128 255 
-0.0500000000000452 -0.469905633238989 -0.709998386485464 128 255 128 255 
-0.0465388389651111 -0.670879009542009 0.323625546292709 128 255 128 255 
-0.0499999999999738 -0.551375686048941 -0.633515836088957 128 255 128 255 
-0.0318690710151148 -0.546150673733572 -0.645626513181492 128 255 128 255 
-0.0500000000000077 -0.54009274459543 0.298517780985509 128 255 128 255 
-0.0500000000000537 -0.285321456510737 -0.829197653903586 128 255 128 255 
-0.0500000000000042 -0.295011568020492 -0.823992180082944 128 255 128 255 
-0.0392723157887667 -0.953299502607962 -0.177167634269108 128 255 128 255 
-0.0499999999999577 -0.956558549775038 -0.171910544670456 128 255 128 255 
-0.05 -0.943959499104703 -0.190477524940883 128 255 128 255 
-0.0500000000001162 -0.927260388887763 -0.212992271292502 128 255 128 255 
-0.0199999999999588 -0.921440462978447 -0.220086357741237 128 255 128 255 
-0.0500000000000099 -1.02436683847521 0.0137402468934736 128 255 128 255 
-0.0199999999999554 -0.621942306624359 -0.557115390649584 128 255 128 255 
-0.0200000000000008 -0.302537914720697 -0.821486844984529 128 255 128 255 
-0.0200000000000012 -0.310310306680601 -0.81803170538781 128 255 128 255 
-0.0275405327823558 -0.307258402122541 -0.818537558625001 128 255 128 255 
-0.0200000000000065 -1.01115599389246 -0.0592314075524771 128 255 128 255 
-0.04999999999997 -0.968380108971919 -0.152812483033848 128 255 128 255 
-0.218445752549385 -0.805116019212553 0.258260915476474 128 255 128 255 
-0.0199999999999852 -0.564812269545089 0.309063839000762 128 255 128 255 
-0.2 -0.152639747674949 0.133314509351063 128 255 128 255 
-0.2 -0.121375442256079 0.13591749603821 128 255 128 255 
-0.200000000000001 -0.184012257546758 0.132222957599005 128 255 128 255 
-0.05 -0.375525686499428 0.209053135908573 128 255 128 255 
-0.2 -0.8635192464318 0.234017740515278 128 255 128 255 
-0.200000000000037 -0.54172746388509 -0.579077084194505 128 255 128 255 
-0.23 -0.536731157836306 -0.562957559048356 128 255 128 255 
-0.05 -0.221423751637318 0.166047453142457 128 255 128 255 
-0.02 -0.210513481867347 0.167713746019377 128 255 128 255 
-0.05 -0.181346556424045 0.166125362197626 128 255 128 255 
-0.02 -0.144088437398623 0.169268897995157 128 255 128 255 
-0.2 0 0.150025810833787 128 255 128 255 
-0.2 -0.0302081630819755 0.146559109984374 128 255 128 255 
-0.230000000000012 -0.45482371729584 -0.707031339656311 128 255 128 255 
-0.230000000000129 -0.700900605286846 0.355673524358658 128 255 128 255 
-0.227755875844052 -0.700065365995495 0.358072064457283 128 255 128 255 
-0.2 -0.934910065031835 -0.116667471350396 128 255 128 255 
-0.199999999999923 -0.560928976467028 -0.553901986792616 128 255 128 255 
-0.230000000000001 -0.586910843891211 -0.494222138374494 128 255 128 255 
-0.23 -0.558468534653563 -0.53239633953262 128 255 128 255 
-0.200000000000053 -0.581296893456521 -0.527638941088177 128 255 128 255 
-0.229999999999999 -0.616807110720517 -0.457204473860978 128 255 128 255 
-0.2 -0.602019583087212 -0.501656075083804 128 255 128 255 
-0.2 -0.821550973175579 -0.273146859388794 128 255 128 255 
-0.23000000000024 -0.693479879857591 -0.377435760060748 128 255 128 255 
-0.02 -0.0829067037626295 -0.896878578346235 128 255 128 255 
-0.0500000000000248 -1.02907324980269 0.0896408789067661 128 255 128 255 
-0.0500000000000237 -0.0417788722995859 -0.906115413085349 128 255 128 255 
-0.0500000000000256 -0.0621600333042584 -0.902487368251586 128 255 128 255 
-0.230000000000179 -0.709969079748991 0.298105029475493 128 255 128 255 
-0.230000000000172 -0.71445884464946 0.295913051218244 128 255 128 255 
-0.212187988086009 -0.655031516159302 0.408171498019021 128 255 128 255 
-0.22704936787566 -0.699811587464676 0.360004182561688 128 255 128 255 
-0.033097648859829 -1.00737189546602 0.167739480864758 128 255 128 255 
-0.0292601572678851 -1.01267808148095 0.159778547735156 128 255 128 255 
-0.206929000956166 -0.704510341299688 0.317017458079144 128 255 128 255 
-0.207177607821457 -0.706742577186548 0.31490794219121 128 255 128 255 
-0.205292701975028 -0.204509327696221 -0.950701214752731 128 255 128 255 
-0.0499999999999943 -0.694363994028613 0.324359704728457 128 255 128 255 
-0.221348317973653 -0.351484775089718 -0.945778382663334 128 255 128 255 
-0.229999999999966 -0.667363555185928 0.406424273317231 128 255 128 255 
-0.227306048569726 -0.662367992152552 0.407974285301892 128 255 128 255 
-0.224007974357703 -0.661084517868206 0.40809574818889 128 255 128 255 
-0.224287544827699 -0.667788802133301 0.405956834204519 128 255 128 255 
-0.229999999999724 -0.690711886752199 0.389136336910054 128 255 128 255 
-0.22999999999988 -0.677696865817539 0.400997861414192 128 255 128 255 
-0.225488112391137 -0.674237974277762 0.402839392596089 128 255 128 255 
-0.2 -0.709950120313046 0.317746162938778 128 255 128 255 
-0.201934255811178 -0.707714757767719 0.322129642544932 128 255 128 255 
-0.204609630606957 -0.705861598025691 0.321093663648177 128 255 128 255 
-0.20963194179023 -0.702171276250198 0.319957795142774 128 255 128 255 
-0.205751830034678 -0.706819677001839 0.315860342734349 128 255 128 255 
-0.221154526900071 -0.366823262777208 -0.932393463580177 128 255 128 255 
-0.217240684538262 -0.697286810383095 0.315012773470868 128 255 128 255 
-0.216762610671142 -0.362904364955753 -0.930838475495632 128 255 128 255 
-0.213104754189208 -0.362031975623548 -0.926495986330048 128 255 128 255 
-0.211411368091361 -0.190694175892336 -0.950585452671518 128 255 128 255 
-0.0249000822513129 -1.01390874983632 0.157301124115408 128 255 128 255 
-0.0348843408797169 -1.01299887731682 0.159292102820832 128 255 128 255 
-0.0406569066531662 -1.00952436936159 0.16385582325972 128 255 128 255 
-0.215395477611055 -0.693025246004356 0.386125213188448 128 255 128 255 
-0.214136041515466 -0.698463939833016 0.376464862277975 128 255 128 255 
-0.215893915349417 -0.695926603821872 0.381273573063941 128 255 128 255 
-0.224535836170868 -0.697405765089915 0.375638859313936 128 255 128 255 
-0.217411898939547 -0.360459302687086 -0.93569244966407 128 255 128 255 
-0.02 -0.243857410158849 0.169379956662455 128 255 128 255 
-0.230000000000151 -0.705902955795226 0.30028259276447 128 255 128 255 
-0.0199999999999805 -1.02856630770958 0.0532779100148876 128 255 128 255 
-0.0200000000000097 -1.02903781914633 0.0650491556234764 128 255 128 255 
-0.0499999999999755 -0.989011875994561 -0.113596390211624 128 255 128 255 
-0.199999999999729 -0.907214397808601 -0.165008487610152 128 255 128 255 
-0.0199999999999985 -0.433866814813594 -0.748788216799989 128 255 128 255 
-0.0199999999999905 -0.231006331083366 -0.850543970664085 128 255 128 255 
-0.227690925644876 -0.699834996835392 0.364144271460945 128 255 128 255 
-0.0199999999999992 -0.221451452719888 -0.853881270771126 128 255 128 255 
-0.229999999999892 -0.142215592017832 -0.942333521657692 128 255 128 255 
-0.0500000000000436 -1.02539499309776 0.124050247476082 128 255 128 255 
-0.215321653236521 -0.698433627989553 0.316023035843421 128 255 128 255 
-0.199999999999823 -0.960859998525653 -0.0416905749351895 128 255 128 255 
-0.23 -0.939454813396145 -0.0392661161652002 128 255 128 255 
-0.0313478934959812 -0.630715721804094 0.322133300732814 128 255 128 255 
-0.019999999999996 -1.02766032423619 0.0408702904223634 128 255 128 255 
-0.0200000000000068 -0.632254142052942 0.324983586534399 128 255 128 255 
-0.211994237384627 -0.700435818426245 0.323392376000279 128 255 128 255 
-0.214549683910244 -0.703448158601953 0.311872683531127 128 255 128 255 
-0.2 -0.949920682141998 0.124203217606273 128 255 128 255 
-0.199999999999934 -0.801583796639075 0.272023449476969 128 255 128 255 
-0.200000000000006 -0.251531402365974 -0.951336364687822 128 255 128 255 
-0.2 -0.260330608551627 -0.951331818108862 128 255 128 255 
-0.199999999999994 -0.741225065235109 0.302060644510959 128 255 128 255 
-0.200000000000032 -0.968921723852816 0.021736588945368 128 255 128 255 
-0.200000000000044 -0.968991687236253 0.0276321349390415 128 255 128 255 
-0.0199999999999893 -0.41091237429753 -0.763583422910334 128 255 128 255 
-0.199999999999969 -0.789382111938961 0.278550345638888 128 255 128 255 
-0.200000000000045 -0.968695110026712 0.0110981664116638 128 255 128 255 
-0.200000000000002 -0.968809853991313 0.0164173474556437 128 255 128 255 
-0.199999999999999 -0.963824510436058 0.079513037342348 128 255 128 255 
-0.222060541028292 -0.308491442914366 -0.951319803944381 128 255 128 255 
-0.2 -0.95438017199267 0.112863231530686 128 255 128 255 
-0.200000000000073 -0.95801369538916 0.101219086239511 128 255 128 255 
-0.0405756549868286 -1.01391329105148 -0.0481320703948562 128 255 128 255 
-0.2 -0.961241348229928 0.0901250920305725 128 255 128 255 
-0.200000000000018 -0.242732270749581 -0.951314752324333 128 255 128 255 
-0.23 -0.245867436018865 -0.951327165701327 128 255 128 255 
-0.214793906732754 -0.23878853193478 -0.951326664889 128 255 128 255 
-0.0200000000000154 -0.391510081333551 -0.775786681872548 128 255 128 255 
-0.020000000000003 -0.517975667856447 -0.678876766230749 128 255 128 255 
-0.0200000000000169 -0.52703557990048 -0.67005981485951 128 255 128 255 
-0.0199999999999892 -0.536714068498273 -0.660154589285252 128 255 128 255 
-0.0200000000000002 -0.439554327043302 -0.744864630770523 128 255 128 255 
-0.0199999999999775 -0.368025060302223 -0.789547090572708 128 255 128 255 
-0.0199999999999807 -0.546634030645276 -0.649658775886457 128 255 128 255 
-0.0242895874662268 -0.556972495552422 -0.636699327696813 128 255 128 255 
-0.0499999999999949 -0.211572665585187 -0.860981848721074 128 255 128 255 
-0.209331880174868 -0.692938045344411 0.387000805041692 128 255 128 255 
-0.0295671036259184 -0.623757186835053 0.321852443043262 128 255 128 255 
-0.0399997793143956 0 0.182982199979815 128 255 128 255 
-0.05 0 0.182501480415688 128 255 128 255 
-0.0200000000000173 -0.317879202855609 -0.814733971546214 128 255 128 255 
-0.23 -0.445665854537946 0.228652332049402 128 255 128 255 
-0.0199999999999664 -0.841759762713785 0.29077594932907 128 255 128 255 
-0.0199999999999679 -0.830476219407686 0.295660691523234 128 255 128 255 
-0.0199999999999961 -0.852812576033203 0.285356451820006 128 255 128 255 
-0.22999999999994 -0.937009395626494 0.0949188768262598 128 255 128 255 
-0.230000000000189 -0.934201809530902 0.103701081132121 128 255 128 255 
-0.0320633781709164 -0.610988662872502 0.319830014356923 128 255 128 255 
-0.227257467422558 -0.694150142542478 0.3111220098749 128 255 128 255 
-0.230000000000001 -0.324244451019746 -0.951318303318626 128 255 128 255 
-0.229999999999996 -0.286616982515731 -0.951326170924592 128 255 128 255 
-0.23 -0.939648742640594 0.0860863988240163 128 255 128 255 
-0.230000000000032 -0.795659215480795 0.255535449314181 128 255 128 255 
-0.230000000000038 -0.806381373488245 0.249007244410058 128 255 128 255 
-0.229124745228626 -0.695141970039031 0.309271633842351 128 255 128 255 
-0.229999999999997 -0.731929548580857 0.288430933620689 128 255 128 255 
-0.230000000000008 -0.725845298388847 0.290969958214924 128 255 128 255 
-0.22999999999986 -0.160093662724434 -0.949549960068782 128 255 128 255 
-0.227915569766535 -0.69967451825857 0.350634266259482 128 255 128 255 
-0.226334828477223 -0.693729459750271 0.312100685348521 128 255 128 255 
-0.225886576593537 -0.69888368454599 0.351522583396612 128 255 128 255 
-0.229999999999994 -0.586239754235414 0.382948716547702 128 255 128 255 
-0.224224938345066 -0.585136461962463 0.382321792375849 128 255 128 255 
-0.230000000000128 -0.579721869004386 0.377615300564602 128 255 128 255 
-0.229999999999797 -0.572777690415756 0.371231205518408 128 255 128 255 
-0.223492950895154 -0.698184557810646 0.345688632736599 128 255 128 255 
-0.223583503970779 -0.695617870864499 0.380338586393714 128 255 128 255 
-0.229999999999822 -0.127488262665715 -0.934816353632505 128 255 128 255 
-0.230000000000135 -0.738717459688739 0.285574987556713 128 255 128 255 
-0.0438231931824275 -1.00545195300498 0.168906368051906 128 255 128 255 
-0.23 -0.829404358635814 0.234390106383733 128 255 128 255 
-0.229999999999995 -0.74678393053159 0.281879386201023 128 255 128 255 
-0.229999999999997 -0.564560784263208 0.363171630571274 128 255 128 255 
-0.229999999999978 -0.556476887546139 0.354976892207591 128 255 128 255 
-0.0367545172401035 -0.64883057339026 0.322616658242693 128 255 128 255 
-0.0386132030107458 -0.64363643903795 0.32236807447151 128 255 128 255 
-0.222617367077161 -0.694979749052244 0.381672406806541 128 255 128 255 
-0.230000000000102 -0.0693969564240586 -0.905493998430224 128 255 128 255 
-0.23 -0.909683925283311 -0.120067582283645 128 255 128 255 
-0.23 -0.891949302814749 -0.151112375139807 128 255 128 255 
-0.2 -0.362991346065124 -0.909440935033314 128 255 128 255 
-0.23 -0.218779808315668 -0.95132595776258 128 255 128 255 
-0.229999999999759 -0.407328601441568 -0.842529735067934 128 255 128 255 
-0.200000000000154 -0.967762030396797 -0.00229454564983057 128 255 128 255 
-0.199999999999769 -0.944634972963853 -0.0939015201463439 128 255 128 255 
-0.23 -0.920126661229371 -0.0980829393124266 128 255 128 255 
-0.216472298312326 -0.333641870337044 -0.949075219549917 128 255 128 255 
-0.226262344517728 -0.697807732757168 0.342787097873652 128 255 128 255 
-0.020000000000017 -1.01331216343071 -0.0519795457558918 128 255 128 255 
-0.0200000000000059 -1.01523119753871 -0.044664271178766 128 255 128 255 
-0.230000000000024 -0.719771726402152 0.293534716852965 128 255 128 255 
-0.216724666574118 -0.697092997550216 0.321993013887136 128 255 128 255 
-0.200000000000013 -0.709305289054942 0.329579888198417 128 255 128 255 
-0.230000000000042 -0.633757237129916 0.40809302197898 128 255 128 255 
-0.230000000000061 -0.682440459027622 0.397577857552599 128 255 128 255 
-0.0200000000000002 -1.01675043642258 -0.037572288212542 128 255 128 255 
-0.0285854515629185 -1.0158475106893 -0.0428438855386538 128 255 128 255 
-0.214433674747339 -0.698670509896663 0.3199300689618 128 255 128 255 
-0.217027006360197 -0.696814196216926 0.320126231293023 128 255 128 255 
-0.216573113778809 -0.701349500557059 0.349539306378757 128 255 128 255 
-0.0200000000000382 -0.558586033756796 -0.636343619157904 128 255 128 255 
-0.0199999999999889 -0.570147596712717 -0.622691490618599 128 255 128 255 
-0.0456813977322105 -0.693766501427502 0.322852761597462 128 255 128 255 
-0.043779290218319 -0.691684043090488 0.322593991728387 128 255 128 255 
-0.219821470469643 -0.699872103096462 0.368044648352666 128 255 128 255 
-0.219500110427445 -0.69474006647159 0.382641898454755 128 255 128 255 
-0.0394189193321849 -0.688430587527271 0.322515272746429 128 255 128 255 
-0.219519942217142 -0.696517572523192 0.330674989603182 128 255 128 255 
-0.0199999999999899 -1.02897066039892 0.102595536291357 128 255 128 255 
-0.230000000000243 -0.644692297760336 0.409757541412399 128 255 128 255 
-0.230000000000005 -0.650407437376344 0.4098172057644 128 255 128 255 
-0.200000000000226 -0.677595459946302 0.39997794139747 128 255 128 255 
-0.199999999999879 -0.226260252393426 -0.951081648100859 128 255 128 255 
-0.199999999999956 -0.968470746084288 0.0066516160345663 128 255 128 255 
-0.229999999999787 -0.945416764647478 -0.00506007435129618 128 255 128 255 
-0.0199999999999996 -0.704107982801109 0.324038464127317 128 255 128 255 
-0.0370496172607146 -0.849522569148316 0.288850690901971 128 255 128 255 
-0.0320815014666632 -0.844536939116886 0.290698951737093 128 255 128 255 
-0.0314114794014938 -0.59747670023776 0.317512394508669 128 255 128 255 
-0.0311803007538576 -0.583428497621146 0.314041468069166 128 255 128 255 
-0.224258243473935 -0.697122697383975 0.341556624653873 128 255 128 255 
-0.0346461628339736 -0.62472320047327 0.321003464473275 128 255 128 255 
-0.0199999999999961 -0.659522619079424 0.326227488626758 128 255 128 255 
-0.0455359288442536 -0.672006532371509 0.323364489489607 128 255 128 255 
-0.0199999999999993 -0.635781256961252 0.32519844648655 128 255 128 255 
-0.020000000000022 -0.907852307078109 0.251179952547552 128 255 128 255 
-0.0200000000000002 -0.616453838291565 0.323255866624623 128 255 128 255 
-0.0500000000000221 -0.8534837295963 0.287493001082909 128 255 128 255 
-0.0499999999999948 -0.861785253908136 0.283139253475141 128 255 128 255 
-0.0199999999999979 -0.624808642873091 0.324347256990137 128 255 128 255 
-0.0200000000000102 -0.919064865404603 0.242743393379648 128 255 128 255 
-0.0200000000000002 -0.589415081996532 0.317120694253387 128 255 128 255 
-0.0200000000000026 -0.596185699714357 0.318960217625354 128 255 128 255 
-0.219525296085171 -0.69880330340856 0.373018236633884 128 255 128 255 
-0.220591137458846 -0.696557139222629 0.378815252139698 128 255 128 255 
-0.217996770962621 -0.696240213533724 0.317594783385323 128 255 128 255 
-0.221211996444588 -0.695647445284886 0.3304164989238 128 255 128 255 
-0.0199999999999989 -0.72200309374243 0.32188606050619 128 255 128 255 
-0.220338103382069 -0.694863193441114 0.316227472274692 128 255 128 255 
-0.208830049521288 -0.172169378196445 -0.945239818560037 128 255 128 255 
-0.220360444053333 -0.181698178042771 -0.951103359157798 128 255 128 255 
-0.0448364340024952 -0.673147741579835 0.323244327581065 128 255 128 255 
-0.0200000000000004 -0.461934986399313 -0.728285608258626 128 255 128 255 
-0.224643545054943 -0.698890717358658 0.369950456048586 128 255 128 255 
-0.227509303018958 -0.699103722859572 0.369078804769768 128 255 128 255 
-0.224231606190895 -0.69312312516172 0.317749189023278 128 255 128 255 
-0.042613734860858 -0.689662631743584 0.322567310345977 128 255 128 255 
-0.224998152695966 -0.699365815093875 0.366295448482335 128 255 128 255 
-0.225888283982198 -0.699501755217652 0.364224169390467 128 255 128 255 
-0.224309835906376 -0.69951624634553 0.364920634809704 128 255 128 255 
-0.224366083214959 -0.694599558050814 0.329213303726096 128 255 128 255 
-0.228514574093889 -0.694841189064104 0.310433299140921 128 255 128 255 
-0.23 -0.695704514344691 0.30970912102972 128 255 128 255 
-0.229999999999999 -0.695796782959714 0.311189897004569 128 255 128 255 
-0.225519794039201 -0.69953176340205 0.362235928092174 128 255 128 255 
-0.226172914226475 -0.69959389273656 0.361187367980173 128 255 128 255 
-0.0356112334901962 -0.653861090514071 0.322947650564036 128 255 128 255 
-0.0392012404619385 -1.00559653674956 0.169524195589278 128 255 128 255 
-0.21545545164405 -0.322705401761411 -0.950460721127105 128 255 128 255 
-0.216771916836698 -0.180532053366146 -0.950430485131789 128 255 128 255 
-0.21578638662731 -0.183091324825388 -0.950552499830073 128 255 128 255 
-0.216976513272686 -0.176870911356292 -0.949937075279002 128 255 128 255 
-0.0477929296597336 -0.695934311721034 0.323381135002157 128 255 128 255 
-0.0346535981842325 -0.632229089344267 0.321761106558873 128 255 128 255 
-0.214377366300283 -0.699897269183626 0.314610476330864 128 255 128 255 
-0.038699669238415 -0.630316295921592 0.321440666067498 128 255 128 255 
-0.0361098831848664 -0.634837599229876 0.321782713146776 128 255 128 255 
-0.215877556169825 -0.330450046838845 -0.949488623841111 128 255 128 255 
-0.21481763103155 -0.698483248483332 0.323785033100293 128 255 128 255 
-0.209527407430524 -0.702565699632011 0.316869874777386 128 255 128 255 
-0.204227146509806 -0.706851863709026 0.316954852089025 128 255 128 255 
-0.200000000000109 -0.967825242209716 0.0507406551631138 128 255 128 255 
-0.224207346882759 -0.696856178734786 0.340312452311505 128 255 128 255 
-0.204903706890807 -0.220187926768233 -0.951307457095622 128 255 128 255 
-0.229999999999936 -0.944530586386355 -0.0123894830351574 128 255 128 255 
-0.199999999999983 -0.968141320440305 0.00221286289638478 128 255 128 255 
-0.0354865007822179 -1.01398057161605 -0.0494382573634793 128 255 128 255 
-0.035079819403338 -0.304951303802128 -0.819019060101737 128 255 128 255 
-0.22999999999988 -0.946287425099131 0.00556479656681914 128 128 255 255 
-0.230000000000161 -0.946754794569308 0.016214549669473 128 128 255 255 
-0.23 -0.939572889632024 0.0257469098791418 128 128 255 255 
-0.23 -0.945382157435228 0.0526698738208295 128 128 255 255 
-0.23 -0.939805983437474 0.0592733820083632 128 128 255 255 
-0.23 -0.939500560657169 0.0430166484351091 128 128 255 255 
-0.229999999999876 -0.395302345285815 -0.892288674362358 128 128 255 255 
-0.230000000000197 -0.397754303563621 -0.88417364822173 128 128 255 255 
-0.23 -0.389051342066796 -0.880592629370354 128 128 255 255 
-0.23 -0.914650185938006 -0.0601698530489447 128 128 255 255 
-0.23 -0.921123745158191 -0.045942542666458 128 128 255 255 
-0.23 -0.916514068663643 -0.0469975693683427 128 128 255 255 
-0.229999999999935 -0.93089710098062 0.112725453171367 128 128 255 255 
-0.23 -0.921711961660791 0.120150781275717 128 128 255 255 
-0.23 -0.923525649574186 0.109755204517743 128 128 255 255 
-0.23 -0.738150599089392 0.266494070990003 128 128 255 255 
-0.23 -0.741418836817084 0.277317987895633 128 128 255 255 
-0.23 -0.731125626152419 0.280811887494206 128 128 255 255 
-0.23 -0.934427199935753 -0.0415865543782542 128 128 255 255 
-0.23 -0.93003252648782 -0.0550100795612685 128 128 255 255 
-0.23 -0.939454813396145 -0.0392661161652002 128 128 255 255 
-0.23 -0.835000005472528 0.182561585797686 128 128 255 255 
-0.23 -0.850124575008989 0.184651421648434 128 128 255 255 
-0.23 -0.822565681183958 0.192922160437796 128 128 255 255 
-0.23 -0.922370420502099 -0.0807192088123085 128 128 255 255 
-0.230000000000006 -0.931946332189951 -0.0668149335892948 128 128 255 255 
-0.23 -0.925206311568668 -0.0692838809136778 128 128 255 255 
-0.230000000000003 -0.941015470897835 -0.03219787467165 128 128 255 255 
-0.23 -0.938848765550615 -0.0289519166198242 128 128 255 255 
-0.23 -0.936767395389585 -0.0329940440654244 128 128 255 255 
-0.23 -0.93616175967343 -0.0530169510682912 128 128 255 255 
-0.230000000000001 -0.938524062993933 -0.0434814988522978 128 128 255 255 
-0.23 -0.772272344403242 0.256304289096568 128 128 255 255 
-0.229999999999801 -0.784894467314395 0.261993938356434 128 128 255 255 
-0.229999999999942 -0.774783255311886 0.2676528364982 128 128 255 255 
-0.23 -0.928343457022972 0.0469528685943537 128 128 255 255 
-0.23 -0.935101353040434 0.0536431210300137 128 128 255 255 
-0.23 -0.932745629082403 0.0653186334921648 128 128 255 255 
-0.230000000000001 -0.942095651534986 0.0762511795666377 128 128 255 255 
-0.23 -0.935676197031153 0.0767886258829419 128 128 255 255 
-0.229999999999975 -0.382427485034186 -0.809493421710221 128 128 255 255 
-0.23 -0.386386388803723 -0.814048536653085 128 128 255 255 
-0.229999999999988 -0.386135468754086 -0.798775958714882 128 128 255 255 
-0.23 -0.473976039706803 -0.627508610444527 128 128 255 255 
-0.23 -0.483507147891024 -0.625340671563027 128 128 255 255 
-0.23 -0.487989472763128 -0.578363763761378 128 128 255 255 
-0.23 -0.464842496524427 -0.619349591284977 128 128 255 255 
-0.23 0 -0.863894387127536 128 128 255 255 
-0.23 0 -0.870217112069717 128 128 255 255 
-0.23 -0.0161188289641154 -0.860074707571623 128 128 255 255 
-0.23 -0.00764693768866514 -0.877073279535825 128 128 255 255 
-0.23 -0.306642434876976 0.12445037736764 128 128 255 255 
-0.23 -0.32400802306417 0.127196163555097 128 128 255 255 
-0.23 -0.34076893465982 0.14995086418317 128 128 255 255 
-0.23 -0.670468536670257 0.292854925983513 128 128 255 255 
-0.23 -0.675550642944627 0.300364160848907 128 128 255 255 
-0.23000000000011 -0.665735676526607 0.297163061332923 128 128 255 255 
-0.230000000000084 -0.667019695280221 0.293356182989166 128 128 255 255 
-0.23000000000002 -0.668677931149489 0.289675524017275 128 128 255 255 
-0.229999999999999 -0.361343668196183 -0.945542693962606 128 128 255 255 
-0.23 -0.362506152362909 -0.941376559826073 128 128 255 255 
-0.230000000000043 -0.357036865660091 -0.947441624707544 128 128 255 255 
-0.23 -0.355908954127902 -0.941321561158143 128 128 255 255 
-0.23 -0.347281499206327 -0.941213114736727 128 128 255 255 
-0.229999999999865 -0.35257302672491 -0.948931534839981 128 128 255 255 
-0.229999999999995 -0.77414292296384 -0.296137085820769 128 128 255 255 
-0.23 -0.812214957893249 -0.254594918427319 128 128 255 255 
-0.23 -0.750272566228092 -0.26640002410227 128 128 255 255 
-0.23 -0.734792616600788 -0.336499058688525 128 128 255 255 
-0.230000000000293 -0.376180762106138 -0.930102530762377 128 128 255 255 
-0.23 -0.372833879358953 -0.931870808695786 128 128 255 255 
-0.229999999999829 -0.374881103429765 -0.932790680387957 128 128 255 255 
-0.22999999999974 -0.67261778833858 0.403907503814266 128 128 255 255 
-0.23 -0.67485906480153 0.400265301865188 128 128 255 255 
-0.230000000000148 -0.675215739757515 0.402554234577959 128 128 255 255 
-0.23 -0.671046134926106 0.363565556725455 128 128 255 255 
-0.230000000000017 -0.669343493589092 0.365355350038077 128 128 255 255 
-0.230000000000007 -0.669667327607935 0.363586369056672 128 128 255 255 
-0.23 -0.695612245729693 0.30822834505487 128 128 255 255 
-0.23 -0.69562932706013 0.306362876384323 128 128 255 255 
-0.23 -0.695558831039633 0.307141585544511 128 128 255 255 
-0.23 -0.670324432729825 0.367620591148783 128 128 255 255 
-0.23 -0.669738732978961 0.36922231215885 128 128 255 255 
-0.23 -0.669290926184924 0.368193802239579 128 128 255 255 
-0.23 -0.335253935093817 -0.920402850263912 128 128 255 255 
-0.23 -0.335518785464008 -0.919074570463278 128 128 255 255 
-0.23 -0.334147098082713 -0.920711936311062 128 128 255 255 
-0.229999999999994 -0.653593168739861 0.379295426052287 128 128 255 255 
-0.23 -0.65304091198332 0.381226194984665 128 128 255 255 
-0.230000000000074 -0.652409203661139 0.379549262101358 128 128 255 255 
-0.229999999999551 -0.661803884837063 0.408225641071033 128 128 255 255 
-0.23 -0.662689858136037 0.40516226761243 128 128 255 255 
-0.229999999999854 -0.664622565030061 0.4074467550852 128 128 255 255 
-0.23 -0.206877659613472 0.116625392336466 128 128 255 255 
-0.23 -0.236898309521076 0.104992289753436 128 128 255 255 
-0.229999999999998 -0.234382453721253 0.118185246886973 128 128 255 255 
-0.229999999999966 -0.667363555185928 0.406424273317231 128 128 255 255 
-0.229999999999997 -0.261581628858041 0.122383781574142 128 128 255 255 
-0.23 -0.174858910381927 -0.921989812569874 128 128 255 255 
-0.229999999999718 -0.178394165137555 -0.921318480808007 128 128 255 255 
-0.229999999999926 -0.175720420797239 -0.921318877213529 128 128 255 255 
-0.23 -0.690656262261194 0.385761394791162 128 128 255 255 
-0.230000000000295 -0.69408151460049 0.384350117135605 128 128 255 255 
-0.230000000000109 -0.692504749622412 0.386819556281075 128 128 255 255 
-0.23 -0.373284050764851 -0.935313394622485 128 128 255 255 
-0.23 -0.369802621216863 -0.936575935904806 128 128 255 255 
-0.229999999999857 -0.371495297042161 -0.937581207268054 128 128 255 255 
-0.23 -0.698297592467052 0.304789014336048 128 128 255 255 
-0.23 -0.696583889504883 0.306006973887903 128 128 255 255 
-0.23 -0.407265848562923 -0.768835636905043 128 128 255 255 
-0.22999999999996 -0.398130600216258 -0.76499019419577 128 128 255 255 
-0.23 -0.399411358724231 -0.774173024619033 128 128 255 255 
-0.23 -0.825872014921264 -0.178467919461748 128 128 255 255 
-0.23 -0.842983127893609 -0.218404273929326 128 128 255 255 
-0.229999999999998 -0.872073147140968 -0.180839328920407 128 128 255 255 
-0.23 -0.369501272973199 -0.939670823428853 128 128 255 255 
-0.23 -0.697143771317264 0.304692109778258 128 128 255 255 
-0.23 -0.615008805022629 0.369155575935518 128 128 255 255 
-0.229999999999862 -0.61457182259936 0.367124348963331 128 128 255 255 
-0.23000000000015 -0.616455100343172 0.368571410710402 128 128 255 255 
-0.230000000000148 -0.618469423034423 0.369829640740763 128 128 255 255 
-0.23 -0.615032213522507 0.371201974266076 128 128 255 255 
-0.23 -0.693696014584835 0.381124120993185 128 128 255 255 
-0.230000000000178 -0.695530921835515 0.381812015144256 128 128 255 255 
-0.23 -0.672524135334311 0.282800445528055 128 128 255 255 
-0.23 -0.67571142537564 0.279264148096686 128 128 255 255 
-0.23 -0.676486251093337 0.282303636952161 128 128 255 255 
-0.23 -0.678454902853696 0.285420638696361 128 128 255 255 
-0.23 -0.673952829316587 0.285828625979186 128 128 255 255 
-0.23 -0.674921689204827 0.28413124899127 128 128 255 255 
-0.230000000000288 -0.696741248888774 0.379151829359921 128 128 255 255 
-0.22999999999939 -0.651212204727186 0.37969868955714 128 128 255 255 
-0.23 -0.648914141624568 0.381068980363488 128 128 255 255 
-0.229999999999963 -0.648795892002159 0.379848937772459 128 128 255 255 
-0.23 -0.650585214468375 0.382927672939287 128 128 255 255 
-0.23 -0.647562166334744 0.383123128055436 128 128 255 255 
-0.23 -0.643262492561303 0.384547899758888 128 128 255 255 
-0.22999999999947 -0.646382542517689 0.379790746401126 128 128 255 255 
-0.23 -0.648666440501785 0.387280340814389 128 128 255 255 
-0.23 -0.375337282597873 -0.926213494660846 128 128 255 255 
-0.22999999999975 -0.37729418517358 -0.927327100687266 128 128 255 255 
-0.23 -0.372987255027776 -0.920731590581479 128 128 255 255 
-0.23 -0.378777923818265 -0.924769190895269 128 128 255 255 
-0.230000000000185 -0.382110116277136 -0.919868337260218 128 128 255 255 
-0.23 -0.712455447425899 0.272501739872295 128 128 255 255 
-0.23 -0.722293492247206 0.276439695717737 128 128 255 255 
-0.23 -0.715197005758545 0.278668723594838 128 128 255 255 
-0.230000000000073 -0.36297218185094 -0.87442695643921 128 128 255 255 
-0.230000000000297 -0.360414007126303 -0.882017135126862 128 128 255 255 
-0.23 -0.363874238941621 -0.882654346177064 128 128 255 255 
-0.23 -0.163843402473959 -0.942917020967185 128 128 255 255 
-0.23 -0.156432591406913 -0.948407102431356 128 128 255 255 
-0.23 -0.16303494415536 -0.947484218017247 128 128 255 255 
-0.230000000000053 -0.40483007097134 -0.854563034261208 128 128 255 255 
-0.23 -0.392249985256623 -0.845354862145645 128 128 255 255 
-0.23 -0.395350205107567 -0.857798863080551 128 128 255 255 
-0.230000000000027 -0.389747302360705 -0.788025000786723 128 128 255 255 
-0.23 -0.408296177215955 -0.793501595834824 128 128 255 255 
-0.23 -0.401817257946962 -0.780516735696908 128 128 255 255 
-0.23 -0.784665687206507 0.249893466808604 128 128 255 255 
-0.23 -0.77725789323936 0.241141769190104 128 128 255 255 
-0.23 -0.236679085996229 -0.95132739000706 128 128 255 255 
-0.23 -0.242991873373758 -0.94656096132318 128 128 255 255 
-0.23 -0.228053903993848 -0.946454204694766 128 128 255 255 
-0.23 -0.297365753280157 -0.951320271259131 128 128 255 255 
-0.23 -0.307024664585332 -0.951320130348767 128 128 255 255 
-0.23 -0.297610262295498 -0.948452914301645 128 128 255 255 
-0.23 -0.38424797830768 -0.854595841589446 128 128 255 255 
-0.230000000000068 -0.370382957100848 -0.84892986701221 128 128 255 255 
-0.23 -0.38155209904927 -0.866996480702586 128 128 255 255 
-0.23 -0.386536081865158 -0.890873411836442 128 128 255 255 
-0.23 -0.380227496541518 -0.880051617223676 128 128 255 255 
-0.23 -0.0576503702381559 -0.880971464211133 128 128 255 255 
-0.23 -0.0758746928736558 -0.893943265324482 128 128 255 255 
-0.23 -0.0783305630688141 -0.881643277306558 128 128 255 255 
-0.230000000000512 -0.0310719931512736 -0.863157868504598 128 128 255 255 
-0.23 -0.0302506911077793 -0.875466215373775 128 128 255 255 
-0.23 -0.0420748253804182 -0.875918293564021 128 128 255 255 
-0.23 -0.926181638587157 -0.0477572697866486 128 128 255 255 
-0.23 -0.922034444251431 -0.0591490947185689 128 128 255 255 
-0.23 0 -0.882827624552265 128 128 255 255 
-0.23 0 -0.889072215508553 128 128 255 255 
-0.229999999999827 -0.00945051090914632 -0.890423098981486 128 128 255 255 
-0.229999999999897 -0.695988436606833 0.314151005523283 128 128 255 255 
-0.229999999999978 -0.696426162621882 0.317563345325393 128 128 255 255 
-0.23 -0.69430537334763 0.313409941139065 128 128 255 255 
-0.23 0 -0.857536724783544 128 128 255 255 
-0.23 -0.521478291697506 -0.52408490862546 128 128 255 255 
-0.230000000000001 -0.586910843891211 -0.494222138374494 128 128 255 255 
-0.229999999999999 -0.616807110720517 -0.457204473860978 128 128 255 255 
-0.23 -0.561329882937157 -0.467882677005401 128 128 255 255 
-0.23 -0.652360327733483 -0.418567911631811 128 128 255 255 
-0.23 -0.604948219598058 -0.414421303034205 128 128 255 255 
-0.23 -0.655062846891471 -0.363264696859149 128 128 255 255 
-0.23 -0.245867436018865 -0.951327165701327 128 128 255 255 
-0.230000000000032 -0.795659215480795 0.255535449314181 128 128 255 255 
-0.23 -0.49951715498203 -0.622056205748077 128 128 255 255 
-0.23000000000004 -0.520373164384929 0.266811685240126 128 128 255 255 
-0.23 -0.522061373721434 0.294404748681917 128 128 255 255 
-0.23 -0.513226799097152 0.271256241614103 128 128 255 255 
-0.23 -0.29367347803961 -0.937852255522839 128 128 255 255 
-0.23 -0.274532438699445 -0.937782692995992 128 128 255 255 
-0.23 -0.276014867578011 -0.951326429743104 128 128 255 255 
-0.23 -0.48816923319509 0.267933352328151 128 128 255 255 
-0.23 -0.499940316505169 0.268823219122287 128 128 255 255 
-0.230000000000034 -0.494441187476721 0.284066739413086 128 128 255 255 
-0.23 -0.505537037602677 0.286088155699117 128 128 255 255 
-0.229999999999985 -0.505704663763143 0.297057238529872 128 128 255 255 
-0.23000000000002 -0.482971118892728 0.270905613073264 128 128 255 255 
-0.23 -0.475323090456509 0.247936477948827 128 128 255 255 
-0.229999999999897 -0.470879922310815 0.257304113818605 128 128 255 255 
-0.23 -0.472028392344929 0.254929650276216 128 128 255 255 
-0.229999999999999 -0.227729447178764 -0.951327608485387 128 128 255 255 
-0.23 -0.549679304512664 0.320336455367193 128 128 255 255 
-0.229999999999989 -0.561739545201537 0.315432108054771 128 128 255 255 
-0.23 -0.561959691949607 0.322278081391289 128 128 255 255 
-0.230000000000012 -0.425330456679969 -0.781179277017655 128 128 255 255 
-0.23 -0.417447429074282 -0.780358596646917 128 128 255 255 
-0.230000000000176 -0.422135604604289 -0.790491802455046 128 128 255 255 
-0.229999999999928 -0.943379665435539 -0.0196851120775724 128 128 255 255 
-0.23 -0.937039165482055 -0.024386035962331 128 128 255 255 
-0.22999999999999 -0.942454780920367 -0.0248665926388349 128 128 255 255 
-0.23 -0.195001573038418 0.0817811310112021 128 128 255 255 
-0.23 -0.22564357896919 0.082011298126635 128 128 255 255 
-0.229999999999998 -0.312706188662782 0.100286583884656 128 128 255 255 
-0.229999999999994 -0.256006226443426 0.085755729842962 128 128 255 255 
-0.230000000000002 -0.305786555340489 0.134898751889329 128 128 255 255 
-0.23 -0.675413657681988 0.290381674057164 128 128 255 255 
-0.230000000000262 -0.670421754163071 0.286138961766293 128 128 255 255 
-0.23 -0.672425653296672 0.339343875688183 128 128 255 255 
-0.23 -0.675727814271114 0.346120524617682 128 128 255 255 
-0.23 -0.67071651546134 0.344918418712177 128 128 255 255 
-0.229999999999963 -0.66648221078219 0.341584484166939 128 128 255 255 
-0.229999999999983 -0.667407268538134 0.346114729491823 128 128 255 255 
-0.23 -0.673404451515657 0.357834127791069 128 128 255 255 
-0.230000000000195 -0.669665233033571 0.358036625728241 128 128 255 255 
-0.23 -0.671532597061809 0.351408196514878 128 128 255 255 
-0.23 -0.677960560633499 0.353839238676001 128 128 255 255 
-0.23 -0.315819758677491 -0.925467488952073 128 128 255 255 
-0.23 -0.323923252455288 -0.932227531088137 128 128 255 255 
-0.23 -0.324822533415236 -0.924200919004492 128 128 255 255 
-0.23 -0.318085420831977 -0.921319539125644 128 128 255 255 
-0.23 -0.334039813511199 -0.921359066699976 128 128 255 255 
-0.23 -0.333741863355691 -0.920947336125805 128 128 255 255 
-0.23 -0.327533564519624 -0.921317030911975 128 128 255 255 
-0.23 -0.328685341395098 -0.92230369930501 128 128 255 255 
-0.23 -0.331417524056834 -0.926058472721858 128 128 255 255 
-0.23 -0.323173602096438 -0.921318712077041 128 128 255 255 
-0.23 -0.330058490666392 -0.923312114054246 128 128 255 255 
-0.23 -0.361757695172593 -0.935500081382484 128 128 255 255 
-0.23 -0.36562113010848 -0.942882420489773 128 128 255 255 
-0.230000000000001 -0.324244451019746 -0.951318303318626 128 128 255 255 
-0.23000000000006 -0.331805325550317 -0.951315387908652 128 128 255 255 
-0.23 -0.323302244307236 -0.948091873239303 128 128 255 255 
-0.23 -0.328249801088661 -0.945335486245684 128 128 255 255 
-0.23 -0.315500227040897 -0.941148746911757 128 128 255 255 
-0.230000000000001 -0.316683575870446 -0.951319614107719 128 128 255 255 
-0.23 -0.354309988150571 -0.933426544672558 128 128 255 255 
-0.23 -0.693179100138404 0.333436926930496 128 128 255 255 
-0.23 -0.689014249035284 0.324818188619049 128 128 255 255 
-0.23 -0.694422656476745 0.326860829751483 128 128 255 255 
-0.230000000000015 -0.698464904486161 0.332096952543001 128 128 255 255 
-0.230000000000001 -0.697951329055937 0.328393387511544 128 128 255 255 
-0.23 -0.69230997191506 0.319409709354168 128 128 255 255 
-0.23 -0.715761176524906 0.283720072147152 128 128 255 255 
-0.23 -0.719261295732803 0.285530226223447 128 128 255 255 
-0.23 -0.715027241485426 0.290451654948457 128 128 255 255 
-0.23 -0.368366675637648 -0.933039595128166 128 128 255 255 
-0.23 -0.363072001071809 -0.926591402897481 128 128 255 255 
-0.23 -0.371456804856362 -0.928107842577944 128 128 255 255 
-0.230000000000261 -0.348073542889787 -0.950037154196558 128 128 255 255 
-0.23 -0.342254556828329 -0.94675475681794 128 128 255 255 
-0.230000000000297 -0.34285702113215 -0.95085788981035 128 128 255 255 
-0.230000000000055 -0.337595357138501 -0.951235530346668 128 128 255 255 
-0.23 -0.335420032928623 -0.940342278310911 128 128 255 255 
-0.23 -0.69053922712884 0.307162143138995 128 128 255 255 
-0.23 -0.694200828468657 0.311082764109737 128 128 255 255 
-0.23 -0.696914404696877 0.320968441847974 128 128 255 255 
-0.23 -0.694344806517002 0.316903059543999 128 128 255 255 
-0.23 -0.671709799176401 0.370054458597672 128 128 255 255 
-0.23 -0.255640094329578 -0.951326927131476 128 128 255 255 
-0.23 -0.265412752640291 -0.951326688561625 128 128 255 255 
-0.23 -0.263463718342573 -0.948660975718479 128 128 255 255 
-0.23 -0.25678690813138 -0.940662723835857 128 128 255 255 
-0.23 -0.680662967246561 0.322896160366255 128 128 255 255 
-0.23 -0.671837000377452 0.331619846243062 128 128 255 255 
-0.23 -0.669595904413141 0.324467760394802 128 128 255 255 
-0.230000000000057 -0.664864465075834 0.332098081128386 128 128 255 255 
-0.23 -0.673914804805578 0.317027648456448 128 128 255 255 
-0.229999999999882 -0.663714868892958 0.321918121087627 128 128 255 255 
-0.23 -0.667890469252388 0.318682375392384 128 128 255 255 
-0.229999999999984 -0.66427479539484 0.32700973654124 128 128 255 255 
-0.23 -0.695573699391722 0.322904776458397 128 128 255 255 
-0.23 -0.671072649735797 0.397789835952943 128 128 255 255 
-0.23 -0.676658685669418 0.388012545673113 128 128 255 255 
-0.23 -0.677692280358217 0.396077073566579 128 128 255 255 
-0.23 -0.683375762370889 0.39175453908561 128 128 255 255 
-0.230000000000061 -0.682440459027622 0.397577857552599 128 128 255 255 
-0.22999999999988 -0.677696865817539 0.400997861414192 128 128 255 255 
-0.23 -0.678431950722364 0.370313924305736 128 128 255 255 
-0.23 -0.672963538881121 0.365771335637647 128 128 255 255 
-0.23 -0.677755219732807 0.333925337418728 128 128 255 255 
-0.229999999999999 -0.665649345693603 0.336845448724164 128 128 255 255 
-0.23 -0.6665179126219 0.373239977088526 128 128 255 255 
-0.23 -0.669684822053317 0.375871745470688 128 128 255 255 
-0.23 -0.663000770403449 0.376864140512709 128 128 255 255 
-0.23 -0.347557132699268 -0.933584110890196 128 128 255 255 
-0.23 -0.342100240689347 -0.935040122879488 128 128 255 255 
-0.23 -0.665309056914525 0.390197410689639 128 128 255 255 
-0.23 -0.670075716479356 0.383142218451963 128 128 255 255 
-0.23 -0.675766799591016 0.379372139843397 128 128 255 255 
-0.23 -0.662902258893853 0.382093130767553 128 128 255 255 
-0.23 -0.366382399684716 -0.937244824612486 128 128 255 255 
-0.23 -0.354656911039136 -0.926452960297714 128 128 255 255 
-0.23 -0.349959528480351 -0.929099308687399 128 128 255 255 
-0.23 -0.662946978200622 0.399571242012485 128 128 255 255 
-0.23 -0.683659555340532 0.291598906740972 128 128 255 255 
-0.22999999999996 -0.671377765870662 0.284414969590504 128 128 255 255 
-0.23 -0.692038380147966 0.377887175465342 128 128 255 255 
-0.23 -0.656676632745723 0.404083367399103 128 128 255 255 
-0.23 -0.654570116485719 0.393770297103564 128 128 255 255 
-0.23 -0.308566957588554 -0.923846620600719 128 128 255 255 
-0.23 -0.30648177936212 -0.929805947779436 128 128 255 255 
-0.23 -0.312997239537849 -0.921319811074314 128 128 255 255 
-0.230000000000354 -0.663110513183708 0.374489600958886 128 128 255 255 
-0.229999999999955 -0.663338229003915 0.311480307078883 128 128 255 255 
-0.230000000000077 -0.663928815715209 0.306593486102848 128 128 255 255 
-0.23 -0.668686937473564 0.306353036854173 128 128 255 255 
-0.23 -0.668653886182418 0.301400523879673 128 128 255 255 
-0.229999999999732 -0.664642287784876 0.301721836482689 128 128 255 255 
-0.23 -0.675799520099797 0.309429811061388 128 128 255 255 
-0.23 -0.668842186980832 0.313294926934886 128 128 255 255 
-0.23 -0.648113723249233 0.402632084446703 128 128 255 255 
-0.23 -0.680973145109481 0.306541056917049 128 128 255 255 
-0.23 -0.681986663549733 0.309116863146615 128 128 255 255 
-0.230000000000005 -0.650407437376344 0.4098172057644 128 128 255 255 
-0.229999999999572 -0.656146243546116 0.409346511838095 128 128 255 255 
-0.23 -0.678790311101253 0.340352555773742 128 128 255 255 
-0.230000000000012 -0.697447802608153 0.324688464077712 128 128 255 255 
-0.23000000000009 -0.663384581169431 0.316703420088157 128 128 255 255 
-0.23 -0.658876587530593 0.386891487387922 128 128 255 255 
-0.23 -0.657349645561873 0.382912962145072 128 128 255 255 
-0.23 -0.698471671997119 0.347810364626208 128 128 255 255 
-0.229999999999932 -0.700768147297308 0.351879565679326 128 128 255 255 
-0.23 -0.697960594205586 0.352561876908624 128 128 255 255 
-0.23 -0.693055314312829 0.345627654137135 128 128 255 255 
-0.23 -0.699156167178781 0.357622850218831 128 128 255 255 
-0.23 -0.695399301189072 0.356735610571245 128 128 255 255 
-0.230000000000129 -0.700900605286846 0.355673524358658 128 128 255 255 
-0.23 -0.698346248569185 0.342672260507858 128 128 255 255 
-0.230000000000131 -0.700215067174344 0.345453799657148 128 128 255 255 
-0.23 -0.700484660423466 0.348667030867153 128 128 255 255 
-0.23 -0.325773328378367 -0.939763510639122 128 128 255 255 
-0.23 -0.336138531962309 -0.930912328807421 128 128 255 255 
-0.23 -0.689865280697259 0.317431939977911 128 128 255 255 
-0.23 -0.687520431026986 0.318077108025553 128 128 255 255 
-0.23 -0.687059577490357 0.359339097877376 128 128 255 255 
-0.23 -0.694515343708464 0.361551210008017 128 128 255 255 
-0.23 -0.694959919051799 0.366433185531018 128 128 255 255 
-0.230000000000389 -0.700645643573741 0.363677448305352 128 128 255 255 
-0.23 -0.689170182734228 0.37123528555919 128 128 255 255 
-0.229999999999926 -0.699826480584469 0.368747732519047 128 128 255 255 
-0.229999999999842 -0.698546987818432 0.374030625770163 128 128 255 255 
-0.23 -0.680603950533301 0.313192512213997 128 128 255 255 
-0.23 -0.685060166642095 0.335414249022398 128 128 255 255 
-0.23 -0.344117614355202 -0.929064658617848 128 128 255 255 
-0.23 -0.196126642613423 -0.925860964047122 128 128 255 255 
-0.23 -0.196291793197456 -0.921322151155422 128 128 255 255 
-0.23 -0.185293575824005 -0.924859391386942 128 128 255 255 
-0.229999999999999 -0.19001627883118 -0.921319172808159 128 128 255 255 
-0.230000000000001 -0.183740767891812 -0.921318435024529 128 128 255 255 
-0.23 -0.176880792535173 -0.923758647497037 128 128 255 255 
-0.23 -0.192031436371169 -0.931311301037969 128 128 255 255 
-0.23 -0.179129220413277 -0.930614248806011 128 128 255 255 
-0.23 -0.175073298525472 -0.92690669138764 128 128 255 255 
-0.23 -0.641756027479041 0.394159277170038 128 128 255 255 
-0.23 -0.654068818863139 0.38525300723059 128 128 255 255 
-0.22999999999993 -0.338595592951433 -0.915438272401755 128 128 255 255 
-0.23 -0.338189923925116 -0.918917012107991 128 128 255 255 
-0.23 -0.343726404644239 -0.914596276409707 128 128 255 255 
-0.23 -0.33985252728856 -0.922740909226284 128 128 255 255 
-0.230000000000181 -0.631397907467203 0.376269193240676 128 128 255 255 
-0.230000000000113 -0.636268478585963 0.377939895350768 128 128 255 255 
-0.23 -0.633834051285513 0.384056066257138 128 128 255 255 
-0.23 -0.70528307705488 0.270491592872515 128 128 255 255 
-0.23 -0.700517424033323 0.283564634767556 128 128 255 255 
-0.23 -0.685913458316985 0.386074742287718 128 128 255 255 
-0.23 -0.684004811660997 0.379336251955511 128 128 255 255 
-0.23 -0.917296390060447 -0.0355636388205711 128 128 255 255 
-0.23 -0.912912349378474 -0.044051188628646 128 128 255 255 
-0.23 -0.917090441577781 -0.0411291053044583 128 128 255 255 
-0.229999999999974 -0.699043776995787 0.335770810640975 128 128 255 255 
-0.230000000000092 -0.699488563595278 0.339082193441694 128 128 255 255 
-0.229999999999918 -0.699796004653653 0.34227337340387 128 128 255 255 
-0.23 -0.349183816247678 -0.922592963967409 128 128 255 255 
-0.23 -0.346352671340918 -0.917996935994625 128 128 255 255 
-0.23 -0.6915993499287 0.274269496991828 128 128 255 255 
-0.23 -0.690424539923809 0.282826434317459 128 128 255 255 
-0.23 -0.686381871947823 0.278752638841514 128 128 255 255 
-0.229999999999997 -0.300355170618516 -0.921319733253599 128 128 255 255 
-0.23 -0.307180839746795 -0.92132012194417 128 128 255 255 
-0.23 -0.597448434578618 0.368718378555158 128 128 255 255 
-0.23 -0.568122281268809 0.344857254828235 128 128 255 255 
-0.23 -0.587238749877919 0.349253349556054 128 128 255 255 
-0.23 -0.577667576698906 0.340247008412019 128 128 255 255 
-0.22999999999998 -0.58484107977508 0.340780719913844 128 128 255 255 
-0.229999999999918 -0.594302103868274 0.350232155168847 128 128 255 255 
-0.230000000000113 -0.598766531197858 0.354379507411467 128 128 255 255 
-0.229999999999998 -0.589521983051812 0.345556849685437 128 128 255 255 
-0.23 -0.677100775790371 0.361513366357442 128 128 255 255 
-0.23 -0.371381336179873 -0.91355615142921 128 128 255 255 
-0.23 -0.364314525934938 -0.914788147795216 128 128 255 255 
-0.23 -0.377448049485951 -0.911958157135651 128 128 255 255 
-0.23 -0.297076390711493 -0.926107934162203 128 128 255 255 
-0.23 -0.29685865197149 -0.930373194110723 128 128 255 255 
-0.230000000000243 -0.644692297760336 0.409757541412399 128 128 255 255 
-0.23 -0.204451556454548 -0.928205034328595 128 128 255 255 
-0.23 -0.202568599173561 -0.923606950198589 128 128 255 255 
-0.229999999999724 -0.690711886752199 0.389136336910054 128 128 255 255 
-0.2299999999997 -0.686779397903102 0.393570354480677 128 128 255 255 
-0.23 -0.356759221245272 -0.920554581263723 128 128 255 255 
-0.23 -0.199602961144661 -0.951322018776943 128 128 255 255 
-0.23 -0.209587545666318 -0.951323696620707 128 128 255 255 
-0.23 -0.205063688713209 -0.949041594759063 128 128 255 255 
-0.23 -0.695634477879405 0.276433763494116 128 128 255 255 
-0.23 -0.128238788453757 -0.914402452857437 128 128 255 255 
-0.23 -0.144466237318895 -0.928274288108226 128 128 255 255 
-0.23 -0.145560850974833 -0.915531119861317 128 128 255 255 
-0.229999999999945 -0.143381362646489 -0.907342628189838 128 128 255 255 
-0.23 -0.156021989302786 -0.920325626866708 128 128 255 255 
-0.22999999999984 -0.153068564879543 -0.912738644169287 128 128 255 255 
-0.230000000000047 -0.148190294073193 -0.910102791710691 128 128 255 255 
-0.23 -0.290174400268102 -0.927714744306388 128 128 255 255 
-0.23 -0.691275150526937 0.291348925091486 128 128 255 255 
-0.23 -0.305873846053141 -0.944698839637009 128 128 255 255 
-0.23 -0.876954939617622 0.16070375596809 128 128 255 255 
-0.23 -0.886566975736624 0.151818481498439 128 128 255 255 
-0.23 -0.893145413813065 0.157215749854886 128 128 255 255 
-0.23 -0.899167433589405 0.170011272211842 128 128 255 255 
-0.23 -0.894464290274169 0.146767634642844 128 128 255 255 
-0.23 -0.908571915241212 0.156783903275449 128 128 255 255 
-0.23 -0.207220460760657 -0.939917370640454 128 128 255 255 
-0.23 -0.922039753504632 0.0151124559212662 128 128 255 255 
-0.23 -0.932066854907277 0.0183057654118705 128 128 255 255 
-0.23 -0.920005068942065 0.0312484270141281 128 128 255 255 
-0.23 -0.906472796625507 0.0217356020035414 128 128 255 255 
-0.23 -0.906250022792109 0.0359243434312253 128 128 255 255 
-0.23 -0.930917144137183 0.0318311588417215 128 128 255 255 
-0.23 -0.352647937183196 -0.912057594375098 128 128 255 255 
-0.230000000000102 -0.0693969564240586 -0.905493998430224 128 128 255 255 
-0.23000000000004 -0.0781177318872706 -0.908547376967888 128 128 255 255 
-0.23 -0.0840994594824861 -0.909536789818607 128 128 255 255 
-0.23 -0.690069702013883 0.38242622134136 128 128 255 255 
-0.23000000000003 -0.138505367281796 -0.904434252425325 128 128 255 255 
-0.23 -0.134172400752254 -0.906022975010069 128 128 255 255 
-0.23 -0.127441842195788 -0.902645796890377 128 128 255 255 
-0.230000000000013 -0.133294692334092 -0.90128959297647 128 128 255 255 
-0.229999999999635 -0.659845702314618 0.376719411258136 128 128 255 255 
-0.23 -0.655924575292271 0.378667059933864 128 128 255 255 
-0.23 -0.894702874633812 0.130678124350574 128 128 255 255 
-0.23 -0.884227390567556 0.119189469589944 128 128 255 255 
-0.23 -0.895454112949069 0.116825440452211 128 128 255 255 
-0.23 -0.904188032719278 0.116179483482635 128 128 255 255 
-0.23 -0.370500183292097 -0.895673011034579 128 128 255 255 
-0.23 -0.368986877397864 -0.899505647219444 128 128 255 255 
-0.23 -0.374318889991804 -0.898891866510768 128 128 255 255 
-0.23 -0.366729391161426 -0.893030305523798 128 128 255 255 
-0.23 -0.372037155223525 -0.891035255141846 128 128 255 255 
-0.23 -0.25187690336249 -0.921327018930531 128 128 255 255 
-0.23 -0.241380986840629 -0.92132727515654 128 128 255 255 
-0.23 -0.251764504453952 -0.928217951227788 128 128 255 255 
-0.23 -0.920659087557805 -0.0389986949824239 128 128 255 255 
-0.23 -0.168087516471422 0.10096369383995 128 128 255 255 
-0.23 -0.139566663487006 0.119603415777879 128 128 255 255 
-0.230000000000013 -0.130904169746792 0.0858448362342537 128 128 255 255 
-0.23 -0.370786032263581 -0.906717492404602 128 128 255 255 
-0.230000000000083 -0.121830960272208 -0.894630262373506 128 128 255 255 
-0.229999999999951 -0.114852173825023 -0.890974905590341 128 128 255 255 
-0.23 -0.119070379668129 -0.901314651953151 128 128 255 255 
-0.23 -0.102985829996411 -0.903918926385924 128 128 255 255 
-0.23 0 0.135597746585097 128 128 255 255 
-0.23 -0.0670750794569168 0.0929768132357597 128 128 255 255 
-0.23 -0.0676372779356456 0.110351876518977 128 128 255 255 
-0.23 -0.373463300634643 -0.882181578149889 128 128 255 255 
-0.23 -0.372487057254895 -0.868568552851098 128 128 255 255 
-0.23 -0.926840855542679 -0.0366603104669564 128 128 255 255 
-0.23 -0.922702186748229 -0.0303200960346987 128 128 255 255 
-0.230000000000106 -0.603300340815148 0.395719986893432 128 128 255 255 
-0.230000000000322 -0.598122208685251 0.392325783813771 128 128 255 255 
-0.23 -0.604287453420711 0.388774149351025 128 128 255 255 
-0.23000000000029 -0.60825967187263 0.398751005839362 128 128 255 255 
-0.229999999999899 -0.592127935509296 0.387705436363633 128 128 255 255 
-0.23 -0.612029935452658 0.392718783705996 128 128 255 255 
-0.23 -0.618723647031375 0.385479670285824 128 128 255 255 
-0.23 -0.072569862538874 0.1269881100208 128 128 255 255 
-0.23 -0.91041649614655 0.103077547089004 128 128 255 255 
-0.23 -0.898696061283516 0.10126362039322 128 128 255 255 
-0.23 -0.91708857515634 -0.0256056301621167 128 128 255 255 
-0.230000000000005 -0.55445915383179 0.306991393257612 128 128 255 255 
-0.23 -0.551514597709683 0.310082880485224 128 128 255 255 
-0.23 -0.54017966017065 0.297570730571046 128 128 255 255 
-0.230000000000047 -0.538831157964617 0.288486028871293 128 128 255 255 
-0.230000000000132 -0.547163630007936 0.298563730694882 128 128 255 255 
-0.229999999999969 -0.529657643228208 0.277600858016448 128 128 255 255 
-0.23 -0.528067960376305 0.284097005627384 128 128 255 255 
-0.23 -0.911666386369219 -0.0351012542449508 128 128 255 255 
-0.23 -0.913332619142845 0.08470506609049 128 128 255 255 
-0.23 -0.919986761820075 0.0648277994408612 128 128 255 255 
-0.23 -0.928209999689722 0.079493457921982 128 128 255 255 
-0.23 -0.924475022928801 0.0896566047774172 128 128 255 255 
-0.23 -0.939648742640594 0.0860863988240163 128 128 255 255 
-0.23 -0.931584889200215 0.0890743536792711 128 128 255 255 
-0.229999999999976 -0.128043719785952 -0.898214588722731 128 128 255 255 
-0.23 -0.920669248225894 0.099788224899958 128 128 255 255 
-0.23 -0.929146927053904 0.102685126973806 128 128 255 255 
-0.23 -0.378314241174479 -0.890966508035539 128 128 255 255 
-0.23 -0.383302522790225 -0.902765319350613 128 128 255 255 
-0.23 -0.37646387363289 -0.905083208850409 128 128 255 255 
-0.23 -0.682942849270584 0.346802405750595 128 128 255 255 
-0.230000000000151 -0.705902955795226 0.30028259276447 128 128 255 255 
-0.23 -0.700920527262452 0.296832851158559 128 128 255 255 
-0.23 -0.708339067261984 0.290722096046499 128 128 255 255 
-0.230000000000082 -0.385155746394752 -0.914839901605838 128 128 255 255 
-0.23 -0.905681240529581 -0.0329057103996578 128 128 255 255 
-0.23 -0.911030549905232 -0.0228730823049454 128 128 255 255 
-0.230000000000073 -0.38787655861791 -0.909619054287093 128 128 255 255 
-0.230000000000155 -0.390595136290964 -0.904079011827811 128 128 255 255 
-0.230000000000144 -0.39306698397868 -0.898417895453558 128 128 255 255 
-0.23 -0.362644102311918 -0.903080972148458 128 128 255 255 
-0.230000000000042 -0.633757237129916 0.40809302197898 128 128 255 255 
-0.23 -0.634949428076153 0.401692477091593 128 128 255 255 
-0.23 -0.640417373997243 0.404228173335517 128 128 255 255 
-0.23 -0.568423292918184 0.330727537206873 128 128 255 255 
-0.229999999999962 -0.567996625166041 0.322616224936318 128 128 255 255 
-0.229999999999975 -0.573824833851238 0.329141267604278 128 128 255 255 
-0.230000000000181 -0.579711062221562 0.33561448672871 128 128 255 255 
-0.23 -0.164303716900044 -0.922270019778145 128 128 255 255 
-0.23 -0.163277818225187 -0.93158313657632 128 128 255 255 
-0.23 -0.170798784428636 -0.923712007647738 128 128 255 255 
-0.23 -0.915193740702416 0.113462848138814 128 128 255 255 
-0.23 -0.910651055887799 0.131825847567829 128 128 255 255 
-0.229999999999999 -0.922730405439205 0.131525276093626 128 128 255 255 
-0.23 -0.916002307127395 0.144354145807895 128 128 255 255 
-0.23 -0.90209843580885 0.141510068876734 128 128 255 255 
-0.23 -0.614504668131682 0.374955695286878 128 128 255 255 
-0.229999999999874 -0.348409365720042 -0.90394671178207 128 128 255 255 
-0.23 -0.355030288841242 -0.901192884602537 128 128 255 255 
-0.23 -0.360131281294369 -0.893909958288274 128 128 255 255 
-0.23000000000043 -0.354715305117584 -0.894644955451634 128 128 255 255 
-0.229999999999908 -0.351677163295978 -0.899377964279284 128 128 255 255 
-0.23 -0.368977025267978 -0.885203629998051 128 128 255 255 
-0.23 -0.368789026048809 -0.877090332927341 128 128 255 255 
-0.229999999999893 -0.365178651720585 -0.866726497357138 128 128 255 255 
-0.23 -0.881700126411452 0.142599480000979 128 128 255 255 
-0.23 -0.884838037846028 0.130533868513651 128 128 255 255 
-0.23 -0.878717954187832 0.129684297256865 128 128 255 255 
-0.230000000000009 -0.903435404248838 0.0637065218266379 128 128 255 255 
-0.23 -0.905066510208311 0.0500489070089656 128 128 255 255 
-0.23 -0.913848696556763 0.0487854149925725 128 128 255 255 
-0.23 -0.347463714189718 -0.90965032025838 128 128 255 255 
-0.229999999999994 -0.345098634615373 -0.907926448195623 128 128 255 255 
-0.230000000000004 -0.623439445968839 0.405302108556107 128 128 255 255 
-0.23 -0.616845529231669 0.397878533139027 128 128 255 255 
-0.23 -0.623552253917936 0.398139240316047 128 128 255 255 
-0.230000000000149 -0.628527862921252 0.406956992184043 128 128 255 255 
-0.229999999999876 -0.795929426590086 0.212286946563985 128 128 255 255 
-0.23 -0.815280165580249 0.219018206269535 128 128 255 255 
-0.23 -0.80433120832626 0.225386740990637 128 128 255 255 
-0.230000000000038 -0.806381373488245 0.249007244410058 128 128 255 255 
-0.23 -0.812849239143638 0.235764047386887 128 128 255 255 
-0.23 -0.793266001991068 0.234477763742143 128 128 255 255 
-0.230000000000206 -0.0902548167432198 -0.880913539051691 128 128 255 255 
-0.230000000000073 -0.0806264754952022 -0.87763133285717 128 128 255 255 
-0.23 -0.216912257566469 -0.927209422175188 128 128 255 255 
-0.22999999999994 -0.937009395626494 0.0949188768262598 128 128 255 255 
-0.23 -0.928578358385329 0.0952219212953847 128 128 255 255 
-0.23 -0.90182784280053 -0.0285134276638052 128 128 255 255 
-0.23 -0.895480897245549 -0.0532870676911518 128 128 255 255 
-0.23 -0.898674174843366 -0.050935271937838 128 128 255 255 
-0.23 -0.886578690139434 -0.077221170420244 128 128 255 255 
-0.23 -0.897381110312822 -0.0630857475970301 128 128 255 255 
-0.23 -0.90509526803228 -0.0505985078551394 128 128 255 255 
-0.23 -0.57295240645669 0.360311091449929 128 128 255 255 
-0.230000000000081 -0.700026993468625 0.2650059802987 128 128 255 255 
-0.22999999999997 -0.685133113634097 0.27304382539703 128 128 255 255 
-0.23 -0.864819778733482 0.150841716199375 128 128 255 255 
-0.23 -0.872530226378683 0.139792393022159 128 128 255 255 
-0.229999999999866 -0.626811510300378 0.37442924007169 128 128 255 255 
-0.230000000000113 -0.111868266697009 -0.925115884620509 128 128 255 255 
-0.23000000000001 -0.119781312889059 -0.930007585065004 128 128 255 255 
-0.23 -0.113346174671445 -0.91876626353359 128 128 255 255 
-0.229999999999738 -0.103856724471646 -0.920386317028177 128 128 255 255 
-0.230000000000001 -0.20408826574156 -0.92132234183046 128 128 255 255 
-0.23 -0.132184201552315 -0.930200064809895 128 128 255 255 
-0.23 -0.138399202484493 -0.934901535396835 128 128 255 255 
-0.229999999999848 -0.134733487176982 -0.938798038244543 128 128 255 255 
-0.229999999999822 -0.127488262665715 -0.934816353632505 128 128 255 255 
-0.23 -0.909811541567472 -0.0549170561784136 128 128 255 255 
-0.229999999999944 -0.0700811495430397 -0.874150596204236 128 128 255 255 
-0.229999999999908 -0.367860069049779 -0.857852561802121 128 128 255 255 
-0.23 -0.225657782225483 -0.931155635077302 128 128 255 255 
-0.22999999999999 -0.163266782545641 -0.916923359455836 128 128 255 255 
-0.230000000000016 -0.168153209997968 -0.918805968344124 128 128 255 255 
-0.230000000000099 -0.460617813879058 -0.694562301926598 128 128 255 255 
-0.230000000000172 -0.46740607916742 -0.681180197235265 128 128 255 255 
-0.23 -0.472421319499046 -0.656157238698144 128 128 255 255 
-0.23 -0.483632269987745 -0.642616562981008 128 128 255 255 
-0.229999999999991 -0.476690381838253 -0.663560053598287 128 128 255 255 
-0.23 -0.461119761856387 -0.658331786915108 128 128 255 255 
-0.23 -0.279880226697708 -0.929296434773808 128 128 255 255 
-0.23 -0.627694875321563 0.380052534285889 128 128 255 255 
-0.229999999999711 -0.946308395307429 0.0405444798967535 128 128 255 255 
-0.23 -0.752354586878939 0.271801189022279 128 128 255 255 
-0.229999999999995 -0.74678393053159 0.281879386201023 128 128 255 255 
-0.230000000000135 -0.738717459688739 0.285574987556713 128 128 255 255 
-0.23 -0.828139171647717 0.211692118328836 128 128 255 255 
-0.229999999999974 -0.840767990624414 0.226301023994063 128 128 255 255 
-0.23 -0.809664885559277 0.202677776304691 128 128 255 255 
-0.229999999999896 -0.618420734220882 0.403436425196286 128 128 255 255 
-0.229999999999895 -0.613487580249364 0.401332836886841 128 128 255 255 
-0.23 -0.26629360507401 -0.929770537481888 128 128 255 255 
-0.23 -0.262216609209817 -0.921326766517932 128 128 255 255 
-0.229999999999935 -0.443559583916686 -0.661321161901536 128 128 255 255 
-0.23 -0.45130199046842 -0.691090555984612 128 128 255 255 
-0.22999999999984 -0.782170185997615 0.221335395387272 128 128 255 255 
-0.23 -0.915197352671706 -0.0109797527123704 128 128 255 255 
-0.229999999999579 -0.927271038721715 0.121621565725018 128 128 255 255 
-0.230000000000055 -0.527607547438744 0.322523378145058 128 128 255 255 
-0.230000000000047 -0.516887325684532 0.310117206619142 128 128 255 255 
-0.23 -0.518065227651963 0.306025642993997 128 128 255 255 
-0.229999999999887 -0.158216677872839 -0.914957319260327 128 128 255 255 
-0.23 -0.756592178470653 0.259758566441912 128 128 255 255 
-0.230000000000096 -0.754841883815553 0.278165253287118 128 128 255 255 
-0.229999999999756 -0.764617322345767 0.273212759038566 128 128 255 255 
-0.23 -0.764118641721148 0.265749574039966 128 128 255 255 
-0.23 -0.490231467153943 0.243914718224486 128 128 255 255 
-0.23 -0.474162469589174 0.228021791498653 128 128 255 255 
-0.230000000000244 -0.483489352916674 0.223232121004516 128 128 255 255 
-0.22999999999984 -0.547148004090444 0.344563238197769 128 128 255 255 
-0.23 -0.561852293093583 0.353576301962394 128 128 255 255 
-0.229999999999797 -0.572777690415756 0.371231205518408 128 128 255 255 
-0.229999999999997 -0.564560784263208 0.363171630571274 128 128 255 255 
-0.229999999999978 -0.556476887546139 0.354976892207591 128 128 255 255 
-0.23 -0.70817339259927 0.260848797608668 128 128 255 255 
-0.23 -0.715246436448134 0.263597897742789 128 128 255 255 
-0.23 -0.929816955493479 -0.0261494002061616 128 128 255 255 
-0.23 -0.234927290599434 -0.938266072836606 128 128 255 255 
-0.23 -0.895956985782494 -0.102156274842725 128 128 255 255 
-0.23 -0.874327130086338 -0.123908022240303 128 128 255 255 
-0.23 -0.878980860847734 -0.140146112803954 128 128 255 255 
-0.229999999999997 -0.851589539236335 -0.142618638025319 128 128 255 255 
-0.23 -0.857128890536575 -0.160517999802857 128 128 255 255 
-0.23 -0.909683925283311 -0.120067582283645 128 128 255 255 
-0.23 -0.891949302814749 -0.151112375139807 128 128 255 255 
-0.23 -0.218779808315668 -0.95132595776258 128 128 255 255 
-0.229999999999999 -0.230885070318768 -0.921327531382552 128 128 255 255 
-0.23 -0.21188473786082 -0.921324259631348 128 128 255 255 
-0.23 -0.873463328827887 0.180143904197158 128 128 255 255 
-0.23 -0.86053680143819 0.171782213071328 128 128 255 255 
-0.23 -0.856235594798942 0.161233093947205 128 128 255 255 
-0.23 -0.179988505339283 -0.938411187425592 128 128 255 255 
-0.229999999999923 -0.149368256272938 -0.945476305461362 128 128 255 255 
-0.23 -0.550690469192276 0.33598193274673 128 128 255 255 
-0.23 -0.852417135290687 0.217541424638093 128 128 255 255 
-0.23 -0.906356534535468 -0.0778710063001477 128 128 255 255 
-0.23 -0.898356402232294 -0.0745548308128265 128 128 255 255 
-0.23 -0.933663366623698 -0.0311036373537838 128 128 255 255 
-0.23 -0.932531804429376 -0.0376156790809703 128 128 255 255 
-0.23 -0.937076284490061 -0.0358343793716385 128 128 255 255 
-0.23 -0.940385563798371 -0.0350507334781058 128 128 255 255 
-0.229999999999931 -0.941783070128426 -0.0285409982427703 128 128 255 255 
-0.23 -0.430426827211406 -0.737937312125287 128 128 255 255 
-0.229999999999967 -0.439871750619043 -0.741498557807486 128 128 255 255 
-0.23 -0.44044765074042 -0.727029322466021 128 128 255 255 
-0.230000000000219 -0.44936123500464 -0.718643802038583 128 128 255 255 
-0.23 -0.438329830857906 -0.706652943469536 128 128 255 255 
-0.230000000000256 -0.444248610009107 -0.730413996889215 128 128 255 255 
-0.23 -0.238343831882087 -0.92905777835171 128 128 255 255 
-0.23 -0.245453780731656 -0.934051966064201 128 128 255 255 
-0.23 -0.946892799200212 0.0284007289423043 128 128 255 255 
-0.23 -0.900759849180139 0.0758440255514364 128 128 255 255 
-0.23 -0.934590648853889 0.0368947212866952 128 128 255 255 
-0.23 -0.534289809196115 0.31785846107086 128 128 255 255 
-0.23 -0.710445834339412 0.281844497074236 128 128 255 255 
-0.23 -0.0454086394136596 -0.890245930609152 128 128 255 255 
-0.23 -0.0550816950441144 -0.893044820019885 128 128 255 255 
-0.23 -0.0479685161619385 -0.884861907989505 128 128 255 255 
-0.23 -0.039619710219901 -0.88412718318149 128 128 255 255 
-0.23 -0.0323065026722386 -0.887161942392954 128 128 255 255 
-0.23 -0.039683185920609 -0.891102291179027 128 128 255 255 
-0.23 -0.876295052954286 0.196508251317923 128 128 255 255 
-0.23 -0.86293112269578 0.193669754817584 128 128 255 255 
-0.23 -0.888233257508436 0.183681076851707 128 128 255 255 
-0.229999999999825 -0.0363708232918326 -0.895877886183897 128 128 255 255 
-0.230000000000028 -0.0275974032507865 -0.894039548111929 128 128 255 255 
-0.23 -0.0203122862587291 -0.882357297027964 128 128 255 255 
-0.23 -0.421769142571045 -0.724665675025107 128 128 255 255 
-0.23 -0.933935237465763 -0.0156939249991081 128 128 255 255 
-0.23 -0.924215355833862 -0.0192444477572398 128 128 255 255 
-0.23 -0.925116378361743 -0.00821380756223862 128 128 255 255 
-0.23 -0.864304108379462 0.207740273264488 128 128 255 255 
-0.23 -0.850468548308275 0.199304923659919 128 128 255 255 
-0.23 -0.402444427195787 -0.837417717476435 128 128 255 255 
-0.230000000000051 -0.410403008612633 -0.830638912284957 128 128 255 255 
-0.23 -0.406255424409005 -0.822950814026293 128 128 255 255 
-0.229999999999969 -0.41339575193699 -0.819716134720849 128 128 255 255 
-0.23 -0.393599817990691 -0.828468037047883 128 128 255 255 
-0.230000000000003 -0.416456044303141 -0.809709079827951 128 128 255 255 
-0.23 -0.401234664596377 -0.811752283077554 128 128 255 255 
-0.229999999999931 -0.0610717332633231 -0.9027976353702 128 128 255 255 
-0.23 -0.0935286454794375 -0.910826186347803 128 128 255 255 
-0.23 -0.392935726095391 -0.869171943875332 128 128 255 255 
-0.230000000000011 -0.400108589098456 -0.874731830537266 128 128 255 255 
-0.23000000000024 -0.402490518368871 -0.865297298893491 128 128 255 255 
-0.229999999999892 -0.142215592017832 -0.942333521657692 128 128 255 255 
-0.23 -0.870674746083623 -0.110842413372304 128 128 255 255 
-0.23 -0.420897329846186 -0.740930919909797 128 128 255 255 
-0.23 -0.413097803034622 -0.745568060807693 128 128 255 255 
-0.23 -0.418304093021538 -0.755537737098457 128 128 255 255 
-0.23 -0.407849181635406 -0.757638992484973 128 128 255 255 
-0.23 -0.415321214815732 -0.770288634330135 128 128 255 255 
-0.23 -0.428014832982279 -0.755091868338631 128 128 255 255 
-0.23 -0.423573657620265 -0.767986484638461 128 128 255 255 
-0.229999999999941 -0.412654057969432 -0.728254159276081 128 128 255 255 
-0.229999999999997 -0.40731500376269 -0.741379385569301 128 128 255 255 
-0.229999999999881 -0.402452067370869 -0.753255654758522 128 128 255 255 
-0.229999999999576 -0.431446946308797 -0.685874724789471 128 128 255 255 
-0.23000000000042 -0.419987366728886 -0.710724354695449 128 128 255 255 
-0.23 -0.943993543330588 0.0647202912166105 128 128 255 255 
-0.229999999999986 -0.0446900897217354 -0.898093450675854 128 128 255 255 
-0.23 -0.74907488817094 0.250254187525647 128 128 255 255 
-0.23 -0.396163552240698 -0.77984787339285 128 128 255 255 
-0.22999999999986 -0.160093662724434 -0.949549960068782 128 128 255 255 
-0.23 -0.918059220363252 0.003926396782098 128 128 255 255 
-0.23 -0.912920111397271 -0.0951258143494399 128 128 255 255 
-0.23 -0.916356175793914 -0.0747344165791831 128 128 255 255 
-0.23 -0.410028478303749 -0.778702090345882 128 128 255 255 
-0.23 -0.272556315057143 -0.921326514105334 128 128 255 255 
-0.229999999999916 -0.05833437805708 -0.870463476494777 128 128 255 255 
-0.230000000000248 -0.0458755135373491 -0.866922054159676 128 128 255 255 
-0.22999999999995 -0.373028017682631 -0.839284008908284 128 128 255 255 
-0.229999999999951 -0.0528953601912689 -0.90039694462853 128 128 255 255 
-0.23 -0.14983145553996 -0.936916846839605 128 128 255 255 
-0.23 -0.396415690174802 -0.801832638122969 128 128 255 255 
-0.230000000000005 -0.768669915116948 0.2297280367851 128 128 255 255 
-0.23 -0.767593234121491 0.23689027470575 128 128 255 255 
-0.23 -0.920126661229371 -0.0980829393124266 128 128 255 255 
-0.229999999999999 -0.435783262006709 -0.752085754045921 128 128 255 255 
-0.230000000000041 -0.537811011111619 0.334169262089273 128 128 255 255 
-0.229999999999828 -0.510531732832834 0.254984636362775 128 128 255 255 
-0.230000000000146 -0.497940035924483 0.240488048449648 128 128 255 255 
-0.229999999999987 -0.927462465858092 -0.0805297878151562 128 128 255 255 
-0.23 -0.741601634599306 0.245262253117676 128 128 255 255 
-0.23 -0.755054004499334 0.237932009145959 128 128 255 255 
-0.230000000000285 -0.486026289556123 -0.645966863146122 128 128 255 255 
-0.23 -0.364733329318985 0.145553174949613 128 128 255 255 
-0.23 -0.384917699739946 0.171572288786534 128 128 255 255 
-0.23 -0.363190858778884 0.157180165437412 128 128 255 255 
-0.23 -0.395732794667948 0.183346286154431 128 128 255 255 
-0.229999999999998 -0.368984038872067 0.165462043115758 128 128 255 255 
-0.229999999999924 -0.419383123579292 -0.800126135553471 128 128 255 255 
-0.229999999999659 -0.729763900738025 0.251094469721314 128 128 255 255 
-0.229999999999981 -0.0188114265692628 -0.892261357883159 128 128 255 255 
-0.23 -0.763594287558743 0.247939872340759 128 128 255 255 
-0.23 -0.0811595529198954 -0.904419466946206 128 128 255 255 
-0.229999999999999 -0.190132209940161 -0.951319062881301 128 128 255 255 
-0.23 -0.905856408604861 0.0054733239367091 128 128 255 255 
-0.23 -0.722595485046131 0.264464569635241 128 128 255 255 
-0.230000000000034 -0.431986325051475 -0.761912053785027 128 128 255 255 
-0.229999999999518 -0.0955394387974008 -0.915868833726106 128 128 255 255 
-0.23 -0.933448555267312 0.000210811606944054 128 128 255 255 
-0.23 -0.105093051670898 -0.893349460211763 128 128 255 255 
-0.229999999999791 -0.107699930875163 -0.887698925141936 128 128 255 255 
-0.23 -0.0948300242911068 -0.890803901105556 128 128 255 255 
-0.229999999999998 -0.28203413319719 -0.921326282733135 128 128 255 255 
-0.229999999999978 -0.641297494183567 0.378962546794765 128 128 255 255 
-0.23 -0.536731157836306 -0.562957559048356 128 128 255 255 
-0.23 -0.516374326631152 -0.594458929463932 128 128 255 255 
-0.23 -0.758829103587627 0.243254085929529 128 128 255 255 
-0.230000000000012 -0.45482371729584 -0.707031339656311 128 128 255 255 
-0.23 -0.558468534653563 -0.53239633953262 128 128 255 255 
-0.23 -0.416013680815848 0.200209458592067 128 128 255 255 
-0.230000000000032 -0.428614988407267 -0.771530880814597 128 128 255 255 
-0.23000000000024 -0.693479879857591 -0.377435760060748 128 128 255 255 
-0.230000000000026 -0.666043369927835 0.371780839484621 128 128 255 255 
-0.23000000000004 -0.668323410357658 0.35019650874381 128 128 255 255 
-0.23 -0.829404358635814 0.234390106383733 128 128 255 255 
-0.23 -0.680196867339364 0.275798147855959 128 128 255 255 
-0.23 -0.680899236750106 0.279759412258101 128 128 255 255 
-0.229999999999996 -0.291511951337237 -0.92132605136087 128 128 255 255 
-0.229999999999845 -0.692040063597714 0.269448347386153 128 128 255 255 
-0.230000000000246 -0.622466957009592 0.372274245921088 128 128 255 255 
-0.229999999999999 -0.221384903917359 -0.92132659651228 128 128 255 255 
-0.23 -0.683958766323824 0.283688371036432 128 128 255 255 
-0.23 -0.66916906665879 0.371440266342975 128 128 255 255 
-0.23 -0.336192298108639 -0.921249193883007 128 128 255 255 
-0.23 -0.333840447729755 -0.922681988011598 128 128 255 255 
-0.229999999999908 -0.668905479249945 0.367115892286973 128 128 255 255 
-0.23 -0.65497598722951 0.38166012540543 128 128 255 255 
-0.23 -0.654383660811241 0.380212201594061 128 128 255 255 
-0.23 -0.672823477615571 0.361854897512827 128 128 255 255 
-0.23 -0.173047269559471 -0.92066852305811 128 128 255 255 
-0.230000000000255 -0.174322848290862 -0.921153975910811 128 128 255 255 
-0.23 -0.630224784436545 0.395078897415235 128 128 255 255 
-0.229999999999971 -0.701918684692843 0.30260916484042 128 128 255 255 
-0.23 -0.699287435377958 0.302341539602986 128 128 255 255 
-0.23 -0.610515465613684 0.369050504997019 128 128 255 255 
-0.230000000000025 -0.0989925973090526 -0.884268643203417 128 128 255 255 
-0.23 -0.897381570934857 0.0878450169235226 128 128 255 255 
-0.230000000000185 -0.393679534654312 -0.776674682904596 128 128 255 255 
-0.229999999999597 -0.888995641538719 0.10912050176812 128 128 255 255 
-0.23 -0.893502791941618 0.0986098299030528 128 128 255 255 
-0.230000000000041 -0.37905268068671 -0.81941533085182 128 128 255 255 
-0.230000000000039 -0.717761420721235 0.256576483854951 128 128 255 255 
-0.230000000000179 -0.709969079748991 0.298105029475493 128 128 255 255 
-0.229999999999936 -0.944530586386355 -0.0123894830351574 128 128 255 255 
-0.23 0 -0.876539837011897 128 128 255 255 
-0.229999999999875 -0.0868515546013654 -0.912064085810984 128 128 255 255 
-0.23 -0.468580712086274 0.206394604095638 128 128 255 255 
-0.229999999999955 -0.458938827214669 0.243571713558335 128 128 255 255 
-0.23 -0.445665854537946 0.228652332049402 128 128 255 255 
-0.23 -0.458278874385399 0.23469788994409 128 128 255 255 
-0.23 -0.453186885613111 0.218630096915365 128 128 255 255 
-0.23 -0.355786667956036 0.119287736614327 128 128 255 255 
-0.23 -0.396510186215232 0.1431398277772 128 128 255 255 
-0.23 -0.436635352919355 0.215470581043806 128 128 255 255 
-0.23 -0.431674761496149 0.214390180019791 128 128 255 255 
-0.23 -0.45083505011438 0.187657640150435 128 128 255 255 
-0.230000000000189 -0.934201809530902 0.103701081132121 128 128 255 255 
-0.23000000000008 -0.669078261470598 0.354102857326934 128 128 255 255 
-0.229999999999981 -0.639201503403917 0.409057521264407 128 128 255 255 
-0.229999999999853 -0.6697884297807 0.361780275483908 128 128 255 255 
-0.23 -0.671081018473002 0.362056195429401 128 128 255 255 
-0.23 -0.670396808089937 0.362754661016144 128 128 255 255 
-0.23 -0.723017398147304 0.282723043088544 128 128 255 255 
-0.23 -0.722554622442408 0.288545683957684 128 128 255 255 
-0.230000000000008 -0.725845298388847 0.290969958214924 128 128 255 255 
-0.230000000000024 -0.719771726402152 0.293534716852965 128 128 255 255 
-0.230000000000172 -0.71445884464946 0.295913051218244 128 128 255 255 
-0.23 -0.603090877612676 0.357915587783954 128 128 255 255 
-0.229999999999998 -0.607112552573883 0.361198784358234 128 128 255 255 
-0.229999999999948 -0.610832640130351 0.364215423992453 128 128 255 255 
-0.23 -0.671350241952697 0.360325586408673 128 128 255 255 
-0.229999999999996 -0.286616982515731 -0.951326170924592 128 128 255 255 
-0.229999999999986 -0.817706977728634 0.241993708540254 128 128 255 255 
-0.23 -0.72006954880958 0.28211467497851 128 128 255 255 
-0.229999999999994 -0.586239754235414 0.382948716547702 128 128 255 255 
-0.230000000000128 -0.579721869004386 0.377615300564602 128 128 255 255 
-0.229999999999997 -0.731929548580857 0.288430933620689 128 128 255 255 
-0.23 -0.357802347062559 -0.888829953755838 128 128 255 255 
-0.23 -0.170972470737345 -0.94614265116641 128 128 255 255 
-0.229999999999708 -0.375836717460454 -0.829389240632734 128 128 255 255 
-0.23 -0.845905260019402 0.172180017659027 128 128 255 255 
-0.229999999999759 -0.407328601441568 -0.842529735067934 128 128 255 255 
-0.23 -0.424800471226936 0.163985557415806 128 128 255 255 
-0.23 -0.789054794883719 -0.223303931532647 128 128 255 255 
-0.230000000000013 -0.70350618570079 -0.315656826625716 128 128 255 255 
-0.23 0 0.101111839713466 128 128 255 255 
-0.23 -0.694374322300268 0.309500833742773 128 128 255 255 
-0.229999999999968 -0.341773964188468 -0.91189466819427 128 128 255 255 
-0.229999999999918 -0.700874691638659 0.359465790950274 128 128 255 255 
-0.229999999999787 -0.945416764647478 -0.00506007435129618 128 128 255 255 
-0.23 -0.904596958217845 -0.0107699967586542 128 128 255 255 
-0.23 -0.32953008562733 -0.921316261070123 128 128 255 255 
-0.23 -0.331526606735035 -0.92131549122827 128 128 255 255 
-0.229999999999999 -0.695796782959714 0.311189897004569 128 128 255 255 
-0.23 -0.695704514344691 0.30970912102972 128 128 255 255 
-0.23 -0.183444728393386 -0.946392582784798 128 128 255 255 
-0.229999999999978 -0.180661460809314 -0.951317462771307 128 128 255 255 
-0.229999999999866 -0.171704514948577 -0.951248335332069 128 128 255 255 
-0.23 -0.673190327426203 0.284302897800584 128 128 255 255 
-0.23 -0.668199440144864 0.368802442465241 128 128 255 255 
-0.23 -0.16383259343415 -0.950404355452502 128 128 255 255 
-0.0200000000000005 -0.500447506186289 -0.695383359209723 128 255 255 255 
-0.0200000000000095 -0.493280117027695 -0.701959884960869 128 255 255 255 
-0.02 -0.493215024694603 -0.689297935165786 128 255 255 255 
-0.0199999999999998 -0.485949443690275 -0.708351268744631 128 255 255 255 
-0.02 -0.485528654010943 -0.700695896075432 128 255 255 255 
-0.02 -1.01142737394969 0.155343306060887 128 255 255 255 
-0.0199999999999642 -1.01173566542733 0.160265246860913 128 255 255 255 
-0.0199999999999991 -1.01362311707409 0.157258844922291 128 255 255 255 
-0.0199999999999743 -0.526160451021124 0.293761830575328 128 255 255 255 
-0.02 -0.520315940859124 0.286622888627415 128 255 255 255 
-0.02 -0.508650847535298 0.285755855493405 128 255 255 255 
-0.02 -0.793003684352657 0.301130162133737 128 255 255 255 
-0.0200000000000013 -0.786319202297553 0.309393632468957 128 255 255 255 
-0.0200000000000353 -0.796399428918307 0.306856605979248 128 255 255 255 
-0.0200000000000231 -0.981376420757935 0.151257919855292 128 255 255 255 
-0.02 -0.983735807659888 0.150288879164949 128 255 255 255 
-0.0200000000000146 -0.9828364473102 0.149347787294138 128 255 255 255 
-0.02 -0.313713833615819 0.179048104068423 128 255 255 255 
-0.02 -0.276860423845954 0.174475030947026 128 255 255 255 
-0.02 -0.303753234492669 0.181358792085182 128 255 255 255 
-0.02 -0.315344171084826 0.16936918234681 128 255 255 255 
-0.02 -0.29337337380763 0.147359115588512 128 255 255 255 
-0.0199999999999836 -0.974906242133477 -0.141279960032832 128 255 255 255 
-0.0199999999999905 -0.967127449752973 -0.154567734944473 128 255 255 255 
-0.02 -0.957032839143404 -0.144302689949171 128 255 255 255 
-0.0199999999999828 -0.957550758719591 -0.169660775845569 128 255 255 255 
-0.0199999999999888 -0.926517704076063 -0.161710564989729 128 255 255 255 
-0.0199999999999851 -0.934476438080794 -0.150018567508144 128 255 255 255 
-0.02 -0.976148271794773 -0.102406989835519 128 255 255 255 
-0.02 -0.979151757637332 -0.111879083897854 128 255 255 255 
-0.02 -0.971809214602508 -0.113838266447378 128 255 255 255 
-0.0199999999999993 -0.405125417415283 -0.767395058736486 128 255 255 255 
-0.0200000000000427 -0.398698448974333 -0.771611470728524 128 255 255 255 
-0.02 -0.400087686344626 -0.759838454412421 128 255 255 255 
-0.0199999999999804 -1.015243557021 0.154100498088082 128 255 255 255 
-0.020000000000001 -0.642666922058384 0.294580583440681 128 255 255 255 
-0.020000000000003 -0.633787987548096 0.294025779548508 128 255 255 255 
-0.02 -0.637296695174484 0.296172180773965 128 255 255 255 
-0.0200000000000163 -0.230017900811477 -0.81873517900341 128 255 255 255 
-0.0199999999999898 -0.244434953198417 -0.813146406902143 128 255 255 255 
-0.02 -0.248899764154804 -0.814431017517284 128 255 255 255 
-0.02 -0.647604047067377 0.321409964094845 128 255 255 255 
-0.0199999999999999 -0.648287151904943 0.325944485758179 128 255 255 255 
-0.02 -0.655621816761647 0.319543099685711 128 255 255 255 
-0.02 -0.981518127062136 0.18124835576085 128 255 255 255 
-0.0200000000000304 -0.986670835923668 0.187995956275121 128 255 255 255 
-0.02 -0.990764941122125 0.177452023946108 128 255 255 255 
-0.0199999999999969 -1.0016490561579 -0.0858584819501321 128 255 255 255 
-0.0200000000000288 -0.997406002997308 -0.0962988430220241 128 255 255 255 
-0.02 -0.995024407301936 -0.087641051162168 128 255 255 255 
-0.02 -0.753540422409141 0.310099346939135 128 255 255 255 
-0.02 -0.762250332811925 0.299724304713445 128 255 255 255 
-0.02 -0.737657720038072 0.305673643876592 128 255 255 255 
-0.02 -0.494834875602664 -0.675778251132793 128 255 255 255 
-0.02 -0.500923904163927 -0.651846394690015 128 255 255 255 
-0.02 -0.50212388461686 -0.676692041752565 128 255 255 255 
-0.0200000000000001 -1.01824035769738 -0.0304741513878424 128 255 255 255 
-0.02 -1.00371556693493 -0.0173440112332838 128 255 255 255 
-0.02 -1.01390891951961 -0.0156684916031406 128 255 255 255 
-0.0199999999999976 -0.991804235813001 -0.00851562965200593 128 255 255 255 
-0.0200000000000022 -0.99314720693367 0.000902511990513974 128 255 255 255 
-0.02 -1.00487962755205 -0.00364444298886886 128 255 255 255 
-0.02 -0.98649136538567 0.162923578761926 128 255 255 255 
-0.02 -0.998513756753849 0.156117007087703 128 255 255 255 
-0.02 -0.990731441983006 0.15360647661438 128 255 255 255 
-0.0199999999999878 -0.169335383859979 -0.839850441976476 128 255 255 255 
-0.02 -0.203736705644967 -0.83553426817439 128 255 255 255 
-0.02 -0.216011687386734 -0.843809759928395 128 255 255 255 
-0.0199999999999852 -0.564812269545089 0.309063839000762 128 255 255 255 
-0.0200000000000221 -0.573297644062223 0.312224995476249 128 255 255 255 
-0.02 -0.53109210232546 0.27829754525462 128 255 255 255 
-0.02 -1.00665306183058 0.124143741994613 128 255 255 255 
-0.02 -0.99969895562483 0.123989955749849 128 255 255 255 
-0.02 -1.00274339565621 0.134806327578681 128 255 255 255 
-0.0199999999999998 -0.619423258005371 0.323736902157758 128 255 255 255 
-0.0200000000000005 -0.62211424747123 0.324056421937811 128 255 255 255 
-0.02 -0.623010752840486 0.321410546741342 128 255 255 255 
-0.0199999999999827 -0.660050250603528 0.29528143100963 128 255 255 255 
-0.0200000000000248 -0.651387255249313 0.29510934465613 128 255 255 255 
-0.02 -0.651202986269902 0.310374534263235 128 255 255 255 
-0.02 -1.01547009270093 -0.0055572107019377 128 255 255 255 
-0.0199999999999957 -0.258994962959217 -0.839627010861988 128 255 255 255 
-0.0199999999999996 -0.249723691084203 -0.843266779243972 128 255 255 255 
-0.02 -0.250810897093393 -0.832370041355914 128 255 255 255 
-0.02 -0.483077485603788 -0.685275867483081 128 255 255 255 
-0.02 -0.478097266103134 -0.705341431674939 128 255 255 255 
-0.02 -0.468678981130392 -0.707744402147348 128 255 255 255 
-0.02 -0.626089080674264 0.318760221488043 128 255 255 255 
-0.02 -0.621879999611065 0.312821196306267 128 255 255 255 
-0.0199999999999887 -0.440739590841224 -0.703909281378894 128 255 255 255 
-0.0200000000000007 -0.449877457206496 -0.696828118961636 128 255 255 255 
-0.02 -0.451742705249549 -0.706944080398331 128 255 255 255 
-0.0199999999999889 -0.460238298340069 -0.6885182729169 128 255 255 255 
-0.0200000000000423 -0.473193446022569 -0.677487822696304 128 255 255 255 
-0.02 -0.467386065950175 -0.693194201310537 128 255 255 255 
-0.0200000000000001 -0.627156162270694 0.324543469049468 128 255 255 255 
-0.0200000000000034 -0.629703285261621 0.32478163246887 128 255 255 255 
-0.02 -0.627917080927538 0.322276229703437 128 255 255 255 
-0.0200000000000181 -0.44524040156543 -0.740938960683417 128 255 255 255 
-0.02 -0.429346578086603 -0.7301866224611 128 255 255 255 
-0.02 -0.43920945786056 -0.727763528348001 128 255 255 255 
-0.0199999999999993 -0.479555176009774 -0.713946491100484 128 255 255 255 
-0.0200000000000327 -0.473646620356266 -0.719043940657629 128 255 255 255 
-0.02 -0.805899452535878 0.295305123848961 128 255 255 255 
-0.0199999999999788 -0.863818839504128 0.279330469279292 128 255 255 255 
-0.0200000000000103 -0.874671184771841 0.273027653571782 128 255 255 255 
-0.02 -0.876042212588861 0.265618145554005 128 255 255 255 
-0.0200000000000035 -0.709797555916143 0.323388852367389 128 255 255 255 
-0.0199999999999996 -0.71548190075792 0.322696631127641 128 255 255 255 
-0.02 -0.719808271548972 0.314810217420668 128 255 255 255 
-0.02 -0.356983004342642 -0.774468864169357 128 255 255 255 
-0.0200000000000097 -0.359265892238618 -0.794282621420852 128 255 255 255 
-0.02 -0.347361897046793 -0.793713287616923 128 255 255 255 
-0.0200000000000057 -0.373243972074552 -0.749535898828991 128 255 255 255 
-0.02 -0.378263929900301 -0.756390346860928 128 255 255 255 
-0.02 -0.336061056993732 -0.792166924070595 128 255 255 255 
-0.0199999999999983 -0.326988521856875 -0.776146785939688 128 255 255 255 
-0.0199999999999991 -0.277205750726615 -0.832333988595711 128 255 255 255 
-0.0200000000000014 -0.268095285106363 -0.835967878066435 128 255 255 255 
-0.02 -0.263932446224254 -0.831576682455127 128 255 255 255 
-0.02 -0.995279729675499 0.14527361051482 128 255 255 255 
-0.0200000000000056 -0.990609082979084 0.135686651300031 128 255 255 255 
-0.02 -0.989914198371592 0.142095903091596 128 255 255 255 
-0.02 -0.111662749744513 0.141097506573738 128 255 255 255 
-0.02 -0.0557293232837788 0.14644151033757 128 255 255 255 
-0.02 -0.0399074665231431 0.154452535876237 128 255 255 255 
-0.0199999999999776 -0.190117115061305 -0.864871292098669 128 255 255 255 
-0.019999999999994 -0.178858441904552 -0.8684846913768 128 255 255 255 
-0.02 -0.170869252834666 -0.858773887205548 128 255 255 255 
-0.02 -0.145166063493044 -0.861889125529382 128 255 255 255 
-0.019999999999999 -0.190889065998594 -0.832652024414212 128 255 255 255 
-0.02 -0.107795255233762 -0.859117691299945 128 255 255 255 
-0.019999999999977 -0.140233948026246 -0.849432096805757 128 255 255 255 
-0.02 -0.127519917493421 -0.855622804674997 128 255 255 255 
-0.02 -0.0750689298342873 -0.86782466992256 128 255 255 255 
-0.02 -0.0321452595874241 0.164412449944049 128 255 255 255 
-0.02 0 0.162398174784324 128 255 255 255 
-0.02 -0.899573284878613 -0.247590474847828 128 255 255 255 
-0.02 -0.872805868124615 -0.278989052713047 128 255 255 255 
-0.02 -0.898393816298637 -0.234366966471818 128 255 255 255 
-0.0199999999999986 -0.333551135877814 -0.80729445647664 128 255 255 255 
-0.02 -0.339674154142152 -0.799119337814198 128 255 255 255 
-0.02 -0.0175765842658615 -0.898907761920632 128 255 255 255 
-0.02 -0.0303905757608815 -0.907757724920453 128 255 255 255 
-0.02 0 -0.912691986585057 128 255 255 255 
-0.02 0 -0.89655687517919 128 255 255 255 
-0.02 0 -0.901618692635567 128 255 255 255 
-0.02 -0.0376783479534363 -0.875830342380493 128 255 255 255 
-0.02 0 -0.886906747315128 128 255 255 255 
-0.02 0 -0.882318436907444 128 255 255 255 
-0.02 0 -0.891495057722812 128 255 255 255 
-0.02 -0.995960140769492 0.137272351134533 128 255 255 255 
-0.02 -0.995172480996218 0.133322179445501 128 255 255 255 
-0.0200000000000121 -0.992469037391122 0.131569089790252 128 255 255 255 
-0.0200000000000081 -0.428242394635352 -0.752692221742641 128 255 255 255 
-0.019999999999998 -0.422534982853978 -0.756330697319192 128 255 255 255 
-0.02 -0.422295276179989 -0.75043368555717 128 255 255 255 
-0.0199999999999735 -0.99406990813978 0.127274753806542 128 255 255 255 
-0.02 0 0.157913037741507 128 255 255 255 
-0.02 0 0.15342790069869 128 255 255 255 
-0.02 -0.963958361576926 -0.119973991978086 128 255 255 255 
-0.02 -0.958305859342736 -0.119792708413079 128 255 255 255 
-0.02 -0.959960382810223 -0.115471896693367 128 255 255 255 
-0.02 -0.966451053541827 -0.109925987322587 128 255 255 255 
-0.0200000000000146 -0.957986990549482 -0.109112780362855 128 255 255 255 
-0.02 -0.968826049140459 -0.098797068978304 128 255 255 255 
-0.0200000000000025 -0.962487483406706 -0.0999927407936726 128 255 255 255 
-0.0200000000000124 -0.966503869885976 -0.0916887756211706 128 255 255 255 
-0.0200000000000207 -0.951477548167372 0.215585757877616 128 255 255 255 
-0.0200000000000071 -0.960976587894417 0.207742405997278 128 255 255 255 
-0.02 -0.95620832511461 0.20646138013853 128 255 255 255 
-0.02 -0.984383410242314 0.15399286128479 128 255 255 255 
-0.0199999999999911 -0.965556176916172 0.16627162753608 128 255 255 255 
-0.0200000000000007 -0.960463173856778 0.17020373021955 128 255 255 255 
-0.02 -0.960327160096907 0.175620767685508 128 255 255 255 
-0.02 -0.987282850940068 -0.100320080238104 128 255 255 255 
-0.02 -0.983368704906445 -0.0796814521288894 128 255 255 255 
-0.0199999999999963 -1.00541189537694 -0.076055809842795 128 255 255 255 
-0.0200000000000054 -0.984128402838042 0.147330039551727 128 255 255 255 
-0.02 0 -0.906996622280965 128 255 255 255 
-0.02 0 0.183701387731236 128 255 255 255 
-0.02 -0.0734466008443125 0.174611927334481 128 255 255 255 
-0.02 0 0.178101471583248 128 255 255 255 
-0.0199999999999954 -0.341722294783192 -0.803302789822325 128 255 255 255 
-0.02 -0.610161689352511 -0.523307068106987 128 255 255 255 
-0.0200000000000206 -0.703139323376295 -0.4599331897568 128 255 255 255 
-0.0200000000000125 -0.673228974632993 -0.494837980576417 128 255 255 255 
-0.0199999999999903 -0.649539467078705 -0.47632979184739 128 255 255 255 
-0.0200000000000665 -0.647221495092612 -0.525686515122158 128 255 255 255 
-0.0200000000000463 -0.689522935904694 -0.429869249387017 128 255 255 255 
-0.02 -0.773158781163362 -0.381199964823688 128 255 255 255 
-0.0200000000000583 -0.737856936456285 -0.42030515706482 128 255 255 255 
-0.0199999999999932 -0.724499621377157 -0.390255100021592 128 255 255 255 
-0.02 -0.577003740619044 -0.56586790351274 128 255 255 255 
-0.02 -0.997340959708915 0.166959839503693 128 255 255 255 
-0.020000000000012 -0.995382005907379 0.122880856633532 128 255 255 255 
-0.0200000000000038 -1.02663536307307 0.121593642643904 128 255 255 255 
-0.019999999999977 -1.02772002053373 0.115236232420838 128 255 255 255 
-0.02 -1.02061163141059 0.121269895149413 128 255 255 255 
-0.0200000000000102 -1.02521517589027 0.127962259888347 128 255 255 255 
-0.0200000000000186 -0.978276666133533 0.154903824828562 128 255 255 255 
-0.0200000000000094 -0.974724619362138 0.158590238715223 128 255 255 255 
-0.02 -0.979441851835526 0.159746941417543 128 255 255 255 
-0.02 -0.719926355378349 0.30289171409224 128 255 255 255 
-0.02 -0.713984297023177 0.312323867842592 128 255 255 255 
-0.020000000000002 -0.988677016294472 0.139688704946232 128 255 255 255 
-0.0199999999999831 -0.986518783373102 0.143579473453066 128 255 255 255 
-0.0199999999999989 -0.72200309374243 0.32188606050619 128 255 255 255 
-0.019999999999999 -0.728934875126379 0.32086187359593 128 255 255 255 
-0.02 -0.733387629900211 0.316582086009996 128 255 255 255 
-0.0200000000000397 -0.998620401556025 0.177344576782324 128 255 255 255 
-0.0200000000000227 -1.00371190599601 0.17162993342281 128 255 255 255 
-0.02 -0.998576228131544 0.173681610470513 128 255 255 255 
-0.02 -0.879239528732787 0.254510138502056 128 255 255 255 
-0.02 -0.868921196559266 0.256447418215377 128 255 255 255 
-0.02 -0.393289634512189 -0.754448690870828 128 255 255 255 
-0.02 -0.401008431076686 -0.745983655640347 128 255 255 255 
-0.02 -0.237566251715513 -0.826009787702964 128 255 255 255 
-0.02 -0.264555022028844 -0.817584623880546 128 255 255 255 
-0.020000000000024 -0.281137392583975 -0.798082385296846 128 255 255 255 
-0.0200000000000002 -0.293395667098311 -0.792493279414445 128 255 255 255 
-0.02 -0.286965550679403 -0.804306574280495 128 255 255 255 
-0.020000000000001 -0.63930408897895 0.325469060726395 128 255 255 255 
-0.0200000000000005 -0.997443653841602 0.113092335119396 128 255 255 255 
-0.0200000000000212 -0.996585433005173 0.118217059186129 128 255 255 255 
-0.02 -1.00274908916445 0.11661527168213 128 255 255 255 
-0.0200000000000142 -0.105013398023377 -0.891030317897705 128 255 255 255 
-0.0200000000000145 -0.122788167032334 -0.886106010180596 128 255 255 255 
-0.0199999999999999 -0.467526149896531 -0.723888894491345 128 255 255 255 
-0.0199999999999735 -1.0199093708453 -0.0225099730247685 128 255 255 255 
-0.0200000000000028 -0.992690961825583 -0.106529624100688 128 255 255 255 
-0.02 -0.78177762565789 0.298627080867033 128 255 255 255 
-0.02 -0.797857880340945 0.286789364544165 128 255 255 255 
-0.02 -0.781750735560798 0.286510184979383 128 255 255 255 
-0.0200000000000166 -0.412100635561947 -0.72441209096399 128 255 255 255 
-0.0199999999999975 -0.421806346468422 -0.717648132989007 128 255 255 255 
-0.02 -1.0163476623268 0.104440851312092 128 255 255 255 
-0.0199999999999899 -1.02897066039892 0.102595536291357 128 255 255 255 
-0.02 -1.01445362670895 0.0978796772858852 128 255 255 255 
-0.0199999999999815 -0.999223087291466 0.0941688430714101 128 255 255 255 
-0.0200000000000097 -0.998874119793646 0.101547823836349 128 255 255 255 
-0.0199999999999961 -0.659522619079424 0.326227488626758 128 255 255 255 
-0.0200000000000044 -0.665313003064525 0.326269847156103 128 255 255 255 
-0.02 -0.663367048910204 0.319325312019541 128 255 255 255 
-0.0199999999999713 -1.02936812210715 0.0944323684890088 128 255 255 255 
-0.020000000000008 -1.02946501054736 0.086262881307752 128 255 255 255 
-0.02 -1.01393702294457 0.0900919068752016 128 255 255 255 
-0.02 -1.01706984241284 0.0278705203342476 128 255 255 255 
-0.02 -1.0146459554662 0.0107245729337802 128 255 255 255 
-0.02 -1.00597130593675 0.0222592244289497 128 255 255 255 
-0.0200000000000057 -1.00837925250291 -0.0676749683586813 128 255 255 255 
-0.02 -0.997940577617436 -0.0603367682654312 128 255 255 255 
-0.02 -0.66563637545057 0.30729543176893 128 255 255 255 
-0.020000000000011 -0.735869555697559 0.319857823398367 128 255 255 255 
-0.0200000000000137 -0.987180511459645 -0.117828312924876 128 255 255 255 
-0.0199999999999932 -1.02267748930143 -0.00471638379081785 128 255 255 255 
-0.02 -1.02277064648002 0.0112354527649773 128 255 255 255 
-0.02 -0.316950015390645 -0.805387455818319 128 255 255 255 
-0.0200000000000173 -0.317879202855609 -0.814733971546214 128 255 255 255 
-0.02 -0.305988796973925 -0.813080481886615 128 255 255 255 
-0.0200000000000105 -0.97875582035844 -0.0616665210827007 128 255 255 255 
-0.0200000000000059 -0.981417825570726 -0.0535467608427319 128 255 255 255 
-0.02 -0.977768437788129 -0.0701889064722089 128 255 255 255 
-0.0199999999999886 -1.02849855073574 0.108989683505878 128 255 255 255 
-0.02 -1.01094135399676 0.111191535640992 128 255 255 255 
-0.0199999999999688 -0.998388581354399 0.107357920439192 128 255 255 255 
-0.0200000000000143 -0.941114437685618 -0.139420853260875 128 255 255 255 
-0.0200000000000325 -0.392309033155858 -0.737684551007374 128 255 255 255 
-0.0200000000000039 -0.401995294091004 -0.731103317235752 128 255 255 255 
-0.02 -0.38661954133211 -0.754839625264258 128 255 255 255 
-0.0200000000000259 -0.382879643551999 -0.743765999767001 128 255 255 255 
-0.0199999999999889 -0.795037255056725 0.276053357676265 128 255 255 255 
-0.020000000000012 -0.783833723328813 0.279033057217051 128 255 255 255 
-0.02 -0.291102287173384 -0.814463697020214 128 255 255 255 
-0.02 -0.282678658695158 -0.823641081103906 128 255 255 255 
-0.019999999999999 -0.643604009226702 0.325718550146155 128 255 255 255 
-0.0200000000000082 -0.918410441213942 -0.173297294511949 128 255 255 255 
-0.02 -0.933679613759242 -0.181892379374773 128 255 255 255 
-0.01999999999995 -0.603226140695333 0.289162709439228 128 255 255 255 
-0.02 -0.587009801872713 0.284787014006994 128 255 255 255 
-0.02 -0.599485624203468 0.303833636649846 128 255 255 255 
-0.02 -1.01173368414421 0.0810216652422436 128 255 255 255 
-0.02 -0.706405682898759 0.308204403097576 128 255 255 255 
-0.0200000000000062 -0.99925636286293 0.077648974171193 128 255 255 255 
-0.0199999999999891 -0.999378311728393 0.0867857889708066 128 255 255 255 
-0.0199999999999916 -1.02567163575524 0.0167029327344762 128 255 255 255 
-0.0200000000000014 -1.02399492307297 0.00506385112100493 128 255 255 255 
-0.0200000000000083 -0.983984633379438 -0.0453958280455057 128 255 255 255 
-0.0199999999999756 -0.986286931488675 -0.0363825080433442 128 255 255 255 
-0.02 -0.986599734592544 -0.0550686634651805 128 255 255 255 
-0.0200000000000012 -0.941264671279631 0.224306354985086 128 255 255 255 
-0.02 -0.9360175507321 0.21869377984923 128 255 255 255 
-0.0199999999999805 -1.02856630770958 0.0532779100148876 128 255 255 255 
-0.0200000000000011 -0.998097897484929 0.048341674164359 128 255 255 255 
-0.02 -1.0108529325029 0.0557211082263878 128 255 255 255 
-0.0199999999999824 -1.02686324705062 0.0284023814451834 128 255 255 255 
-0.0199999999999977 -0.431422502003947 -0.710759166655097 128 255 255 255 
-0.02 -0.955892935898917 0.188687632298923 128 255 255 255 
-0.02 -0.967187445354496 0.179430082688189 128 255 255 255 
-0.0200000000000197 -0.99308296131007 0.182633596135242 128 255 255 255 
-0.0200000000000492 -0.613904931640384 0.291437285416245 128 255 255 255 
-0.02 -0.608426111845537 0.306123308099495 128 255 255 255 
-0.02 -0.614140473055461 0.308211807191845 128 255 255 255 
-0.0199999999999933 -0.456418625083794 -0.732607229913845 128 255 255 255 
-0.0199999999999943 -0.450797317236721 -0.736787735439033 128 255 255 255 
-0.02 -0.449358587355745 -0.723663617973215 128 255 255 255 
-0.0200000000000174 -0.910199581329202 0.211142739518503 128 255 255 255 
-0.0200000000000034 -0.899004993608117 0.220154683994662 128 255 255 255 
-0.02 -0.917093498169687 0.220543992029121 128 255 255 255 
-0.019999999999976 -0.8754248595088 0.236877756496129 128 255 255 255 
-0.020000000000038 -0.896569984247872 0.259097164662678 128 255 255 255 
-0.02 -0.897933089579618 0.243048525024257 128 255 255 255 
-0.02 -0.931363947786303 0.209845355238764 128 255 255 255 
-0.02 -0.920019651364756 0.202859678554444 128 255 255 255 
-0.02 -0.856126590431729 0.266390680588508 128 255 255 255 
-0.02 -0.863544255428707 0.270628646907445 128 255 255 255 
-0.0200000000000185 -0.485840591860863 -0.666095094153253 128 255 255 255 
-0.019999999999978 -0.540189933531924 0.299643430036861 128 255 255 255 
-0.0199999999999871 -0.294386830477637 -0.82517311550124 128 255 255 255 
-0.0199999999999932 -0.286143149082392 -0.828650089655318 128 255 255 255 
-0.02 -0.342613205568516 0.179573823731614 128 255 255 255 
-0.02 -0.350160018586213 0.166389837398478 128 255 255 255 
-0.02 -0.844719792812599 -0.30919044170111 128 255 255 255 
-0.0199999999999827 -0.866199699288837 -0.240893347122697 128 255 255 255 
-0.0200000000000051 -0.879217088520009 -0.22497352284123 128 255 255 255 
-0.0200000000000185 -0.581922284047239 0.314961965966345 128 255 255 255 
-0.02 -0.550290488902947 0.286492005291755 128 255 255 255 
-0.0200000000000188 -0.653732479747874 0.326224443982876 128 255 255 255 
-0.0200000000000032 -0.677045412542441 0.294958214172406 128 255 255 255 
-0.02 -0.668547486223626 0.295106303445066 128 255 255 255 
-0.0199999999999989 -1.02123851333175 -0.0144811008078263 128 255 255 255 
-0.0200000000000091 -1.02933543917698 0.076825552100528 128 255 255 255 
-0.0200000000000005 -0.999029957605028 0.0685148880279801 128 255 255 255 
-0.0200000000000218 -0.603951067138218 -0.580577451672452 128 255 255 255 
-0.0200000000000386 -0.585713753544391 -0.60384946188541 128 255 255 255 
-0.02 -0.482664000663956 0.238526229517472 128 255 255 255 
-0.02 -0.4973197870537 0.257702982964691 128 255 255 255 
-0.02 -0.54522211338611 0.26918612914078 128 255 255 255 
-0.02 -0.834355771199218 -0.276755191900824 128 255 255 255 
-0.019999999999977 -0.811248644656744 -0.300505847550214 128 255 255 255 
-0.0199999999999956 -0.751191446195593 0.31704649976699 128 255 255 255 
-0.0199999999999961 -0.759170882519261 0.315474694819552 128 255 255 255 
-0.0200000000000151 -0.930322813055025 0.233568895539835 128 255 255 255 
-0.02 -0.911726482401373 0.237024580032219 128 255 255 255 
-0.02 -0.808947870272792 -0.345180219947976 128 255 255 255 
-0.0200000000000029 -0.787754507124913 -0.323879695284931 128 255 255 255 
-0.0199999999999931 -0.508868942949311 -0.687645845392004 128 255 255 255 
-0.0200000000000325 -0.85273390064985 -0.256441617685187 128 255 255 255 
-0.0200000000000045 -0.890092323076582 -0.211544423447758 128 255 255 255 
-0.0200000000000205 -0.900079974718572 -0.198549637733633 128 255 255 255 
-0.02 -0.899210978109955 -0.212858430459945 128 255 255 255 
-0.020000000000002 -0.211351364161578 -0.857393846796477 128 255 255 255 
-0.020000000000002 -0.201260535564281 -0.860932164957358 128 255 255 255 
-0.0200000000000061 -0.446264360071806 0.217737813019879 128 255 255 255 
-0.019999999999995 -0.417475006868109 0.235707529549566 128 255 255 255 
-0.02 -0.454800583497475 0.257309910692421 128 255 255 255 
-0.0200000000000756 -0.481525928146965 0.271917571575273 128 255 255 255 
-0.0200000000000026 -0.909367445558839 -0.186012078606343 128 255 255 255 
-0.02 -0.916592324080753 -0.201357012352372 128 255 255 255 
-0.0200000000000049 -0.947362946805866 -0.184343045551295 128 255 255 255 
-0.0199999999999707 -0.935643506499268 -0.200985584433499 128 255 255 255 
-0.0200000000000027 -0.996706918609792 0.0285876662477257 128 255 255 255 
-0.0200000000000029 -0.997386070487286 0.0384656973653646 128 255 255 255 
-0.02 -1.01020837937442 0.0370961324409614 128 255 255 255 
-0.02 -0.607448702298743 0.32162898980879 128 255 255 255 
-0.02 -0.89809170055421 0.231063273510051 128 255 255 255 
-0.0200000000000049 -0.612350799179832 0.322465420091016 128 255 255 255 
-0.02 -0.740176769886024 0.288206961843378 128 255 255 255 
-0.02 -0.729632973096921 0.295596746470337 128 255 255 255 
-0.02 0 0.167449865109792 128 255 255 255 
-0.02 -0.819468210260556 0.289839581855996 128 255 255 255 
-0.02 -0.833869156485598 0.285215342936199 128 255 255 255 
-0.02 -0.818918465654696 0.278973662706528 128 255 255 255 
-0.02 -0.880739979619438 -0.245320470716481 128 255 255 255 
-0.0199999999999588 -0.921440462978447 -0.220086357741237 128 255 255 255 
-0.0200000000000122 -0.995731362315431 0.0193294862399923 128 255 255 255 
-0.02 -0.633876473999507 0.297291267574606 128 255 255 255 
-0.02 -0.17162711120862 0.138057868576266 128 255 255 255 
-0.02 -0.231640395006541 0.138403527863109 128 255 255 255 
-0.02 -0.144088437398623 0.169268897995157 128 255 255 255 
-0.02 -0.403851113300348 0.19259854809481 128 255 255 255 
-0.02 -0.374706389939418 0.21112122405336 128 255 255 255 
-0.02 -0.329998831081165 0.19046382882761 128 255 255 255 
-0.02 -0.773331901317376 0.293637146975406 128 255 255 255 
-0.0200000000000092 -0.166972506598199 -0.872447694559672 128 255 255 255 
-0.02 -0.157101507507996 -0.869097778571203 128 255 255 255 
-0.02 -0.137409011016404 -0.87356960497809 128 255 255 255 
-0.0199999999999866 -0.154259383553953 -0.876632233873793 128 255 255 255 
-0.0200000000000031 -0.140506510415378 -0.880989724879094 128 255 255 255 
-0.0200000000000003 -0.325326614320681 -0.811175393516387 128 255 255 255 
-0.02 -0.326626146197903 -0.801741709072877 128 255 255 255 
-0.02 -0.321241908406644 -0.792684315482442 128 255 255 255 
-0.02 -0.497236411202554 0.267670031505312 128 255 255 255 
-0.02 -0.778377406828166 0.306938189664117 128 255 255 255 
-0.0200000000000038 -0.776915636480005 0.311685208099312 128 255 255 255 
-0.02 -0.262708324825362 0.141531427319085 128 255 255 255 
-0.02 -0.438707919787644 -0.71735570527273 128 255 255 255 
-0.0199999999999857 -0.807725945415804 0.303525209354385 128 255 255 255 
-0.02 -0.794634134636454 0.295463175036188 128 255 255 255 
-0.02 -0.624549790734664 0.323455897618047 128 255 255 255 
-0.02 -0.625658727008187 0.322921638094749 128 255 255 255 
-0.02 -0.304637003457383 -0.79890905038874 128 255 255 255 
-0.0200000000000218 -0.72989225924638 0.289960462325109 128 255 255 255 
-0.02 -0.519918275442595 0.257789378577751 128 255 255 255 
-0.0200000000000056 -0.602605816691833 0.320484409030546 128 255 255 255 
-0.02 0 0.17277566834652 128 255 255 255 
-0.02 -0.944579532699469 0.208315058400018 128 255 255 255 
-0.020000000000025 -0.350464254151066 -0.798939524455933 128 255 255 255 
-0.0199999999999872 -0.887367280057665 0.228730103483916 128 255 255 255 
-0.0199999999999554 -0.621942306624359 -0.557115390649584 128 255 255 255 
-0.0200000000000012 -0.310310306680601 -0.81803170538781 128 255 255 255 
-0.0200000000000008 -0.302537914720697 -0.821486844984529 128 255 255 255 
-0.0200000000000065 -1.01115599389246 -0.0592314075524771 128 255 255 255 
-0.02 -0.970703826722693 0.200176859094756 128 255 255 255 
-0.02 -0.210513481867347 0.167713746019377 128 255 255 255 
-0.0199999999999954 -0.256591180580475 -0.808257860283038 128 255 255 255 
-0.0199999999999883 -0.212354346247871 -0.825203764808807 128 255 255 255 
-0.0200000000000527 -0.056727125046935 -0.902658074905277 128 255 255 255 
-0.02 -0.0829067037626295 -0.896878578346235 128 255 255 255 
-0.02 -0.842104928294329 0.265608883278051 128 255 255 255 
-0.0199999999999609 -0.828039678017865 0.263856346503335 128 255 255 255 
-0.02 -1.00951596970292 0.118305878880727 128 255 255 255 
-0.02 -0.985938853582845 0.149518057167196 128 255 255 255 
-0.02 -0.988969568464234 0.149727229276137 128 255 255 255 
-0.02 -0.988458256050886 0.146254052175757 128 255 255 255 
-0.02 -1.01008770794529 0.151665481516345 128 255 255 255 
-0.02 -1.01185922541933 0.148684637726355 128 255 255 255 
-0.0199999999999994 -1.01832320136208 0.147725030173962 128 255 255 255 
-0.02 -1.01018779915182 0.143157957573581 128 255 255 255 
-0.02 -1.01255941105304 0.137798985232642 128 255 255 255 
-0.02 -1.00544292222304 0.146773083538801 128 255 255 255 
-0.02 -1.00644682228072 0.153426458916803 128 255 255 255 
-0.02 -0.243857410158849 0.169379956662455 128 255 255 255 
-0.0200000000000055 -0.947464485917531 -0.128645987537549 128 255 255 255 
-0.0200000000000232 -0.953095292432006 -0.118565502662036 128 255 255 255 
-0.02 -0.956197848879302 -0.125189863473281 128 255 255 255 
-0.0200000000000095 -0.973057095301507 -0.076545232950438 128 255 255 255 
-0.0200000000000023 -0.975883784274174 -0.0692365824837427 128 255 255 255 
-0.0199999999999985 -0.433866814813594 -0.748788216799989 128 255 255 255 
-0.0200000000000024 -0.24044722164963 -0.846893252338455 128 255 255 255 
-0.0199999999999905 -0.231006331083366 -0.850543970664085 128 255 255 255 
-0.0199999999999992 -0.221451452719888 -0.853881270771126 128 255 255 255 
-0.0199999999999785 -0.86314973266471 0.244659141244122 128 255 255 255 
-0.019999999999996 -1.02766032423619 0.0408702904223634 128 255 255 255 
-0.0199999999999968 -0.720511760935779 0.291250950214366 128 255 255 255 
-0.019999999999997 -0.711484304561864 0.292381945396226 128 255 255 255 
-0.0200000000000068 -0.632254142052942 0.324983586534399 128 255 255 255 
-0.02 -0.755365740809296 -0.356334904091459 128 255 255 255 
-0.02 -0.373975234555516 -0.771026416762042 128 255 255 255 
-0.02 -1.01240954709776 0.129056656795925 128 255 255 255 
-0.02 -1.01910727418129 0.134244429798647 128 255 255 255 
-0.0199999999999823 -1.02118159697376 0.141277631744983 128 255 255 255 
-0.019999999999991 -1.0234503554815 0.134620549605258 128 255 255 255 
-0.02 -0.974850102148689 0.177669945197793 128 255 255 255 
-0.02 -0.973325207624755 0.168328340975088 128 255 255 255 
-0.02 -0.980713938495755 0.172474475347972 128 255 255 255 
-0.0199999999999936 -0.970583920315278 0.162256251623537 128 255 255 255 
-0.02 -1.01273949056561 0.122060181475831 128 255 255 255 
-0.02 -1.01864231846757 0.114745881004288 128 255 255 255 
-0.02 -0.408283504996476 -0.739315803606768 128 255 255 255 
-0.02 -0.410084390518194 -0.753511588016134 128 255 255 255 
-0.0199999999999893 -0.41091237429753 -0.763583422910334 128 255 255 255 
-0.0200000000000048 -0.416734121691481 -0.759974047393968 128 255 255 255 
-0.02 -0.416227971246653 -0.74156871349303 128 255 255 255 
-0.02 -1.00143494936675 0.150396372811559 128 255 255 255 
-0.02 -0.347006943525073 -0.768114594890721 128 255 255 255 
-0.02 -0.359278601065801 -0.76143720592876 128 255 255 255 
-0.0200000000000005 -0.355232164338566 -0.760194075197256 128 255 255 255 
-0.0199999999999692 -0.363926583026398 -0.754872753116888 128 255 255 255 
-0.02 -0.971478903034137 0.186883090910209 128 255 255 255 
-0.0200000000000045 -0.953667312728155 0.175345013148981 128 255 255 255 
-0.0199999999999952 -0.946181470776554 0.181089114118726 128 255 255 255 
-0.0199999999999981 -0.978697581477894 0.194099890925383 128 255 255 255 
-0.02 -0.987384890257523 0.172202156044204 128 255 255 255 
-0.0199999999999905 -0.938834825223127 0.18701085403129 128 255 255 255 
-0.02 -0.939109505965506 0.19881426736101 128 255 255 255 
-0.02 -0.953299168012242 0.200490757812352 128 255 255 255 
-0.02 -0.392317088380806 -0.766081483590087 128 255 255 255 
-0.02 -1.01449685295717 0.117518663610068 128 255 255 255 
-0.02 -0.267751320967562 -0.806807556904031 128 255 255 255 
-0.020000000000007 -0.268721688676953 -0.803305358155695 128 255 255 255 
-0.02 -0.382917369223595 -0.772540729450754 128 255 255 255 
-0.02 -0.381834420358915 -0.763412298729693 128 255 255 255 
-0.02 -0.387396026783051 -0.762264375310484 128 255 255 255 
-0.0200000000000154 -0.391510081333551 -0.775786681872548 128 255 255 255 
-0.02 -0.698212359034372 0.315714795691368 128 255 255 255 
-0.02 -0.691940155355228 0.3063822954081 128 255 255 255 
-0.02 -0.690471083261954 0.320156048029517 128 255 255 255 
-0.0199999999999861 -0.698784146818726 0.324634674475644 128 255 255 255 
-0.02 -0.680355487207083 0.318277407761638 128 255 255 255 
-0.020000000000001 -0.682563577818665 0.325663918744238 128 255 255 255 
-0.0200000000000001 -0.693436902151375 0.32501274140241 128 255 255 255 
-0.0199999999999942 -0.688005173823816 0.325406406410743 128 255 255 255 
-0.02 -0.553490477707225 -0.614175611663694 128 255 255 255 
-0.02 -0.549597890761647 -0.6356269974054 128 255 255 255 
-0.02 -0.536942976825859 -0.646199147270544 128 255 255 255 
-0.0200000000000169 -0.52703557990048 -0.67005981485951 128 255 255 255 
-0.020000000000003 -0.517975667856447 -0.678876766230749 128 255 255 255 
-0.0199999999999892 -0.536714068498273 -0.660154589285252 128 255 255 255 
-0.02 -0.542656147559561 -0.624996992956481 128 255 255 255 
-0.02 -0.531131722620754 -0.639502443381252 128 255 255 255 
-0.0200000000000002 -0.439554327043302 -0.744864630770523 128 255 255 255 
-0.02 -0.428376048976657 -0.740170399321088 128 255 255 255 
-0.0199999999999743 -0.998773488566714 0.0585805777396573 128 255 255 255 
-0.02 -1.01127823039978 0.0666513222137032 128 255 255 255 
-0.02 -1.01797403625038 0.0626842709864401 128 255 255 255 
-0.0200000000000097 -1.02903781914633 0.0650491556234764 128 255 255 255 
-0.0199999999999908 -0.384249913068793 -0.779832859183167 128 255 255 255 
-0.0200000000000017 -0.376586830417983 -0.784450321002684 128 255 255 255 
-0.02 -0.375465857091563 -0.777473006647388 128 255 255 255 
-0.02 -0.23009300854833 -0.836155363990888 128 255 255 255 
-0.02 -0.368383994169158 -0.781874559374074 128 255 255 255 
-0.0199999999999775 -0.368025060302223 -0.789547090572708 128 255 255 255 
-0.02 -0.630332850768204 0.310236615443892 128 255 255 255 
-0.02 -0.629086733747465 0.301079312583872 128 255 255 255 
-0.02 -0.638817031515643 0.308513352217874 128 255 255 255 
-0.02 -0.638855397091948 0.298791092532066 128 255 255 255 
-0.02 -0.630355113628904 0.296387793426939 128 255 255 255 
-0.020000000000054 -0.624667081224482 0.293153943801967 128 255 255 255 
-0.02 -0.558128990615111 -0.631315297911972 128 255 255 255 
-0.0199999999999807 -0.546634030645276 -0.649658775886457 128 255 255 255 
-0.02 -0.565680288806127 -0.612254596351548 128 255 255 255 
-0.02 -0.974127396317483 -0.0804568893447509 128 255 255 255 
-0.0200000000000155 -0.969937324215308 -0.0841842174880542 128 255 255 255 
-0.0199999999999845 -0.336997012994531 -0.770886698030452 128 255 255 255 
-0.0200000000000147 -0.346561874409935 -0.765554163914721 128 255 255 255 
-0.02 -0.703461545493822 0.319196237951859 128 255 255 255 
-0.0199999999999996 -0.704107982801109 0.324038464127317 128 255 255 255 
-0.02 -0.678514610360652 0.306483922378778 128 255 255 255 
-0.02 -0.670741391932563 0.317290637177071 128 255 255 255 
-0.0200000000000029 -0.671261952295045 0.326091772382154 128 255 255 255 
-0.0200000000000002 -0.676995681196206 0.325873238420185 128 255 255 255 
-0.0200000000000056 -0.761805372995456 0.284157303892136 128 255 255 255 
-0.02 -0.753388095127018 0.292303771904719 128 255 255 255 
-0.02 -0.767563702973706 0.289680398296028 128 255 255 255 
-0.0199999999999886 -0.772855780029664 0.281749677311078 128 255 255 255 
-0.0200000000000248 -1.0079112923524 0.16608169854775 128 255 255 255 
-0.02 -0.52934160354843 0.286283077351209 128 255 255 255 
-0.0199999999999962 -0.554424649350297 0.304980761604775 128 255 255 255 
-0.0199999999999679 -0.830476219407686 0.295660691523234 128 255 255 255 
-0.0199999999999664 -0.841759762713785 0.29077594932907 128 255 255 255 
-0.0199999999999852 -0.819187870707607 0.299863229181442 128 255 255 255 
-0.0199999999999961 -0.852812576033203 0.285356451820006 128 255 255 255 
-0.02 -0.846228312811215 0.275642839655691 128 255 255 255 
-0.020000000000017 -1.01331216343071 -0.0519795457558918 128 255 255 255 
-0.02 -1.00438118240908 -0.0482634971252886 128 255 255 255 
-0.02 -1.00236022369341 -0.0369864975433336 128 255 255 255 
-0.0200000000000059 -1.01523119753871 -0.044664271178766 128 255 255 255 
-0.02 -1.001465415496 0.0099471573439919 128 255 255 255 
-0.020000000000003 -0.994417068064908 0.0101117569570227 128 255 255 255 
-0.02 -0.29850402083314 -0.818551007564774 128 255 255 255 
-0.02 -0.742472904896613 0.314631028672901 128 255 255 255 
-0.0200000000000002 -1.01675043642258 -0.037572288212542 128 255 255 255 
-0.02 -1.0032548081415 -0.0278968237182349 128 255 255 255 
-0.0200000000000001 -0.988256786977258 -0.0271395897493491 128 255 255 255 
-0.02 -0.9526936631583 -0.13362476912836 128 255 255 255 
-0.02 -0.961658704165646 -0.130564451420923 128 255 255 255 
-0.02 -0.966730813284691 -0.135295467869728 128 255 255 255 
-0.02 -0.973325467696238 -0.125034770075984 128 255 255 255 
-0.0200000000000382 -0.558586033756796 -0.636343619157904 128 255 255 255 
-0.0199999999999889 -0.570147596712717 -0.622691490618599 128 255 255 255 
-0.0199999999999962 -0.990205477123425 -0.0178644041830588 128 255 255 255 
-0.02 -0.514454367570164 -0.660199161047159 128 255 255 255 
-0.02 -0.525702083213687 -0.626631474836367 128 255 255 255 
-0.02 -0.549061821671111 -0.60010803248545 128 255 255 255 
-0.0199999999999812 -0.750883396761405 0.286376162762119 128 255 255 255 
-0.0200000000000147 -0.981201502638501 -0.129636106264915 128 255 255 255 
-0.02 -0.631546995174944 0.318532358270462 128 255 255 255 
-0.0199999999999993 -0.635781256961252 0.32519844648655 128 255 255 255 
-0.0200000000000002 -0.616453838291565 0.323255866624623 128 255 255 255 
-0.0199999999999676 -0.817116522988858 0.268583595044612 128 255 255 255 
-0.0200000000000129 -0.806086069733905 0.272529086115755 128 255 255 255 
-0.02 -0.807003238755026 0.276585813217465 128 255 255 255 
-0.0200000000000014 -0.885530913742549 0.266285318371345 128 255 255 255 
-0.0199999999999979 -0.624808642873091 0.324347256990137 128 255 255 255 
-0.0200000000000044 -0.702440461131846 0.293354872026959 128 255 255 255 
-0.0200000000000045 -0.685368830774794 0.294699510698911 128 255 255 255 
-0.0200000000000064 -0.693752867311328 0.294167336102534 128 255 255 255 
-0.020000000000022 -0.907852307078109 0.251179952547552 128 255 255 255 
-0.0200000000000102 -0.919064865404603 0.242743393379648 128 255 255 255 
-0.02 -0.76849924799338 0.308045909785328 128 255 255 255 
-0.0199999999999975 -0.767464010184683 0.313771848449322 128 255 255 255 
-0.0200000000000002 -0.589415081996532 0.317120694253387 128 255 255 255 
-0.02 -0.577834010888018 0.299695902752903 128 255 255 255 
-0.0200000000000026 -0.596185699714357 0.318960217625354 128 255 255 255 
-0.02 -0.588197119613773 0.300815369822921 128 255 255 255 
-0.0199999999999762 -0.566061764312248 0.277131038871885 128 255 255 255 
-0.0199999999999882 -0.929770368278187 0.194495421558044 128 255 255 255 
-0.020000000000017 -0.316188456874607 -0.781754078344277 128 255 255 255 
-0.0199999999999605 -0.83962739790379 0.258212615978273 128 255 255 255 
-0.0199999999999936 -0.850880625005484 0.25192018203993 128 255 255 255 
-0.0199999999999897 -0.305263345062142 -0.787102520863111 128 255 255 255 
-0.02 -0.459276574753305 -0.720522399015572 128 255 255 255 
-0.0200000000000004 -0.461934986399313 -0.728285608258626 128 255 255 255 
-0.0200000000000009 -0.74319483674439 0.318524952775889 128 255 255 255 
-0.117092727014831 -0.678056962132728 0.405441242370795 255 128 255 255 
-0.115218333766609 -0.697604010269028 0.400099632408235 255 128 255 255 
-0.106131782382569 -0.687794779510829 0.398067388283711 255 128 255 255 
-0.199999999999999 -0.39870100117448 -0.923237225371915 255 128 255 255 
-0.199999999999848 -0.392948632563902 -0.931618824233482 255 128 255 255 
-0.187411899682935 -0.388179340490279 -0.922326525683483 255 128 255 255 
-0.169180002938714 -0.152984175613001 -0.948588061012726 255 128 255 255 
-0.180625312312975 -0.157802311513303 -0.959762695138915 255 128 255 255 
-0.176721903025799 -0.147152392644676 -0.952214123050967 255 128 255 255 
-0.136330775719816 -0.755591518660462 0.365005381370621 255 128 255 255 
-0.123725826826058 -0.764774721404112 0.357986931703159 255 128 255 255 
-0.124955783787098 -0.74962470655615 0.371227608421084 255 128 255 255 
-0.0500000000000425 -1.02640319194401 -0.102521328478608 255 128 255 255 
-0.0664661188425907 -1.02636080923497 -0.0989850367386693 255 128 255 255 
-0.0577417668378677 -1.02007904264563 -0.116263554248695 255 128 255 255 
-0.0577949463750626 -0.988721266529833 -0.176734970529447 255 128 255 255 
-0.05 -0.979552126675546 -0.191486832190741 255 128 255 255 
-0.049999999999975 -0.984914000273249 -0.183485496830103 255 128 255 255 
-0.182138036570349 -0.400177793204955 -0.887250359328082 255 128 255 255 
-0.176763119458673 -0.386717684575934 -0.907476232011925 255 128 255 255 
-0.164440480491215 -0.380675973319385 -0.895058236468938 255 128 255 255 
-0.049999999999992 -0.989964277036297 -0.175280535632627 255 128 255 255 
-0.128092748824195 -0.256128001607961 -0.932533681236186 255 128 255 255 
-0.116897813099995 -0.26668390842842 -0.91269465019947 255 128 255 255 
-0.126160139853315 -0.271833080819249 -0.926521974310941 255 128 255 255 
-0.133638376980822 -0.275104964369127 -0.937550845538695 255 128 255 255 
-0.136456851436443 -0.658669548195137 0.416292569316954 255 128 255 255 
-0.135336575015429 -0.67244734990957 0.415260974254363 255 128 255 255 
-0.125835014374125 -0.666363037961777 0.411111632904388 255 128 255 255 
-0.0999782585678217 -0.779992023992974 0.352015623276866 255 128 255 255 
-0.103965203399786 -0.765375421140078 0.358998813913572 255 128 255 255 
-0.107780137476926 -0.756779766712548 0.364125332234669 255 128 255 255 
-0.134012338050249 -0.697238421644504 0.408321732520531 255 128 255 255 
-0.125104964609484 -0.689527170938233 0.407141823250186 255 128 255 255 
-0.0500000000000253 -0.403293566686631 0.25938789379655 255 128 255 255 
-0.0665896017526321 -0.439095501007859 0.279491185275216 255 128 255 255 
-0.0500000000000806 -0.430854989889246 0.275750090059202 255 128 255 255 
-0.199999999999979 -0.975741057074695 0.152205471043156 255 128 255 255 
-0.200000000000242 -0.980579103258671 0.141581993249034 255 128 255 255 
-0.182467282275496 -0.990375828119517 0.143397901047894 255 128 255 255 
-0.175961338668173 -0.0367856080646224 -0.930307382130363 255 128 255 255 
-0.199999999999998 -0.00965352269618957 -0.927381219344202 255 128 255 255 
-0.171595170219369 0 -0.931606896394141 255 128 255 255 
-0.0499999999999901 -0.721697619937818 0.356452398568796 255 128 255 255 
-0.0722297098739026 -0.718880695945067 0.370382148839719 255 128 255 255 
-0.0500000000000166 -0.72952679192156 0.355172570408232 255 128 255 255 
-0.0739625720915135 -0.738565913880258 0.364614345511924 255 128 255 255 
-0.200000000000006 -0.993219728818852 -0.0567558577631627 255 128 255 255 
-0.200000000000012 -0.9907316250781 -0.0660880696453266 255 128 255 255 
-0.197590996160994 -0.994639219146322 -0.0569074237701648 255 128 255 255 
-0.0500000000000034 -0.430219668721769 -0.776938287915781 255 128 255 255 
-0.067989917190004 -0.412279896909092 -0.785985009833022 255 128 255 255 
-0.050000000000006 -0.422795477543609 -0.782007595817998 255 128 255 255 
-0.0500000000000058 -0.436031932448504 -0.773016855109773 255 128 255 255 
-0.185810303128191 0 -0.929413456625895 255 128 255 255 
-0.2 0 -0.927032409553655 255 128 255 255 
-0.054322140865699 -0.403909757624408 -0.794052317578207 255 128 255 255 
-0.0665721614031176 -0.463655350836128 -0.748888709115802 255 128 255 255 
-0.0499999999999973 -0.447049734989063 -0.765363436571248 255 128 255 255 
-0.0500000000000013 -0.452262676098367 -0.761643148243097 255 128 255 255 
-0.053187760528797 -0.477497354807438 -0.742121450024739 255 128 255 255 
-0.0631618744270523 -0.480163409352413 -0.737169253305637 255 128 255 255 
-0.0500000000000341 -0.464137068124523 -0.753190942012486 255 128 255 255 
-0.199999999999897 -0.542217193039812 -0.631421723819715 255 128 255 255 
-0.2 -0.525967149612367 -0.652969670459756 255 128 255 255 
-0.194025376614371 -0.513947938021637 -0.671511036342511 255 128 255 255 
-0.177182422631325 -0.449011525936903 -0.769093345055008 255 128 255 255 
-0.19999999999998 -0.45521747495808 -0.769393586612211 255 128 255 255 
-0.181976557410872 -0.439148909405375 -0.791025486842613 255 128 255 255 
-0.0637019714793306 -1.05265514633117 0.00836675237274406 255 128 255 255 
-0.0500000000000035 -1.05524772934348 0.0190477149278282 255 128 255 255 
-0.0681126377920201 -1.05481286526496 0.0407926807259001 255 128 255 255 
-0.0741123489524153 -0.450893049419843 -0.756728551988496 255 128 255 255 
-0.0500000000000153 -0.441823635992218 -0.76906528780882 255 128 255 255 
-0.0747587484380994 -0.428034133124107 -0.773754119188611 255 128 255 255 
-0.0987060071216528 -0.438703000648887 -0.763192012316857 255 128 255 255 
-0.0629790825434008 -0.708282841128659 0.367154518772592 255 128 255 255 
-0.0666273536271478 -0.262269940077171 -0.876839075241635 255 128 255 255 
-0.0598245022961896 -0.272626396047831 -0.870547778875529 255 128 255 255 
-0.0744502663528536 -0.270402465253917 -0.875317388621573 255 128 255 255 
-0.2 -0.3877635668343 -0.938647748717374 255 128 255 255 
-0.2 -0.383281751855172 -0.946206983011085 255 128 255 255 
-0.19563715533873 -0.381277099293353 -0.941651773016072 255 128 255 255 
-0.137308470504828 -0.263278952108515 -0.944640076509126 255 128 255 255 
-0.142995323905952 -0.251102343180913 -0.951812558043723 255 128 255 255 
-0.13556523524552 -0.253552755284888 -0.943317263478024 255 128 255 255 
-0.128017841093619 -0.232473113818457 -0.932638921517734 255 128 255 255 
-0.135072666613317 -0.244143734509018 -0.942747636895512 255 128 255 255 
-0.0834505906133918 -0.347040705344666 -0.834971807077031 255 128 255 255 
-0.0649596342292889 -0.351758901886137 -0.826907032484021 255 128 255 255 
-0.0786378690726648 -0.359180634102472 -0.824170336335165 255 128 255 255 
-0.182682628419086 -0.124568487900393 -0.945280751033321 255 128 255 255 
-0.179544675887152 -0.11882493869419 -0.940171075686107 255 128 255 255 
-0.175319001958572 -0.123583569772207 -0.939547242845964 255 128 255 255 
-0.111775727360881 -0.421607627572246 -0.779874490424838 255 128 255 255 
-0.0997807485635363 -0.406955813355434 -0.791361802102886 255 128 255 255 
-0.0889299655416998 -0.416628813570052 -0.781299148511193 255 128 255 255 
-0.172454678641363 -0.657489278302929 0.430464656978949 255 128 255 255 
-0.180822336317378 -0.671477201140165 0.431170377127792 255 128 255 255 
-0.163369606088683 -0.668541723841788 0.42670879572181 255 128 255 255 
-0.179293225710601 -0.643339246841235 0.431846767694779 255 128 255 255 
-0.191470978678129 -0.656318938980925 0.435307113751122 255 128 255 255 
-0.14343161032813 -0.228187771809657 -0.950828924422657 255 128 255 255 
-0.177329025475447 -0.350947630271727 -0.950215428673745 255 128 255 255 
-0.164245247595386 -0.351541595974901 -0.936185489310073 255 128 255 255 
-0.173291097049393 -0.3602484993848 -0.939073871703538 255 128 255 255 
-0.180187121975253 -0.364884247370413 -0.941886076357006 255 128 255 255 
-0.17052637636598 -0.366435602425281 -0.928998753209868 255 128 255 255 
-0.188810859913868 -0.36819550872631 -0.948390255476179 255 128 255 255 
-0.163479592306264 -0.340950412309491 -0.944106711579725 255 128 255 255 
-0.118918588761143 0 -0.938273168644173 255 128 255 255 
-0.107820114005598 -2.11758236813575E-22 -0.939286683645841 255 128 255 255 
-0.121852307775793 -0.0194259256379575 -0.935735526228972 255 128 255 255 
-0.05 -0.375549955991984 0.243329708540099 255 128 255 255 
-0.0778589155492268 -0.410063947347854 0.261186656359887 255 128 255 255 
-0.102919692278654 -0.2745368774531 -0.891323225287564 255 128 255 255 
-0.107266714603117 -0.265637464792273 -0.899898046510207 255 128 255 255 
-0.101250216234847 -0.262951759393449 -0.894063027092984 255 128 255 255 
-0.0946677255807075 -0.243366947616272 -0.895671789982432 255 128 255 255 
-0.0853389725117281 -0.246521839063019 -0.889349151585453 255 128 255 255 
-0.0937389776670212 -0.250221562367906 -0.892579498259411 255 128 255 255 
-0.173443300669465 -0.332252781865582 -0.957978532453044 255 128 255 255 
-0.167259951792441 -0.314677248614932 -0.961044693072119 255 128 255 255 
-0.162913263449889 -0.323293124337908 -0.953757141955777 255 128 255 255 
-0.16023566915428 -0.330330266612301 -0.947503957231043 255 128 255 255 
-0.152376196061181 -0.31566546964935 -0.946907618509109 255 128 255 255 
-0.152745428254126 -0.328490926158572 -0.939848487606119 255 128 255 255 
-0.0977808211614681 -0.389681068320812 -0.807111928182814 255 128 255 255 
-0.110094967108507 -0.381153273402217 -0.821269934787601 255 128 255 255 
-0.093500909398585 -0.378082254946213 -0.815359073121875 255 128 255 255 
-0.149860776032364 -0.299851107695148 -0.950680060702725 255 128 255 255 
-0.140021302327433 -0.292358035532141 -0.941479862537722 255 128 255 255 
-0.145286907023136 -0.304519510624418 -0.943619546341401 255 128 255 255 
-0.140655502352434 -0.309611348917251 -0.934100091639303 255 128 255 255 
-0.167851170979472 -0.12160639111154 -0.93622155490697 255 128 255 255 
-0.169187130989701 -0.128559851707254 -0.938503056789007 255 128 255 255 
-0.17176606210469 -0.125856889752987 -0.938702904258996 255 128 255 255 
-0.0621775060334872 -0.385984256719863 -0.804568832100167 255 128 255 255 
-0.0750875861869715 -0.381806945693271 -0.807103859142138 255 128 255 255 
-0.0699427454612238 -0.376514983120553 -0.81041975543156 255 128 255 255 
-0.0786981682128226 -0.371481066915288 -0.815118641273636 255 128 255 255 
-0.0702568287638794 -0.371950752227441 -0.813497506651586 255 128 255 255 
-0.157756378035432 -0.636994356443395 0.423551833221348 255 128 255 255 
-0.155053189367742 -0.656586430410871 0.424439506389762 255 128 255 255 
-0.145007537533892 -0.647346050781233 0.419653165808895 255 128 255 255 
-0.127448846181501 -0.289365563348295 -0.92210079752715 255 128 255 255 
-0.092939707522781 -0.0149232664965621 -0.938747817721621 255 128 255 255 
-0.155636913335193 -0.841885131561518 -0.327066361023419 255 128 255 255 
-0.110464655242614 -0.79825330816138 -0.386829056838788 255 128 255 255 
-0.102741488105842 -0.839497511853883 -0.348543361001736 255 128 255 255 
-0.0932437937827384 -0.864595070556232 -0.325789495122981 255 128 255 255 
-0.196773270052643 -0.230237001742505 -0.981020065678945 255 128 255 255 
-0.193193277584245 -0.241889714918656 -0.980866138888004 255 128 255 255 
-0.196558927996548 -0.242662153209582 -0.981189875203497 255 128 255 255 
-0.200000000000041 -0.296792173325088 -0.980499059728184 255 128 255 255 
-0.189990680028733 -0.290260756483728 -0.978855561756082 255 128 255 255 
-0.194691981808041 -0.298830228127724 -0.979265397163519 255 128 255 255 
-0.2 -0.765773336447586 0.327348889642895 255 128 255 255 
-0.199999999999955 -0.773348364910149 0.323908247970003 255 128 255 255 
-0.193453753431175 -0.770931780115359 0.32820567787467 255 128 255 255 
-0.199999999999972 -0.780686448468831 0.320452528926281 255 128 255 255 
-0.0703210517868222 -0.362548542082126 -0.820172648671483 255 128 255 255 
-0.0687021498831324 -0.368097489786519 -0.816102690393157 255 128 255 255 
-0.199999999999999 -0.111715085298532 -0.949493289231778 255 128 255 255 
-0.200000000000027 -0.108826802381672 -0.947796139587138 255 128 255 255 
-0.194008383741709 -0.107943353914415 -0.944061480644991 255 128 255 255 
-0.184339848759376 -0.112246808830816 -0.940258644689747 255 128 255 255 
-0.188955175445289 -0.112644174733361 -0.943396418068919 255 128 255 255 
-0.188349917421141 -0.109243625975057 -0.941391004941375 255 128 255 255 
-0.192999426527946 -0.116863527373403 -0.94830856955342 255 128 255 255 
-0.17916267077943 -0.113750949124954 -0.938369889997827 255 128 255 255 
-0.182103036305969 -0.115488202779571 -0.94033270128494 255 128 255 255 
-0.130471122817805 -0.923069330089552 0.266109919107053 255 128 255 255 
-0.153069983446056 -0.929890743914473 0.250685030047803 255 128 255 255 
-0.136113471282741 -0.936879236910718 0.252129352431183 255 128 255 255 
-0.141507390899495 -0.94506590895168 0.241506055983039 255 128 255 255 
-0.118559268524445 -0.9476837807595 0.248263586201948 255 128 255 255 
-0.164648488012749 -0.942532274074426 0.231533270236653 255 128 255 255 
-0.200000000000036 -0.306354227515051 -0.979675194781922 255 128 255 255 
-0.195134987196354 -0.31270147060577 -0.977510205786211 255 128 255 255 
-0.200000000000037 -0.311238807534147 -0.97914341188305 255 128 255 255 
-0.200000000000003 -0.480221828784446 -0.722018274125845 255 128 255 255 
-0.18873683633783 -0.487473881085444 -0.710657362832936 255 128 255 255 
-0.200000000000015 -0.481619098498788 -0.719609176190983 255 128 255 255 
-0.2 -0.117227644141158 -0.952710991538354 255 128 255 255 
-0.199999999999994 -0.114602933765812 -0.951191168644745 255 128 255 255 
-0.189494587202341 -0.48018550745306 -0.721636220719837 255 128 255 255 
-0.199999999999998 -0.47824305033951 -0.725413647757333 255 128 255 255 
-0.199999999999987 -0.475513019041538 -0.730064435577158 255 128 255 255 
-0.127053429809931 -0.439277706716108 -0.764345939048429 255 128 255 255 
-0.117846421310371 -0.432462620320748 -0.770111702006969 255 128 255 255 
-0.188097168776271 -0.302954079152517 -0.976617841267039 255 128 255 255 
-0.189294640538292 -0.198004696155656 -0.976596543212802 255 128 255 255 
-0.20000000000001 -0.201810065108675 -0.98011028586343 255 128 255 255 
-0.200000000000015 -0.196126977362187 -0.979548687931629 255 128 255 255 
-0.199999999999918 -0.190456147942354 -0.978874620218024 255 128 255 255 
-0.192634779047915 -1.00125383175796 0.091962379105698 255 128 255 255 
-0.199999999999877 -0.995388095431663 0.0977585157788293 255 128 255 255 
-0.200000000000134 -0.997704855363189 0.0884364996894368 255 128 255 255 
-0.199999999999998 -0.999424662044525 0.0796049649880994 255 128 255 255 
-0.135487265357976 -0.289217301879703 0.195393280494607 255 128 255 255 
-0.113655743574205 -0.253625148896026 0.191672780311373 255 128 255 255 
-0.134613082064307 -0.248963012506784 0.187042360482402 255 128 255 255 
-0.160761728081772 -0.254137935365092 0.181605576572631 255 128 255 255 
-0.0841241559114307 -0.287415092626142 0.203363907372571 255 128 255 255 
-0.0854672981312881 -0.243176137831816 0.194746913025254 255 128 255 255 
-0.129921011112888 -0.198171603262095 0.185654257743124 255 128 255 255 
-0.05 -0.216329983318199 0.195975987112977 255 128 255 255 
-0.20000000000004 -0.29190621406663 -0.980758342229056 255 128 255 255 
-0.200000000000097 -0.169445843796806 -0.974728515334674 255 128 255 255 
-0.188053935780882 -0.171519201555009 -0.969280112828501 255 128 255 255 
-0.194314383267541 -0.182141040923102 -0.975536871697455 255 128 255 255 
-0.200000000000318 -0.183603554366559 -0.977904237140322 255 128 255 255 
-0.199999999999765 -0.684013414386334 0.430262627672319 255 128 255 255 
-0.200000000000316 -0.69082899124798 0.426966999793559 255 128 255 255 
-0.193267146842056 -0.68607238765305 0.428610467315526 255 128 255 255 
-0.192749906149212 -0.213782437928336 -0.979574667944886 255 128 255 255 
-0.199999999999979 -0.206568475558385 -0.980452506175287 255 128 255 255 
-0.195654362128812 -0.302443688836999 -0.97908413005743 255 128 255 255 
-0.194069741615615 -0.129637767167464 -0.956232240665311 255 128 255 255 
-0.2 -0.73719264389101 0.372940362589854 255 128 255 255 
-0.18947712980093 -0.736772487971436 0.379903150471148 255 128 255 255 
-0.2 -0.7339592837376 0.380429640382132 255 128 255 255 
-0.190114418133153 -0.73046178874494 0.390406386958352 255 128 255 255 
-0.194960197249973 -0.732969992372347 0.384936360207931 255 128 255 255 
-0.193439431373659 -0.629979930512869 0.433667522090611 255 128 255 255 
-0.199999999999996 -0.616526056486359 0.43170480820034 255 128 255 255 
-0.199999999999846 -0.621592487357729 0.433157797813593 255 128 255 255 
-0.194083362426872 -0.739595243681363 0.37139659916185 255 128 255 255 
-0.151910014835116 -0.899759329163292 -0.265449845325746 255 128 255 255 
-0.2 -0.862366936099115 -0.278460978068986 255 128 255 255 
-0.157944244990686 -0.873469519325035 -0.292601775486418 255 128 255 255 
-0.183510786412313 -0.0989779695155883 -0.936729904980144 255 128 255 255 
-0.175981009891228 -0.10673060641305 -0.936095065326388 255 128 255 255 
-0.184622597745079 -0.106719416163409 -0.93863401287408 255 128 255 255 
-0.2 -0.750378226384344 0.334381019394817 255 128 255 255 
-0.200000000000015 -0.758198307985128 0.330789531316019 255 128 255 255 
-0.192806264067073 -0.757912376622933 0.334520281211435 255 128 255 255 
-0.0935904690675556 -0.21872779222776 -0.902622788150432 255 128 255 255 
-0.113538867307751 -0.216422307025814 -0.916665083159475 255 128 255 255 
-0.100487094056791 -0.207082013675831 -0.909261053452911 255 128 255 255 
-0.106799846708577 -0.197240223069955 -0.914498939369804 255 128 255 255 
-0.0866260928712543 -0.196530455400093 -0.906030910849332 255 128 255 255 
-0.1228103373839 -0.19238819800966 -0.924598664621759 255 128 255 255 
-0.133983696745747 -0.207009224036357 -0.935902844835124 255 128 255 255 
-0.109175367170289 -0.174181078917869 -0.918577441003701 255 128 255 255 
-0.0886181456271057 -1.04679919746642 0.121909856040554 255 128 255 255 
-0.0747617382879965 -1.04685602842227 0.141103825132184 255 128 255 255 
-0.0902623260998715 -1.04152212334994 0.140677567866866 255 128 255 255 
-0.074195055196496 -0.004379482988678 -0.941554118867359 255 128 255 255 
-0.0666352436101659 -0.0242768453973759 -0.939004955426966 255 128 255 255 
-0.0837755791306165 -1.03840011652761 0.155413099934439 255 128 255 255 
-0.151809964778103 -0.34213972377702 -0.927150611652797 255 128 255 255 
-0.155921287178116 -0.353631919746047 -0.92166497580938 255 128 255 255 
-0.156724761783716 -0.346759416907144 -0.93036539348891 255 128 255 255 
-0.155612972879449 -0.339343278131965 -0.935759453264714 255 128 255 255 
-0.144992739809165 -0.328898623118649 -0.927825150050422 255 128 255 255 
-0.146859933129229 -0.341529139123412 -0.919270078388594 255 128 255 255 
-0.137579861377442 -0.333062094190272 -0.910164192042626 255 128 255 255 
-0.145865880521298 -0.348960472134277 -0.908537029641817 255 128 255 255 
-0.077966316401725 -0.287835727102202 -0.86826860547375 255 128 255 255 
-0.0648283987283513 -0.289430156282748 -0.86350127673586 255 128 255 255 
-0.0757442867319563 -0.294243000741976 -0.864205428473443 255 128 255 255 
-0.0734272685564748 -0.303008748216416 -0.858871588047995 255 128 255 255 
-0.0727849186378662 -0.279446461886529 -0.870631271962422 255 128 255 255 
-0.0864729761755236 -0.297373290466309 -0.867201197893554 255 128 255 255 
-0.0973860971672763 -0.302836301789615 -0.871239775380068 255 128 255 255 
-0.0944610412486099 -0.297120410591249 -0.872018436907603 255 128 255 255 
-0.0864303323083662 -0.276419942177353 -0.877630556722523 255 128 255 255 
-0.0909897224010991 -0.267157334814573 -0.883983484660631 255 128 255 255 
-0.0825209976108143 -0.269464565896598 -0.878642856801791 255 128 255 255 
-0.0796192889977172 -0.260996112905565 -0.881198889958813 255 128 255 255 
-0.0692657667244865 -0.253348443278569 -0.8811951312996 255 128 255 255 
-0.049999999999981 -0.254508872092557 -0.876771051315101 255 128 255 255 
-0.0763603752731101 -0.239403106839335 -0.88884000156452 255 128 255 255 
-0.0649732738761178 -0.243837327437792 -0.884047647636596 255 128 255 255 
-0.074998178903014 -0.246925686645112 -0.885438711702559 255 128 255 255 
-0.0790819311559949 -0.252450030881464 -0.884566365729507 255 128 255 255 
-0.0500000000000103 -0.243716389030432 -0.881197796678263 255 128 255 255 
-0.107506974976624 -0.309090202655692 -0.878429929142874 255 128 255 255 
-0.109418779304491 -0.295300262284949 -0.889069999858312 255 128 255 255 
-0.0999849958914974 -0.296719588063758 -0.87721776959591 255 128 255 255 
-0.096575867326072 -0.284943928658491 -0.880239456787771 255 128 255 255 
-0.0790908197575635 -0.507609093789881 0.320134413646695 255 128 255 255 
-0.0500000000000004 -0.51841132324873 0.321750300840463 255 128 255 255 
-0.0601276469716701 -0.507974249274945 0.31739531043887 255 128 255 255 
-0.0613304567393059 -0.499868909925328 0.313417735096321 255 128 255 255 
-0.0500000000000014 -0.489857020769677 0.308095031976474 255 128 255 255 
-0.0673405046325429 -0.487726082462191 0.307505965477674 255 128 255 255 
-0.0499999999999405 -0.505152572563663 0.315764263715639 255 128 255 255 
-0.0500000000000976 -0.472134319315921 0.298954470246718 255 128 255 255 
-0.134763118539069 -0.6846873001603 0.412664654181542 255 128 255 255 
-0.0499999999999766 -0.749734149371928 0.351167507174746 255 128 255 255 
-0.0499999999999965 -0.739641300101131 0.353228826100728 255 128 255 255 
-0.0645138808211512 -0.748812550769028 0.357619072402939 255 128 255 255 
-0.153449340618018 -0.701348988198236 0.412942937808687 255 128 255 255 
-0.145561500116165 -0.690638158115846 0.41510267565581 255 128 255 255 
-0.174367007073732 -0.129430355127528 -0.941321751147289 255 128 255 255 
-0.138392519164825 -0.710239506867819 0.403636900564433 255 128 255 255 
-0.0945300198087031 -0.275357500270596 -0.882845223260903 255 128 255 255 
-0.159773489455557 -0.315226515057405 -0.954609251005783 255 128 255 255 
-0.157395010240664 -0.306841027797338 -0.955793578905851 255 128 255 255 
-0.0978459139879509 -0.694353944625882 0.391933441205155 255 128 255 255 
-0.0952502915430029 -0.680751790239185 0.392668376012673 255 128 255 255 
-0.190200429717206 -0.380649341815537 -0.936074892708254 255 128 255 255 
-0.199999999999796 -0.577593720724692 0.411884237680055 255 128 255 255 
-0.200000000000029 -0.585690536748718 0.417178996645114 255 128 255 255 
-0.189648203158478 -0.576920629048378 0.408814922637384 255 128 255 255 
-0.177717089906541 -0.136950803403876 -0.948002154451837 255 128 255 255 
-0.199999999999771 -0.561835557559473 0.39996298786191 255 128 255 255 
-0.176480905640537 -0.566477715101677 0.396884831137479 255 128 255 255 
-0.188168944805633 -0.551184917692056 0.387753658252093 255 128 255 255 
-0.200000000000095 -0.554047237502764 0.393277629538984 255 128 255 255 
-0.180578272390536 -0.761090630535152 0.338817272766046 255 128 255 255 
-0.174504572006666 -0.765819475616421 0.33913223713734 255 128 255 255 
-0.174428251363147 -0.760724261692924 0.341721458791181 255 128 255 255 
-0.179415785612502 -0.753074782298228 0.347627295012758 255 128 255 255 
-0.182352849664777 -0.753147176481573 0.34321293325265 255 128 255 255 
-0.17813354698753 -0.754698815900728 0.34490943900834 255 128 255 255 
-0.179624941049649 -0.773048074160085 0.333439676835912 255 128 255 255 
-0.168677324989658 -0.770855259224912 0.339205999408931 255 128 255 255 
-0.165118840642361 -0.784363586468553 0.334106369986387 255 128 255 255 
-0.159066261813333 -0.771996207385868 0.342564648704314 255 128 255 255 
-0.149965180273456 -0.780338820938399 0.341717152957949 255 128 255 255 
-0.146404859138633 -0.766653000875741 0.350443723680402 255 128 255 255 
-0.166386734387072 -0.759046490565513 0.347374691703784 255 128 255 255 
-0.16918260336342 -0.763480655562058 0.34269341279425 255 128 255 255 
-0.164884634027961 -0.76304878729795 0.344859638122688 255 128 255 255 
-0.148239067898551 -0.793583805451786 0.335935449593951 255 128 255 255 
-0.130838874066546 -0.785108757911102 0.345150015313051 255 128 255 255 
-0.161335825177999 -0.806860410431325 0.324699901281379 255 128 255 255 
-0.163919683293847 -0.129601747823657 -0.936824809687133 255 128 255 255 
-0.168062408506741 -0.1354004919702 -0.940190186677803 255 128 255 255 
-0.1466880579213 -0.127165492274069 -0.931184518377798 255 128 255 255 
-0.15618504378627 -0.136636060233084 -0.93581923988968 255 128 255 255 
-0.158095040491626 -0.125641030047691 -0.934002054681963 255 128 255 255 
-0.1349637149268 -0.11369772261944 -0.928169870359131 255 128 255 255 
-0.124749088563651 -0.131384496396259 -0.925908586982459 255 128 255 255 
-0.136326205487131 -0.12927286913494 -0.928597579270789 255 128 255 255 
-0.138578332805662 -0.144779799645303 -0.930417548067923 255 128 255 255 
-0.200000000000148 -0.73968966240778 0.365430832928219 255 128 255 255 
-0.163974954751756 -0.143873649713828 -0.940796284250002 255 128 255 255 
-0.15438299704866 -0.14945140052802 -0.938038541416317 255 128 255 255 
-0.162534847289265 -0.151133691679487 -0.94235061587321 255 128 255 255 
-0.171277560506288 -0.758849674420417 0.344158249119451 255 128 255 255 
-0.174116992084422 -0.757967278830678 0.343332391584503 255 128 255 255 
-0.200000000000307 -0.72445895066736 0.396298450462088 255 128 255 255 
-0.200000000000446 -0.729640181807522 0.388417247608272 255 128 255 255 
-0.195158223460488 -0.726771629466917 0.394377729845009 255 128 255 255 
-0.190317959774205 -0.721686673617134 0.401658788678227 255 128 255 255 
-0.199999999999942 -0.460142091863212 -0.758775062532582 255 128 255 255 
-0.174215262374206 -0.46021441867032 -0.749202430010056 255 128 255 255 
-0.200000000000153 -0.465402157242106 -0.748328291498086 255 128 255 255 
-0.14831442669869 -1.021022847897 -0.046452302875007 255 128 255 255 
-0.171496985316618 -1.01088089399992 -0.0474134787299027 255 128 255 255 
-0.1465285740192 -1.01741141595093 -0.0641630800871062 255 128 255 255 
-0.182599402604122 -0.473469048616404 -0.731094452853216 255 128 255 255 
-0.199999999999999 -0.47281186200009 -0.734732282719905 255 128 255 255 
-0.188733819100765 -0.752797385837849 0.339030994275022 255 128 255 255 
-0.184360844442879 -0.756276776285439 0.339404211877929 255 128 255 255 
-0.186614734692116 -0.758480980689923 0.337256850192648 255 128 255 255 
-0.186601408302869 -0.764334634221422 0.334526248791759 255 128 255 255 
-0.0628894624542628 -0.672874666794825 0.370543572651164 255 128 255 255 
-0.0766537123239404 -0.659700043458178 0.380405087308283 255 128 255 255 
-0.0779257097806411 -0.676618777430569 0.381402066303678 255 128 255 255 
-0.176750937617992 -0.729204475403251 0.393792011487303 255 128 255 255 
-0.153246337552338 -0.166977604682269 -0.94161297736461 255 128 255 255 
-0.165447515144204 -0.164255246812149 -0.95053387666141 255 128 255 255 
-0.160660709416433 -0.157868595768086 -0.943793704565795 255 128 255 255 
-0.190687526536337 -0.0647453736026862 -0.932516918726269 255 128 255 255 
-0.18938353335971 -0.0870739592275807 -0.935836349315157 255 128 255 255 
-0.199999999999954 -0.0797059177275681 -0.93633091576503 255 128 255 255 
-0.0584446052688891 -0.666224806659242 0.367033106569167 255 128 255 255 
-0.0538398605258758 -0.671168867354203 0.363565107261707 255 128 255 255 
-0.0930372862800054 -0.292254564227452 -0.873706346083776 255 128 255 255 
-0.0869057271468482 -0.286446466680978 -0.873121008193413 255 128 255 255 
-0.17686767853568 -0.720388365378214 0.403287256754128 255 128 255 255 
-0.169755794621205 -0.723776527824017 0.399566414743812 255 128 255 255 
-0.161780221359744 -0.727525075675252 0.395318030069601 255 128 255 255 
-0.110599322455742 -1.03977425438246 0.107816645390286 255 128 255 255 
-0.105400519452005 -1.03800922327468 0.12884142068666 255 128 255 255 
-0.123420117567978 -1.02796835520027 0.129947994451272 255 128 255 255 
-0.174712794835915 -0.119259521424372 -0.938057872862851 255 128 255 255 
-0.176805173115863 -0.116945102495908 -0.938261855304578 255 128 255 255 
-0.185049708535666 -0.116901677192033 -0.943008122232326 255 128 255 255 
-0.167227762164559 -0.147641583762087 -0.944284774451712 255 128 255 255 
-0.168313107817161 -0.14461653583501 -0.943748441340628 255 128 255 255 
-0.0582357198006621 -0.614032841677142 0.359375375051836 255 128 255 255 
-0.0499999999999987 -0.62363428349161 0.356307717143191 255 128 255 255 
-0.0500000000000036 -0.620012444315093 0.355677806007663 255 128 255 255 
-0.159728645528787 -0.181116680172724 -0.95243089000838 255 128 255 255 
-0.16994134494773 -0.16916906700328 -0.95648426324479 255 128 255 255 
-0.200000000000008 -0.0716610089792848 -0.934730204821334 255 128 255 255 
-0.0790039933791617 -0.275882179362044 -0.874285731266581 255 128 255 255 
-0.0807098585765195 -0.28111126595819 -0.87258790068523 255 128 255 255 
-0.177085121309927 -0.75697437541459 0.342506745136001 255 128 255 255 
-0.106551626951454 -0.14364629251706 -0.921560190400627 255 128 255 255 
-0.123328630998308 -0.143836339506059 -0.925142536193182 255 128 255 255 
-0.122729555110656 -0.155541569909042 -0.924894508348189 255 128 255 255 
-0.135486600306225 -0.171212575448148 -0.931411821090366 255 128 255 255 
-0.167938345331778 -0.112160609771198 -0.934560051813733 255 128 255 255 
-0.17374025481888 -0.115134700278965 -0.93690066267992 255 128 255 255 
-0.166042685768403 -0.104458949512616 -0.932975004442955 255 128 255 255 
-0.155755312642292 -0.112695589031576 -0.931629058433145 255 128 255 255 
-0.171620732796393 -0.0925317763958194 -0.932830749707278 255 128 255 255 
-0.15870042990473 -0.0978796941168841 -0.930940512591029 255 128 255 255 
-0.153740181775913 -0.0815255442530299 -0.930079993401417 255 128 255 255 
-0.145976194244274 -0.0980276500256635 -0.92951058217755 255 128 255 255 
-0.12669899523843 -0.0842546477120582 -0.929440523773 255 128 255 255 
-0.187599451758471 -1.01068489552499 0.0145869348842494 255 128 255 255 
-0.199999999999993 -1.00412979000582 0.023382932873864 255 128 255 255 
-0.199999999999826 -1.00387591388037 0.0150507214646914 255 128 255 255 
-0.154108610137197 -0.689938672092438 0.418359621671559 255 128 255 255 
-0.162398779642641 -0.691447061371674 0.420146075614585 255 128 255 255 
-0.188719123421569 -0.102960679125412 -0.939043985206638 255 128 255 255 
-0.189482289755868 -0.10641557694762 -0.940698462963045 255 128 255 255 
-0.200000000000093 -0.569753975788139 0.406221074667141 255 128 255 255 
-0.200000000000005 -0.539380499771583 0.379414591544025 255 128 255 255 
-0.179324255398007 -0.537477358884343 0.372393873160299 255 128 255 255 
-0.200000000000008 -0.532200362818958 0.372579234960094 255 128 255 255 
-0.200000000000014 -0.546699005450813 0.386361768170441 255 128 255 255 
-0.2 -0.705534661132156 0.417284471499203 255 128 255 255 
-0.187257596658562 -0.696666317880604 0.422466036958404 255 128 255 255 
-0.2 -0.698382351956425 0.422457897161344 255 128 255 255 
-0.190700667673571 -0.971508576646598 0.171085235397838 255 128 255 255 
-0.200000000000079 -0.960411318838463 0.17953287266756 255 128 255 255 
-0.200000000000093 -0.965492799503416 0.171336761150993 255 128 255 255 
-0.191761124368484 -0.863704923807306 0.279689186389254 255 128 255 255 
-0.200000000000007 -0.859072834863485 0.278017606793416 255 128 255 255 
-0.199999999999962 -0.867832303447287 0.27248280449711 255 128 255 255 
-0.200000000000056 -0.87627572555016 0.266721975189656 255 128 255 255 
-0.2 -0.712344163656064 0.410973086290456 255 128 255 255 
-0.18968133613126 -0.712579235652896 0.410915995797741 255 128 255 255 
-0.154756531514193 -0.157287463519574 -0.940002518369519 255 128 255 255 
-0.15813473490009 -0.153990046608635 -0.940900149438646 255 128 255 255 
-0.195808345620632 -0.848213619348719 0.286786684316887 255 128 255 255 
-0.199999999999979 -0.840789239733521 0.288675033473213 255 128 255 255 
-0.199999999999888 -0.850089805025632 0.283454325871979 255 128 255 255 
-0.19999999999998 -0.831284464230237 0.293967490147959 255 128 255 255 
-0.191947093020685 -0.99474896848017 0.116784486924315 255 128 255 255 
-0.2000000000001 -0.9924430272653 0.108527323363595 255 128 255 255 
-0.18126881370241 -0.947256718808909 -0.184078680857494 255 128 255 255 
-0.2 -0.947889635836364 -0.164775069815649 255 128 255 255 
-0.2 -0.938934599477166 -0.179369436715505 255 128 255 255 
-0.2 -0.929595046761614 -0.193697982511018 255 128 255 255 
-0.199999999999999 -0.378208974747647 -0.952661296020534 255 128 255 255 
-0.194397231686679 -0.377069406296875 -0.946373298016374 255 128 255 255 
-0.0500000000000115 -0.360812106359074 -0.821627968408038 255 128 255 255 
-0.0605578137094776 -0.362926388272608 -0.819377169900329 255 128 255 255 
-0.0563587399658309 -0.356913186531095 -0.823271255376391 255 128 255 255 
-0.0500000000000091 -0.352746844687929 -0.826150891622024 255 128 255 255 
-0.193250167085691 -0.675699420687601 0.432410480976021 255 128 255 255 
-0.199999999999913 -0.677637908690826 0.432626298841011 255 128 255 255 
-0.165961783590895 -0.330885245427488 -0.952714308900781 255 128 255 255 
-0.167898656728205 -0.337216934375468 -0.95075755015272 255 128 255 255 
-0.0974416023522333 -0.265284324594092 -0.889658580994725 255 128 255 255 
-0.103713777096139 -0.252839980918186 -0.900073720680277 255 128 255 255 
-0.094021234479067 -0.258048064785205 -0.889871442942156 255 128 255 255 
-0.085540509252731 -0.383532333837735 -0.807487334603317 255 128 255 255 
-0.0950879452665745 -0.365192541039833 -0.826540266941272 255 128 255 255 
-0.0792033591881334 -0.392645797199469 -0.79988827666578 255 128 255 255 
-0.0636028026019622 -0.372345573246059 -0.813232708156197 255 128 255 255 
-0.170066905306696 -0.141362119626482 -0.943679876617476 255 128 255 255 
-0.17150597742923 -0.145133383998382 -0.946769979241632 255 128 255 255 
-0.185433957636 -0.14329354177559 -0.957070165183789 255 128 255 255 
-0.199999999999964 -0.146096337895896 -0.966592163543889 255 128 255 255 
-0.2 -0.746357605402112 0.336310135392064 255 128 255 255 
-0.197803356525471 -0.747566456974107 0.336863477845963 255 128 255 255 
-0.198928215069495 -0.745626618861993 0.33723300510274 255 128 255 255 
-0.194746634448831 -0.74716005442515 0.340093234682392 255 128 255 255 
-0.200000000000004 -0.744088235890865 0.341824536637753 255 128 255 255 
-0.197716392581033 -0.74570117315538 0.338759844809916 255 128 255 255 
-0.188406840372313 -0.749784180673093 0.344027157174099 255 128 255 255 
-0.193515719421978 -0.746889842543133 0.344874000608255 255 128 255 255 
-0.191266778630287 -0.74885240896219 0.341325342496048 255 128 255 255 
-0.191958377170585 -0.749499673253176 0.338962722445903 255 128 255 255 
-0.194479274351331 -0.750319326960293 0.337249704025698 255 128 255 255 
-0.195981235111528 -0.747494282781637 0.3378475270176 255 128 255 255 
-0.200000000000036 -0.742962839576063 0.34985081256375 255 128 255 255 
-0.2 -0.365633325219508 -0.963255594790559 255 128 255 255 
-0.197444461048668 -0.367793363175433 -0.959540838879314 255 128 255 255 
-0.199999999999802 -0.369081961474537 -0.96096196402112 255 128 255 255 
-0.186847278817034 -0.748387505758494 0.351856731717953 255 128 255 255 
-0.122692912739438 -0.32095271477003 -0.892413336388703 255 128 255 255 
-0.136277200783673 -0.34288927404035 -0.896312373609875 255 128 255 255 
-0.0585035637091892 -0.147787343172862 -0.914510604596336 255 128 255 255 
-0.0765073525415172 -0.124200366051285 -0.921926095148236 255 128 255 255 
-0.0500000000000094 -0.117115305882154 -0.921306930927485 255 128 255 255 
-0.0499999999999846 -0.713855410526199 0.357667378956349 255 128 255 255 
-0.0499999999999894 -0.706983150586804 0.358494534436629 255 128 255 255 
-0.0540079672864377 -0.705377957724648 0.361517554220548 255 128 255 255 
-0.133311024210831 -0.810229233758186 0.331928871154712 255 128 255 255 
-0.120289464468732 -0.30149724534391 -0.902579746232292 255 128 255 255 
-0.116539390834561 -0.306353153049515 -0.893103562880368 255 128 255 255 
-0.188216917650954 -0.793782985649014 0.319708990365299 255 128 255 255 
-0.200000000000073 -0.139412628083636 -0.963992039838992 255 128 255 255 
-0.0500000000000225 -1.00777435428102 0.208457641036964 255 128 255 255 
-0.050000000000033 -1.0020634212446 0.213172308720822 255 128 255 255 
-0.0567167764689165 -0.991116568982881 0.220586694842931 255 128 255 255 
-0.200000000000016 -0.49094410472086 -0.704985058342682 255 128 255 255 
-0.199999999999999 -0.486677864981339 -0.711582065581998 255 128 255 255 
-0.198187479219877 -0.499516861013728 -0.691709243456858 255 128 255 255 
-0.0641682320289844 -0.693517887694602 0.370234412209383 255 128 255 255 
-0.0667762076359145 -0.690109225475127 0.372430591972561 255 128 255 255 
-0.0761851320854526 -0.695693243780031 0.378384427412863 255 128 255 255 
-0.058568057136188 -0.686770087127313 0.366732609673927 255 128 255 255 
-0.0627418049272596 -0.699646650348454 0.368435326236583 255 128 255 255 
-0.0565517813799223 -0.695321527238424 0.364577573660812 255 128 255 255 
-0.118504255731591 -1.03436907860365 -0.032112165282622 255 128 255 255 
-0.126210801074924 -1.03445673792299 -0.0161861402570322 255 128 255 255 
-0.134841588162424 -1.03086122155267 -0.0208990334902466 255 128 255 255 
-0.136431435694068 -1.03256779193086 0.0015641864483314 255 128 255 255 
-0.147104619150885 -0.178323004678535 -0.940344326680417 255 128 255 255 
-0.0935227728575072 -0.801993367584781 0.342396654238092 255 128 255 255 
-0.113133483834903 -0.79889149089443 0.341835450802931 255 128 255 255 
-0.107572414505367 -0.815681514191315 0.334650015484071 255 128 255 255 
-0.142097850481533 -0.379850769675955 -0.854157471583127 255 128 255 255 
-0.137235686645302 -0.367392575776036 -0.864943454380757 255 128 255 255 
-0.132574490556973 -0.370239536033841 -0.854379032305429 255 128 255 255 
-0.115795199672497 -0.36954141230934 -0.836710379320157 255 128 255 255 
-0.122705163339398 -0.360108354882522 -0.85353481274584 255 128 255 255 
-0.10402763086859 -0.352770534993007 -0.842153532032454 255 128 255 255 
-0.128721573731056 -0.373875934097789 -0.844843270948605 255 128 255 255 
-0.122053883800799 -0.88536604966925 -0.295202315810112 255 128 255 255 
-0.191980986991705 -0.230364255061462 -0.980368752388186 255 128 255 255 
-0.200000000000033 -0.215541148571529 -0.980915538071307 255 128 255 255 
-0.194201830582976 -0.266360079992566 -0.980918470575532 255 128 255 255 
-0.192791099766896 -0.251539703529812 -0.980872404981528 255 128 255 255 
-0.186581500596107 -0.249237991033184 -0.97974757063003 255 128 255 255 
-0.200000000000018 -0.415104332842061 -0.882002035636035 255 128 255 255 
-0.2 -0.411907614208363 -0.893010537245246 255 128 255 255 
-0.0896450543016111 -0.492664726088692 -0.720480813129203 255 128 255 255 
-0.174430153029623 -0.314473218029202 -0.96582880858151 255 128 255 255 
-0.178552824116777 -0.314822698869663 -0.968587149513147 255 128 255 255 
-0.174171780196921 -0.306349377243661 -0.968352811066441 255 128 255 255 
-0.0961504876197688 -0.468213316893325 0.298607378065427 255 128 255 255 
-0.0597016866278853 -0.643261862589241 0.36607153526966 255 128 255 255 
-0.062685887506699 -0.647090040945222 0.368748924012634 255 128 255 255 
-0.0593682099081297 -0.648756325281121 0.366583319647117 255 128 255 255 
-0.108412779652112 -0.113078864162187 -0.92572377377551 255 128 255 255 
-0.122532868464549 -1.01124067122846 0.167040669223703 255 128 255 255 
-0.122508034173846 -1.02181528304292 0.147624049568188 255 128 255 255 
-0.10494286348903 -1.03164994757314 0.148452364917852 255 128 255 255 
-0.163336786641812 -0.717427264108368 0.404496291507348 255 128 255 255 
-0.0975156705051616 -1.0400040497247 0.135147028012598 255 128 255 255 
-0.184309148766154 -0.185828038607653 -0.971374432739165 255 128 255 255 
-0.165540817665726 -0.487197726536682 -0.711216517599706 255 128 255 255 
-0.182660829557671 -0.231125957271489 -0.978044990196285 255 128 255 255 
-0.14429617687077 -0.73651649420518 0.385099935729039 255 128 255 255 
-0.146678476749371 -0.747679298678148 0.372967477073889 255 128 255 255 
-0.134878261639658 -0.742118246634213 0.37881087135842 255 128 255 255 
-0.186727887097667 -0.706292597800515 0.416036692049744 255 128 255 255 
-0.2 -0.358396217276344 -0.967117095375536 255 128 255 255 
-0.192466248181879 -0.361025137981581 -0.959299994465878 255 128 255 255 
-0.114341625063481 -1.03868638875763 -0.0128164094227821 255 128 255 255 
-0.152021613977373 -0.679148415002976 0.420800596334906 255 128 255 255 
-0.200000000000075 -1.00395571254888 0.0391971825618509 255 128 255 255 
-0.195217148064058 -1.00587990768668 0.0543818629611793 255 128 255 255 
-0.199999999999916 -1.00363863940096 0.0469520284621098 255 128 255 255 
-0.199999999999553 -1.00319221457465 0.054699917096694 255 128 255 255 
-0.193478843386364 -1.00780148367866 0.0356456481741528 255 128 255 255 
-0.17679112726025 -1.01584892889674 0.050987330928313 255 128 255 255 
-0.189775266841024 -1.00624938217448 0.0738292571412562 255 128 255 255 
-0.0843805319720457 -0.75917272273221 0.359877145426474 255 128 255 255 
-0.0933869835989225 -0.309629132118269 -0.864424664186961 255 128 255 255 
-0.139811662998602 -0.760394258093876 0.358721710471073 255 128 255 255 
-0.14632262439263 -0.759906646545111 0.357412016751485 255 128 255 255 
-0.101856144360231 -0.234406231288486 -0.903766992280638 255 128 255 255 
-0.115706417161434 -0.242967137640472 -0.916185830282247 255 128 255 255 
-0.135794754321753 -0.188528001508165 -0.933707416747574 255 128 255 255 
-0.140955702096876 -0.181925383003572 -0.936504782965439 255 128 255 255 
-0.129156675177733 -0.961415837775012 -0.197167496936118 255 128 255 255 
-0.111964765091721 -0.952345952617002 -0.216977235809478 255 128 255 255 
-0.0972744228209177 -0.97160718977876 -0.194772210848742 255 128 255 255 
-0.0829686995245986 -0.953930643983072 -0.223243525785004 255 128 255 255 
-0.0708313702559152 -0.974941698207644 -0.196453830909384 255 128 255 255 
-0.0787057129310247 -0.986371853042383 -0.176661799794394 255 128 255 255 
-0.111856887085505 -0.980750606834488 -0.175162503473954 255 128 255 255 
-0.200000000000073 -0.128121969612532 -0.95881232826737 255 128 255 255 
-0.20000000000006 -0.123493365709654 -0.956328174982562 255 128 255 255 
-0.200000000000199 -0.599196526740221 0.424920347402323 255 128 255 255 
-0.186048789017835 -0.596000664390593 0.419613675264777 255 128 255 255 
-0.19999999999982 -0.592853087094441 0.421456586941435 255 128 255 255 
-0.123951579889668 -0.380283515981845 -0.832514066264522 255 128 255 255 
-0.0627394371969188 -0.309047188744939 -0.852711454217957 255 128 255 255 
-0.0709028043938268 -0.313602332005214 -0.852271554576617 255 128 255 255 
-0.0831246002231887 -0.314799598586701 -0.855925506200872 255 128 255 255 
-0.0585334977466467 -0.301108461410276 -0.856177525499213 255 128 255 255 
-0.0500000000000183 -0.293975267225622 -0.858463333058817 255 128 255 255 
-0.0500000000000045 -0.284806087118082 -0.862878722268321 255 128 255 255 
-0.0500000000000084 -0.275659940247714 -0.867342043599927 255 128 255 255 
-0.173401917378979 -0.973637431023924 0.184363121160793 255 128 255 255 
-0.187314681056187 -0.962993441917347 0.188199689783988 255 128 255 255 
-0.176034502938637 -0.977899936686537 0.174818354029673 255 128 255 255 
-0.146293511480798 -0.755912733126073 0.362653762792606 255 128 255 255 
-0.165849008866498 -0.981300128478246 0.178324640920232 255 128 255 255 
-0.163818805374502 -0.976199828549827 0.188280608824336 255 128 255 255 
-0.152782841442442 -0.75832020359526 0.35715004353428 255 128 255 255 
-0.155890549814143 -0.916301115595997 -0.242891997169513 255 128 255 255 
-0.143703084871992 -0.929477254351651 -0.233144724843484 255 128 255 255 
-0.156974160609488 -0.926453573551173 -0.22994874351159 255 128 255 255 
-0.17979018950964 -0.982605357455306 0.162352187884234 255 128 255 255 
-0.13428538206722 -0.452134864320913 -0.751290256608228 255 128 255 255 
-0.15057435567643 -0.444019856774061 -0.764614245473525 255 128 255 255 
-0.133562798345966 -0.432071034751886 -0.774867703258122 255 128 255 255 
-0.170338507718317 -0.270462304419246 -0.972580580021849 255 128 255 255 
-0.159201763201131 -0.277254588368579 -0.964099923739211 255 128 255 255 
-0.168026431739491 -0.285565726752432 -0.968989926607552 255 128 255 255 
-0.0812318295696262 -0.0814760191598016 -0.929650419324603 255 128 255 255 
-0.050000000000004 -1.01336510932089 0.203600941456881 255 128 255 255 
-0.0660946266054557 -1.0048581762376 0.207413498575567 255 128 255 255 
-0.199999999999998 -0.105419522303269 -0.94593417718443 255 128 255 255 
-0.20000000000002 -0.33543776921525 -0.975081081154025 255 128 255 255 
-0.200000000000098 -0.328735675620971 -0.976479589085106 255 128 255 255 
-0.194514985035352 -0.324615579577985 -0.975042378497068 255 128 255 255 
-0.158335554659598 -0.99354062955107 0.163466962244132 255 128 255 255 
-0.15758448128426 -0.984518712367816 0.180151826191537 255 128 255 255 
-0.0711722955441784 -0.639827914505502 0.373792125597839 255 128 255 255 
-0.0626317898226181 -0.997584890274336 -0.161163673701005 255 128 255 255 
-0.0890473767312307 -0.997754390215544 -0.154113741520899 255 128 255 255 
-0.0745022615091664 -0.323084880178 -0.847659605271403 255 128 255 255 
-0.0861719186142879 -0.326216839383824 -0.850468482497723 255 128 255 255 
-0.0977785385432378 -0.323906993628079 -0.858938790066783 255 128 255 255 
-0.0499999999999921 -0.543802893020567 0.333178601547762 255 128 255 255 
-0.0673307356174179 -0.533657035556008 0.331384735826103 255 128 255 255 
-0.0667419853781234 -0.556223365885589 0.34257000825665 255 128 255 255 
-0.186382433939105 -0.912000194809603 -0.229040216901549 255 128 255 255 
-0.188275828739524 -0.896543768513501 -0.247211129454598 255 128 255 255 
-0.171506577710121 -0.917661772365768 -0.232310625207327 255 128 255 255 
-0.0914110913965907 -0.918798648062204 0.279642055968577 255 128 255 255 
-0.0766700786225908 -0.939036505259927 0.265385810116526 255 128 255 255 
-0.0596203349897268 -0.933225719537002 0.271449503704974 255 128 255 255 
-0.0499999999999899 -0.56294229786945 -0.666233103744023 255 128 255 255 
-0.0499999999999739 -0.573952048916769 -0.654582158296701 255 128 255 255 
-0.0746922580418056 -0.571353939331968 -0.648760803843445 255 128 255 255 
-0.121152447329832 -1.35525271560688E-20 0.205509821730103 255 128 255 255 
-0.146861375162387 0 0.199871188521491 255 128 255 255 
-0.0968227555361588 -0.0663536374491744 0.201270353133324 255 128 255 255 
-0.0983339332816351 0 0.209082733420187 255 128 255 255 
-0.122839586748345 -0.501468260784395 0.326788847364015 255 128 255 255 
-0.106755612167999 -0.541003053096999 0.34898670382717 255 128 255 255 
-0.0822437755031813 -0.577594503770387 0.359567720432092 255 128 255 255 
-0.19999999999998 -0.560954075139334 -0.607061357618044 255 128 255 255 
-0.160560926554524 -0.632648576298472 -0.542174060075274 255 128 255 255 
-0.200000000000104 -0.582374338194084 -0.579168628465254 255 128 255 255 
-0.168641326329477 -0.308364781124347 0.194791136066821 255 128 255 255 
-0.170528923218197 -0.285245834729079 0.186211809991083 255 128 255 255 
-0.18784052154912 -0.296825749467896 0.184962552647845 255 128 255 255 
-0.199999999999996 -0.315936818851752 0.188326966965997 255 128 255 255 
-0.140121734556352 -0.0705095065283759 0.193617779255799 255 128 255 255 
-0.195121640344939 -0.693126927876106 0.42544108076998 255 128 255 255 
-0.182423871844503 -0.266469776337656 -0.978371944664827 255 128 255 255 
-0.176793569520476 -0.256589877567559 -0.976598755533079 255 128 255 255 
-0.177538506536394 -0.267535018242233 -0.976493049682869 255 128 255 255 
-0.170948075321437 -0.699354948084358 0.418307448798973 255 128 255 255 
-0.102496854194983 -0.315347851746162 -0.868500822452247 255 128 255 255 
-0.100394010328961 -0.30910596018773 -0.870446036510244 255 128 255 255 
-0.0499999999999943 -0.688360840695056 -0.519443835611865 255 128 255 255 
-0.0911885270328416 -0.660273382183587 -0.541043467562692 255 128 255 255 
-0.0499999999999779 -0.669406072442595 -0.541355085707501 255 128 255 255 
-0.0890379118632459 -0.701211862828687 -0.495902438062206 255 128 255 255 
-0.183618577344261 -0.716755606759687 0.407031601829046 255 128 255 255 
-0.179148705527818 -0.704092962007589 0.416770766595535 255 128 255 255 
-0.150079150251709 -0.354025579001869 0.220952000965084 255 128 255 255 
-0.05 -0.342800679274218 0.226708442824014 255 128 255 255 
-0.10488472735376 -0.318454277504485 0.211363306803975 255 128 255 255 
-0.177030412726217 -0.740610862162854 0.377412460116802 255 128 255 255 
-0.163202585232491 -0.737614229174971 0.384138280186215 255 128 255 255 
-0.178099798716082 -0.735777965233271 0.384963689387601 255 128 255 255 
-0.186477292592667 -0.743298554068802 0.366775762141125 255 128 255 255 
-0.16730966745057 -0.74735167533639 0.369069706577205 255 128 255 255 
-0.166209884453528 -0.707794267671911 0.412138535405388 255 128 255 255 
-0.158658907340456 -0.70998750811391 0.409118150501888 255 128 255 255 
-0.151630197455503 -0.71278069293419 0.405790735571311 255 128 255 255 
-0.0851310499573935 -1.02989821428143 0.170018637189248 255 128 255 255 
-0.0737791478430147 -1.03651177748401 0.165868601353362 255 128 255 255 
-0.0742080097805839 -1.03267870748492 0.172292098861568 255 128 255 255 
-0.0742645125423323 -1.02747573471437 0.180049268033137 255 128 255 255 
-0.093787249568441 -1.03153265604318 0.160451889072342 255 128 255 255 
-0.100579655440653 -1.02433988378956 0.166972392494819 255 128 255 255 
-0.0943213549848253 -1.01347228072499 0.186477199075128 255 128 255 255 
-0.173664485747174 -0.188650662354497 -0.965500136707899 255 128 255 255 
-0.180511266841376 -0.193837807077612 -0.971399204401546 255 128 255 255 
-0.157441672022771 -0.255370170321805 -0.964473108860896 255 128 255 255 
-0.149934926667339 -0.241954299320267 -0.958204173479088 255 128 255 255 
-0.157422767467795 -0.233665049241042 -0.963665065283793 255 128 255 255 
-0.144298593645591 -0.723462115156474 0.39631152907947 255 128 255 255 
-0.153448561824248 -0.73147282351751 0.390695402678486 255 128 255 255 
-0.123505456631473 -0.733705760001455 0.384049900860022 255 128 255 255 
-0.0633265226925626 4.2351647362715E-22 -0.942736989977711 255 128 255 255 
-0.0585724672630524 0 -0.942936539037715 255 128 255 255 
-0.128184021607557 -0.721473336939745 0.393764027781089 255 128 255 255 
-0.133926707323622 -0.717176558825282 0.398201889360957 255 128 255 255 
-0.185538948709205 -0.681621890577088 0.42922144938912 255 128 255 255 
-0.18527927214947 -0.687839020745642 0.426796981864676 255 128 255 255 
-0.146615212664917 -0.667031950707597 0.420581910397581 255 128 255 255 
-0.190371717671323 -0.0978466971949586 -0.938247329978529 255 128 255 255 
-0.18866669883974 -0.349622360326104 -0.962696212543492 255 128 255 255 
-0.188055716828115 -0.335804682947094 -0.968206585829719 255 128 255 255 
-0.181755453068107 -0.342217559054064 -0.959885754625757 255 128 255 255 
-0.175397965048027 -0.753291172346922 0.351861909239192 255 128 255 255 
-0.174412969742294 -0.75597764782924 0.346341312997247 255 128 255 255 
-0.170334675442154 -0.756221646721413 0.349730559056587 255 128 255 255 
-0.196351028109328 -0.100981856285615 -0.941727810258584 255 128 255 255 
-0.194015218781618 -0.096166899431534 -0.938898438967283 255 128 255 255 
-0.193436928819592 -0.0993459999124437 -0.939694976901888 255 128 255 255 
-0.159857585893175 -0.763496852005757 0.346789877080784 255 128 255 255 
-0.157065238527349 -0.760259516801624 0.351918928331938 255 128 255 255 
-0.161964032082303 -0.759317991076006 0.350354388589976 255 128 255 255 
-0.166850375724986 -0.678127334474454 0.42588761883452 255 128 255 255 
-0.175197648849959 -0.686559635600271 0.425329491177097 255 128 255 255 
-0.0620109045658981 -1.05662753335856 0.10536287219513 255 128 255 255 
-0.0637494150333861 -1.05357652971474 0.125990679832106 255 128 255 255 
-0.0742606193108314 -1.05289172973706 0.112886391045972 255 128 255 255 
-0.152401122485701 -0.0170027972861474 -0.933314960132269 255 128 255 255 
-0.157782394257242 -5.0821976835258E-21 -0.933755663003776 255 128 255 255 
-0.182246236826643 -0.310683854144745 -0.972162835838366 255 128 255 255 
-0.180559099450114 -0.304969752509195 -0.972705816298042 255 128 255 255 
-0.178330747851604 -0.299625212375742 -0.972586202708687 255 128 255 255 
-0.2 -0.09504800280123 -0.940569582274591 255 128 255 255 
-0.192488366316645 -0.102430969024756 -0.940414656107528 255 128 255 255 
-0.108044509082075 -0.934509993991323 0.263415254216652 255 128 255 255 
-0.0911022553961737 -0.946145815974464 0.257046256009211 255 128 255 255 
-0.0874158774248887 -0.999025204507492 0.205125936145938 255 128 255 255 
-0.079102172543304 -1.00967661268131 0.198421789687222 255 128 255 255 
-0.067924404724432 -1.01945374064132 0.192883580428674 255 128 255 255 
-0.0703928676426823 -0.787894973823886 0.346733913897009 255 128 255 255 
-0.0795811792469347 -0.773529319461934 0.353452852004305 255 128 255 255 
-0.121198661414661 -0.533870786191856 -0.672322623196435 255 128 255 255 
-0.123333289037033 -0.587999855610429 -0.61208661685119 255 128 255 255 
-0.077690646193015 -0.599746381401958 -0.616426292701465 255 128 255 255 
-0.103504644607044 -0.622864757466378 -0.579857612978422 255 128 255 255 
-0.0499999999999818 -0.637565311652062 -0.579788216210996 255 128 255 255 
-0.049999999999995 -0.652330856628895 -0.561866385443412 255 128 255 255 
-0.0636665071191155 -0.630441996386581 -0.584802260994368 255 128 255 255 
-0.155093368622286 -1.00163385193254 -0.102123503726362 255 128 255 255 
-0.17221672789906 -0.980928723300385 -0.132750469637149 255 128 255 255 
-0.140731878341981 -0.995473854698297 -0.129641228006045 255 128 255 255 
-0.120835555757087 -0.715139632038162 -0.469640618031915 255 128 255 255 
-0.164790954647531 -0.725739859610338 -0.438629987323059 255 128 255 255 
-0.137435856555952 -0.687621605504845 -0.492495574376921 255 128 255 255 
-0.141107620709147 -0.279665037771026 -0.946550701472311 255 128 255 255 
-0.147125732528794 -0.286956674902609 -0.951609930632 255 128 255 255 
-0.161859674500576 -0.29592030531477 -0.962563439334347 255 128 255 255 
-0.153358665231764 -0.293389273588001 -0.956068357185028 255 128 255 255 
-0.155415712495263 -0.298980427275668 -0.956588024505497 255 128 255 255 
-0.095329955894212 -1.04677347893729 0.104728941870862 255 128 255 255 
-0.0992834654357079 -1.04630667768566 0.0908541169736516 255 128 255 255 
-0.118820598539648 -1.03977247576579 0.0724717789630017 255 128 255 255 
-0.0888239601832837 -1.05080063836984 0.0711097695687988 255 128 255 255 
-0.167189237109959 -0.0340452451565623 0.190358153672478 255 128 255 255 
-0.0499999999999733 -1.04352302946069 0.163151859473257 255 128 255 255 
-0.0500000000000587 -1.04003428394975 0.169630840138069 255 128 255 255 
-0.0617602265664192 -1.04380347456393 0.157830066161781 255 128 255 255 
-0.0500000000000137 -1.04916591749404 0.150176463462167 255 128 255 255 
-0.0499999999999287 -1.04670315919366 0.156516261868901 255 128 255 255 
-0.0499999999999816 -1.05360640145986 0.136017929954928 255 128 255 255 
-0.0500000000000566 -1.05160606602783 0.143158765314098 255 128 255 255 
-0.0585024044374136 -1.05038177842976 0.142562058504834 255 128 255 255 
-0.0499999999999918 -0.677374170787507 0.360679268703602 255 128 255 255 
-0.0500000000000001 -0.673683440111666 0.360662038495885 255 128 255 255 
-0.05 -0.670163770700673 0.360647321397609 255 128 255 255 
-0.0500000000000188 -0.681467506075127 0.360635616920191 255 128 255 255 
-0.0818612648498397 -1.0518414339135 0.0979792386763055 255 128 255 255 
-0.151084195042324 -1.02801938725988 0.0361973800670793 255 128 255 255 
-0.170060131413964 -1.02008677124381 0.0287120420519016 255 128 255 255 
-0.163051624782602 -1.02251878984732 0.0132147214086699 255 128 255 255 
-0.168295997446343 -1.01758321906717 -0.0145008598930034 255 128 255 255 
-0.16837597836617 -0.677187945090595 -0.487602351007112 255 128 255 255 
-0.119726817015049 -0.670931624412507 -0.518353761947036 255 128 255 255 
-0.05 -0.774194317014816 -0.422693736443875 255 128 255 255 
-0.091037180609042 -0.743357792380566 -0.449013852922476 255 128 255 255 
-0.117086648831316 -0.999940355466695 -0.136750131483786 255 128 255 255 
-0.122154280415217 -0.988969651005187 -0.155198241058587 255 128 255 255 
-0.0499999999999701 -0.751108874910142 -0.448404660810692 255 128 255 255 
-0.0499999999999971 -0.729278111525684 -0.473025264793588 255 128 255 255 
-0.200000000000026 -0.76099915151673 -0.38260679452521 255 128 255 255 
-0.162510295525539 -0.769232572659987 -0.396199370543524 255 128 255 255 
-0.0938913793601104 -0.910371456874345 -0.274793468593832 255 128 255 255 
-0.117484146268597 -0.928321968497918 -0.245861984228539 255 128 255 255 
-0.121600053296141 -0.906688763927499 -0.271005614542007 255 128 255 255 
-0.0767438811152626 -0.890904725303318 -0.300932170367964 255 128 255 255 
-0.0499999999999027 -0.913944419890301 -0.277821384022435 255 128 255 255 
-0.177500483247441 -0.891302909579623 -0.260537627902783 255 128 255 255 
-0.199999999999947 -0.781407156244924 -0.362465456030851 255 128 255 255 
-0.172654143443416 -0.787530755422681 -0.372300211488035 255 128 255 255 
-0.200000000000032 -0.635872389056229 0.435889208709738 255 128 255 255 
-0.20000000000005 -0.640948981012148 0.436549210739358 255 128 255 255 
-0.199999999999908 -0.645875223192148 0.43685838691913 255 128 255 255 
-0.187143164841187 -0.882132309424334 0.270565121138492 255 128 255 255 
-0.200000000000129 -0.884657983677862 0.26087176923711 255 128 255 255 
-0.200000000000068 -0.89274566193174 0.254857615119918 255 128 255 255 
-0.189336951823644 -0.611800537075944 0.427811319490438 255 128 255 255 
-0.199999999999918 -0.605810782121837 0.427851888228037 255 128 255 255 
-0.200000000000044 -0.611500740816675 0.430111235245034 255 128 255 255 
-0.200000000000055 -1.00105342418815 0.070755314665355 255 128 255 255 
-0.200000000000096 -1.00412166410205 0.0312917142554896 255 128 255 255 
-0.199999999999976 -0.655429638721705 0.436834223111341 255 128 255 255 
-0.200000000000077 -0.650652075225257 0.43700490943153 255 128 255 255 
-0.199999999999927 -0.665762847357113 0.435679677649712 255 128 255 255 
-0.200000000000107 -0.67112639613685 0.434582006156615 255 128 255 255 
-0.20000000000008 -0.660339228736456 0.436424463493218 255 128 255 255 
-0.200000000000068 -0.0631217650794145 -0.933271626719272 255 128 255 255 
-0.2 -0.718836209717276 0.40387435459341 255 128 255 255 
-0.2 -0.350890187453539 -0.970424537484562 255 128 255 255 
-0.195095135391735 -0.355158990545266 -0.965181515258846 255 128 255 255 
-0.200000000000056 -0.450060749479355 -0.781070928722773 255 128 255 255 
-0.200000000000275 -0.444917393422904 -0.792468206067298 255 128 255 255 
-0.2 -0.404691955098453 0.244239575601419 255 128 255 255 
-0.200000000000058 -0.422396154844715 0.260729697522891 255 128 255 255 
-0.181102190214796 -0.423384681060833 0.265226032669177 255 128 255 255 
-0.174214315661147 -0.450593421479335 0.29053015155751 255 128 255 255 
-0.199999999999931 -0.4397549344831 0.277573597997796 255 128 255 255 
-0.20000000000022 -0.988972210276342 0.119566441572609 255 128 255 255 
-0.200000000000012 -0.255617741798879 -0.981347589128931 255 128 255 255 
-0.199999999999998 -0.250875160725847 -0.981337929030261 255 128 255 255 
-0.198039612765676 -0.254987491647388 -0.981307211609647 255 128 255 255 
-0.199027067400673 -0.270516301911846 -0.981245995599662 255 128 255 255 
-0.199999999999998 -0.260693672707375 -0.981332565607873 255 128 255 255 
-0.195831589168482 -0.0437594331321009 -0.930288685806025 255 128 255 255 
-0.184700436830906 -0.477638951630425 0.316398608687843 255 128 255 255 
-0.20000000000006 -0.465520163095034 0.303681416544877 255 128 255 255 
-0.200000000000033 -0.476690027447975 0.315209443349525 255 128 255 255 
-0.183662111483016 -0.733397988629972 0.387496630667689 255 128 255 255 
-0.171581802567776 -0.495259714885505 0.332145930171489 255 128 255 255 
-0.200000000000005 -0.494791866180112 0.33394939387135 255 128 255 255 
-0.189924262843683 -0.508975800333543 0.347850244469298 255 128 255 255 
-0.200000000000092 -0.900306809058193 0.248800380715025 255 128 255 255 
-0.170383641383783 -0.904338584059243 0.263395939007378 255 128 255 255 
-0.199999999999993 -0.944377295025395 0.202507970792648 255 128 255 255 
-0.189319125767867 -0.939611961181939 0.217804040725324 255 128 255 255 
-0.199999999999812 -0.938815937957584 0.209711142325943 255 128 255 255 
-0.188885437607695 -0.913015134843063 0.245243354182885 255 128 255 255 
-0.200000000000168 -0.90747455343284 0.242674704340025 255 128 255 255 
-0.199999999999855 -0.914387953792144 0.236274012809241 255 128 255 255 
-0.200000000000004 -0.920805246381303 0.229896996072028 255 128 255 255 
-0.199999999999973 -0.927073405673407 0.223375819859038 255 128 255 255 
-0.188357331157568 -0.926308083997364 0.233211923926436 255 128 255 255 
-0.199999999999846 -0.955102767735368 0.187583217071648 255 128 255 255 
-0.199999999999941 -0.949853449125371 0.195125647108285 255 128 255 255 
-0.200000000000153 -0.970804450621423 0.161871641634979 255 128 255 255 
-0.186187319381207 -0.4139193543616 -0.854690519857374 255 128 255 255 
-0.19999999999987 -0.423384092980503 -0.852174341484531 255 128 255 255 
-0.200000000000004 -0.420961079431041 -0.861162512277574 255 128 255 255 
-0.199999999999933 -0.41810927568135 -0.871604370827064 255 128 255 255 
-0.20000000000003 -0.28701764204513 -0.980961493555772 255 128 255 255 
-0.189081888227787 -0.275829825657366 -0.979684344201838 255 128 255 255 
-0.199999999999979 -0.211330775994968 -0.98073542021137 255 128 255 255 
-0.200000000000009 -0.219722779412437 -0.981058479641441 255 128 255 255 
-0.16988359957489 -0.961796564627905 0.204729580298597 255 128 255 255 
-0.195931896236493 -0.982706863405172 -0.0984787802338078 255 128 255 255 
-0.199999999999908 -0.984956874197126 -0.0855898864145639 255 128 255 255 
-0.199999999999972 -0.98135747877725 -0.0956321707355505 255 128 255 255 
-0.199999999999846 -0.933016299737311 0.216605011167849 255 128 255 255 
-0.200000000000006 -0.49517138243494 -0.698362886852748 255 128 255 255 
-0.2 -0.985136678152682 0.130489588283383 255 128 255 255 
-0.0499999999999774 -0.929823956532275 -0.25823665605683 255 128 255 255 
-0.0742294280903509 -0.931314648430147 -0.253789398108949 255 128 255 255 
-0.199999999999944 -0.907489999566227 -0.223965746157461 255 128 255 255 
-0.200000000000287 -0.893459563801576 -0.241852661224042 255 128 255 255 
-0.199999999999932 -0.878948573896431 -0.259354142300226 255 128 255 255 
-0.199999999999709 -0.995479351677798 -0.0475131079728747 255 128 255 255 
-0.193947602036975 -0.431289571383834 -0.820863947037547 255 128 255 255 
-0.199999999999974 -0.426014829977113 -0.843240050399732 255 128 255 255 
-0.182586211813034 -0.843883141897896 0.296108044460274 255 128 255 255 
-0.1924414677128 -0.991052962729642 -0.0797119601182033 255 128 255 255 
-0.186470338829974 -0.961525569817629 -0.155425997620966 255 128 255 255 
-0.199999999999989 -1.00165818440129 -0.0108084749973271 255 128 255 255 
-0.199999999999785 -1.00257022073588 -0.00204508737348182 255 128 255 255 
-0.19999999999969 -1.00064735676933 -0.019779626143943 255 128 255 255 
-0.2 -0.96421434554002 -0.135450367856382 255 128 255 255 
-0.200000000000291 -0.970660488713689 -0.12189777215634 255 128 255 255 
-0.200000000000025 -0.997339756148537 -0.0382497225207365 255 128 255 255 
-0.200000000000052 -0.999107093217312 -0.0289686148875885 255 128 255 255 
-0.2 -0.976593086123062 -0.108122914377074 255 128 255 255 
-0.18545524138786 -0.925226490087658 -0.212395348141095 255 128 255 255 
-0.199999999999956 -0.956172243958019 -0.150035542040695 255 128 255 255 
-0.2 0 0.182714478037412 255 128 255 255 
-0.17599654423273 -0.0994804272214548 0.180407827166722 255 128 255 255 
-0.133290136103597 -1.02977545788132 -0.0315634127115607 255 128 255 255 
-0.115742940799286 -0.860126301066534 0.310702153392808 255 128 255 255 
-0.0854524969887344 -0.875331071241052 0.307972673667596 255 128 255 255 
-0.0904416409229137 -0.855637512568122 0.317782701597816 255 128 255 255 
-0.200000000000017 -1.00219761022682 0.0627382899957365 255 128 255 255 
-0.181068040258724 -0.109888027861052 -0.938210888166624 255 128 255 255 
-0.200000000000002 -0.787930468474305 0.316808985590775 255 128 255 255 
-0.200000000000059 -0.795846514829788 0.312814883475234 255 128 255 255 
-0.199999999999919 -0.80368514083542 0.30867251985386 255 128 255 255 
-0.199999999999813 -0.812767861180146 0.304037692759499 255 128 255 255 
-0.0500000000000045 -0.666551555649765 0.36063203601402 255 128 255 255 
-0.0500000000000046 -0.662801028595582 0.360482622280843 255 128 255 255 
-0.0530025023499703 -0.663260997786327 0.36273932892917 255 128 255 255 
-0.2 -0.408133499713276 -0.90381938952255 255 128 255 255 
-0.2 -0.403848409502825 -0.913751773349198 255 128 255 255 
-0.191835553349787 -0.400266903923795 -0.9075238098053 255 128 255 255 
-0.148714880713787 -0.470590054254314 -0.731293516570868 255 128 255 255 
-0.172528567224881 -1.0112979883251 0.0948333438220812 255 128 255 255 
-0.176657535076916 -1.0018209458376 0.121058507435071 255 128 255 255 
-0.0500000000000002 -0.616252903747035 0.354991465687232 255 128 255 255 
-0.0499999999999958 -0.611353079762582 0.354100052959636 255 128 255 255 
-0.173395003241985 -0.923736498882863 0.245363923271145 255 128 255 255 
-0.133871279833141 -0.965443216480923 0.222156266264369 255 128 255 255 
-0.05 -0.260094188917084 0.199904156221123 255 128 255 255 
-0.0500000000000007 -0.685755067283662 0.360460867822416 255 128 255 255 
-0.0499999999999719 -0.690630878876206 0.36023517782116 255 128 255 255 
-0.05 -0.175483409577021 0.196498531729592 255 128 255 255 
-0.199999999999867 -0.0461941284130341 0.177551483584814 255 128 255 255 
-0.200000000000065 -0.0927486239777125 0.172186473384729 255 128 255 255 
-0.2 -0.13931998656689 0.166965525242939 255 128 255 255 
-0.170452650464867 -0.229131333510004 0.176169027323864 255 128 255 255 
-0.199999999999997 -0.744337267289835 0.338930325401687 255 128 255 255 
-0.0500000000000233 -1.05836479128224 0.107204583408479 255 128 255 255 
-0.0500000000000275 -1.05713120385084 0.117955265393065 255 128 255 255 
-0.0500000000000618 -1.05904923379743 0.096398124291239 255 128 255 255 
-0.199999999999824 -0.0283468568658783 -0.928454169575203 255 128 255 255 
-0.200000000000118 -0.0193058698052572 -0.927756886152344 255 128 255 255 
-0.199999999999992 -0.0545133697465282 -0.931901962958095 255 128 255 255 
-0.200000000000025 -0.0458315126464051 -0.930615644706946 255 128 255 255 
-0.199999999999854 -0.0371412887653119 -0.929384372063351 255 128 255 255 
-0.0499999999999688 -1.04223572124386 -0.0556431528955694 255 128 255 255 
-0.0500000000000314 -1.04505442854391 -0.0439151647254915 255 128 255 255 
-0.0647973083379621 -1.04145932216777 -0.0533349143404815 255 128 255 255 
-0.0499999999999422 -1.04770112674926 -0.0321474042591686 255 128 255 255 
-0.0499999999999843 -0.695943070917605 0.359784265120401 255 128 255 255 
-0.199999999999582 -0.741606005264277 0.357700247095007 255 128 255 255 
-0.19999999999999 -0.153789707306519 -0.969493019766117 255 128 255 255 
-0.200000000000055 -0.100292733383627 -0.943145693343146 255 128 255 255 
-0.200000000000097 -0.626295514350849 0.434211564078167 255 128 255 255 
-0.199999999999919 -0.631046589947575 0.435135073822712 255 128 255 255 
-0.200000000000034 -0.3219903929723 -0.977654865425993 255 128 255 255 
-0.199999999999949 -0.316477342953074 -0.978479383915993 255 128 255 255 
-0.14985003546654 -0.202621760708341 -0.950959608030509 255 128 255 255 
-0.159130601040252 -0.213883118280042 -0.96165677505351 255 128 255 255 
-0.161699014870253 -0.197700645505335 -0.959543446060046 255 128 255 255 
-0.0499999999999968 -0.397291799785054 -0.79915823481441 255 128 255 255 
-0.0499999999999607 -0.406438897324085 -0.793278609739056 255 128 255 255 
-0.0499999999999992 -0.414625731071645 -0.787655504779078 255 128 255 255 
-0.0689577202030508 -0.225874534008717 -0.892009641927571 255 128 255 255 
-0.0500000000000065 -0.309815113938355 -0.850204813289687 255 128 255 255 
-0.0604968863989776 -0.318481418089785 -0.846911583407185 255 128 255 255 
-0.0500000000000075 -0.301967905094669 -0.854467639234224 255 128 255 255 
-0.147199620076109 -0.157938743984402 -0.936354028517322 255 128 255 255 
-0.0499999999999832 -0.914561803414023 0.285549764054775 255 128 255 255 
-0.050000000000009 -0.905628886500926 0.2915043747647 255 128 255 255 
-0.063731502812126 -0.914178730477912 0.285779878008372 255 128 255 255 
-0.050000000000049 -1.05554483410656 0.127723674166092 255 128 255 255 
-0.179346980719931 -0.178859459721167 -0.966391581023572 255 128 255 255 
-0.181273480807192 -0.181200546797851 -0.968220003602566 255 128 255 255 
-0.0500000000000164 -0.330958278733501 -0.838825086514358 255 128 255 255 
-0.049999999999998 -0.337874163042926 -0.834841286959368 255 128 255 255 
-0.0549843617641706 -0.341952172019406 -0.832533724968281 255 128 255 255 
-0.049999999999961 -0.885761112034975 0.303980018438353 255 128 255 255 
-0.049999999999994 -0.873895740008465 0.310673523379545 255 128 255 255 
-0.0618694465650876 -0.874427931804233 0.31032555288194 255 128 255 255 
-0.0500000000000858 -0.861779909864674 0.316893742323424 255 128 255 255 
-0.141857559900874 -0.900751353002433 0.27839566848778 255 128 255 255 
-0.0865931859119791 -0.975494685853964 0.228462137420699 255 128 255 255 
-0.0500000000000303 -0.959240184363381 0.249412853962109 255 128 255 255 
-0.0500000000000487 -0.951827868242482 0.256028282017471 255 128 255 255 
-0.0642992947466492 -0.956127067332054 0.251346144163648 255 128 255 255 
-0.0499999999999655 -0.966469950902603 0.242596732192809 255 128 255 255 
-0.0499999999999906 -0.973741965600838 0.236096660347086 255 128 255 255 
-0.120774632586804 -0.90394285433115 0.283210143497307 255 128 255 255 
-0.133057737688084 -0.884202520181224 0.292249396343205 255 128 255 255 
-0.0499999999999438 -0.848033700962318 0.323231897240145 255 128 255 255 
-0.05 -0.834045416459261 0.328994593181095 255 128 255 255 
-0.0680962522115488 -0.85164308043712 0.321704746379031 255 128 255 255 
-0.0675661381564413 -0.896244411913071 0.297282109930695 255 128 255 255 
-0.188840997003231 -0.31433646388685 -0.974681594975415 255 128 255 255 
-0.0499999999999675 -0.936903132271419 0.268516292029295 255 128 255 255 
-0.0500000000000433 -0.929678929517506 0.274446680004803 255 128 255 255 
-0.0500000000000473 -0.92250606738119 0.279851905684335 255 128 255 255 
-0.0500000000000052 -0.324248477573393 -0.842468879280904 255 128 255 255 
-0.0649610392779001 -0.33345108774552 -0.838579532889119 255 128 255 255 
-0.0499999999999832 -1.05381951192081 0.00597269999923276 255 128 255 255 
-0.0500000000000688 -1.05211383878139 -0.00704616441702988 255 128 255 255 
-0.0499999999999985 -0.387615267761113 -0.805224086128039 255 128 255 255 
-0.049999999999971 -1.03921458713134 -0.0664261619379858 255 128 255 255 
-0.0500000000000146 -1.03613053373301 -0.0762940618806202 255 128 255 255 
-0.0500000000000036 -1.03291478623718 -0.0855265091783377 255 128 255 255 
-0.108093058738371 -0.442772363015524 0.282521690934278 255 128 255 255 
-0.0922796058315877 -0.436208287217837 0.277620995107837 255 128 255 255 
-0.112672811681736 -0.42009972246268 0.266715859682047 255 128 255 255 
-0.0542874044983406 -8.470329472543E-22 -0.943107982358673 255 128 255 255 
-0.05 0 -0.943220896274584 255 128 255 255 
-0.0500000000000138 -0.0149617898833476 -0.940923695081706 255 128 255 255 
-0.0499999999999555 -1.02953441282908 -0.0946996473533252 255 128 255 255 
-0.19877968141991 -0.230904017277748 -0.981195236309332 255 128 255 255 
-0.16288363900186 -0.40063996177248 0.249260334620308 255 128 255 255 
-0.134137099801489 -0.396421051861635 0.249639358878589 255 128 255 255 
-0.2 -0.277659451828865 0.174549417063465 255 128 255 255 
-0.176267626441017 -0.749791291276108 0.359334969821139 255 128 255 255 
-0.0500000000000036 -1.01096103042941 -0.13739865701012 255 128 255 255 
-0.0499999999999951 -1.01420666344364 -0.130581834556076 255 128 255 255 
-0.0672772463855843 -1.01220537983551 -0.132150705501391 255 128 255 255 
-0.0499999999999967 -1.00716436820619 -0.144897385454203 255 128 255 255 
-0.0500000000000432 -1.05919830292882 0.0839449959748634 255 128 255 255 
-0.0628011758866655 -1.05722011650211 0.0781832426884018 255 128 255 255 
-0.117254781757573 -0.0984877996119764 0.19505621449259 255 128 255 255 
-0.0965895212562599 -0.132895755578459 0.194761109336455 255 128 255 255 
-0.190679384104809 -0.978378829472791 0.158281414550731 255 128 255 255 
-0.0500000000000932 -1.02550364968377 0.191095017355761 255 128 255 255 
-0.0500000000000167 -1.01946208273317 0.19785407041497 255 128 255 255 
-0.195205848414173 -0.252550894036394 -0.981128936513487 255 128 255 255 
-0.200000000000184 -0.0876643918491482 -0.938274774754315 255 128 255 255 
-0.0500000000000071 -1.01735863888169 -0.123852207266085 255 128 255 255 
-0.0499999999999966 -1.02027801008001 -0.117014399912435 255 128 255 255 
-0.0499999999999984 -1.05892602159859 0.0715212633369518 255 128 255 255 
-0.0499999999999042 -1.0586920998334 0.0583725904669667 255 128 255 255 
-0.174952050657483 -0.174318278395162 -0.962037168941463 255 128 255 255 
-0.0500000000000451 -0.89661500733386 0.29733734140052 255 128 255 255 
-0.0499999999999973 -0.583700429638737 0.347994147242443 255 128 255 255 
-0.0499999999999924 -0.575293259576093 0.345460457073136 255 128 255 255 
-0.0596781671638114 -0.575029149156764 0.348071763267787 255 128 255 255 
-0.0499999999999707 -0.566041750896067 0.342318189851263 255 128 255 255 
-0.0500000000000112 -0.592202103324282 0.350214344119887 255 128 255 255 
-0.0584773936788949 -0.590419445555498 0.352832850204545 255 128 255 255 
-0.0500000000000079 -0.345308078926926 -0.830491933940849 255 128 255 255 
-0.0500000000000131 -0.525775279140524 -0.702736238826343 255 128 255 255 
-0.0500000000000012 -0.534194302124351 -0.694887319370048 255 128 255 255 
-0.0651931840395502 -0.531789488552381 -0.692235036915929 255 128 255 255 
-0.173223974902582 -0.070518158286653 -0.931261197664859 255 128 255 255 
-0.0669951470113299 -1.04863842203146 -0.0174282354953807 255 128 255 255 
-0.0500000000000366 -1.04999906519847 -0.0197868185451049 255 128 255 255 
-0.0500000000000064 -0.317224511727151 -0.8462454810003 255 128 255 255 
-0.0499999999998934 -0.81898202524625 0.334032286883668 255 128 255 255 
-0.0645439160415014 -0.826094762431596 0.332556141479213 255 128 255 255 
-0.0500000000000357 -0.803724401937548 0.338423290267381 255 128 255 255 
-0.0499999999999624 -0.701249483167949 0.359273284085786 255 128 255 255 
-0.0500000000000002 -0.993178500323528 0.220029856842561 255 128 255 255 
-0.0500000000000018 -0.989013913201938 0.223255234415994 255 128 255 255 
-0.0511101090546037 -0.989039728038183 0.223084585990426 255 128 255 255 
-0.0500000000000008 -0.996979285970339 0.21711197876461 255 128 255 255 
-0.0500000000000387 -0.965242050084305 -0.212351023458895 255 128 255 255 
-0.0499999999999806 -0.97372942764118 -0.20019378346105 255 128 255 255 
-0.0577058996548788 -0.964685566809372 -0.212672159157584 255 128 255 255 
-0.0499999999999669 -0.956540404292481 -0.224356683763044 255 128 255 255 
-0.0500000000000014 -0.945455340656707 -0.238445197352213 255 128 255 255 
-0.200000000000041 -0.343140741092184 -0.973049666428723 255 128 255 255 
-0.195520146099377 -0.334812170123377 -0.973079722730777 255 128 255 255 
-0.105953811594127 -0.399038309197421 -0.801790636129443 255 128 255 255 
-0.0959864839475685 -0.398091148569226 -0.798382584774668 255 128 255 255 
-0.0640502109531995 -0.766108517051397 0.352419965645581 255 128 255 255 
-0.065512789122454 -0.756145227357928 0.355912011266698 255 128 255 255 
-0.0857346920008217 -0.408972422992399 -0.787403165246824 255 128 255 255 
-0.0864000507037253 -0.401855263868125 -0.79337122237786 255 128 255 255 
-0.0499999999999972 -0.451460422389917 0.287413664733802 255 128 255 255 
-0.087146970959677 -0.234302237282334 -0.894550693611652 255 128 255 255 
-0.0935070156795725 -0.425696700128905 -0.773904130840512 255 128 255 255 
-0.147343644896661 -0.320823854633829 -0.93745822359715 255 128 255 255 
-0.0500000000000026 -0.554835615355748 0.337964890408375 255 128 255 255 
-0.164880111785784 -0.755336170183873 0.355834153175537 255 128 255 255 
-0.0500000000000143 -0.378548405871653 -0.810925896411922 255 128 255 255 
-0.155671402663441 -0.753100691895395 0.363908607720228 255 128 255 255 
-0.0815041824174713 0 0.210866235773972 255 128 255 255 
-0.0500000000000173 -0.0300157083686505 0.208895039588414 255 128 255 255 
-0.0657637612665863 0 0.212032665967547 255 128 255 255 
-0.0500000000000143 -0.369415718833231 -0.816525221604669 255 128 255 255 
-0.0864886810149378 0 -0.941201383574086 255 128 255 255 
-0.0783811189257652 -2.64697796016969E-23 -0.941782805248299 255 128 255 255 
-0.199999999999637 -0.514105017042826 -0.669642282619531 255 128 255 255 
-0.199999999999973 -0.502701939935817 -0.686630729399777 255 128 255 255 
-0.0860717229873548 -0.254927550260507 -0.886283235215791 255 128 255 255 
-0.199999999999926 -0.502717594145222 0.342356824669681 255 128 255 255 
-0.200000000000132 -0.51077609642063 0.350638339059775 255 128 255 255 
-0.0634344657525424 -1.03552816138889 0.172506904402786 255 128 255 255 
-0.0499999999999893 -0.531660582639696 0.327758419006254 255 128 255 255 
-0.050000000000036 -0.998949565761078 -0.160109530932985 255 128 255 255 
-0.0500000000000167 -1.00321291553814 -0.15248866548712 255 128 255 255 
-0.05 -0.994500101558965 -0.167620099994727 255 128 255 255 
-0.0500000000000073 -1.02331095616087 -0.109755477888743 255 128 255 255 
-0.0500000000000426 -0.0620968118904081 0.205121927359817 255 128 255 255 
-0.050000000000003 -0.0728180580103126 -0.930984378309978 255 128 255 255 
-0.0500000000000007 -0.0873675854817969 -0.92801948535848 255 128 255 255 
-0.0500000000000063 -0.0975297430078312 0.201420118174861 255 128 255 255 
-0.0500000000000206 -0.707432233656434 -0.497632718887084 255 128 255 255 
-0.0499999999999792 -0.585685294870608 -0.641744477770063 255 128 255 255 
-0.0500000000000458 -0.597174896995127 -0.628681471966024 255 128 255 255 
-0.0893821850088447 -1.03097084683672 -0.0768699143725459 255 128 255 255 
-0.0500000000000135 -1.05776611165269 0.045258682751298 255 128 255 255 
-0.050000000000029 -0.55337126319431 -0.676148132555931 255 128 255 255 
-0.05 -0.134703880107431 0.198491634941314 255 128 255 255 
-0.05 -0.302636791356638 0.210555264750881 255 128 255 255 
-0.05 -0.798225678126796 -0.397367367152789 255 128 255 255 
-0.0499999999999986 -0.823046028337908 -0.373020249823781 255 128 255 255 
-0.172212111844833 0 0.192732521114061 255 128 255 255 
-0.0500000000000101 -0.847872294019506 -0.348679335509698 255 128 255 255 
-0.049999999999997 -0.944077940421005 0.262537717974783 255 128 255 255 
-0.04999999999999 -0.62725402210671 0.356949912291809 255 128 255 255 
-0.0564813565258104 -0.634945912242274 0.362544999290097 255 128 255 255 
-0.0500000000000029 -0.630742018889191 0.357502147145829 255 128 255 255 
-0.0519484097615524 -0.635248679264918 0.359405020369576 255 128 255 255 
-0.0530122913794383 -0.655496712713208 0.362424064417322 255 128 255 255 
-0.0499999999999876 -0.659049697198263 0.360357281845809 255 128 255 255 
-0.0500000000000137 -0.655006052697596 0.3601472992784 255 128 255 255 
-0.05 -0.650973727241746 0.359804263372413 255 128 255 255 
-0.0499999999999911 -0.6425827622013 0.359050036532855 255 128 255 255 
-0.0545599879433508 -0.648149861188971 0.362969666593342 255 128 255 255 
-0.0499999999999886 -0.646786052820745 0.359448011699842 255 128 255 255 
-0.140689326926098 -0.406039496536356 -0.814638490296713 255 128 255 255 
-0.143867119415726 -0.401367557470504 -0.824797251931101 255 128 255 255 
-0.129670787311985 -0.393375494188784 -0.822233864753918 255 128 255 255 
-0.149379597588575 -0.42303877127202 0.267936234778832 255 128 255 255 
-0.154371895810371 -0.667929288054214 0.423601613764644 255 128 255 255 
-0.0812198060476503 -0.163517129945365 -0.913377810907399 255 128 255 255 
-0.0606342651043233 -0.173834489105288 -0.90745651952678 255 128 255 255 
-0.158551065086755 -1.00877968040668 0.128536509751109 255 128 255 255 
-0.0500000000000251 -1.05657947862185 0.0321331065914119 255 128 255 255 
-0.0499999999999962 -1.03568935501143 0.17685422406082 255 128 255 255 
-0.0593489944678937 -1.02956204189655 0.183267604589503 255 128 255 255 
-0.0500000000000472 -1.03078643153052 0.184110441640572 255 128 255 255 
-0.0499999999999997 -0.979313817409393 0.231312120901595 255 128 255 255 
-0.0500000000000146 -0.984891641062155 0.226534410426101 255 128 255 255 
-0.0499999999999851 -0.773958117941953 0.345834876397932 255 128 255 255 
-0.0500000000000118 -0.788892670521808 0.34233142360115 255 128 255 255 
-0.053977235989416 -0.640817795598959 0.361625391942948 255 128 255 255 
-0.0500000000000007 -0.638568437723597 0.358586388699692 255 128 255 255 
-0.0500000000000285 -0.265221365693253 -0.872148990323785 255 128 255 255 
-0.0499999999999763 -0.598886123671797 0.351655322216693 255 128 255 255 
-0.131729323950565 -0.314085416925433 -0.915149594590917 255 128 255 255 
-0.07803900220017 -1.01863505080706 -0.114456564890909 255 128 255 255 
-0.0895714906769019 -1.02214797187815 -0.100944636911898 255 128 255 255 
-0.109911973391145 -1.02062152415634 -0.093175865609643 255 128 255 255 
-0.101851904064538 -1.01648104976262 -0.108822810776231 255 128 255 255 
-0.0500000000000216 -0.543687844543134 -0.685955387543217 255 128 255 255 
-0.141936052860483 -0.986007375696725 0.189881761672758 255 128 255 255 
-0.157055215904968 -0.939566767680679 -0.212485752197928 255 128 255 255 
-0.0636884546993674 -0.051429996201821 -0.93478205249052 255 128 255 255 
-0.0500000000000122 -0.0440522144179575 -0.936137507826128 255 128 255 255 
-0.0499999999999976 -0.0585184740849401 -0.933660589425996 255 128 255 255 
-0.163054051855804 -0.40331509920236 -0.843587942556121 255 128 255 255 
-0.148433596669422 -0.391108351577385 -0.845521867422292 255 128 255 255 
-0.145588104142318 -0.396117315121011 -0.834245048027667 255 128 255 255 
-0.0500000000000033 -0.51718507395482 -0.710393058068836 255 128 255 255 
-0.0585555393833188 -0.517498327418188 -0.707346781703888 255 128 255 255 
-0.049999999999994 -0.509113611038027 -0.717375867779286 255 128 255 255 
-0.0499999999999981 -0.501197752764959 -0.724151586419603 255 128 255 255 
-0.0635547419673845 -0.496385904611101 -0.723991930269065 255 128 255 255 
-0.0500000000000398 -0.493284945120128 -0.730930869012623 255 128 255 255 
-0.0560016416052031 -0.486612757952748 -0.73430574787481 255 128 255 255 
-0.129581797704738 -0.49190134343489 -0.711005343271026 255 128 255 255 
-0.14719411923528 -0.50487002539652 -0.694133367420743 255 128 255 255 
-0.0596944339627034 -0.507524297927129 -0.715666082821148 255 128 255 255 
-0.105923244862046 -0.890236185313124 0.295859790459005 255 128 255 255 
-0.049999999999943 -0.102273083221481 -0.92481389854493 255 128 255 255 
-0.0613124337030882 -0.202949647853553 -0.898268377169479 255 128 255 255 
-0.0500000000000064 -0.205242294744794 -0.895489122702631 255 128 255 255 
-0.0499999999999943 -0.211730007352306 -0.893172650304934 255 128 255 255 
-0.0499999999999916 -0.221813291204728 -0.889565260038678 255 128 255 255 
-0.0533200405482861 -0.189961711913503 -0.901272800167869 255 128 255 255 
-0.0500000000000146 -0.167649607247769 -0.907691891650913 255 128 255 255 
-0.0500000000000106 -0.132294047450335 -0.917517410210832 255 128 255 255 
-0.0499999999999758 -0.145158520275956 -0.914173154466355 255 128 255 255 
-0.0499999999999981 -0.174908258193034 -0.905500972711766 255 128 255 255 
-0.0764090270943485 -0.513622274656081 -0.705699028997363 255 128 255 255 
-0.154010132002115 -0.959164007915755 -0.186254121102835 255 128 255 255 
-0.110648150266767 -0.272213329199785 -0.901737426414243 255 128 255 255 
-0.114762010100731 -0.283167461887896 -0.903167999962924 255 128 255 255 
-0.0877085337595285 -0.259948657045751 -0.885087599803357 255 128 255 255 
-0.200000000000025 -0.518074849076575 0.358424309266303 255 128 255 255 
-0.200000000000038 -0.525080452758136 0.365559739244886 255 128 255 255 
-0.120109543682281 -0.831950009067051 0.324377608778299 255 128 255 255 
-0.0921525566354859 -0.83412412302802 0.328123325174151 255 128 255 255 
-0.0771762224261603 -0.812009153381281 0.338372032976757 255 128 255 255 
-0.157567661832355 -0.0602925643062571 -0.930645516142353 255 128 255 255 
-0.105836413353769 -0.465224077657931 -0.739747047723118 255 128 255 255 
-0.145959655778627 -0.867162768788931 0.298138885320219 255 128 255 255 
-0.160051677100036 -0.873126325852958 0.289181540312609 255 128 255 255 
-0.151433185407468 -0.876209900871708 0.290624733936508 255 128 255 255 
-0.0926318839714525 -0.816070856969451 0.336230964224815 255 128 255 255 
-0.114034030490832 -0.307773049080572 -0.888193675828559 255 128 255 255 
-0.111934408598878 -0.326173051262005 -0.871741448216444 255 128 255 255 
-0.094036083040805 -0.336992674563278 -0.84746929587151 255 128 255 255 
-0.110425905572859 -0.340930209832162 -0.857785053794819 255 128 255 255 
-0.133183435183952 -0.644772848099878 0.41353766811342 255 128 255 255 
-0.1393294431992 -0.630653611552227 0.414151619418211 255 128 255 255 
-0.143627045659612 -0.639884076874226 0.418145216384325 255 128 255 255 
-0.11559891596737 -0.656165186475346 0.405168096229507 255 128 255 255 
-0.119964764646309 -0.636135831749311 0.405039646154915 255 128 255 255 
-0.14231253307359 -0.918913223963716 -0.246869109554641 255 128 255 255 
-0.184743650297326 -0.320478851840618 -0.970932198315231 255 128 255 255 
-0.180437896606497 -0.377235613951858 -0.92880203412946 255 128 255 255 
-0.175172475340046 -0.378099330110604 -0.9200201864978 255 128 255 255 
-0.0499999999999762 -0.485577445492674 -0.737124297559455 255 128 255 255 
-0.0499999999999885 -0.605601227589336 0.352914130100577 255 128 255 255 
-0.0499999999999999 -0.470561295563349 -0.748376121201917 255 128 255 255 
-0.0500000000000031 -0.478077584557939 -0.742761204918219 255 128 255 255 
-0.124125760306068 -0.375505017600787 -0.838167697603136 255 128 255 255 
-0.162799224644233 -0.684404911558493 0.422866590832953 255 128 255 255 
-0.157801436574883 -0.686310077739783 0.420781091526453 255 128 255 255 
-0.103613930094408 -0.665984030725619 0.398598621068392 255 128 255 255 
-0.106247202892886 -0.658598189937109 0.399760634319656 255 128 255 255 
-0.165967447296381 -0.648559623198542 0.428110797498852 255 128 255 255 
-0.153355223934466 -0.885949815539872 0.283802539576588 255 128 255 255 
-0.146060932984193 -0.878445535777933 0.291257756048172 255 128 255 255 
-0.150770062930919 -0.837827490541016 0.312646815250537 255 128 255 255 
-0.163269700790429 -0.85819726133872 0.296844778644486 255 128 255 255 
-0.180352104640421 -0.371387008002638 -0.935712801576477 255 128 255 255 
-0.185967265101387 -0.372101764057315 -0.940903448784564 255 128 255 255 
-0.157864293030293 -0.334873796376369 -0.941933847762981 255 128 255 255 
-0.0499999999999831 -0.0295526358965671 -0.938408232451596 255 128 255 255 
-0.175607440296881 -0.20321739183256 -0.970760154787542 255 128 255 255 
-0.17915159892892 -0.215768754454714 -0.975104554640619 255 128 255 255 
-0.0499999999999909 -0.634562163284309 0.358057581848732 255 128 255 255 
-0.0807462079429408 -0.333119805034313 -0.843456390914468 255 128 255 255 
-0.13264512492653 -1.0278080864708 -0.0426840039591886 255 128 255 255 
-0.132787355542824 -1.02371485360273 -0.0590878790595088 255 128 255 255 
-0.122489935947762 -1.00968232020541 -0.111877328165673 255 128 255 255 
-0.135149529394956 -1.01553969549529 -0.0848788879414759 255 128 255 255 
-0.199272863815033 -0.240531915627791 -0.981304392601453 255 128 255 255 
-0.0702198629439125 -0.184945109933768 -0.905682531624871 255 128 255 255 
-0.199999999999983 -0.271093443642297 -0.981280808297065 255 128 255 255 
-0.199999999999999 -0.265769590892176 -0.981313928662015 255 128 255 255 
-0.199999999999971 -0.281740453827195 -0.981121027730075 255 128 255 255 
-0.199999999999993 -0.276461853777043 -0.981219805271021 255 128 255 255 
-0.19446431953334 -0.247206250784838 -0.981040596051843 255 128 255 255 
-0.200000000000206 -0.176813193302719 -0.976543786457087 255 128 255 255 
-0.110252591677653 -0.990033451915688 0.203201127679496 255 128 255 255 
-0.117202107672655 -1.00025289243482 0.186668261161838 255 128 255 255 
-0.108159969150737 -0.583325394099891 0.376837585291456 255 128 255 255 
-0.0866896481364031 -0.610685968374989 0.376508830333711 255 128 255 255 
-0.171894488387619 -0.295227634358812 -0.969607704187038 255 128 255 255 
-0.13200317204642 -0.942830993952277 -0.221168787292312 255 128 255 255 
-0.108999899382412 -0.612838545798532 0.391214690762256 255 128 255 255 
-0.105578479335111 -0.625509905527451 0.393409135478042 255 128 255 255 
-0.137759781852616 -1.01410588518192 0.144036186425518 255 128 255 255 
-0.139984248895011 -1.01938158002833 0.126813403892194 255 128 255 255 
-0.156650279942328 -0.391299280094379 -0.856415467678315 255 128 255 255 
-0.155544999075776 -0.381165292314023 -0.874295059776484 255 128 255 255 
-0.169572955032178 -0.882894832727346 0.278940266417991 255 128 255 255 
-0.135309105842051 -0.384518852529877 -0.838814001367008 255 128 255 255 
-0.200000000000001 -0.119852459535751 -0.954230633036458 255 128 255 255 
-0.166268365648541 -0.584246920841076 0.405541957848795 255 128 255 255 
-0.16577516681587 -0.597974311463088 0.41326418147084 255 128 255 255 
-0.145577910543235 -0.598730073762886 0.404587560095311 255 128 255 255 
-0.149171762889637 -0.584678596332147 0.398353181785667 255 128 255 255 
-0.134086655189082 -0.589806951303572 0.394221788964388 255 128 255 255 
-0.141814751759267 -0.588311559291244 0.397081513404846 255 128 255 255 
-0.118945101182549 -0.599038937189735 0.390994921313595 255 128 255 255 
-0.125716129609468 -0.616725580097506 0.402633668644766 255 128 255 255 
-0.139480179801664 -1.02566403423788 0.104361283463551 255 128 255 255 
-0.090634386273114 -0.633580078381993 0.385885862998105 255 128 255 255 
-0.0620027105145464 -0.625033971870464 0.364391065442144 255 128 255 255 
-0.152967535917709 -0.403978708206566 -0.83033253530106 255 128 255 255 
-0.200000000000005 -0.228191565513258 -0.981228765307298 255 128 255 255 
-0.179496067577454 -0.417516347727427 -0.835359582673618 255 128 255 255 
-0.156503616711868 -0.434703436940774 -0.781193266020919 255 128 255 255 
-0.137493819852353 -0.421761852195883 -0.789888202284319 255 128 255 255 
-0.157340914420394 -0.424447156309123 -0.798958926450101 255 128 255 255 
-0.0670227734551852 -0.599617257792079 0.360387685903691 255 128 255 255 
-0.153895924628831 -0.572551036027764 0.392209689455899 255 128 255 255 
-0.162552437930175 -0.555740321398958 0.382448494747029 255 128 255 255 
-0.0702734067952355 8.470329472543E-22 -0.942362127066971 255 128 255 255 
-0.18110857955162 -0.276527671338728 -0.977208833553596 255 128 255 255 
-0.0977715869519522 -0.709294934926046 0.387411587447364 255 128 255 255 
-0.114478694089799 -0.709212895916553 0.395415714260622 255 128 255 255 
-0.061375262883319 -0.187896894643607 -0.903260051509081 255 128 255 255 
-0.115753967052037 -0.0559358074551223 -0.932591280019729 255 128 255 255 
-0.142474979604978 -0.0456649694712028 -0.931740560661527 255 128 255 255 
-0.131810235259108 -0.0632270008560511 -0.931082639767978 255 128 255 255 
-0.142432157526937 -0.0669735652362555 -0.930253427009392 255 128 255 255 
-0.0683786576303013 -0.68443102411902 0.374099555226971 255 128 255 255 
-0.14958374254229 -1.02674146171248 0.0688139735982989 255 128 255 255 
-0.175258265286657 -0.21134912846474 0.173654764536368 255 128 255 255 
-0.0964854844885923 -1.03661417638293 -0.0491407542013461 255 128 255 255 
-0.093180031798777 -1.04221130264532 -0.0261792868251106 255 128 255 255 
-0.115143723931945 -1.03040252975891 -0.0558178881624223 255 128 255 255 
-0.169184874867666 -0.90481013070299 -0.24998647549341 255 128 255 255 
-0.200000000000159 -0.132846571156357 -0.961102059280571 255 128 255 255 
-0.0499999999999768 -0.232714105316179 -0.885585702285248 255 128 255 255 
-0.133612864981223 -1.02023723090369 -0.0706254849333156 255 128 255 255 
-0.142549428435698 -0.414337522409897 -0.803736310602086 255 128 255 255 
-0.153967561772165 -0.414356033238246 -0.8136588533214 255 128 255 255 
-0.122811905722754 -0.40675747062247 -0.801566100399862 255 128 255 255 
-0.0961637159382533 -1.04613246889698 0.0094737469663949 255 128 255 255 
-0.123355091915124 -1.0388976241773 0.0365345724166893 255 128 255 255 
-0.0994998507652402 -1.04737678638492 0.0460674101594547 255 128 255 255 
-0.173686005528339 -0.968833255138284 0.191521047827121 255 128 255 255 
-0.175936552041589 -0.867555018365936 0.285589594772084 255 128 255 255 
-0.144895880604639 -0.984448159357188 -0.149660055082957 255 128 255 255 
-0.13778498172738 -0.974709506418328 -0.17154002775115 255 128 255 255 
-0.0500000000000003 -0.457597936028561 -0.757849849476694 255 128 255 255 
-0.128984169954661 -0.348131597069304 -0.875913038173946 255 128 255 255 
-0.142135005854436 -0.36484111909312 -0.877285731719829 255 128 255 255 
-0.16277728412505 -0.370008759532849 -0.91117320101793 255 128 255 255 
-0.199999999999986 -0.469457634901424 -0.740709116060568 255 128 255 255 
-0.113244899268699 -0.394049612310553 -0.81085121768702 255 128 255 255 
-0.194404673795235 -0.373654561170957 -0.950785859521279 255 128 255 255 
-0.195278549204584 -0.37043873921656 -0.95511898150381 255 128 255 255 
-0.119471031868832 -1.02405313757157 -0.0735525063489509 255 128 255 255 
-0.0805568084631429 -0.272869434791202 -0.876295251745875 255 128 255 255 
-0.090350728177385 -0.0413185918897746 -0.935563072124401 255 128 255 255 
-0.148107614857283 -0.36227261461855 -0.893660063273504 255 128 255 255 
-0.139242024943372 -0.58055223045976 0.391032742761051 255 128 255 255 
-0.126031411995075 -0.583398592400754 0.386272155901568 255 128 255 255 
-0.0500000000000049 -0.200043408251012 -0.897271110434456 255 128 255 255 
-0.0499999999999929 -0.186545200384615 -0.901878878356558 255 128 255 255 
-0.049999999999988 -0.190928698966596 -0.900466633218791 255 128 255 255 
-0.0499999999999983 -0.194860513960358 -0.899098456780658 255 128 255 255 
-0.0954904449351566 -1.01127938068051 -0.124807938963567 255 128 255 255 
-0.177931439110033 -0.288750688557292 -0.974417390735089 255 128 255 255 
-0.144532690802405 -0.189842356042926 -0.941684204947897 255 128 255 255 
-0.0912725903058956 -1.01724550782834 -0.112338057924856 255 128 255 255 
-0.128013219324671 -0.37848847706684 -0.838625257594008 255 128 255 255 
-0.191394276197308 -0.619705652360537 0.430773585976369 255 128 255 255 
-0.050000000000003 -0.182138404949588 -0.903214242227745 255 128 255 255 
-0.199999999999963 -0.301576242228744 -0.980122374189414 255 128 255 255 
-0.199999999999988 -0.223905530765798 -0.981164743242255 255 128 255 255 
-0.0877112773658468 -0.895589946178426 0.295853862187427 255 128 255 255 
-0.0880504394762786 -0.389783961451433 -0.803218652198511 255 128 255 255 
-0.172972149865053 -1.00203213192734 -0.0779121200274055 255 128 255 255 
-0.156680907758765 -1.01027929855839 -0.0756504471144455 255 128 255 255 
-0.172751111973373 -0.508446956434341 -0.683909878539803 255 128 255 255 
-0.168477998490596 -0.222516443395495 -0.969870342241273 255 128 255 255 
-0.168608440285722 -0.211074120475441 -0.967845806672802 255 128 255 255 
-0.200000000000001 -0.82205235524199 0.299050236218989 255 128 255 255 
-0.180770419203518 -0.819806342806141 0.309937864123324 255 128 255 255 
-0.172813801353122 -0.213094039119607 -0.971127247077377 255 128 255 255 
-0.18033392252132 -0.689796988932133 -0.466882212668231 255 128 255 255 
-0.199999999999986 -0.685377609322891 -0.458521687873933 255 128 255 255 
-0.188064501714504 -0.670694029414851 -0.482598193933853 255 128 255 255 
-0.2 -0.666675488303484 -0.478606733446186 255 128 255 255 
-0.199999999999985 -0.647451202520881 -0.500210604891024 255 128 255 255 
-0.17937978985619 -0.657208487181957 -0.503342930758559 255 128 255 255 
-0.2 -0.297084380323357 0.180658369750531 255 128 255 255 
-0.200000000000001 -0.372324865488084 -0.958385679919913 255 128 255 255 
-0.0575753432986511 -0.0373239221659892 -0.937037014747987 255 128 255 255 
-0.186181951549832 -0.249706854557837 0.173344751745151 255 128 255 255 
-0.2 -0.232344727797716 0.166047211578536 255 128 255 255 
-0.2 -0.255228658401101 0.169155511352377 255 128 255 255 
-0.200000000000015 -0.988056380594579 -0.0753684298854016 255 128 255 255 
-0.200000000000023 -0.486139259238744 0.325007886277439 255 128 255 255 
-0.200000000000011 -1.00322985957111 0.00673725773728991 255 128 255 255 
-0.15823583189581 -0.518219590579432 0.349559026607192 255 128 255 255 
-0.147169746461661 -0.476498856691217 0.31218162825462 255 128 255 255 
-0.149973630688523 -0.49793066188011 0.330085237175631 255 128 255 255 
-0.13109117099005 -0.565483816921646 0.376676106378753 255 128 255 255 
-0.0499999999999992 -0.15794015566856 -0.910538384778766 255 128 255 255 
-0.2 -0.379411319864289 0.224206917974667 255 128 255 255 
-0.199999999999999 -0.352245070393337 0.206657307928273 255 128 255 255 
-0.095742879808174 -0.383613674810602 0.244025762247007 255 128 255 255 
-0.158787350476578 -1.01881848152688 -0.0346761836650098 255 128 255 255 
-0.2 -0.625436574205177 -0.525594806238275 255 128 255 255 
-0.199999999999934 -0.603781774829782 -0.552282718376203 255 128 255 255 
-0.152840162601777 -0.35890287610827 -0.908959790873116 255 128 255 255 
-0.173815430839711 -0.401433924549787 -0.864695247924508 255 128 255 255 
-0.2 -0.822427508597423 -0.321338196866186 255 128 255 255 
-0.19999999999954 -0.84269201667863 -0.300024446176479 255 128 255 255 
-0.106831094873008 -0.566543629653626 0.366001853179657 255 128 255 255 
-0.13945388192116 -0.272367060301181 -0.946141578972251 255 128 255 255 
-0.150673757023848 -0.407466653904314 -0.822017805661425 255 128 255 255 
-0.161911844325312 -0.411533356692816 -0.826629878149758 255 128 255 255 
-0.146706598753347 -0.271416828507416 -0.954045833699922 255 128 255 255 
-0.0895405996950979 -0.394144732612571 -0.800063019337538 255 128 255 255 
-0.171415672227834 -0.422935407334552 -0.814453132144561 255 128 255 255 
-0.153388171268196 -0.285017969877639 -0.957996232778718 255 128 255 255 
-0.163156609075066 -0.968795251681595 -0.163739434078547 255 128 255 255 
-0.16021217501568 -0.808468996911145 -0.358238859421752 255 128 255 255 
-0.200000000000011 -0.801639643315241 -0.342143668581162 255 128 255 255 
-0.182136408665473 -0.989945750738233 -0.0992428845002997 255 128 255 255 
-0.186686553330009 -0.999480750110373 -0.0619559804228119 255 128 255 255 
-0.200000000000044 -0.741840477029128 -0.401430654471078 255 128 255 255 
-0.131281811086472 -0.446879449116018 0.286508081450443 255 128 255 255 
-0.147364934697709 -0.543249095356898 0.366425382960994 255 128 255 255 
-0.183753892434818 -0.995900072925049 -0.0798475214867721 255 128 255 255 
-0.135976235829268 -1.03385311036549 0.0535103219252572 255 128 255 255 
-0.200000000000069 -0.918713984887206 -0.20895518912037 255 128 255 255 
-0.200000000000189 -0.704473301761932 -0.438802018169582 255 128 255 255 
-0.199999999999977 -0.722817947551283 -0.420394379913663 255 128 255 255 
-0.0500000000000364 -0.609413484628128 -0.614459837871481 255 128 255 255 
-0.2 -0.185811466086643 0.164705165277482 255 128 255 255 
-0.164286124194677 -0.157016374327686 0.17842705646405 255 128 255 255 
-0.199999999999994 -0.454440922452328 0.292069426324525 255 128 255 255 
-0.135236984482057 -0.124042224005517 0.188993147995353 255 128 255 255 
-0.151280965173205 -0.144653092677503 0.183098753752173 255 128 255 255 
-0.0499999999999177 -0.871738218489407 -0.32433794591097 255 128 255 255 
-0.05 -0.893375823293249 -0.301578519160909 255 128 255 255 
-0.0500000000000168 -0.62296302981797 -0.59784395755269 255 128 255 255 
-0.131349162067952 -0.992644509726798 -0.143022551862372 255 128 255 255 
-0.199999999999994 -0.484490039372488 -0.714952390553111 255 128 255 255 
-0.199999999999999 -0.482713215957107 -0.717824349251498 255 128 255 255 
-0.193373721582867 -0.4943728180815 -0.700064014037719 255 128 255 255 
-0.0499999999999895 -0.761131418800224 0.34873355435307 255 128 255 255 
-0.05 0 0.212854887923797 255 128 255 255 
-0.131431401106356 0 -0.936984343098086 255 128 255 255 
-0.144589990991326 0 -0.935226649853458 255 128 255 255 
-0.053109051601786 -0.637396377877734 0.360532415459772 255 128 255 255 
-0.12653194585175 -0.704962546566852 0.402154001232141 255 128 255 255 
-0.169271452201966 -0.241515836302174 -0.972579637397276 255 128 255 255 
-0.178107091899951 -0.242935700699217 -0.977030938333205 255 128 255 255 
-0.176144258426143 -0.236252761151231 -0.975889039140766 255 128 255 255 
-0.089894617390593 -0.252293771381555 -0.889307663394857 255 128 255 255 
-0.175909336543401 -0.365929993205295 -0.936562152208723 255 128 255 255 
-0.166248411488524 -0.614248074896423 0.42078613005611 255 128 255 255 
-0.145493320424773 -0.616760672355626 0.412667699151856 255 128 255 255 
-0.177451190899377 -0.711610818536205 0.411117103865865 255 128 255 255 
-0.114144236116158 -0.719362719057065 0.390258077272618 255 128 255 255 
-0.125203455374474 -0.712768656693648 0.397868203354624 255 128 255 255 
-0.120452010284173 -0.706225959139243 0.399224373199568 255 128 255 255 
-0.173504187959678 -0.70580879965212 0.414847275824441 255 128 255 255 
-0.0607271103209772 -0.6565576638642 0.368234749764558 255 128 255 255 
-0.0564648204648889 -0.664301117373525 0.365443656026103 255 128 255 255 
-0.168171521899199 -0.255917496726197 -0.972096026540545 255 128 255 255 
-0.187129729709251 -0.263392050972229 -0.97978519931343 255 128 255 255 
-0.183170360042513 -0.258927235173383 -0.978833407859549 255 128 255 255 
-0.174971891084545 -0.229460384979905 -0.974686577510458 255 128 255 255 
-0.0968421559058978 -0.727864956300329 0.378958241783902 255 128 255 255 
-0.177726652214227 -0.322048813956878 -0.96534541604437 255 128 255 255 
-0.10177196366039 -0.744613712132363 0.3711508158973 255 128 255 255 
-0.0989189024772671 -0.656233115287127 0.395105599966139 255 128 255 255 
-0.106823573842784 -0.65602470405753 0.399924931971397 255 128 255 255 
-0.106156642671675 -0.653119673894736 0.399245053343024 255 128 255 255 
-0.103357970367294 -0.644103116447817 0.396261056549474 255 128 255 255 
-0.200000000000212 -0.161495601726046 -0.972360658374983 255 128 255 255 
-0.0882974765927859 -0.657611471607617 0.388377468838457 255 128 255 255 
-0.0879410068002816 -0.648431191841388 0.387107407256001 255 128 255 255 
-0.0899851692961515 -0.666152865755327 0.389818763847395 255 128 255 255 
-0.0842131393375013 -0.30602939332107 -0.861466636848711 255 128 255 255 
-0.14681084493184 -1.02700439499887 -0.0161106602606885 255 128 255 255 
-0.146294003385275 -1.02506283884524 -0.0296236345760616 255 128 255 255 
-0.167563058258009 -0.202798781670657 -0.965252777669508 255 128 255 255 
-0.164428183098715 -0.766527107753243 0.343279638212065 255 128 255 255 
-0.175735553610025 -0.628932691782094 0.428344894599668 255 128 255 255 
-0.183083042199852 -0.620811466562301 0.428754222372994 255 128 255 255 
-0.151967055743419 -0.624505206442628 0.418296141565283 255 128 255 255 
-0.0942981996146851 -0.984670679813568 -0.175364993541678 255 128 255 255 
-0.191299225312441 -0.104963451332712 -0.940963353886943 255 128 255 255 
-0.190512437891298 -0.375202286145386 -0.942565035355836 255 128 255 255 
-0.192784686191255 -0.378410750378005 -0.941498579217108 255 128 255 255 
-0.170558876445296 -0.757413555073289 0.34685330305307 255 128 255 255 
-0.096723332035883 0 -0.940320510767118 255 128 255 255 
-0.199999999999998 -0.246132590010922 -0.981324445268276 255 128 255 255 
-0.2 -0.241514461935342 -0.981317667454536 255 128 255 255 
-0.199999999999983 -0.236896333407777 -0.981309993746306 255 128 255 255 
-0.20000000000001 -0.232477807881768 -0.981276922324551 255 128 255 255 
-0.2 -0.745021755229597 0.336978471466017 255 128 255 255 
-0.199999999999966 -0.436916363479477 -0.81329493976339 255 128 255 255 
-0.200000000000001 -0.434110745422045 -0.820676053645172 255 128 255 255 
-0.200000000000088 -0.440492836042846 -0.803603001040353 255 128 255 255 
-0.199999999999983 -0.431332795276636 -0.828067935305914 255 128 255 255 
-0.199999999999765 -0.428544980396467 -0.835608705466526 255 128 255 255 
-0.199999999999848 -0.392948632563902 -0.931618824233482 255 255 128 255 
-0.199999999999999 -0.39870100117448 -0.923237225371915 255 255 128 255 
-0.2 -0.391537998443048 -0.915692703156198 255 255 128 255 
-0.200000000000073 -0.95801369538916 0.101219086239511 255 255 128 255 
-0.2 -0.961241348229928 0.0901250920305725 255 255 128 255 
-0.2 -0.96926586793011 0.0930951891015392 255 255 128 255 
-0.199999999999782 -0.709958020090231 0.340154683077004 255 255 128 255 
-0.2 -0.709730758771624 0.33647071054457 255 255 128 255 
-0.2 -0.71514115911942 0.335606319075644 255 255 128 255 
-0.2 -0.714553508046687 0.319925423757654 255 255 128 255 
-0.199999999999857 -0.714618777802301 0.314673343743589 255 255 128 255 
-0.2 -0.718013374340538 0.315506871438568 255 255 128 255 
-0.2 -0.969304379311483 -0.0301993089891917 255 255 128 255 
-0.2 -0.966735748422816 -0.0209760336817597 255 255 128 255 
-0.2 -0.965341962200509 -0.0298341952977963 255 255 128 255 
-0.200000000000154 -0.967762030396797 -0.00229454564983057 255 255 128 255 
-0.200000000000003 -0.96695933804429 -0.00741905780085634 255 255 128 255 
-0.2 -0.968393879315747 -0.0101018813392899 255 255 128 255 
-0.2 -0.0201367885297097 -0.913505733501276 255 255 128 255 
-0.2 -0.021026619569565 -0.916361915782537 255 255 128 255 
-0.2 -0.0248422610293375 -0.915024911961577 255 255 128 255 
-0.2 -0.025597808758236 -0.919799626541566 255 255 128 255 
-0.2 -0.975025943133975 -0.0139360809918029 255 255 128 255 
-0.2 -0.983959980999672 -0.0123912295876047 255 255 128 255 
-0.2 -0.981675305573836 0.00350125694474048 255 255 128 255 
-0.2 -0.434100860588135 -0.764600633849562 255 255 128 255 
-0.2 -0.450119920196608 -0.752806386557339 255 255 128 255 
-0.2 -0.437978849411236 -0.752880508995641 255 255 128 255 
-0.2 -0.382884815570459 -0.880850586537485 255 255 128 255 
-0.2 -0.380739236630121 -0.897784730221104 255 255 128 255 
-0.2 -0.386476068572324 -0.891798517523128 255 255 128 255 
-0.199999999999879 -0.226260252393426 -0.951081648100859 255 255 128 255 
-0.2 -0.215947309536531 -0.96359520119362 255 255 128 255 
-0.2 -0.218552289347941 -0.969871755019793 255 255 128 255 
-0.2 -0.813975708202328 0.276341642746357 255 255 128 255 
-0.2 -0.812674663137773 0.271181836397479 255 255 128 255 
-0.2 -0.820818116187127 0.271285486185779 255 255 128 255 
-0.2 -0.810254312289149 0.284353819535121 255 255 128 255 
-0.199999999999934 -0.801583796639075 0.272023449476969 255 255 128 255 
-0.2 -0.827355367889275 0.280998183785665 255 255 128 255 
-0.2 -0.820133609881819 0.27756299919295 255 255 128 255 
-0.19999999999999 -0.966121299139363 -0.0125377830059303 255 255 128 255 
-0.2 -0.967547567073497 -0.0135200842941536 255 255 128 255 
-0.2 -0.0135314141534166 -0.917118907433661 255 255 128 255 
-0.2 -0.948222629278717 -0.0848644702371232 255 255 128 255 
-0.199999999999769 -0.944634972963853 -0.0939015201463439 255 255 128 255 
-0.2 -0.947418335664709 -0.0962236519098593 255 255 128 255 
-0.200000000000054 -0.486585787647719 -0.656196328276759 255 255 128 255 
-0.2 -0.484285009945122 -0.680858455866992 255 255 128 255 
-0.2 -0.494865986375656 -0.675179834899082 255 255 128 255 
-0.2 -0.953446107123821 -0.0948121222198952 255 255 128 255 
-0.199999999999994 -0.454440922452328 0.292069426324525 255 255 128 255 
-0.2 -0.45451886533045 0.274817807126397 255 255 128 255 
-0.2 -0.473420151145106 0.284073328033533 255 255 128 255 
-0.199999999999967 -0.234495285125104 -0.951263493813329 255 255 128 255 
-0.200000000000009 -0.219722779412437 -0.981058479641441 255 255 128 255 
-0.2 -0.232048949534052 -0.966515886676556 255 255 128 255 
-0.200000000000153 -0.465402157242106 -0.748328291498086 255 255 128 255 
-0.2 -0.459624003954444 -0.744889568396079 255 255 128 255 
-0.200000000000004 -0.422753293962832 -0.765963358277969 255 255 128 255 
-0.2 -0.570505131891118 0.376174831042772 255 255 128 255 
-0.19999999999994 -0.566801611978888 0.36360861553202 255 255 128 255 
-0.2 -0.580893635423955 0.378357591180546 255 255 128 255 
-0.200000000000005 -0.539380499771583 0.379414591544025 255 255 128 255 
-0.200000000000145 -0.556607075606067 0.35407579629809 255 255 128 255 
-0.2 -0.550450660087114 0.375554723420642 255 255 128 255 
-0.2 -0.232344727797716 0.166047211578536 255 255 128 255 
-0.2 -0.21682011720678 0.132524944721109 255 255 128 255 
-0.2 -0.246310619114007 0.15553747822894 255 255 128 255 
-0.2 -0.249500140335572 0.135410306429213 255 255 128 255 
-0.2 -0.277659451828865 0.174549417063465 255 255 128 255 
-0.2 -0.971668250278296 -0.00508550978248786 255 255 128 255 
-0.200000000000131 -0.163780371657536 -0.937132039749192 255 255 128 255 
-0.2 -0.160953728887625 -0.945558870173198 255 255 128 255 
-0.2 -0.172247832075924 -0.944048149432363 255 255 128 255 
-0.2 -0.972044349818734 0.00696699301125933 255 255 128 255 
-0.2 -0.974704574365356 -0.000130006360080922 255 255 128 255 
-0.2 -0.97559682008318 0.00679920536363552 255 255 128 255 
-0.2 -0.973052394007328 -0.00464197215282315 255 255 128 255 
-0.199999999999997 -0.965235892680174 -0.0183237677425496 255 255 128 255 
-0.200000000000187 -0.964080925510756 -0.0258859048083839 255 255 128 255 
-0.199999999999926 -0.39423921648448 -0.831297028615055 255 255 128 255 
-0.200000000000004 -0.420961079431041 -0.861162512277574 255 255 128 255 
-0.2 -0.416615781145811 -0.843718330030725 255 255 128 255 
-0.2 -0.372960455570058 -0.903547387127348 255 255 128 255 
-0.2 -0.378172961519481 -0.915968475732833 255 255 128 255 
-0.2 -0.380932665397967 -0.931953599583323 255 255 128 255 
-0.2 -0.450313164157087 -0.725364766524271 255 255 128 255 
-0.19999999999998 -0.446389799738597 -0.72023838806753 255 255 128 255 
-0.2 -0.446290890741203 -0.730512777851942 255 255 128 255 
-0.2 -0.37556303187331 -0.892333578376933 255 255 128 255 
-0.2 -0.969902570932583 0.1365017979706 255 255 128 255 
-0.200000000000242 -0.980579103258671 0.141581993249034 255 255 128 255 
-0.2 -0.972120725242279 0.144332313490238 255 255 128 255 
-0.199999999999979 -0.975741057074695 0.152205471043156 255 255 128 255 
-0.2 -0.970832633575084 0.000530559664505234 255 255 128 255 
-0.199999999999983 -0.968141320440305 0.00221286289638478 255 255 128 255 
-0.2 -0.970174443966607 -0.0107154474770507 255 255 128 255 
-0.2 -0.96952757044527 -0.0165656656429316 255 255 128 255 
-0.199999999999956 -0.968470746084288 0.0066516160345663 255 255 128 255 
-0.199999999999877 -0.944804377429628 0.13540133478078 255 255 128 255 
-0.2 -0.949920682141998 0.124203217606273 255 255 128 255 
-0.2 -0.953465459281402 0.137050372364319 255 255 128 255 
-0.199999999999973 -0.927073405673407 0.223375819859038 255 255 128 255 
-0.2 -0.912457061161195 0.223526824111836 255 255 128 255 
-0.2 -0.917029059183305 0.205928765552776 255 255 128 255 
-0.199999999999855 -0.914387953792144 0.236274012809241 255 255 128 255 
-0.2 -0.891452406407729 0.229343020307318 255 255 128 255 
-0.2 -0.976384505115973 0.130246174565069 255 255 128 255 
-0.2 -0.978828831537611 0.120272537862902 255 255 128 255 
-0.2 -0.967477137831774 0.122390102770185 255 255 128 255 
-0.2 -0.974149796598604 0.113993770237101 255 255 128 255 
-0.2 -0.985136678152682 0.130489588283383 255 255 128 255 
-0.2 -0.9771978512633 -0.0442851831027499 255 255 128 255 
-0.2 -0.967179370796559 -0.0717572815695488 255 255 128 255 
-0.2 -0.982081317916416 -0.059717616841952 255 255 128 255 
-0.200000000000012 -0.9907316250781 -0.0660880696453266 255 255 128 255 
-0.200000000000006 -0.993219728818852 -0.0567558577631627 255 255 128 255 
-0.2 -0.251612544939673 -0.968082437195694 255 255 128 255 
-0.2 -0.244178065037294 -0.969920556028232 255 255 128 255 
-0.2 -0.250056921659029 -0.973133317208651 255 255 128 255 
-0.199999999999998 -0.00965352269618957 -0.927381219344202 255 255 128 255 
-0.2 0 -0.923174953953607 255 255 128 255 
-0.2 0 -0.927032409553655 255 255 128 255 
-0.2 -0.431062089032732 -0.774260258923517 255 255 128 255 
-0.2 -0.436652820940655 -0.778032310821144 255 255 128 255 
-0.2 -0.445044492298518 -0.765005428756101 255 255 128 255 
-0.2 -0.525967149612367 -0.652969670459756 255 255 128 255 
-0.199999999999897 -0.542217193039812 -0.631421723819715 255 255 128 255 
-0.2 -0.514264067051183 -0.662328830216845 255 255 128 255 
-0.2 -0.50114461176933 -0.679491142790822 255 255 128 255 
-0.2 -0.504245371188662 -0.668092336834406 255 255 128 255 
-0.2 -0.498256849029543 0.308596814242797 255 255 128 255 
-0.2 -0.507097452580097 0.313985402329614 255 255 128 255 
-0.2 -0.495032352445489 0.31632708399894 255 255 128 255 
-0.2 -0.960602891301383 0.133434254265048 255 255 128 255 
-0.2 -0.379136457838518 -0.874542276146797 255 255 128 255 
-0.200000000000015 -0.375220647005923 -0.885022245408467 255 255 128 255 
-0.2 -0.378201238072053 -0.88318717161742 255 255 128 255 
-0.200000000000027 -0.386328304210273 -0.852799939098023 255 255 128 255 
-0.2 -0.38274191737558 -0.867961779446483 255 255 128 255 
-0.200000000000084 -0.382619954790707 -0.863645580143155 255 255 128 255 
-0.2 -0.00318406501577535 -0.911721269215409 255 255 128 255 
-0.2 -0.0151251709885615 -0.907891087075866 255 255 128 255 
-0.19999999999958 -0.91430333153678 -0.153622370745969 255 255 128 255 
-0.199999999999729 -0.907214397808601 -0.165008487610152 255 255 128 255 
-0.2 -0.913300906004001 -0.170425370773867 255 255 128 255 
-0.199999999999751 -0.900064601126093 -0.175806462068381 255 255 128 255 
-0.2 -0.907153642947001 -0.192141667141587 255 255 128 255 
-0.2 -0.924961130344512 -0.176432873000932 255 255 128 255 
-0.2 -0.901938404466086 -0.185670070906934 255 255 128 255 
-0.2 -0.961041439747775 -0.109895763057042 255 255 128 255 
-0.2 -0.95438017199267 0.112863231530686 255 255 128 255 
-0.2 -0.960593561069427 0.112123432744808 255 255 128 255 
-0.2 0 -0.903744768866741 255 255 128 255 
-0.2 0 -0.907535594607975 255 255 128 255 
-0.200000000000291 -0.970660488713689 -0.12189777215634 255 255 128 255 
-0.2 -0.976593086123062 -0.108122914377074 255 255 128 255 
-0.199999999999876 -0.958745008998271 -0.0503554130197225 255 255 128 255 
-0.2 -0.960785799290992 -0.0640992755363363 255 255 128 255 
-0.2 -0.96421434554002 -0.135450367856382 255 255 128 255 
-0.199999999999908 -0.984956874197126 -0.0855898864145639 255 255 128 255 
-0.2 -0.981264604702498 -0.0780624511384909 255 255 128 255 
-0.2 -0.975398772846125 -0.0915085881776138 255 255 128 255 
-0.2 -0.710822401570972 0.321475328874148 255 255 128 255 
-0.200000000000256 -0.709048867624813 0.323271384305704 255 255 128 255 
-0.200000000000104 -0.709089378077164 0.32157677352714 255 255 128 255 
-0.2 -0.673008001390114 0.407390832586199 255 255 128 255 
-0.2 -0.67891461865646 0.416375176229137 255 255 128 255 
-0.2 -0.670603567821728 0.41026559664846 255 255 128 255 
-0.2 -0.956832907466605 -0.0655761672569296 255 255 128 255 
-0.2 -0.956745988100236 -0.0734127999439086 255 255 128 255 
-0.2 -0.960385909902531 -0.0687082402991442 255 255 128 255 
-0.199999999999983 -0.953767355247626 -0.0673788140024367 255 255 128 255 
-0.199999999999778 -0.951109123056768 -0.0761578403567972 255 255 128 255 
-0.2 -0.740158397034967 0.347993009845549 255 255 128 255 
-0.2 -0.737437605694799 0.342896547008771 255 255 128 255 
-0.2 -0.746396181154689 0.336950280755665 255 255 128 255 
-0.2 -0.319185056845363 -0.951354532349184 255 255 128 255 
-0.2 -0.321927740362439 -0.95897425729744 255 255 128 255 
-0.2 -0.325582785477651 -0.955369004488852 255 255 128 255 
-0.200000000000052 -0.999107093217312 -0.0289686148875885 255 255 128 255 
-0.19999999999969 -1.00064735676933 -0.019779626143943 255 255 128 255 
-0.2 -0.999049498621953 -0.0263295567433436 255 255 128 255 
-0.200000000000025 -0.997339756148537 -0.0382497225207365 255 255 128 255 
-0.2 -0.986287334527484 -0.0305690966016244 255 255 128 255 
-0.2 -0.741033212876146 0.332153120989467 255 255 128 255 
-0.2 -0.733592027406723 0.332892782776432 255 255 128 255 
-0.2 -0.734681095886491 0.328527623230781 255 255 128 255 
-0.2 -0.726455349550521 0.334614257031537 255 255 128 255 
-0.2 -0.735636599641154 0.321821185464677 255 255 128 255 
-0.2 -0.74265667008518 0.323001718324404 255 255 128 255 
-0.2 -0.728528956700623 0.326554078530027 255 255 128 255 
-0.199999999999853 -0.709131687059437 0.32637177017194 255 255 128 255 
-0.2 -0.711526919619337 0.324576745611918 255 255 128 255 
-0.2 -0.727877908044988 0.308121031284145 255 255 128 255 
-0.199999999999999 -0.731635786162807 0.306434287290121 255 255 128 255 
-0.2 -0.731230653082371 0.308788280621242 255 255 128 255 
-0.2 -0.765773336447586 0.327348889642895 255 255 128 255 
-0.2 -0.756843355913679 0.327203508757006 255 255 128 255 
-0.2 -0.771618163105312 0.319676491631522 255 255 128 255 
-0.199999999999955 -0.773348364910149 0.323908247970003 255 255 128 255 
-0.199999999999972 -0.780686448468831 0.320452528926281 255 255 128 255 
-0.2 -0.758040933913216 0.31630273820647 255 255 128 255 
-0.2 -0.790203505210405 0.311283221166703 255 255 128 255 
-0.2 -0.776389016223333 0.311187179697615 255 255 128 255 
-0.2 -0.666553716249712 0.424974477181604 255 255 128 255 
-0.20000000000025 -0.654117644629734 0.406420382671726 255 255 128 255 
-0.2 -0.666267351509819 0.412005278618282 255 255 128 255 
-0.200000000000054 -0.0909271247141942 0.139502603027297 255 255 128 255 
-0.2 -0.13931998656689 0.166965525242939 255 255 128 255 
-0.2 -0.0716140030402898 0.163688157302626 255 255 128 255 
-0.2 -0.256370706401263 -0.965913887890213 255 255 128 255 
-0.2 -0.262007327301788 -0.965920927866705 255 255 128 255 
-0.2 -0.258971631355569 -0.962732018772428 255 255 128 255 
-0.2 -0.100440751842732 -0.938717407683704 255 255 128 255 
-0.200000000000055 -0.100292733383627 -0.943145693343146 255 255 128 255 
-0.2 -0.105314951388841 -0.940114023577199 255 255 128 255 
-0.200000000000027 -0.108826802381672 -0.947796139587138 255 255 128 255 
-0.199999999999999 -0.111715085298532 -0.949493289231778 255 255 128 255 
-0.2 -0.111182530737375 -0.941763141762017 255 255 128 255 
-0.199999999999999 -0.70951186939277 0.333025690416865 255 255 128 255 
-0.200000000000013 -0.709305289054942 0.329579888198417 255 255 128 255 
-0.2 -0.712392121131419 0.331858623865238 255 255 128 255 
-0.2 -0.61285507521663 0.419765654477854 255 255 128 255 
-0.199999999999918 -0.605810782121837 0.427851888228037 255 255 128 255 
-0.2 -0.610046685897231 0.410042995722011 255 255 128 255 
-0.199999999999996 -0.616526056486359 0.43170480820034 255 255 128 255 
-0.200000000000044 -0.611500740816675 0.430111235245034 255 255 128 255 
-0.2 -0.721633580077151 0.318835029214905 255 255 128 255 
-0.200000000000015 -0.758198307985128 0.330789531316019 255 255 128 255 
-0.200000000000316 -0.69082899124798 0.426966999793559 255 255 128 255 
-0.199999999999765 -0.684013414386334 0.430262627672319 255 255 128 255 
-0.2 -0.6828487332454 0.426557775634006 255 255 128 255 
-0.199999999999979 -0.211330775994968 -0.98073542021137 255 255 128 255 
-0.200000000000033 -0.215541148571529 -0.980915538071307 255 255 128 255 
-0.199999999999878 -0.67284530042862 0.402229105581896 255 255 128 255 
-0.200000000000226 -0.677595459946302 0.39997794139747 255 255 128 255 
-0.2 -0.680172777162751 0.403881130859501 255 255 128 255 
-0.200000000000021 -0.682084049779072 0.397230272212779 255 255 128 255 
-0.2 -0.685472442562804 0.400210403746052 255 255 128 255 
-0.200000000000016 -0.170954590929257 -0.939915633222088 255 255 128 255 
-0.2 -0.169111918215714 -0.949168613875382 255 255 128 255 
-0.2 -0.179568609895339 -0.950213343808995 255 255 128 255 
-0.2 -0.164008258324414 -0.951489950360446 255 255 128 255 
-0.2 -0.168790781348479 -0.954542836862728 255 255 128 255 
-0.2 -0.617979334160408 0.420265141146832 255 255 128 255 
-0.2 -0.713485297031714 0.37597502748608 255 255 128 255 
-0.199999999999883 -0.706231580151153 0.365627202575684 255 255 128 255 
-0.2 -0.713841385113389 0.362838126673374 255 255 128 255 
-0.2 -0.136971915047178 -0.958886596987929 255 255 128 255 
-0.2 -0.141761949192718 -0.953003879377367 255 255 128 255 
-0.2 -0.133867754760616 -0.957449462213371 255 255 128 255 
-0.199999999999813 -0.812767861180146 0.304037692759499 255 255 128 255 
-0.2 -0.795230227956117 0.293207771127697 255 255 128 255 
-0.2 -0.812108411415047 0.293926608111315 255 255 128 255 
-0.200000000000054 -0.177857147790113 -0.942286022083825 255 255 128 255 
-0.2 -0.723491473514283 0.324443878372371 255 255 128 255 
-0.2 -0.721986690586597 0.32961425651 255 255 128 255 
-0.2 -0.716270000548242 0.326817508538426 255 255 128 255 
-0.2 -0.72885752381552 0.313627427657871 255 255 128 255 
-0.200000000000029 -0.724582242625071 0.309632627534806 255 255 128 255 
-0.2 -0.750378226384344 0.334381019394817 255 255 128 255 
-0.199999999999913 -0.677637908690826 0.432626298841011 255 255 128 255 
-0.19999999999983 -0.646749914944868 0.406326090487731 255 255 128 255 
-0.2 -0.64299579814201 0.414169982333983 255 255 128 255 
-0.2 -0.645231906368962 0.427060420983802 255 255 128 255 
-0.2 -0.383281751855172 -0.946206983011085 255 255 128 255 
-0.2 -0.3877635668343 -0.938647748717374 255 255 128 255 
-0.2 -0.379327533334811 -0.940501151241316 255 255 128 255 
-0.2 -0.689981047379543 0.415343440693637 255 255 128 255 
-0.2 -0.698914294406775 0.414283943413781 255 255 128 255 
-0.199999999999961 -0.71793999499269 0.312884228556402 255 255 128 255 
-0.199999999999994 -0.721321010783861 0.311216331920291 255 255 128 255 
-0.2 -0.668483896258618 0.407280410748749 255 255 128 255 
-0.2 -0.736346557021363 0.350830969830388 255 255 128 255 
-0.2 -0.736033206328381 0.348018651146673 255 255 128 255 
-0.200000000000029 -0.585690536748718 0.417178996645114 255 255 128 255 
-0.199999999999796 -0.577593720724692 0.411884237680055 255 255 128 255 
-0.2 -0.577878094139937 0.40426061595822 255 255 128 255 
-0.2 -0.589880271643599 0.406708481056667 255 255 128 255 
-0.2 -0.183512183050948 -0.944066488191359 255 255 128 255 
-0.199999999999771 -0.561835557559473 0.39996298786191 255 255 128 255 
-0.200000000000095 -0.554047237502764 0.393277629538984 255 255 128 255 
-0.2 -0.559116059519992 0.382366737670012 255 255 128 255 
-0.199999999999999 -0.735383637210861 0.304725204099285 255 255 128 255 
-0.199999999999975 -0.133338575070106 -0.922105083788433 255 255 128 255 
-0.2 -0.121020522595161 -0.926930460687728 255 255 128 255 
-0.2 -0.126483929731926 -0.929638559335248 255 255 128 255 
-0.2 -0.837002284101933 0.275746103081249 255 255 128 255 
-0.2 -0.830187444573154 0.270126789601587 255 255 128 255 
-0.2 -0.715275178766414 0.397207577008886 255 255 128 255 
-0.2 -0.715201286886161 0.387856112695611 255 255 128 255 
-0.200000000000446 -0.729640181807522 0.388417247608272 255 255 128 255 
-0.200000000000307 -0.72445895066736 0.396298450462088 255 255 128 255 
-0.199999999999994 -0.741225065235109 0.302060644510959 255 255 128 255 
-0.200000000000001 -0.748743289245031 0.298653962156643 255 255 128 255 
-0.2 -0.747199140198043 0.302938852655234 255 255 128 255 
-0.200000000000015 -0.481619098498788 -0.719609176190983 255 255 128 255 
-0.199999999999972 -0.461620038134036 -0.695075963817437 255 255 128 255 
-0.2 -0.469451345966984 -0.711896795079952 255 255 128 255 
-0.2 -0.467622432823683 -0.719069443319275 255 255 128 255 
-0.200000000000004 -0.450972258108543 -0.712496862499487 255 255 128 255 
-0.2 -0.462781978735682 -0.727886143384711 255 255 128 255 
-0.199999999999986 -0.469457634901424 -0.740709116060568 255 255 128 255 
-0.199999999999999 -0.47281186200009 -0.734732282719905 255 255 128 255 
-0.2 -0.464641997178626 -0.735260221274004 255 255 128 255 
-0.2 -0.979883610979936 0.061415902204013 255 255 128 255 
-0.2 -0.985130114347838 0.0682989470517362 255 255 128 255 
-0.2 -0.974198879857746 0.0725051998926823 255 255 128 255 
-0.2 -0.453516303477638 -0.737714479468323 255 255 128 255 
-0.19999999999987 -0.423384092980503 -0.852174341484531 255 255 128 255 
-0.2 -0.98666368390387 0.0528165462949405 255 255 128 255 
-0.2 -0.996835181331539 0.0521035656692247 255 255 128 255 
-0.2 -0.995358630277799 0.0625073884876157 255 255 128 255 
-0.200000000000008 -0.0716610089792848 -0.934730204821334 255 255 128 255 
-0.199999999999954 -0.0797059177275681 -0.93633091576503 255 255 128 255 
-0.2 -0.074460760816637 -0.931057291453691 255 255 128 255 
-0.199999999999999 -0.963824510436058 0.079513037342348 255 255 128 255 
-0.199999999999768 -0.965503456380087 0.0687485670002861 255 255 128 255 
-0.200000000000516 -0.667075964540112 0.404328323514097 255 255 128 255 
-0.2 -0.732155532116531 0.336254418321453 255 255 128 255 
-0.2 -0.727461937313916 0.345317210295251 255 255 128 255 
-0.2 -0.704044680481103 0.403208723107852 255 255 128 255 
-0.2 -0.712344163656064 0.410973086290456 255 255 128 255 
-0.199999999999553 -1.00319221457465 0.054699917096694 255 255 128 255 
-0.200000000000017 -1.00219761022682 0.0627382899957365 255 255 128 255 
-0.2 -0.995333300101924 0.0435560123022707 255 255 128 255 
-0.199999999999916 -1.00363863940096 0.0469520284621098 255 255 128 255 
-0.200000000000055 -1.00105342418815 0.070755314665355 255 255 128 255 
-0.2 -0.992860140197551 -0.00858192282058388 255 255 128 255 
-0.199999999999989 -1.00165818440129 -0.0108084749973271 255 255 128 255 
-0.199999999999785 -1.00257022073588 -0.00204508737348182 255 255 128 255 
-0.2 -0.999103788352636 -0.0183202634211067 255 255 128 255 
-0.200000000000023 -0.486139259238744 0.325007886277439 255 255 128 255 
-0.200000000000033 -0.476690027447975 0.315209443349525 255 255 128 255 
-0.199999999999999 -0.378208974747647 -0.952661296020534 255 255 128 255 
-0.200000000000011 -1.00322985957111 0.00673725773728991 255 255 128 255 
-0.2 -0.982230950166741 0.0843983105447481 255 255 128 255 
-0.2 -0.992447498612911 0.0761565019767269 255 255 128 255 
-0.2 -0.991498505270942 0.0914034445531429 255 255 128 255 
-0.2 -0.349870544950691 -0.947574381334243 255 255 128 255 
-0.2 -0.360798482949469 -0.959050422645327 255 255 128 255 
-0.2 -0.364803790675327 -0.949633608938046 255 255 128 255 
-0.200000000000377 -0.639419076651846 0.405487526010122 255 255 128 255 
-0.200000000000093 -0.569753975788139 0.406221074667141 255 255 128 255 
-0.2 -0.948415125873985 0.16462882056872 255 255 128 255 
-0.2 -0.95197869023206 0.154571798491108 255 255 128 255 
-0.2 -0.959677959072176 0.163849044849743 255 255 128 255 
-0.200000000000093 -0.965492799503416 0.171336761150993 255 255 128 255 
-0.200000000000079 -0.960411318838463 0.17953287266756 255 255 128 255 
-0.200000000000014 -0.546699005450813 0.386361768170441 255 255 128 255 
-0.2 -0.585944693313829 0.387480840867424 255 255 128 255 
-0.2 -0.57366753740206 0.391159282615221 255 255 128 255 
-0.2 -0.705534661132156 0.417284471499203 255 255 128 255 
-0.2 -0.698382351956425 0.422457897161344 255 255 128 255 
-0.2 -0.90399389365055 0.21634540972497 255 255 128 255 
-0.2 -0.895037047849973 0.20658302892795 255 255 128 255 
-0.199999999999963 -0.904161489771694 0.196658110526471 255 255 128 255 
-0.200000000000153 -0.970804450621423 0.161871641634979 255 255 128 255 
-0.2 -0.967120333868547 0.156241619094012 255 255 128 255 
-0.2 -0.157178348507582 -0.956691217778045 255 255 128 255 
-0.19999999999999 -0.153789707306519 -0.969493019766117 255 255 128 255 
-0.2 -0.16903519700079 -0.963421800016679 255 255 128 255 
-0.2 -0.70240174990456 0.389825526725071 255 255 128 255 
-0.2 -0.691296885892965 0.403756080540454 255 255 128 255 
-0.2 -0.693419082597198 0.394698444432956 255 255 128 255 
-0.200000000000107 -0.67112639613685 0.434582006156615 255 255 128 255 
-0.199999999999927 -0.665762847357113 0.435679677649712 255 255 128 255 
-0.2 -0.493498875236573 0.299643377303059 255 255 128 255 
-0.2 -0.48373640306662 0.304588577245455 255 255 128 255 
-0.200000000000003 -0.480221828784446 -0.722018274125845 255 255 128 255 
-0.200000000000071 -0.456173331593966 -0.703711117946219 255 255 128 255 
-0.200000000000004 -0.744088235890865 0.341824536637753 255 255 128 255 
-0.200000000000036 -0.742962839576063 0.34985081256375 255 255 128 255 
-0.200000000000314 -0.577125911800732 0.373001940704706 255 255 128 255 
-0.2 -0.587361348339116 0.381331567137873 255 255 128 255 
-0.2 -0.665419018866958 0.406151109721615 255 255 128 255 
-0.2 -0.661083366157632 0.405723764478754 255 255 128 255 
-0.199999999999948 -0.664107896084797 0.405146764806538 255 255 128 255 
-0.2 -0.666371440122951 0.408285232043172 255 255 128 255 
-0.2 -0.367305711367791 -0.959500264615571 255 255 128 255 
-0.2 -0.365633325219508 -0.963255594790559 255 255 128 255 
-0.199999999999802 -0.369081961474537 -0.96096196402112 255 255 128 255 
-0.2 -0.712080844097179 0.317896552811006 255 255 128 255 
-0.2 -0.711429820969468 0.31959653815533 255 255 128 255 
-0.2 -0.710422368574588 0.318788004277346 255 255 128 255 
-0.2 -0.709950120313046 0.317746162938778 255 255 128 255 
-0.199999999999995 -0.709269982557917 0.319897381056493 255 255 128 255 
-0.2 -0.332674521015147 0.17782791537665 255 255 128 255 
-0.199999999999996 -0.315936818851752 0.188326966965997 255 255 128 255 
-0.2 -0.307900179514145 0.1783492885538 255 255 128 255 
-0.2 -0.316145725551606 0.170383773612356 255 255 128 255 
-0.2 -0.362991346065124 -0.909440935033314 255 255 128 255 
-0.199999999999999 -0.358852990620496 -0.915288280469356 255 255 128 255 
-0.2 -0.366616982735611 -0.918432372306779 255 255 128 255 
-0.200000000000018 -0.415104332842061 -0.882002035636035 255 255 128 255 
-0.2 -0.401808997396706 -0.87854810806684 255 255 128 255 
-0.199999999999998 -0.371596943812283 -0.893744615522233 255 255 128 255 
-0.200000000000073 -0.139412628083636 -0.963992039838992 255 255 128 255 
-0.199999999999964 -0.146096337895896 -0.966592163543889 255 255 128 255 
-0.199999999999999 -0.486677864981339 -0.711582065581998 255 255 128 255 
-0.200000000000016 -0.49094410472086 -0.704985058342682 255 255 128 255 
-0.2 -0.492844693753337 -0.693689836556353 255 255 128 255 
-0.199999999999994 -0.114602933765812 -0.951191168644745 255 255 128 255 
-0.2 -0.120290439101841 -0.938748424479277 255 255 128 255 
-0.200000000000103 -0.12493737954415 -0.917962453864279 255 255 128 255 
-0.2 -0.123420025772509 -0.922452752394061 255 255 128 255 
-0.2 -0.366450632737342 -0.933031797991611 255 255 128 255 
-0.2 -0.818389751079023 0.281642265689844 255 255 128 255 
-0.2 -0.864579000259898 0.251208325753503 255 255 128 255 
-0.2 -0.83958038677721 0.25030161287065 255 255 128 255 
-0.2 -0.858427495439332 0.243072515939355 255 255 128 255 
-0.2 -0.606254038533939 0.393936582599033 255 255 128 255 
-0.19999999999982 -0.592853087094441 0.421456586941435 255 255 128 255 
-0.2 -0.969442351908193 0.108368437877008 255 255 128 255 
-0.2 -0.411907614208363 -0.893010537245246 255 255 128 255 
-0.200000000000056 -0.450060749479355 -0.781070928722773 255 255 128 255 
-0.2 -0.443235524203457 -0.780466546234898 255 255 128 255 
-0.2 -0.438768540829147 -0.792817989658631 255 255 128 255 
-0.200000000000117 -0.701252087168313 0.376082397102182 255 255 128 255 
-0.2 -0.704013332664646 0.380476528668645 255 255 128 255 
-0.2 -0.358396217276344 -0.967117095375536 255 255 128 255 
-0.199999999999979 -0.840789239733521 0.288675033473213 255 255 128 255 
-0.19999999999998 -0.831284464230237 0.293967490147959 255 255 128 255 
-0.200000000000163 -0.814323621333443 0.265084908346592 255 255 128 255 
-0.199999999999852 -0.827087301097518 0.257743366629043 255 255 128 255 
-0.199999999999846 -0.955102767735368 0.187583217071648 255 255 128 255 
-0.2 -0.950944153364841 0.175568219554443 255 255 128 255 
-0.2 -0.736253068300587 0.355858201870192 255 255 128 255 
-0.20000000000006 -0.123493365709654 -0.956328174982562 255 255 128 255 
-0.200000000000073 -0.128121969612532 -0.95881232826737 255 255 128 255 
-0.2 -0.129637107580794 -0.955443095003002 255 255 128 255 
-0.200000000000199 -0.599196526740221 0.424920347402323 255 255 128 255 
-0.199999999999998 -0.105419522303269 -0.94593417718443 255 255 128 255 
-0.200000000000098 -0.328735675620971 -0.976479589085106 255 255 128 255 
-0.20000000000002 -0.33543776921525 -0.975081081154025 255 255 128 255 
-0.2 -0.329416939936692 -0.966690072134797 255 255 128 255 
-0.200000000000053 -0.581296893456521 -0.527638941088177 255 255 128 255 
-0.19999999999998 -0.560954075139334 -0.607061357618044 255 255 128 255 
-0.200000000000104 -0.582374338194084 -0.579168628465254 255 255 128 255 
-0.200000000000002 -0.315451268880687 0.153386522445012 255 255 128 255 
-0.2 -0.347013940464258 0.16781210142339 255 255 128 255 
-0.2 0 -0.919266895779222 255 255 128 255 
-0.2 0 -0.911406429777246 255 255 128 255 
-0.2 0 -0.915358837604837 255 255 128 255 
-0.2 0 -0.899993947839525 255 255 128 255 
-0.200000000000009 -0.0111270032542194 -0.896922267851961 255 255 128 255 
-0.2 0 -0.896243126812309 255 255 128 255 
-0.1999999999998 -0.330692357893775 -0.938679439287095 255 255 128 255 
-0.2 -0.325989556990935 -0.941331477166736 255 255 128 255 
-0.2 -0.336434483653816 -0.942054825985588 255 255 128 255 
-0.2 -0.8635192464318 0.234017740515278 255 255 128 255 
-0.2 -0.874588843148318 0.225438869108958 255 255 128 255 
-0.2 -0.872706155610569 0.237534986544956 255 255 128 255 
-0.2 -0.490856697298933 0.293106872131181 255 255 128 255 
-0.199999999999857 -0.480486618490336 0.275667443760578 255 255 128 255 
-0.199999999999957 -0.49370414003169 0.289656092439868 255 255 128 255 
-0.199999999999982 -0.519789653234454 0.316740445577628 255 255 128 255 
-0.2 -0.510490152086023 0.319823904489812 255 255 128 255 
-0.200000000000031 -0.450459453241265 0.245554876149734 255 255 128 255 
-0.199999999999931 -0.4397549344831 0.277573597997796 255 255 128 255 
-0.2 -0.820240568254184 0.288989321224322 255 255 128 255 
-0.2 -0.88511707754465 0.21618033912214 255 255 128 255 
-0.199999999999877 -0.995388095431663 0.0977585157788293 255 255 128 255 
-0.2000000000001 -0.9924430272653 0.108527323363595 255 255 128 255 
-0.2 -0.615266847716517 0.398617857583118 255 255 128 255 
-0.20000000000008 -0.660339228736456 0.436424463493218 255 255 128 255 
-0.2 -0.718836209717276 0.40387435459341 255 255 128 255 
-0.200000000000275 -0.444917393422904 -0.792468206067298 255 255 128 255 
-0.2 -0.258143672405045 -0.959088627597718 255 255 128 255 
-0.2 -0.260330608551627 -0.951331818108862 255 255 128 255 
-0.2 -0.252767693870635 -0.959068090630296 255 255 128 255 
-0.200000000000058 -0.422396154844715 0.260729697522891 255 255 128 255 
-0.2 -0.404691955098453 0.244239575601419 255 255 128 255 
-0.2 -0.429177173769451 0.250501839078804 255 255 128 255 
-0.2 -0.428583371179721 0.224411448122179 255 255 128 255 
-0.200000000000006 -0.49517138243494 -0.698362886852748 255 255 128 255 
-0.200000000000134 -0.997704855363189 0.0884364996894368 255 255 128 255 
-0.20000000000006 -0.465520163095034 0.303681416544877 255 255 128 255 
-0.200000000000002 -0.498127069966691 -0.638895786905768 255 255 128 255 
-0.2 -0.506717579211621 -0.655352473492096 255 255 128 255 
-0.2 -0.243592249729068 -0.965563928748936 255 255 128 255 
-0.2 -0.244894480453549 -0.95984485853843 255 255 128 255 
-0.2 -0.237638478125526 -0.967868204820139 255 255 128 255 
-0.19999999999999 -0.502803622782362 0.299054690748263 255 255 128 255 
-0.200000000000006 -0.251531402365974 -0.951336364687822 255 255 128 255 
-0.200000000000018 -0.242732270749581 -0.951314752324333 255 255 128 255 
-0.2 -0.238362953221563 -0.959373750542416 255 255 128 255 
-0.199999999999916 -0.278208440482823 -0.951069092714004 255 255 128 255 
-0.199999999999981 -0.269270300097479 -0.951269255014145 255 255 128 255 
-0.2 -0.272376292240851 -0.965026294379277 255 255 128 255 
-0.2 -0.344779125873539 -0.929226371900053 255 255 128 255 
-0.2 -0.343000795737451 -0.936683595577437 255 255 128 255 
-0.2 -0.351609532976117 -0.932867164126427 255 255 128 255 
-0.199999999999998 -0.250875160725847 -0.981337929030261 255 255 128 255 
-0.2 -0.256454139129198 -0.976899624187247 255 255 128 255 
-0.2 -0.247738950235115 -0.977902561561976 255 255 128 255 
-0.200000000000012 -0.255617741798879 -0.981347589128931 255 255 128 255 
-0.199999999999999 -0.265769590892176 -0.981313928662015 255 255 128 255 
-0.2 -0.274347406919153 -0.979829234765751 255 255 128 255 
-0.2 -0.265713536687696 -0.977729469086663 255 255 128 255 
-0.199999999999972 -0.98135747877725 -0.0956321707355505 255 255 128 255 
-0.199999999999846 -0.933016299737311 0.216605011167849 255 255 128 255 
-0.2 -0.931439763219166 0.20859347284611 255 255 128 255 
-0.200000000000004 -0.920805246381303 0.229896996072028 255 255 128 255 
-0.2 -0.439559169953562 -0.740976285193604 255 255 128 255 
-0.199999999999998 -0.260693672707375 -0.981332565607873 255 255 128 255 
-0.200000000000001 -0.82205235524199 0.299050236218989 255 255 128 255 
-0.199999999999933 -0.41810927568135 -0.871604370827064 255 255 128 255 
-0.200000000000162 -0.709802351622534 0.349680873551624 255 255 128 255 
-0.2 -0.716523902806665 0.355412823910736 255 255 128 255 
-0.2 -0.263516638658727 -0.959228156956523 255 255 128 255 
-0.2 -0.430660459089408 -0.791146617391478 255 255 128 255 
-0.2 -0.426745477715742 -0.80681037383077 255 255 128 255 
-0.199999999999915 -0.441675816545093 -0.728272262814908 255 255 128 255 
-0.200000000000092 -0.437236637995379 -0.736461595111469 255 255 128 255 
-0.199999999999979 -0.206568475558385 -0.980452506175287 255 255 128 255 
-0.2 -0.949744558384927 0.145174363238846 255 255 128 255 
-0.200000000000294 -0.88303511365731 -0.199539428646453 255 255 128 255 
-0.2 -0.886226745928085 -0.203804157063005 255 255 128 255 
-0.2 -0.893287280870423 -0.191594038901627 255 255 128 255 
-0.199999999999974 -0.426014829977113 -0.843240050399732 255 255 128 255 
-0.2 -0.418479686855917 -0.830717717376731 255 255 128 255 
-0.200000000000003 -0.756245105442724 0.295211523639679 255 255 128 255 
-0.2 -0.758176971542902 0.301123596283777 255 255 128 255 
-0.19999999999996 -0.524289646817279 -0.602910826982352 255 255 128 255 
-0.200000000000073 -0.51023485374911 -0.621974394629525 255 255 128 255 
-0.200000000000015 -0.988056380594579 -0.0753684298854016 255 255 128 255 
-0.200000000000025 -0.956291254714605 -0.0589258545427121 255 255 128 255 
-0.199999999999932 -0.878948573896431 -0.259354142300226 255 255 128 255 
-0.200000000000287 -0.893459563801576 -0.241852661224042 255 255 128 255 
-0.2 -0.880157577005681 -0.249021448528136 255 255 128 255 
-0.2 -0.964327327152764 0.103696520445187 255 255 128 255 
-0.19999999999998 -0.45521747495808 -0.769393586612211 255 255 128 255 
-0.2 -0.283782716587626 -0.957179081557334 255 255 128 255 
-0.200000000000163 -0.286929154755294 -0.950611103501648 255 255 128 255 
-0.200000000000067 -0.282571135357072 -0.950889963833026 255 255 128 255 
-0.2 -0.862366936099115 -0.278460978068986 255 255 128 255 
-0.2 -0.90113231994369 -0.210458418131614 255 255 128 255 
-0.2 -0.898122475079966 -0.203710302798495 255 255 128 255 
-0.2 -0.114383625880621 -0.922813011235803 255 255 128 255 
-0.199999999999973 -0.962577642144307 -0.033385796168044 255 255 128 255 
-0.2 -0.367338590364074 -0.902194961670969 255 255 128 255 
-0.200000000000037 -0.54172746388509 -0.579077084194505 255 255 128 255 
-0.2 -0.152639747674949 0.133314509351063 255 255 128 255 
-0.2 -0.121375442256079 0.13591749603821 255 255 128 255 
-0.2 0 0.182714478037412 255 255 128 255 
-0.2 0 0.150025810833787 255 255 128 255 
-0.2 -0.0302081630819755 0.146559109984374 255 255 128 255 
-0.20000000000012 -0.0604941545699083 0.143208380538562 255 255 128 255 
-0.200000000000001 -0.184012257546758 0.132222957599005 255 255 128 255 
-0.2 -0.888293999224181 -0.213902026610538 255 255 128 255 
-0.2 -0.895841184602892 -0.198462998292524 255 255 128 255 
-0.2 -0.28248100689756 0.142365133253736 255 255 128 255 
-0.200000000000059 -0.795846514829788 0.312814883475234 255 255 128 255 
-0.200000000000002 -0.787930468474305 0.316808985590775 255 255 128 255 
-0.2 -0.786686124441795 0.304606790975864 255 255 128 255 
-0.2 -0.796221929697116 0.303283869007441 255 255 128 255 
-0.199999999999919 -0.80368514083542 0.30867251985386 255 255 128 255 
-0.200000000000182 -0.685624283521649 0.39475200755436 255 255 128 255 
-0.199999999999959 -0.688939696669697 0.391966713885426 255 255 128 255 
-0.2 -0.688352251640639 0.395978398076653 255 255 128 255 
-0.199999999999965 -0.691636638978171 0.389236760442022 255 255 128 255 
-0.2 -0.728922531024695 0.320303270570799 255 255 128 255 
-0.2 -0.73902745300069 0.310162535409283 255 255 128 255 
-0.2 -0.751564805957585 0.308583059223788 255 255 128 255 
-0.2 -0.97397387636713 0.0168353978493445 255 255 128 255 
-0.2 -0.97669401130893 0.0339124918646273 255 255 128 255 
-0.200000000000044 -0.968991687236253 0.0276321349390415 255 255 128 255 
-0.200000000000045 -0.968695110026712 0.0110981664116638 255 255 128 255 
-0.200000000000002 -0.968809853991313 0.0164173474556437 255 255 128 255 
-0.200000000000032 -0.968921723852816 0.021736588945368 255 255 128 255 
-0.2 -0.984367791431585 0.0234080251098641 255 255 128 255 
-0.20000000000008 -0.698915168309148 0.380023625781803 255 255 128 255 
-0.2 -0.403848409502825 -0.913751773349198 255 255 128 255 
-0.2 -0.408133499713276 -0.90381938952255 255 255 128 255 
-0.2 -0.399486710767669 -0.905439888579022 255 255 128 255 
-0.2 -0.393895738326128 -0.886379920288054 255 255 128 255 
-0.2 -0.388384483762586 -0.902178833045871 255 255 128 255 
-0.200000000000116 -0.0340390420070959 -0.898824418358132 255 255 128 255 
-0.199999999999962 -0.0225957615000635 -0.89768179899624 255 255 128 255 
-0.2 -0.0317421664693335 -0.904846814026721 255 255 128 255 
-0.200000000000079 -0.0461749783785728 -0.900346681224413 255 255 128 255 
-0.2 -0.026158476907668 -0.91113184525274 255 255 128 255 
-0.2 -0.0338136856595483 -0.911197781777777 255 255 128 255 
-0.2 -0.0460636505009686 -0.914488585256184 255 255 128 255 
-0.2 -0.0505846682616135 -0.905139824183822 255 255 128 255 
-0.2 -0.743701532511755 0.316054241529738 255 255 128 255 
-0.2 -0.0312944473987724 -0.914327855156141 255 255 128 255 
-0.2 -0.735254878228696 0.316420682077822 255 255 128 255 
-0.200000000000024 -0.968750831378201 0.0348489285433787 255 255 128 255 
-0.2 -0.973553648763455 0.0520664460041055 255 255 128 255 
-0.2 -0.980824663495294 0.0442773991967709 255 255 128 255 
-0.200000000000109 -0.967825242209716 0.0507406551631138 255 255 128 255 
-0.19999999999997 -0.968464316527853 0.0420636250073242 255 255 128 255 
-0.200000000000022 -0.966749922572544 0.0593632815752918 255 255 128 255 
-0.199999999999685 -0.76677988629567 0.290290559414448 255 255 128 255 
-0.200000000000052 -0.7771547774533 0.285029290893044 255 255 128 255 
-0.2 -0.77269117749889 0.294037298642929 255 255 128 255 
-0.2 -0.763173721619754 0.304821907410605 255 255 128 255 
-0.199999999999969 -0.789382111938961 0.278550345638888 255 255 128 255 
-0.2 -0.7753713702254 0.304030306199211 255 255 128 255 
-0.2 -0.717779904672818 0.341984788612553 255 255 128 255 
-0.200000000000084 -0.709968978371544 0.344678302274393 255 255 128 255 
-0.2 -0.994519941243636 0.0319510392251489 255 255 128 255 
-0.200000000000075 -1.00395571254888 0.0391971825618509 255 255 128 255 
-0.2 -0.986395580490592 0.0383191114098858 255 255 128 255 
-0.2 -0.350890187453539 -0.970424537484562 255 255 128 255 
-0.2 -0.93129170221814 0.197905565460898 255 255 128 255 
-0.2 -0.93900985189068 0.184811311757441 255 255 128 255 
-0.2 -0.94141267327765 0.198034259173267 255 255 128 255 
-0.199999999999812 -0.938815937957584 0.209711142325943 255 255 128 255 
-0.199999999999941 -0.949853449125371 0.195125647108285 255 255 128 255 
-0.199999999999993 -0.944377295025395 0.202507970792648 255 255 128 255 
-0.199999999999867 -0.0461941284130341 0.177551483584814 255 255 128 255 
-0.200000000000065 -0.0927486239777125 0.172186473384729 255 255 128 255 
-0.2 -0.897549580891468 0.241998416143461 255 255 128 255 
-0.200000000000092 -0.900306809058193 0.248800380715025 255 255 128 255 
-0.2 -0.884756713871023 0.252814810262547 255 255 128 255 
-0.2 -0.878222759541771 0.24682319468424 255 255 128 255 
-0.2 -0.886916920148108 0.242099162669859 255 255 128 255 
-0.2 -0.874738318223927 0.252804296544645 255 255 128 255 
-0.2 -0.871393880908945 0.260378592599479 255 255 128 255 
-0.200000000000056 -0.87627572555016 0.266721975189656 255 255 128 255 
-0.200000000000129 -0.884657983677862 0.26087176923711 255 255 128 255 
-0.200000000000068 -0.89274566193174 0.254857615119918 255 255 128 255 
-0.2 -0.0909636317796986 -0.928616807941201 255 255 128 255 
-0.2 -0.0760439056758037 -0.920080411862575 255 255 128 255 
-0.2 -0.0817712066211136 -0.930873298100245 255 255 128 255 
-0.200000000000184 -0.0876643918491482 -0.938274774754315 255 255 128 255 
-0.200000000000068 -0.0631217650794145 -0.933271626719272 255 255 128 255 
-0.2 -0.927567932981845 0.192159519117259 255 255 128 255 
-0.199999999999997 -0.744337267289835 0.338930325401687 255 255 128 255 
-0.2 -0.934210765575517 0.179723026924612 255 255 128 255 
-0.2 -0.93724873955822 0.175382626138603 255 255 128 255 
-0.2 -0.930268856263076 0.183934894722803 255 255 128 255 
-0.2 -0.943052773831459 0.173002084528243 255 255 128 255 
-0.199999999999992 -0.0545133697465282 -0.931901962958095 255 255 128 255 
-0.2 -0.0557632529246946 -0.925137067873467 255 255 128 255 
-0.2 -0.0390704395000232 -0.925942237367147 255 255 128 255 
-0.200000000000118 -0.0193058698052572 -0.927756886152344 255 255 128 255 
-0.199999999999824 -0.0283468568658783 -0.928454169575203 255 255 128 255 
-0.200000000000025 -0.0458315126464051 -0.930615644706946 255 255 128 255 
-0.199999999999854 -0.0371412887653119 -0.929384372063351 255 255 128 255 
-0.2 -1.00019325347059 0.0139709095556015 255 255 128 255 
-0.200000000000096 -1.00412166410205 0.0312917142554896 255 255 128 255 
-0.2 -0.992952247407285 0.0159288907809075 255 255 128 255 
-0.199999999999826 -1.00387591388037 0.0150507214646914 255 255 128 255 
-0.199999999999993 -1.00412979000582 0.023382932873864 255 255 128 255 
-0.200000000000168 -0.90747455343284 0.242674704340025 255 255 128 255 
-0.2 -0.706236474772567 0.372181471063177 255 255 128 255 
-0.2000000000002 -0.703976934739088 0.371041257088764 255 255 128 255 
-0.199999999999582 -0.741606005264277 0.357700247095007 255 255 128 255 
-0.200000000000148 -0.73968966240778 0.365430832928219 255 255 128 255 
-0.2 -0.726925543964689 0.361743124430552 255 255 128 255 
-0.2 -0.73277274398431 0.351449693264153 255 255 128 255 
-0.199999999999691 -0.70937385139464 0.318800263918188 255 255 128 255 
-0.2 -0.153002902081953 -0.949439434217736 255 255 128 255 
-0.2 -0.109894926015661 -0.936251311449284 255 255 128 255 
-0.2 -0.116757475247443 -0.933982918343438 255 255 128 255 
-0.2 -0.711693977103808 0.334240335975579 255 255 128 255 
-0.200000000000097 -0.626295514350849 0.434211564078167 255 255 128 255 
-0.2 -0.625186133152292 0.428363722477035 255 255 128 255 
-0.2 -0.629200301530369 0.428005935681166 255 255 128 255 
-0.2 -0.623656204024805 0.418079587659257 255 255 128 255 
-0.2 -0.633144972098807 0.416356456103732 255 255 128 255 
-0.199999999999919 -0.631046589947575 0.435135073822712 255 255 128 255 
-0.200000000000032 -0.635872389056229 0.435889208709738 255 255 128 255 
-0.2 -0.875066337514712 -0.236225543793959 255 255 128 255 
-0.2 -0.890940741432216 -0.22922423677479 255 255 128 255 
-0.199999999999944 -0.907489999566227 -0.223965746157461 255 255 128 255 
-0.200000000000034 -0.3219903929723 -0.977654865425993 255 255 128 255 
-0.2 -0.324874742415481 -0.97180606529951 255 255 128 255 
-0.2 -0.319355168035347 -0.966399668620455 255 255 128 255 
-0.2 -0.311834140533896 -0.956653040775154 255 255 128 255 
-0.2 -0.312222086688365 -0.965881721152533 255 255 128 255 
-0.199999999999949 -0.316477342953074 -0.978479383915993 255 255 128 255 
-0.2 -0.316097958420527 -0.955057942962222 255 255 128 255 
-0.2 -0.929147248450892 -0.187174022696711 255 255 128 255 
-0.2 -0.914768809608155 -0.199850284794625 255 255 128 255 
-0.200000000000069 -0.918713984887206 -0.20895518912037 255 255 128 255 
-0.2 -0.947889635836364 -0.164775069815649 255 255 128 255 
-0.2 -0.938934599477166 -0.179369436715505 255 255 128 255 
-0.2 -0.929595046761614 -0.193697982511018 255 255 128 255 
-0.2 -0.875745779273985 0.24247315050466 255 255 128 255 
-0.2 -0.880626689396053 0.237218122477454 255 255 128 255 
-0.2 -0.882594291561637 0.239581123063145 255 255 128 255 
-0.2 -0.623223331598804 0.401790198980946 255 255 128 255 
-0.2 -0.639311267606185 0.423369016510426 255 255 128 255 
-0.200000000000248 -0.631481408180209 0.404060192944215 255 255 128 255 
-0.2 -0.104576853491611 -0.934841870399412 255 255 128 255 
-0.2 -0.0969712181483487 -0.934915868824171 255 255 128 255 
-0.2 -0.09504800280123 -0.940569582274591 255 255 128 255 
-0.199999999999709 -0.995479351677798 -0.0475131079728747 255 255 128 255 
-0.2 -0.733226991683482 0.368704354908229 255 255 128 255 
-0.2 -0.729074907040358 0.374701848538734 255 255 128 255 
-0.2 -0.73719264389101 0.372940362589854 255 255 128 255 
-0.2 -0.7339592837376 0.380429640382132 255 255 128 255 
-0.2 -0.920240195354027 0.188217058092376 255 255 128 255 
-0.2 -0.920039586063607 0.17705622014089 255 255 128 255 
-0.2 -0.930319678733237 0.174760264924769 255 255 128 255 
-0.200000000000238 -0.912296773794688 0.187020206116568 255 255 128 255 
-0.2 -0.356109251241217 -0.925431068795068 255 255 128 255 
-0.2 -0.314994701215625 -0.949773342276487 255 255 128 255 
-0.200000000000016 -0.321101113981711 -0.943464505548267 255 255 128 255 
-0.200000000000232 -0.315404806167208 -0.945488119843506 255 255 128 255 
-0.2 -0.173846953300299 -0.956276970445434 255 255 128 255 
-0.2 -0.187053239213341 -0.954007022398654 255 255 128 255 
-0.2 -0.178001849753183 -0.956939455640129 255 255 128 255 
-0.2 -0.180508571894042 -0.960781956548878 255 255 128 255 
-0.19999999999976 -0.302204631666766 -0.948733092130388 255 255 128 255 
-0.199999999999849 -0.309289903766644 -0.947192779959175 255 255 128 255 
-0.2 -0.178264965774124 -0.968988135503147 255 255 128 255 
-0.2 -0.190187607728774 -0.960553369185779 255 255 128 255 
-0.200000000000037 -0.311238807534147 -0.97914341188305 255 255 128 255 
-0.2 -0.209359611777858 -0.965820534761502 255 255 128 255 
-0.199999999999971 -0.211746543269043 -0.950184485023131 255 255 128 255 
-0.2 -0.201089354909902 -0.969831162914315 255 255 128 255 
-0.20000000000001 -0.201810065108675 -0.98011028586343 255 255 128 255 
-0.2 -0.197036907944374 -0.964448527099797 255 255 128 255 
-0.199999999999918 -0.190456147942354 -0.978874620218024 255 255 128 255 
-0.200000000000015 -0.196126977362187 -0.979548687931629 255 255 128 255 
-0.199999999999914 -0.218995922284612 -0.950749567399229 255 255 128 255 
-0.2 -0.111642819213036 -0.930554603164353 255 255 128 255 
-0.2 -0.654978191917432 0.42379146483641 255 255 128 255 
-0.2 -0.658283639298132 0.425688988222954 255 255 128 255 
-0.199999999999976 -0.655429638721705 0.436834223111341 255 255 128 255 
-0.199999999999891 -0.295040713558608 -0.949858640138177 255 255 128 255 
-0.2 -0.295231551190353 -0.966179578590911 255 255 128 255 
-0.2 -0.301941628539857 -0.967288074368682 255 255 128 255 
-0.199999999999963 -0.301576242228744 -0.980122374189414 255 255 128 255 
-0.200000000000036 -0.306354227515051 -0.979675194781922 255 255 128 255 
-0.2 -0.652081845020159 0.426222265339619 255 255 128 255 
-0.200000000000077 -0.650652075225257 0.43700490943153 255 255 128 255 
-0.200000000000099 -0.511918256104975 0.308438763338892 255 255 128 255 
-0.2 -0.848002240168678 0.274048849696558 255 255 128 255 
-0.2 -0.850203925162213 0.261333464691955 255 255 128 255 
-0.2 -0.860181224101376 0.266239343349414 255 255 128 255 
-0.200000000000007 -0.859072834863485 0.278017606793416 255 255 128 255 
-0.199999999999962 -0.867832303447287 0.27248280449711 255 255 128 255 
-0.2 -0.35418705731093 -0.920712631898324 255 255 128 255 
-0.2 -0.103121424928357 -0.92847023346164 255 255 128 255 
-0.2 -0.251606554315719 -0.964526217516289 255 255 128 255 
-0.2 -0.248759203695785 -0.96675523969772 255 255 128 255 
-0.199999999999846 -0.621592487357729 0.433157797813593 255 255 128 255 
-0.2 -0.939386410839879 0.146404156315458 255 255 128 255 
-0.2 -0.946575612251921 0.150577891845285 255 255 128 255 
-0.199999999999998 -0.999424662044525 0.0796049649880994 255 255 128 255 
-0.2 -0.237406884477339 -0.97244323338654 255 255 128 255 
-0.2 -0.230583968016604 -0.976065184171598 255 255 128 255 
-0.2 -0.237216939217337 -0.975781822035251 255 255 128 255 
-0.199999999999951 -0.43239172033701 -0.745770886665136 255 255 128 255 
-0.200000000000034 -0.42782426973784 -0.755222244187397 255 255 128 255 
-0.200000000000041 -0.343140741092184 -0.973049666428723 255 255 128 255 
-0.200000000000112 -0.417646518626881 -0.776687861586806 255 255 128 255 
-0.199999999999916 -0.466978762456211 0.261946806449449 255 255 128 255 
-0.2 -0.502814697997659 0.327076003988833 255 255 128 255 
-0.199999999999973 -0.502701939935817 -0.686630729399777 255 255 128 255 
-0.199999999999637 -0.514105017042826 -0.669642282619531 255 255 128 255 
-0.2 -0.505476169812204 -0.6792931313855 255 255 128 255 
-0.199999999999666 -0.851748967315981 0.242329144353863 255 255 128 255 
-0.200000000000132 -0.51077609642063 0.350638339059775 255 255 128 255 
-0.199999999999926 -0.502717594145222 0.342356824669681 255 255 128 255 
-0.2 -0.518802118361291 0.347837012424643 255 255 128 255 
-0.2 -0.838677128145034 0.264881658849223 255 255 128 255 
-0.20000000000003 -0.28701764204513 -0.980961493555772 255 255 128 255 
-0.2 -0.272735318209767 -0.975098691515729 255 255 128 255 
-0.200000000000089 -0.340065017590595 -0.932581984879161 255 255 128 255 
-0.200000000000075 -0.33524606937995 -0.93579684523915 255 255 128 255 
-0.200000000000153 -0.0706624798606923 -0.903925648516444 255 255 128 255 
-0.200000000000264 -0.597622757519024 0.388547506585539 255 255 128 255 
-0.200000000000038 -0.525080452758136 0.365559739244886 255 255 128 255 
-0.200000000000025 -0.518074849076575 0.358424309266303 255 255 128 255 
-0.2 -0.945198716106183 0.156160678745892 255 255 128 255 
-0.2 -0.586725059112876 0.396709251181433 255 255 128 255 
-0.199999999999983 -0.271093443642297 -0.981280808297065 255 255 128 255 
-0.199999999999993 -0.276461853777043 -0.981219805271021 255 255 128 255 
-0.199999999999971 -0.281740453827195 -0.981121027730075 255 255 128 255 
-0.200000000000206 -0.176813193302719 -0.976543786457087 255 255 128 255 
-0.200000000000318 -0.183603554366559 -0.977904237140322 255 255 128 255 
-0.2 -0.230005598604531 -0.97291104076826 255 255 128 255 
-0.199999999999923 -0.560928976467028 -0.553901986792616 255 255 128 255 
-0.20000000000017 -0.857962620041461 -0.231222279917418 255 255 128 255 
-0.199999999999791 -0.842355404190386 -0.249623591040869 255 255 128 255 
-0.2 -0.117227644141158 -0.952710991538354 255 255 128 255 
-0.200000000000001 -0.119852459535751 -0.954230633036458 255 255 128 255 
-0.2 -0.131655755445891 -0.948664384497164 255 255 128 255 
-0.2 -0.243683048379389 -0.975267903146086 255 255 128 255 
-0.200000000000005 -0.228191565513258 -0.981228765307298 255 255 128 255 
-0.2 -0.624641231609146 -0.475208831970386 255 255 128 255 
-0.2 -0.666675488303484 -0.478606733446186 255 255 128 255 
-0.2 -0.648559194761873 -0.448519286397547 255 255 128 255 
-0.199999999999947 -0.781407156244924 -0.362465456030851 255 255 128 255 
-0.199999999999712 -0.7746875178573 -0.321741549121139 255 255 128 255 
-0.199999999999754 -0.750333202641092 -0.34597061364035 255 255 128 255 
-0.200000000000002 -0.527716011047885 0.324990018830754 255 255 128 255 
-0.2 -0.528447706719301 0.345052843476457 255 255 128 255 
-0.2 -0.798782472086028 -0.297257488749913 255 255 128 255 
-0.2 -0.821550973175579 -0.273146859388794 255 255 128 255 
-0.200000000000327 -0.148711073468223 -0.930541921483556 255 255 128 255 
-0.200000000000159 -0.132846571156357 -0.961102059280571 255 255 128 255 
-0.2 -0.130726389678106 -0.952835144899468 255 255 128 255 
-0.199999999999833 -0.699166617019465 -0.396413440632229 255 255 128 255 
-0.2 -0.673643301157808 -0.422253755202553 255 255 128 255 
-0.200000000000189 -0.704473301761932 -0.438802018169582 255 255 128 255 
-0.2 -0.602019583087212 -0.501656075083804 255 255 128 255 
-0.200000000000194 -0.724669264630743 -0.371105238399946 255 255 128 255 
-0.200000000000044 -0.741840477029128 -0.401430654471078 255 255 128 255 
-0.2 -0.255228658401101 0.169155511352377 255 255 128 255 
-0.200000000000026 -0.140983807310366 -0.926415210078511 255 255 128 255 
-0.2 -0.733450727906463 0.346923035784502 255 255 128 255 
-0.199999999999988 -0.223905530765798 -0.981164743242255 255 255 128 255 
-0.2 -0.297084380323357 0.180658369750531 255 255 128 255 
-0.200000000000001 -0.372324865488084 -0.958385679919913 255 255 128 255 
-0.2 -0.368688689217406 -0.95584661976037 255 255 128 255 
-0.2 -0.376278677539481 0.184288652327644 255 255 128 255 
-0.200000000000003 -0.349445545381337 -0.925254534866918 255 255 128 255 
-0.2 -0.403798178407361 0.203587343077908 255 255 128 255 
-0.2 -0.379411319864289 0.224206917974667 255 255 128 255 
-0.199999999999999 -0.352245070393337 0.206657307928273 255 255 128 255 
-0.2 -0.980852661250291 0.104949149749068 255 255 128 255 
-0.2 -0.488275288455186 -0.69252045654112 255 255 128 255 
-0.2 -0.625436574205177 -0.525594806238275 255 255 128 255 
-0.199999999999934 -0.603781774829782 -0.552282718376203 255 255 128 255 
-0.2 -0.822427508597423 -0.321338196866186 255 255 128 255 
-0.19999999999954 -0.84269201667863 -0.300024446176479 255 255 128 255 
-0.20000000000022 -0.988972210276342 0.119566441572609 255 255 128 255 
-0.199999999999985 -0.647451202520881 -0.500210604891024 255 255 128 255 
-0.200000000000026 -0.76099915151673 -0.38260679452521 255 255 128 255 
-0.2 -0.256797121949909 -0.970308827354978 255 255 128 255 
-0.199999999999977 -0.722817947551283 -0.420394379913663 255 255 128 255 
-0.200000000000011 -0.801639643315241 -0.342143668581162 255 255 128 255 
-0.199999999999986 -0.685377609322891 -0.458521687873933 255 255 128 255 
-0.2 -0.185811466086643 0.164705165277482 255 255 128 255 
-0.2 -0.289109394734528 -0.968698219619361 255 255 128 255 
-0.200000000000041 -0.296792173325088 -0.980499059728184 255 255 128 255 
-0.199999999999893 -0.205138239449612 -0.94934328811721 255 255 128 255 
-0.20000000000023 -0.156178971667853 -0.93399434328453 255 255 128 255 
-0.2 -0.152121228570026 -0.942507212687888 255 255 128 255 
-0.199999999999987 -0.475513019041538 -0.730064435577158 255 255 128 255 
-0.2 -0.454395978519655 -0.725865278834825 255 255 128 255 
-0.199999999999998 -0.47824305033951 -0.725413647757333 255 255 128 255 
-0.20000000000005 -0.640948981012148 0.436549210739358 255 255 128 255 
-0.199999999999908 -0.645875223192148 0.43685838691913 255 255 128 255 
-0.199999999999888 -0.850089805025632 0.283454325871979 255 255 128 255 
-0.2 -0.397918476537212 -0.846813273288528 255 255 128 255 
-0.19999999999988 -0.390145306023052 -0.841993613163461 255 255 128 255 
-0.200000000000027 -0.0582801601115951 -0.902091808085324 255 255 128 255 
-0.2 -0.100173278435294 -0.919072911798766 255 255 128 255 
-0.200000000000278 -0.70798371860304 0.36003482476906 255 255 128 255 
-0.2 -0.711878767996941 0.358234423040848 255 255 128 255 
-0.2 -0.13038136467139 -0.940214822936292 255 255 128 255 
-0.200000000000161 -0.194347294356475 -0.94715607090558 255 255 128 255 
-0.200000000000038 -0.189205437743688 -0.945714486529331 255 255 128 255 
-0.2 -0.336280554555619 -0.956361236266642 255 255 128 255 
-0.200000000000153 -0.0944562657713815 -0.908352297805616 255 255 128 255 
-0.199999999999882 -0.083001168648139 -0.906008401859684 255 255 128 255 
-0.2 -0.482702887220477 -0.701292089801175 255 255 128 255 
-0.2 -0.476511381585656 -0.688763552831351 255 255 128 255 
-0.199999999999999 -0.482713215957107 -0.717824349251498 255 255 128 255 
-0.199999999999994 -0.484490039372488 -0.714952390553111 255 255 128 255 
-0.2 -0.475974491975757 -0.702532110867161 255 255 128 255 
-0.2 -0.47068567747261 -0.692619034099345 255 255 128 255 
-0.2 -0.939650627760208 0.164616442557952 255 255 128 255 
-0.2 -0.926964470061428 0.167176310824404 255 255 128 255 
-0.2 -0.933937013521641 0.161973456529149 255 255 128 255 
-0.200000000000097 -0.169445843796806 -0.974728515334674 255 255 128 255 
-0.200000000000005 -0.494791866180112 0.33394939387135 255 255 128 255 
-0.199999999999844 -0.199710508829148 -0.948403734897348 255 255 128 255 
-0.2 -0.338565071370206 -0.948061346917495 255 255 128 255 
-0.200000000000001 -0.47677898244438 -0.671182184359397 255 255 128 255 
-0.200000000000008 -0.468641240455591 -0.684097441994038 255 255 128 255 
-0.199999999999616 -0.933366925063585 0.156908262739011 255 255 128 255 
-0.2 -0.11633707978104 -0.914235510389957 255 255 128 255 
-0.2 -0.10586113520313 -0.910925273461739 255 255 128 255 
-0.2 -0.239231462072614 -0.979426260105535 255 255 128 255 
-0.2 -0.264281092268505 -0.971902769781361 255 255 128 255 
-0.2 -0.962260169703169 0.147039991698163 255 255 128 255 
-0.200000000000263 -0.709157598360805 0.354651758775213 255 255 128 255 
-0.2 -0.71148795591965 0.316640224243945 255 255 128 255 
-0.2 -0.331674156110457 -0.946254678376946 255 255 128 255 
-0.200000000000212 -0.161495601726046 -0.972360658374983 255 255 128 255 
-0.2 -0.696729947438076 0.385816387086403 255 255 128 255 
-0.200000000000108 -0.696637062223495 0.383411574376051 255 255 128 255 
-0.200000000000053 -0.694060089530157 0.386584910527625 255 255 128 255 
-0.2 -0.282098897218192 -0.96458683636515 255 255 128 255 
-0.2 -0.241514461935342 -0.981317667454536 255 255 128 255 
-0.199999999999998 -0.246132590010922 -0.981324445268276 255 255 128 255 
-0.199999999999983 -0.236896333407777 -0.981309993746306 255 255 128 255 
-0.20000000000001 -0.232477807881768 -0.981276922324551 255 255 128 255 
-0.2 -0.420003021503255 -0.819848192794869 255 255 128 255 
-0.2 -0.409999800273251 -0.816456134282373 255 255 128 255 
-0.2 -0.41067939724932 -0.824580684839298 255 255 128 255 
-0.2 -0.255225521770028 -0.962898273408586 255 255 128 255 
-0.2 -0.247636315112497 -0.96438891801507 255 255 128 255 
-0.2 -0.745021755229597 0.336978471466017 255 255 128 255 
-0.2 -0.746357605402112 0.336310135392064 255 255 128 255 
-0.2 -0.253680985840797 -0.965429352344819 255 255 128 255 
-0.200000000000001 -0.434110745422045 -0.820676053645172 255 255 128 255 
-0.199999999999966 -0.436916363479477 -0.81329493976339 255 255 128 255 
-0.2 -0.436991641064018 -0.804945265704571 255 255 128 255 
-0.200000000000088 -0.440492836042846 -0.803603001040353 255 255 128 255 
-0.20000000000004 -0.29190621406663 -0.980758342229056 255 255 128 255 
-0.2 -0.416691046781862 -0.80177743555738 255 255 128 255 
-0.199999999999963 -0.403097673259114 -0.810192933935498 255 255 128 255 
-0.199999999999962 -0.398546831889899 -0.820682965570103 255 255 128 255 
-0.2 -0.964019312586426 -0.0387543878953185 255 255 128 255 
-0.2 -0.96728688433833 -0.047061038961967 255 255 128 255 
-0.199999999999999 -0.928218143845851 -0.129483824177547 255 255 128 255 
-0.199999999999977 -0.921228130464963 -0.14153466234501 255 255 128 255 
-0.2 -0.937470833798934 -0.144295663943111 255 255 128 255 
-0.2 -0.943368513039985 -0.111321394156372 255 255 128 255 
-0.199999999999956 -0.956172243958019 -0.150035542040695 255 255 128 255 
-0.2 -0.533828682972693 0.35240788662491 255 255 128 255 
-0.199999999999928 -0.536811268456582 0.334469560257179 255 255 128 255 
-0.200000000000024 -0.407782206397798 -0.799077571586856 255 255 128 255 
-0.2 -0.421870854593641 -0.786974018024232 255 255 128 255 
-0.199999999999823 -0.960859998525653 -0.0416905749351895 255 255 128 255 
-0.199999999999893 -0.412603868682501 -0.787834147534749 255 255 128 255 
-0.199999999999934 -0.892571363431541 -0.186364513195632 255 255 128 255 
-0.199999999999983 -0.431332795276636 -0.828067935305914 255 255 128 255 
-0.2 -0.427696607585636 -0.831662092438815 255 255 128 255 
-0.199999999999765 -0.428544980396467 -0.835608705466526 255 255 128 255 
-0.200000000000008 -0.532200362818958 0.372579234960094 255 255 128 255 
-0.199999999999829 -0.546603624110998 0.344378055186456 255 255 128 255 
-0.2 -0.448057637848503 -0.770334891213645 255 255 128 255 
-0.199999999999942 -0.460142091863212 -0.758775062532582 255 255 128 255 
-0.2 -0.543697890576901 0.362611919497166 255 255 128 255 
-0.2 -0.455176747068981 -0.756228790955262 255 255 128 255 
-0.1999999999998 -0.870676151285618 -0.215522292863884 255 255 128 255 
-0.199999999999997 -0.939806229303192 -0.105298873369243 255 255 128 255 
-0.2 -0.934910065031835 -0.116667471350396 255 255 128 255 
-0.05 -0.528934161228601 0.298941447402402 128 255 0 255 
-0.05 -0.515203085676844 0.292774780135831 128 255 0 255 
-0.05 -0.522030791279404 0.300860152978978 128 255 0 255 
-0.05 -0.175483409577021 0.196498531729592 128 255 0 255 
-0.0499999999999906 -0.142972066030125 0.167982519870472 128 255 0 255 
-0.05 -0.13157136167017 0.184135361736736 128 255 0 255 
-0.05 -1.02317649261691 -0.0573449189756383 128 255 0 255 
-0.05 -1.01194804610178 -0.0693223937257124 128 255 0 255 
-0.05 -1.01609910486621 -0.0527543759665383 128 255 0 255 
-0.0500000000000018 -0.392535635455097 -0.765793821868995 128 255 0 255 
-0.0500000000000174 -0.402107075521408 -0.759033984204249 128 255 0 255 
-0.05 -0.401245359166598 -0.763753518420826 128 255 0 255 
-0.05 -0.486197150870711 0.286531408968252 128 255 0 255 
-0.0499999999999923 -0.461184329880677 0.258431176636043 128 255 0 255 
-0.05 -0.464746714685549 0.276201475194974 128 255 0 255 
-0.0500000000000436 -0.486029901821751 0.272344281498211 128 255 0 255 
-0.05 -0.445853249954105 -0.744612974889713 128 255 0 255 
-0.0499999999999884 -0.448522993973507 -0.726333605148285 128 255 0 255 
-0.05 -0.455953795893737 -0.747419332410827 128 255 0 255 
-0.049999999999992 -0.989964277036297 -0.175280535632627 128 255 0 255 
-0.049999999999975 -0.984914000273249 -0.183485496830103 128 255 0 255 
-0.05 -0.975109580699155 -0.175378569583655 128 255 0 255 
-0.05 -0.543355733990499 0.311064898069822 128 255 0 255 
-0.0500000000000077 -0.54009274459543 0.298517780985509 128 255 0 255 
-0.0499999999999879 -0.504887483689209 0.282068283846074 128 255 0 255 
-0.05 -0.500902017186547 0.287274015116065 128 255 0 255 
-0.0500000000000166 -0.72952679192156 0.355172570408232 128 255 0 255 
-0.0499999999999965 -0.739641300101131 0.353228826100728 128 255 0 255 
-0.05 -0.737973067664157 0.343819834322634 128 255 0 255 
-0.05 -0.339660544385418 0.192452476503071 128 255 0 255 
-0.05 -0.342800679274218 0.226708442824014 128 255 0 255 
-0.05 -0.375525686499428 0.209053135908573 128 255 0 255 
-0.05 -0.40550998384684 0.225652031461395 128 255 0 255 
-0.0500000000000976 -0.472134319315921 0.298954470246718 128 255 0 255 
-0.05 -0.490069816424853 0.299760926549788 128 255 0 255 
-0.0499999999999766 -0.749734149371928 0.351167507174746 128 255 0 255 
-0.0499999999999515 -0.434922798249514 0.243238147870857 128 255 0 255 
-0.0500000000000806 -0.430854989889246 0.275750090059202 128 255 0 255 
-0.05 -0.451188725913958 0.274091589982201 128 255 0 255 
-0.0500000000000253 -0.403293566686631 0.25938789379655 128 255 0 255 
-0.049999999999954 -0.807477909444767 0.30599463361967 128 255 0 255 
-0.0500000000000357 -0.803724401937548 0.338423290267381 128 255 0 255 
-0.05 -0.817861997154632 0.314884322670436 128 255 0 255 
-0.0500000000000079 -0.79742836535915 0.308714968880732 128 255 0 255 
-0.05 -0.449047272118227 -0.754152330473883 128 255 0 255 
-0.0499999999999999 -0.470561295563349 -0.748376121201917 128 255 0 255 
-0.0500000000000341 -0.464137068124523 -0.753190942012486 128 255 0 255 
-0.0500000000000003 -0.457597936028561 -0.757849849476694 128 255 0 255 
-0.04999999999999 -0.836284225816935 0.295603292436418 128 255 0 255 
-0.05 -0.834680125121222 0.304712282963733 128 255 0 255 
-0.05 -0.850380952852078 0.292231129399312 128 255 0 255 
-0.0500000000000253 -0.154420826832811 -0.880094394531881 128 255 0 255 
-0.05 -0.161681520850308 -0.894503491629774 128 255 0 255 
-0.05 -0.150814810412176 -0.90263347385395 128 255 0 255 
-0.05 -0.350661931213174 -0.803771413872785 128 255 0 255 
-0.05 -0.358751884376409 -0.807777615997686 128 255 0 255 
-0.05 -0.351115901270585 -0.815843138840611 128 255 0 255 
-0.05 -1.02885236891388 0.116964139590221 128 255 0 255 
-0.05 -1.03057752075608 0.103923279469 128 255 0 255 
-0.05 -1.02844966663368 0.108579672084343 128 255 0 255 
-0.050000000000029 -0.55337126319431 -0.676148132555931 128 255 0 255 
-0.05 -0.557277110418981 -0.652631478766064 128 255 0 255 
-0.05 -0.571186761076218 -0.649142196800231 128 255 0 255 
-0.05 -0.871497513886635 -0.304083938925965 128 255 0 255 
-0.05 -0.87094825935151 -0.281564353065533 128 255 0 255 
-0.05 -0.885391649904067 -0.291336875376677 128 255 0 255 
-0.05 -0.890845664487771 -0.258635111200702 128 255 0 255 
-0.0499999999999027 -0.913944419890301 -0.277821384022435 128 255 0 255 
-0.05 -0.375549955991984 0.243329708540099 128 255 0 255 
-0.05 0 0.196491616400442 128 255 0 255 
-0.05 0 0.200414658572181 128 255 0 255 
-0.05 -0.023986988064354 0.190766033193987 128 255 0 255 
-0.05 0 0.18914552797034 128 255 0 255 
-0.05 0 0.192818572185391 128 255 0 255 
-0.0500000000000103 -0.243716389030432 -0.881197796678263 128 255 0 255 
-0.05 -0.258995144896231 -0.857921033483864 128 255 0 255 
-0.049999999999981 -0.254508872092557 -0.876771051315101 128 255 0 255 
-0.05 -0.510302102076812 0.31439785546691 128 255 0 255 
-0.05 -0.512075895829027 0.305456224969823 128 255 0 255 
-0.0500000000000014 -0.489857020769677 0.308095031976474 128 255 0 255 
-0.0499999999999405 -0.505152572563663 0.315764263715639 128 255 0 255 
-0.05 -0.712919685016275 0.336205492932682 128 255 0 255 
-0.05 -0.71294586293196 0.322775536465924 128 255 0 255 
-0.05 -0.70914121042025 0.328075062109929 128 255 0 255 
-0.0499999999999904 -0.702497967000215 0.323844209732275 128 255 0 255 
-0.05 -0.706097413748939 0.326149864807332 128 255 0 255 
-0.0499999999999998 -0.705110263310056 0.32358018022654 128 255 0 255 
-0.0499999999999998 -0.707722129850689 0.323311965639651 128 255 0 255 
-0.05 -0.706020960553386 0.331932450704054 128 255 0 255 
-0.0500000000000115 -0.360812106359074 -0.821627968408038 128 255 0 255 
-0.0500000000000091 -0.352746844687929 -0.826150891622024 128 255 0 255 
-0.05 -0.662249474782156 0.328593652725629 128 255 0 255 
-0.0500000000000016 -0.664719675292807 0.324877573521953 128 255 0 255 
-0.0499999999999999 -0.661452002647095 0.324834018049144 128 255 0 255 
-0.05 -0.0255888576276667 0.201658750113392 128 255 0 255 
-0.05 -0.063022495177926 0.193358465270247 128 255 0 255 
-0.05 -0.931429973100576 0.253546486395198 128 255 0 255 
-0.049999999999997 -0.944077940421005 0.262537717974783 128 255 0 255 
-0.05 -0.936779856096671 0.249069216482238 128 255 0 255 
-0.0499999999999305 -0.817927679604154 0.302808927086115 128 255 0 255 
-0.05 -1.02770406249632 0.162191587622484 128 255 0 255 
-0.0499999999999601 -1.01613153295159 0.150168139211018 128 255 0 255 
-0.05 -1.01780800519836 0.161100263271187 128 255 0 255 
-0.049999999999987 -0.99083995403641 0.183052853664157 128 255 0 255 
-0.05 -0.984977457414494 0.192570491480809 128 255 0 255 
-0.05 -0.994182268492806 0.186465427243454 128 255 0 255 
-0.0500000000000018 -0.690458920384646 0.324517077897238 128 255 0 255 
-0.0499999999999977 -0.686553261969998 0.32465679469616 128 255 0 255 
-0.05 -0.68580688112264 0.328497075677015 128 255 0 255 
-0.05 -0.690030403624923 0.330076127615913 128 255 0 255 
-0.0499999999999894 -0.706983150586804 0.358494534436629 128 255 0 255 
-0.0499999999999846 -0.713855410526199 0.357667378956349 128 255 0 255 
-0.05 -0.708142388055151 0.351731819529311 128 255 0 255 
-0.05 -0.712439633737935 0.347098550901942 128 255 0 255 
-0.05 -0.705717376473309 0.342721023380515 128 255 0 255 
-0.05 -0.699005113537513 0.344833984552542 128 255 0 255 
-0.05 -0.701716368951511 0.352677609971119 128 255 0 255 
-0.05 -0.654299037657791 0.332828699313196 128 255 0 255 
-0.05 -0.664077433837108 0.339328307541541 128 255 0 255 
-0.050000000000033 -1.0020634212446 0.213172308720822 128 255 0 255 
-0.0500000000000225 -1.00777435428102 0.208457641036964 128 255 0 255 
-0.05 -0.997413981402935 0.205836071091677 128 255 0 255 
-0.0499999999999932 -0.787308997920005 0.311170236012425 128 255 0 255 
-0.05 -1.00854950625689 0.199706399107778 128 255 0 255 
-0.05 -0.999666849678095 0.191408583684078 128 255 0 255 
-0.0499999999999962 -0.92454794002852 0.239760335747668 128 255 0 255 
-0.05 -1.03632420171117 0.146811192076616 128 255 0 255 
-0.05 -1.02671634609409 0.149905618613716 128 255 0 255 
-0.05 -1.02429340732206 -0.0330462345932087 128 255 0 255 
-0.05 -0.680615928774503 0.331852299476606 128 255 0 255 
-0.05 -0.680355276483398 0.341462906608286 128 255 0 255 
-0.05 -0.685537108456829 0.334939797170343 128 255 0 255 
-0.05 -0.471819457933706 -0.721309891197839 128 255 0 255 
-0.0500000000000031 -0.478077584557939 -0.742761204918219 128 255 0 255 
-0.05 -0.467441037707016 -0.73301762835805 128 255 0 255 
-0.0500000000000183 -0.293975267225622 -0.858463333058817 128 255 0 255 
-0.0500000000000045 -0.284806087118082 -0.862878722268321 128 255 0 255 
-0.0500000000000084 -0.275659940247714 -0.867342043599927 128 255 0 255 
-0.050000000000004 -1.01336510932089 0.203600941456881 128 255 0 255 
-0.05 -0.510546904485101 0.296046587045563 128 255 0 255 
-0.0499999999999739 -0.573952048916769 -0.654582158296701 128 255 0 255 
-0.0499999999999899 -0.56294229786945 -0.666233103744023 128 255 0 255 
-0.0499999999999456 -0.575123695150783 0.313274078966766 128 255 0 255 
-0.0499999999999707 -0.565731159080118 0.309695472007642 128 255 0 255 
-0.05 -0.56216675789644 0.312938544480903 128 255 0 255 
-0.0500000000000126 -0.595221143836965 -0.583607127867035 128 255 0 255 
-0.0499999999999798 -0.622216447253332 -0.550603478570306 128 255 0 255 
-0.05 -0.610293654161864 -0.579541376550364 128 255 0 255 
-0.05 -0.649566879292195 -0.517881481014127 128 255 0 255 
-0.0499999999999943 -0.688360840695056 -0.519443835611865 128 255 0 255 
-0.0499999999999779 -0.669406072442595 -0.541355085707501 128 255 0 255 
-0.05 -0.00776194905294785 -0.92699586580248 128 255 0 255 
-0.05 0 -0.91290159687861 128 255 0 255 
-0.0499999999999894 -0.0208748688952554 -0.909424740018807 128 255 0 255 
-0.05 0 0.208636671575012 128 255 0 255 
-0.0500000000000173 -0.0300157083686505 0.208895039588414 128 255 0 255 
-0.0500000000000426 -0.0620968118904081 0.205121927359817 128 255 0 255 
-0.049999999999995 -0.652330856628895 -0.561866385443412 128 255 0 255 
-0.0499999999999818 -0.637565311652062 -0.579788216210996 128 255 0 255 
-0.05 -0.635950560284168 -0.569274711918532 128 255 0 255 
-0.05 -1.04659621669491 0.144314608995647 128 255 0 255 
-0.05 -1.04272041369461 0.155594170080848 128 255 0 255 
-0.0500000000000587 -1.04003428394975 0.169630840138069 128 255 0 255 
-0.0499999999999733 -1.04352302946069 0.163151859473257 128 255 0 255 
-0.0499999999999287 -1.04670315919366 0.156516261868901 128 255 0 255 
-0.0500000000000137 -1.04916591749404 0.150176463462167 128 255 0 255 
-0.05 -1.03669608735802 0.158557964551281 128 255 0 255 
-0.0500000000000566 -1.05160606602783 0.143158765314098 128 255 0 255 
-0.0499999999999816 -1.05360640145986 0.136017929954928 128 255 0 255 
-0.05 -1.04615296995115 0.13412491972342 128 255 0 255 
-0.05 -0.650991457309326 0.345300570615261 128 255 0 255 
-0.05 -0.650071653791718 0.354383091385381 128 255 0 255 
-0.05 -0.657118385135544 0.353834012931745 128 255 0 255 
-0.05 -0.650973727241746 0.359804263372413 128 255 0 255 
-0.05 -0.663984960100164 0.350846102096423 128 255 0 255 
-0.0500000000000046 -0.662801028595582 0.360482622280843 128 255 0 255 
-0.0500000000000137 -0.655006052697596 0.3601472992784 128 255 0 255 
-0.0499999999999876 -0.659049697198263 0.360357281845809 128 255 0 255 
-0.0500000000000248 -1.02907324980269 0.0896408789067661 128 255 0 255 
-0.0499999999999859 -1.02880292646675 0.0971067665237439 128 255 0 255 
-0.05 -1.03770890331413 0.107322843189647 128 255 0 255 
-0.0499999999999647 -1.02826139504564 0.104554738710089 128 255 0 255 
-0.05 -0.644488646451227 0.353528598307645 128 255 0 255 
-0.0499999999999886 -0.646786052820745 0.359448011699842 128 255 0 255 
-0.05 -0.671942992832423 0.349739465631562 128 255 0 255 
-0.05 -0.669214568454524 0.357860460141145 128 255 0 255 
-0.05 -0.674620686695012 0.357783412190518 128 255 0 255 
-0.0500000000000001 -0.673683440111666 0.360662038495885 128 255 0 255 
-0.0499999999999918 -0.677374170787507 0.360679268703602 128 255 0 255 
-0.05 -0.670163770700673 0.360647321397609 128 255 0 255 
-0.0500000000000188 -0.681467506075127 0.360635616920191 128 255 0 255 
-0.05 -0.678517030042587 0.354214029543078 128 255 0 255 
-0.0499999999999903 -1.02665922788035 0.117760613761628 128 255 0 255 
-0.0500000000000436 -1.02539499309776 0.124050247476082 128 255 0 255 
-0.050000000000018 -1.02380210490497 0.130267936148385 128 255 0 255 
-0.05 -1.0293741658102 0.126844385002466 128 255 0 255 
-0.05 -1.0475439531332 0.120532094871886 128 255 0 255 
-0.05 -1.03730154977463 0.129347611672422 128 255 0 255 
-0.049999999999976 -1.02062601666223 -0.0128294753908603 128 255 0 255 
-0.0499999999999207 -1.02278238085566 0.000411797203898893 128 255 0 255 
-0.05 -1.02244357213289 -0.0160636835052592 128 255 0 255 
-0.0499999999999271 -1.01861200795852 -0.0241318809319461 128 255 0 255 
-0.05 -1.02590410814456 -0.0107221951913222 128 255 0 255 
-0.05 -0.641927898572795 0.345984878407887 128 255 0 255 
-0.05 -0.640509221215386 0.351911134427844 128 255 0 255 
-0.0500000000000007 -0.638568437723597 0.358586388699692 128 255 0 255 
-0.05 -0.637061392795223 0.34952646749622 128 255 0 255 
-0.05 -0.774194317014816 -0.422693736443875 128 255 0 255 
-0.0499999999999701 -0.751108874910142 -0.448404660810692 128 255 0 255 
-0.0500000000000325 -0.711547051485072 -0.447503672257949 128 255 0 255 
-0.0499999999999971 -0.729278111525684 -0.473025264793588 128 255 0 255 
-0.0499999999999774 -0.929823956532275 -0.25823665605683 128 255 0 255 
-0.0500000000000475 -0.910026976902151 -0.235086630402919 128 255 0 255 
-0.049999999999943 -0.102273083221481 -0.92481389854493 128 255 0 255 
-0.05 -0.102738142059295 -0.913303659404718 128 255 0 255 
-0.05 -0.121432986504168 -0.908152172821027 128 255 0 255 
-0.05 -0.760556448615761 0.318568666973298 128 255 0 255 
-0.0500000000000317 -0.754265201892919 0.317551656397848 128 255 0 255 
-0.05 -0.755529559262695 0.320527579486155 128 255 0 255 
-0.05 -0.772624450442186 0.319611742989264 128 255 0 255 
-0.0499999999999827 -0.77847617310978 0.313055861056101 128 255 0 255 
-0.05 -0.767740585655342 0.317264334172681 128 255 0 255 
-0.05 -0.763670023925413 0.321298170324318 128 255 0 255 
-0.05 -0.767710320535821 0.324224281752637 128 255 0 255 
-0.05 -0.770897235213517 0.330651963724217 128 255 0 255 
-0.0499999999999911 -0.6425827622013 0.359050036532855 128 255 0 255 
-0.05 -0.633543712855697 0.338463834052273 128 255 0 255 
-0.05 -0.632883382464007 0.349146477818507 128 255 0 255 
-0.05 -0.634946604646239 0.353045009180041 128 255 0 255 
-0.05 -0.627604913692717 0.349752768313554 128 255 0 255 
-0.0499999999999987 -0.62363428349161 0.356307717143191 128 255 0 255 
-0.05 -0.631274478287297 0.354918500305169 128 255 0 255 
-0.04999999999999 -0.62725402210671 0.356949912291809 128 255 0 255 
-0.0500000000000045 -0.666551555649765 0.36063203601402 128 255 0 255 
-0.050000000000018 -0.68168909986584 0.324851416819855 128 255 0 255 
-0.05 -0.644976428603458 0.337170979169104 128 255 0 255 
-0.0499999999999976 -1.02880585455044 0.0721518560923567 128 255 0 255 
-0.05 -1.02893959972753 0.0808963667727981 128 255 0 255 
-0.05 -1.03648523453828 0.0810370563900328 128 255 0 255 
-0.05 -0.221423751637318 0.166047453142457 128 255 0 255 
-0.05 -0.181346556424045 0.166125362197626 128 255 0 255 
-0.05 -0.216329983318199 0.195975987112977 128 255 0 255 
-0.0500000000000591 -0.034409169353121 0.178093420373821 128 255 0 255 
-0.0500000000000671 -0.0688753825577716 0.174147254651364 128 255 0 255 
-0.05 -0.262414682860492 0.16977711984255 128 255 0 255 
-0.05 -0.260094188917084 0.199904156221123 128 255 0 255 
-0.05 -0.694203929132353 0.331939250341597 128 255 0 255 
-0.0499999999999943 -0.694363994028613 0.324359704728457 128 255 0 255 
-0.05 -0.689824188905278 0.336182486361219 128 255 0 255 
-0.05 -0.686636614437483 0.341469119432374 128 255 0 255 
-0.05 -0.690141142925073 0.351059222956915 128 255 0 255 
-0.05 -0.68761782811694 0.347040569068005 128 255 0 255 
-0.05 -0.684727505828408 0.353673920142135 128 255 0 255 
-0.0500000000000007 -0.685755067283662 0.360460867822416 128 255 0 255 
-0.0499999999999719 -0.690630878876206 0.36023517782116 128 255 0 255 
-0.05 -0.679863106282129 0.349158979134404 128 255 0 255 
-0.05 -0.683827487025538 0.346586897870912 128 255 0 255 
-0.05 -0.674077445883674 0.336463347203072 128 255 0 255 
-0.05 -0.671288791913369 0.331395053424127 128 255 0 255 
-0.0500000000000001 -0.670770527098056 0.32488930557083 128 255 0 255 
-0.0500000000000089 -0.676229760834638 0.324899253381066 128 255 0 255 
-0.049999999999984 -0.651948142896093 0.324680399310853 128 255 0 255 
-0.05 -0.647671934083391 0.329925408064611 128 255 0 255 
-0.0499999999999933 -0.658184352961017 0.324788272773926 128 255 0 255 
-0.0499999999999997 -0.69843061119988 0.324095648361953 128 255 0 255 
-0.05 -0.699798654882705 0.334547252427681 128 255 0 255 
-0.05 -0.692775722152717 0.342374282554356 128 255 0 255 
-0.05 -0.695029271308737 0.351836666478863 128 255 0 255 
-0.0499999999999834 -1.01250566500338 0.156700980492499 128 255 0 255 
-0.0499999999999649 -1.00828367858527 0.163247801543611 128 255 0 255 
-0.05 -1.00806762877651 0.168826775671762 128 255 0 255 
-0.0500000000000132 -1.00341337299677 0.170015289049883 128 255 0 255 
-0.05 -1.01489076034214 0.175340345758748 128 255 0 255 
-0.05 -1.00124466695501 0.178829461514068 128 255 0 255 
-0.0500000000000275 -1.05713120385084 0.117955265393065 128 255 0 255 
-0.0500000000000233 -1.05836479128224 0.107204583408479 128 255 0 255 
-0.05 -1.05142425780191 0.106718255086671 128 255 0 255 
-0.0500000000000618 -1.05904923379743 0.096398124291239 128 255 0 255 
-0.05 -1.04874685729428 0.0908940926559431 128 255 0 255 
-0.05 -1.031891724387 -0.0678292444517855 128 255 0 255 
-0.05 -1.03571246783346 -0.0440827192424963 128 255 0 255 
-0.0499999999999688 -1.04223572124386 -0.0556431528955694 128 255 0 255 
-0.0500000000000314 -1.04505442854391 -0.0439151647254915 128 255 0 255 
-0.0499999999999422 -1.04770112674926 -0.0321474042591686 128 255 0 255 
-0.05 -1.03563443984356 -0.018652416678634 128 255 0 255 
-0.0499999999999843 -0.695943070917605 0.359784265120401 128 255 0 255 
-0.05 -1.01676517464551 -0.0406168686505848 128 255 0 255 
-0.0499999999999962 -1.03568935501143 0.17685422406082 128 255 0 255 
-0.05 -1.03283235521087 0.171376575591618 128 255 0 255 
-0.05 -1.02790127844125 0.176828465817265 128 255 0 255 
-0.0500000000000472 -1.03078643153052 0.184110441640572 128 255 0 255 
-0.0500000000000932 -1.02550364968377 0.191095017355761 128 255 0 255 
-0.05 -0.722635803272765 0.333649800419932 128 255 0 255 
-0.05 -0.721577255672776 0.347153164907332 128 255 0 255 
-0.0499999999999968 -0.397291799785054 -0.79915823481441 128 255 0 255 
-0.05 -0.384010615399314 -0.793105221822358 128 255 0 255 
-0.05 -0.396530354600326 -0.78755144813495 128 255 0 255 
-0.0499999999999997 -0.373595967278082 -0.778261249685989 128 255 0 255 
-0.0499999999999607 -0.406438897324085 -0.793278609739056 128 255 0 255 
-0.0499999999999992 -0.414625731071645 -0.787655504779078 128 255 0 255 
-0.05 -0.403218304175062 -0.773849842653856 128 255 0 255 
-0.05 -0.997651259694948 0.176695665354085 128 255 0 255 
-0.050000000000036 -1.02187380996631 0.136709427632168 128 255 0 255 
-0.05 -1.02670488897114 0.140449408701208 128 255 0 255 
-0.0499999999999662 -1.01921093446689 0.143354163198334 128 255 0 255 
-0.05 -1.01361456973881 0.191080883264267 128 255 0 255 
-0.05 -0.167713000244068 -0.88834344753679 128 255 0 255 
-0.05 -0.176143784594203 -0.885504521024532 128 255 0 255 
-0.05 -0.177879188892812 -0.894815723117575 128 255 0 255 
-0.05 -0.183363723252356 -0.891706902166079 128 255 0 255 
-0.0499999999999929 -0.186545200384615 -0.901878878356558 128 255 0 255 
-0.05 -0.17139690197096 -0.898260270765109 128 255 0 255 
-0.050000000000003 -0.182138404949588 -0.903214242227745 128 255 0 255 
-0.0500000000000225 -0.725900309017436 0.32145447165792 128 255 0 255 
-0.0500000000000006 -0.718913571824832 0.322162707843008 128 255 0 255 
-0.05 -0.73150928190053 0.329775595585322 128 255 0 255 
-0.05 -0.748044062730134 0.331673243687756 128 255 0 255 
-0.05 -0.735601016172139 0.325892287616536 128 255 0 255 
-0.05 -0.732743302871807 0.322575630224263 128 255 0 255 
-0.05 -0.196097941846642 -0.88867789107185 128 255 0 255 
-0.05 -0.204837076020154 -0.884762940936009 128 255 0 255 
-0.05 -0.201917381174769 -0.891696644203816 128 255 0 255 
-0.0500000000000049 -0.200043408251012 -0.897271110434456 128 255 0 255 
-0.0499999999999983 -0.194860513960358 -0.899098456780658 128 255 0 255 
-0.05 -0.20991799293168 -0.887821916897729 128 255 0 255 
-0.05 -0.205897163897852 -0.892593836151523 128 255 0 255 
-0.0500000000000065 -0.309815113938355 -0.850204813289687 128 255 0 255 
-0.05 -0.292906992149413 -0.85048641402497 128 255 0 255 
-0.05 -0.302688664026966 -0.842952342492177 128 255 0 255 
-0.05 -0.290000459882719 -0.838910415638759 128 255 0 255 
-0.05 -0.306381012590398 -0.835024013321461 128 255 0 255 
-0.05 -0.61436435989052 0.344197337446975 128 255 0 255 
-0.05 -0.61257800717106 0.333147421062609 128 255 0 255 
-0.05 -0.610374401177815 0.344630287019805 128 255 0 255 
-0.0500000000000002 -0.616252903747035 0.354991465687232 128 255 0 255 
-0.05 -0.60312478013143 0.334514274374155 128 255 0 255 
-0.05 -0.604571107478818 0.346829602366912 128 255 0 255 
-0.0499999999999958 -0.611353079762582 0.354100052959636 128 255 0 255 
-0.05 -0.216846323477973 -0.874397839617686 128 255 0 255 
-0.05 -0.229369979351085 -0.869629530297419 128 255 0 255 
-0.05 -0.228171037213465 -0.878350659909097 128 255 0 255 
-0.05 -0.240149281764944 -0.870482537856992 128 255 0 255 
-0.05 -0.214538251945064 -0.8815788253838 128 255 0 255 
-0.05 -0.21991458983973 -0.885597250425648 128 255 0 255 
-0.0499999999999768 -0.232714105316179 -0.885585702285248 128 255 0 255 
-0.05 -0.217086425295438 -0.866007600599007 128 255 0 255 
-0.05 -0.233512687552923 -0.863236437208361 128 255 0 255 
-0.05 -0.240493858333508 -0.865313668916315 128 255 0 255 
-0.05 -0.207814740000093 -0.878623847917594 128 255 0 255 
-0.05 -0.204215255012668 -0.872231356283582 128 255 0 255 
-0.05 -0.198814493128145 -0.880202834192151 128 255 0 255 
-0.05 -0.624282453427766 0.344000072153942 128 255 0 255 
-0.05 -0.055579784708247 -0.919949524382993 128 255 0 255 
-0.0499999999999976 -0.0585184740849401 -0.933660589425996 128 255 0 255 
-0.05 -0.0426234858420462 -0.926499872842065 128 255 0 255 
-0.0500000000000075 -0.301967905094669 -0.854467639234224 128 255 0 255 
-0.0499999999999991 -0.620287072098496 0.322985661236151 128 255 0 255 
-0.0499999999999934 -0.61617779150595 0.322640241495029 128 255 0 255 
-0.05 -0.622007600276982 0.332073917190421 128 255 0 255 
-0.05 -0.623222039481539 0.323231271765852 128 255 0 255 
-0.05 -0.627721818784309 0.328101126842234 128 255 0 255 
-0.05 -0.61824945455741 0.344015384577638 128 255 0 255 
-0.05 -0.212403494712508 -0.890702004285582 128 255 0 255 
-0.05 -0.912803494482711 0.272693151654243 128 255 0 255 
-0.05 -0.900555906158286 0.270271708180616 128 255 0 255 
-0.05 -0.901009164051249 0.283965685588062 128 255 0 255 
-0.05 -0.891061542435988 0.294902266949688 128 255 0 255 
-0.050000000000009 -0.905628886500926 0.2915043747647 128 255 0 255 
-0.05 -0.881440764053544 0.288874913458051 128 255 0 255 
-0.0499999999999832 -0.914561803414023 0.285549764054775 128 255 0 255 
-0.0499999999999501 -0.870759671550871 0.277993085879895 128 255 0 255 
-0.05 -0.86306036174668 0.286426507620259 128 255 0 255 
-0.05 -0.873975858854491 0.28226445727705 128 255 0 255 
-0.05 -0.858397655054836 0.296506543435514 128 255 0 255 
-0.0500000000000537 -0.881129624002064 0.271633269394634 128 255 0 255 
-0.05 -0.889064446048051 0.272154525500441 128 255 0 255 
-0.050000000000049 -1.05554483410656 0.127723674166092 128 255 0 255 
-0.0499999999999916 -0.221813291204728 -0.889565260038678 128 255 0 255 
-0.05 -0.189714414238221 -0.894021136016001 128 255 0 255 
-0.05 -0.186536028151929 -0.88231425231573 128 255 0 255 
-0.05 -0.176628758828584 -0.878971298717779 128 255 0 255 
-0.05 -0.180620058213558 -0.876440269381974 128 255 0 255 
-0.049999999999984 -0.184208898374893 -0.870751889822086 128 255 0 255 
-0.05 -0.193385917737385 -0.874606716628139 128 255 0 255 
-0.05 -0.343497847298567 -0.824353670544029 128 255 0 255 
-0.049999999999998 -0.337874163042926 -0.834841286959368 128 255 0 255 
-0.05 -0.333717856331205 -0.827416907180752 128 255 0 255 
-0.05 -0.340224239531828 -0.811377864720569 128 255 0 255 
-0.0500000000000164 -0.330958278733501 -0.838825086514358 128 255 0 255 
-0.05 -0.325621570739927 -0.821602940691956 128 255 0 255 
-0.05 -0.324129953925214 -0.833501905955663 128 255 0 255 
-0.05 -0.645714997911415 0.324416791589529 128 255 0 255 
-0.05 -0.641424531141749 0.330522484561394 128 255 0 255 
-0.05 -0.861544468147334 0.307185050642045 128 255 0 255 
-0.0500000000000858 -0.861779909864674 0.316893742323424 128 255 0 255 
-0.05 -0.875914320641375 0.303751268048442 128 255 0 255 
-0.049999999999961 -0.885761112034975 0.303980018438353 128 255 0 255 
-0.049999999999994 -0.873895740008465 0.310673523379545 128 255 0 255 
-0.049999999999988 -0.190928698966596 -0.900466633218791 128 255 0 255 
-0.0499999999999966 -1.02027801008001 -0.117014399912435 128 255 0 255 
-0.05 -1.00730548008674 -0.120293680646181 128 255 0 255 
-0.05 -1.00494445003517 -0.111421327107793 128 255 0 255 
-0.0499999999999755 -0.989011875994561 -0.113596390211624 128 255 0 255 
-0.0499999999999916 -0.99374643441731 -0.102570168863433 128 255 0 255 
-0.05 -1.01438044959725 -0.103631995905295 128 255 0 255 
-0.0499999999999893 -0.611098849353417 0.321956347448033 128 255 0 255 
-0.0499999999999791 -0.605224839142943 0.321142445058523 128 255 0 255 
-0.0500000000000143 -0.535402001872286 -0.650180198607504 128 255 0 255 
-0.0499999999999738 -0.551375686048941 -0.633515836088957 128 255 0 255 
-0.05 -0.557070222990522 -0.634273010916984 128 255 0 255 
-0.05 -0.519185889395376 -0.66660935840889 128 255 0 255 
-0.05 -0.573780628246283 -0.608980488696939 128 255 0 255 
-0.05 -0.542812307818082 -0.6577696898417 128 255 0 255 
-0.05 -0.58150701628726 -0.620889909058787 128 255 0 255 
-0.05 -0.958491227562553 0.23307021140523 128 255 0 255 
-0.05 -0.947421942016316 0.230545766057505 128 255 0 255 
-0.05 -0.955601255770994 0.240174811701847 128 255 0 255 
-0.0500000000000487 -0.951827868242482 0.256028282017471 128 255 0 255 
-0.0500000000000303 -0.959240184363381 0.249412853962109 128 255 0 255 
-0.0499999999999655 -0.966469950902603 0.242596732192809 128 255 0 255 
-0.0500000000000071 -0.932015558688047 0.233473260278363 128 255 0 255 
-0.0499999999999906 -0.973741965600838 0.236096660347086 128 255 0 255 
-0.05 -0.843700458307259 0.313851939346697 128 255 0 255 
-0.0499999999999438 -0.848033700962318 0.323231897240145 128 255 0 255 
-0.05 -0.825499070704362 0.322483119218835 128 255 0 255 
-0.05 -0.834045416459261 0.328994593181095 128 255 0 255 
-0.0499999999999968 -0.19322778829603 -0.867556218208522 128 255 0 255 
-0.0499999999999987 -0.202391020530599 -0.864243114080866 128 255 0 255 
-0.0499999999999579 -0.914840996685266 0.247848869742006 128 255 0 255 
-0.05 -0.923346596847957 0.268671321786806 128 255 0 255 
-0.0500000000000473 -0.92250606738119 0.279851905684335 128 255 0 255 
-0.0500000000000433 -0.929678929517506 0.274446680004803 128 255 0 255 
-0.0499999999999675 -0.936903132271419 0.268516292029295 128 255 0 255 
-0.0499999999999853 -0.893106896377724 0.263790544675119 128 255 0 255 
-0.0500000000000786 -0.904176207727204 0.256093393321546 128 255 0 255 
-0.0500000000000052 -0.324248477573393 -0.842468879280904 128 255 0 255 
-0.05 -0.315891466622487 -0.830564046134273 128 255 0 255 
-0.0500000000000035 -1.05524772934348 0.0190477149278282 128 255 0 255 
-0.0499999999999832 -1.05381951192081 0.00597269999923276 128 255 0 255 
-0.05 -1.04520699786575 0.00914217973605882 128 255 0 255 
-0.0500000000000688 -1.05211383878139 -0.00704616441702988 128 255 0 255 
-0.0500000000000099 -1.02436683847521 0.0137402468934736 128 255 0 255 
-0.05 -1.04422984109701 0.0276592241085633 128 255 0 255 
-0.05 -1.04146423603288 -0.00452059460224726 128 255 0 255 
-0.05 -0.636662078092768 0.328982036888483 128 255 0 255 
-0.05 -0.632448241458096 0.327797551811338 128 255 0 255 
-0.0499999999999985 -0.387615267761113 -0.805224086128039 128 255 0 255 
-0.05 -0.374274056496927 -0.788739328683227 128 255 0 255 
-0.05 -0.481532953418955 -0.728330013460263 128 255 0 255 
-0.05 -0.482505120215879 -0.715510684497091 128 255 0 255 
-0.05 -0.489685175435442 -0.724943974884664 128 255 0 255 
-0.0499999999999762 -0.485577445492674 -0.737124297559455 128 255 0 255 
-0.0500000000000036 -0.620012444315093 0.355677806007663 128 255 0 255 
-0.0500000000000266 -0.431277145295229 -0.738899480386396 128 255 0 255 
-0.0499999999999938 -0.44048606379518 -0.732271245953268 128 255 0 255 
-0.05 -0.436423592126659 -0.742192163225574 128 255 0 255 
-0.05 -0.427838415991749 -0.754645644893824 128 255 0 255 
-0.0500000000000147 -0.421662792280192 -0.745614450249465 128 255 0 255 
-0.05 -0.439318595658396 -0.752967443189997 128 255 0 255 
-0.05 -0.314339792476228 -0.840137055576595 128 255 0 255 
-0.05 -1.01911420519097 -0.0770345458740885 128 255 0 255 
-0.049999999999971 -1.03921458713134 -0.0664261619379858 128 255 0 255 
-0.0500000000000146 -1.03613053373301 -0.0762940618806202 128 255 0 255 
-0.0500000000000036 -1.03291478623718 -0.0855265091783377 128 255 0 255 
-0.05 -1.02663525148985 -0.0802799454018575 128 255 0 255 
-0.0499999999999785 -0.62610828750904 0.323467455229171 128 255 0 255 
-0.050000000000008 -0.629002321625231 0.323570138104905 128 255 0 255 
-0.0499999999999555 -1.02953441282908 -0.0946996473533252 128 255 0 255 
-0.0500000000000425 -1.02640319194401 -0.102521328478608 128 255 0 255 
-0.05 -1.02262029014423 -0.0907294821032184 128 255 0 255 
-0.05 -1.00935993477774 -0.0914107853861775 128 255 0 255 
-0.0499999999999952 -0.631845711939409 0.323712636254315 128 255 0 255 
-0.0500000000000038 -0.635913805451162 0.323955538725818 128 255 0 255 
-0.05 -0.494012840771058 -0.713616393905998 128 255 0 255 
-0.0499999999999981 -0.501197752764959 -0.724151586419603 128 255 0 255 
-0.0500000000000398 -0.493284945120128 -0.730930869012623 128 255 0 255 
-0.0499999999999894 -0.304755134563274 -0.818884895439179 128 255 0 255 
-0.0500000000000164 -0.313769109401369 -0.814014748526851 128 255 0 255 
-0.05 -0.308984679943592 -0.822556206765502 128 255 0 255 
-0.0500000000000042 -0.295011568020492 -0.823992180082944 128 255 0 255 
-0.0500000000000115 -0.322314377500328 -0.809173204351344 128 255 0 255 
-0.0500000000000021 -0.330780323279946 -0.80420209969263 128 255 0 255 
-0.0500000000000537 -0.285321456510737 -0.829197653903586 128 255 0 255 
-0.0500000000000018 -0.989013913201938 0.223255234415994 128 255 0 255 
-0.0500000000000079 -0.96037059047623 0.207835063766632 128 255 0 255 
-0.05 -0.970789005490716 0.218867969947861 128 255 0 255 
-0.0499999999999681 -0.945900649832276 0.220732576979754 128 255 0 255 
-0.0499999999999997 -0.979313817409393 0.231312120901595 128 255 0 255 
-0.05 -0.966760666084644 0.222360369897637 128 255 0 255 
-0.0499999999999854 -0.95290821662868 0.214354771232874 128 255 0 255 
-0.0500000000000146 -0.984891641062155 0.226534410426101 128 255 0 255 
-0.049999999999992 -0.639983996171778 0.324162552612915 128 255 0 255 
-0.05 -0.164065060315019 -0.903187875123356 128 255 0 255 
-0.0499999999999981 -0.174908258193034 -0.905500972711766 128 255 0 255 
-0.0499999999999967 -1.00716436820619 -0.144897385454203 128 255 0 255 
-0.05 -0.987942576375932 -0.14510710588087 128 255 0 255 
-0.05 -0.996783342828736 -0.135551316819345 128 255 0 255 
-0.0499999999999951 -1.01420666344364 -0.130581834556076 128 255 0 255 
-0.0500000000000036 -1.01096103042941 -0.13739865701012 128 255 0 255 
-0.0500000000000975 -0.976316630030195 -0.139122278672236 128 255 0 255 
-0.0500000000000108 -0.982858882679268 -0.126456089746331 128 255 0 255 
-0.05 -0.998033248636518 -0.12529586641558 128 255 0 255 
-0.0500000000000322 -1.00893301485955 -0.0623838555334447 128 255 0 255 
-0.0500000000000432 -1.05919830292882 0.0839449959748634 128 255 0 255 
-0.05 -1.04861514431373 0.0699429653743995 128 255 0 255 
-0.0500000000000064 -0.205242294744794 -0.895489122702631 128 255 0 255 
-0.0500000000000167 -1.01946208273317 0.19785407041497 128 255 0 255 
-0.0499999999999943 -0.211730007352306 -0.893172650304934 128 255 0 255 
-0.0500000000000071 -1.01735863888169 -0.123852207266085 128 255 0 255 
-0.05 -0.374755961504918 -0.799696979612568 128 255 0 255 
-0.0499999999999984 -1.05892602159859 0.0715212633369518 128 255 0 255 
-0.05 -1.03350703276517 0.0564103917383195 128 255 0 255 
-0.05 -1.04475028812863 0.0474195472547424 128 255 0 255 
-0.0499999999999042 -1.0586920998334 0.0583725904669667 128 255 0 255 
-0.0499999999999926 -0.175106547498827 -0.873723636672302 128 255 0 255 
-0.0500000000000089 -0.164755778323315 -0.876882284151867 128 255 0 255 
-0.0500000000000451 -0.89661500733386 0.29733734140052 128 255 0 255 
-0.0500000000000495 -0.496974432964436 -0.687057578974041 128 255 0 255 
-0.0500000000000024 -0.508129837510621 -0.676888063629887 128 255 0 255 
-0.05 -0.499564162600404 -0.699819818433555 128 255 0 255 
-0.0499999999999954 -0.482011222571635 -0.699896431421789 128 255 0 255 
-0.0500000000000179 -0.489522124563232 -0.693511330802098 128 255 0 255 
-0.0500000000000033 -0.51718507395482 -0.710393058068836 128 255 0 255 
-0.049999999999994 -0.509113611038027 -0.717375867779286 128 255 0 255 
-0.05 -0.59164064925697 0.33259762764537 128 255 0 255 
-0.05 -0.598084952772659 0.343162234144603 128 255 0 255 
-0.0499999999999763 -0.598886123671797 0.351655322216693 128 255 0 255 
-0.0500000000000112 -0.592202103324282 0.350214344119887 128 255 0 255 
-0.0499999999999885 -0.605601227589336 0.352914130100577 128 255 0 255 
-0.0499999999999924 -0.575293259576093 0.345460457073136 128 255 0 255 
-0.0499999999999973 -0.583700429638737 0.347994147242443 128 255 0 255 
-0.05 -0.57337637897065 0.337794399940798 128 255 0 255 
-0.0499999999999707 -0.566041750896067 0.342318189851263 128 255 0 255 
-0.05 -0.582934916892032 0.338390781233481 128 255 0 255 
-0.05 -0.573755023269521 0.323353387218906 128 255 0 255 
-0.05 -0.5585298550475 0.329248091141595 128 255 0 255 
-0.05 -0.982461411003841 0.20143920266005 128 255 0 255 
-0.0500000000000281 -0.983744989027105 0.189077962473469 128 255 0 255 
-0.0499999999999997 -0.976010218798079 0.195120871215446 128 255 0 255 
-0.0499999999999362 -0.967936510865125 0.201428539425009 128 255 0 255 
-0.0500000000000079 -0.345308078926926 -0.830491933940849 128 255 0 255 
-0.0500000000000012 -0.534194302124351 -0.694887319370048 128 255 0 255 
-0.0500000000000131 -0.525775279140524 -0.702736238826343 128 255 0 255 
-0.05 -0.537720097863225 -0.677560361010412 128 255 0 255 
-0.0500000000000118 -0.788892670521808 0.34233142360115 128 255 0 255 
-0.05 -0.787700563776684 0.330644737989951 128 255 0 255 
-0.0499999999999792 -1.02861311237538 0.0625820018530845 128 255 0 255 
-0.0499999999999958 -1.02569144359143 0.0268730906051301 128 255 0 255 
-0.050000000000043 -1.0280416208182 0.0512737917089136 128 255 0 255 
-0.0500000000000357 -1.02705341640137 0.0400019663257044 128 255 0 255 
-0.05 -1.00816781337899 -0.0823241470351869 128 255 0 255 
-0.0500000000000146 -0.167649607247769 -0.907691891650913 128 255 0 255 
-0.0500000000000366 -1.04999906519847 -0.0197868185451049 128 255 0 255 
-0.0500000000000064 -0.317224511727151 -0.8462454810003 128 255 0 255 
-0.0499999999998934 -0.81898202524625 0.334032286883668 128 255 0 255 
-0.0499999999999624 -0.701249483167949 0.359273284085786 128 255 0 255 
-0.05 -0.433455231111883 -0.761780489056609 128 255 0 255 
-0.05 -0.421594519559033 -0.765963120306992 128 255 0 255 
-0.05 -0.41457334576946 -0.759356078490213 128 255 0 255 
-0.0500000000000002 -0.993178500323528 0.220029856842561 128 255 0 255 
-0.05 -0.984789030126475 0.215557624802769 128 255 0 255 
-0.05 -0.984402860660343 0.209555990224048 128 255 0 255 
-0.0499999999999806 -0.97372942764118 -0.20019378346105 128 255 0 255 
-0.0500000000000387 -0.965242050084305 -0.212351023458895 128 255 0 255 
-0.05 -0.949233246813938 -0.220296557427228 128 255 0 255 
-0.0499999999999669 -0.956540404292481 -0.224356683763044 128 255 0 255 
-0.05 -0.944405281306802 -0.211346026125247 128 255 0 255 
-0.0500000000000014 -0.945455340656707 -0.238445197352213 128 255 0 255 
-0.0499999999999889 -0.599393916448044 0.320087302384738 128 255 0 255 
-0.0500000000000015 -0.274727164024171 -0.834237844724466 128 255 0 255 
-0.0499999999999894 -0.584666254748525 0.316405798353348 128 255 0 255 
-0.049999999999987 -0.591977351360422 0.318455871520632 128 255 0 255 
-0.0499999999999972 -0.451460422389917 0.287413664733802 128 255 0 255 
-0.05 -0.539771625132485 0.322973871671039 128 255 0 255 
-0.0500000000000026 -0.554835615355748 0.337964890408375 128 255 0 255 
-0.0500000000000143 -0.378548405871653 -0.810925896411922 128 255 0 255 
-0.0500000000000164 -0.364733681805393 -0.783893863611992 128 255 0 255 
-0.05 -0.364693828339421 -0.799465260115302 128 255 0 255 
-0.05 -0.76364957256217 0.32533524997275 128 255 0 255 
-0.05 -0.758068514823468 0.323536660828483 128 255 0 255 
-0.05 -0.749505658242263 0.323565586412527 128 255 0 255 
-0.05 -0.75803300871431 0.326952540925146 128 255 0 255 
-0.0500000000000128 -0.74715808674532 0.318640108842159 128 255 0 255 
-0.05 -0.519146573254477 -0.688074400341012 128 255 0 255 
-0.05 -0.525456786271043 -0.683745282771105 128 255 0 255 
-0.05 -0.953500887192109 0.228576539573951 128 255 0 255 
-0.05 -0.739813226280634 0.323982032719073 128 255 0 255 
-0.0499999999999969 -0.456092415230961 -0.720567268381498 128 255 0 255 
-0.0499999999999993 -0.463031821651933 -0.715326564003777 128 255 0 255 
-0.0500000000000452 -0.469905633238989 -0.709998386485464 128 255 0 255 
-0.0499999999999947 -0.475969098926318 -0.704967378204994 128 255 0 255 
-0.049999999999988 -0.355811820242969 -0.789432693144713 128 255 0 255 
-0.0500000000000143 -0.369415718833231 -0.816525221604669 128 255 0 255 
-0.05 -0.460654435249124 -0.732073656090776 128 255 0 255 
-0.0500000000000159 -0.761576872342436 0.316201594485488 128 255 0 255 
-0.0499999999999949 -0.211572665585187 -0.860981848721074 128 255 0 255 
-0.0499999999999563 -0.221697045557631 -0.857333077984059 128 255 0 255 
-0.0499999999999901 -0.721697619937818 0.356452398568796 128 255 0 255 
-0.0500000000001162 -0.927260388887763 -0.212992271292502 128 255 0 255 
-0.05 -0.944361363596563 -0.202864547001018 128 255 0 255 
-0.05 -0.943959499104703 -0.190477524940883 128 255 0 255 
-0.05 -0.961820283099674 -0.19664236842484 128 255 0 255 
-0.05 -0.453010642182425 0.262990597421019 128 255 0 255 
-0.0499999999999851 -0.773958117941953 0.345834876397932 128 255 0 255 
-0.0499999999999673 -0.76962122539593 0.314841419821094 128 255 0 255 
-0.0500000000000186 -0.998130533755117 -0.0921734372629991 128 255 0 255 
-0.0500000000000948 -0.827387368352359 0.29933026451936 128 255 0 255 
-0.0500000000000008 -0.411874958024039 -0.752309672957568 128 255 0 255 
-0.0499999999999893 -0.531660582639696 0.327758419006254 128 255 0 255 
-0.0499999999999921 -0.543802893020567 0.333178601547762 128 255 0 255 
-0.05 -0.526004070324553 0.320919212250375 128 255 0 255 
-0.0500000000000004 -0.51841132324873 0.321750300840463 128 255 0 255 
-0.0500000000000208 -1.0022864372974 -0.0816788562235828 128 255 0 255 
-0.0500000000000025 -1.00585950268574 -0.0717341558233931 128 255 0 255 
-0.0499999999999895 -0.761131418800224 0.34873355435307 128 255 0 255 
-0.0500000000000167 -1.00321291553814 -0.15248866548712 128 255 0 255 
-0.050000000000036 -0.998949565761078 -0.160109530932985 128 255 0 255 
-0.05 -0.991068431883323 -0.15315206437036 128 255 0 255 
-0.05 -0.980761056446676 -0.163497215433131 128 255 0 255 
-0.04999999999997 -0.968380108971919 -0.152812483033848 128 255 0 255 
-0.05 -0.979552126675546 -0.191486832190741 128 255 0 255 
-0.05 -0.994500101558965 -0.167620099994727 128 255 0 255 
-0.0499999999999577 -0.956558549775038 -0.171910544670456 128 255 0 255 
-0.0500000000000138 -0.0149617898833476 -0.940923695081706 128 255 0 255 
-0.05 -0.0262589336449798 -0.924727969880332 128 255 0 255 
-0.0500000000000013 -0.452262676098367 -0.761643148243097 128 255 0 255 
-0.05 -0.443292529468093 -0.76042098425289 128 255 0 255 
-0.05 -0.438619247387747 -0.76661893313841 128 255 0 255 
-0.0499999999999973 -0.447049734989063 -0.765363436571248 128 255 0 255 
-0.0499999999999948 -0.861785253908136 0.283139253475141 128 255 0 255 
-0.0500000000000073 -1.02331095616087 -0.109755477888743 128 255 0 255 
-0.0499999999999831 -0.0295526358965671 -0.938408232451596 128 255 0 255 
-0.0500000000000221 -0.8534837295963 0.287493001082909 128 255 0 255 
-0.05 -0.430058113538867 -0.770066360997186 128 255 0 255 
-0.0500000000000034 -0.430219668721769 -0.776938287915781 128 255 0 255 
-0.05 -0.420419132469543 -0.776080136377679 128 255 0 255 
-0.0500000000000058 -0.436031932448504 -0.773016855109773 128 255 0 255 
-0.050000000000006 -0.422795477543609 -0.782007595817998 128 255 0 255 
-0.0500000000000088 -0.338992507924465 -0.799407172989375 128 255 0 255 
-0.0500000000000005 -0.347405735709893 -0.794425830055467 128 255 0 255 
-0.0500000000000007 -0.0873675854817969 -0.92801948535848 128 255 0 255 
-0.050000000000003 -0.0728180580103126 -0.930984378309978 128 255 0 255 
-0.05 -0.0778142708467549 -0.917258503032182 128 255 0 255 
-0.05 -0.0889113965289683 -0.907542785594399 128 255 0 255 
-0.0500000000000256 -0.0621600333042584 -0.902487368251586 128 255 0 255 
-0.0499999999999884 -0.38316202348581 -0.772177685035124 128 255 0 255 
-0.0500000000000063 -0.0975297430078312 0.201420118174861 128 255 0 255 
-0.05 -0.100057187919524 0.187036708128063 128 255 0 255 
-0.0500000000000008 -0.996979285970339 0.21711197876461 128 255 0 255 
-0.0500000000000262 -0.552851263129692 0.304244747291946 128 255 0 255 
-0.05 -0.552844751636085 0.307294581779242 128 255 0 255 
-0.0500000000000206 -0.707432233656434 -0.497632718887084 128 255 0 255 
-0.05 -0.694440792595697 -0.489682177072837 128 255 0 255 
-0.0500000000000088 -0.680459638919742 -0.482606089872412 128 255 0 255 
-0.0499999999999792 -0.585685294870608 -0.641744477770063 128 255 0 255 
-0.05 -0.583576333599899 -0.631761622700713 128 255 0 255 
-0.05 -0.595926262165509 -0.615269907173772 128 255 0 255 
-0.0500000000000458 -0.597174896995127 -0.628681471966024 128 255 0 255 
-0.0500000000000106 -0.132294047450335 -0.917517410210832 128 255 0 255 
-0.05 -0.140144563010803 -0.898421806507158 128 255 0 255 
-0.0500000000000153 -0.441823635992218 -0.76906528780882 128 255 0 255 
-0.0499999999999903 -1.01612652556309 -0.0353399097138378 128 255 0 255 
-0.05 -0.502434211821365 0.293828701534397 128 255 0 255 
-0.0500000000000135 -1.05776611165269 0.045258682751298 128 255 0 255 
-0.05 -0.113705615473567 -0.897989999210301 128 255 0 255 
-0.0500000000000094 -0.117115305882154 -0.921306930927485 128 255 0 255 
-0.0499999999999683 -0.523917156192202 0.291458194425907 128 255 0 255 
-0.05 -0.104640265103689 0.170667413985995 128 255 0 255 
-0.05 -0.134703880107431 0.198491634941314 128 255 0 255 
-0.05 -0.302545785648396 0.179007771711235 128 255 0 255 
-0.05 -0.302599484784936 0.19651214978217 128 255 0 255 
-0.05 -0.302636791356638 0.210555264750881 128 255 0 255 
-0.0499999999999436 -0.0983230157620288 -0.894902574630726 128 255 0 255 
-0.049999999999993 -0.129070137727995 -0.887225930338243 128 255 0 255 
-0.0500000000000114 -0.141760143854526 -0.883711581118098 128 255 0 255 
-0.050000000000002 -0.11370339549903 -0.891091359959105 128 255 0 255 
-0.0500000000000175 -0.0802711127750765 -0.898837909272803 128 255 0 255 
-0.0500000000000722 -0.741040796928346 -0.414580245777822 128 255 0 255 
-0.05 -0.797452366280695 -0.376748431639874 128 255 0 255 
-0.05 -0.774251039695605 -0.405318950516015 128 255 0 255 
-0.0499999999999986 -0.823046028337908 -0.373020249823781 128 255 0 255 
-0.05 -0.798225678126796 -0.397367367152789 128 255 0 255 
-0.05 -0.857911927801555 -0.31909658135068 128 255 0 255 
-0.05 -0.82750335322451 -0.336817333378742 128 255 0 255 
-0.0499999999999933 -0.800376039341483 -0.353157785754726 128 255 0 255 
-0.049999999999961 -0.825089977329486 -0.328938304712051 128 255 0 255 
-0.0500000000000177 -0.849375276207733 -0.304279400149493 128 255 0 255 
-0.0500000000000101 -0.847872294019506 -0.348679335509698 128 255 0 255 
-0.05 -0.771000685464113 -0.382074474847881 128 255 0 255 
-0.05 -0.617326724029717 -0.588993519371438 128 255 0 255 
-0.0499999999999177 -0.871738218489407 -0.32433794591097 128 255 0 255 
-0.0500000000000029 -0.630742018889191 0.357502147145829 128 255 0 255 
-0.0499999999999909 -0.634562163284309 0.358057581848732 128 255 0 255 
-0.0500000000000228 -1.02754442467288 0.111167925795869 128 255 0 255 
-0.0499999999999867 -1.01147861980239 -0.0538110575798051 128 255 0 255 
-0.0500000000000251 -1.05657947862185 0.0321331065914119 128 255 0 255 
-0.050000000000066 -1.013981507133 -0.0446168572380242 128 255 0 255 
-0.0500000000000237 -0.0417788722995859 -0.906115413085349 128 255 0 255 
-0.0500000000000122 -0.0440522144179575 -0.936137507826128 128 255 0 255 
-0.0500000000000297 -0.939021973862628 0.227247286346935 128 255 0 255 
-0.0500000000000285 -0.265221365693253 -0.872148990323785 128 255 0 255 
-0.05 0 -0.943220896274584 128 255 0 255 
-0.0499999999999758 -0.145158520275956 -0.914173154466355 128 255 0 255 
-0.0500000000000216 -0.543687844543134 -0.685955387543217 128 255 0 255 
-0.0500000000000242 -0.242513966757164 -0.84891821709897 128 255 0 255 
-0.0500000000000025 -0.231684651692096 -0.853332701760721 128 255 0 255 
-0.0500000000000414 -0.253273532650962 -0.844327234747119 128 255 0 255 
-0.0500000000000155 -0.264142584069386 -0.839298705624631 128 255 0 255 
-0.0500000000000012 -0.729433853175975 0.320999432967927 128 255 0 255 
-0.049999999999987 -0.740034449172737 0.319633830041003 128 255 0 255 
-0.0500000000000001 -0.732968109712849 0.320549926159859 128 255 0 255 
-0.0499999999999992 -0.15794015566856 -0.910538384778766 128 255 0 255 
-0.0500000000000168 -0.62296302981797 -0.59784395755269 128 255 0 255 
-0.05 -0.962189729357292 0.229957603853313 128 255 0 255 
-0.0499999999999766 -0.844974400588567 0.291737758920296 128 255 0 255 
-0.0500000000000364 -0.609413484628128 -0.614459837871481 128 255 0 255 
-0.05 -0.893375823293249 -0.301578519160909 128 255 0 255 
-0.05 0 0.212854887923797 128 255 0 255 
-0.05 0 0.185823504193014 128 255 0 255 
-0.05 0 0.182501480415688 128 255 0 255 
-0.05 0 -0.935757929136793 128 255 0 255 
-0.05 0 -0.928294961999001 128 255 0 255 
-0.05 0 -0.920715137150008 128 255 0 255 
-0.05 0 0.204418455226228 128 255 0 255 
-0.0492626303333198 0 -0.891316937231345 0 128 255 255 
-0.057473922838762 0 -0.892440619659387 0 128 255 255 
-0.0604831330683587 0 -0.888697072273457 0 128 255 255 
-0.040949248535399 0 -0.906711284252857 0 128 255 255 
-0.0514546589701485 0 -0.903905620401831 0 128 255 255 
-0.0491966249282619 0 -0.900380192979158 0 128 255 255 
-0.061495283185395 0 -0.904173171154872 0 128 255 255 
-0.0695482982555595 0 -0.898982340989527 0 128 255 255 
-0.0577492724538181 0 -0.901186005389883 0 128 255 255 
-0.059426857370502 0 -0.913860270597411 0 128 255 255 
-0.0628201919839968 0 -0.908250309369407 0 128 255 255 
-0.0539607285458911 0 -0.907710471483918 0 128 255 255 
-0.172357922933229 0 -0.870691980180575 0 128 255 255 
-0.158150681412099 0 -0.87293888910155 0 128 255 255 
-0.16730589912258 0 -0.886700246549944 0 128 255 255 
-0.185810303128191 0 -0.929413456625895 0 128 255 255 
-0.2 0 -0.923174953953607 0 128 255 255 
-0.177638791888983 0 -0.92412540247574 0 128 255 255 
-0.154578268744699 0 -0.916558221419796 0 128 255 255 
-0.157782394257242 -5.0821976835258E-21 -0.933755663003776 0 128 255 255 
-0.165891068737038 0 -0.921509843564785 0 128 255 255 
-0.2 0 -0.919266895779222 0 128 255 255 
-0.192881164064304 0 -0.910900520671942 0 128 255 255 
-0.188817268356682 0 -0.917816552322341 0 128 255 255 
-0.06656052091614 0 -0.885008199001522 0 128 255 255 
-0.0661506630986673 0 -0.882016204351759 0 128 255 255 
-0.0573469156386516 0 -0.886019405647897 0 128 255 255 
-0.0882787080786242 0 0.149379477510413 0 128 255 255 
-0.107014343378579 0 0.146642998610377 0 128 255 255 
-0.112333509308014 0 0.147390136520926 0 128 255 255 
-0.2 0 -0.927032409553655 0 128 255 255 
-0.107820114005598 -2.11758236813575E-22 -0.939286683645841 0 128 255 255 
-0.118918588761143 0 -0.938273168644173 0 128 255 255 
-0.112891306948168 0 -0.928745919488096 0 128 255 255 
-0.2 0 -0.907535594607975 0 128 255 255 
-0.2 0 -0.903744768866741 0 128 255 255 
-0.170431616530113 0 -0.902063941664178 0 128 255 255 
-0.169951691004417 0 -0.896608124225982 0 128 255 255 
-0.157490008195292 0 -0.899631574336165 0 128 255 255 
-0.173553083776962 0 -0.911629876800964 0 128 255 255 
-0.13603400535033 0 -0.900500768964584 0 128 255 255 
-0.146141768904026 0 -0.908012382869769 0 128 255 255 
-0.141886420345561 0 -0.875113711501929 0 128 255 255 
-0.180678960380789 0 -0.900445209616213 0 128 255 255 
-0.116111788283715 0 0.149913937289894 0 128 255 255 
-0.119665402537122 0 0.151496182997115 0 128 255 255 
-0.106520716678982 0 0.156541612186545 0 128 255 255 
-0.126125986088492 0 0.153134965827501 0 128 255 255 
-0.1048950637965 0 0.162936215950989 0 128 255 255 
-0.0959095299867261 0 0.154700814348517 0 128 255 255 
-0.23 0 -0.870217112069717 0 128 255 255 
-0.23 0 -0.863894387127536 0 128 255 255 
-0.222992676908407 0 -0.877280263462047 0 128 255 255 
-0.0423037956054156 0 0.16954349957888 0 128 255 255 
-0.050958954307326 0 0.170792181777989 0 128 255 255 
-0.0455111424863487 0 0.176134491063802 0 128 255 255 
-0.0345152639626964 0 0.177551039847519 0 128 255 255 
-0.0399997793143956 0 0.182982199979815 0 128 255 255 
-0.05 0 0.182501480415688 0 128 255 255 
-0.209498769844023 1.6940658945086E-21 -0.863284382234729 0 128 255 255 
-0.204622778129489 0 -0.869476973104396 0 128 255 255 
-0.217568028057483 0 -0.865522224657938 0 128 255 255 
-0.22035821305563 3.3881317890172E-21 -0.860508216250843 0 128 255 255 
-0.23 0 -0.857536724783544 0 128 255 255 
-0.0292798155737937 0 0.169540224930754 0 128 255 255 
-0.02 0 0.183701387731236 0 128 255 255 
-0.02 0 0.178101471583248 0 128 255 255 
-0.02 0 0.17277566834652 0 128 255 255 
-0.111890299335669 0 -0.895486320869929 0 128 255 255 
-0.0829571554692509 0 -0.904912141859628 0 128 255 255 
-0.0961337639381668 0 -0.908631907541094 0 128 255 255 
-0.0854286869818818 0 -0.938023519535149 0 128 255 255 
-0.0930592935572077 0 -0.930915524817797 0 128 255 255 
-0.0723264277744291 0 -0.937549435953466 0 128 255 255 
-0.0357181082150512 0 -0.898757547294928 0 128 255 255 
-0.050187831250125 0 -0.895788502417291 0 128 255 255 
-0.0592878699352304 0 -0.896047214921639 0 128 255 255 
-0.0471868891056725 0 -0.886586130167476 0 128 255 255 
-0.0366958656048525 0 -0.891093099880249 0 128 255 255 
-0.0299970507962247 -1.6940658945086E-21 0.183404435800625 0 128 255 255 
-0.194738317489789 0 -0.86984124109448 0 128 255 255 
-0.186568351328005 8.470329472543E-22 -0.868465486343534 0 128 255 255 
-0.187504351807478 0 -0.871481480943754 0 128 255 255 
-0.0694244102384706 0 -0.891679380851185 0 128 255 255 
-0.0571607054959804 0 -0.933107152958628 0 128 255 255 
-0.0542874044983406 -8.470329472543E-22 -0.943107982358673 0 128 255 255 
-0.0681889524732241 0 -0.928933293457514 0 128 255 255 
-0.0604728672608367 0 -0.923294348280644 0 128 255 255 
-0.0556610878153806 0 -0.919223296679707 0 128 255 255 
-0.173827238905612 0 -0.894217039765475 0 128 255 255 
-0.17732881826689 0 -0.893146492634914 0 128 255 255 
-0.0475154063338549 0 -0.910291922471745 0 128 255 255 
-0.0526879271605119 0 -0.911146381116596 0 128 255 255 
-0.11889192797748 0 0.164664761415136 0 128 255 255 
-0.0601274678007967 0 0.16201783128214 0 128 255 255 
-0.054024641813938 0 0.162035840433145 0 128 255 255 
-0.0594680143529517 0 0.159517998003746 0 128 255 255 
-0.0399791274274724 0 -0.912989878626744 0 128 255 255 
-0.05 0 -0.91290159687861 0 128 255 255 
-0.05 0 0.200414658572181 0 128 255 255 
-0.05 0 0.196491616400442 0 128 255 255 
-0.0717637255208514 0 0.195384522027112 0 128 255 255 
-0.05 0 0.192818572185391 0 128 255 255 
-0.05 0 0.18914552797034 0 128 255 255 
-0.0706352880246652 0 0.187660904267308 0 128 255 255 
-0.11309137521224 0 0.194198548403421 0 128 255 255 
-0.0983339332816351 0 0.209082733420187 0 128 255 255 
-0.0914967061696518 0 0.184659593208046 0 128 255 255 
-0.122352899152207 0 -0.909333681872865 0 128 255 255 
-0.12155107572663 0 -0.919602780907472 0 128 255 255 
-0.136482170951451 0 -0.915479998461245 0 128 255 255 
-0.2 0 0.182714478037412 0 128 255 255 
-0.156587855632882 0 0.183468161498628 0 128 255 255 
-0.161529752206229 0 0.163702018272799 0 128 255 255 
-0.126572536980411 0 0.176322716852858 0 128 255 255 
-0.139161370809788 0 0.158013321580723 0 128 255 255 
-0.163455903724661 0 0.132013961189596 0 128 255 255 
-0.184066362884217 0 0.149489784569401 0 128 255 255 
-0.0700807476775847 0 -0.910439836348037 0 128 255 255 
-0.0697313085198138 0 -0.917915924622371 0 128 255 255 
-0.0766892622122062 0 -0.912968796427121 0 128 255 255 
-0.0544376573097514 0 -0.88249189086182 0 128 255 255 
-0.0692282411527003 0 -0.905181736155982 0 128 255 255 
-0.13108678827589 0 0.146037979140503 0 128 255 255 
-0.131570053343225 0 0.143189486134586 0 128 255 255 
-0.198558562514107 0 -0.865690777634452 0 128 255 255 
-0.13549577935312 0 0.140400150523925 0 128 255 255 
-0.0561649857888132 0 -0.904243817107626 0 128 255 255 
-0.0536966049560654 0 0.158796369869194 0 128 255 255 
-0.055854627822926 0 0.157338102280128 0 128 255 255 
-0.0590435935951014 0 0.168552015588099 0 128 255 255 
-0.0518596806875884 0 0.166606574842087 0 128 255 255 
-0.172212111844833 0 0.192732521114061 0 128 255 255 
-0.168915335660026 0 0.189696587292898 0 128 255 255 
-0.146861375162387 0 0.199871188521491 0 128 255 255 
-0.0623320140816099 0 -0.892570625312527 0 128 255 255 
-0.0635932410399396 0 -0.890419615171244 0 128 255 255 
-0.125581570199826 0 -0.876863298886253 0 128 255 255 
-0.109415951101574 1.6940658945086E-21 -0.878460565840615 0 128 255 255 
-0.121152447329832 -1.35525271560688E-20 0.205509821730103 0 128 255 255 
-0.13577828574698 0 0.1884651538191 0 128 255 255 
-0.0977046822122107 0 0.17291658686361 0 128 255 255 
-0.02 0 -0.886906747315128 0 128 255 255 
-0.0255904883441674 2.46519032881566E-32 -0.882413126807211 0 128 255 255 
-0.02 0 -0.882318436907444 0 128 255 255 
-0.02 0 -0.891495057722812 0 128 255 255 
-0.0289374185501433 0 -0.887460916535862 0 128 255 255 
-0.0693149568778495 0 -0.887366394384348 0 128 255 255 
-0.2 0 -0.911406429777246 0 128 255 255 
-0.2 0 -0.915358837604837 0 128 255 255 
-0.23 0 -0.889072215508553 0 128 255 255 
-0.23 0 -0.882827624552265 0 128 255 255 
-0.224122826956803 8.470329472543E-22 -0.890728981520043 0 128 255 255 
-0.02 0 -0.89655687517919 0 128 255 255 
-0.039407774438603 0 -0.88608279739584 0 128 255 255 
-0.0462242499945702 1.6940658945086E-21 -0.882659219329902 0 128 255 255 
-0.0380066622846374 0 -0.882621350889748 0 128 255 255 
-0.171595170219369 0 -0.931606896394141 0 128 255 255 
-0.0585724672630524 0 -0.942936539037715 0 128 255 255 
-0.0633265226925626 4.2351647362715E-22 -0.942736989977711 0 128 255 255 
-0.0785773564033957 0 -0.940180162284891 0 128 255 255 
-0.0249075236301132 0 0.153213628395793 0 128 255 255 
-0.02 0 0.157913037741507 0 128 255 255 
-0.02 0 0.15342790069869 0 128 255 255 
-0.02 0 0.162398174784324 0 128 255 255 
-0.0462407096525814 0 0.163004001294865 0 128 255 255 
-0.0388566271134107 0 0.162736280330384 0 128 255 255 
-0.0348000793649458 2.11758236813575E-22 0.152850833977158 0 128 255 255 
-0.0478889469748071 0 0.155579449771562 0 128 255 255 
-0.0484604105905338 0 0.158475809346954 0 128 255 255 
-0.0436927031630556 0 0.155104156116461 0 128 255 255 
-0.02 0 -0.901618692635567 0 128 255 255 
-0.02 0 -0.906996622280965 0 128 255 255 
-0.0299894031075237 -2.11758236813575E-22 -0.91285102075375 0 128 255 255 
-0.0693939057767775 0 0.15103361682326 0 128 255 255 
-0.0695388195737947 0 0.154174923392881 0 128 255 255 
-0.0815041824174713 0 0.210866235773972 0 128 255 255 
-0.0791700656544767 0 0.207668623233905 0 128 255 255 
-0.02 0 -0.912691986585057 0 128 255 255 
-0.0317985577288865 -2.64697796016969E-23 -0.882518277096715 0 128 255 255 
-0.195346158490196 -1.35525271560688E-19 0.118992654513409 0 128 255 255 
-0.2 0 0.150025810833787 0 128 255 255 
-0.0412399306383343 4.2351647362715E-22 0.152601323797042 0 128 255 255 
-0.0422741454511227 0 0.158489472970055 0 128 255 255 
-0.0483325953699935 4.2351647362715E-22 0.152279928381751 0 128 255 255 
-0.05 0 -0.943220896274584 0 128 255 255 
-0.0783811189257652 -2.64697796016969E-23 -0.941782805248299 0 128 255 255 
-0.0864886810149378 0 -0.941201383574086 0 128 255 255 
-0.0702734067952355 8.470329472543E-22 -0.942362127066971 0 128 255 255 
-0.23 0 0.135597746585097 0 128 255 255 
-0.187454411917542 0 -0.891254160652966 0 128 255 255 
-0.2 0 -0.899993947839525 0 128 255 255 
-0.193379434658806 0 -0.881004388030253 0 128 255 255 
-0.2 0 -0.896243126812309 0 128 255 255 
-0.195979490467608 0 -0.889348708762659 0 128 255 255 
-0.0797003718875497 0 -0.881055058712709 0 128 255 255 
-0.0762643156280064 0 -0.887431818247113 0 128 255 255 
-0.05 0 0.208636671575012 0 128 255 255 
-0.0657637612665863 0 0.212032665967547 0 128 255 255 
-0.05 0 0.212854887923797 0 128 255 255 
-0.218156207777122 -1.6940658945086E-21 -0.892221318083551 0 128 255 255 
-0.225878618607055 0 -0.881635856116587 0 128 255 255 
-0.23 0 -0.876539837011897 0 128 255 255 
-0.203075991045413 0 -0.888895121307319 0 128 255 255 
-0.0514051221221664 0 0.156321374973399 0 128 255 255 
-0.0866958553540512 0 -0.889696736593503 0 128 255 255 
-0.19643455602304 0 -0.874091901704052 0 128 255 255 
-0.187422611263328 0 -0.874316795396131 0 128 255 255 
-0.210926192546482 0 -0.87843305506427 0 128 255 255 
-0.212106060318577 0 -0.893510918101338 0 128 255 255 
-0.206062553511728 0 -0.894830921690773 0 128 255 255 
-0.0667610488549557 0 0.161466757262383 0 128 255 255 
-0.0611615181870904 0 0.164705406976534 0 128 255 255 
-0.076416529381336 0 0.167067556705255 0 128 255 255 
-0.0555398069375008 0 0.154913998902684 0 128 255 255 
-0.0557863261658561 0 0.153253696795277 0 128 255 255 
-0.0608270889619826 0 0.153898063817085 0 128 255 255 
-0.0610330811820802 0 0.156392827168465 0 128 255 255 
-0.0588681461054886 0 0.151755034636051 0 128 255 255 
-0.0646569901045108 0 0.152715409667319 0 128 255 255 
-0.0665480625609321 0 0.157898263147808 0 128 255 255 
-0.0772421164060615 0 0.157447965394543 0 128 255 255 
-0.0694647436839805 0 0.181396450517609 0 128 255 255 
-0.05 0 0.185823504193014 0 128 255 255 
-0.0945583888588743 0 -0.879760540472409 0 128 255 255 
-0.0839878371821754 0 -0.918607282878448 0 128 255 255 
-0.105955073110058 0 -0.915864074768888 0 128 255 255 
-0.0793561165809923 0 -0.928950927150366 0 128 255 255 
-0.130073928471265 0 -0.928590229946266 0 128 255 255 
-0.131431401106356 0 -0.936984343098086 0 128 255 255 
-0.144589990991326 0 -0.935226649853458 0 128 255 255 
-0.144701350683197 0 -0.925922152536908 0 128 255 255 
-0.0560765591621757 0 0.173124327817076 0 128 255 255 
-0.05 0 -0.928294961999001 0 128 255 255 
-0.05 0 -0.935757929136793 0 128 255 255 
-0.0528956967273924 0 -0.927040335505252 0 128 255 255 
-0.05 0 -0.920715137150008 0 128 255 255 
-0.0287627127982706 0 0.162079615334 0 128 255 255 
-0.0248177969337172 0 0.166303001856647 0 128 255 255 
-0.0261531593206259 0 0.159624400571443 0 128 255 255 
-0.02 0 0.167449865109792 0 128 255 255 
-0.0298177458628323 0 0.153061162756121 0 128 255 255 
-0.05 0 0.204418455226228 0 128 255 255 
-0.0641578649446155 0 0.206845978910238 0 128 255 255 
-0.0726842819741848 0 0.203879544831222 0 128 255 255 
-0.23 0 0.101111839713466 0 128 255 255 
-0.096723332035883 0 -0.940320510767118 0 128 255 255 

3 0 1 2 
3 3 4 5 
3 6 7 8 
3 9 10 11 
3 12 13 14 
3 15 13 12 
3 16 17 18 
3 19 16 18 
3 20 21 22 
3 23 24 25 
3 26 27 28 
3 29 30 31 
3 32 33 34 
3 35 36 37 
3 36 38 37 
3 39 40 41 
3 42 43 44 
3 45 46 47 
3 48 49 50 
3 51 52 53 
3 54 55 56 
3 57 58 59 
3 60 61 62 
3 63 64 65 
3 66 67 68 
3 69 70 71 
3 72 69 71 
3 73 74 75 
3 76 77 35 
3 77 36 35 
3 61 14 62 
3 14 78 62 
3 78 79 62 
3 40 19 41 
3 19 18 41 
3 80 81 82 
3 81 83 82 
3 84 80 82 
3 83 85 82 
3 86 87 88 
3 89 90 91 
3 92 93 94 
3 95 96 97 
3 96 98 97 
3 30 99 100 
3 101 102 103 
3 104 105 106 
3 107 108 109 
3 110 111 112 
3 105 38 106 
3 113 114 115 
3 116 117 113 
3 118 116 113 
3 119 120 121 
3 122 123 124 
3 125 126 127 
3 128 129 130 
3 126 131 130 
3 132 133 134 
3 128 130 135 
3 136 137 138 
3 137 139 140 
3 141 136 142 
3 143 144 139 
3 145 107 109 
3 146 147 148 
3 149 150 151 
3 152 153 154 
3 155 156 157 
3 158 159 160 
3 161 162 163 
3 161 164 162 
3 70 60 71 
3 164 165 162 
3 166 167 168 
3 76 166 168 
3 169 35 37 
3 105 169 38 
3 6 8 170 
3 171 172 173 
3 174 6 170 
3 66 175 176 
3 166 177 167 
3 178 77 76 
3 71 60 179 
3 180 181 182 
3 183 184 185 
3 6 186 7 
3 187 188 189 
3 190 191 192 
3 191 193 192 
3 6 194 186 
3 157 195 194 
3 196 197 198 
3 199 200 201 
3 200 202 201 
3 203 204 205 
3 206 207 208 
3 209 206 208 
3 210 211 212 
3 213 214 215 
3 216 213 215 
3 217 189 218 
3 219 218 188 
3 220 221 222 
3 223 224 225 
3 226 227 228 
3 229 228 227 
3 202 230 231 
3 230 226 231 
3 193 219 187 
3 187 189 232 
3 233 217 229 
3 90 234 235 
3 98 236 210 
3 237 238 239 
3 240 241 242 
3 243 240 242 
3 244 245 246 
3 247 248 249 
3 131 126 250 
3 241 200 199 
3 251 199 201 
3 221 206 209 
3 211 224 223 
3 252 216 215 
3 252 253 216 
3 206 254 207 
3 243 255 256 
3 257 258 259 
3 260 240 243 
3 97 98 261 
3 214 252 215 
3 224 252 214 
3 262 263 264 
3 265 266 267 
3 125 268 269 
3 263 270 271 
3 272 265 273 
3 274 275 276 
3 265 107 266 
3 274 145 277 
3 265 267 273 
3 129 278 125 
3 268 279 269 
3 196 280 281 
3 282 111 283 
3 124 123 284 
3 196 285 286 
3 287 288 289 
3 290 57 55 
3 284 291 292 
3 251 293 199 
3 294 295 296 
3 297 294 296 
3 253 297 207 
3 233 298 217 
3 298 189 217 
3 299 233 226 
3 230 299 226 
3 300 301 302 
3 303 304 305 
3 304 306 305 
3 307 304 303 
3 308 304 307 
3 306 309 305 
3 310 311 312 
3 311 313 312 
3 314 315 316 
3 315 317 316 
3 318 319 314 
3 320 318 314 
3 321 196 286 
3 11 322 323 
3 324 325 326 
3 327 328 329 
3 330 331 332 
3 333 330 332 
3 331 334 335 
3 236 336 337 
3 338 67 339 
3 340 341 342 
3 343 344 345 
3 346 347 348 
3 349 350 351 
3 342 341 352 
3 353 354 355 
3 354 356 355 
3 357 161 358 
3 359 353 360 
3 361 359 360 
3 161 163 358 
3 362 360 363 
3 360 364 365 
3 350 366 367 
3 368 369 370 
3 371 372 369 
3 368 371 369 
3 371 373 372 
3 373 374 372 
3 373 375 374 
3 375 376 374 
3 50 318 377 
3 318 320 377 
3 378 379 380 
3 381 382 383 
3 384 385 386 
3 385 20 386 
3 382 303 387 
3 388 327 389 
3 390 391 392 
3 393 394 395 
3 396 397 398 
3 399 400 401 
3 402 399 401 
3 403 404 405 
3 406 402 294 
3 407 406 294 
3 365 408 409 
3 410 117 411 
3 412 413 414 
3 415 412 414 
3 413 416 414 
3 417 418 232 
3 419 420 421 
3 420 422 421 
3 423 397 424 
3 425 237 176 
3 237 66 176 
3 357 358 426 
3 171 173 427 
3 427 357 426 
3 428 429 430 
3 429 431 430 
3 432 433 434 
3 433 435 434 
3 436 437 435 
3 438 436 435 
3 439 436 438 
3 433 438 435 
3 440 436 439 
3 441 442 440 
3 180 436 440 
3 441 443 442 
3 444 445 446 
3 445 447 446 
3 448 378 380 
3 443 260 442 
3 378 449 379 
3 450 451 452 
3 453 450 452 
3 454 453 455 
3 453 456 455 
3 457 458 459 
3 384 457 460 
3 451 461 456 
3 462 463 464 
3 465 462 464 
3 466 467 468 
3 469 341 340 
3 470 471 472 
3 473 470 472 
3 474 475 476 
3 477 150 478 
3 63 471 479 
3 480 453 454 
3 481 482 483 
3 484 485 486 
3 487 488 489 
3 490 491 487 
3 492 333 493 
3 494 495 496 
3 492 497 333 
3 497 330 333 
3 320 317 498 
3 499 500 501 
3 502 503 504 
3 505 317 506 
3 507 505 506 
3 317 381 506 
3 508 505 507 
3 509 510 508 
3 511 512 513 
3 491 488 487 
3 514 515 516 
3 517 518 519 
3 520 521 461 
3 451 520 461 
3 522 523 524 
3 525 526 527 
3 291 528 529 
3 112 291 530 
3 531 532 533 
3 534 535 536 
3 537 538 539 
3 540 541 542 
3 543 544 545 
3 546 547 548 
3 549 550 551 
3 552 553 554 
3 555 556 557 
3 247 150 558 
3 150 559 558 
3 147 151 148 
3 560 390 561 
3 562 563 564 
3 565 566 564 
3 562 567 563 
3 568 390 569 
3 570 565 563 
3 562 571 567 
3 572 573 574 
3 571 562 575 
3 576 535 577 
3 150 477 559 
3 318 578 319 
3 184 579 580 
3 579 581 580 
3 477 582 583 
3 584 585 546 
3 586 587 588 
3 515 476 589 
3 589 475 590 
3 591 592 593 
3 594 515 595 
3 579 596 581 
3 597 598 599 
3 600 601 602 
3 603 581 604 
3 596 605 601 
3 606 607 608 
3 609 606 608 
3 406 610 609 
3 610 606 609 
3 611 338 336 
3 612 611 336 
3 122 613 614 
3 613 615 614 
3 616 617 618 
3 617 619 618 
3 620 621 619 
3 617 620 619 
3 290 622 57 
3 623 624 57 
3 327 625 328 
3 520 626 521 
3 627 628 629 
3 630 631 158 
3 474 476 632 
3 111 282 633 
3 468 467 634 
3 338 611 635 
3 636 637 638 
3 639 586 640 
3 546 585 641 
3 482 642 483 
3 643 644 645 
3 522 643 646 
3 647 648 649 
3 598 650 20 
3 532 535 651 
3 650 384 386 
3 532 648 647 
3 652 653 654 
3 655 652 654 
3 656 657 658 
3 657 659 658 
3 660 656 658 
3 657 661 659 
3 313 662 312 
3 653 663 664 
3 663 665 664 
3 587 480 454 
3 666 667 668 
3 669 666 668 
3 670 671 672 
3 552 673 674 
3 143 643 144 
3 394 328 675 
3 676 393 395 
3 677 678 679 
3 393 680 681 
3 682 393 681 
3 683 389 684 
3 393 685 680 
3 686 687 688 
3 689 462 592 
3 462 690 592 
3 290 691 622 
3 691 692 622 
3 693 694 695 
3 694 696 644 
3 697 698 699 
3 700 701 702 
3 692 624 623 
3 703 704 705 
3 706 707 708 
3 642 419 421 
3 483 642 421 
3 360 353 364 
3 709 591 593 
3 463 462 689 
3 710 711 712 
3 713 697 348 
3 685 393 676 
3 714 475 715 
3 716 717 718 
3 717 719 718 
3 720 721 722 
3 721 723 722 
3 724 725 726 
3 724 727 725 
3 366 350 728 
3 729 361 730 
3 731 732 733 
3 698 734 699 
3 735 736 737 
3 738 739 740 
3 741 742 739 
3 739 743 740 
3 739 744 745 
3 301 288 302 
3 746 747 748 
3 747 525 672 
3 725 696 726 
3 696 694 726 
3 727 667 725 
3 667 696 725 
3 694 724 726 
3 668 667 727 
3 749 750 751 
3 750 710 751 
3 752 753 754 
3 753 755 754 
3 756 757 758 
3 759 760 761 
3 762 756 763 
3 764 763 765 
3 759 761 766 
3 767 768 769 
3 757 101 758 
3 770 771 759 
3 772 773 771 
3 770 772 771 
3 774 149 773 
3 772 774 773 
3 775 776 777 
3 778 775 777 
3 779 780 781 
3 665 782 664 
3 783 525 784 
3 525 747 784 
3 762 785 786 
3 785 525 783 
3 787 360 362 
3 788 789 790 
3 791 792 793 
3 788 794 789 
3 794 795 789 
3 796 797 798 
3 797 799 798 
3 800 801 795 
3 794 800 795 
3 800 802 801 
3 803 804 802 
3 804 805 802 
3 806 804 803 
3 730 361 807 
3 361 787 807 
3 808 495 809 
3 810 808 809 
3 594 791 632 
3 476 594 632 
3 690 709 593 
3 592 690 593 
3 594 595 709 
3 690 594 709 
3 395 394 675 
3 811 812 813 
3 83 814 153 
3 815 816 153 
3 84 817 818 
3 817 819 818 
3 820 821 78 
3 770 822 823 
3 552 824 673 
3 825 752 826 
3 824 351 827 
3 828 829 830 
3 268 831 832 
3 495 833 834 
3 835 808 810 
3 836 837 838 
3 755 500 754 
3 839 101 840 
3 841 842 843 
3 474 791 704 
3 844 810 809 
3 449 378 845 
3 693 846 847 
3 811 600 602 
3 848 811 602 
3 811 849 600 
3 850 851 852 
3 779 757 780 
3 853 851 391 
3 854 855 856 
3 857 571 858 
3 693 847 859 
3 789 703 790 
3 860 861 862 
3 771 760 759 
3 500 504 501 
3 863 864 755 
3 865 866 867 
3 665 868 869 
3 868 616 869 
3 870 871 872 
3 870 873 874 
3 870 872 875 
3 611 80 84 
3 876 877 878 
3 877 879 878 
3 826 752 880 
3 581 596 604 
3 596 601 604 
3 808 881 882 
3 770 759 822 
3 496 495 883 
3 544 541 545 
3 543 278 544 
3 278 542 544 
3 278 884 542 
3 866 545 867 
3 541 467 865 
3 885 678 677 
3 495 886 883 
3 535 531 536 
3 887 702 888 
3 538 700 702 
3 526 140 889 
3 890 670 527 
3 562 564 891 
3 892 893 894 
3 13 821 820 
3 895 896 897 
3 896 898 531 
3 532 897 533 
3 896 537 898 
3 899 895 900 
3 554 553 901 
3 902 903 904 
3 553 674 905 
3 553 906 901 
3 674 408 905 
3 355 906 408 
3 552 674 553 
3 197 490 907 
3 488 486 489 
3 503 499 501 
3 504 503 501 
3 503 637 499 
3 516 908 909 
3 245 910 911 
3 912 913 914 
3 915 912 916 
3 917 668 727 
3 918 919 920 
3 919 921 922 
3 919 689 921 
3 923 924 925 
3 514 516 926 
3 591 514 921 
3 879 927 928 
3 929 930 720 
3 931 932 356 
3 358 171 426 
3 171 427 426 
3 868 885 616 
3 163 171 358 
3 350 349 933 
3 934 171 163 
3 897 532 647 
3 935 383 936 
3 387 935 936 
3 309 935 387 
3 303 309 387 
3 324 937 938 
3 939 324 938 
3 940 941 942 
3 326 940 942 
3 943 940 326 
3 325 943 326 
3 701 268 832 
3 341 746 352 
3 746 944 352 
3 746 945 944 
3 944 342 352 
3 748 946 947 
3 948 549 551 
3 126 269 949 
3 950 951 285 
3 952 953 954 
3 955 952 956 
3 266 262 267 
3 262 957 958 
3 250 126 957 
3 959 960 961 
3 125 278 831 
3 278 543 831 
3 962 282 283 
3 275 963 276 
3 963 145 276 
3 283 964 965 
3 277 962 966 
3 964 959 966 
3 145 962 277 
3 967 968 969 
3 970 971 972 
3 258 131 973 
3 131 250 973 
3 974 262 975 
3 537 896 976 
3 896 300 976 
3 700 272 977 
3 527 526 889 
3 150 146 148 
3 151 150 148 
3 150 247 146 
3 138 137 978 
3 979 902 904 
3 980 981 903 
3 903 902 982 
3 902 983 982 
3 526 137 140 
3 144 524 984 
3 282 962 985 
3 108 287 985 
3 115 114 121 
3 114 119 121 
3 962 145 109 
3 108 985 986 
3 758 764 765 
3 132 970 972 
3 987 124 988 
3 291 529 292 
3 528 945 529 
3 139 144 984 
3 764 710 712 
3 711 989 990 
3 991 989 967 
3 99 274 100 
3 274 961 992 
3 812 598 22 
3 598 20 22 
3 28 993 25 
3 24 28 25 
3 26 28 24 
3 994 26 24 
3 995 996 997 
3 998 999 1000 
3 1001 1002 998 
3 1002 999 998 
3 1003 492 1001 
3 492 1002 1001 
3 1004 492 1003 
3 1005 1006 1004 
3 1006 1007 1004 
3 1007 492 1004 
3 1008 1009 1010 
3 1011 1012 1013 
3 1014 1015 1016 
3 1017 159 1018 
3 159 1019 1018 
3 899 585 1020 
3 669 923 925 
3 1021 1022 1023 
3 1024 1025 1026 
3 1027 1028 1029 
3 1025 1030 1031 
3 1032 1033 1034 
3 824 1035 349 
3 1036 1037 1038 
3 1039 1040 1041 
3 1042 1043 1044 
3 1045 1042 1044 
3 1046 1047 1048 
3 661 1049 659 
3 1050 656 660 
3 73 1050 660 
3 1051 1052 1053 
3 404 1054 18 
3 1055 471 1056 
3 1057 32 1058 
3 1059 1060 1061 
3 800 803 802 
3 673 824 362 
3 1062 1063 1064 
3 1065 1066 1067 
3 1068 1069 1070 
3 1071 42 1072 
3 1072 42 1073 
3 1074 652 1075 
3 1076 1074 1075 
3 385 21 20 
3 1077 1078 404 
3 1079 1080 1081 
3 1082 1083 1084 
3 805 804 1085 
3 601 848 602 
3 1086 1087 1088 
3 1089 1086 1088 
3 1090 1091 1092 
3 805 1085 1093 
3 1094 721 930 
3 1095 71 179 
3 1096 1081 1085 
3 1097 1081 1098 
3 1081 1080 1098 
3 1099 1100 1022 
3 1101 1102 1103 
3 653 782 654 
3 443 240 260 
3 1104 433 1105 
3 1101 1103 1106 
3 1103 1107 1106 
3 1108 315 319 
3 1109 1110 1111 
3 1112 1113 1114 
3 1115 1111 1116 
3 1111 1117 1116 
3 18 1118 1119 
3 38 169 37 
3 1120 1121 1122 
3 1123 1124 1115 
3 1090 657 656 
3 1125 1126 1127 
3 204 1115 1128 
3 1115 1116 1128 
3 1129 1130 62 
3 1120 1122 1131 
3 204 1128 1132 
3 74 666 75 
3 1133 183 185 
3 1054 404 1134 
3 1135 1054 1134 
3 1136 1054 1135 
3 174 1137 6 
3 1138 1018 1139 
3 21 812 22 
3 1140 1138 1137 
3 1141 1098 1080 
3 1137 1142 6 
3 114 713 119 
3 1143 1144 1145 
3 1146 1147 85 
3 1148 95 1149 
3 1150 617 1151 
3 627 1152 628 
3 402 607 399 
3 1153 1154 80 
3 211 210 238 
3 1155 1156 1157 
3 1158 210 1132 
3 611 1153 80 
3 1159 1160 1161 
3 1162 1163 1164 
3 174 170 1165 
3 97 261 1112 
3 169 166 76 
3 1166 1167 1168 
3 1169 174 1170 
3 190 1171 1172 
3 1173 1174 1175 
3 1174 1176 1175 
3 1177 1173 1175 
3 1053 186 1178 
3 1179 1180 1181 
3 1019 1179 1181 
3 1180 1182 1181 
3 1018 1019 1181 
3 1183 1184 1185 
3 311 310 1186 
3 1187 311 1186 
3 1086 1089 1188 
3 1189 1086 1188 
3 601 603 604 
3 1190 1191 1192 
3 1193 1190 1192 
3 1194 660 1195 
3 1196 1194 1195 
3 743 735 737 
3 447 1197 736 
3 1198 1199 1200 
3 1201 1198 1200 
3 1202 1203 1204 
3 1203 1205 1204 
3 770 823 1206 
3 223 203 1207 
3 1208 1209 1210 
3 1208 1211 1209 
3 397 299 1212 
3 299 230 1212 
3 1213 1214 1215 
3 1216 1213 1215 
3 1217 1218 1219 
3 1220 1221 1222 
3 993 23 25 
3 1221 605 1222 
3 101 757 840 
3 794 462 1223 
3 462 465 1223 
3 465 1068 1223 
3 1224 1225 1211 
3 1226 1227 1228 
3 1227 1229 1228 
3 943 1230 1231 
3 1230 1232 1231 
3 1230 1233 1232 
3 1233 1234 1232 
3 1233 1235 1234 
3 1235 1236 1234 
3 162 934 163 
3 985 287 1237 
3 517 572 1238 
3 1162 1239 1240 
3 719 1241 718 
3 571 1045 1242 
3 1243 1244 1245 
3 1246 1247 1248 
3 1002 376 1249 
3 835 1250 1251 
3 716 1241 1193 
3 63 1252 1253 
3 1254 1255 1256 
3 1255 1257 1256 
3 1258 1255 1254 
3 1259 1258 1254 
3 1005 1004 1003 
3 1260 23 323 
3 322 1260 323 
3 1218 1217 1261 
3 1262 1218 1261 
3 1263 1264 1265 
3 1266 0 1267 
3 1218 346 1219 
3 770 1206 1268 
3 1269 1270 1271 
3 1164 190 1239 
3 1162 1164 1239 
3 190 1264 1263 
3 347 120 119 
3 713 347 119 
3 698 697 713 
3 120 115 121 
3 564 566 891 
3 1272 1273 1274 
3 1275 1276 1277 
3 518 1278 1279 
3 285 768 1280 
3 1281 1275 1282 
3 656 1050 1283 
3 1284 1285 1286 
3 286 285 1280 
3 886 808 882 
3 573 1287 1288 
3 1289 1290 1264 
3 1264 1291 1289 
3 192 1292 1291 
3 1264 192 1291 
3 483 1293 481 
3 192 193 1292 
3 1107 1102 1294 
3 193 232 1292 
3 1102 1295 1294 
3 421 422 1296 
3 1297 1148 1298 
3 1148 45 47 
3 1073 155 45 
3 155 46 45 
3 855 1299 1300 
3 1301 500 1302 
3 854 573 855 
3 378 1303 1304 
3 1305 1306 1307 
3 1308 1309 1310 
3 1309 1311 1310 
3 1295 1312 1313 
3 1314 1295 1313 
3 1315 1295 1314 
3 1087 1315 1314 
3 1316 1317 1318 
3 1319 1316 1318 
3 923 1199 1320 
3 1199 1321 1320 
3 1322 1323 1324 
3 1322 1325 1323 
3 1321 1326 1320 
3 1327 578 1328 
3 578 458 1328 
3 1329 1330 1323 
3 1331 578 1327 
3 297 209 208 
3 1332 405 1333 
3 1078 1332 1333 
3 1332 1334 405 
3 1334 403 405 
3 1335 1134 403 
3 1334 1335 403 
3 457 650 1327 
3 1336 1337 1338 
3 1308 1336 1338 
3 27 26 1339 
3 26 1340 1339 
3 1341 1309 1342 
3 1309 1337 1342 
3 847 846 1343 
3 1344 1345 1346 
3 1347 177 1348 
3 1349 1347 1348 
3 0 1350 1 
3 938 1216 1351 
3 1352 1353 1354 
3 1353 1355 1356 
3 1357 1224 1211 
3 584 1358 1359 
3 778 1353 1352 
3 1044 1043 1039 
3 1043 1040 1039 
3 1293 1181 1182 
3 1360 627 1361 
3 1362 1363 853 
3 1362 1364 1363 
3 1364 1365 1363 
3 98 210 1158 
3 66 239 1366 
3 1367 1368 1369 
3 1369 1370 1371 
3 511 1032 1372 
3 1373 1374 1375 
3 1372 1373 1375 
3 1032 1034 1376 
3 776 1377 777 
3 1377 1378 778 
3 99 1379 1380 
3 1381 99 1382 
3 1383 1384 1385 
3 1384 1330 1385 
3 1386 1384 1383 
3 1387 1386 1383 
3 1388 441 1387 
3 441 1386 1387 
3 1329 1387 1383 
3 1389 441 1388 
3 1390 443 1389 
3 443 441 1389 
3 1391 1392 1393 
3 1394 1395 1396 
3 1306 1397 1398 
3 301 945 1399 
3 1345 518 1400 
3 1273 1256 1274 
3 1257 1401 1272 
3 1402 1403 1404 
3 1405 1404 1406 
3 839 840 1407 
3 340 585 1408 
3 1409 1410 1411 
3 735 447 736 
3 1402 1412 1056 
3 1412 1055 1056 
3 1412 1413 1055 
3 1413 479 1055 
3 1413 1414 479 
3 471 1402 1056 
3 478 150 1415 
3 150 149 1415 
3 1355 1353 1416 
3 1353 1378 1416 
3 1377 1417 1378 
3 1353 1356 1354 
3 1377 861 1417 
3 861 1418 1417 
3 1419 1420 1418 
3 1378 1420 1416 
3 1421 1420 1419 
3 1422 1421 1419 
3 1423 1424 1425 
3 1424 1426 1425 
3 1427 1428 1426 
3 1424 1429 1426 
3 1430 1428 1427 
3 1431 1428 1432 
3 1433 1434 1430 
3 1435 1436 732 
3 1437 912 915 
3 964 966 965 
3 1438 1439 1440 
3 1441 1423 1236 
3 1439 943 1231 
3 1235 1442 1441 
3 99 30 1379 
3 1391 1443 1444 
3 1093 912 1437 
3 743 739 745 
3 1085 912 1093 
3 1006 1216 1007 
3 1439 1438 1445 
3 943 1439 1445 
3 1236 1440 1446 
3 1438 1440 1447 
3 1428 1431 1448 
3 1425 1428 1449 
3 1434 368 1431 
3 502 1450 639 
3 1450 1451 639 
3 1452 860 1453 
3 1270 1279 1271 
3 697 699 1454 
3 734 1455 1456 
3 1232 1439 1231 
3 1230 1457 1233 
3 473 1235 1457 
3 724 1241 719 
3 1241 716 718 
3 741 739 738 
3 1392 1458 1459 
3 860 862 1460 
3 752 1461 880 
3 1462 742 1463 
3 1464 775 1465 
3 1462 1466 744 
3 1467 350 367 
3 1468 517 1469 
3 741 971 1470 
3 1466 735 743 
3 1471 1472 1473 
3 1474 101 103 
3 1475 1476 1477 
3 1477 252 1478 
3 1479 407 1480 
3 224 214 225 
3 254 213 216 
3 1478 425 1481 
3 1478 252 224 
3 407 297 1480 
3 297 296 209 
3 1477 1476 1482 
3 1483 407 1482 
3 1480 297 253 
3 1477 1478 1481 
3 207 297 208 
3 402 609 608 
3 407 1483 610 
3 402 406 609 
3 607 402 608 
3 1085 1081 1097 
3 1484 1485 1486 
3 1486 1487 1488 
3 1489 1490 1150 
3 1490 617 1150 
3 923 1326 924 
3 1326 1491 1492 
3 723 797 796 
3 1493 806 1494 
3 721 797 723 
3 1495 1321 1496 
3 1321 1497 1496 
3 122 124 1498 
3 1499 1489 679 
3 1500 60 70 
3 927 1501 928 
3 1219 346 1502 
3 929 1503 930 
3 1088 78 1089 
3 1496 1497 1504 
3 1505 1506 932 
3 1326 1321 1495 
3 1507 806 1493 
3 1508 1507 1493 
3 782 616 618 
3 17 1509 404 
3 1134 404 403 
3 1510 868 665 
3 1511 1341 1512 
3 1259 1273 1332 
3 1273 1334 1332 
3 1027 1513 582 
3 806 582 1494 
3 1144 863 1514 
3 735 1515 1516 
3 1517 1259 1077 
3 1509 1517 1077 
3 404 1078 1333 
3 1141 1518 1519 
3 1487 1341 1511 
3 17 1520 1509 
3 1520 1517 1509 
3 615 1521 1522 
3 236 612 336 
3 931 356 354 
3 1002 492 1523 
3 512 505 508 
3 67 1366 339 
3 1524 721 1094 
3 1525 1526 1527 
3 1528 1529 1526 
3 421 40 39 
3 1530 1531 1532 
3 1533 1530 1534 
3 1535 1533 1534 
3 1484 1524 1485 
3 105 104 1536 
3 1497 414 416 
3 607 1537 1538 
3 1539 1540 1536 
3 607 1541 1537 
3 1542 400 1537 
3 1531 17 16 
3 1543 1134 1335 
3 1544 1543 1506 
3 72 1542 1545 
3 421 1546 40 
3 1547 1247 1548 
3 1549 1550 1551 
3 1390 413 412 
3 413 1552 416 
3 1531 1520 17 
3 399 607 1538 
3 1509 1077 404 
3 1541 69 1545 
3 40 1546 1535 
3 161 1553 164 
3 41 1181 1293 
3 407 610 406 
3 339 236 337 
3 67 1554 68 
3 425 1475 1481 
3 1475 1477 1481 
3 1477 1482 1479 
3 1482 407 1479 
3 1549 1551 1555 
3 1477 1479 1480 
3 1556 424 397 
3 299 397 423 
3 176 1475 425 
3 1557 1001 998 
3 1227 1558 1559 
3 1558 1560 1559 
3 1558 375 1560 
3 375 1561 1560 
3 376 1227 1562 
3 849 603 600 
3 605 1221 848 
3 601 605 848 
3 1563 1564 1565 
3 1564 1566 1565 
3 1216 1006 1213 
3 1557 1005 1003 
3 1053 1564 1563 
3 1564 1071 1566 
3 1567 1566 1071 
3 1245 1568 1243 
3 1569 1570 1571 
3 1572 1569 1571 
3 1570 1573 1574 
3 1573 1575 1574 
3 1576 1577 1578 
3 32 1579 1568 
3 1245 32 1568 
3 92 1572 1580 
3 1581 92 1580 
3 1157 1582 1583 
3 383 382 936 
3 1579 1584 1585 
3 1584 1586 1585 
3 1100 1023 1022 
3 1587 1588 1589 
3 93 1581 1577 
3 1576 93 1577 
3 1244 1590 1245 
3 382 1591 1592 
3 1592 308 307 
3 1586 1576 1593 
3 1578 1594 1576 
3 479 471 1055 
3 1412 1402 1595 
3 1110 1596 1111 
3 1561 1597 1598 
3 1597 1599 1598 
3 1156 1112 1582 
3 1157 1156 1582 
3 1600 1601 1602 
3 1601 1183 1602 
3 304 1603 1589 
3 1575 1604 1605 
3 185 184 1606 
3 437 1607 603 
3 1601 1600 1599 
3 1597 1601 1599 
3 93 92 1581 
3 1608 1221 1220 
3 1124 1109 1111 
3 1609 1610 1115 
3 1611 1221 1608 
3 1541 1500 69 
3 1542 1537 1541 
3 1130 1312 1612 
3 1095 1613 1161 
3 1095 62 1612 
3 1312 1614 1612 
3 1584 1615 1586 
3 1616 1617 1618 
3 1619 1616 1618 
3 64 63 1414 
3 1604 64 1620 
3 603 1607 581 
3 1621 1171 190 
3 1108 578 1622 
3 578 1611 1623 
3 89 1624 1625 
3 315 1626 1627 
3 1591 315 1627 
3 1628 89 1625 
3 315 1108 1626 
3 578 1108 319 
3 1629 1616 1619 
3 1630 1629 1619 
3 204 1631 1609 
3 1609 1115 204 
3 77 178 1632 
3 178 1021 1632 
3 382 315 1591 
3 183 181 1633 
3 181 1634 1633 
3 181 255 1634 
3 1607 182 1133 
3 204 203 1631 
3 7 186 1635 
3 1053 1635 186 
3 203 205 1207 
3 563 565 564 
3 567 570 563 
3 670 672 1636 
3 864 863 1042 
3 581 1607 580 
3 670 122 1498 
3 515 589 1637 
3 1045 1638 1639 
3 1640 1638 1641 
3 895 897 900 
3 535 948 577 
3 672 671 1642 
3 772 1643 1012 
3 1011 1644 772 
3 1009 1645 1010 
3 1129 1314 1313 
3 1315 1087 1646 
3 1647 1015 1648 
3 567 571 1242 
3 500 755 1649 
3 779 784 1650 
3 302 1651 1652 
3 945 301 944 
3 648 548 649 
3 468 1653 466 
3 535 576 651 
3 1654 1655 1148 
3 1149 1654 1148 
3 124 284 988 
3 636 638 502 
3 638 503 502 
3 351 350 1467 
3 626 467 541 
3 107 963 266 
3 921 514 922 
3 1656 919 1657 
3 689 591 921 
3 463 689 1656 
3 1658 202 1659 
3 870 1660 1661 
3 1662 1663 877 
3 1663 927 877 
3 86 1604 1575 
3 1135 1134 1518 
3 1119 1664 41 
3 619 782 618 
3 1665 1666 1258 
3 1667 1665 1258 
3 463 491 1668 
3 1669 1647 1670 
3 1671 1672 1673 
3 1674 1675 686 
3 306 1589 1676 
3 1550 423 1551 
3 1677 1678 1679 
3 417 1680 418 
3 1681 1682 1683 
3 1682 1684 1683 
3 1685 1681 1683 
3 1686 1667 1517 
3 1678 1686 1517 
3 1667 1258 1517 
3 1679 1678 1517 
3 504 500 1301 
3 1687 1030 1688 
3 948 535 534 
3 1689 1143 797 
3 1690 1691 927 
3 1692 555 1693 
3 464 463 1694 
3 465 464 1695 
3 1152 1696 908 
3 922 514 926 
3 591 595 514 
3 927 1691 1510 
3 716 1687 1688 
3 122 670 523 
3 144 522 524 
3 868 1671 885 
3 1671 1673 885 
3 1697 1698 15 
3 1699 1697 15 
3 1063 1062 1700 
3 1487 1309 1341 
3 877 927 879 
3 927 1510 1501 
3 332 1701 1702 
3 1684 1703 172 
3 1683 1684 172 
3 1704 1680 417 
3 1705 1706 1484 
3 484 488 918 
3 1706 1707 1484 
3 1707 1524 1484 
3 500 1649 1302 
3 317 505 498 
3 398 202 200 
3 241 199 293 
3 355 356 1708 
3 829 1709 830 
3 1450 502 504 
3 381 507 506 
3 505 1710 498 
3 233 229 227 
3 21 385 428 
3 1711 228 229 
3 217 218 1711 
3 225 203 223 
3 1263 1621 190 
3 1712 325 1403 
3 1713 1712 1403 
3 941 324 942 
3 324 326 942 
3 1403 325 324 
3 81 1714 83 
3 1216 1715 1351 
3 521 626 540 
3 925 924 1716 
3 669 925 1716 
3 924 1492 1716 
3 463 1668 1694 
3 331 1717 334 
3 109 108 986 
3 491 463 1656 
3 13 1718 821 
3 56 1705 54 
3 1705 1484 54 
3 906 355 828 
3 1144 1040 1043 
3 1189 1719 1720 
3 1721 1720 1722 
3 1169 1170 1175 
3 1170 1165 1175 
3 1723 1169 1175 
3 470 1713 471 
3 1713 1403 471 
3 522 646 613 
3 646 645 613 
3 371 368 1434 
3 460 457 459 
3 472 63 1253 
3 471 63 472 
3 1511 1512 54 
3 1512 1724 54 
3 1488 1511 54 
3 331 1701 332 
3 1725 1717 1726 
3 1727 1671 1510 
3 1671 868 1510 
3 1691 1727 1510 
3 1728 1729 721 
3 1524 1728 721 
3 1167 1730 1168 
3 1057 1058 1319 
3 1058 34 1319 
3 338 635 819 
3 1731 1732 195 
3 156 1731 195 
3 1732 1178 195 
3 1733 1144 1143 
3 1734 1158 1117 
3 1613 1095 1612 
3 1730 93 1168 
3 1117 1158 1132 
3 1735 1736 1500 
3 167 1737 1738 
3 1471 1739 1740 
3 1741 1260 1742 
3 423 1550 299 
3 1743 1744 1745 
3 1746 1747 817 
3 1748 1749 817 
3 1750 1751 817 
3 1749 1746 817 
3 1752 1743 1745 
3 1753 1345 1754 
3 677 679 1489 
3 167 1738 178 
3 168 167 178 
3 44 43 155 
3 43 156 155 
3 1755 1756 1322 
3 1757 200 241 
3 798 799 1758 
3 799 1145 1758 
3 814 815 153 
3 1759 1152 1760 
3 242 241 293 
3 497 492 1007 
3 1259 1332 1078 
3 1057 1319 1761 
3 1166 1762 1761 
3 1762 1763 1761 
3 1763 1057 1761 
3 637 1764 1765 
3 1766 3 1767 
3 509 508 507 
3 381 509 507 
3 509 1768 1769 
3 1541 1735 1500 
3 306 1676 27 
3 85 1748 82 
3 1748 817 82 
3 1734 261 98 
3 50 49 1770 
3 57 59 55 
3 1707 1771 1524 
3 1768 309 27 
3 309 306 27 
3 1736 15 1500 
3 15 12 1500 
3 1674 686 1035 
3 172 414 1683 
3 1772 1685 1683 
3 1773 1774 10 
3 1185 1775 1183 
3 1776 180 260 
3 980 785 1777 
3 1395 1778 1393 
3 1779 734 698 
3 1780 1781 1782 
3 634 1358 1783 
3 1276 1397 1277 
3 566 1784 892 
3 1785 562 1269 
3 1786 970 257 
3 1777 968 1787 
3 968 1788 1787 
3 711 1789 989 
3 968 762 969 
3 910 133 1790 
3 989 1789 1791 
3 1789 1792 1793 
3 941 497 937 
3 970 1794 1795 
3 731 1435 732 
3 344 1796 1797 
3 1798 1799 1800 
3 82 817 84 
3 701 700 977 
3 493 1701 1801 
3 535 532 531 
3 480 587 1802 
3 587 586 1802 
3 490 487 907 
3 1803 484 918 
3 285 196 198 
3 344 1804 1796 
3 1797 1796 1805 
3 1806 1807 1808 
3 1809 1810 950 
3 1811 1812 1813 
3 555 1814 1815 
3 1816 357 427 
3 173 1816 427 
3 1816 1817 357 
3 1818 1032 1819 
3 1820 1821 1316 
3 34 1820 1316 
3 1319 34 1316 
3 111 964 283 
3 1381 963 275 
3 274 99 275 
3 974 975 1822 
3 1381 974 1822 
3 270 973 271 
3 634 1823 1358 
3 468 634 1783 
3 117 116 411 
3 1824 750 1825 
3 341 779 1826 
3 829 1708 955 
3 277 959 961 
3 69 1500 70 
3 1183 1775 1827 
3 1828 1829 1524 
3 1830 1831 1122 
3 1832 1833 1834 
3 1831 1832 1834 
3 1122 1831 1834 
3 1835 1017 1018 
3 256 1776 260 
3 85 1147 1836 
3 1834 1833 1101 
3 1833 1837 1101 
3 1829 1728 1524 
3 52 88 1121 
3 88 87 1121 
3 1817 161 357 
3 21 428 430 
3 428 1838 429 
3 432 431 429 
3 435 437 434 
3 431 21 430 
3 1549 1704 1550 
3 437 432 434 
3 429 1838 1422 
3 1834 1101 1106 
3 1122 1834 1106 
3 1839 1840 1841 
3 1386 439 438 
3 433 1842 1386 
3 243 256 260 
3 1211 1225 158 
3 1843 7 1635 
3 432 429 433 
3 9 1773 10 
3 433 429 1105 
3 429 1422 1105 
3 1844 437 436 
3 1386 441 439 
3 310 1845 1186 
3 182 1844 436 
3 180 182 436 
3 442 180 440 
3 441 440 439 
3 260 180 442 
3 428 1846 1838 
3 1835 1847 1176 
3 212 205 204 
3 1175 1165 1177 
3 1165 170 1177 
3 212 204 1132 
3 433 1386 438 
3 1614 1761 1319 
3 201 202 251 
3 90 1848 234 
3 1848 220 234 
3 1121 87 1122 
3 87 1830 1122 
3 1737 1849 1738 
3 1850 1851 1738 
3 1849 1850 1738 
3 1149 95 1156 
3 188 218 189 
3 1852 1853 1127 
3 1853 1589 1127 
3 91 1854 89 
3 1855 106 1616 
3 234 220 295 
3 220 222 295 
3 1723 1175 1176 
3 1847 1723 1176 
3 243 242 293 
3 235 234 1856 
3 234 295 1856 
3 209 296 221 
3 253 207 254 
3 216 253 254 
3 20 650 386 
3 296 222 221 
3 231 226 228 
3 1658 1659 1857 
3 202 231 1659 
3 331 330 1858 
3 330 940 1858 
3 1713 1230 1712 
3 1230 325 1712 
3 1083 371 1084 
3 470 1230 1713 
3 331 1858 1717 
3 1216 1859 1715 
3 330 497 941 
3 1120 1131 1860 
3 1861 1120 1860 
3 1596 1113 1117 
3 1054 1136 1118 
3 18 1054 1118 
3 1136 1139 1118 
3 1125 1862 1067 
3 1863 1487 1486 
3 1131 1122 1106 
3 1860 1131 1106 
3 655 782 621 
3 1124 1111 1115 
3 1710 50 377 
3 1864 10 1774 
3 1865 876 1089 
3 1866 1662 877 
3 912 914 916 
3 1119 1118 1664 
3 1118 1139 1664 
3 373 371 1083 
3 1082 373 1083 
3 1230 943 325 
3 1156 1654 1149 
3 95 1112 1156 
3 1710 377 1867 
3 1073 44 155 
3 1654 1072 1655 
3 1102 1101 94 
3 382 387 936 
3 498 1710 1867 
3 9 1126 1773 
3 1126 1868 1773 
3 1845 1840 1839 
3 1155 1072 1654 
3 1156 1155 1654 
3 1869 1870 255 
3 1181 41 1664 
3 1871 1872 154 
3 320 314 316 
3 315 381 317 
3 1117 261 1734 
3 509 381 383 
3 650 457 384 
3 935 509 383 
3 315 382 381 
3 319 315 314 
3 317 320 316 
3 1850 1316 1821 
3 33 1821 1820 
3 458 457 1328 
3 1084 1187 1082 
3 662 310 312 
3 181 180 1776 
3 256 181 1776 
3 1873 1854 104 
3 104 106 1855 
3 1849 1316 1850 
3 91 104 1854 
3 1723 1137 1169 
3 1137 174 1169 
3 1778 1381 1382 
3 1873 89 1854 
3 1616 1873 1855 
3 28 27 1676 
3 806 1507 804 
3 1069 583 1874 
3 1075 1861 1860 
3 1597 373 1082 
3 309 303 305 
3 304 1589 306 
3 95 97 1112 
3 1582 1112 1875 
3 1384 1090 1330 
3 1073 1148 1655 
3 1853 993 1589 
3 11 1853 1852 
3 1564 156 43 
3 229 217 1711 
3 1876 1877 1878 
3 1066 1868 1067 
3 8 7 1843 
3 428 385 1846 
3 1762 1584 1763 
3 1584 1057 1763 
3 1036 1775 1185 
3 1036 1038 1775 
3 1082 1187 1597 
3 1879 1066 1065 
3 1840 1036 1880 
3 1185 1184 1036 
3 1775 1038 1827 
3 1845 1881 1840 
3 1881 1036 1840 
3 1584 32 1057 
3 1569 1833 1832 
3 1569 1837 1833 
3 92 94 1837 
3 1569 92 1837 
3 1573 1569 1830 
3 87 1573 1830 
3 1864 1774 1868 
3 1140 1723 1847 
3 1835 1140 1847 
3 1457 1235 1233 
3 51 1235 473 
3 382 307 303 
3 470 473 1457 
3 1773 1868 1774 
3 1066 1864 1868 
3 159 158 1019 
3 1841 1882 1839 
3 555 1812 556 
3 1308 662 313 
3 1168 1762 1166 
3 1276 1883 1753 
3 1130 1129 1312 
3 1103 1102 1107 
3 1860 1106 1107 
3 912 1085 1097 
3 1116 1117 1132 
3 782 655 654 
3 1884 313 1885 
3 1886 1499 624 
3 1138 1140 1018 
3 1887 1888 1364 
3 671 748 1642 
3 1209 1211 1176 
3 1112 1117 1113 
3 1882 1187 1845 
3 1139 1181 1664 
3 1126 1125 1067 
3 1077 1259 1078 
3 804 1096 1085 
3 1564 1732 1731 
3 1022 178 1738 
3 213 225 214 
3 1315 1107 1294 
3 1889 322 11 
3 974 1778 1890 
3 322 1889 1309 
3 182 1607 1844 
3 817 1751 819 
3 1518 1134 1543 
3 655 621 1063 
3 652 655 1891 
3 1075 652 1891 
3 1892 1059 1893 
3 1704 417 1550 
3 1129 1087 1314 
3 1551 423 424 
3 296 295 222 
3 170 8 1177 
3 1211 160 1176 
3 1545 1542 1541 
3 1563 1051 1053 
3 235 104 91 
3 1168 1615 1762 
3 717 917 719 
3 398 200 165 
3 1856 295 294 
3 402 1856 294 
3 611 612 1153 
3 417 232 298 
3 252 1480 253 
3 211 1478 224 
3 298 233 299 
3 1478 237 425 
3 1863 1503 1309 
3 299 1550 298 
3 235 1856 1539 
3 1856 402 1539 
3 240 443 1894 
3 1556 397 396 
3 252 1477 1480 
3 297 407 294 
3 1176 160 1835 
3 1372 1032 1376 
3 193 187 232 
3 1855 1873 104 
3 1550 417 298 
3 411 116 1895 
3 120 118 115 
3 1896 116 1897 
3 614 615 1522 
3 111 110 1898 
3 1898 1899 1900 
3 1521 1899 110 
3 1899 1901 1902 
3 244 1903 129 
3 1903 278 129 
3 748 671 987 
3 760 1904 321 
3 1905 128 135 
3 118 113 115 
3 1906 1895 1907 
3 1908 1909 1910 
3 686 688 685 
3 634 1911 1823 
3 1810 951 950 
3 572 517 1912 
3 1899 1913 1900 
3 11 23 1853 
3 952 955 1914 
3 1911 1779 117 
3 113 117 1915 
3 1911 117 410 
3 141 143 136 
3 538 1247 1916 
3 291 111 633 
3 959 277 966 
3 287 289 1237 
3 1917 1918 1919 
3 100 274 992 
3 1693 555 1815 
3 1902 1049 1920 
3 145 274 276 
3 480 450 453 
3 455 456 1921 
3 866 865 576 
3 1922 729 1923 
3 1393 1778 1443 
3 1695 1924 147 
3 1826 779 1650 
3 101 764 758 
3 1925 1926 871 
3 456 884 1921 
3 1047 1046 1927 
3 1060 1928 1929 
3 545 866 550 
3 594 690 792 
3 1930 265 1931 
3 268 125 831 
3 1932 1392 1453 
3 1933 707 1934 
3 1281 1282 1935 
3 1651 1246 1936 
3 1937 1938 1046 
3 1247 1547 1930 
3 1247 1939 1548 
3 1247 1246 1939 
3 1700 1433 1430 
3 1643 770 1268 
3 773 760 771 
3 760 321 761 
3 760 147 1904 
3 149 760 773 
3 760 149 151 
3 147 760 151 
3 1940 1941 1942 
3 1943 1941 1940 
3 1944 839 1407 
3 1416 1420 1945 
3 1921 1946 637 
3 455 1921 637 
3 818 819 635 
3 825 826 1947 
3 1946 1764 637 
3 1799 1435 731 
3 1948 1949 1950 
3 1451 586 639 
3 1932 1453 1951 
3 1921 246 1952 
3 884 278 1903 
3 1921 884 1903 
3 1042 1144 1043 
3 917 669 668 
3 1778 1395 1786 
3 757 779 1953 
3 963 107 145 
3 685 688 680 
3 626 634 467 
3 1778 1786 1890 
3 1954 1911 634 
3 520 1954 634 
3 480 1955 1956 
3 734 451 450 
3 1455 734 450 
3 1957 1040 1144 
3 324 941 937 
3 1958 133 1959 
3 1395 1960 1794 
3 724 694 1961 
3 779 341 1953 
3 1790 133 1958 
3 461 521 456 
3 884 456 540 
3 452 451 456 
3 451 734 520 
3 734 1954 520 
3 1962 1963 915 
3 1717 940 1964 
3 1235 1441 1236 
3 1965 1422 1419 
3 334 1717 1725 
3 1966 1967 1968 
3 1152 627 1360 
3 952 1969 1970 
3 953 952 1970 
3 2 3 5 
3 117 1779 1915 
3 588 587 455 
3 542 541 544 
3 884 540 542 
3 1971 1529 1972 
3 1924 491 490 
3 1942 1859 1973 
3 1799 1974 1435 
3 244 129 128 
3 910 244 133 
3 133 132 1959 
3 1975 1960 1976 
3 133 244 128 
3 1275 1281 1780 
3 1977 1978 1979 
3 586 1980 640 
3 1791 1789 1793 
3 974 270 263 
3 566 892 891 
3 258 973 259 
3 133 128 1905 
3 1981 711 1982 
3 1395 1393 1396 
3 1983 1960 1464 
3 734 1456 699 
3 1922 1505 931 
3 1984 715 842 
3 1946 1952 1985 
3 1903 244 246 
3 1954 734 1911 
3 791 594 792 
3 484 1803 1696 
3 1508 1493 1513 
3 1701 374 1801 
3 1986 805 1093 
3 1562 1227 1226 
3 1956 1955 1987 
3 613 122 522 
3 835 1471 1250 
3 1988 1989 979 
3 1938 1343 1990 
3 1276 1275 1991 
3 114 1779 698 
3 1814 555 1992 
3 636 588 455 
3 375 1558 376 
3 784 779 781 
3 517 1468 1912 
3 749 102 1993 
3 1344 517 519 
3 1733 1957 1144 
3 1778 974 1381 
3 1994 1812 1995 
3 1996 555 1692 
3 1955 480 1802 
3 1195 1049 1901 
3 1911 410 1824 
3 1960 1395 1394 
3 99 1381 275 
3 1997 1452 1458 
3 626 541 540 
3 1359 749 1998 
3 525 785 526 
3 968 785 762 
3 1997 1458 1999 
3 1144 1514 1145 
3 2000 917 2001 
3 1974 2002 2003 
3 2004 1743 1752 
3 2005 494 1410 
3 1799 731 1800 
3 1037 1881 2006 
3 1881 2007 2006 
3 2008 1037 2006 
3 1997 1948 1452 
3 1922 931 353 
3 1961 693 859 
3 1768 1766 1769 
3 2009 2010 1971 
3 2011 1030 2012 
3 797 1143 799 
3 1922 1923 2013 
3 913 1544 1505 
3 167 177 1737 
3 1438 1717 1445 
3 1963 327 714 
3 327 2014 625 
3 1007 1216 2015 
3 2016 390 568 
3 2017 1718 15 
3 1888 2018 1365 
3 1403 324 1404 
3 471 1403 1402 
3 1414 63 479 
3 1401 1528 1272 
3 1049 960 1920 
3 1984 714 715 
3 703 841 704 
3 841 1984 842 
3 2019 2020 2021 
3 2020 2022 2021 
3 1760 1152 2023 
3 586 588 1980 
3 1420 2019 2021 
3 1370 1355 1371 
3 1679 1520 1531 
3 2024 1679 1531 
3 1872 1027 1029 
3 1689 2025 1143 
3 669 917 2026 
3 1326 1495 1491 
3 1497 1321 1199 
3 1989 2027 2028 
3 979 1989 2029 
3 1437 1963 2030 
3 2031 1031 1030 
3 2032 511 1367 
3 1974 1799 2002 
3 1505 1922 2033 
3 931 1505 932 
3 1922 361 729 
3 1060 2034 1928 
3 2035 2036 844 
3 2035 844 2034 
3 494 1928 833 
3 1960 1394 1976 
3 1955 1802 2037 
3 48 2038 2039 
3 2040 2041 1994 
3 1216 937 2015 
3 595 515 514 
3 475 388 2016 
3 94 1101 1837 
3 92 1569 1572 
3 940 330 941 
3 1717 1438 1726 
3 822 759 766 
3 585 584 1944 
3 863 1144 1042 
3 591 689 592 
3 462 788 690 
3 595 591 709 
3 462 794 788 
3 2042 730 2043 
3 2044 706 2045 
3 366 2044 2046 
3 583 806 803 
3 729 730 2042 
3 328 625 2047 
3 2048 2049 2050 
3 2033 1922 2013 
3 2051 2052 1933 
3 389 327 329 
3 2014 2053 2051 
3 137 143 139 
3 693 643 2054 
3 143 137 136 
3 389 2055 684 
3 832 543 2056 
3 475 714 388 
3 390 392 569 
3 589 590 850 
3 1637 589 850 
3 522 122 523 
3 476 475 589 
3 1404 324 939 
3 1404 939 1406 
3 1358 584 2057 
3 515 594 476 
3 791 474 632 
3 1858 940 1717 
3 694 693 1961 
3 1295 1315 1294 
3 361 360 787 
3 1377 778 777 
3 585 340 1020 
3 342 895 899 
3 647 547 2058 
3 300 896 895 
3 900 547 2059 
3 342 301 300 
3 301 342 944 
3 288 301 1399 
3 126 130 127 
3 1743 2004 1798 
3 51 473 1252 
3 2060 51 1252 
3 52 51 2060 
3 65 52 2060 
3 86 52 65 
3 64 86 65 
3 175 66 68 
3 1554 175 68 
3 2061 175 1554 
3 2062 686 2048 
3 849 811 2063 
3 432 437 849 
3 437 603 849 
3 431 432 2063 
3 603 601 600 
3 811 598 812 
3 2063 811 813 
3 598 2064 599 
3 2065 1818 2066 
3 1767 3 2065 
3 3 1818 2065 
3 1769 1766 1767 
3 3 1766 4 
3 2067 0 2068 
3 1766 2069 2070 
3 2067 1340 2071 
3 1768 27 1339 
3 1659 228 1857 
3 231 228 1659 
3 202 1658 2072 
3 237 211 238 
3 1009 995 1645 
3 1013 1012 2073 
3 2074 2075 2076 
3 1012 2077 2073 
3 1927 2078 1014 
3 2079 997 2080 
3 1268 2081 2082 
3 1908 1660 2083 
3 2084 2079 2080 
3 2075 2085 2076 
3 30 100 31 
3 2086 1977 2087 
3 327 1963 2014 
3 1963 1962 2014 
3 1986 1093 1437 
3 1963 1437 915 
3 1330 656 1324 
3 137 526 2088 
3 1896 2079 2089 
3 694 644 695 
3 23 994 24 
3 2090 2019 1421 
3 2091 2090 1421 
3 2019 1420 1421 
3 1418 1420 1417 
3 1422 1838 1421 
3 1421 1838 2039 
3 687 1364 688 
3 1895 1906 1917 
3 2092 1718 2093 
3 707 2047 1934 
3 625 2014 2051 
3 1309 2094 2095 
3 2094 2096 2095 
3 1742 1309 2095 
3 2096 1742 2095 
3 1190 847 1343 
3 1398 1276 2097 
3 1426 1428 1425 
3 1429 1427 1426 
3 1700 1430 1427 
3 101 839 102 
3 2078 1015 1014 
3 376 1562 1249 
3 1990 1966 2098 
3 1557 998 1000 
3 492 493 1523 
3 1557 1003 1001 
3 2099 1429 1424 
3 1442 2099 1424 
3 1424 1423 1441 
3 1442 1424 1441 
3 1102 94 1730 
3 1230 470 1457 
3 1845 310 2100 
3 1883 1276 1991 
3 1193 1241 2101 
3 1311 2102 2103 
3 30 1997 1379 
3 960 1049 29 
3 1242 1045 1639 
3 1640 570 567 
3 1045 571 857 
3 1045 1044 1638 
3 1330 1329 1385 
3 2104 1028 2105 
3 378 2106 1356 
3 2107 2108 1099 
3 1615 1576 1586 
3 1615 1584 1762 
3 1489 1886 1490 
3 620 617 1490 
3 1886 2109 1490 
3 2109 620 1490 
3 2110 2111 1886 
3 2111 2109 1886 
3 692 2110 1886 
3 667 666 74 
3 1024 2012 1025 
3 1025 1031 1026 
3 1024 2112 2012 
3 2112 2011 2012 
3 717 1030 2011 
3 2001 717 2011 
3 2112 2000 2001 
3 2112 1201 2000 
3 1201 2026 2000 
3 923 669 2026 
3 1201 923 2026 
3 2012 1030 1025 
3 1555 1551 424 
3 2105 478 1415 
3 1673 2113 678 
3 2113 57 678 
3 885 1673 678 
3 1276 1753 2097 
3 643 143 2054 
3 881 245 2114 
3 1710 505 512 
3 1948 2115 1949 
3 1965 1419 1418 
3 1452 1948 1950 
3 1121 1120 2116 
3 2105 1028 1027 
3 881 837 836 
3 637 503 638 
3 2036 1471 835 
3 2117 2104 2118 
3 2119 2120 774 
3 1029 1028 2117 
3 1037 1036 1881 
3 1845 2007 1881 
3 1870 1634 255 
3 415 414 172 
3 1104 1384 1842 
3 1329 1383 1385 
3 2036 835 810 
3 2121 837 2122 
3 844 2036 810 
3 1977 1979 2075 
3 1807 2123 1808 
3 937 1216 938 
3 1227 1559 1229 
3 166 1349 1348 
3 696 667 74 
3 1092 1965 2115 
3 861 1965 1418 
3 1091 1422 1965 
3 1727 2124 1671 
3 1081 2125 2126 
3 2127 2128 1059 
3 1892 1350 2129 
3 1059 1061 1893 
3 1765 825 1947 
3 801 703 795 
3 53 1121 2116 
3 2130 53 2116 
3 1891 2131 2116 
3 2131 2130 2116 
3 1861 1075 2116 
3 1075 1891 2116 
3 1120 1861 2116 
3 369 1701 370 
3 645 644 74 
3 1091 1965 1092 
3 661 657 1948 
3 657 1090 1948 
3 1063 1429 2099 
3 1442 2130 2099 
3 2131 1891 2099 
3 2130 2131 2099 
3 2132 1063 2099 
3 1891 2132 2099 
3 2130 1442 1235 
3 53 2130 1235 
3 1840 1880 1841 
3 32 1584 1579 
3 374 1701 372 
3 1838 1846 2039 
3 1266 2096 2127 
3 2096 2094 2127 
3 2133 378 1304 
3 1059 1892 2129 
3 1503 929 2127 
3 929 2128 2127 
3 2094 1503 2127 
3 917 724 719 
3 845 378 2133 
3 624 1499 57 
3 1053 1178 1732 
3 2023 1152 1360 
3 650 1331 1327 
3 935 309 1768 
3 1768 1339 2134 
3 445 1743 447 
3 2112 2001 2011 
3 60 12 61 
3 12 14 61 
3 1718 1865 821 
3 2111 2110 1336 
3 2109 2111 1336 
3 2110 1337 1336 
3 1611 578 1331 
3 313 2109 1336 
3 1337 1309 1338 
3 1308 313 1336 
3 457 1327 1328 
3 578 318 458 
3 1497 416 1504 
3 1194 1196 615 
3 1925 870 1008 
3 2135 2009 1806 
3 1037 1066 1879 
3 2008 10 1037 
3 929 2136 2137 
3 2137 2136 2138 
3 2036 2035 2138 
3 1350 1266 2129 
3 804 1507 2125 
3 1507 2139 2125 
3 2126 2125 1203 
3 1202 2140 2126 
3 2141 1205 1203 
3 1081 1096 2125 
3 1096 804 2125 
3 1710 48 50 
3 509 935 1768 
3 1679 1517 1520 
3 1390 2142 413 
3 2143 2075 2074 
3 1062 1885 1700 
3 1852 9 11 
3 1105 1422 1091 
3 1384 1091 1090 
3 1091 1384 1105 
3 1528 1273 1272 
3 1309 1503 2094 
3 1273 1528 1525 
3 1888 1365 1364 
3 714 327 388 
3 405 404 1333 
3 1341 691 1724 
3 255 181 256 
3 795 703 789 
3 1080 1079 2144 
3 1079 1081 2126 
3 1525 1528 1526 
3 1334 1273 1525 
3 1038 1879 1065 
3 1050 75 1322 
3 2145 1613 1612 
3 1141 1080 2144 
3 72 1095 1161 
3 1331 650 597 
3 790 703 705 
3 1259 1517 1258 
3 1716 2146 1322 
3 75 1716 1322 
3 2127 1059 2129 
3 1755 2147 1756 
3 2146 1755 1322 
3 2147 1325 1756 
3 1324 656 1283 
3 1266 2127 2129 
3 2006 2007 2103 
3 89 2148 1848 
3 1098 1544 913 
3 912 1098 913 
3 1143 1145 799 
3 1309 1308 1338 
3 622 692 623 
3 806 583 582 
3 1064 621 1884 
3 1614 1319 1318 
3 2138 796 2149 
3 2110 692 691 
3 2100 310 2150 
3 48 1710 512 
3 48 512 2038 
3 802 805 801 
3 1601 1597 1841 
3 32 34 1058 
3 1184 1841 1880 
3 1695 147 146 
3 805 703 801 
3 583 803 1874 
3 2106 378 1515 
3 692 1886 624 
3 1751 2061 819 
3 1164 191 190 
3 375 1597 1561 
3 1488 1487 1511 
3 1863 1309 1487 
3 1088 1087 1129 
3 1836 2151 85 
3 1112 1114 2152 
3 2153 1390 415 
3 171 2153 415 
3 415 1390 412 
3 432 849 2063 
3 177 166 1348 
3 63 65 2060 
3 1878 46 1205 
3 2141 1878 1205 
3 2154 157 1205 
3 46 2154 1205 
3 1607 437 1844 
3 1326 923 1320 
3 1038 1037 1879 
3 1066 1037 1864 
3 1886 1489 1499 
3 1714 814 83 
3 1028 2104 2117 
3 1245 1851 33 
3 1994 2041 1035 
3 1862 1065 1067 
3 662 1308 1310 
3 1894 1390 2153 
3 171 934 2153 
3 934 1894 2153 
3 1037 10 1864 
3 34 33 1820 
3 2140 194 2155 
3 157 2140 1202 
3 1663 1690 927 
3 1315 1646 2156 
3 1859 1216 1215 
3 1326 1492 924 
3 1552 2147 1755 
3 2157 313 1884 
3 1564 1053 1732 
3 1635 1053 1052 
3 1489 1150 677 
3 655 1063 2132 
3 1891 655 2132 
3 2158 2145 1347 
3 1105 1384 1104 
3 2151 1748 85 
3 1049 2159 29 
3 993 28 1589 
3 1756 1325 1322 
3 1323 1330 1324 
3 2038 2091 2039 
3 1889 10 2102 
3 361 1922 359 
3 42 1071 1564 
3 1295 1614 1312 
3 1311 662 1310 
3 223 1207 211 
3 1604 86 64 
3 86 1573 87 
3 1337 2110 691 
3 10 2008 2102 
3 1337 691 1342 
3 1872 1513 1027 
3 1027 477 478 
3 1084 1433 311 
3 1295 1102 2160 
3 1614 1295 2160 
3 1761 1614 2160 
3 1102 1761 2160 
3 1507 2161 1876 
3 1597 1187 1882 
3 311 1433 1885 
3 1111 1596 1117 
3 1558 1227 376 
3 483 41 1293 
3 2142 1552 413 
3 1267 0 2067 
3 1068 2162 2163 
3 2161 1508 2164 
3 2161 1507 1508 
3 1072 1155 2165 
3 18 1119 41 
3 1098 912 1097 
3 190 192 1264 
3 1075 1860 2156 
3 80 1154 81 
3 1614 1317 1347 
3 1317 1316 1849 
3 21 431 812 
3 79 1088 1129 
3 1841 1597 1882 
3 1894 443 1390 
3 2145 2158 1161 
3 2142 1389 1388 
3 774 2166 2167 
3 1317 1614 1318 
3 782 653 664 
3 1384 1386 1842 
3 934 162 1757 
3 1894 934 1757 
3 162 2168 1757 
3 2168 200 1757 
3 240 1894 1757 
3 1507 2141 2139 
3 2090 2091 2038 
3 1160 72 1161 
3 178 1022 1021 
3 1885 1064 1884 
3 1128 1116 1132 
3 1239 190 1172 
3 1129 62 79 
3 512 511 2032 
3 2090 2022 2020 
3 1860 1107 2156 
3 33 1851 1821 
3 1850 1821 1851 
3 210 212 1132 
3 2007 1845 2100 
3 1573 86 1575 
3 1260 1309 1742 
3 2140 2155 2144 
3 2109 2157 620 
3 1510 665 1501 
3 1068 1070 2162 
3 1076 1075 2169 
3 1073 1655 1072 
3 1519 1518 2170 
3 1142 1518 1141 
3 1518 1543 2170 
3 41 483 39 
3 1136 1135 1518 
3 1178 186 194 
3 1148 1073 45 
3 2171 98 96 
3 2172 2173 96 
3 95 1148 2174 
3 2173 2171 96 
3 165 2168 162 
3 1500 12 60 
3 400 2175 2176 
3 2175 1159 2176 
3 401 400 2176 
3 1159 2177 2176 
3 1540 401 2176 
3 2177 1540 2176 
3 2178 1877 1154 
3 2142 1390 1389 
3 1329 2142 1388 
3 2169 2156 2179 
3 1614 2145 1612 
3 814 2161 815 
3 46 155 2154 
3 2141 1876 1878 
3 293 255 243 
3 957 262 264 
3 2096 1266 1742 
3 155 157 2154 
3 156 195 157 
3 2175 72 1160 
3 1851 1022 1738 
3 311 1885 313 
3 1079 2140 2144 
3 1064 1063 621 
3 1312 1129 1313 
3 2171 236 98 
3 2180 191 1164 
3 2038 2032 1367 
3 1163 2180 1164 
3 1138 1139 1136 
3 1139 1018 1181 
3 2141 1507 1876 
3 2181 2182 1671 
3 707 1933 708 
3 1486 1485 1863 
3 1629 1630 1624 
3 1225 630 158 
3 2180 219 191 
3 169 76 35 
3 1616 36 1617 
3 1211 158 160 
3 1616 1629 1873 
3 1884 621 620 
3 621 782 619 
3 627 1637 2183 
3 1524 1094 1485 
3 1938 1190 1343 
3 2148 221 220 
3 1153 2178 1154 
3 2161 816 815 
3 2180 1163 219 
3 1163 1711 219 
3 2156 1646 2179 
3 1613 2145 1161 
3 171 415 172 
3 46 2184 47 
3 1701 493 1702 
3 36 1616 38 
3 691 290 1724 
3 1329 1388 1387 
3 1868 1126 1067 
3 194 6 2155 
3 2173 2172 2185 
3 612 2173 2185 
3 2178 1153 2185 
3 1153 612 2185 
3 433 1104 1842 
3 10 1889 11 
3 1076 2169 2179 
3 796 798 1758 
3 153 2186 1146 
3 83 153 1146 
3 453 452 456 
3 1716 1492 2146 
3 1492 1491 2146 
3 356 932 1708 
3 932 1506 1708 
3 265 272 1931 
3 1963 1984 2030 
3 2187 105 2177 
3 1159 2187 2177 
3 212 211 205 
3 1552 2142 2147 
3 159 1017 160 
3 1728 2188 1729 
3 98 1158 1734 
3 879 928 663 
3 928 1501 663 
3 1496 1504 1552 
3 1504 416 1552 
3 1495 1496 1552 
3 1501 665 663 
3 1145 1514 1758 
3 247 558 1069 
3 558 559 1069 
3 2105 1027 478 
3 1344 1955 2189 
3 146 247 249 
3 1069 559 583 
3 2172 2184 2190 
3 1433 1084 1434 
3 1311 1309 2102 
3 81 1154 1714 
3 177 1317 1849 
3 2158 1349 1161 
3 722 723 2136 
3 720 722 2136 
3 720 930 721 
3 837 2191 838 
3 1471 1740 1472 
3 245 911 2114 
3 1378 1353 778 
3 2048 685 676 
3 2049 707 2050 
3 2169 1075 2156 
3 2192 2193 1157 
3 1583 2192 1157 
3 720 2136 929 
3 1493 1494 1513 
3 1491 1495 1755 
3 2146 1491 1755 
3 1495 1552 1755 
3 816 2164 154 
3 1202 2126 1203 
3 1505 1544 1506 
3 39 483 421 
3 2026 917 2000 
3 512 2032 2038 
3 72 71 1095 
3 156 1564 1731 
3 2022 2038 1367 
3 1151 616 885 
3 1150 1151 885 
3 677 1150 885 
3 1494 582 1513 
3 310 662 2150 
3 1349 2158 1347 
3 617 616 1151 
3 230 398 1212 
3 1514 863 753 
3 1758 1514 753 
3 863 755 753 
3 665 869 782 
3 1062 1064 1885 
3 2124 2181 1671 
3 691 1341 1342 
3 2035 2137 2138 
3 42 1564 43 
3 2194 1262 1282 
3 157 1202 1204 
3 2157 1884 620 
3 38 1616 106 
3 1317 177 1347 
3 1620 2195 1604 
3 1247 1930 1916 
3 28 1676 1589 
3 53 1235 51 
3 1839 1882 1845 
3 1140 1137 1723 
3 631 2196 1019 
3 158 631 1019 
3 495 494 833 
3 587 454 455 
3 511 513 2197 
3 1852 1126 9 
3 2198 2199 1155 
3 2199 2165 1155 
3 2193 2198 1155 
3 1157 2193 1155 
3 2200 1076 2179 
3 1076 1086 1189 
3 1610 1123 1115 
3 1270 1269 893 
3 1214 1973 1859 
3 1325 1329 1323 
3 177 1849 1737 
3 1761 1167 1166 
3 1127 1126 1852 
3 819 2061 1554 
3 1142 1141 2155 
3 1743 445 1744 
3 1084 311 1187 
3 1364 1362 688 
3 2147 2142 1325 
3 724 917 727 
3 644 696 74 
3 2188 2201 1729 
3 1601 1841 1184 
3 1183 1601 1184 
3 195 1178 194 
3 1102 1730 1167 
3 1761 1102 1167 
3 1117 1112 261 
3 2142 1329 1325 
3 1018 1140 1835 
3 94 93 1730 
3 2041 1674 1035 
3 1853 23 993 
3 1350 1892 445 
3 1420 2021 1945 
3 1817 1553 161 
3 2202 1603 304 
3 2182 1672 1671 
3 1290 1265 1264 
3 165 396 398 
3 2196 2203 1019 
3 2203 1179 1019 
3 240 1757 241 
3 1245 33 32 
3 2007 1311 2103 
3 1208 1357 1211 
3 1718 13 15 
3 1830 1569 1831 
3 1429 1063 1700 
3 1646 1087 2179 
3 1107 1315 2156 
3 52 1121 53 
3 1687 2031 1030 
3 1714 2161 814 
3 2174 1148 1297 
3 1736 1699 15 
3 2195 1605 1604 
3 372 1701 369 
3 2204 2205 165 
3 2205 1556 165 
3 1531 16 1532 
3 1221 1611 1331 
3 1553 2206 165 
3 1938 2098 2207 
3 322 1309 1260 
3 1266 1350 0 
3 2161 2164 816 
3 774 2208 2166 
3 687 1887 1364 
3 1926 1669 1989 
3 116 118 1897 
3 772 770 1643 
3 2209 1201 2210 
3 1201 2211 2210 
3 2212 1938 1937 
3 1926 1989 1988 
3 995 1009 1909 
3 1011 772 1012 
3 2213 823 2214 
3 1261 1281 1935 
3 956 952 954 
3 347 713 348 
3 1670 1647 1648 
3 1190 2212 1191 
3 1255 1258 1666 
3 1285 2213 1286 
3 1398 2215 2216 
3 1270 1784 2217 
3 1190 1938 2212 
3 2112 2218 2211 
3 1201 2112 2211 
3 1926 1988 871 
3 2008 2006 2103 
3 1309 1889 2102 
3 1718 2017 2093 
3 876 1718 2092 
3 467 466 865 
3 643 645 646 
3 2219 1281 2220 
3 1217 1281 1261 
3 2221 1687 2222 
3 1191 2221 1192 
3 824 552 1035 
3 1234 1236 1446 
3 1397 1276 1398 
3 2112 1024 2218 
3 1277 2194 2223 
3 1809 485 2224 
3 2194 1282 2223 
3 1464 1960 1975 
3 1784 1270 892 
3 1960 1983 1794 
3 1273 1254 1256 
3 2089 2079 2084 
3 114 698 713 
3 2225 1981 1982 
3 951 1810 2226 
3 344 343 2227 
3 1804 344 2227 
3 1330 1090 656 
3 2228 2229 1804 
3 1972 344 1797 
3 1689 1729 2201 
3 1809 2224 2230 
3 2231 2104 2208 
3 149 774 2167 
3 1285 2232 2213 
3 2233 1199 2234 
3 1199 1198 2234 
3 1198 1201 2209 
3 1810 1809 2230 
3 1199 923 1200 
3 1747 1750 817 
3 2208 774 2120 
3 1811 2229 2228 
3 2235 1813 1996 
3 1995 1812 1811 
3 2236 2024 2237 
3 2024 2238 2237 
3 797 1729 1689 
3 2239 2113 2240 
3 2113 2241 2240 
3 1995 2040 1994 
3 2043 2044 2045 
3 58 2113 2239 
3 2241 1673 1672 
3 1478 211 237 
3 345 344 2242 
3 2024 1531 2238 
3 1531 2243 2238 
3 1937 1046 1048 
3 1675 687 686 
3 917 717 2001 
3 2244 1199 2233 
3 1679 2245 1677 
3 1497 2244 2246 
3 2247 1497 2246 
3 1497 1199 2244 
3 2248 1872 2249 
3 1872 1029 2249 
3 1977 2250 1978 
3 2143 1977 2075 
3 1784 1305 2217 
3 1977 1401 2250 
3 2113 1673 2241 
3 2251 1529 2252 
3 2106 1466 1462 
3 1977 2143 2087 
3 172 1703 173 
3 2245 2024 2236 
3 1679 2024 2245 
3 57 2113 58 
3 154 1872 2248 
3 153 816 154 
3 2253 154 2248 
3 54 290 55 
3 414 1497 2247 
3 2254 421 1296 
3 1546 421 2254 
3 1533 2243 1530 
3 2243 1531 1530 
3 67 819 1554 
3 17 404 18 
3 1373 1368 1374 
3 165 2255 2204 
3 2256 2257 2258 
3 1743 1798 1197 
3 1417 1420 1378 
3 1546 1533 1535 
3 2255 165 2206 
3 607 606 2259 
3 1541 607 2259 
3 610 1483 2260 
3 606 610 2260 
3 165 1556 396 
3 1281 1217 2220 
3 1 1350 2261 
3 67 66 1366 
3 1553 165 164 
3 418 1680 2262 
3 2025 1733 1143 
3 1273 1259 1254 
3 2215 1307 2216 
3 1247 538 1248 
3 2263 1189 1188 
3 2018 2224 485 
3 455 637 636 
3 2108 1100 1099 
3 1644 2264 774 
3 2118 2104 2231 
3 841 1986 2265 
3 1701 331 370 
3 1368 1370 1369 
3 527 670 1636 
3 74 73 1194 
3 552 1994 1035 
3 2136 723 2138 
3 723 796 2138 
3 721 1729 797 
3 661 1948 1997 
3 149 2105 1415 
3 184 580 1606 
3 1341 1724 1512 
3 52 86 88 
3 870 875 873 
3 410 1981 2225 
3 1498 124 2266 
3 83 1146 85 
3 1764 1985 2267 
3 555 557 1992 
3 1835 160 1017 
3 14 820 78 
3 1087 2200 2179 
3 2264 2119 774 
3 353 931 354 
3 1827 1038 1065 
3 2102 2008 2103 
3 2268 2202 304 
3 308 2268 304 
3 1245 1099 1851 
3 1099 1022 1851 
3 1569 1573 1570 
3 2178 2185 2190 
3 1184 1880 1036 
3 373 1597 375 
3 1594 1593 1576 
3 1027 582 477 
3 805 1986 703 
3 1152 908 2269 
3 2270 2271 1127 
3 1589 1588 1127 
3 1588 2272 1127 
3 1831 1569 1832 
3 1207 205 211 
3 293 1869 255 
3 23 1260 994 
3 2165 2273 1072 
3 2273 1071 1072 
3 1379 1997 1999 
3 546 548 2274 
3 262 266 975 
3 385 384 1846 
3 613 645 74 
3 785 968 1777 
3 643 522 144 
3 1941 1859 1942 
3 49 1846 460 
3 1944 1407 2275 
3 1446 1439 2276 
3 8 1843 1177 
3 447 1743 1197 
3 456 521 540 
3 520 634 626 
3 1603 1587 1589 
3 1629 89 1873 
3 89 1629 1624 
3 91 90 235 
3 154 2253 2277 
3 1382 1380 1444 
3 1443 1382 1444 
3 1379 1391 1380 
3 769 2278 2279 
3 2278 823 2279 
3 2278 1286 2214 
3 823 2278 2214 
3 823 822 2279 
3 2278 1284 1286 
3 2278 951 1284 
3 951 2226 1284 
3 2280 2281 2282 
3 2281 2077 2282 
3 2283 2232 2280 
3 2077 2283 2282 
3 964 1898 1900 
3 1913 964 1900 
3 1590 2107 1245 
3 2271 2284 1125 
3 1127 2271 1125 
3 2285 1862 1125 
3 2284 2285 1125 
3 2286 1567 1071 
3 2273 2286 1071 
3 959 964 1913 
3 1902 959 1913 
3 1653 2057 2274 
3 548 1653 2274 
3 1653 1358 2057 
3 1899 1902 1913 
3 538 887 539 
3 887 898 539 
3 898 537 539 
3 1670 2078 2287 
3 2078 2027 2287 
3 1643 2082 2288 
3 2077 1643 2288 
3 102 751 103 
3 751 1474 103 
3 751 710 1474 
3 710 764 1474 
3 136 2289 142 
3 371 1434 1084 
3 2289 983 142 
3 819 67 338 
3 1540 1539 402 
3 705 791 2290 
3 791 793 2290 
3 792 788 793 
3 788 790 793 
3 775 1462 1463 
3 1465 775 1463 
3 1823 1825 2291 
3 1359 1823 2291 
3 1823 1824 1825 
3 742 1465 1463 
3 2292 444 2293 
3 444 379 2293 
3 1883 1955 1346 
3 1955 1344 1346 
3 2294 2098 1968 
3 1967 2294 1968 
3 839 1944 2295 
3 1998 839 2295 
3 1966 983 2296 
3 1967 1966 2296 
3 1219 697 2297 
3 697 1454 2297 
3 1278 1269 1271 
3 1279 1278 1271 
3 1781 1987 2298 
3 1883 1781 2298 
3 732 741 733 
3 741 738 733 
3 2044 366 728 
3 2299 2044 728 
3 2183 1637 852 
3 1637 850 852 
3 730 366 2046 
3 2043 730 2046 
3 1794 970 2300 
3 970 1786 2300 
3 1794 1983 1795 
3 1983 971 1795 
3 469 1408 2275 
3 1407 469 2275 
3 469 340 1408 
3 971 970 1795 
3 826 637 1947 
3 637 1765 1947 
3 1943 1595 2301 
3 1405 1943 2301 
3 590 392 2302 
3 850 590 2302 
3 900 897 2058 
3 897 647 2058 
3 641 899 2059 
3 899 900 2059 
3 547 546 641 
3 1376 2256 2303 
3 1148 47 1298 
3 1771 1828 1524 
3 2256 2258 2303 
3 1649 864 1300 
3 864 855 1300 
3 864 858 856 
3 855 864 856 
3 2187 166 169 
3 1061 2005 2304 
3 166 2187 1349 
3 1752 1061 2304 
3 671 1498 2266 
3 987 671 2266 
3 1458 1452 1459 
3 1452 1453 1459 
3 1250 2305 1251 
3 2305 2121 1251 
3 1400 2306 2307 
3 2306 1307 2307 
3 1307 2215 2307 
3 334 368 335 
3 368 370 335 
3 1991 1275 1782 
3 1275 1780 1782 
3 1781 1991 1782 
3 2219 1781 1780 
3 1307 2306 2308 
3 2306 2217 2308 
3 2049 675 2309 
3 2047 2049 2309 
3 328 2047 2309 
3 991 712 990 
3 989 991 990 
3 1451 1344 2189 
3 2037 1451 2189 
3 1955 2037 2189 
3 561 2016 2310 
3 2016 683 2310 
3 191 219 193 
3 2177 105 1536 
3 2175 400 1542 
3 2148 89 1628 
3 1876 2161 1154 
3 1448 1726 2311 
3 1447 1448 2311 
3 1440 1423 1447 
3 1423 1448 1447 
3 2185 2172 2190 
3 1878 2178 2190 
3 105 2187 169 
3 2187 1159 1349 
3 178 76 168 
3 1726 1438 2311 
3 996 1908 2312 
3 1908 1918 2312 
3 981 1787 2313 
3 2314 981 2313 
3 1142 1138 1136 
3 1429 1700 1427 
3 1877 1876 1154 
3 2252 2143 2315 
3 2143 345 2315 
3 2087 2143 2252 
3 1529 2086 2087 
3 345 2251 2315 
3 1401 1977 2086 
3 1528 1401 2086 
3 2143 2074 2316 
3 345 2143 2316 
3 1819 510 2066 
3 510 2065 2066 
3 1986 2030 2265 
3 343 345 2316 
3 165 200 2168 
3 2197 510 1819 
3 513 510 2197 
3 1032 2197 1819 
3 508 510 513 
3 1990 846 2317 
3 846 141 2317 
3 1660 1009 1661 
3 1009 1008 1661 
3 1008 870 1661 
3 1792 2318 2083 
3 1660 1792 2083 
3 1918 1908 2318 
3 1009 1660 1910 
3 1909 1009 1910 
3 1660 1908 1910 
3 1908 996 1909 
3 1221 597 599 
3 2064 1221 599 
3 598 811 2064 
3 811 848 2064 
3 2030 1984 2265 
3 1984 841 2265 
3 562 854 575 
3 854 858 575 
3 858 571 575 
3 1878 1877 2178 
3 2272 2270 1127 
3 2257 1373 2258 
3 1373 1372 2258 
3 2292 449 2257 
3 449 1373 2257 
3 2261 444 2292 
3 750 749 1825 
3 2256 1 2261 
3 2052 2043 2045 
3 706 2052 2045 
3 1306 1398 2216 
3 1307 1306 2216 
3 711 710 1982 
3 710 2225 1982 
3 1687 716 2222 
3 716 1193 2222 
3 2251 345 2242 
3 1972 2251 2242 
3 2017 1866 2093 
3 1866 2092 2093 
3 78 1088 79 
3 980 903 2319 
3 138 980 2319 
3 2191 2267 838 
3 2267 836 838 
3 2320 1764 2191 
3 1764 2267 2191 
3 2305 1764 2320 
3 2121 2305 2320 
3 1486 1488 1484 
3 1488 54 1484 
3 911 2003 2114 
3 2003 881 2114 
3 910 1974 911 
3 1974 2003 911 
3 2166 2105 2167 
3 2105 149 2167 
3 2208 2104 2166 
3 2104 2105 2166 
3 1544 1519 2170 
3 1543 1544 2170 
3 1159 2175 1160 
3 1138 1142 1137 
3 1544 1098 1519 
3 1098 1141 1519 
3 908 516 2269 
3 516 628 2269 
3 2069 2068 2070 
3 2068 4 2070 
3 2134 1340 2069 
3 1340 2068 2069 
3 1540 2177 1536 
3 999 1002 1249 
3 1562 999 1249 
3 2052 706 708 
3 1933 2052 708 
3 174 1165 1170 
3 1753 2215 2097 
3 2215 1398 2097 
3 1423 1425 1449 
3 1448 1423 1449 
3 2085 2321 2076 
3 2321 2074 2076 
3 2027 1989 2287 
3 1643 1268 2082 
3 914 2033 2013 
3 1923 914 2013 
3 913 1505 2033 
3 914 913 2033 
3 1918 1789 1919 
3 1789 2322 1919 
3 876 878 2263 
3 1981 1917 2322 
3 711 1981 2322 
3 700 1930 1931 
3 272 700 1931 
3 1932 1975 1976 
3 1394 1932 1976 
3 494 496 1411 
3 1094 930 1503 
3 1863 1094 1503 
3 1410 494 1411 
3 2004 2005 1410 
3 1409 2004 1410 
3 1061 1929 2005 
3 496 1409 1411 
3 1928 494 1929 
3 236 2171 2173 
3 612 236 2173 
3 2184 46 2190 
3 549 701 2056 
3 701 832 2056 
3 682 683 684 
3 2055 682 684 
3 682 560 561 
3 703 1986 841 
3 1362 390 560 
3 681 1362 560 
3 680 1362 681 
3 390 2016 561 
3 682 681 560 
3 688 1362 680 
3 1792 1660 874 
3 873 1792 874 
3 2323 1792 873 
3 875 2323 873 
3 2314 2323 875 
3 872 2314 875 
3 46 1878 2190 
3 1518 1142 1136 
3 1988 2314 872 
3 871 1988 872 
3 1660 870 874 
3 870 1925 871 
3 839 1998 1993 
3 102 839 1993 
3 1345 1344 519 
3 518 1345 519 
3 747 1826 1650 
3 784 747 1650 
3 747 746 1826 
3 746 341 1826 
3 1468 1287 1912 
3 1287 572 1912 
3 2135 953 1970 
3 1969 2135 1970 
3 2009 2135 1969 
3 2324 2009 1969 
3 952 1914 2324 
3 152 154 2277 
3 1914 2325 2324 
3 1708 2326 2325 
3 1914 1708 2325 
3 1708 2327 2326 
3 2325 2009 2324 
3 1708 1527 2327 
3 1708 2328 1527 
3 2010 2009 2326 
3 1189 2263 1719 
3 878 879 2263 
3 1708 1335 2328 
3 2052 2042 2043 
3 1334 1525 2328 
3 2052 2053 2042 
3 4 0 5 
3 0 2 5 
3 1792 2323 1793 
3 2323 1791 1793 
3 825 1250 2329 
3 1473 825 2329 
3 959 1902 1920 
3 960 959 1920 
3 1901 1049 1902 
3 1471 1473 2329 
3 1899 1196 1901 
3 1196 1195 1901 
3 114 113 1915 
3 401 1540 402 
3 1779 114 1915 
3 1939 108 1548 
3 108 1547 1548 
3 1930 700 1916 
3 700 538 1916 
3 1789 711 2322 
3 1547 265 1930 
3 537 976 1936 
3 1246 537 1936 
3 1781 1455 1987 
3 1455 1956 1987 
3 450 480 1956 
3 1455 450 1956 
3 1453 860 1951 
3 860 1460 1951 
3 625 1933 1934 
3 2047 625 1934 
3 1460 1932 1951 
3 625 2051 1933 
3 2053 2052 2051 
3 1962 729 2053 
3 2014 1962 2053 
3 1344 1451 1469 
3 1451 1468 1469 
3 1451 1450 1468 
3 1450 1287 1468 
3 955 1708 1914 
3 2326 2009 2325 
3 2135 1806 1808 
3 2123 2135 1808 
3 952 2324 1969 
3 1971 1807 1806 
3 1807 1797 1805 
3 2123 1807 1805 
3 1807 1972 1797 
3 2009 1971 1806 
3 2125 2139 1203 
3 258 132 134 
3 1905 258 134 
3 2323 1788 1791 
3 1788 989 1791 
3 132 1436 1959 
3 1436 1958 1959 
3 1436 1435 1958 
3 1435 1790 1958 
3 1435 1974 1790 
3 1974 910 1790 
3 226 233 227 
3 398 397 1212 
3 202 398 230 
3 219 1711 218 
3 298 232 189 
3 187 219 188 
3 490 197 281 
3 280 490 281 
3 1924 490 280 
3 1904 1924 280 
3 981 1777 1787 
3 196 1904 280 
3 981 980 1777 
3 1400 2215 1754 
3 2215 1753 1754 
3 1370 2133 1304 
3 1303 1370 1304 
3 1893 1752 1745 
3 1744 1893 1745 
3 1715 939 1351 
3 939 938 1351 
3 1941 939 1715 
3 1859 1941 1715 
3 333 332 1702 
3 493 333 1702 
3 1649 1299 1302 
3 1299 1301 1302 
3 2258 1372 2303 
3 755 864 1649 
3 1814 2330 1815 
3 2330 1693 1815 
3 2330 956 1693 
3 956 1692 1693 
3 2157 2109 313 
3 2235 1996 1692 
3 956 2235 1692 
3 1812 555 1996 
3 1813 1812 1996 
3 2229 1811 1813 
3 2235 2229 1813 
3 72 2175 1542 
3 1545 69 72 
3 1695 464 1694 
3 1668 1695 1694 
3 1924 1695 1668 
3 491 1924 1668 
3 748 747 1642 
3 747 672 1642 
3 672 525 1636 
3 525 527 1636 
3 1515 378 1516 
3 378 448 1516 
3 1466 2106 1515 
3 735 1466 1515 
3 807 1467 367 
3 366 807 367 
3 787 351 1467 
3 807 787 1467 
3 923 1201 1200 
3 1983 1464 1465 
3 194 2140 157 
3 202 2072 251 
3 2155 1141 2144 
3 742 1983 1465 
3 499 826 880 
3 1461 499 880 
3 2305 825 1765 
3 1764 2305 1765 
3 2106 1352 1354 
3 1356 2106 1354 
3 775 778 1352 
3 2106 775 1352 
3 1434 1431 1432 
3 1430 1434 1432 
3 1374 511 1375 
3 2036 2149 1739 
3 511 1372 1375 
3 1428 1430 1432 
3 1367 511 1374 
3 2021 1369 1371 
3 1355 2021 1371 
3 2021 1367 1369 
3 1368 1367 1374 
3 1287 1299 1288 
3 1299 855 1288 
3 1640 1242 1639 
3 235 1539 1536 
3 1638 1640 1639 
3 104 235 1536 
3 1640 567 1242 
3 855 573 1288 
3 572 1278 1238 
3 1278 518 1238 
3 518 517 1238 
3 767 286 1280 
3 768 767 1280 
3 1622 578 1623 
3 62 1130 1612 
3 1260 1741 994 
3 1340 26 2071 
3 1885 1433 1700 
3 2306 518 1279 
3 1270 2306 1279 
3 2081 2283 2082 
3 1206 2081 1268 
3 2213 2081 1206 
3 823 2213 1206 
3 2148 220 1848 
3 89 1848 90 
3 837 2121 2320 
3 946 987 988 
3 284 946 988 
3 946 748 987 
3 953 2235 954 
3 2235 956 954 
3 971 1436 972 
3 1436 132 972 
3 762 991 969 
3 991 967 969 
3 132 258 2331 
3 1846 384 460 
3 258 257 2331 
3 961 960 992 
3 960 100 992 
3 274 277 961 
3 257 970 2331 
3 279 957 949 
3 269 279 949 
3 831 543 832 
3 543 549 2056 
3 929 2137 2128 
3 2186 153 152 
3 1871 1513 1872 
3 985 962 986 
3 962 109 986 
3 918 488 2332 
3 488 1657 2332 
3 524 890 984 
3 890 139 984 
3 528 291 633 
3 282 528 633 
3 980 138 978 
3 2088 980 978 
3 2289 136 138 
3 903 2289 2319 
3 529 946 292 
3 946 284 292 
3 945 946 529 
3 981 979 904 
3 903 981 904 
3 906 553 905 
3 408 906 905 
3 389 394 2055 
3 394 393 2055 
3 272 268 977 
3 268 701 977 
3 962 283 965 
3 966 962 965 
3 1962 915 916 
3 914 1962 916 
3 1709 554 901 
3 906 1709 901 
3 1506 1543 1708 
3 123 122 614 
3 1709 557 554 
3 976 300 1652 
3 300 302 1652 
3 1651 976 1652 
3 288 1651 302 
3 746 748 947 
3 945 746 947 
3 893 562 894 
3 562 891 894 
3 908 1803 909 
3 1803 926 909 
3 1696 1803 908 
3 891 892 894 
3 926 516 909 
3 1152 1759 1696 
3 2002 496 883 
3 886 2002 883 
3 948 887 2333 
3 887 888 2333 
3 702 701 888 
3 701 549 888 
3 887 538 702 
3 888 549 2333 
3 897 896 533 
3 896 531 533 
3 1543 1335 1708 
3 922 926 2334 
3 920 922 2334 
3 486 1809 489 
3 1809 487 489 
3 485 1809 486 
3 1803 920 2334 
3 1809 197 907 
3 487 1809 907 
3 1803 918 920 
3 926 1803 2334 
3 864 857 858 
3 919 922 920 
3 864 1042 857 
3 140 890 889 
3 890 527 889 
3 1042 1045 857 
3 139 890 140 
3 948 866 577 
3 866 576 577 
3 545 541 867 
3 541 865 867 
3 783 784 781 
3 780 783 781 
3 756 783 780 
3 757 756 780 
3 350 2299 728 
3 49 48 2335 
3 851 1361 2183 
3 853 1360 1361 
3 851 853 1361 
3 1361 627 2183 
3 853 2023 1360 
3 853 1363 2023 
3 1363 1760 2023 
3 1214 1859 1215 
3 1363 1365 1760 
3 1499 679 678 
3 57 1499 678 
3 686 685 2048 
3 1365 1759 1760 
3 1365 485 1759 
3 833 844 834 
3 844 809 834 
3 1928 844 833 
3 485 484 1759 
3 809 495 834 
3 2034 844 1928 
3 2137 2035 2034 
3 1060 2137 2034 
3 842 474 843 
3 474 704 843 
3 715 474 842 
3 1061 1060 1929 
3 704 841 843 
3 475 474 715 
3 351 787 827 
3 787 362 827 
3 362 824 827 
3 2049 395 675 
3 2217 1305 2308 
3 2049 676 395 
3 2049 2048 676 
3 744 1466 745 
3 1466 743 745 
3 742 1462 744 
3 739 742 744 
3 1983 742 1470 
3 971 1983 1470 
3 742 741 1470 
3 741 1436 971 
3 78 1865 1089 
3 348 697 1502 
3 697 1219 1502 
3 673 362 363 
3 365 673 363 
3 2164 1508 1871 
3 1508 1513 1871 
3 2139 2141 1203 
3 448 735 1516 
3 1032 511 2197 
3 2091 1421 2039 
3 2021 2022 1367 
3 360 365 363 
3 768 2278 769 
3 1382 99 1380 
3 2336 738 740 
3 743 2336 740 
3 822 767 769 
3 2336 731 738 
3 1918 1906 2312 
3 736 2336 737 
3 2336 743 737 
3 1197 2336 736 
3 1798 2336 1197 
3 756 762 786 
3 783 756 786 
3 761 767 766 
3 767 822 766 
3 321 767 761 
3 785 783 786 
3 756 758 765 
3 763 756 765 
3 764 991 763 
3 991 762 763 
3 991 764 712 
3 674 673 409 
3 673 365 409 
3 408 674 409 
3 364 408 365 
3 2019 2090 2020 
3 355 408 364 
3 353 355 364 
3 500 499 1461 
3 754 500 1461 
3 752 754 1461 
3 547 647 649 
3 548 547 649 
3 547 900 2058 
3 1709 1814 1992 
3 557 1709 1992 
3 556 552 557 
3 1994 552 556 
3 1812 1994 556 
3 628 515 629 
3 515 1637 629 
3 1278 572 574 
3 1785 1278 574 
3 538 537 1248 
3 537 1246 1248 
3 573 1785 574 
3 590 568 569 
3 392 590 569 
3 1205 157 1204 
3 475 2016 568 
3 590 475 568 
3 898 534 536 
3 531 898 536 
3 887 948 534 
3 898 887 534 
3 866 948 551 
3 550 866 551 
3 543 545 550 
3 549 543 550 
3 123 112 530 
3 284 123 530 
3 123 110 112 
3 111 291 112 
3 446 448 380 
3 379 446 380 
3 394 389 329 
3 328 394 329 
3 824 349 351 
3 767 321 286 
3 2221 1193 1192 
3 660 1049 1195 
3 1904 196 321 
3 147 1924 1904 
3 197 196 281 
3 282 985 1237 
3 289 282 1237 
3 528 282 289 
3 288 528 289 
3 1059 2128 1060 
3 126 125 269 
3 957 126 949 
3 957 279 958 
3 279 267 958 
3 263 250 264 
3 250 957 264 
3 248 1695 249 
3 1695 146 249 
3 465 1695 248 
3 2337 465 248 
3 1068 465 2337 
3 1069 1068 2337 
3 270 257 259 
3 973 270 259 
3 247 1069 2337 
3 270 1786 257 
3 279 272 273 
3 267 279 273 
3 950 285 198 
3 197 950 198 
3 250 263 271 
3 973 250 271 
3 262 974 263 
3 267 262 958 
3 2289 903 982 
3 983 2289 982 
3 584 1998 2295 
3 1966 141 983 
3 2027 1967 2028 
3 1967 2029 2028 
3 902 979 2029 
3 1967 902 2029 
3 981 1988 979 
3 750 410 2225 
3 710 750 2225 
3 960 29 31 
3 100 960 31 
3 1428 1448 1449 
3 23 11 323 
3 996 2084 2080 
3 997 996 2080 
3 996 1906 2084 
3 1906 2089 2084 
3 1906 1907 2089 
3 1895 116 1907 
3 116 1896 1907 
3 1641 2338 1041 
3 2338 2339 1041 
3 659 660 658 
3 1049 660 659 
3 2339 1039 1041 
3 1641 1638 2338 
3 1638 2339 2338 
3 1044 1039 2339 
3 1638 1044 2339 
3 1047 1014 1016 
3 1047 1927 1014 
3 2294 2078 1927 
3 1046 2294 1927 
3 2078 1670 1648 
3 1015 2078 1648 
3 1989 1669 1670 
3 1013 2073 2281 
3 2077 2281 2073 
3 2340 1008 1010 
3 1645 2340 1010 
3 2340 1925 1008 
3 663 653 1722 
3 1720 663 1722 
3 653 1721 1722 
3 1719 663 1720 
3 1721 1189 1720 
3 879 663 1719 
3 1651 288 2341 
3 1246 1651 2341 
3 2039 1846 2335 
3 48 2039 2335 
3 1485 1094 1863 
3 848 1221 2064 
3 1718 876 1865 
3 613 1194 615 
3 818 635 611 
3 84 818 611 
3 996 995 1909 
3 2128 2137 1060 
3 2018 485 1365 
3 244 910 245 
3 1168 93 1615 
3 2075 1979 2085 
3 1275 1277 2223 
3 1282 1275 2223 
3 1397 2194 1277 
3 2306 1270 2217 
3 1305 1307 2308 
3 1232 1234 2276 
3 1234 1446 2276 
3 1439 1232 2276 
3 1440 1439 1446 
3 1438 1447 2311 
3 1236 1423 1440 
3 1456 2219 2220 
3 1217 1456 2220 
3 1788 2314 2313 
3 446 447 448 
3 447 735 448 
3 877 876 2092 
3 1866 877 2092 
3 2294 1046 2207 
3 2098 2294 2207 
3 666 669 1716 
3 734 1779 1911 
3 75 666 1716 
3 613 74 1194 
3 247 2337 248 
3 1046 1938 2207 
3 1938 1990 2098 
3 512 508 513 
3 1343 846 1990 
3 2267 245 836 
3 1350 445 444 
3 49 458 1770 
3 245 881 836 
3 1985 245 2267 
3 837 2320 2191 
3 1952 245 1985 
3 1764 1946 1985 
3 246 245 1952 
3 1921 1903 246 
3 1946 1921 1952 
3 1246 287 1939 
3 287 108 1939 
3 976 1651 1936 
3 288 287 2341 
3 108 107 1547 
3 107 265 1547 
3 60 62 179 
3 1984 1963 714 
3 62 1095 179 
3 1922 353 359 
3 794 1223 2163 
3 2162 794 2163 
3 1070 800 2162 
3 800 794 2162 
3 1874 800 1070 
3 1223 1068 2163 
3 803 800 1874 
3 559 477 583 
3 1221 1331 597 
3 660 1194 73 
3 2200 1086 1076 
3 473 472 1253 
3 1252 473 1253 
3 1190 1193 2101 
3 847 1190 2101 
3 1311 2100 2150 
3 662 1311 2150 
3 1311 2007 2100 
3 1241 847 2101 
3 643 693 695 
3 644 643 695 
3 287 1246 2341 
3 1339 1340 2134 
3 4 1766 2070 
3 1766 1768 2134 
3 683 682 2310 
3 510 1767 2065 
3 1615 93 1576 
3 2140 1079 2126 
3 6 1142 2155 
3 1349 1159 1161 
3 2145 1614 1347 
3 1818 1819 2066 
3 2074 343 2316 
3 2251 2252 2315 
3 1972 1529 2251 
3 1529 2087 2252 
3 340 342 1020 
3 342 899 1020 
3 2321 343 2074 
3 1529 1528 2086 
3 1355 1370 1303 
3 1356 1355 1303 
3 1917 1906 1918 
3 1906 996 2312 
3 2322 1917 1919 
3 1981 1895 1917 
3 378 1356 1303 
3 1981 411 1895 
3 1907 1896 2089 
3 1981 410 411 
3 516 515 628 
3 1012 1643 2077 
3 2082 2283 2288 
3 2081 2232 2283 
3 846 693 2054 
3 143 846 2054 
3 1657 919 2332 
3 523 890 524 
3 670 890 523 
3 2002 1409 496 
3 1759 484 1696 
3 493 376 1523 
3 376 1002 1523 
3 336 338 337 
3 338 339 337 
3 1366 236 339 
3 239 236 1366 
3 238 236 239 
3 210 236 238 
3 66 237 239 
3 1792 1789 2318 
3 2318 1908 2083 
3 141 1966 2317 
3 2314 1788 2323 
3 133 1905 134 
3 1988 981 2314 
3 1787 1788 2313 
3 1789 1918 2318 
3 860 1452 1950 
3 1949 860 1950 
3 861 860 1949 
3 2115 861 1949 
3 1948 1092 2115 
3 1965 861 2115 
3 1948 1090 1092 
3 1986 1437 2030 
3 2062 2048 2050 
3 707 2062 2050 
3 431 2063 813 
3 812 431 813 
3 675 328 2309 
3 707 2049 2047 
3 370 331 335 
3 1781 1883 1991 
3 825 2305 1250 
3 1453 1392 1459 
3 785 980 2088 
3 526 785 2088 
3 1448 1725 1726 
3 1431 334 1725 
3 1448 1431 1725 
3 1932 776 1975 
3 776 1464 1975 
3 776 775 1464 
3 2062 2044 2299 
3 933 2062 2299 
3 349 686 933 
3 686 2062 933 
3 350 933 2299 
3 1035 686 349 
3 1 1033 2 
3 1033 3 2 
3 2044 2062 706 
3 2062 707 706 
3 764 101 1474 
3 137 2088 978 
3 846 143 141 
3 1966 1990 2317 
3 510 1769 1767 
3 510 509 1769 
3 983 141 142 
3 1345 1400 1754 
3 1883 1345 1753 
3 2226 1285 1284 
3 469 757 1953 
3 341 469 1953 
3 752 825 1473 
3 1472 752 1473 
3 753 752 1472 
3 1740 753 1472 
3 1758 753 1740 
3 1739 1758 1740 
3 1250 1471 2329 
3 2149 1758 1739 
3 1846 49 2335 
3 796 1758 2149 
3 1471 2036 1739 
3 1241 1961 859 
3 847 1241 859 
3 2036 2138 2149 
3 1241 724 1961 
3 1786 1395 2300 
3 2044 2043 2046 
3 586 1451 2037 
3 1802 586 2037 
3 1987 1955 2298 
3 379 449 2293 
3 1370 1368 2133 
3 1368 845 2133 
3 1368 1373 845 
3 1373 449 845 
3 793 790 2290 
3 690 788 792 
3 549 948 2333 
3 584 546 2057 
3 1980 502 640 
3 502 639 640 
3 636 502 1980 
3 588 636 1980 
3 2021 1355 1945 
3 1355 1416 1945 
3 1345 1883 1346 
3 2263 879 1719 
3 129 125 127 
3 130 129 127 
3 1287 573 572 
3 1637 627 629 
3 1799 2004 1409 
3 2002 1799 1409 
3 391 851 392 
3 390 1362 391 
3 1362 853 391 
3 851 2183 852 
3 392 851 2302 
3 2283 2077 2288 
3 1069 1874 1070 
3 2057 546 2274 
3 648 1653 548 
3 466 1653 648 
3 532 466 648 
3 388 389 683 
3 2016 388 683 
3 131 1905 135 
3 130 131 135 
3 131 258 1905 
3 682 561 2310 
3 1788 968 967 
3 989 1788 967 
3 712 711 990 
3 937 497 2015 
3 497 1007 2015 
3 704 791 705 
3 2159 30 29 
3 1997 30 2159 
3 661 1997 2159 
3 1807 1971 1972 
3 1796 2123 1805 
3 2010 1529 1971 
3 1049 661 2159 
3 2327 2010 2326 
3 1527 1526 2327 
3 2328 1525 1527 
3 1526 2010 2327 
3 1193 2221 2222 
3 1335 1334 2328 
3 1526 1529 2010 
3 1786 270 1890 
3 270 974 1890 
3 110 1899 1898 
3 123 1521 110 
3 291 284 530 
3 320 498 1867 
3 377 320 1867 
3 2022 2090 2038 
3 940 943 1964 
3 943 1445 1964 
3 975 963 1822 
3 963 1381 1822 
3 1445 1717 1964 
3 266 963 975 
3 557 552 554 
3 2053 729 2042 
3 2068 0 4 
3 1340 2067 2068 
3 1766 2134 2069 
3 1796 2229 2123 
3 2229 2135 2123 
3 1804 2229 1796 
3 2135 2229 953 
3 2229 2235 953 
3 1391 1393 1443 
3 1380 1391 1444 
3 2336 1798 1800 
3 731 2336 1800 
3 1778 1382 1443 
3 2004 1799 1798 
3 1809 950 197 
3 488 484 486 
3 374 376 1801 
3 376 493 1801 
3 393 682 2055 
3 279 268 272 
3 517 1344 1469 
3 964 111 1898 
3 1450 1299 1287 
3 749 1359 2291 
3 1721 1074 1076 
3 1189 1721 1076 
3 410 750 1824 
3 1823 1911 1824 
3 2029 1989 2028 
3 1962 914 1923 
3 729 1962 1923 
3 1653 468 1783 
3 1358 1653 1783 
3 1455 1781 2219 
3 1456 1455 2219 
3 1395 1794 2300 
3 970 132 2331 
3 318 50 1770 
3 458 318 1770 
3 449 2292 2293 
3 444 446 379 
3 2256 2261 2292 
3 2256 2292 2257 
3 1372 1376 2303 
3 458 49 459 
3 49 460 459 
3 1431 368 334 
3 488 491 1657 
3 491 1656 1657 
3 689 919 1656 
3 919 918 2332 
3 1709 906 830 
3 906 828 830 
3 1708 829 828 
3 772 1644 774 
3 1154 2161 1714 
3 355 1708 828 
3 1299 1450 1301 
3 1245 2107 1099 
3 1450 504 1301 
3 1875 1112 2152 
3 1030 717 1688 
3 717 716 1688 
3 2004 1752 2304 
3 671 670 1498 
3 829 2330 1814 
3 1709 829 1814 
3 955 956 2330 
3 829 955 2330 
3 547 641 2059 
3 851 850 2302 
3 2078 2294 2027 
3 2294 1967 2027 
3 983 902 2296 
3 2098 1966 1968 
3 576 466 651 
3 466 532 651 
3 865 466 576 
3 1989 1670 2287 
3 1402 1405 2301 
3 650 598 597 
3 1607 185 1606 
3 580 1607 1606 
3 1607 1133 185 
3 182 181 1133 
3 181 183 1133 
3 1521 123 1522 
3 123 614 1522 
3 1196 1899 1521 
3 615 1196 1521 
3 499 637 826 
3 585 1944 1408 
3 862 776 1460 
3 776 1932 1460 
3 861 1377 862 
3 1377 776 862 
3 730 807 366 
3 1392 1394 1396 
3 1393 1392 1396 
3 1392 1932 1394 
3 738 731 733 
3 1955 1883 2298 
3 1436 741 732 
3 1944 584 2295 
3 584 1359 1998 
3 1825 749 2291 
3 1358 1823 1359 
3 775 2106 1462 
3 790 705 2290 
3 1458 1391 1999 
3 1391 1379 1999 
3 1392 1391 1458 
3 1998 749 1993 
3 749 751 102 
3 1034 2256 1376 
3 585 899 641 
3 1 2256 1034 
3 1350 444 2261 
3 939 1941 1406 
3 1941 1405 1406 
3 1402 1404 1405 
3 1595 1402 2301 
3 840 469 1407 
3 1408 1944 2275 
3 1941 1943 1405 
3 757 469 840 
3 1256 1257 1274 
3 1257 1272 1274 
3 946 945 947 
3 1269 562 893 
3 1454 1217 2297 
3 1278 1785 1269 
3 892 1270 893 
3 854 562 1785 
3 518 2306 1400 
3 2121 835 1251 
3 573 854 1785 
3 528 288 1399 
3 945 528 1399 
3 2215 1400 2307 
3 1281 2219 1780 
3 1892 1893 1744 
3 445 1892 1744 
3 1893 1061 1752 
3 2005 2004 2304 
3 1929 494 2005 
3 858 854 856 
3 1299 1649 1300 
3 881 808 2122 
3 808 2121 2122 
3 837 881 2122 
3 808 835 2121 
3 2003 886 882 
3 881 2003 882 
3 495 808 886 
3 2289 138 2319 
3 285 951 768 
3 951 2278 768 
3 2283 2280 2282 
3 2213 2232 2081 
3 1286 2213 2214 
3 822 769 2279 
3 2003 2002 886 
3 628 1152 2269 
3 124 987 2266 
3 2184 1297 1298 
3 47 2184 1298 
3 2172 2174 1297 
3 2184 2172 1297 
3 96 95 2174 
3 2172 96 2174 
3 1322 1324 1283 
3 1050 1322 1283 
3 1282 1262 1935 
3 1262 1261 1935 
3 346 348 1502 
3 902 1967 2296 
3 26 994 2342 
3 2071 26 2342 
3 1741 2067 2071 
3 994 1741 2342 
3 1741 1267 2067 
3 1741 2071 2342 
3 1741 1742 1267 
3 1742 1266 1267 
3 1456 1217 1454 
3 699 1456 1454 
3 1217 1219 2297 
3 1033 1 1034 
3 869 616 782 
3 821 1865 78 
3 14 13 820 
3 1073 42 44 
3 1772 1683 2247 
3 1683 414 2247 
3 1530 1532 19 
3 1532 16 19 
3 1534 1530 19 
3 1535 1534 19 
3 40 1535 19 
3 1724 290 54 
3 344 1972 2242 
3 1089 2263 1188 
3 1538 1537 400 
3 399 1538 400 
3 1033 1032 1818 
3 3 1033 1818 
3 1721 653 652 
3 1074 1721 652 
3 382 1592 307 
3 622 623 57 
3 1086 2200 1087 
3 1845 1187 1186 
3 63 2060 1252 
3 1698 2017 15 
3 73 75 1050 
3 154 2164 1871 
3 876 2263 1089 
3 342 300 895 
3 2343 2344 2345 
3 2346 2347 2348 
3 2349 2350 2351 
3 2352 2353 2354 
3 2355 2356 2357 
3 2358 2359 2360 
3 2361 2362 2363 
3 2364 2365 2366 
3 2367 2368 2369 
3 2370 2371 2372 
3 2373 2374 2375 
3 2353 2376 2377 
3 2378 2349 2351 
3 2379 2380 2381 
3 2382 2383 2381 
3 2383 2379 2381 
3 2384 2343 2385 
3 2386 2387 2368 
3 2388 2389 2390 
3 2391 2392 2393 
3 2394 2395 2396 
3 2397 2398 2399 
3 2400 2398 2397 
3 2401 2402 2386 
3 2403 2404 2405 
3 2406 2403 2405 
3 2407 2408 2409 
3 2410 2411 2412 
3 2413 2414 2415 
3 2414 2416 2415 
3 2417 2418 2419 
3 2420 2421 2422 
3 2423 2424 2425 
3 2424 2426 2425 
3 2416 2423 2425 
3 2415 2416 2425 
3 2427 2428 2429 
3 2430 2403 2406 
3 2431 2432 2433 
3 2434 2435 2436 
3 2364 2437 2438 
3 2439 2440 2441 
3 2442 2439 2443 
3 2444 2445 2446 
3 2447 2448 2449 
3 2450 2451 2452 
3 2453 2454 2455 
3 2456 2453 2455 
3 2453 2457 2454 
3 2453 2400 2457 
3 2458 2459 2460 
3 2461 2462 2463 
3 2408 2464 2465 
3 2447 2466 2448 
3 2467 2468 2469 
3 2470 2471 2472 
3 2473 2474 2475 
3 2476 2473 2475 
3 2477 2478 2468 
3 2467 2477 2468 
3 2479 2480 2481 
3 2478 2479 2481 
3 2482 2483 2484 
3 2485 2482 2484 
3 2486 2487 2488 
3 2489 2452 2490 
3 2491 2492 2493 
3 2494 2495 2496 
3 2472 2473 2476 
3 2448 2466 2497 
3 2498 2499 2500 
3 2495 2501 2496 
3 2496 2502 2503 
3 2504 2505 2506 
3 2506 2505 2507 
3 2508 2509 2510 
3 2511 2512 2513 
3 2514 2515 2516 
3 2517 2518 2519 
3 2520 2521 2522 
3 2523 2524 2515 
3 2381 2525 2526 
3 2527 2528 2529 
3 2530 2531 2448 
3 2532 2530 2533 
3 2534 2535 2466 
3 2447 2536 2534 
3 2537 2388 2536 
3 2388 2538 2536 
3 2531 2539 2540 
3 2539 2541 2540 
3 2542 2543 2544 
3 2545 2546 2547 
3 2542 2548 2549 
3 2543 2550 2544 
3 2551 2552 2550 
3 2524 2519 2515 
3 2548 2553 2549 
3 2538 2552 2551 
3 2554 2555 2556 
3 2557 2558 2559 
3 2560 2561 2562 
3 2394 2396 2563 
3 2394 2563 2564 
3 2565 2566 2567 
3 2568 2569 2570 
3 2571 2572 2573 
3 2574 2575 2572 
3 2576 2577 2575 
3 2576 2578 2577 
3 2579 2580 2581 
3 2582 2583 2584 
3 2585 2586 2587 
3 2586 2588 2587 
3 2589 2590 2591 
3 2592 2589 2591 
3 2593 2594 2595 
3 2596 2597 2598 
3 2599 2600 2601 
3 2602 2603 2604 
3 2605 2606 2607 
3 2608 2609 2610 
3 2609 2611 2610 
3 2560 2577 2612 
3 2613 2614 2615 
3 2614 2616 2617 
3 2611 2618 2610 
3 2619 2620 2621 
3 2622 2623 2624 
3 2625 2626 2623 
3 2604 2625 2627 
3 2603 2628 2626 
3 2629 2630 2631 
3 2630 2632 2631 
3 2633 2634 2632 
3 2635 2636 2637 
3 2638 2635 2637 
3 2639 2582 2584 
3 2640 2606 2605 
3 2559 2641 2642 
3 2643 2644 2645 
3 2646 2647 2638 
3 2648 2649 2650 
3 2501 2651 2652 
3 2495 2653 2654 
3 2502 2496 2655 
3 2656 2657 2658 
3 2659 2660 2661 
3 2662 2663 2664 
3 2665 2666 2667 
3 2668 2602 2669 
3 2670 2671 2672 
3 2628 2673 2674 
3 2675 2676 2668 
3 2602 2604 2669 
3 2677 2648 2602 
3 2678 2679 2680 
3 2681 2608 2618 
3 2618 2682 2683 
3 2684 2685 2686 
3 2687 2684 2686 
3 2628 2603 2688 
3 2689 2690 2691 
3 2692 2693 2694 
3 2695 2493 2690 
3 2696 2697 2698 
3 2677 2699 2700 
3 2701 2649 2700 
3 2702 2703 2704 
3 2705 2702 2704 
3 2703 2706 2704 
3 2707 2702 2705 
3 2708 2709 2710 
3 2557 2711 2712 
3 2713 2714 2715 
3 2716 2717 2718 
3 2714 2718 2715 
3 2719 2720 2713 
3 2721 2722 2723 
3 2724 2721 2723 
3 2722 2379 2723 
3 2379 2383 2724 
3 2725 2726 2354 
3 2726 2352 2354 
3 2376 2353 2352 
3 2353 2526 2727 
3 2728 2729 2730 
3 2729 2731 2730 
3 2391 2393 2732 
3 2733 2659 2734 
3 2735 2684 2687 
3 2736 2737 2738 
3 2739 2740 2738 
3 2741 2742 2736 
3 2646 2582 2647 
3 2582 2743 2647 
3 2506 2744 2745 
3 2509 2746 2744 
3 2381 2380 2525 
3 2747 2748 2749 
3 2748 2750 2749 
3 2524 2751 2517 
3 2752 2753 2754 
3 2684 2735 2639 
3 2755 2756 2757 
3 2758 2739 2738 
3 2540 2447 2449 
3 2759 2760 2761 
3 2762 2759 2761 
3 2697 2763 2670 
3 2764 2765 2759 
3 2697 2766 2763 
3 2736 2767 2766 
3 2697 2736 2766 
3 2768 2769 2770 
3 2771 2772 2618 
3 2736 2773 2767 
3 2766 2774 2763 
3 2775 2776 2777 
3 2778 2779 2780 
3 2781 2782 2521 
3 2783 2784 2785 
3 2786 2787 2783 
3 2788 2786 2783 
3 2789 2719 2717 
3 2753 2777 2754 
3 2778 2780 2790 
3 2791 2792 2793 
3 2762 2778 2794 
3 2795 2764 2792 
3 2774 2796 2797 
3 2798 2799 2795 
3 2521 2520 2800 
3 2658 2674 2801 
3 2802 2764 2799 
3 2759 2762 2803 
3 2553 2804 2805 
3 2785 2784 2806 
3 2807 2808 2809 
3 2808 2810 2809 
3 2811 2792 2791 
3 2705 2812 2813 
3 2814 2658 2801 
3 2601 2600 2815 
3 2816 2817 2818 
3 2819 2816 2818 
3 2816 2820 2817 
3 2821 2822 2823 
3 2822 2824 2823 
3 2776 2825 2826 
3 2827 2692 2694 
3 2692 2828 2693 
3 2692 2829 2828 
3 2830 2511 2546 
3 2742 2831 2641 
3 2582 2735 2832 
3 2743 2582 2832 
3 2833 2834 2835 
3 2836 2837 2838 
3 2526 2725 2727 
3 2725 2354 2727 
3 2839 2714 2713 
3 2840 2435 2841 
3 2842 2839 2843 
3 2839 2844 2714 
3 2844 2716 2714 
3 2845 2846 2847 
3 2648 2677 2848 
3 2849 2644 2362 
3 2677 2700 2848 
3 2700 2649 2848 
3 2679 2845 2650 
3 2847 2648 2850 
3 2698 2689 2827 
3 2851 2698 2827 
3 2670 2695 2852 
3 2698 2697 2689 
3 2853 2502 2652 
3 2651 2853 2652 
3 2501 2654 2651 
3 2654 2854 2651 
3 2855 2856 2854 
3 2857 2853 2858 
3 2859 2856 2855 
3 2860 2856 2859 
3 2861 2362 2862 
3 2863 2860 2859 
3 2653 2863 2859 
3 2648 2650 2850 
3 2604 2627 2864 
3 2675 2668 2669 
3 2658 2657 2674 
3 2657 2628 2674 
3 2625 2865 2627 
3 2839 2713 2843 
3 2866 2867 2868 
3 2623 2657 2624 
3 2626 2657 2623 
3 2869 2622 2624 
3 2628 2657 2626 
3 2669 2604 2864 
3 2616 2870 2871 
3 2872 2616 2871 
3 2616 2873 2870 
3 2873 2560 2870 
3 2616 2872 2617 
3 2872 2615 2617 
3 2874 2613 2615 
3 2872 2874 2615 
3 2615 2614 2617 
3 2695 2689 2852 
3 2875 2619 2876 
3 2876 2621 2877 
3 2619 2621 2876 
3 2621 2620 2613 
3 2878 2879 2880 
3 2881 2620 2619 
3 2882 2883 2667 
3 2884 2885 2770 
3 2886 2881 2887 
3 2583 2747 2584 
3 2747 2639 2584 
3 2563 2565 2564 
3 2565 2567 2564 
3 2530 2448 2497 
3 2533 2530 2497 
3 2888 2532 2889 
3 2466 2535 2533 
3 2553 2890 2549 
3 2891 2545 2892 
3 2716 2891 2892 
3 2543 2542 2893 
3 2509 2506 2507 
3 2510 2509 2507 
3 2514 2894 2895 
3 2550 2552 2544 
3 2552 2542 2544 
3 2896 2547 2897 
3 2898 2899 2900 
3 2899 2901 2900 
3 2504 2506 2745 
3 2523 2894 2902 
3 2448 2531 2449 
3 2531 2540 2449 
3 2515 2514 2895 
3 2518 2514 2516 
3 2903 2904 2905 
3 2906 2907 2908 
3 2909 2910 2911 
3 2486 2912 2913 
3 2912 2914 2913 
3 2915 2916 2917 
3 2918 2919 2920 
3 2587 2919 2918 
3 2921 2918 2920 
3 2588 2919 2587 
3 2922 2923 2924 
3 2925 2926 2927 
3 2928 2929 2930 
3 2928 2931 2929 
3 2932 2933 2934 
3 2935 2925 2927 
3 2936 2910 2909 
3 2928 2937 2931 
3 2938 2939 2937 
3 2940 2939 2938 
3 2941 2940 2938 
3 2937 2939 2931 
3 2375 2940 2941 
3 2374 2942 2375 
3 2943 2944 2374 
3 2373 2943 2374 
3 2360 2359 2945 
3 2359 2946 2945 
3 2685 2734 2947 
3 2358 2948 2359 
3 2949 2946 2359 
3 2634 2629 2631 
3 2950 2634 2951 
3 2952 2922 2953 
3 2630 2954 2632 
3 2407 2464 2408 
3 2955 2956 2957 
3 2607 2956 2958 
3 2959 2960 2961 
3 2594 2593 2956 
3 2962 2640 2605 
3 2963 2605 2964 
3 2942 2965 2640 
3 2962 2942 2640 
3 2904 2966 2967 
3 2904 2968 2966 
3 2968 2969 2966 
3 2970 2971 2969 
3 2969 2971 2966 
3 2972 2971 2970 
3 2421 2973 2422 
3 2948 2949 2359 
3 2750 2756 2749 
3 2974 2975 2976 
3 2977 2978 2979 
3 2980 2981 2977 
3 2982 2980 2977 
3 2983 2982 2977 
3 2984 2461 2977 
3 2417 2985 2986 
3 2987 2988 2989 
3 2990 2991 2992 
3 2992 2376 2352 
3 2993 2994 2995 
3 2949 2996 2946 
3 2744 2524 2523 
3 2997 2998 2816 
3 2999 3000 2462 
3 3001 3002 3003 
3 2532 2533 2889 
3 2643 2362 2644 
3 2418 3004 3005 
3 3006 3007 3005 
3 3004 3006 3005 
3 2379 2722 3008 
3 3009 2464 3010 
3 3011 2667 3012 
3 2525 2380 3013 
3 3014 3015 3016 
3 3015 2786 3016 
3 3017 3014 3016 
3 2418 2417 2986 
3 3018 3019 3020 
3 3021 2373 2941 
3 3022 2435 2840 
3 3023 3024 2372 
3 3025 2993 3026 
3 2377 2376 2810 
3 2977 2981 3027 
3 2746 2524 2744 
3 2743 2987 2647 
3 2401 2367 2369 
3 2768 2770 2996 
3 3028 3029 2348 
3 3030 3031 2462 
3 2975 3032 3033 
3 2987 2635 2638 
3 3034 3035 3036 
3 2954 3037 3038 
3 3026 2993 3039 
3 3040 3041 3017 
3 3042 3043 3044 
3 3007 3006 3044 
3 3006 3042 3044 
3 3025 2994 2993 
3 3045 3046 3047 
3 3048 3049 3050 
3 3041 3051 3017 
3 3052 3053 2355 
3 3054 3055 3056 
3 3057 3055 3058 
3 2355 2357 3059 
3 2975 3060 3032 
3 3061 3062 2495 
3 3063 3064 3065 
3 3066 3067 3068 
3 2635 2987 3065 
3 3069 3070 3057 
3 2345 3071 2385 
3 2385 3071 3072 
3 3073 3074 3075 
3 3074 3047 3075 
3 3076 3031 3077 
3 3078 3071 2345 
3 2345 3079 3080 
3 3081 3082 3072 
3 3078 3070 3069 
3 3083 2378 3025 
3 2983 2977 2979 
3 3084 3085 3086 
3 3036 3087 3088 
3 2554 2556 2838 
3 3089 3090 3091 
3 3092 3093 2456 
3 2456 2455 3094 
3 3095 3096 2356 
3 2357 3097 3098 
3 3099 3100 3101 
3 3022 3102 3103 
3 2731 3104 2730 
3 2987 2743 2988 
3 3101 3100 3105 
3 2400 3106 2398 
3 2961 2974 2976 
3 3106 2453 3107 
3 3108 3109 3110 
3 2810 2376 2809 
3 3111 3112 2474 
3 2988 3067 2989 
3 3067 3066 2989 
3 2552 2538 2732 
3 2393 2552 2732 
3 3113 3114 3115 
3 3114 2728 3115 
3 3116 2673 3117 
3 2845 3118 2846 
3 3119 3120 3121 
3 3122 2798 3123 
3 2798 2773 3123 
3 2738 2662 3122 
3 3124 3125 3126 
3 3127 2808 2807 
3 3128 3129 3130 
3 3131 3128 3130 
3 3132 3133 3134 
3 2834 3135 3133 
3 3132 2834 3133 
3 3136 3137 2446 
3 3137 2444 2446 
3 3138 3139 2975 
3 3140 2377 2810 
3 3141 2353 2377 
3 3140 3141 2377 
3 2834 3131 3135 
3 3142 3113 3143 
3 3113 3144 3143 
3 3145 2633 3146 
3 2633 2954 3146 
3 2387 3147 3148 
3 3149 2387 3148 
3 2548 2552 2393 
3 2538 2391 2732 
3 2392 3150 3151 
3 3150 3049 3151 
3 2787 2784 2783 
3 2788 2783 2785 
3 2453 3152 3153 
3 2748 2747 2583 
3 3154 2453 3153 
3 2954 2630 2529 
3 2630 2527 2529 
3 2381 2526 3155 
3 3156 2381 3155 
3 2709 2609 2710 
3 2609 3157 2710 
3 2548 2804 2553 
3 3158 2553 2805 
3 3158 2890 2553 
3 3114 2986 3159 
3 2986 2985 3159 
3 3160 3161 2752 
3 2762 2794 2803 
3 2709 3162 3163 
3 2444 2709 3163 
3 2664 2802 2799 
3 2792 2764 3164 
3 2524 2746 3165 
3 3166 3114 3142 
3 3114 3113 3142 
3 3107 2453 3154 
3 3167 3168 3004 
3 3169 2524 3165 
3 3170 3171 3172 
3 2752 2776 2826 
3 3161 2753 2752 
3 3144 3173 2420 
3 3174 2940 3175 
3 3174 3175 2898 
3 2660 2659 3176 
3 2659 3177 3176 
3 3178 3179 3177 
3 2659 3178 3177 
3 3180 2444 3179 
3 2834 3181 3131 
3 3181 3128 3131 
3 2444 3182 3179 
3 3183 3184 3185 
3 3186 2896 3187 
3 3188 3189 2757 
3 3189 2755 2757 
3 3190 3191 3192 
3 3191 3193 3192 
3 3194 2747 2755 
3 2747 2756 2755 
3 3195 2733 3196 
3 2684 2639 3194 
3 2782 3197 3198 
3 3197 3199 3198 
3 2639 2747 3194 
3 2781 3197 2782 
3 3200 3201 3202 
3 2376 3203 3204 
3 2382 3102 3205 
3 2383 2382 3205 
3 2679 2650 2680 
3 2896 3206 3207 
3 2671 3208 2672 
3 2716 2892 2717 
3 3209 3174 2432 
3 3210 3171 3211 
3 3212 2398 3213 
3 2398 3214 3213 
3 3107 3215 3214 
3 3106 3107 3214 
3 2398 3212 3216 
3 3217 2398 3216 
3 2682 2664 2683 
3 2664 2771 2683 
3 3119 3218 3120 
3 3191 2482 3193 
3 2389 2537 3219 
3 2479 2478 3220 
3 3220 2478 3221 
3 3222 2480 3223 
3 2480 2479 3223 
3 3224 3225 3226 
3 3227 3224 3226 
3 2933 2570 3228 
3 3229 3230 2472 
3 3231 3232 3224 
3 2834 3132 2835 
3 3068 3233 2824 
3 2822 3068 2824 
3 2820 2998 3234 
3 3235 3236 3237 
3 3238 3235 3237 
3 2653 2859 2855 
3 2816 2998 2820 
3 2933 3228 3239 
3 2934 2933 3239 
3 3240 3241 3242 
3 3243 3242 3241 
3 2600 3244 3240 
3 3245 3246 3247 
3 3248 3245 3247 
3 2663 2771 2664 
3 3243 2579 3249 
3 3249 3242 3243 
3 2380 2379 3008 
3 3250 3251 3252 
3 2379 2724 2723 
3 3253 3254 3236 
3 3235 3253 3236 
3 2383 3022 2724 
3 3255 3256 3028 
3 3245 3250 3246 
3 3257 2410 2932 
3 2555 3258 3259 
3 3260 2410 2412 
3 3261 2995 3262 
3 2995 3263 3262 
3 2580 3264 2581 
3 3265 3266 3024 
3 2375 2942 3267 
3 3268 2554 2838 
3 3269 3270 3238 
3 3271 2821 3272 
3 2993 2995 3261 
3 2581 3264 3273 
3 2921 3274 2585 
3 3275 3276 3277 
3 3278 2568 2570 
3 3279 2919 2588 
3 3280 3281 3282 
3 3283 2837 2836 
3 2601 3271 3284 
3 3037 2528 3285 
3 2528 3286 3285 
3 2368 2387 3149 
3 3287 2368 3149 
3 2395 2844 2839 
3 3288 3114 3166 
3 3289 3290 3291 
3 3292 3289 3291 
3 3293 3294 3295 
3 3296 3081 3072 
3 2512 3297 3298 
3 2512 2830 3297 
3 3091 2512 3298 
3 3299 2986 3288 
3 2986 3114 3288 
3 3300 3301 2981 
3 2974 3302 2975 
3 2389 3289 3292 
3 2390 2389 3292 
3 3030 3303 3031 
3 3010 3304 3009 
3 3305 3306 3286 
3 2388 2390 3307 
3 3308 2388 3307 
3 2391 3308 3309 
3 2959 2961 3217 
3 2392 2391 3310 
3 3150 2392 3310 
3 3311 3312 3313 
3 3312 3314 3313 
3 3315 3312 3311 
3 3048 3316 3049 
3 3152 2456 3317 
3 2896 2545 2547 
3 2512 2511 2830 
3 2984 3318 3319 
3 3042 3320 3321 
3 3322 3323 3055 
3 2714 2716 2718 
3 3058 3296 3072 
3 3324 2368 3287 
3 3325 2355 3100 
3 2977 3027 3318 
3 3326 3327 3328 
3 3001 3312 3329 
3 3330 2407 3331 
3 2451 3332 3333 
3 2453 2456 3152 
3 2396 2395 2842 
3 2407 3329 3334 
3 2477 2467 3335 
3 3336 3337 3338 
3 3333 3332 3339 
3 3340 3341 3342 
3 3341 2356 3096 
3 2345 2344 3343 
3 2344 3344 3343 
3 3004 3299 3345 
3 2385 2343 2345 
3 3004 2986 3299 
3 3099 3110 3346 
3 3347 2403 3348 
3 2403 2430 3348 
3 3349 3350 3351 
3 2462 2984 3352 
3 2451 3333 2452 
3 2603 2626 3353 
3 3354 3355 3356 
3 3357 2703 2702 
3 2935 3357 2702 
3 2706 2705 2704 
3 2706 2812 2705 
3 2828 3358 2693 
3 3359 2829 2692 
3 3360 3361 2968 
3 2926 3360 2903 
3 2701 3362 2649 
3 3362 2678 2649 
3 2767 3363 3364 
3 3358 2775 2777 
3 2775 3365 2776 
3 3365 3172 2776 
3 3366 3367 2863 
3 2653 3366 2863 
3 2922 3368 2923 
3 2812 2701 2699 
3 2649 2648 2848 
3 2699 2701 2700 
3 2676 3369 3370 
3 3371 3365 2775 
3 2829 2775 2828 
3 3019 3372 3020 
3 3354 3373 3374 
3 2812 2699 2813 
3 2819 3375 3376 
3 3377 2673 3378 
3 2462 2461 2984 
3 3379 3380 3381 
3 2777 2753 3382 
3 2492 3359 2692 
3 3383 3384 3385 
3 3384 3383 3386 
3 2668 2676 3373 
3 2740 2662 2738 
3 2773 2738 3123 
3 2662 2664 3122 
3 3387 2737 2742 
3 3388 3389 2948 
3 3390 3388 2948 
3 3389 3391 2948 
3 2869 2624 3392 
3 3355 3384 3393 
3 3394 3395 3361 
3 3361 3395 2970 
3 3372 3200 3396 
3 3397 3398 2873 
3 2968 3361 2969 
3 2816 3376 3399 
3 3369 2676 3400 
3 2676 2675 3401 
3 3178 3195 3402 
3 2919 3279 3403 
3 3404 3405 3063 
3 3405 3064 3063 
3 3406 3404 3063 
3 3407 3408 3409 
3 3408 3410 3409 
3 3411 3407 3409 
3 3412 3409 3413 
3 2676 3401 3414 
3 2994 3415 2995 
3 2656 3416 2657 
3 2654 2855 2854 
3 3417 2656 2658 
3 2884 3418 2885 
3 3418 3419 2885 
3 3419 3420 2885 
3 2972 3395 3409 
3 3410 2972 3409 
3 3395 3413 3409 
3 3025 3421 3422 
3 3423 3283 3422 
3 3421 3423 3422 
3 2673 2499 2814 
3 3375 3395 3424 
3 3413 3395 3375 
3 3424 3395 3394 
3 3425 3244 2600 
3 2599 3425 2600 
3 3416 2869 3392 
3 2636 3426 2646 
3 3427 3428 2382 
3 3428 3429 2382 
3 3430 3431 3253 
3 3432 3430 3253 
3 2495 2494 3377 
3 3376 3375 3424 
3 3411 3409 2351 
3 2350 3411 2351 
3 3433 3434 3028 
3 3435 3436 2635 
3 3064 3435 2635 
3 2636 2646 2637 
3 3436 2636 2635 
3 2742 2741 2831 
3 3253 3431 3437 
3 2495 2654 2501 
3 3438 3439 3440 
3 3380 3161 3441 
3 3442 3443 2609 
3 3443 3157 2609 
3 3444 3445 2630 
3 2629 3444 2630 
3 2994 2351 3415 
3 3446 2815 2600 
3 3240 3446 2600 
3 2618 2608 2610 
3 3447 3448 3449 
3 3450 2914 2912 
3 2488 3450 2912 
3 2542 2549 3451 
3 3281 3280 3452 
3 3231 3224 3453 
3 3454 2965 2942 
3 3455 3456 2942 
3 2632 2634 2631 
3 2950 2629 2634 
3 3456 3454 2942 
3 2954 2633 2632 
3 2893 2542 3451 
3 3375 3263 3457 
3 3458 3267 3459 
3 3460 3461 2601 
3 2737 2758 2738 
3 3462 2643 3463 
3 2625 2622 3464 
3 3465 3466 2865 
3 3466 3234 2865 
3 2622 3467 3464 
3 2614 2873 2616 
3 2578 2872 2871 
3 3468 3469 2944 
3 3469 3455 2944 
3 3455 2942 2944 
3 3434 3029 3028 
3 3470 3471 3077 
3 2527 3470 3077 
3 3462 3463 2944 
3 2608 3472 2609 
3 3472 3442 2609 
3 3473 3474 3110 
3 3474 3475 3110 
3 3476 3477 3478 
3 3479 3476 3478 
3 3480 3481 3482 
3 3483 3484 3028 
3 3485 3486 3487 
3 3488 3489 3422 
3 3490 3488 3422 
3 3486 3479 3478 
3 3491 3492 2442 
3 3487 3486 3478 
3 3493 2349 2378 
3 3494 3493 2378 
3 3495 3468 3463 
3 2769 2884 2770 
3 3496 3497 3498 
3 3468 2944 3463 
3 3499 3500 3257 
3 3293 3218 3501 
3 3433 3028 3498 
3 3497 3433 3498 
3 3502 3503 3482 
3 3458 3504 3505 
3 2772 2681 2618 
3 3506 3507 3032 
3 3503 3480 3482 
3 3508 3509 2914 
3 3510 3437 3511 
3 3475 3512 3513 
3 3110 3475 3513 
3 3514 3515 2417 
3 3515 3516 2729 
3 2417 3515 2729 
3 3516 2731 2729 
3 3517 3518 3502 
3 3519 3520 3043 
3 3521 3522 3093 
3 3083 3494 2378 
3 3110 3513 3108 
3 3523 3524 2365 
3 3512 3525 3526 
3 3513 3512 3526 
3 2386 3042 2387 
3 2450 3527 2451 
3 3528 3529 2601 
3 3525 3530 3531 
3 3530 3532 3531 
3 3526 3525 3531 
3 3253 3437 3254 
3 3533 3534 2364 
3 2398 3106 3214 
3 2837 3268 2838 
3 3535 3125 2561 
3 2802 3536 3537 
3 3534 3523 2365 
3 2364 3534 2365 
3 3235 3538 3253 
3 3539 3540 3326 
3 3541 3539 3326 
3 2774 3364 3542 
3 2441 2440 3543 
3 3422 3283 2836 
3 3544 3251 3259 
3 2397 3545 2400 
3 3545 2457 2400 
3 3437 3546 3511 
3 2555 3259 2556 
3 3547 3519 2386 
3 3092 3521 3093 
3 3284 3460 2601 
3 3548 3128 3181 
3 3549 3550 2786 
3 3051 3551 3017 
3 3014 3552 3015 
3 3549 2786 3015 
3 3553 3549 3015 
3 3552 3553 3015 
3 3551 3554 3014 
3 3017 3551 3014 
3 3554 3552 3014 
3 3555 2787 2786 
3 3550 3555 2786 
3 3556 2532 2888 
3 2508 3438 3440 
3 3557 3317 2456 
3 3093 3557 2456 
3 3059 3558 2355 
3 2630 3445 2527 
3 2406 3559 2430 
3 3559 2490 2430 
3 3094 3092 2456 
3 3560 3561 3293 
3 3532 3560 3293 
3 3531 3532 3293 
3 3295 3531 3293 
3 3562 3563 3343 
3 3564 3017 3016 
3 2469 3565 2467 
3 2458 3564 2459 
3 2443 2439 2441 
3 2438 3533 2364 
3 2440 2567 3543 
3 2440 2394 2567 
3 3566 3567 3568 
3 3567 2565 2563 
3 2476 2470 2472 
3 3569 2463 2462 
3 2471 3229 2472 
3 2789 2717 3570 
3 3570 2545 3571 
3 3572 3076 3573 
3 3076 3471 3573 
3 3076 3077 3471 
3 3574 3027 2981 
3 3575 3022 3103 
3 3316 3576 3577 
3 2482 3191 2483 
3 3559 2489 2490 
3 3578 3579 2462 
3 2380 3008 3580 
3 3581 2439 2442 
3 3582 3583 2460 
3 3398 3535 2873 
3 3422 3083 3025 
3 2975 3033 2976 
3 3010 2464 3584 
3 2541 2447 2540 
3 3585 2983 3586 
3 3587 3585 3586 
3 2418 3005 3588 
3 3005 3589 3588 
3 3485 3011 3590 
3 2666 2882 2667 
3 2534 2538 3591 
3 3044 3043 3592 
3 3593 3044 3592 
3 2419 2418 3594 
3 3007 3044 3593 
3 3595 3007 3593 
3 3596 3078 3597 
3 3078 3080 3597 
3 3598 3078 3596 
3 3527 3582 2460 
3 3599 3040 2458 
3 3600 2862 3601 
3 2952 3602 3603 
3 2976 3604 3605 
3 3606 2976 3605 
3 3087 3607 3088 
3 3035 3087 3036 
3 3608 3609 3610 
3 3611 3608 3610 
3 2447 2534 2466 
3 2775 3358 2828 
3 2634 3612 2951 
3 3329 3312 3315 
3 2407 3334 3331 
3 3222 2472 3613 
3 2480 3222 3613 
3 2993 3261 3039 
3 3614 3615 3218 
3 3521 3616 3522 
3 2473 3111 2474 
3 2364 2442 2437 
3 3029 2346 2348 
3 3617 3033 3618 
3 3033 3032 3618 
3 3619 3438 2508 
3 2721 3022 3620 
3 3609 3587 3621 
3 3608 3587 3609 
3 2399 2398 3606 
3 2398 2976 3606 
3 3622 2402 2401 
3 3104 2728 2730 
3 3053 2356 2355 
3 3072 3057 3058 
3 2418 3588 3594 
3 3271 2822 2821 
3 3623 3030 2462 
3 3320 3004 3168 
3 3499 3257 2932 
3 3500 3624 3257 
3 2442 2364 2366 
3 3022 2383 3205 
3 3218 2428 3120 
3 3070 3598 3625 
3 3056 3070 3625 
3 2509 2744 2506 
3 2451 3527 2460 
3 2996 3478 2946 
3 3481 3548 3181 
3 3502 2436 2435 
3 3070 3078 3598 
3 2465 2464 3611 
3 2464 3608 3611 
3 2771 2618 2683 
3 3619 2508 2510 
3 2525 2725 2526 
3 2550 3556 3626 
3 2543 3556 2550 
3 3032 3054 3506 
3 3618 3032 3507 
3 3100 3558 3105 
3 3604 3033 3617 
3 2744 2523 2745 
3 2417 2419 3514 
3 3059 2357 3098 
3 3343 3627 3562 
3 3628 2467 3565 
3 3206 3571 3207 
3 3186 3206 2896 
3 2804 2788 2785 
3 3629 2450 2452 
3 3630 3340 3631 
3 3340 3522 3631 
3 3632 3633 3634 
3 3635 3632 3634 
3 3636 3349 2474 
3 3097 3340 3630 
3 2978 2461 3637 
3 3005 3007 3589 
3 3632 3351 3314 
3 2511 2513 3183 
3 3032 3055 3054 
3 2478 2477 3638 
3 2987 3066 3065 
3 2410 3260 2932 
3 3639 3640 3641 
3 2357 3340 3097 
3 3304 3642 3009 
3 3633 3001 3643 
3 3312 3632 3314 
3 3063 3065 3068 
3 3510 3254 3437 
3 3351 3632 3635 
3 2667 3644 3012 
3 3332 3645 3339 
3 2770 2885 3478 
3 3332 3337 3336 
3 3258 3544 3259 
3 3452 3646 3647 
3 3006 3004 3320 
3 3345 3167 3004 
3 3274 3328 3327 
3 3072 3082 2385 
3 3646 3403 3648 
3 3403 3646 3452 
3 3334 3329 3315 
3 2673 2494 2499 
3 3461 2599 2601 
3 3042 3006 3320 
3 2914 3450 3649 
3 3650 2665 2667 
3 3508 2914 3649 
3 3651 3652 3270 
3 3613 2472 3230 
3 3653 2487 3654 
3 3655 3653 3654 
3 3656 3655 3654 
3 3651 3270 3269 
3 3482 3481 3181 
3 3657 3280 3658 
3 3659 3546 3437 
3 2482 2485 3656 
3 3546 2867 2866 
3 2386 3043 3042 
3 3201 3660 3661 
3 3662 2411 2410 
3 3068 3067 3233 
3 3508 2404 3347 
3 2404 2403 3347 
3 3509 3508 3347 
3 3663 3652 3651 
3 3664 3665 3663 
3 3665 3652 3663 
3 3666 3664 3663 
3 3540 3448 3447 
3 3667 3664 3668 
3 2591 3667 3668 
3 3664 3666 3668 
3 2592 2591 3668 
3 3218 3119 3501 
3 2478 3638 3221 
3 3055 3070 3056 
3 2570 3226 3669 
3 3232 3225 3224 
3 2591 2590 3453 
3 3670 2591 3453 
3 2570 3227 3226 
3 3224 3670 3453 
3 2774 2767 3364 
3 3264 3447 3449 
3 2569 3228 2570 
3 3293 3501 3671 
3 2462 3076 3672 
3 3294 3293 3671 
3 3673 3218 3674 
3 3100 2355 3558 
3 2464 3330 3584 
3 2373 3675 3676 
3 2386 3519 3043 
3 2756 2747 2749 
3 2464 2407 3330 
3 3189 3195 3677 
3 3201 3661 3678 
3 2567 2394 2564 
3 3173 3679 3680 
3 2647 2987 2638 
3 2867 3248 2868 
3 3301 3574 2981 
3 3184 3186 3187 
3 3681 3458 3682 
3 3628 3565 3627 
3 2598 2597 2573 
3 2572 2598 2573 
3 2597 2571 2573 
3 2575 2598 2572 
3 2571 2574 2572 
3 2577 2598 2575 
3 2574 2576 2575 
3 2612 2578 3683 
3 2539 3684 2541 
3 2566 2443 2441 
3 2396 2842 3566 
3 2699 2677 3685 
3 3490 3422 2836 
3 3164 2778 2790 
3 3686 2915 2917 
3 3687 2916 2915 
3 3688 3188 3687 
3 3188 2916 3687 
3 3686 3689 2915 
3 3689 3402 3688 
3 2654 2653 2855 
3 3189 3188 3688 
3 3195 3189 3402 
3 3137 3690 2923 
3 3368 3137 2923 
3 3691 2906 2908 
3 2926 2903 2905 
3 3692 2907 2906 
3 3689 2907 3692 
3 3180 3689 3692 
3 3182 2660 3176 
3 3178 3689 3180 
3 2966 2971 2967 
3 2606 3693 2607 
3 2985 2728 3159 
3 2685 2733 2734 
3 2685 2684 2733 
3 3677 3195 3196 
3 3194 3189 3677 
3 2659 2661 2734 
3 2734 2661 2947 
3 3178 2659 3195 
3 2711 2594 2712 
3 2595 2594 2711 
3 3694 2595 2711 
3 2642 3695 3694 
3 3695 2595 3694 
3 2557 3694 2711 
3 2641 3695 2642 
3 2557 2559 2642 
3 2831 3695 2641 
3 3696 3695 2831 
3 3695 2593 2595 
3 2557 2642 3694 
3 2594 2956 2955 
3 3681 3682 3697 
3 2965 2606 2640 
3 2964 2607 2958 
3 3458 3459 3682 
3 2968 2904 2903 
3 3361 2970 2969 
3 3360 3394 3361 
3 3360 2968 2903 
3 3384 3698 3385 
3 2898 3175 3699 
3 3700 3424 3394 
3 3399 3376 3701 
3 2816 2819 3376 
3 2560 2562 3702 
3 3395 2972 2970 
3 2421 3703 2973 
3 3703 2633 2973 
3 2973 2633 3145 
3 3680 2633 3703 
3 3704 2633 3680 
3 2634 2633 3704 
3 3705 2634 3704 
3 3612 2634 3705 
3 3368 2922 2952 
3 3706 3137 3368 
3 3707 2611 3708 
3 3120 2428 2427 
3 3602 3709 3603 
3 3602 2952 2953 
3 2702 3383 2935 
3 3383 2925 2935 
3 3360 2926 2925 
3 3383 3360 2925 
3 3393 3384 3386 
3 3394 3360 3698 
3 3355 3369 3710 
3 3384 3355 3710 
3 2921 2585 2918 
3 2585 2587 2918 
3 3274 2586 2585 
3 3654 2487 3711 
3 2431 2910 2936 
3 2931 3209 2929 
3 2939 3209 2931 
3 3021 2938 2937 
3 2487 2486 3711 
3 2939 3174 3209 
3 2928 3021 2937 
3 2844 2891 2716 
3 2373 3021 3712 
3 2462 3713 3714 
3 2486 2488 2912 
3 3001 3715 3002 
3 3715 2407 2409 
3 2934 3716 2932 
3 3001 3003 3643 
3 3139 3717 2975 
3 3284 3271 3272 
3 2840 3620 3022 
3 3718 3325 3100 
3 3200 3202 3719 
3 3100 3099 3720 
3 3110 3109 3346 
3 3599 2458 2460 
3 2682 2618 3707 
3 2887 2881 2619 
3 3141 3721 2353 
3 3031 3305 3077 
3 3445 3722 2527 
3 3013 2380 3580 
3 2371 3023 2372 
3 3175 3723 3699 
3 3672 3578 2462 
3 2357 2356 3341 
3 2605 2607 2964 
3 2426 3724 3725 
3 2354 2353 2727 
3 3396 3200 3719 
3 3071 3069 3072 
3 3071 3078 3069 
3 2462 3031 3076 
3 2461 2463 3637 
3 2378 2351 2994 
3 3048 3726 3316 
3 3281 3452 3647 
3 3727 3713 2462 
3 3592 3043 3520 
3 3587 3586 3621 
3 3728 3073 3075 
3 2984 2977 3318 
3 3340 2357 3341 
3 3491 2442 2366 
3 3352 3727 2462 
3 2977 2461 2978 
3 3001 3632 3312 
3 3069 3057 3072 
3 3057 3070 3055 
3 2831 2741 3729 
3 3730 3458 3505 
3 3000 3569 2462 
3 3106 2400 2453 
3 3329 2407 3715 
3 2949 2948 2996 
3 3391 2768 2996 
3 2948 3391 2996 
3 3403 3279 3648 
3 3420 3650 3487 
3 3650 2667 3487 
3 2667 3011 3487 
3 3731 3390 2358 
3 3390 2948 2358 
3 3112 3636 2474 
3 2883 3732 3644 
3 2865 3234 2998 
3 2865 2998 2997 
3 3733 3734 2863 
3 3734 2860 2863 
3 3735 3495 3463 
3 2645 3735 3463 
3 3171 3210 3172 
3 3255 3028 2348 
3 3736 3737 2348 
3 3737 3255 2348 
3 3022 2721 2724 
3 2960 3738 2974 
3 3738 3302 2974 
3 3732 3739 2862 
3 3644 3732 2862 
3 3600 3644 2862 
3 3740 3741 2348 
3 3741 3736 2348 
3 3053 3095 2356 
3 3484 3742 3498 
3 3028 3484 3498 
3 3743 2495 3377 
3 3744 3731 2358 
3 3745 3744 2358 
3 3608 3746 3587 
3 3017 3564 2458 
3 2420 3173 2421 
3 3742 3747 3498 
3 3747 3745 3498 
3 3748 3733 3749 
3 2886 2887 2879 
3 3733 2863 3749 
3 2878 3748 3750 
3 2863 3367 3749 
3 3349 3351 2474 
3 3751 2959 3217 
3 3752 3753 3628 
3 3753 3754 3628 
3 3717 3755 2975 
3 3755 3060 2975 
3 3212 3751 3216 
3 3209 2432 2431 
3 3215 3212 3213 
3 3325 3052 2355 
3 3302 3138 2975 
3 3154 3756 3107 
3 3756 3215 3107 
3 3217 2961 2976 
3 3754 3757 3758 
3 3628 3754 3758 
3 3110 3099 3759 
3 3632 3001 3633 
3 2428 3218 3673 
3 2675 2997 3401 
3 3579 2999 2462 
3 3706 2611 3760 
3 2976 3033 3604 
3 3343 3563 3079 
3 2345 3343 3079 
3 3217 2976 2398 
3 3726 3048 3761 
3 3048 3034 3761 
3 2524 2517 2519 
3 2791 2521 2800 
3 3614 3293 3561 
3 3190 3762 3763 
3 2483 3191 3190 
3 3190 3192 3762 
3 3615 3674 3218 
3 3218 3293 3614 
3 3173 3680 3703 
3 3640 3764 3641 
3 3765 3273 3264 
3 3766 3767 3491 
3 3767 3492 3491 
3 3768 3766 3491 
3 3769 3084 3770 
3 3064 2635 3065 
3 3761 3034 3771 
3 3007 3595 3589 
3 2579 2581 3249 
3 2577 2560 3702 
3 3282 3658 3280 
3 3040 3017 2458 
3 3583 3599 2460 
3 3078 2345 3080 
3 3764 3557 3093 
3 3641 3764 3093 
3 2742 2737 2736 
3 2726 2992 2352 
3 2940 3174 2939 
3 2432 3772 2433 
3 2845 2679 3773 
3 3118 2845 3773 
3 2907 3689 3686 
3 2664 2798 3122 
3 3751 3217 3216 
3 3691 2445 2906 
3 3084 3086 3770 
3 3774 2653 2495 
3 3720 3718 3100 
3 3409 3412 3415 
3 3775 3084 3769 
3 3644 3776 3777 
3 3012 3644 3777 
3 3689 3688 3687 
3 2689 2695 2690 
3 2910 2431 3778 
3 3779 2943 3780 
3 2943 2373 3780 
3 3140 2810 3781 
3 3502 3482 2436 
3 3182 2444 3163 
3 3660 2778 2762 
3 2779 3782 2780 
3 3211 3171 3783 
3 2521 3784 3782 
3 2491 2493 3208 
3 3785 3786 3787 
3 3406 3786 3785 
3 3786 3788 3787 
3 3021 2941 2938 
3 3199 2491 2671 
3 2774 3542 3789 
3 2952 3603 3790 
3 3709 3602 3018 
3 2870 2560 2612 
3 2382 3791 3427 
3 3792 2943 3779 
3 3063 3786 3406 
3 3102 2382 3429 
3 3690 3137 3136 
3 2402 3547 2386 
3 3104 3612 3793 
3 3011 3012 3794 
3 3487 3011 3485 
3 3795 2643 3792 
3 2643 2943 3792 
3 3511 3546 2866 
3 2358 2360 3085 
3 3084 2358 3085 
3 3326 3328 3541 
3 3431 3659 3437 
3 2381 3156 3791 
3 2382 2381 3791 
3 3796 3271 3797 
3 3798 3316 3799 
3 3271 3529 3797 
3 2946 3478 3477 
3 3368 2952 3800 
3 3801 2435 3575 
3 2435 3022 3575 
3 2646 2748 2583 
3 3786 2822 3788 
3 2822 3271 3796 
3 2792 3164 2793 
3 3517 2435 3801 
3 3156 2353 3721 
3 2362 2643 3795 
3 3260 3802 3803 
3 2932 3260 3803 
3 3263 3375 3804 
3 3805 3397 2873 
3 3538 3432 3253 
3 3518 3503 3502 
3 3502 2435 3517 
3 2526 2353 3155 
3 2362 3795 2363 
3 3250 3252 3246 
3 3806 3083 3422 
3 3489 3806 3422 
3 2862 2362 2361 
3 3270 3235 3238 
3 2436 3482 3181 
3 2425 2426 3725 
3 3724 2370 3725 
3 3271 2601 3529 
3 3739 2861 2862 
3 2378 2994 3025 
3 2764 2802 2765 
3 3275 3807 3276 
3 3808 2414 2413 
3 2412 3808 2413 
3 2867 3245 3248 
3 3328 3274 2921 
3 3802 3260 3809 
3 2411 3808 2412 
3 3062 3774 2495 
3 3809 3260 2412 
3 3264 3449 3765 
3 3326 3540 3447 
3 3177 3182 3176 
3 3210 2776 3172 
3 2829 3371 2775 
3 2603 2602 3810 
3 3811 2774 2797 
3 3642 3812 3009 
3 3812 3813 3009 
3 3102 3022 3205 
3 2622 2869 3467 
3 2559 2742 2641 
3 3780 2373 3814 
3 3161 3160 3815 
3 3816 3387 2559 
3 3289 3169 3165 
3 2748 3426 3817 
3 2748 3817 2750 
3 3136 2445 3818 
3 2445 3136 2446 
3 2944 2942 2374 
3 2445 3180 3692 
3 2445 2444 3180 
3 3679 3173 3113 
3 2373 3676 3814 
3 3342 3639 3340 
3 3639 3641 3340 
3 3768 3491 3324 
3 2869 3465 3467 
3 3009 3608 2464 
3 3813 3819 3820 
3 3009 3813 3820 
3 2822 3796 3788 
3 3821 3815 3822 
3 3161 3380 2753 
3 2799 2764 2795 
3 2795 2811 3823 
3 2798 2664 2799 
3 3162 3182 3163 
3 2748 2646 3426 
3 3804 3375 2819 
3 3065 3066 3068 
3 3402 3189 3688 
3 3689 3687 2915 
3 3757 3824 3758 
3 3824 3825 3758 
3 2677 2602 2668 
3 2541 3826 3827 
3 2802 3828 3536 
3 2767 2774 2766 
3 3169 2389 3219 
3 2388 2537 2389 
3 2746 3289 3165 
3 2751 2524 3169 
3 2444 3137 2709 
3 3179 3182 3177 
3 3708 3706 3829 
3 2611 2609 3760 
3 2537 2447 3830 
3 2536 2538 2534 
3 3380 3441 3831 
3 2811 2795 2792 
3 3323 3058 3055 
3 3832 3306 3305 
3 2756 2750 3833 
3 3189 3194 2755 
3 3188 2756 3834 
3 2505 2510 2507 
3 3091 3289 2746 
3 3660 2779 2778 
3 2512 3091 2746 
3 2509 2512 2746 
3 3178 3180 3179 
3 2660 3182 3835 
3 3836 2878 2880 
3 3837 3740 3838 
3 3740 2348 3838 
3 2348 2347 3838 
3 2541 3684 3826 
3 3061 2495 3743 
3 3644 3600 3776 
3 2696 2736 2697 
3 2552 2548 2542 
3 3290 3289 3839 
3 2474 3351 3635 
3 3289 3091 3839 
3 3077 3305 2528 
3 2528 2954 2529 
3 2527 3077 2528 
3 3195 2659 2733 
3 3689 3178 3402 
3 3113 3173 3144 
3 3004 2418 2986 
3 3524 2369 3840 
3 2369 3324 3840 
3 2366 2365 3840 
3 3841 2366 3840 
3 3324 3841 3840 
3 2365 3524 3840 
3 2459 3771 3842 
3 3771 3088 3842 
3 3088 3843 3842 
3 3843 2459 3842 
3 3157 2708 2710 
3 3661 3660 2762 
3 3257 3624 2410 
3 3624 3662 2410 
3 2558 3816 2559 
3 2353 3156 3155 
3 3811 2671 3844 
3 2391 2538 2388 
3 3332 2451 3843 
3 2460 2459 3843 
3 3819 3300 2980 
3 3820 3819 2980 
3 3088 3337 3843 
3 3337 3332 3843 
3 2451 2460 3843 
3 2960 2974 2961 
3 3823 2811 3363 
3 3300 2981 2980 
3 3214 3215 3213 
3 3834 2756 3833 
3 3818 2445 3691 
3 2445 3692 2906 
3 2618 2611 3707 
3 3162 2709 2708 
3 3267 3458 3730 
3 3352 2984 3319 
3 3049 3316 3151 
3 3316 2392 3151 
3 3829 3368 3800 
3 3752 3628 3343 
3 2923 3690 2924 
3 3771 3016 3845 
3 3761 3771 3845 
3 3726 3761 3845 
3 2559 3387 2742 
3 3310 2391 3846 
3 3846 2391 3309 
3 3556 2888 3626 
3 3679 3705 3704 
3 2728 3114 3159 
3 2985 2729 2728 
3 3612 3705 3793 
3 2373 3712 3675 
3 2865 2997 2675 
3 2622 2625 2623 
3 2954 2528 3037 
3 2528 3305 3286 
3 3491 2366 3841 
3 3324 3491 3841 
3 2551 3626 3847 
3 2447 2537 2536 
3 3023 3265 3024 
3 2992 2726 2990 
3 2991 2596 2992 
3 3050 3848 3075 
3 3848 3728 3075 
3 3050 3075 3048 
3 3075 3034 3048 
3 3042 3849 2387 
3 3850 3035 3034 
3 3075 3047 3034 
3 3047 3850 3034 
3 3851 3852 3524 
3 2489 3629 2452 
3 3344 3752 3343 
3 3628 3758 2467 
3 3853 3045 3047 
3 3046 3850 3047 
3 3074 3853 3047 
3 3099 3101 3759 
3 3110 3759 3473 
3 3303 3305 3031 
3 3343 3628 3627 
3 3854 3849 3042 
3 3849 3147 2387 
3 3303 3832 3305 
3 3415 3375 3457 
3 3082 2384 2385 
3 2442 2443 2437 
3 3825 3335 2467 
3 3758 3825 2467 
3 3855 3338 3337 
3 3856 3855 3337 
3 3607 3856 3088 
3 3856 3337 3088 
3 2741 2736 2696 
3 3060 3322 3032 
3 3219 2537 3830 
3 3857 3858 3709 
3 3859 3821 3822 
3 3380 3831 3860 
3 3861 3089 3091 
3 3724 2371 2370 
3 3182 3162 3835 
3 2682 3857 3828 
3 3859 2825 3862 
3 2898 3859 3862 
3 2376 2992 3863 
3 2562 3125 3864 
3 3626 2888 3847 
3 2888 3865 3847 
3 2535 3591 3865 
3 2888 2535 3865 
3 2535 2534 3591 
3 3865 2551 3847 
3 3866 3296 3058 
3 3323 3866 3058 
3 3867 3020 3868 
3 3396 3867 3868 
3 2776 3210 3869 
3 2825 2776 3869 
3 2751 3870 3827 
3 3826 2751 3827 
3 2751 3830 3870 
3 2751 3219 3830 
3 2447 2541 3870 
3 2751 3169 3219 
3 3830 2447 3870 
3 2494 2503 2500 
3 2499 2494 2500 
3 2494 2496 2503 
3 3871 3872 3873 
3 3872 3537 3873 
3 3396 3872 3871 
3 3700 3399 3701 
3 3424 3700 3701 
3 3379 2851 3874 
3 3669 3278 2570 
3 2851 2693 3874 
3 2431 3875 3778 
3 3875 3876 3778 
3 3875 3877 3876 
3 3875 3171 3877 
3 3876 2910 3778 
3 3877 3171 3170 
3 3860 2851 3381 
3 2851 3379 3381 
3 3831 2698 3860 
3 2698 2851 3860 
3 2696 2698 3831 
3 3441 2696 3831 
3 2741 2696 3441 
3 3161 2741 3441 
3 3878 3202 3879 
3 3202 3678 3879 
3 3537 3872 3878 
3 3872 3202 3878 
3 2393 2392 3880 
3 2392 3798 3880 
3 3705 3679 3881 
3 3793 3705 3881 
3 2846 3117 3882 
3 2688 2846 3882 
3 2846 3116 3117 
3 2673 2628 3117 
3 3883 2598 3884 
3 2598 2562 3884 
3 3885 2598 3883 
3 3203 2598 3885 
3 3203 2807 3204 
3 2807 2809 3204 
3 2809 2376 3204 
3 2782 2796 2522 
3 2521 2782 2522 
3 3684 2518 3886 
3 3826 3684 3886 
3 3858 3800 3790 
3 3603 3858 3790 
3 3858 3829 3800 
3 2517 3826 3886 
3 3858 3708 3829 
3 3858 3707 3708 
3 3316 3726 3887 
3 3175 3505 3888 
3 3723 3175 3888 
3 3889 3576 3890 
3 3887 3889 3890 
3 3845 3889 3887 
3 3726 3845 3887 
3 3576 2788 3577 
3 2788 3799 3577 
3 2609 2709 3760 
3 2709 3706 3760 
3 3467 2865 3464 
3 2865 2625 3464 
3 3465 2865 3467 
3 2847 2688 3891 
3 3810 2847 3891 
3 3815 3160 3822 
3 3160 3859 3822 
3 3821 3892 3815 
3 2603 3810 3891 
3 3729 2741 3892 
3 2741 3161 3892 
3 3696 2831 3729 
3 3821 3696 3729 
3 3696 3504 3893 
3 3681 3696 3893 
3 3458 3681 3893 
3 3198 3811 2797 
3 2796 3198 2797 
3 3542 2520 3789 
3 2520 2796 3789 
3 3364 2811 3542 
3 2811 2520 3542 
3 3363 2811 3364 
3 2796 2774 3789 
3 2773 3823 3363 
3 2767 2773 3363 
3 2798 2795 3823 
3 2773 2798 3823 
3 2602 2648 3810 
3 2648 2847 3810 
3 3772 3875 2433 
3 3875 2431 2433 
3 3783 3171 3772 
3 3171 3875 3772 
3 2432 2901 3783 
3 2901 3211 3783 
3 2520 2811 2800 
3 2811 2791 2800 
3 3399 3369 3400 
3 3414 3399 3400 
3 3401 2816 3414 
3 2816 3399 3414 
3 3745 2358 3084 
3 3498 3745 3084 
3 2676 3414 3400 
3 2997 2816 3401 
3 3024 3266 3277 
3 3859 2898 3699 
3 3723 3859 3699 
3 2593 2964 2958 
3 2956 2593 2958 
3 2645 3463 2643 
3 3682 2962 3697 
3 2962 3894 3697 
3 3175 3730 3505 
3 2940 3267 3730 
3 3175 2940 3730 
3 2376 3863 3203 
3 3895 3483 3028 
3 3716 3499 2932 
3 3202 3872 3719 
3 3872 3396 3719 
3 2598 2577 3702 
3 2562 2598 3702 
3 3459 2962 3682 
3 3267 2942 3459 
3 2942 2962 3459 
3 2940 2375 3267 
3 3867 3396 3871 
3 3894 3681 3697 
3 3350 3314 3351 
3 3322 3055 3032 
3 3321 3854 3042 
3 2485 3655 3656 
3 2667 2883 3644 
3 2728 3793 3881 
3 2861 2849 2362 
3 3504 3723 3888 
3 3116 3743 3378 
3 3743 3377 3378 
3 3373 2676 3374 
3 2676 3370 3374 
3 3355 3354 3370 
3 3369 3355 3370 
3 3393 2707 3356 
3 2707 3354 3356 
3 2699 2707 2813 
3 2707 2705 2813 
3 2626 2625 3353 
3 2625 2604 3353 
3 3358 2777 3382 
3 3379 3358 3382 
3 3208 2695 2672 
3 2695 2670 2672 
3 2493 2695 3208 
3 3571 2545 3207 
3 2545 2896 3207 
3 2670 2763 3896 
3 2763 3844 3896 
3 2774 3811 3844 
3 2763 2774 3844 
3 3125 3127 3126 
3 3127 2807 3126 
3 2794 2764 2803 
3 2764 2759 2803 
3 3693 2955 2957 
3 2607 3693 2957 
3 3492 3581 2442 
3 2593 2963 2964 
3 2962 2605 2963 
3 3894 2962 2963 
3 2901 3174 2900 
3 3174 2898 2900 
3 3187 2511 3185 
3 2511 3183 3185 
3 2508 3184 3183 
3 2513 2508 3183 
3 2512 2509 2513 
3 2509 2508 2513 
3 2547 2511 2897 
3 2511 3187 2897 
3 3187 2896 2897 
3 2515 2519 2516 
3 2519 2518 2516 
3 2549 2890 3451 
3 2890 2893 3451 
3 2894 2523 2895 
3 2518 2517 3886 
3 2523 2515 2895 
3 2535 2888 2889 
3 2533 2535 2889 
3 2697 2670 2852 
3 2689 2697 2852 
3 2613 2874 3897 
3 2874 2877 3897 
3 3836 2876 2877 
3 2874 3836 2877 
3 3836 2875 2876 
3 2877 2621 3897 
3 2621 2613 3897 
3 3836 2880 2875 
3 3289 2389 3169 
3 2879 2887 2880 
3 2887 2619 2875 
3 2878 3750 2879 
3 2880 2887 2875 
3 3748 3749 3750 
3 3749 2886 3750 
3 2854 2857 2858 
3 2651 2854 2858 
3 2854 2856 2857 
3 2720 2842 2843 
3 2713 2720 2843 
3 2627 2675 2864 
3 2675 2669 2864 
3 2865 2675 2627 
3 3084 3775 3496 
3 3498 3084 3496 
3 3837 3838 3898 
3 2845 2847 2850 
3 2650 2845 2850 
3 2682 3707 3857 
3 2851 2827 2694 
3 2693 2851 2694 
3 2735 2582 2639 
3 2756 3188 2757 
3 2582 2646 2583 
3 3679 3704 3680 
3 3807 3899 3898 
3 3899 3837 3898 
3 3160 2752 2826 
3 2825 3160 2826 
3 2894 2504 2902 
3 2504 2745 2902 
3 2745 2523 2902 
3 2646 2638 2637 
3 3590 3011 3794 
3 2804 2785 2806 
3 2805 2804 2806 
3 3784 2791 2793 
3 3164 3784 2793 
3 3784 2521 2791 
3 2784 2805 2806 
3 2674 2673 2801 
3 2673 2814 2801 
3 2780 3784 2790 
3 3784 3164 2790 
3 3782 3784 2780 
3 3807 3898 3276 
3 2781 2521 3782 
3 3672 3076 3572 
3 2779 2781 3782 
3 2392 3316 3798 
3 2807 3124 3126 
3 3164 2764 2794 
3 2778 3164 2794 
3 2502 2498 2503 
3 2777 2776 2754 
3 2776 2752 2754 
3 3722 3470 2527 
3 3173 3703 2421 
3 3892 3161 3815 
3 3821 3729 3892 
3 3505 3504 3888 
3 2760 3661 2761 
3 3661 2762 2761 
3 3678 3661 2760 
3 2765 3678 2760 
3 3068 2822 3786 
3 2718 2719 2715 
3 2719 2713 2715 
3 2717 2719 2718 
3 2707 2699 3685 
3 3354 2707 3685 
3 2690 2692 2691 
3 2692 2827 2691 
3 2493 2692 2690 
3 2677 3354 3685 
3 2492 2692 2493 
3 2827 2689 2691 
3 3864 3124 3883 
3 2417 2729 2985 
3 2496 2501 2655 
3 2501 2652 2655 
3 2652 2502 2655 
3 2870 2612 3683 
3 2871 2870 3683 
3 2577 2578 2612 
3 3184 3187 3185 
3 2546 2511 2547 
3 2545 2891 2546 
3 2891 2830 2546 
3 2671 2491 3208 
3 3798 2548 3880 
3 2899 3210 3211 
3 2901 2899 3211 
3 2620 2873 2614 
3 2881 2873 2620 
3 3805 2873 2881 
3 2620 2614 2613 
3 2930 2909 2911 
3 2929 2936 2909 
3 2930 2929 2909 
3 3209 2431 2936 
3 2929 3209 2936 
3 3462 2944 2943 
3 3900 3820 3585 
3 3587 3746 3585 
3 3746 3900 3585 
3 2980 2982 3585 
3 3820 2980 3585 
3 2982 2983 3585 
3 2728 3679 3115 
3 3522 3340 3901 
3 3641 3093 3901 
3 3093 3522 3901 
3 3340 3641 3901 
3 2846 3118 3116 
3 3118 3743 3116 
3 3124 3885 3883 
3 3864 3883 3884 
3 2562 3864 3884 
3 3504 3821 3723 
3 3821 3859 3723 
3 2788 2804 3799 
3 2804 3798 3799 
3 3124 2807 3885 
3 3839 3091 3090 
3 2804 2548 3798 
3 2548 2393 3880 
3 2786 2788 3576 
3 3889 2786 3576 
3 3845 3016 3889 
3 3016 2786 3889 
3 3863 2598 3203 
3 2596 2598 3863 
3 2992 2596 3863 
3 3198 3199 3811 
3 3199 2671 3811 
3 2782 3198 2796 
3 3678 2765 3879 
3 3536 3871 3873 
3 3537 3536 3873 
3 3828 3867 3536 
3 2765 2802 3537 
3 3857 3867 3828 
3 3415 3412 3375 
3 2643 3462 2943 
3 3608 3900 3746 
3 3117 2628 3882 
3 2847 2846 2688 
3 2753 3380 3379 
3 3380 3860 3381 
3 3376 3424 3701 
3 2432 3783 3772 
3 3679 2728 3881 
3 2728 3104 3793 
3 2649 2678 2680 
3 2650 2649 2680 
3 2796 2520 2522 
3 3844 2671 3896 
3 2759 2765 2760 
3 2765 3878 3879 
3 3360 3383 3385 
3 3698 3360 3385 
3 3700 3394 3698 
3 3384 3700 3698 
3 3184 2508 3440 
3 3439 3184 3440 
3 3186 3184 3439 
3 2673 3116 3378 
3 2494 2673 3377 
3 3118 3061 3743 
3 2628 2688 3882 
3 3202 3201 3678 
3 2738 3122 3123 
3 3709 3858 3603 
3 3800 2952 3790 
3 3696 3821 3504 
3 3695 3681 3894 
3 2593 3695 3894 
3 3369 3700 3710 
3 3700 3384 3710 
3 3399 3700 3369 
3 2702 3393 3386 
3 3383 2702 3386 
3 2702 2707 3393 
3 3695 3696 3681 
3 3608 3009 3900 
3 3009 3820 3900 
3 2770 3478 2996 
3 3244 3241 3240 
3 2956 2607 2957 
3 2459 3564 3771 
3 3564 3016 3771 
3 3036 3088 3771 
3 3034 3036 3771 
3 3623 2462 3714 
3 2684 3677 3196 
3 2733 2684 3196 
3 2684 3194 3677 
3 3799 3316 3577 
3 3324 3287 3768 
3 2693 3358 3874 
3 2604 2603 3353 
3 3504 3458 3893 
3 2853 2651 2858 
3 2611 3706 3708 
3 3870 2541 3827 
3 2517 2751 3826 
3 3372 3396 3868 
3 2368 3324 2369 
3 2736 2738 2773 
3 2538 2551 3591 
3 2899 2898 3862 
3 2688 2603 3891 
3 3412 3413 3375 
3 3415 2351 3409 
3 3063 3068 3786 
3 3091 3298 3861 
3 2789 3570 3571 
3 3206 2789 3571 
3 2892 2545 3570 
3 2717 2892 3570 
3 2551 2550 3626 
3 3591 2551 3865 
3 2396 3566 3568 
3 2563 2396 3568 
3 2842 2720 3566 
3 2720 3567 3566 
3 2566 2441 3543 
3 2567 2566 3543 
3 3066 2987 2989 
3 2505 3619 2510 
3 3125 3124 3864 
3 2561 3125 2562 
3 2560 2873 2561 
3 2873 3535 2561 
3 2784 3158 2805 
3 2807 3203 3885 
3 3679 3113 3115 
3 3263 2995 3457 
3 2995 3415 3457 
3 2499 3417 2814 
3 3417 2658 2814 
3 2503 2498 2500 
3 2498 3417 2499 
3 3332 3336 3645 
3 2657 3416 3392 
3 2624 2657 3392 
3 3354 2677 3373 
3 2677 2668 3373 
3 3020 3372 3868 
3 3536 3867 3871 
3 3867 3018 3020 
3 3867 3709 3018 
3 3602 3019 3018 
3 3867 3857 3709 
3 3707 3858 3857 
3 3706 3368 3829 
3 2802 2682 3828 
3 3370 3354 3374 
3 3355 3393 3356 
3 3567 2563 3568 
3 2395 2839 2842 
3 3852 2401 3524 
3 2899 2825 3869 
3 2810 2808 3781 
3 3146 2954 3038 
3 2671 2670 3896 
3 2753 3379 3382 
3 3001 3329 3715 
3 2601 2815 3528 
3 3859 3160 2825 
3 3210 2899 3869 
3 2825 2899 3862 
3 2765 3537 3878 
3 2593 3894 2963 
3 2432 3174 2901 
3 3256 3895 3028 
3 3576 3316 3890 
3 2466 2533 2497 
3 3316 3887 3890 
3 3631 3522 3616 
3 2391 2388 3308 
3 2434 2841 2435 
3 2436 2834 2833 
3 2401 2386 2367 
3 3524 2401 2369 
3 2386 2368 2367 
3 2833 2434 2436 
3 2436 3181 2834 
3 2664 2682 2802 
3 2578 2871 3683 
3 2885 3420 3487 
3 3478 2885 3487 
3 3750 2886 2879 
3 2709 3137 3706 
3 3266 3275 3277 
3 3358 3379 3874 
3 2373 2375 2941 
3 3852 3622 2401 
3 3523 3851 3524 
3 3601 2862 2361 
3 3544 3252 3251 
3 3902 3903 3904 
3 3905 3906 3907 
3 3908 3909 3910 
3 3911 3912 3913 
3 3914 3915 3916 
3 3917 3918 3919 
3 3920 3921 3922 
3 3923 3924 3925 
3 3926 3927 3928 
3 3929 3930 3931 
3 3921 3932 3933 
3 3934 3935 3936 
3 3937 3938 3939 
3 3940 3941 3939 
3 3942 3943 3944 
3 3945 3946 3947 
3 3948 3945 3947 
3 3949 3950 3951 
3 3950 3952 3951 
3 3953 3954 3955 
3 3956 3957 3958 
3 3956 3958 3959 
3 3956 3959 3960 
3 3961 3962 3963 
3 3964 3965 3966 
3 3967 3968 3969 
3 3970 3967 3969 
3 3971 3972 3973 
3 3974 3975 3976 
3 3977 3978 3979 
3 3980 3981 3982 
3 3983 3984 3985 
3 3986 3987 3988 
3 3989 3990 3991 
3 3992 3993 3994 
3 3995 3996 3997 
3 3993 3998 3994 
3 3996 3999 3997 
3 4000 4001 4002 
3 4003 4004 4005 
3 4006 4007 4008 
3 3981 4009 4010 
3 4011 4012 4013 
3 4014 4015 4016 
3 4007 4017 4008 
3 3981 4018 4009 
3 4019 4020 4021 
3 4022 4023 4019 
3 4004 4024 4025 
3 4026 4027 4028 
3 4029 4030 4031 
3 4024 4032 4025 
3 4033 4034 4035 
3 4036 4037 4034 
3 4033 4036 4034 
3 4038 4039 4037 
3 4034 4039 4035 
3 4036 4040 4037 
3 4041 3971 4042 
3 4043 4041 4044 
3 4045 4043 4044 
3 4046 4047 4048 
3 4049 4050 4051 
3 4052 4053 4054 
3 4055 4056 4057 
3 4058 4059 4060 
3 4061 3934 4062 
3 4063 4064 4065 
3 4066 4067 4068 
3 3944 3943 4058 
3 4069 4070 4071 
3 4072 3910 4073 
3 4074 4075 4076 
3 4077 4078 4079 
3 4080 3911 4081 
3 4082 4083 4084 
3 3952 4082 4084 
3 4085 4086 4087 
3 3951 4088 3949 
3 4089 4090 4091 
3 4092 4089 4091 
3 4093 4092 4091 
3 4092 4093 4094 
3 4093 4095 4094 
3 4015 4014 3968 
3 4063 4096 4064 
3 3935 4061 4097 
3 3947 3946 4098 
3 4099 4100 4101 
3 4102 4103 4104 
3 4105 4106 4107 
3 4108 4109 4107 
3 4105 4107 4110 
3 4111 4105 4110 
3 4112 4113 4110 
3 4065 4114 4063 
3 4115 4116 4117 
3 4118 4119 4120 
3 4121 4122 4123 
3 3995 4124 4125 
3 4126 3954 4127 
3 3953 4128 4127 
3 3954 3953 4127 
3 4129 3957 3956 
3 4129 3956 4130 
3 4131 4132 4133 
3 4134 4131 4133 
3 4135 4134 4133 
3 4136 4137 4138 
3 4132 4139 4138 
3 4140 4141 4142 
3 4143 4140 4142 
3 4144 3986 4145 
3 4146 4142 4147 
3 4141 4148 4142 
3 4149 4143 4142 
3 4142 4150 4147 
3 4146 4149 4142 
3 4151 3964 3962 
3 3962 3964 3963 
3 3961 4152 3962 
3 4152 4017 3962 
3 4153 4154 4155 
3 4154 4156 4155 
3 4156 4157 4155 
3 4158 4153 4155 
3 4157 4158 4155 
3 4151 4159 3964 
3 4159 3965 3964 
3 3963 3964 3966 
3 4160 4161 4162 
3 4163 4160 4162 
3 4164 4163 4162 
3 4161 4165 4162 
3 4166 4167 4168 
3 4169 4006 3972 
3 4170 4169 4171 
3 4043 4170 4171 
3 4172 3965 4173 
3 4174 4172 4173 
3 4175 4174 4173 
3 4176 4175 4173 
3 3965 4176 4173 
3 4087 4177 4178 
3 4086 4179 4180 
3 3983 4181 3984 
3 4182 4183 4184 
3 4185 4182 4184 
3 4183 4104 4184 
3 4104 4185 4184 
3 4186 4187 4188 
3 4187 4189 4188 
3 4190 4186 4188 
3 4191 4192 4188 
3 4192 4190 4188 
3 4189 4193 4188 
3 4193 4191 4188 
3 4162 4165 4194 
3 4195 4196 4197 
3 4196 4198 4197 
3 4198 4199 4197 
3 4195 4197 3975 
3 4199 4200 4197 
3 4201 4181 4202 
3 4186 4203 4187 
3 4204 4189 4187 
3 4203 4131 4187 
3 4131 4204 4187 
3 4205 4206 4207 
3 3965 4172 3966 
3 4208 4209 3965 
3 4209 4176 3965 
3 4159 4208 3965 
3 4177 4180 4165 
3 4196 4210 4211 
3 4212 4196 4211 
3 4213 4206 4211 
3 4206 4212 4211 
3 4210 4213 4211 
3 4151 4170 4159 
3 4169 4214 4007 
3 4170 4215 4159 
3 4215 4216 4159 
3 4216 4208 4159 
3 4210 4196 4195 
3 4217 4210 4195 
3 3974 3998 4195 
3 3998 4217 4195 
3 4218 3957 4129 
3 4030 4130 4219 
3 4220 4032 4024 
3 4029 4218 4129 
3 4221 4222 4217 
3 4222 4210 4217 
3 4221 4217 3993 
3 4223 4224 4140 
3 4225 4223 4140 
3 4224 4141 4140 
3 4143 4225 4140 
3 4226 4205 4207 
3 4206 4213 4207 
3 4227 4228 4229 
3 3958 3957 4230 
3 4231 3958 4230 
3 4232 4233 4229 
3 4234 4222 4221 
3 4232 4235 4236 
3 4237 4234 4221 
3 4238 4237 4221 
3 3992 4238 4221 
3 4239 4132 4131 
3 4203 4239 4131 
3 4179 4240 4194 
3 4134 4204 4131 
3 4192 4241 4233 
3 4213 4242 4243 
3 4244 4245 4246 
3 4247 4244 4246 
3 4248 4249 4246 
3 4245 4250 4246 
3 4250 4248 4246 
3 4249 4247 4246 
3 4247 4251 4244 
3 4251 4252 4244 
3 4253 4245 4244 
3 4252 4253 4244 
3 4141 4254 4176 
3 4254 4157 4156 
3 4154 4175 4156 
3 4255 4141 4176 
3 4209 4255 4176 
3 4161 4256 4165 
3 4161 4257 4256 
3 4257 4177 4256 
3 4258 4259 4260 
3 4260 4259 4261 
3 4262 4258 4260 
3 4260 4263 4264 
3 4257 4161 4186 
3 4265 4177 4186 
3 4266 4203 4186 
3 4161 4266 4186 
3 4190 4265 4186 
3 4177 4257 4186 
3 4216 4267 4208 
3 4267 4209 4208 
3 4268 4269 4270 
3 4271 4272 4270 
3 4269 4271 4270 
3 4270 4001 4273 
3 4274 4268 4270 
3 4275 4270 4276 
3 4272 4001 4270 
3 4222 4277 4040 
3 4036 4033 3990 
3 4222 4040 4278 
3 4040 4038 4037 
3 4279 3987 4280 
3 4281 4279 4280 
3 4142 4148 4150 
3 4282 4281 4280 
3 4283 4284 4285 
3 4286 4046 4287 
3 4288 4198 4196 
3 4289 4288 4196 
3 4212 4289 4196 
3 4180 4179 4194 
3 4160 4266 4161 
3 4290 4291 4292 
3 4293 4294 4251 
3 4294 4295 4251 
3 4295 4252 4251 
3 4247 4293 4251 
3 4234 4277 4222 
3 4148 4255 4282 
3 4255 4267 4282 
3 4267 4296 4282 
3 4296 4297 4282 
3 4163 4293 4160 
3 4247 4266 4160 
3 4293 4247 4160 
3 4298 4299 4300 
3 4267 4255 4209 
3 4301 4224 4223 
3 4302 4301 4223 
3 4225 4302 4223 
3 4190 4232 4265 
3 4265 4232 4236 
3 3957 4232 4229 
3 4241 4227 4233 
3 4235 4232 3957 
3 4303 4304 4305 
3 4306 4307 4305 
3 4308 4309 4305 
3 4307 4310 4305 
3 4310 4308 4305 
3 4309 4303 4305 
3 4304 4306 4305 
3 4262 4289 4201 
3 4201 4206 4181 
3 4311 4258 4201 
3 4258 4262 4201 
3 4289 4212 4201 
3 4312 4313 4043 
3 4313 4170 4043 
3 4314 4312 4043 
3 4045 4314 4043 
3 4141 4255 4148 
3 4258 4249 4259 
3 4263 4260 4261 
3 4301 4315 4224 
3 4316 4102 4224 
3 4315 4316 4224 
3 4237 4317 4234 
3 4268 4318 4319 
3 4288 4320 4198 
3 4320 4321 4198 
3 4321 4199 4198 
3 4170 4322 4215 
3 4322 4296 4215 
3 4296 4216 4215 
3 4323 4324 4325 
3 4299 4326 4287 
3 4326 4299 4298 
3 4327 4328 4329 
3 4330 4327 4329 
3 4328 4331 4329 
3 4331 4332 4329 
3 4333 4330 4329 
3 4332 4333 4329 
3 4334 4316 4315 
3 4335 4299 4287 
3 4296 4267 4216 
3 4336 4102 4068 
3 4102 4336 4157 
3 4313 4322 4170 
3 4337 4338 4339 
3 4340 4337 4339 
3 4341 4342 4339 
3 4338 4341 4339 
3 4342 4340 4339 
3 4343 4318 4274 
3 4344 4345 4346 
3 4347 4344 4346 
3 4348 4347 4346 
3 4345 4349 4346 
3 4349 3937 4346 
3 4322 4350 4296 
3 4350 4297 4296 
3 4351 4352 4353 
3 4354 4220 4024 
3 4249 4258 4247 
3 4330 4355 4356 
3 4357 4327 4356 
3 4327 4330 4356 
3 4355 4358 4356 
3 4358 4357 4356 
3 4235 4177 4236 
3 4359 4207 4360 
3 4203 4266 4239 
3 4258 4311 4139 
3 4264 4032 4220 
3 4361 4362 4363 
3 4364 4361 4363 
3 4365 4366 4367 
3 4368 4366 4365 
3 4369 4365 4367 
3 4370 4371 4372 
3 4334 4102 4316 
3 4290 4292 4373 
3 4124 3995 4374 
3 4375 4376 4374 
3 4369 4368 4365 
3 4366 4377 4367 
3 4378 4379 4380 
3 4379 4381 4380 
3 4357 4378 4380 
3 4381 4327 4380 
3 4327 4357 4380 
3 4382 4383 4384 
3 3995 4375 4374 
3 4254 4141 4157 
3 4385 4073 4386 
3 4387 4388 4373 
3 4389 4390 4391 
3 4392 4389 4391 
3 4390 4393 4391 
3 4393 4303 4391 
3 4394 4392 4391 
3 4303 4395 4391 
3 4395 4394 4391 
3 4396 4382 4384 
3 4397 4364 4398 
3 4388 4399 4290 
3 4400 4401 4402 
3 4401 4115 4402 
3 4403 4404 4402 
3 4405 4403 4402 
3 4100 4406 4402 
3 4404 4400 4402 
3 4115 4100 4402 
3 4406 4405 4402 
3 4399 4407 4290 
3 4408 4409 4410 
3 4409 3939 4410 
3 4411 4408 4410 
3 4412 4413 4410 
3 3939 3941 4410 
3 4413 4411 4410 
3 3941 4412 4410 
3 4358 4414 4357 
3 4414 4378 4357 
3 4415 4416 3916 
3 4385 4417 4073 
3 4073 4071 4386 
3 4314 4418 4419 
3 4417 4369 4367 
3 4377 4314 4419 
3 4418 4417 4367 
3 4258 4420 4247 
3 4421 4422 4423 
3 4314 4424 4418 
3 4425 4407 4426 
3 4427 4428 4418 
3 4424 4427 4418 
3 4428 4429 4418 
3 4419 4418 4367 
3 4429 4072 4418 
3 4072 4417 4418 
3 4313 4312 4377 
3 4312 4314 4377 
3 4368 4430 4366 
3 4430 4313 4377 
3 4431 4432 4433 
3 3912 4373 3913 
3 4304 4115 4434 
3 4435 4436 4434 
3 4436 4437 4434 
3 4115 4117 4434 
3 4117 4435 4434 
3 4313 4350 4322 
3 4438 4439 4440 
3 4364 4441 4442 
3 4361 4364 4442 
3 4441 3915 4442 
3 3915 4443 4442 
3 4443 4444 4442 
3 4444 4342 4442 
3 4445 4361 4442 
3 4342 4445 4442 
3 4395 4303 4446 
3 4447 4350 4448 
3 4430 4449 4448 
3 4449 4450 4448 
3 4451 4447 4448 
3 4450 4451 4448 
3 4350 4430 4448 
3 4341 4361 4445 
3 4342 4341 4445 
3 4051 4452 4453 
3 4454 4051 4453 
3 4449 4430 4368 
3 4361 4455 4456 
3 4455 4457 4456 
3 4362 4361 4456 
3 4457 4362 4456 
3 4045 4424 4314 
3 4274 4318 4268 
3 4458 4459 4460 
3 4461 4462 4281 
3 4408 4458 4409 
3 3937 3939 4409 
3 4463 4464 4465 
3 4464 4395 4465 
3 4466 4463 4465 
3 4467 4468 4469 
3 4470 4097 4471 
3 4469 4468 4471 
3 4472 4467 4469 
3 4473 4474 4076 
3 4343 4475 4318 
3 4413 4476 4477 
3 4478 4479 4480 
3 4480 4481 4482 
3 4425 4478 4480 
3 4479 4481 4480 
3 4483 4425 4480 
3 4304 4303 4484 
3 4326 4485 4287 
3 4486 4298 4300 
3 4485 4326 4298 
3 4361 4341 4455 
3 4338 4337 4455 
3 4337 4487 4455 
3 4487 4488 4455 
3 4488 4457 4455 
3 4341 4338 4455 
3 4489 4446 4023 
3 4407 4483 4291 
3 4425 4483 4407 
3 4490 4491 4492 
3 4493 4490 4492 
3 4381 4493 4492 
3 4491 4327 4492 
3 4327 4381 4492 
3 4494 4269 4319 
3 4328 4327 4495 
3 4327 4491 4495 
3 4496 4328 4495 
3 4497 4496 4495 
3 4498 4497 4495 
3 4491 4498 4495 
3 4483 4499 4291 
3 4474 4500 4076 
3 4501 4454 4386 
3 4452 4368 4369 
3 4343 4502 4475 
3 4097 4472 4471 
3 4373 4292 3913 
3 4499 3911 3913 
3 4331 4439 4438 
3 4503 4331 4438 
3 4504 4503 4438 
3 4505 4506 4507 
3 4508 3946 4507 
3 4509 4508 4507 
3 4506 4509 4507 
3 3946 3945 4507 
3 4510 4505 4507 
3 3945 4510 4507 
3 4511 4102 4334 
3 4363 4362 4398 
3 4412 4476 4413 
3 3910 4071 4073 
3 3908 3910 4072 
3 4429 3908 4072 
3 4395 4489 4512 
3 4489 4283 4512 
3 4513 3905 3907 
3 3917 4514 3918 
3 4514 4515 3918 
3 4515 4516 3918 
3 4420 4266 4247 
3 4099 4405 4406 
3 4100 4099 4406 
3 4383 4376 4384 
3 4517 4518 4468 
3 4519 4517 4468 
3 4472 4469 4471 
3 4467 4519 4468 
3 4392 4394 4464 
3 4520 4521 4464 
3 4521 4392 4464 
3 4394 4395 4464 
3 4463 4520 4464 
3 4522 4523 4372 
3 3945 3948 4510 
3 4524 4525 4510 
3 4525 4505 4510 
3 3948 4524 4510 
3 4526 4467 4472 
3 4468 4518 4471 
3 4097 4061 4472 
3 4047 3917 3919 
3 4426 4399 4527 
3 3914 4528 3915 
3 4528 4443 3915 
3 4051 4449 4368 
3 4529 4530 4531 
3 4530 4109 4531 
3 4100 4529 4531 
3 4109 4100 4531 
3 4328 4439 4331 
3 4503 4532 4331 
3 4532 4332 4331 
3 4177 4235 3957 
3 3917 4533 4514 
3 4534 4515 4514 
3 4535 4534 4514 
3 4536 4535 4514 
3 4533 4536 4514 
3 4350 4313 4430 
3 4537 4538 4539 
3 4540 4304 4541 
3 4542 4543 4484 
3 4544 4540 4541 
3 4543 4544 4541 
3 4541 4304 4484 
3 4046 4545 4546 
3 4388 4290 4373 
3 4387 4547 4388 
3 4185 4548 4064 
3 4182 4185 4064 
3 4096 4182 4064 
3 4064 4548 4065 
3 4549 4550 4551 
3 4550 4552 4551 
3 4552 4553 4551 
3 4553 4016 4551 
3 4554 4549 4551 
3 4016 4555 4551 
3 4555 4554 4551 
3 4292 4291 3913 
3 3912 4387 4373 
3 4556 4343 4325 
3 4502 4557 4475 
3 4475 4558 4318 
3 4340 4559 4337 
3 4559 4560 4337 
3 4560 4561 4337 
3 4561 4487 4337 
3 4562 4439 4052 
3 4563 4053 4052 
3 4564 4115 4304 
3 4540 4564 4304 
3 4304 4434 4306 
3 4543 4541 4484 
3 4519 3925 4517 
3 3925 4565 4517 
3 4565 4518 4517 
3 4549 4566 4567 
3 4122 3930 4123 
3 4568 4569 3931 
3 4570 4571 3929 
3 3930 4572 4123 
3 4566 3911 4567 
3 4573 4574 4575 
3 4576 4577 4575 
3 4574 4578 4575 
3 4578 4576 4575 
3 4577 4573 4575 
3 4185 4522 4372 
3 4579 4580 4372 
3 4581 4513 3907 
3 3938 3937 3907 
3 4346 3937 4460 
3 4371 4579 4372 
3 4395 4446 4489 
3 4582 4458 4408 
3 4411 4477 4415 
3 4583 3904 3907 
3 4101 4100 4106 
3 4584 4100 4115 
3 4585 4166 4423 
3 4103 4185 4104 
3 4586 4587 4588 
3 4589 4586 4588 
3 4079 4589 4588 
3 4590 4591 4589 
3 4078 4590 4589 
3 4591 4586 4589 
3 4079 4078 4589 
3 4592 4593 4559 
3 4593 3924 4559 
3 3924 4560 4559 
3 4340 4594 4559 
3 4594 4592 4559 
3 4595 4591 4590 
3 4596 4595 4590 
3 4078 4597 4590 
3 4597 4596 4590 
3 4573 4577 4598 
3 4377 4419 4367 
3 4547 4599 4600 
3 4399 4600 4527 
3 4599 4601 4600 
3 4602 4565 4603 
3 4565 3925 4603 
3 4593 4602 4603 
3 3924 4593 4603 
3 3925 3924 4603 
3 4604 4605 4606 
3 4605 4607 4606 
3 4608 4604 4606 
3 4607 4609 4606 
3 4609 4610 4606 
3 4610 4608 4606 
3 4587 4611 4075 
3 4493 4381 4612 
3 4592 4602 4593 
3 4071 3910 4613 
3 3909 4614 4613 
3 4614 4615 4613 
3 4069 4071 4613 
3 4615 4057 4613 
3 3910 3909 4613 
3 4057 4069 4613 
3 4616 4328 4496 
3 4497 4616 4496 
3 4549 4617 4550 
3 4617 4552 4550 
3 4100 4108 4106 
3 4618 4619 4620 
3 4573 4618 4620 
3 4619 4621 4620 
3 4621 4011 4620 
3 4011 4622 4620 
3 4623 4573 4620 
3 4624 4623 4620 
3 4622 4624 4620 
3 4618 4573 4598 
3 4625 4626 4598 
3 4619 4627 4621 
3 4627 4012 4621 
3 4012 4011 4621 
3 4628 4629 4598 
3 4626 4627 4619 
3 4588 4587 4074 
3 3906 3938 3907 
3 4349 3904 4583 
3 4630 3940 3906 
3 3940 3939 3906 
3 3905 4630 3906 
3 4591 4631 4586 
3 4595 4631 4591 
3 4533 3917 4632 
3 4633 4058 4060 
3 4417 4072 4073 
3 4525 4524 4577 
3 4395 4512 4285 
3 4056 4069 4057 
3 4552 4014 4553 
3 4014 4016 4553 
3 4054 4053 4634 
3 4347 4635 4344 
3 4549 4636 4637 
3 4622 4011 4638 
3 4119 4622 4638 
3 4059 4119 4638 
3 4119 4624 4622 
3 4511 4639 4522 
3 3928 3921 4637 
3 4640 4641 4074 
3 4608 4056 4604 
3 4056 4642 4069 
3 4570 3920 4571 
3 4343 4556 4065 
3 4643 4611 4587 
3 4345 3904 4349 
3 4328 4616 4644 
3 4645 4610 4059 
3 4582 4408 4398 
3 4615 4055 4057 
3 4638 4011 4060 
3 4646 4526 4647 
3 4549 4554 4636 
3 4554 4648 4636 
3 4648 3926 4636 
3 4601 4635 4527 
3 4400 4116 4401 
3 4116 4115 4401 
3 4080 4081 3921 
3 3928 3927 3921 
3 3921 3933 3922 
3 3927 3932 3921 
3 4599 4122 4121 
3 4649 4574 4573 
3 4576 4525 4577 
3 4540 4650 4564 
3 4650 4115 4564 
3 3937 4583 3907 
3 4624 4119 4118 
3 4610 4609 4059 
3 4259 4249 4261 
3 4651 4537 4652 
3 4651 4106 4537 
3 4652 4537 4539 
3 4106 4111 4537 
3 4111 4538 4537 
3 3926 4653 3927 
3 4608 4642 4056 
3 4056 4055 4604 
3 4654 4655 4632 
3 4422 4177 4287 
3 4656 4098 4508 
3 3952 4084 4597 
3 4657 4658 4659 
3 4660 4661 4659 
3 4658 4660 4659 
3 3955 3954 4659 
3 3954 4657 4659 
3 4661 3955 4659 
3 4584 4115 4650 
3 4120 4119 4059 
3 4106 4108 4107 
3 4579 4557 4502 
3 4059 4662 4120 
3 4663 4654 4632 
3 4376 4124 4374 
3 4084 4664 4597 
3 4651 4101 4106 
3 4234 4317 4433 
3 4529 4584 4650 
3 3934 4533 4665 
3 4612 4666 4353 
3 4667 4323 4325 
3 4642 4070 4069 
3 4526 4472 4062 
3 4347 4668 4635 
3 4636 3926 4637 
3 4663 3917 4669 
3 4454 4453 4386 
3 3903 4581 3904 
3 4569 4570 3931 
3 4081 3911 4637 
3 4670 4649 4623 
3 4671 4493 4612 
3 4664 4596 4597 
3 3951 3952 4597 
3 3911 4499 4567 
3 4075 4611 4666 
3 4641 4079 4074 
3 4586 4631 4587 
3 3921 4081 4637 
3 4671 4612 4353 
3 4344 4672 4345 
3 4533 4632 4665 
3 3951 4597 4078 
3 4673 4674 4675 
3 4676 4639 4511 
3 4641 4077 4079 
3 4610 3943 4608 
3 3926 3928 4637 
3 4284 4677 4285 
3 4376 4396 4384 
3 4678 3947 4679 
3 4655 4680 4632 
3 4576 4681 4525 
3 4376 4375 4396 
3 4682 4090 4089 
3 4678 4682 4089 
3 3947 4678 4089 
3 4683 4660 4658 
3 4670 4624 4684 
3 3970 4095 4685 
3 4095 4093 4685 
3 4686 4205 4226 
3 4420 4139 4132 
3 4420 4258 4139 
3 4687 4135 4138 
3 4446 4303 4023 
3 4232 4190 4233 
3 4518 4688 4471 
3 4027 4689 4690 
3 4585 4046 4048 
3 4676 4511 4334 
3 4567 4483 4482 
3 4343 4548 4502 
3 4558 4494 4319 
3 4266 4420 4239 
3 4689 4486 4690 
3 4269 4268 4319 
3 4562 4343 4274 
3 4297 4350 4281 
3 4434 4437 4306 
3 4691 4676 4334 
3 4640 4074 4076 
3 4692 4485 4298 
3 4022 4693 4023 
3 4557 4694 4475 
3 4695 4029 4690 
3 4074 4587 4075 
3 4181 4696 3984 
3 4697 4280 3986 
3 4280 3987 3986 
3 4282 4280 4697 
3 4698 4282 4697 
3 4148 4282 4698 
3 3978 3983 4699 
3 4278 4036 3990 
3 4360 4243 4700 
3 3992 4221 3993 
3 4360 4700 4701 
3 4320 4288 4003 
3 4288 4354 4003 
3 3974 4195 3975 
3 3972 4006 3973 
3 3975 4200 3976 
3 4202 3978 3977 
3 4702 4202 3977 
3 4311 4202 4702 
3 4044 4041 4042 
3 4043 4171 4041 
3 4440 4273 4000 
3 4703 4440 4000 
3 4440 4276 4273 
3 4439 4275 4276 
3 4440 4439 4276 
3 4276 4270 4273 
3 4439 4562 4275 
3 4562 4274 4275 
3 3971 4171 3972 
3 4171 4169 3972 
3 4136 4311 4702 
3 4171 3971 4041 
3 4037 4039 4034 
3 4278 4040 4036 
3 4703 4000 4704 
3 4548 4579 4502 
3 4466 4465 4705 
3 4004 4354 4024 
3 4288 4289 4354 
3 4289 4220 4354 
3 4029 4129 4030 
3 3956 3960 4130 
3 4214 4017 4007 
3 4320 4003 4005 
3 3962 4017 4214 
3 4151 3962 4214 
3 4006 4169 4007 
3 3995 4125 3996 
3 4285 4677 4038 
3 4009 4018 4706 
3 4177 4707 4018 
3 4421 4706 4707 
3 4422 4421 4707 
3 4708 4303 4020 
3 4022 4019 4021 
3 4177 4422 4707 
3 4023 4303 4708 
3 4023 4708 4019 
3 4127 3999 3996 
3 4125 4127 3996 
3 4350 4461 4281 
3 4350 4447 4461 
3 4447 4462 4461 
3 4500 4640 4076 
3 4709 4473 4076 
3 3937 4409 4460 
3 4512 4283 4285 
3 4710 4582 4398 
3 4364 4363 4398 
3 4485 4545 4286 
3 4311 4201 4202 
3 4277 4285 4038 
3 4481 4567 4482 
3 4381 4075 4666 
3 4381 4379 4673 
3 3920 4080 3921 
3 4185 4103 4522 
3 4548 4185 4580 
3 4011 4013 4060 
3 4291 4499 3913 
3 4439 4328 4644 
3 4616 4563 4644 
3 4632 4680 4665 
3 4675 4709 4076 
3 4524 4628 4577 
3 4711 4058 4633 
3 4141 4224 4157 
3 4672 3902 4345 
3 4459 4348 4460 
3 4013 4711 4633 
3 4012 4711 4013 
3 4649 4573 4623 
3 4381 4673 4675 
3 4059 4638 4060 
3 4079 4588 4074 
3 4415 4441 4397 
3 4409 4458 4460 
3 4075 4675 4076 
3 4612 4381 4666 
3 4566 4549 4637 
3 4712 4713 4398 
3 4714 3943 3942 
3 3943 4610 4645 
3 4715 4663 4669 
3 4379 4674 4673 
3 4299 4335 4218 
3 4299 4218 4695 
3 4207 4213 4360 
3 4716 4423 4168 
3 3912 3911 4080 
3 4568 4547 4387 
3 4569 4568 4387 
3 4080 4569 4387 
3 3912 4080 4387 
3 4569 4080 3920 
3 4570 4569 3920 
3 4568 3930 4122 
3 4599 4547 4122 
3 4547 4568 4122 
3 4058 4645 4059 
3 4202 4181 3983 
3 4717 4599 4121 
3 4290 4407 4291 
3 4344 4635 4672 
3 4713 4710 4398 
3 4013 4633 4060 
3 4647 4062 4665 
3 4718 4082 3952 
3 3950 4718 3952 
3 4719 4671 4353 
3 4545 4715 4546 
3 4371 4557 4579 
3 4538 4720 4539 
3 4362 4712 4398 
3 4721 4722 4723 
3 4722 4724 4723 
3 4111 4721 4723 
3 4724 4111 4723 
3 4113 4111 4110 
3 4111 4113 4721 
3 4693 4489 4023 
3 4113 4112 4721 
3 4626 4619 4598 
3 4481 4617 4567 
3 4128 3953 3955 
3 4725 4726 4657 
3 4726 4683 4657 
3 4126 4725 4657 
3 4657 3954 4126 
3 4724 4722 4727 
3 4683 4724 4727 
3 4722 4728 4727 
3 4728 4683 4727 
3 4729 4720 4724 
3 4683 4729 4724 
3 4538 4724 4720 
3 4538 4111 4724 
3 4201 4212 4206 
3 4639 4523 4522 
3 4655 4647 4680 
3 4730 3914 4416 
3 4476 4730 4416 
3 4416 3914 3916 
3 3915 4441 3916 
3 4218 4177 3957 
3 4359 4226 4207 
3 4277 4234 4433 
3 4133 4132 4138 
3 4731 4687 4138 
3 4317 4732 4433 
3 4137 4731 4138 
3 4733 4734 4735 
3 4139 4311 4136 
3 3979 4733 4735 
3 4167 4736 4737 
3 4738 4739 4737 
3 4176 4254 4156 
3 4139 4136 4138 
3 4739 4740 4737 
3 4303 4309 4741 
3 4742 4303 4741 
3 4422 4287 4423 
3 4716 4421 4423 
3 4040 4277 4038 
3 4071 4070 4386 
3 4190 4192 4233 
3 4191 4241 4192 
3 4743 4303 4742 
3 4733 4744 4734 
3 4233 4227 4229 
3 4674 4709 4675 
3 4431 4466 4432 
3 4104 4745 4068 
3 4617 4549 4567 
3 4230 3957 4229 
3 4020 4303 4743 
3 4277 4705 4285 
3 4165 4180 4194 
3 4169 4151 4214 
3 4688 4746 4471 
3 4677 4039 4038 
3 4177 4018 3981 
3 4231 4230 4229 
3 4747 4736 4167 
3 4705 4277 4432 
3 4746 4470 4471 
3 4669 4046 4546 
3 4669 3917 4047 
3 4336 4158 4157 
3 4303 4748 4749 
3 4303 4393 4748 
3 4542 4303 4749 
3 4648 4653 3926 
3 4707 4706 4018 
3 4303 4542 4484 
3 4217 3998 3993 
3 4224 4102 4157 
3 4102 4104 4068 
3 4708 4020 4019 
3 4282 4297 4281 
3 4619 4618 4598 
3 4062 3934 4665 
3 4629 4625 4598 
3 4075 4381 4675 
3 4504 4438 4440 
3 4273 4001 4000 
3 4516 4750 3919 
3 4691 4334 4315 
3 4694 4558 4475 
3 4432 4277 4433 
3 4703 4504 4440 
3 4168 4167 4737 
3 4352 4719 4353 
3 4177 4335 4287 
3 4680 4647 4665 
3 4050 4751 4051 
3 4752 4562 4052 
3 4523 4370 4372 
3 4751 4450 4449 
3 4385 4452 4369 
3 4354 4004 4003 
3 4318 4558 4319 
3 4681 4505 4525 
3 4577 4628 4598 
3 4477 4476 4416 
3 4103 4511 4522 
3 4070 4501 4386 
3 4170 4151 4169 
3 4580 4185 4372 
3 4098 3946 4508 
3 3917 4663 4632 
3 4099 4101 4651 
3 4750 4738 4737 
3 3943 4714 4753 
3 4453 4385 4386 
3 4343 4667 4325 
3 4324 4556 4325 
3 4437 4307 4306 
3 4509 4656 4508 
3 4345 3902 3904 
3 4754 3924 3923 
3 4631 4643 4587 
3 3904 4581 3907 
3 4499 4483 4567 
3 4055 4755 4604 
3 4755 4605 4604 
3 3947 4098 4679 
3 4408 4415 4397 
3 4571 3920 3922 
3 4274 4270 4275 
3 4166 4747 4167 
3 4548 4580 4579 
3 4563 4439 4644 
3 4756 4683 4726 
3 4127 4128 3999 
3 4059 4609 4662 
3 4745 4066 4068 
3 3911 4566 4637 
3 4683 4756 4729 
3 4684 4624 4118 
3 3969 3968 4757 
3 3968 4014 4757 
3 4666 4351 4353 
3 4095 3970 4758 
3 3970 3969 4758 
3 4657 4683 4658 
3 4383 4382 4759 
3 4705 4395 4285 
3 4164 4162 4194 
3 4178 4177 4760 
3 4240 4164 4194 
3 4486 4300 4690 
3 4175 4176 4156 
3 4486 4692 4298 
3 4197 4200 3975 
3 4740 4168 4737 
3 4360 4213 4243 
3 4466 4705 4432 
3 4732 4431 4433 
3 4300 4695 4690 
3 4740 4716 4168 
3 4301 4691 4315 
3 4761 4279 4281 
3 4439 4563 4052 
3 4047 4747 4166 
3 4046 4669 4047 
3 4250 4762 4248 
3 4762 4261 4248 
3 3902 4672 4763 
3 3919 4750 4737 
3 3978 4202 3983 
3 4261 4249 4248 
3 4299 4695 4300 
3 4715 4669 4546 
3 4048 4047 4166 
3 4046 4585 4287 
3 4545 4046 4286 
3 4262 4264 4220 
3 4408 4397 4398 
3 4600 4601 4527 
3 4399 4388 4600 
3 4764 4426 4527 
3 4407 4399 4426 
3 4388 4547 4600 
3 4348 4346 4460 
3 4441 4364 4397 
3 4462 4761 4281 
3 4135 4133 4138 
3 4736 3919 4737 
3 4061 3935 3934 
3 4585 4048 4166 
3 4177 4265 4236 
3 4228 4231 4229 
3 4239 4420 4132 
3 4256 4177 4165 
3 3929 3931 4570 
3 3943 4645 4058 
3 4146 4147 4765 
3 4150 4766 4147 
3 4148 4698 4150 
3 4698 4766 4150 
3 4624 4670 4623 
3 4655 4646 4647 
3 4472 4061 4062 
3 4767 4760 4768 
3 4768 4760 3980 
3 4767 4178 4760 
3 4767 4085 4178 
3 4085 4087 4178 
3 4180 4177 4087 
3 4527 4635 4668 
3 4764 4527 4668 
3 3937 4349 4583 
3 3906 3939 3938 
3 4667 4343 4769 
3 4343 4562 4769 
3 4608 3943 4642 
3 3943 4753 4642 
3 4672 4635 4601 
3 4647 4526 4062 
3 4077 3951 4078 
3 4030 4129 4130 
3 4412 3941 3940 
3 4763 4672 4717 
3 4672 4601 4599 
3 4717 4672 4599 
3 4770 4769 4771 
3 4335 4177 4218 
3 4411 4413 4477 
3 4065 4556 4114 
3 4000 4002 4704 
3 3981 4010 3982 
3 3977 3979 4735 
3 4734 3977 4735 
3 4702 3977 4734 
3 4744 4702 4734 
3 4136 4702 4744 
3 4137 4136 4744 
3 4733 4137 4744 
3 4030 4219 4772 
3 4031 4030 4772 
3 4219 4026 4772 
3 4026 4028 4031 
3 4690 4029 4028 
3 4027 4690 4028 
3 4026 4031 4772 
3 4343 4065 4548 
3 4483 4480 4482 
3 4028 4029 4031 
3 3990 4033 3991 
3 4700 3990 4701 
3 3990 3989 4701 
3 4243 4278 4700 
3 4278 3990 4700 
3 4242 4278 4243 
3 3989 4360 4701 
3 4222 4278 4242 
3 4210 4222 4242 
3 3988 4766 4145 
3 4766 4144 4145 
3 4698 4697 4144 
3 4697 3986 4144 
3 3986 3988 4145 
3 4213 4210 4242 
3 4766 4698 4144 
3 3984 4773 3985 
3 4773 4699 3985 
3 4696 4773 3984 
3 4699 3983 3985 
3 4205 4773 4696 
3 4206 4205 4696 
3 4181 4206 4696 
3 4205 4686 4773 
3 4529 4100 4584 
3 4568 3931 3930 
3 4667 4769 4770 
3 4417 4385 4369 
3 4430 4377 4366 
3 4452 4051 4368 
3 4760 4177 3980 
3 4177 3981 3980 
3 4336 4068 4158 
3 4068 4067 4158 
3 3918 4516 3919 
3 4100 4109 4108 
3 4147 4766 4765 
3 4102 4511 4103 
3 4611 4351 4666 
3 4771 4769 4752 
3 4769 4562 4752 
3 4423 4166 4168 
3 4736 4047 3919 
3 4453 4452 4385 
3 4771 4752 4774 
3 4454 4049 4051 
3 4051 4751 4449 
3 4262 4260 4264 
3 4047 4736 4747 
3 4287 4585 4423 
3 4774 4054 4634 
3 4752 4052 4054 
3 4774 4752 4054 
3 3934 3936 4536 
3 4533 3934 4536 
3 4086 4180 4087 
3 3929 4572 3930 
3 4408 4411 4415 
3 4415 4477 4416 
3 4289 4262 4220 
3 4465 4395 4705 
3 4485 4286 4287 
3 4117 4116 4435 
3 4764 4425 4426 
3 4695 4218 4029 
3 4441 4415 3916 
3 4764 4478 4425 
3 4536 3936 4535 
3 4754 4560 3924 
3 4106 4105 4111 
3 4561 4560 4754 
3 4775 4776 4777 
3 4776 4778 4779 
3 4780 4781 4782 
3 4783 4784 4785 
3 4786 4787 4788 
3 4789 4790 4791 
3 4792 4793 4794 
3 4795 4793 4792 
3 4796 4793 4795 
3 4797 4798 4799 
3 4800 4801 4802 
3 4803 4804 4805 
3 4806 4807 4808 
3 4809 4780 4782 
3 4810 4811 4812 
3 4813 4814 4815 
3 4816 4817 4818 
3 4819 4820 4821 
3 4822 4823 4824 
3 4825 4826 4827 
3 4828 4829 4830 
3 4831 4832 4833 
3 4834 4835 4836 
3 4837 4838 4839 
3 4840 4841 4842 
3 4843 4844 4845 
3 4846 4847 4848 
3 4849 4850 4851 
3 4852 4853 4854 
3 4836 4855 4833 
3 4856 4857 4858 
3 4859 4860 4861 
3 4862 4863 4851 
3 4864 4865 4866 
3 4867 4868 4869 
3 4870 4871 4872 
3 4873 4874 4875 
3 4876 4877 4860 
3 4786 4788 4878 
3 4879 4880 4881 
3 4882 4883 4884 
3 4885 4886 4887 
3 4888 4889 4885 
3 4890 4891 4885 
3 4892 4893 4894 
3 4895 4896 4897 
3 4898 4899 4900 
3 4901 4902 4903 
3 4840 4901 4903 
3 4902 4904 4903 
3 4904 4840 4903 
3 4905 4841 4840 
3 4906 4907 4908 
3 4909 4906 4908 
3 4907 4840 4908 
3 4840 4904 4908 
3 4904 4909 4908 
3 4910 4900 4911 
3 4912 4913 4914 
3 4915 4890 4916 
3 4917 4918 4919 
3 4920 4917 4921 
3 4922 4923 4924 
3 4922 4925 4923 
3 4926 4927 4896 
3 4927 4928 4896 
3 4929 4930 4931 
3 4848 4932 4927 
3 4933 4899 4934 
3 4911 4900 4933 
3 4900 4899 4933 
3 4935 4936 4937 
3 4803 4805 4938 
3 4939 4940 4938 
3 4941 4942 4940 
3 4943 4944 4945 
3 4946 4837 4839 
3 4947 4948 4949 
3 4950 4951 4824 
3 4952 4822 4824 
3 4790 4953 4791 
3 4917 4919 4954 
3 4917 4954 4921 
3 4955 4956 4957 
3 4956 4910 4957 
3 4958 4916 4887 
3 4959 4960 4961 
3 4962 4960 4959 
3 4959 4961 4963 
3 4964 4965 4966 
3 4960 4964 4966 
3 4960 4962 4964 
3 4967 4965 4964 
3 4968 4959 4963 
3 4838 4837 4969 
3 4970 4932 4847 
3 4971 4972 4973 
3 4974 4971 4973 
3 4975 4976 4977 
3 4978 4979 4884 
3 4896 4980 4897 
3 4980 4981 4897 
3 4982 4983 4984 
3 4985 4986 4987 
3 4916 4890 4887 
3 4988 4989 4881 
3 4990 4991 4808 
3 4992 4813 4993 
3 4994 4995 4996 
3 4854 4997 4816 
3 4998 4999 5000 
3 5001 4909 5002 
3 4877 5003 4861 
3 4940 4803 4938 
3 5004 4831 4833 
3 4803 4951 4950 
3 4823 5005 4950 
3 5006 5007 5008 
3 4860 4877 4861 
3 5009 5010 4874 
3 5011 5012 5013 
3 5014 5015 5013 
3 5016 5017 5018 
3 5019 5020 5021 
3 5022 5023 5024 
3 5025 4952 5026 
3 5015 5011 5013 
3 5018 5027 4818 
3 4983 5028 4984 
3 5005 5029 4950 
3 4999 4970 4847 
3 5030 5023 5031 
3 5032 5033 5034 
3 5035 5036 5037 
3 5036 4951 5037 
3 5023 4855 4836 
3 5038 5011 5039 
3 5015 5040 5039 
3 4802 5041 4799 
3 5042 5043 4991 
3 5044 5042 4990 
3 5045 5042 4889 
3 5046 5047 5008 
3 5048 5049 4993 
3 4997 5050 4816 
3 5051 4801 5052 
3 4801 4800 5052 
3 5053 5054 5055 
3 4939 4941 4940 
3 5020 5056 5021 
3 4978 5057 4979 
3 5058 5059 5056 
3 5060 5061 5031 
3 4979 4882 4884 
3 5062 5063 5064 
3 5065 4943 5066 
3 5067 5068 5069 
3 5059 5014 5021 
3 5019 5021 5013 
3 5070 5060 5031 
3 4958 4915 4916 
3 5071 4864 4866 
3 5050 4817 4816 
3 5072 5073 4949 
3 4820 5074 4821 
3 5075 5076 5077 
3 5078 5079 5080 
3 4888 5045 4889 
3 5081 5082 5083 
3 5084 5085 5086 
3 5087 5088 5083 
3 5088 5081 5083 
3 4989 5089 5090 
3 5022 5070 5023 
3 4865 4867 4866 
3 5027 4854 4818 
3 5091 4829 4859 
3 4829 4828 4859 
3 4868 4859 4869 
3 5092 4784 4783 
3 5093 5094 5049 
3 5094 4892 5049 
3 5095 5096 4795 
3 5097 5098 5099 
3 5061 5030 5031 
3 4844 5100 5101 
3 4817 5102 4818 
3 5103 5104 5027 
3 4855 5105 4833 
3 5106 5107 5056 
3 4968 5108 5109 
3 5110 5111 4845 
3 5100 5112 5101 
3 5113 5097 5114 
3 5115 5116 4825 
3 5117 5083 5118 
3 5119 5120 5114 
3 5121 4775 4830 
3 4827 4978 4884 
3 5097 5122 5098 
3 5123 5124 5125 
3 4840 5126 5127 
3 5128 5129 5130 
3 5131 5128 5130 
3 5132 5133 5125 
3 5133 5051 5052 
3 5134 5135 5052 
3 4909 4917 4920 
3 5136 5137 5138 
3 5055 5139 5076 
3 5140 5084 5086 
3 5083 5140 5118 
3 5076 5141 5077 
3 5075 5053 5076 
3 4827 5142 5143 
3 4910 4898 4900 
3 5144 4910 4911 
3 5145 5146 5147 
3 5148 5123 5125 
3 5149 4914 5133 
3 5132 5051 5133 
3 5150 5136 5024 
3 4811 5151 4812 
3 5152 4898 4956 
3 5153 5152 5154 
3 4798 4800 4799 
3 5007 5046 5008 
3 5128 5155 5156 
3 5156 5155 5157 
3 5158 4826 5006 
3 5159 5160 4902 
3 5160 4904 4902 
3 4904 5160 5161 
3 5160 5159 5161 
3 5159 5162 5161 
3 5082 5140 5083 
3 5161 5162 5163 
3 4786 5006 4787 
3 5016 5018 4818 
3 4996 5048 4993 
3 4915 5164 5165 
3 5166 4890 5165 
3 4890 4915 5165 
3 4785 5167 5131 
3 5161 5163 5002 
3 5006 5168 4787 
3 4787 5168 5169 
3 5161 5002 4909 
3 4904 5161 4909 
3 4793 4796 5170 
3 5030 5105 4855 
3 4832 4834 4836 
3 5131 5167 5128 
3 5010 5071 5171 
3 4788 5172 4878 
3 5006 4786 5173 
3 5174 5175 4851 
3 4942 4951 4940 
3 5026 4952 4951 
3 4804 4803 4950 
3 5042 4991 4990 
3 5048 5176 5034 
3 5085 5084 4988 
3 5039 5040 5000 
3 5142 5177 5143 
3 5178 5110 4845 
3 5179 5139 5055 
3 5139 5141 5076 
3 5119 4965 4967 
3 4856 4858 4894 
3 4914 5148 5125 
3 4913 5097 5148 
3 4914 4913 5148 
3 5099 5123 5148 
3 5124 5132 5125 
3 5097 5099 5148 
3 5180 4910 5144 
3 5020 5106 5056 
3 5135 5133 5052 
3 5181 5087 5066 
3 4886 5182 4887 
3 5140 5183 5084 
3 5135 5149 5133 
3 5108 4968 5184 
3 5185 5186 5034 
3 5187 5025 5026 
3 4874 5010 4875 
3 4922 4909 4925 
3 4944 5188 4945 
3 4956 4898 4910 
3 5181 4943 4945 
3 5153 5154 5189 
3 5152 4956 5154 
3 4814 5190 4815 
3 5128 5156 5129 
3 4841 4905 5191 
3 4918 4909 5192 
3 5184 4968 4963 
3 5192 4909 5193 
3 4909 5001 5193 
3 4969 4821 4987 
3 5105 5004 4833 
3 5194 5195 5147 
3 5196 5039 5000 
3 5153 4793 5170 
3 5096 4796 4795 
3 4789 4946 4790 
3 4946 5197 4790 
3 4946 5198 5197 
3 4895 5199 5198 
3 4839 4895 5198 
3 5199 4953 5197 
3 4838 4895 4839 
3 4809 5200 4780 
3 4809 5201 5200 
3 4809 5202 5201 
3 5202 5203 5201 
3 5204 4848 5203 
3 4848 5205 5203 
3 5206 4781 4780 
3 5201 5205 5200 
3 5200 5206 4780 
3 5153 5189 5207 
3 4793 5153 5207 
3 5208 5209 5210 
3 5157 4792 4794 
3 5157 5095 4792 
3 5095 4795 4792 
3 5157 5155 5095 
3 5211 5212 5037 
3 5112 5178 5101 
3 5213 4929 4931 
3 5140 5082 5183 
3 5214 5215 4842 
3 5126 4840 5216 
3 4901 4840 5127 
3 4800 4802 4799 
3 5212 5035 5037 
3 4951 4952 4824 
3 5084 5217 4989 
3 5023 5070 5031 
3 5218 5022 5138 
3 5177 5219 5143 
3 4852 4854 5027 
3 5067 5218 5138 
3 5068 5067 5138 
3 5217 5089 4989 
3 5219 5220 4978 
3 4871 5221 4872 
3 5218 5070 5022 
3 5122 5097 5113 
3 5007 4878 5147 
3 5222 5119 4967 
3 5149 4912 4914 
3 4889 5223 4885 
3 5224 5204 5225 
3 4974 4973 5225 
3 4973 5224 5225 
3 5204 5202 5225 
3 5202 5226 5225 
3 5227 4974 5225 
3 5226 5227 5225 
3 5073 5228 5229 
3 4947 4949 5229 
3 5228 5230 5229 
3 4837 4977 5229 
3 4949 5073 5229 
3 4977 4976 5229 
3 5230 4837 5229 
3 4976 5231 5229 
3 5231 4947 5229 
3 4848 5204 5224 
3 4821 5074 4987 
3 5232 4846 5224 
3 5038 5233 4973 
3 4846 4848 5224 
3 4975 4977 4946 
3 5198 5199 5197 
3 4789 4975 4946 
3 4946 4839 5198 
3 5197 4953 4790 
3 4977 4837 4946 
3 4991 5234 5235 
3 4808 4991 5235 
3 5236 4806 5235 
3 5237 5236 5235 
3 4931 5237 5235 
3 5238 4931 5235 
3 5234 5238 5235 
3 4806 4808 5235 
3 5203 5205 5201 
3 4926 4848 4927 
3 4893 4856 4894 
3 4896 4895 4926 
3 5239 4838 5206 
3 5205 5239 5206 
3 4885 5240 5241 
3 5242 5243 5241 
3 5243 4888 5241 
3 4888 4885 5241 
3 5240 5242 5241 
3 5072 5244 5073 
3 5244 5228 5073 
3 5245 5246 4949 
3 5228 5244 4819 
3 5244 5247 4819 
3 5230 5228 4819 
3 5248 5230 4819 
3 5247 4820 4819 
3 5202 5204 5203 
3 5205 5206 5200 
3 4895 5239 5205 
3 4848 4895 5205 
3 5188 5244 5072 
3 5249 5250 5072 
3 4948 5245 4949 
3 5251 5188 5072 
3 5246 5249 5072 
3 5250 5251 5072 
3 4897 4981 5199 
3 4895 4897 5199 
3 4981 4953 5199 
3 5252 4990 4808 
3 5038 5039 5233 
3 5039 5253 5233 
3 4972 5038 4973 
3 4895 4848 4926 
3 4993 5190 5254 
3 5255 4994 5254 
3 5190 5255 5254 
3 4994 4993 5254 
3 5232 5224 4973 
3 5253 5196 5232 
3 5196 4846 5232 
3 5256 5257 5258 
3 5044 4990 5258 
3 5259 5256 5252 
3 5257 5044 5258 
3 5246 5072 4949 
3 5176 5032 5034 
3 5188 5247 5244 
3 4807 5259 5252 
3 5260 5261 5262 
3 5263 5260 5262 
3 5261 5264 5262 
3 5264 5265 5262 
3 5266 5263 5262 
3 5267 5266 5262 
3 5265 5267 5262 
3 5268 5269 5270 
3 5271 5272 5270 
3 5273 5271 5270 
3 5274 5268 5270 
3 5269 5273 5270 
3 5275 5274 5270 
3 5272 5275 5270 
3 4838 4781 5206 
3 5276 5213 5277 
3 4931 5238 5277 
3 4874 4873 5277 
3 4873 5276 5277 
3 5213 4931 5277 
3 5238 5009 5277 
3 5009 4874 5277 
3 5278 5279 5280 
3 5279 5106 5280 
3 5067 5069 5280 
3 5069 5278 5280 
3 5106 5281 5280 
3 4943 5181 5066 
3 5282 5256 5259 
3 5256 5282 5283 
3 5284 5223 5256 
3 4857 5214 5285 
3 4992 4858 5285 
3 4858 4857 5285 
3 5214 4842 5285 
3 4842 4841 5285 
3 5191 4992 5285 
3 4841 5191 5285 
3 4930 5237 4931 
3 4909 4918 4917 
3 5281 5067 5280 
3 5284 5283 5286 
3 5223 5284 5286 
3 5287 4886 5286 
3 5283 5287 5286 
3 4886 4885 5286 
3 4885 5223 5286 
3 4889 5042 5044 
3 5257 4889 5044 
3 4863 5288 5289 
3 5288 5290 5289 
3 5290 5291 5289 
3 5075 4863 5289 
3 5151 5292 5289 
3 5291 5151 5289 
3 5292 5293 5289 
3 5293 5075 5289 
3 5290 4853 5291 
3 4812 5151 5291 
3 4853 4810 5291 
3 4810 4812 5291 
3 5278 5107 5279 
3 5107 5106 5279 
3 5294 5295 5269 
3 5296 5294 5269 
3 5268 5296 5269 
3 5295 5273 5269 
3 5211 5037 5297 
3 4951 4942 5297 
3 5298 5211 5297 
3 5037 4951 5297 
3 4942 5298 5297 
3 5299 5300 5240 
3 4891 5299 5240 
3 5300 5242 5240 
3 4885 4891 5240 
3 4994 4996 4993 
3 4858 4992 4993 
3 4993 4892 4894 
3 4868 5091 4859 
3 5057 5260 5301 
3 5260 5263 5301 
3 4882 5057 5301 
3 5263 5302 5301 
3 5302 4882 5301 
3 5057 5261 5260 
3 4932 4928 4927 
3 5303 5304 5264 
3 5304 5305 5264 
3 5261 5303 5264 
3 5305 5306 5264 
3 5306 5265 5264 
3 5303 5027 5304 
3 5018 5017 5304 
3 5017 5305 5304 
3 5027 5018 5304 
3 5239 4895 4838 
3 4837 5248 4969 
3 5256 5223 5257 
3 5223 4889 5257 
3 4811 5292 5151 
3 4890 4885 4887 
3 4823 4950 4824 
3 5307 5308 5309 
3 5308 4826 5309 
3 5310 5307 5309 
3 5008 5310 5309 
3 5158 5008 5309 
3 4826 5158 5309 
3 4846 5000 4847 
3 5040 4998 5000 
3 5033 5185 5034 
3 4986 5311 4987 
3 4843 4845 5312 
3 5111 5167 5312 
3 4784 5092 5312 
3 5313 4843 5312 
3 5167 4784 5312 
3 5092 5313 5312 
3 4845 5111 5312 
3 5314 5315 5146 
3 5316 5314 5146 
3 5315 5317 5146 
3 5317 5318 5146 
3 5145 5316 5146 
3 5318 5194 5146 
3 4991 5043 5234 
3 4978 4827 5143 
3 4847 4932 4848 
3 4811 5293 5292 
3 4969 5248 4821 
3 5190 4993 4815 
3 4858 4993 4894 
3 5164 5033 5032 
3 5165 5164 5032 
3 5074 4985 4987 
3 5166 5165 5032 
3 5176 5166 5032 
3 5068 5278 5069 
3 5215 5216 4842 
3 5311 4781 4969 
3 5137 5068 5138 
3 5049 4892 4993 
3 5248 4819 4821 
3 4957 4910 5180 
3 5043 5009 5234 
3 5319 5187 5320 
3 5026 5063 5320 
3 5321 5322 5320 
3 5187 5026 5320 
3 5322 5319 5320 
3 5063 5321 5320 
3 5182 4958 4887 
3 5024 5023 5323 
3 4835 5324 5323 
3 5150 5024 5323 
3 5324 5150 5323 
3 5023 4836 5323 
3 4836 4835 5323 
3 4951 4803 4940 
3 5233 5253 4973 
3 5311 4969 4987 
3 5186 5093 5325 
3 5093 5048 5325 
3 5317 5089 5318 
3 5326 4827 4984 
3 5327 5322 5321 
3 5328 5327 5321 
3 5329 5328 5321 
3 5063 5329 5321 
3 4799 5330 5331 
3 5330 5210 5331 
3 5332 4799 5331 
3 5333 5332 5331 
3 5041 5208 5330 
3 5208 5210 5330 
3 4799 5041 5330 
3 4878 5316 5145 
3 5210 5209 4936 
3 4936 5209 4937 
3 4807 5252 4808 
3 5021 5014 5013 
3 5334 5295 5294 
3 5296 5335 5294 
3 5335 5334 5294 
3 5011 5015 5039 
3 5038 5012 5011 
3 5258 4990 5252 
3 4832 4831 5328 
3 5336 4832 5328 
3 4831 5327 5328 
3 5329 5336 5328 
3 4832 4836 4833 
3 5085 4988 4881 
3 5336 4834 4832 
3 5284 5256 5283 
3 5272 5337 5275 
3 5337 5338 5275 
3 5339 5274 5275 
3 5338 5339 5275 
3 5064 5026 4951 
3 5140 5086 5118 
3 4859 4779 4860 
3 4875 5171 5080 
3 4797 4799 5332 
3 5333 4797 5332 
3 4827 4826 5308 
3 5307 5340 5308 
3 5340 5142 5308 
3 5142 4827 5308 
3 5029 5341 5333 
3 4804 5029 5333 
3 4805 4804 5333 
3 5341 4797 5333 
3 5039 5196 5253 
3 5102 5016 4818 
3 4859 4777 4779 
3 4945 5188 5251 
3 5250 5181 5251 
3 5181 4945 5251 
3 5036 5064 4951 
3 5063 5026 5064 
3 4846 5196 5000 
3 4982 4827 4884 
3 5288 4863 5342 
3 4872 5221 5342 
3 5343 4997 5342 
3 4863 4862 5342 
3 4862 4872 5342 
3 5290 5288 5342 
3 4997 5290 5342 
3 5221 5343 5342 
3 5036 5062 5064 
3 4997 4854 5290 
3 4854 4853 5290 
3 4872 4862 4851 
3 5141 5344 4863 
3 5075 5077 4863 
3 5077 5141 4863 
3 4784 5167 4785 
3 4830 4829 5337 
3 5272 5121 5337 
3 4829 5338 5337 
3 5121 4830 5337 
3 5009 5238 5234 
3 4968 5296 5268 
3 5339 4968 5268 
3 5274 5339 5268 
3 5195 5345 5147 
3 5173 4878 5007 
3 5006 5173 5007 
3 5346 5046 5347 
3 4880 5348 4881 
3 4870 4872 5175 
3 4850 5349 5174 
3 5344 4849 4851 
3 5349 4870 5174 
3 5174 4870 5175 
3 4863 5344 4851 
3 5350 5261 5057 
3 5220 5350 5057 
3 4978 5220 5057 
3 5261 5351 5303 
3 5351 5103 5303 
3 5103 5027 5303 
3 4869 4859 4861 
3 5352 5351 5261 
3 5350 5352 5261 
3 5353 5354 5118 
3 5079 4875 5080 
3 5171 4866 5080 
3 4866 4869 4861 
3 5128 5167 5111 
3 5101 5178 4845 
3 5110 5128 5111 
3 4844 5101 4845 
3 5191 4813 4992 
3 5086 5353 5118 
3 5085 5353 5086 
3 5006 4826 5355 
3 4825 5116 5355 
3 4826 4825 5355 
3 5116 5356 5355 
3 5168 5006 5355 
3 5356 5169 5355 
3 5169 5168 5355 
3 5012 5019 5013 
3 5056 5059 5021 
3 4778 4876 4779 
3 5109 5335 5296 
3 4968 5109 5296 
3 5100 5357 5358 
3 5357 5359 5358 
3 5360 5361 5358 
3 5359 5360 5358 
3 5112 5100 5358 
3 5361 5112 5358 
3 5055 5054 5360 
3 5359 5179 5360 
3 5179 5055 5360 
3 5054 5361 5360 
3 5087 5181 5250 
3 5088 5087 5250 
3 5362 5088 5250 
3 5249 5362 5250 
3 4891 4890 5166 
3 5363 4891 5166 
3 5317 4879 5090 
3 5079 4873 4875 
3 5053 5055 5076 
3 5087 5083 5066 
3 5083 5117 5066 
3 4867 4869 4866 
3 5010 5171 4875 
3 5171 5071 4866 
3 5048 5093 5049 
3 5136 5138 5024 
3 5146 5194 5147 
3 5216 4840 4842 
3 5219 4978 5143 
3 5029 4804 4950 
3 5133 4914 5125 
3 5047 5310 5008 
3 5175 4872 4851 
3 5104 4852 5027 
3 5089 5317 5090 
3 4828 4830 4777 
3 4830 4775 4777 
3 4859 4828 4777 
3 4777 4776 4779 
3 4779 4876 4860 
3 4883 4982 4884 
3 5117 5065 5066 
3 5186 5325 5034 
3 5107 5058 5056 
3 5333 5331 4935 
3 4937 4939 4938 
3 5210 4936 4935 
3 5209 4939 4937 
3 5331 5210 4935 
3 4805 5333 4935 
3 5318 5089 5194 
3 5089 5217 5194 
3 5364 5195 5194 
3 5217 5365 5194 
3 5365 5364 5194 
3 4996 4995 5176 
3 4995 5366 5176 
3 5366 5363 5176 
3 5048 4996 5176 
3 5363 5166 5176 
3 4878 5145 5147 
3 5345 5347 5147 
3 4909 4920 4925 
3 5078 5080 5367 
3 5003 5368 5367 
3 5368 5078 5367 
3 5080 4866 5367 
3 4861 5003 5367 
3 4866 4861 5367 
3 5028 5326 4984 
3 4825 4827 5326 
3 4827 4982 4984 
3 5369 5115 5326 
3 5028 5369 5326 
3 5115 4825 5326 
3 5119 5222 5120 
3 5347 5007 5147 
3 5345 5346 5347 
3 5030 4855 5023 
3 5138 5022 5024 
3 4800 5134 5052 
3 5097 5119 5114 
3 5348 5085 4881 
3 5354 5117 5118 
3 5155 5096 5095 
3 4989 5090 4881 
3 5173 4786 4878 
3 5172 5316 4878 
3 4805 4935 4938 
3 5256 5258 5252 
3 4935 4937 4938 
3 5158 5006 5008 
3 4850 5174 4851 
3 5084 4989 4988 
3 4854 4816 4818 
3 5090 4879 4881 
3 5325 5048 5034 
3 4781 4838 4969 
3 5000 4999 4847 
3 5248 4837 5230 
3 5253 5232 4973 
3 4993 4813 4815 
3 5057 4882 4979 
3 5046 5007 5347 
3 5370 5371 5372 
3 5373 5374 5375 
3 5376 5377 5378 
3 5379 5380 5381 
3 5382 5383 5384 
3 5385 5386 5387 
3 5388 5389 5390 
3 5387 5391 5385 
3 5392 5393 5394 
3 5395 5392 5394 
3 5396 5397 5398 
3 5397 5370 5398 
3 5380 5399 5400 
3 5401 5380 5400 
3 5402 5371 5403 
3 5404 5405 5406 
3 5407 5408 5409 
3 5410 5411 5412 
3 5413 5414 5415 
3 5414 5416 5415 
3 5417 5418 5419 
3 5420 5421 5422 
3 5423 5421 5420 
3 5424 5411 5425 
3 5421 5426 5422 
3 5427 5428 5429 
3 5430 5431 5432 
3 5431 5427 5432 
3 5433 5434 5435 
3 5436 5437 5438 
3 5439 5440 5441 
3 5442 5443 5428 
3 5427 5442 5428 
3 5443 5444 5423 
3 5444 5421 5423 
3 5442 5445 5443 
3 5445 5444 5443 
3 5446 5414 5413 
3 5447 5448 5449 
3 5450 5451 5452 
3 5453 5454 5455 
3 5456 5392 5457 
3 5458 5459 5460 
3 5461 5462 5463 
3 5464 5465 5466 
3 5467 5468 5469 
3 5470 5471 5467 
3 5471 5468 5467 
3 5472 5456 5457 
3 5473 5474 5475 
3 5476 5473 5475 
3 5474 5477 5475 
3 5478 5473 5476 
3 5474 5473 5479 
3 5480 5481 5482 
3 5483 5484 5404 
3 5484 5405 5404 
3 5485 5486 5487 
3 5488 5489 5490 
3 5491 5492 5493 
3 5494 5495 5496 
3 5497 5498 5499 
3 5500 5501 5502 
3 5501 5503 5502 
3 5504 5505 5506 
3 5507 5508 5509 
3 5509 5510 5511 
3 5512 5513 5514 
3 5513 5396 5514 
3 5515 5395 5394 
3 5481 5516 5482 
3 5517 5518 5519 
3 5520 5517 5519 
3 5521 5522 5523 
3 5524 5525 5526 
3 5527 5528 5529 
3 5528 5530 5529 
3 5510 5531 5532 
3 5533 5534 5535 
3 5536 5537 5538 
3 5539 5535 5537 
3 5536 5540 5541 
3 5542 5543 5544 
3 5543 5545 5544 
3 5546 5542 5544 
3 5543 5547 5545 
3 5548 5549 5550 
3 5551 5552 5553 
3 5539 5554 5555 
3 5556 5551 5557 
3 5558 5556 5557 
3 5445 5559 5560 
3 5464 5445 5560 
3 5561 5549 5548 
3 5562 5563 5564 
3 5565 5562 5564 
3 5566 5567 5568 
3 5569 5566 5568 
3 5570 5571 5572 
3 5573 5570 5572 
3 5574 5575 5571 
3 5570 5574 5571 
3 5576 5573 5572 
3 5577 5576 5575 
3 5578 5525 5524 
3 5525 5561 5526 
3 5579 5580 5581 
3 5581 5565 5582 
3 5583 5584 5585 
3 5563 5586 5587 
3 5526 5561 5588 
3 5539 5589 5554 
3 5562 5586 5563 
3 5581 5562 5565 
3 5590 5591 5592 
3 5591 5593 5594 
3 5595 5596 5597 
3 5591 5590 5598 
3 5599 5600 5601 
3 5602 5603 5604 
3 5600 5517 5601 
3 5605 5606 5607 
3 5608 5609 5610 
3 5609 5611 5610 
3 5612 5608 5610 
3 5609 5613 5611 
3 5609 5614 5613 
3 5615 5612 5611 
3 5616 5617 5618 
3 5516 5619 5620 
3 5617 5621 5618 
3 5622 5623 5624 
3 5623 5474 5624 
3 5625 5626 5622 
3 5626 5627 5622 
3 5626 5628 5627 
3 5628 5629 5627 
3 5630 5631 5632 
3 5631 5633 5632 
3 5629 5623 5627 
3 5634 5631 5630 
3 5635 5636 5637 
3 5638 5639 5640 
3 5641 5447 5449 
3 5642 5643 5447 
3 5643 5448 5447 
3 5644 5645 5646 
3 5646 5642 5647 
3 5648 5643 5645 
3 5448 5631 5634 
3 5649 5650 5651 
3 5650 5652 5651 
3 5653 5654 5655 
3 5656 5653 5655 
3 5657 5658 5656 
3 5659 5657 5656 
3 5657 5660 5658 
3 5370 5661 5403 
3 5661 5402 5403 
3 5662 5663 5664 
3 5663 5416 5664 
3 5650 5485 5652 
3 5665 5402 5666 
3 5667 5461 5463 
3 5665 5668 5402 
3 5639 5638 5669 
3 5495 5493 5670 
3 5500 5495 5671 
3 5672 5673 5372 
3 5674 5374 5450 
3 5673 5370 5372 
3 5675 5676 5677 
3 5678 5589 5461 
3 5679 5680 5681 
3 5682 5679 5681 
3 5683 5684 5685 
3 5686 5687 5688 
3 5683 5689 5684 
3 5689 5690 5684 
3 5689 5691 5690 
3 5691 5692 5690 
3 5693 5694 5692 
3 5695 5696 5697 
3 5691 5698 5693 
3 5699 5694 5693 
3 5691 5700 5698 
3 5701 5702 5505 
3 5703 5704 5705 
3 5706 5707 5708 
3 5709 5704 5703 
3 5590 5710 5598 
3 5711 5712 5713 
3 5685 5714 5715 
3 5716 5717 5718 
3 5717 5593 5718 
3 5719 5716 5718 
3 5720 5721 5722 
3 5723 5724 5725 
3 5726 5558 5727 
3 5687 5728 5729 
3 5728 5730 5729 
3 5683 5687 5729 
3 5731 5683 5730 
3 5732 5733 5734 
3 5735 5719 5593 
3 5736 5737 5738 
3 5739 5740 5741 
3 5742 5732 5743 
3 5651 5652 5744 
3 5652 5745 5744 
3 5746 5735 5747 
3 5735 5748 5747 
3 5749 5616 5750 
3 5751 5749 5750 
3 5752 5462 5753 
3 5754 5536 5541 
3 5711 5755 5756 
3 5738 5376 5713 
3 5757 5758 5759 
3 5737 5377 5376 
3 5760 5761 5737 
3 5736 5760 5737 
3 5761 5377 5737 
3 5739 5741 5762 
3 5679 5677 5680 
3 5449 5634 5763 
3 5634 5764 5763 
3 5745 5638 5764 
3 5702 5667 5505 
3 5652 5638 5745 
3 5764 5638 5763 
3 5687 5683 5765 
3 5683 5685 5765 
3 5707 5766 5767 
3 5766 5768 5767 
3 5709 5707 5767 
3 5769 5709 5768 
3 5461 5539 5754 
3 5462 5540 5753 
3 5770 5504 5771 
3 5772 5773 5770 
3 5773 5504 5770 
3 5603 5774 5772 
3 5774 5775 5772 
3 5774 5776 5775 
3 5776 5777 5775 
3 5778 5706 5777 
3 5776 5778 5777 
3 5707 5709 5708 
3 5709 5703 5708 
3 5779 5780 5781 
3 5771 5504 5752 
3 5665 5666 5782 
3 5783 5665 5782 
3 5784 5604 5785 
3 5786 5675 5677 
3 5787 5788 5789 
3 5790 5682 5681 
3 5791 5792 5793 
3 5794 5795 5796 
3 5797 5798 5799 
3 5800 5797 5799 
3 5801 5719 5802 
3 5737 5376 5738 
3 5712 5803 5804 
3 5805 5806 5807 
3 5798 5805 5807 
3 5805 5808 5806 
3 5809 5810 5567 
3 5566 5809 5567 
3 5811 5812 5813 
3 5814 5811 5813 
3 5451 5815 5816 
3 5817 5818 5819 
3 5820 5817 5819 
3 5585 5821 5822 
3 5822 5583 5585 
3 5797 5805 5798 
3 5491 5493 5823 
3 5824 5491 5823 
3 5479 5473 5824 
3 5473 5491 5824 
3 5639 5485 5825 
3 5485 5487 5825 
3 5486 5826 5487 
3 5826 5827 5487 
3 5826 5488 5490 
3 5827 5826 5490 
3 5485 5639 5669 
3 5652 5485 5669 
3 5508 5510 5509 
3 5828 5510 5508 
3 5499 5510 5828 
3 5829 5510 5499 
3 5507 5830 5508 
3 5678 5461 5667 
3 5702 5678 5667 
3 5818 5831 5532 
3 5531 5818 5532 
3 5510 5460 5531 
3 5510 5829 5460 
3 5678 5702 5832 
3 5833 5678 5832 
3 5711 5713 5755 
3 5376 5378 5833 
3 5834 5678 5378 
3 5702 5711 5832 
3 5377 5835 5834 
3 5457 5392 5455 
3 5392 5453 5455 
3 5589 5678 5834 
3 5836 5837 5838 
3 5839 5840 5841 
3 5842 5843 5844 
3 5844 5839 5845 
3 5837 5846 5847 
3 5848 5840 5843 
3 5849 5850 5851 
3 5687 5852 5842 
3 5853 5854 5628 
3 5855 5856 5857 
3 5858 5859 5860 
3 5700 5861 5698 
3 5862 5650 5863 
3 5864 5691 5689 
3 5835 5865 5589 
3 5684 5696 5685 
3 5852 5687 5686 
3 5866 5867 5868 
3 5869 5870 5871 
3 5872 5873 5874 
3 5872 5875 5873 
3 5555 5533 5539 
3 5603 5771 5540 
3 5876 5872 5874 
3 5876 5877 5872 
3 5878 5879 5880 
3 5879 5881 5880 
3 5760 5736 5882 
3 5494 5824 5823 
3 5883 5884 5885 
3 5886 5887 5888 
3 5889 5890 5891 
3 5890 5889 5892 
3 5517 5893 5601 
3 5894 5521 5895 
3 5896 5897 5898 
3 5899 5900 5388 
3 5645 5643 5642 
3 5901 5427 5431 
3 5902 5903 5904 
3 5402 5661 5666 
3 5660 5905 5658 
3 5906 5907 5908 
3 5625 5622 5624 
3 5909 5766 5707 
3 5765 5685 5715 
3 5910 5911 5912 
3 5748 5913 5747 
3 5618 5912 5914 
3 5911 5751 5912 
3 5913 5746 5747 
3 5580 5915 5581 
3 5371 5370 5403 
3 5446 5876 5874 
3 5860 5446 5413 
3 5446 5860 5876 
3 5726 5916 5556 
3 5916 5552 5556 
3 5894 5586 5917 
3 5918 5919 5920 
3 5791 5802 5921 
3 5849 5922 5923 
3 5878 5924 5879 
3 5924 5881 5879 
3 5666 5925 5782 
3 5926 5927 5928 
3 5928 5927 5929 
3 5930 5931 5927 
3 5931 5932 5927 
3 5380 5401 5381 
3 5633 5635 5632 
3 5416 5933 5664 
3 5635 5934 5636 
3 5635 5630 5632 
3 5935 5936 5694 
3 5611 5612 5610 
3 5937 5938 5609 
3 5608 5937 5609 
3 5938 5456 5609 
3 5456 5614 5609 
3 5613 5615 5611 
3 5769 5939 5940 
3 5941 5942 5943 
3 5942 5944 5943 
3 5944 5945 5943 
3 5945 5946 5943 
3 5947 5941 5943 
3 5948 5949 5589 
3 5950 5951 5952 
3 5889 5498 5953 
3 5954 5955 5633 
3 5955 5956 5633 
3 5957 5954 5633 
3 5631 5957 5633 
3 5958 5631 5959 
3 5959 5448 5960 
3 5912 5751 5750 
3 5961 5962 5963 
3 5380 5935 5694 
3 5964 5936 5935 
3 5965 5966 5961 
3 5964 5967 5936 
3 5968 5969 5970 
3 5965 5961 5963 
3 5794 5971 5963 
3 5445 5972 5559 
3 5972 5973 5559 
3 5973 5974 5559 
3 5975 5976 5977 
3 5936 5967 5694 
3 5415 5416 5663 
3 5978 5856 5909 
3 5778 5978 5909 
3 5769 5615 5613 
3 5706 5778 5909 
3 5706 5909 5707 
3 5856 5766 5909 
3 5979 5866 5980 
3 5534 5981 5535 
3 5982 5983 5984 
3 5985 5986 5965 
3 5986 5966 5965 
3 5987 5907 5906 
3 5385 5988 5946 
3 5988 5989 5946 
3 5945 5385 5946 
3 5955 5990 5956 
3 5991 5992 5956 
3 5990 5991 5956 
3 5993 5994 5995 
3 5996 5997 5998 
3 5999 6000 6001 
3 6002 6003 6004 
3 6005 6006 6007 
3 6008 6005 6007 
3 5658 5653 5656 
3 6009 6010 5653 
3 6010 6011 5995 
3 5385 5945 5386 
3 6012 6013 6014 
3 6015 6016 6017 
3 6018 6015 6017 
3 6015 5570 6016 
3 6007 6006 6019 
3 5570 5573 6016 
3 5585 5584 6020 
3 5792 5585 6020 
3 6021 6022 6023 
3 6022 5975 6023 
3 6024 5665 5783 
3 5745 5635 5744 
3 6025 5649 6026 
3 6027 6028 6029 
3 6027 6030 6028 
3 5517 5520 5893 
3 5649 5651 5636 
3 5719 5746 6031 
3 5792 5921 6032 
3 6033 6034 6035 
3 6036 6037 6038 
3 6037 5735 6038 
3 5591 6039 6036 
3 6039 6040 6036 
3 5665 6041 6042 
3 6043 5665 6042 
3 6044 6045 6046 
3 6047 6044 6046 
3 6044 5621 6045 
3 5621 6044 6048 
3 6044 6049 6048 
3 5912 5621 6048 
3 6044 6050 6049 
3 5915 6051 6052 
3 5562 5915 6052 
3 5454 6053 6054 
3 6053 6055 6054 
3 5918 6056 6057 
3 6056 5748 6057 
3 6037 5918 6057 
3 6056 5913 5748 
3 6058 5918 5920 
3 6059 6060 5619 
3 5381 6058 5920 
3 6056 6061 6062 
3 5668 6056 6062 
3 6063 5585 6064 
3 5585 5792 6064 
3 5397 5396 6065 
3 5925 5397 6065 
3 5630 5635 5745 
3 6066 5602 5784 
3 5687 5765 5688 
3 5821 5585 6063 
3 5468 5821 6063 
3 5607 5731 5730 
3 5802 5719 6031 
3 6067 6068 6069 
3 6070 6071 6072 
3 6073 6074 6075 
3 5692 5694 6076 
3 6076 6077 6078 
3 5719 5735 5746 
3 5665 6024 6041 
3 5469 5468 6079 
3 5468 6080 6079 
3 5454 5457 5455 
3 5392 5395 5453 
3 5473 5923 6067 
3 6068 5491 6069 
3 6081 6082 6083 
3 5412 5411 5424 
3 6084 5412 6085 
3 6082 5616 6083 
3 6086 5561 6087 
3 5561 6088 6087 
3 6089 5740 6074 
3 5740 6066 6074 
3 5602 5604 5784 
3 6066 5784 6090 
3 6090 6073 6075 
3 5740 5774 5602 
3 5542 5546 6091 
3 5546 6092 6091 
3 6093 6050 6094 
3 6050 6095 6094 
3 5399 6096 6097 
3 5933 5399 6097 
3 6012 6098 6099 
3 6004 6100 6099 
3 6100 6101 6099 
3 6013 6012 6099 
3 6101 6013 6099 
3 6102 6103 6104 
3 6105 6106 6107 
3 6108 6109 6110 
3 5395 5501 6111 
3 5501 6112 6111 
3 6113 6114 6115 
3 5616 5749 6116 
3 5749 6117 6116 
3 6118 6119 6117 
3 5749 6118 6117 
3 6120 6019 6006 
3 6121 6122 6123 
3 6124 6125 6123 
3 6125 6121 6123 
3 6126 6127 6128 
3 6127 6124 6128 
3 6124 6123 6128 
3 5638 5652 5669 
3 6129 6130 5743 
3 6130 6131 5743 
3 6132 6129 5743 
3 6133 5616 6116 
3 6134 5931 6135 
3 6136 6134 6135 
3 5779 6137 6136 
3 5931 5779 6135 
3 6110 6109 6138 
3 6030 6108 6110 
3 6139 6030 6110 
3 6140 5518 6141 
3 6100 6104 6101 
3 5989 6142 6143 
3 6144 6140 6141 
3 6145 6144 6141 
3 6146 6109 6147 
3 5893 5599 5601 
3 6148 6149 6150 
3 6151 6152 6148 
3 6151 6148 5893 
3 5520 6151 5893 
3 6153 5600 5599 
3 6154 6146 6155 
3 5595 6156 6157 
3 6158 5595 6157 
3 6159 5800 6160 
3 6161 6159 6160 
3 6162 6163 6164 
3 5596 6162 6164 
3 6163 5951 5950 
3 6165 5932 5569 
3 5930 5926 6166 
3 6162 5951 6163 
3 6167 5471 6168 
3 5471 6158 6168 
3 6159 5797 5800 
3 5821 6169 6170 
3 6169 5471 6171 
3 6172 5739 5762 
3 5801 6173 5719 
3 5470 5595 6158 
3 5471 5470 6158 
3 6174 6067 6175 
3 6176 6177 5438 
3 6178 6179 6180 
3 6181 6180 6182 
3 5809 6183 5810 
3 6184 6185 6186 
3 6187 6188 6186 
3 6189 5739 6172 
3 6190 6191 6192 
3 5593 5719 5718 
3 5591 6038 6193 
3 6194 6190 6195 
3 6196 6194 6195 
3 6197 6198 6161 
3 6198 6159 6161 
3 6199 6200 6201 
3 6202 6197 6203 
3 6204 6202 6203 
3 6205 6206 6207 
3 6207 6202 6204 
3 6204 6205 6207 
3 6202 6198 6197 
3 6208 5962 6209 
3 5962 6199 6209 
3 5794 5962 5795 
3 6210 5794 5796 
3 6211 6212 6213 
3 6214 6211 6213 
3 5896 5578 6215 
3 6216 5525 5578 
3 5896 6216 5578 
3 5586 5895 6217 
3 5895 5521 6218 
3 6219 6200 6199 
3 5962 6219 6199 
3 6220 6221 6222 
3 5787 5790 5681 
3 6201 6200 6223 
3 5451 5816 5452 
3 6224 5869 5871 
3 5962 6208 5795 
3 6190 6181 6191 
3 5388 6214 5899 
3 5809 6225 6183 
3 6152 6226 6227 
3 5997 6228 6229 
3 5997 6229 6230 
3 5436 5721 5720 
3 5437 6176 5438 
3 5419 6231 5417 
3 6212 6232 6233 
3 5805 6234 5808 
3 6220 6235 6221 
3 5809 5408 6225 
3 5809 5409 5408 
3 6084 5410 5412 
3 5811 6236 5812 
3 6237 5779 6238 
3 6239 6137 6237 
3 6236 6106 6240 
3 6106 6241 6240 
3 6231 5419 6242 
3 5419 6243 6242 
3 6241 6220 6244 
3 5996 6245 6228 
3 6243 5724 6239 
3 5812 6236 6246 
3 6247 6248 6120 
3 5878 5880 6249 
3 5695 6076 6078 
3 5852 5848 5843 
3 6250 6251 6252 
3 5927 6165 6253 
3 5604 5603 6254 
3 5529 5530 5864 
3 6255 6256 5864 
3 6257 6258 5864 
3 5530 6255 5864 
3 6256 6257 5864 
3 6259 6260 6261 
3 6131 6259 6261 
3 5743 6131 6261 
3 6262 6263 6264 
3 6263 5373 6264 
3 5900 6262 6264 
3 6265 5721 5972 
3 6266 6267 5809 
3 5757 6268 6269 
3 5543 6198 6270 
3 6271 5546 5545 
3 6272 5577 5575 
3 6174 6068 6067 
3 5593 5591 6193 
3 6270 6202 6207 
3 5922 6174 6175 
3 6273 6132 5875 
3 6274 6273 5875 
3 6275 5576 5577 
3 6247 6276 6248 
3 6277 6278 6248 
3 5576 6279 5573 
3 5841 5840 6280 
3 6274 5875 5877 
3 5615 5769 5768 
3 6281 6282 6081 
3 6283 6281 6081 
3 6284 6285 6189 
3 6286 6287 6189 
3 6288 6284 6189 
3 6287 6288 6189 
3 6289 6290 6291 
3 6290 6292 6291 
3 6293 6274 5877 
3 5860 6293 5877 
3 6264 5373 5375 
3 5710 6294 6039 
3 6294 5852 6039 
3 5471 6167 6171 
3 5900 6264 5388 
3 6295 5835 5377 
3 5580 6295 5377 
3 5981 6296 6073 
3 6297 6298 5595 
3 6298 6156 5595 
3 6299 6300 5984 
3 5459 5820 5819 
3 6296 6089 6073 
3 6301 6302 6303 
3 6304 6305 5426 
3 6305 6306 5426 
3 6307 5645 5644 
3 6308 6309 5954 
3 5958 6310 5957 
3 6310 6308 5957 
3 6308 5954 5957 
3 5709 6311 5712 
3 6312 6313 6314 
3 6081 6282 6082 
3 6282 6315 6082 
3 5580 6316 6317 
3 6318 6319 6320 
3 6321 6322 6323 
3 6322 6324 6323 
3 5580 6317 5915 
3 6200 6219 5547 
3 6325 6198 5542 
3 6271 6326 5546 
3 5547 6271 5545 
3 6327 6328 6329 
3 6330 6327 6329 
3 6331 6330 6329 
3 6270 6207 5547 
3 6325 6332 6333 
3 6334 6335 6336 
3 5543 6270 5547 
3 6251 6337 6323 
3 6300 5550 5549 
3 5984 6300 5549 
3 6338 5984 5549 
3 6132 5743 5732 
3 5875 6132 5732 
3 6339 6340 6001 
3 6340 6341 6001 
3 6342 6318 6343 
3 6318 6320 6343 
3 6309 6342 6343 
3 6344 5440 5439 
3 6345 6344 5439 
3 5981 6073 5535 
3 6346 6304 5426 
3 5507 6346 5426 
3 6347 6289 6291 
3 6348 6347 6291 
3 6349 6348 6291 
3 6350 6351 6352 
3 6353 6354 6355 
3 5382 6356 5383 
3 6356 6349 5383 
3 6357 5521 5523 
3 5897 5522 5898 
3 6147 5518 6155 
3 6033 6358 6359 
3 6016 6360 6017 
3 6035 5574 5570 
3 6034 5574 6035 
3 6039 5852 6361 
3 5597 6297 5595 
3 6264 5375 5389 
3 5388 6264 5389 
3 6362 6363 6364 
3 6365 6362 6364 
3 6366 6283 6367 
3 6283 6081 6367 
3 6007 6368 6369 
3 6368 6007 6019 
3 6148 6227 6149 
3 5409 6370 5407 
3 6371 6372 6095 
3 6373 5896 6186 
3 5741 5740 6374 
3 6375 6376 5384 
3 6363 6375 5384 
3 6377 6366 6367 
3 6378 6377 6367 
3 6379 5377 5761 
3 6321 6323 6337 
3 6313 6380 6337 
3 6380 6321 6337 
3 6314 6313 6337 
3 6381 6382 6383 
3 6382 6384 6383 
3 6364 6363 5384 
3 6385 6381 6386 
3 6381 6383 6386 
3 6319 6387 6320 
3 6388 6389 6390 
3 6387 5820 6320 
3 6391 5776 5774 
3 6291 6292 6392 
3 6292 6393 6392 
3 6393 6345 6392 
3 6126 6128 6082 
3 6394 6342 6309 
3 6335 6395 6396 
3 6395 6397 6396 
3 6336 6335 6396 
3 5859 6398 5860 
3 6399 6400 6401 
3 5868 6402 6401 
3 6403 6404 6405 
3 6406 6403 6405 
3 6407 6406 6405 
3 6408 5982 6409 
3 6410 5497 6411 
3 5933 6412 6413 
3 6068 6408 6409 
3 5466 5465 6414 
3 5830 5421 6415 
3 6416 5406 5405 
3 5827 5639 5825 
3 6417 5489 5488 
3 5645 5642 5646 
3 5608 6307 6417 
3 5464 5466 6418 
3 5445 5464 6418 
3 5626 5496 6419 
3 6312 6314 6001 
3 6341 6312 6001 
3 5503 5626 6419 
3 6383 6384 5995 
3 6384 6420 5995 
3 5967 6421 6077 
3 6422 6346 5507 
3 5919 6423 5964 
3 6013 6139 6110 
3 6424 6425 6426 
3 5566 6266 5809 
3 5459 5818 5531 
3 5817 6427 5818 
3 6428 6429 5619 
3 6430 6431 5871 
3 6431 6224 5871 
3 5647 5641 6432 
3 6433 6434 6196 
3 5905 6009 5653 
3 6323 6324 6336 
3 6324 6334 6336 
3 6123 6122 6435 
3 5993 6436 5994 
3 6436 5654 5994 
3 6437 6438 5988 
3 6438 6365 5988 
3 6439 6437 5385 
3 6437 5988 5385 
3 6440 5382 5384 
3 5507 5426 5421 
3 5988 6365 5989 
3 6365 6364 5989 
3 6095 6372 5980 
3 6008 6441 6424 
3 6442 6443 5978 
3 6441 6425 6424 
3 6420 5993 5995 
3 6444 6441 6007 
3 5867 6402 5868 
3 6445 6145 6030 
3 6027 6445 6030 
3 6446 6447 6100 
3 6447 6104 6100 
3 6331 6329 6326 
3 5868 6331 6326 
3 5383 6349 6448 
3 5659 5656 5655 
3 6449 6378 5441 
3 6450 6004 6098 
3 6007 6441 6008 
3 6369 6451 6007 
3 6451 6444 6007 
3 6034 6452 5574 
3 6140 6453 5518 
3 6453 6454 5518 
3 6004 6446 6100 
3 6247 6120 6455 
3 5518 6456 5519 
3 6454 6456 5518 
3 6402 6399 6401 
3 6001 6457 6339 
3 6001 6328 6457 
3 6458 6459 6460 
3 6459 6461 6460 
3 6462 6463 6464 
3 6465 6462 6464 
3 6261 6260 6463 
3 6462 6261 6463 
3 6466 6467 6468 
3 6469 6470 6471 
3 6181 6472 6180 
3 5925 6065 6473 
3 6456 5520 5519 
3 6474 5855 6475 
3 6266 6476 6267 
3 5440 6477 5441 
3 6478 6435 6122 
3 6479 6478 6480 
3 6371 6479 6480 
3 6481 6401 6482 
3 6483 6096 6484 
3 6096 6397 6484 
3 6398 6293 5860 
3 6485 6467 6466 
3 6486 6485 6466 
3 5448 6487 5960 
3 6386 6488 6385 
3 6427 6422 5507 
3 6376 6440 5384 
3 6095 6479 6371 
3 6479 6435 6478 
3 6489 5628 5626 
3 5384 5383 6490 
3 6491 6492 6493 
3 6448 6492 6491 
3 6389 6494 6390 
3 5818 6427 5831 
3 6370 5794 6210 
3 6332 6325 5542 
3 6137 5779 6237 
3 6495 6219 5966 
3 5811 6245 6496 
3 6497 6498 6499 
3 6500 6501 6502 
3 5829 5889 5891 
3 6503 6388 6504 
3 6504 6505 6503 
3 6506 6507 6508 
3 6507 6509 6508 
3 6510 6511 5916 
3 5709 5769 6311 
3 5773 5706 5703 
3 6029 6104 6103 
3 6512 6506 6505 
3 6504 6512 6505 
3 5866 5868 5980 
3 6512 6507 6506 
3 5386 6405 6404 
3 5999 6513 6332 
3 6514 5978 6443 
3 6515 6516 6517 
3 6518 6515 6517 
3 6345 5439 6392 
3 6515 6519 6516 
3 6475 5855 6520 
3 5855 6521 6522 
3 6519 6475 6523 
3 6001 6329 6328 
3 5957 5631 5958 
3 6098 5901 6524 
3 5405 6351 5905 
3 6427 5507 5831 
3 6494 6450 6390 
3 6525 5811 6496 
3 6040 6423 5919 
3 5379 5919 5964 
3 6526 5486 5485 
3 5650 6527 5485 
3 5625 5474 5479 
3 5487 5827 5825 
3 6527 6526 5485 
3 5827 6432 6528 
3 5603 5770 5771 
3 6529 6530 6196 
3 5556 5552 5551 
3 5885 6531 6532 
3 6336 6396 6532 
3 6250 6252 6532 
3 6531 6250 6532 
3 6252 6336 6532 
3 6396 6533 6532 
3 5495 5500 5502 
3 5639 5827 6528 
3 5944 6405 5945 
3 6423 5967 5964 
3 5410 6534 6391 
3 6534 5776 6391 
3 5427 6535 5442 
3 6536 6537 6538 
3 6265 5916 5726 
3 5927 5932 6165 
3 6532 6533 6539 
3 6540 5650 5649 
3 5853 6540 5649 
3 6541 5853 5649 
3 6025 6541 5649 
3 5991 6542 5992 
3 6541 6025 5992 
3 6543 6541 5992 
3 6542 6543 5992 
3 6039 6361 6040 
3 6361 6421 6040 
3 6421 6423 6040 
3 6544 6545 6546 
3 6547 6548 6544 
3 5396 6544 5514 
3 6096 5883 6533 
3 5599 6149 6549 
3 5968 5599 6549 
3 6086 6550 6338 
3 6113 5492 5904 
3 6551 5477 6552 
3 6396 6397 6533 
3 6508 6509 6553 
3 5431 6509 6507 
3 6512 6524 6507 
3 6386 6554 6488 
3 6482 6401 6400 
3 6555 6556 5430 
3 5431 5430 6509 
3 5889 6557 5892 
3 5888 5890 5892 
3 6558 5783 6559 
3 6547 6560 6561 
3 5421 5444 5466 
3 5513 5512 6562 
3 6397 6096 6533 
3 6537 6563 6538 
3 6564 6536 6538 
3 6533 5883 6539 
3 5760 6379 5761 
3 5954 6309 5955 
3 6309 5990 5955 
3 6390 6098 6524 
3 6565 6566 6536 
3 5476 6567 6568 
3 5494 5496 6569 
3 5660 6416 5405 
3 6570 5620 6355 
3 6571 6572 5562 
3 6461 6486 6573 
3 5990 6574 5991 
3 6575 5723 6576 
3 6105 6577 6578 
3 6535 6265 5972 
3 6574 6542 5991 
3 6185 6579 6186 
3 5523 6373 6186 
3 5896 6187 6186 
3 6579 5523 6186 
3 6580 6515 5612 
3 6515 6307 5612 
3 6474 6580 5612 
3 6307 5608 5612 
3 5615 6474 5612 
3 6572 5586 5562 
3 6581 6582 6187 
3 6583 6584 6187 
3 6215 6583 6187 
3 6585 5522 5897 
3 6373 6585 5897 
3 5582 6586 5581 
3 6096 5399 5883 
3 5399 5884 5883 
3 6188 6184 6186 
3 6587 6588 6050 
3 6588 5910 6050 
3 6092 5999 6091 
3 6093 6587 6050 
3 5980 6093 6094 
3 6011 6589 6590 
3 6088 6591 5904 
3 6149 5942 6592 
3 6580 6474 6475 
3 5634 5630 5764 
3 6343 6574 5990 
3 6309 6343 5990 
3 6593 6594 6590 
3 6592 6496 5969 
3 5942 5941 6592 
3 5985 6476 6595 
3 5910 5985 6595 
3 5911 5910 6595 
3 6476 6596 6595 
3 6596 5751 6595 
3 5751 5911 6595 
3 6597 6598 5886 
3 6598 5887 5886 
3 6343 5459 5458 
3 6599 6198 6563 
3 6501 6597 5886 
3 6600 6501 5886 
3 5674 5375 5374 
3 5379 5964 5935 
3 5691 5693 5692 
3 5861 6531 5885 
3 6030 6145 6141 
3 5616 6082 5617 
3 6123 5621 5617 
3 6128 6123 5617 
3 6082 6128 5617 
3 6601 5554 5589 
3 5393 5826 5486 
3 6250 6565 6536 
3 6602 6603 6604 
3 6605 6602 6604 
3 6606 6607 6604 
3 6608 6606 6604 
3 6609 6608 6604 
3 6607 6605 6604 
3 6610 5749 5751 
3 6596 6610 5751 
3 6594 6611 6590 
3 6612 5757 6590 
3 6470 6613 6502 
3 6251 6250 6513 
3 5877 5875 5872 
3 5496 5495 6419 
3 5474 5625 5624 
3 6361 5852 6070 
3 6301 5472 6302 
3 5830 5828 5508 
3 5987 6612 6590 
3 6593 6609 6594 
3 6579 6614 6357 
3 6615 6232 6212 
3 6616 6617 5974 
3 6617 6616 6618 
3 6619 6011 6590 
3 5600 5997 6230 
3 6620 6621 5680 
3 6622 6059 5619 
3 6000 6329 6001 
3 6149 5944 5942 
3 6033 6035 5570 
3 6251 6336 6252 
3 6336 6251 6323 
3 6608 6593 6590 
3 6527 5650 5862 
3 5515 6527 5862 
3 5853 6489 5862 
3 6489 5515 5862 
3 5522 5894 5898 
3 6623 5525 6216 
3 6215 6187 5896 
3 5721 5436 5973 
3 6616 5974 5973 
3 5972 5721 5973 
3 5436 6616 5973 
3 6218 5521 6357 
3 5969 6496 5970 
3 6149 6592 5969 
3 5414 5446 5874 
3 5371 6624 5672 
3 6624 5371 6625 
3 6626 6519 6515 
3 6580 6626 6515 
3 5650 6540 5863 
3 5482 6627 6628 
3 6627 6629 6628 
3 5410 6084 6628 
3 6629 6630 6628 
3 6630 6534 6628 
3 6084 5482 6628 
3 6534 5410 6628 
3 5971 5985 5963 
3 5407 6370 6210 
3 5968 6549 5969 
3 5794 6370 5971 
3 5875 5732 6631 
3 5826 5938 5937 
3 5937 6417 5488 
3 5826 5937 5488 
3 5726 5556 5558 
3 5995 6011 6383 
3 6011 6386 6383 
3 6629 5778 6630 
3 5778 5776 6630 
3 5776 6534 6630 
3 6134 6632 5931 
3 6632 6266 5931 
3 5930 5779 5931 
3 6266 5932 5931 
3 5822 5821 6170 
3 5576 6633 6279 
3 5791 5801 5802 
3 5974 5464 5560 
3 6634 6635 5878 
3 6635 5924 5878 
3 6575 6636 5878 
3 6636 6634 5878 
3 6637 5599 5968 
3 5732 5734 6631 
3 5893 6148 6150 
3 6109 5518 6147 
3 6369 5576 6275 
3 6358 6472 6359 
3 5865 6638 5589 
3 5835 5589 5834 
3 5497 5499 5828 
3 5507 5421 5830 
3 5868 6401 6481 
3 6481 6331 5868 
3 6475 6519 6626 
3 6580 6475 6626 
3 6198 6599 6159 
3 6326 5980 5868 
3 5466 5444 6418 
3 5648 6307 6639 
3 5442 6535 5445 
3 6535 5972 5445 
3 5860 5877 5876 
3 6011 6619 6386 
3 6619 5757 6554 
3 5515 5393 6527 
3 6540 5853 5863 
3 6640 6576 5725 
3 5925 5661 5397 
3 6547 6544 5396 
3 6248 6019 6120 
3 6641 6642 6469 
3 6643 6617 6641 
3 6577 6492 6578 
3 5881 5924 6644 
3 5439 5441 6644 
3 5924 6635 6644 
3 6645 5881 6644 
3 5441 6646 6644 
3 6646 6645 6644 
3 6392 5439 6644 
3 6635 6392 6644 
3 6523 6475 6520 
3 6647 5962 5961 
3 6566 6234 6648 
3 6648 6599 6537 
3 6234 5797 6648 
3 6119 6133 6117 
3 6649 6650 6143 
3 6226 6407 6227 
3 5427 5429 6651 
3 6599 6648 6159 
3 6652 5890 5887 
3 6653 6652 5887 
3 6598 6653 5887 
3 6654 5389 6552 
3 5389 5375 6552 
3 5573 6360 6016 
3 5989 6143 5947 
3 6143 6650 5947 
3 6650 5941 5947 
3 6333 6536 6564 
3 6536 6566 6537 
3 6563 6333 6564 
3 6599 6563 6537 
3 5997 6153 6637 
3 6098 6004 6099 
3 5468 5471 6169 
3 5494 5479 5824 
3 6655 5726 5727 
3 6589 6608 6590 
3 5929 5927 6253 
3 6643 6656 6410 
3 5933 5401 5400 
3 5435 6430 5871 
3 5493 5494 5823 
3 5826 5393 5938 
3 6579 6357 5523 
3 5704 5711 5702 
3 5704 5709 5712 
3 6234 5805 5797 
3 5641 5642 5447 
3 5393 5515 5394 
3 5495 5503 6419 
3 5478 5816 6657 
3 5832 5711 5756 
3 6658 5478 6657 
3 5864 5700 5691 
3 6576 5723 5725 
3 6640 6659 6576 
3 5677 5676 5951 
3 5638 5640 6660 
3 5775 5773 5772 
3 5504 5705 5701 
3 5454 5472 5457 
3 5464 6643 5465 
3 5945 6405 5386 
3 5399 5933 5400 
3 5664 5933 6413 
3 5937 5608 6417 
3 6612 5987 6459 
3 5982 5984 6409 
3 6542 5891 6543 
3 6198 5543 5542 
3 6325 6333 6563 
3 6652 6541 6543 
3 6332 6513 6333 
3 6547 5396 5398 
3 5671 6113 6115 
3 5978 6627 6661 
3 6627 5482 6661 
3 5516 5620 6661 
3 5482 5516 6661 
3 6662 6598 5390 
3 6598 5388 5390 
3 5626 5625 5496 
3 6663 6607 6606 
3 6608 6664 6606 
3 6664 6663 6606 
3 6542 5458 5891 
3 6504 6524 6512 
3 5901 5431 6507 
3 5930 6166 5780 
3 6516 6519 6665 
3 6519 6666 6667 
3 6668 6519 6667 
3 6519 6668 6665 
3 6364 6490 6669 
3 5891 5890 6543 
3 6542 6574 5458 
3 5458 5829 5891 
3 6320 5820 5459 
3 6578 6640 5725 
3 6578 6659 6640 
3 5975 6670 6623 
3 5704 5712 5711 
3 6671 5760 5882 
3 5713 5712 5804 
3 6491 6493 6672 
3 5630 5745 5764 
3 6471 6502 6600 
3 6502 6501 6600 
3 5953 6600 6673 
3 6582 6188 6187 
3 5459 6343 6320 
3 6566 6648 6537 
3 6587 6495 6588 
3 6495 5910 6588 
3 5409 6476 5985 
3 6495 5986 5985 
3 5910 6495 5985 
3 5596 5595 6674 
3 5559 5974 5560 
3 5586 5894 5895 
3 6266 5566 5932 
3 6491 6672 6490 
3 6490 6672 6669 
3 5984 6068 6409 
3 5430 5432 6555 
3 6524 5901 6507 
3 5779 5930 5780 
3 5853 6541 6652 
3 5854 5853 6652 
3 6662 5854 6652 
3 6653 6662 6652 
3 5989 6364 6669 
3 5479 5494 6569 
3 5925 6079 6558 
3 5377 5834 5378 
3 5460 5459 5531 
3 6574 6343 5458 
3 5710 6039 5598 
3 6039 5591 5598 
3 6519 6523 6675 
3 6412 5933 6097 
3 5548 6676 5588 
3 6676 5526 5588 
3 5561 5548 5588 
3 6676 5524 5526 
3 5978 6661 6497 
3 6614 6677 6357 
3 6251 6513 6678 
3 6513 5999 6678 
3 5999 6337 6678 
3 6337 6251 6678 
3 5497 5828 6679 
3 5724 6680 6681 
3 6680 6105 6681 
3 6511 6682 5916 
3 5472 6055 6302 
3 6302 6683 6684 
3 6301 5760 6671 
3 5456 5472 5614 
3 5769 5613 5939 
3 5886 5888 5892 
3 6643 6471 6656 
3 5498 6471 5953 
3 5889 5829 5498 
3 6685 6686 6258 
3 5864 6686 5700 
3 5861 5699 5698 
3 6493 6577 6669 
3 5932 5566 5569 
3 6510 6535 5901 
3 6098 6510 5901 
3 6535 5427 5901 
3 6663 6605 6607 
3 6162 5596 6674 
3 6200 6207 6206 
3 5985 5965 5963 
3 6684 6683 6687 
3 6688 6689 6690 
3 6691 6692 6690 
3 6138 6688 6690 
3 6693 6138 6690 
3 6689 6691 6690 
3 6692 6693 6690 
3 5503 5515 6489 
3 6017 6360 6694 
3 5605 5846 5837 
3 5843 5840 5839 
3 5846 5839 5847 
3 5852 5843 5842 
3 5808 6234 6685 
3 6055 6683 6302 
3 5998 5968 5970 
3 6311 5769 5736 
3 5712 6311 5803 
3 5850 6695 5851 
3 6474 5615 5766 
3 5465 6643 6410 
3 6634 6291 6635 
3 6291 6392 6635 
3 6496 5998 5970 
3 5603 5772 5770 
3 5777 5773 5775 
3 6200 6206 6223 
3 5980 6326 6093 
3 6326 6587 6093 
3 5999 6332 5542 
3 5395 5515 5501 
3 5853 5628 6489 
3 6695 6658 5815 
3 5923 6658 5850 
3 5849 5923 5850 
3 5923 5478 6658 
3 5923 5473 5478 
3 6372 5979 5980 
3 5477 6551 6567 
3 6497 5620 6696 
3 5734 5673 5874 
3 6018 6033 6015 
3 6033 5570 6015 
3 6697 6698 6699 
3 6527 5393 6526 
3 6279 6698 6697 
3 5573 6279 6697 
3 6360 5573 6697 
3 6221 6235 6700 
3 6235 5419 6700 
3 6686 6565 5700 
3 6234 6565 6686 
3 5757 6619 6590 
3 6620 6602 6605 
3 6663 6620 6605 
3 5477 6654 6552 
3 6364 5384 6490 
3 6602 5951 6603 
3 6190 6192 6701 
3 6702 5779 5781 
3 6219 6271 5547 
3 6608 6609 6593 
3 6584 6581 6187 
3 5818 5459 5819 
3 5724 6681 5725 
3 6659 6636 6576 
3 6627 5778 6629 
3 5371 5672 5372 
3 6611 5987 6590 
3 6234 6566 6565 
3 6333 6250 6536 
3 5829 5458 5460 
3 6504 6390 6524 
3 5434 6430 5435 
3 5890 6652 6543 
3 6531 5861 6565 
3 6565 5861 5700 
3 6196 6703 6194 
3 6704 6190 6194 
3 6705 6704 6194 
3 6703 6705 6194 
3 6664 6706 6663 
3 6706 6620 6663 
3 5962 5794 5963 
3 5966 6647 5961 
3 5380 5699 5399 
3 5699 5884 5399 
3 6520 5855 6707 
3 5441 6119 6646 
3 6118 6645 6646 
3 6119 6118 6646 
3 6550 6068 5984 
3 6708 6033 6709 
3 5887 5890 5888 
3 6471 6600 5953 
3 6497 6696 6498 
3 6442 6497 6499 
3 5854 5629 5628 
3 6650 6525 5941 
3 5941 6525 6496 
3 6352 6351 5484 
3 6351 5405 5484 
3 5483 6710 5484 
3 6710 6352 5484 
3 5680 6621 5681 
3 6621 5788 5681 
3 5380 5379 5935 
3 6307 6515 6518 
3 6666 6519 6675 
3 6367 6081 6133 
3 6119 6367 6133 
3 5724 5723 6711 
3 5986 6495 5966 
3 5843 5839 5844 
3 6219 6647 5966 
3 6647 6219 5962 
3 5856 5855 6474 
3 6265 6510 5916 
3 6511 6098 6682 
3 5680 5677 6602 
3 5681 5788 5787 
3 6142 5989 6669 
3 5383 6491 6490 
3 6013 6712 6713 
3 6014 6013 6713 
3 6662 6714 5629 
3 5853 5862 5863 
3 6655 5722 5721 
3 6577 6142 6669 
3 5768 5709 5767 
3 5856 6514 5857 
3 6553 5430 6556 
3 6661 5620 6497 
3 5677 5951 6602 
3 6137 5724 6711 
3 6146 6147 6155 
3 6598 6597 6715 
3 5388 6598 6715 
3 6500 6211 6715 
3 6597 6500 6715 
3 6716 5517 6717 
3 5517 5600 6717 
3 6349 6291 6448 
3 6011 6718 6589 
3 6718 6706 6589 
3 6706 6664 6589 
3 5503 6489 5626 
3 5453 5395 6719 
3 6720 6721 6613 
3 6470 6720 6613 
3 6721 6500 6613 
3 6033 6018 6709 
3 6703 6009 6705 
3 6009 6704 6705 
3 6028 6104 6029 
3 5444 5445 6418 
3 6615 6211 6500 
3 6721 6615 6500 
3 6500 6597 6501 
3 6112 6722 6111 
3 6411 5497 6723 
3 6723 5497 6679 
3 6692 6013 6693 
3 6013 6138 6693 
3 6724 6615 6721 
3 6720 6642 6721 
3 6642 6724 6721 
3 6034 6033 6710 
3 6359 6352 6710 
3 6033 6359 6710 
3 5483 6034 6710 
3 6149 6227 5944 
3 6407 6405 5944 
3 6227 6407 5944 
3 6003 6446 6004 
3 6109 6689 6688 
3 6138 6109 6688 
3 6113 5976 6725 
3 5949 6601 5589 
3 5779 6136 6135 
3 6617 6643 5464 
3 6285 5411 5410 
3 5432 5427 6651 
3 6650 6649 6726 
3 6525 6650 6726 
3 6236 5811 6726 
3 6649 6106 6726 
3 5811 6525 6726 
3 6106 6236 6726 
3 5518 5517 6727 
3 5517 6728 6727 
3 6448 6291 6634 
3 5409 5985 5971 
3 6653 6598 6662 
3 5627 5623 5622 
3 6704 6181 6190 
3 6729 6235 6220 
3 5998 6637 5968 
3 6724 6232 6615 
3 6589 6664 6608 
3 6700 5419 5418 
3 6609 6548 6594 
3 6549 6149 5969 
3 5941 6496 6592 
3 5978 5778 6627 
3 6712 6013 6692 
3 6153 5599 6637 
3 6245 5998 6496 
3 5998 5997 6637 
3 6730 6680 5724 
3 5724 6137 6239 
3 5619 6353 5620 
3 5441 6367 6119 
3 6731 6109 6146 
3 6492 6448 6659 
3 5997 5600 6153 
3 6178 6033 6708 
3 6732 6181 6704 
3 5905 6732 6704 
3 6009 5905 6704 
3 6720 6470 6469 
3 5383 6448 6491 
3 6621 6733 5788 
3 6733 6703 5788 
3 6244 6220 6222 
3 6734 6680 6730 
3 6134 5881 6645 
3 6735 6134 6645 
3 6118 6735 6645 
3 5721 5726 6655 
3 6267 5409 5809 
3 5419 6730 6243 
3 5997 5996 6228 
3 6736 6245 5814 
3 6245 5996 5998 
3 6228 6245 6736 
3 6643 6469 6471 
3 6271 6495 6587 
3 6326 6271 6587 
3 6620 5680 6602 
3 5574 6452 6272 
3 6737 6109 6738 
3 6477 6449 5441 
3 6618 6642 6641 
3 6715 6211 6214 
3 6730 5724 6243 
3 6535 6510 6265 
3 6236 6240 6246 
3 6359 6472 6352 
3 6447 6739 6104 
3 6000 5999 6092 
3 6730 5419 6235 
3 6729 6680 6734 
3 6728 6154 6155 
3 6724 6642 6618 
3 6617 6618 6641 
3 5661 5370 5397 
3 6672 6493 6669 
3 6689 6109 6737 
3 6577 6105 6107 
3 6060 6353 5619 
3 6448 6636 6659 
3 6613 6500 6502 
3 5388 6715 6214 
3 6429 6622 5619 
3 6509 5430 6553 
3 5574 6272 5575 
3 6211 6615 6212 
3 6732 6350 6352 
3 6011 6010 6718 
3 6010 6706 6718 
3 6417 6307 5644 
3 5706 5773 5777 
3 6620 6706 6621 
3 6706 6733 6621 
3 6729 6106 6105 
3 6680 6729 6105 
3 6681 6578 5725 
3 6636 6448 6634 
3 5660 5405 5905 
3 6616 5436 5438 
3 6177 6232 5438 
3 6616 5438 6618 
3 6180 6358 6178 
3 6358 6033 6178 
3 6179 6182 6180 
3 6329 6000 6092 
3 6137 5881 6136 
3 5881 6134 6136 
3 6109 6731 6738 
3 5654 5659 5655 
3 6703 6010 6009 
3 6450 6002 6004 
3 5433 6098 6012 
3 6643 6641 6469 
3 5438 6724 6618 
3 6134 6735 6632 
3 6735 6118 6632 
3 6610 6266 6632 
3 6118 6610 6632 
3 6733 6706 6010 
3 5856 5978 6514 
3 6476 6610 6596 
3 6117 6133 6116 
3 6610 6118 5749 
3 6279 6633 6698 
3 6360 6697 6699 
3 6633 6740 6698 
3 6727 6728 6155 
3 6729 6734 6235 
3 6633 5576 6740 
3 6741 6248 6740 
3 5576 6741 6740 
3 6248 6278 6740 
3 6010 5995 5994 
3 6198 6325 6563 
3 6181 6182 6742 
3 6191 6181 6742 
3 5884 5861 5885 
3 6476 6266 6610 
3 6314 5999 6001 
3 5999 5542 6091 
3 6639 6307 6518 
3 6245 5811 5814 
3 5779 6702 6238 
3 6019 6248 6743 
3 5576 6369 6743 
3 6744 5576 6743 
3 6369 6368 6743 
3 6368 6019 6743 
3 6248 6744 6743 
3 6248 6741 6744 
3 6741 5576 6744 
3 5518 6727 6155 
3 6642 6720 6469 
3 6472 6358 6180 
3 5905 6351 6350 
3 5653 6010 5994 
3 6472 6732 6352 
3 6745 6746 6151 
3 5763 5638 6660 
3 6746 6152 6151 
3 5465 6415 6414 
3 6106 6729 6241 
3 6492 6659 6578 
3 5605 5607 5846 
3 5905 6350 6732 
3 6142 6577 6107 
3 5518 6109 6141 
3 6108 6030 6141 
3 6472 6181 6732 
3 6250 6531 6565 
3 5883 5885 6539 
3 5395 6111 6719 
3 6510 6098 6511 
3 5498 5829 5499 
3 5370 6547 5398 
3 6276 6277 6248 
3 6098 5433 6682 
3 6120 6006 6455 
3 6456 6745 5520 
3 6088 5904 6087 
3 6013 6101 6028 
3 5575 5576 5571 
3 5571 5576 5572 
3 6745 6151 5520 
3 6747 6102 6104 
3 6148 6152 6227 
3 6316 5580 6379 
3 5580 5377 6379 
3 5378 5678 5833 
3 6109 6108 6141 
3 6101 6104 6028 
3 6139 6013 6028 
3 6030 6139 6028 
3 6107 6649 6748 
3 6749 6750 6751 
3 5870 6749 6751 
3 6750 5553 5552 
3 6751 6750 5552 
3 6638 5948 5589 
3 6089 6374 5740 
3 5546 6326 6092 
3 6096 6412 6097 
3 6513 6250 6333 
3 5621 5912 5618 
3 5850 6658 6695 
3 6751 5552 6682 
3 5983 6299 5984 
3 5871 5870 6751 
3 5435 5871 6751 
3 5740 5602 6066 
3 6073 6089 6074 
3 5938 5393 5392 
3 6586 5579 5581 
3 6681 6105 6578 
3 5503 5495 5502 
3 5904 6086 6087 
3 5774 5603 5602 
3 5438 6232 6724 
3 5435 6751 6682 
3 6648 5797 6159 
3 5587 5586 6217 
3 5545 5546 5544 
3 5629 6714 5623 
3 6133 6081 6083 
3 5492 6113 5671 
3 6703 6733 6010 
3 5449 5448 5634 
3 6722 5454 5453 
3 5614 5472 6301 
3 5978 6497 6442 
3 5731 5689 5683 
3 6752 6412 6483 
3 6412 6096 6483 
3 5456 5938 5392 
3 6388 6390 6504 
3 6426 6425 6753 
3 5919 5379 5381 
3 5620 6353 6355 
3 5854 6662 5629 
3 5495 5494 5493 
3 5925 5469 6079 
3 5662 6412 6752 
3 6308 6394 6309 
3 5994 5654 5653 
3 6315 6126 6082 
3 5905 5653 5658 
3 5855 5857 6521 
3 5492 5902 5904 
3 6113 6725 6114 
3 6476 5409 6267 
3 5930 5927 5926 
3 6729 6220 6241 
3 6234 6686 6685 
3 6754 5480 5482 
3 6755 6754 5482 
3 5721 6265 5726 
3 6270 6198 6202 
3 5703 5706 5708 
3 6085 6755 6084 
3 6755 5482 6084 
3 6326 6329 6092 
3 6459 6756 6461 
3 6013 6110 6138 
3 6370 5409 5971 
3 5685 5696 5714 
3 6617 5464 5974 
3 5371 5402 6757 
3 6758 6759 6760 
3 6495 6271 6219 
3 6636 6575 6576 
3 5696 5695 5714 
3 6112 5501 5500 
3 5783 5782 6559 
3 6683 6055 6758 
3 5375 6551 6552 
3 5827 5490 6761 
3 6567 5476 6762 
3 6604 6763 6764 
3 5631 5448 5959 
3 6040 6037 6036 
3 6696 6570 6498 
3 6765 5913 6041 
3 6707 5855 6522 
3 5860 5413 5858 
3 5773 5703 5705 
3 5758 6612 6458 
3 6554 5757 6269 
3 6061 6766 6767 
3 6766 6625 6767 
3 6061 6767 6062 
3 6767 6625 6768 
3 6757 6767 6768 
3 6041 6024 6769 
3 6024 6032 6769 
3 6756 6459 6485 
3 5906 6467 6485 
3 6756 6485 6486 
3 6459 5906 6485 
3 5728 5607 5730 
3 6460 6461 6573 
3 5433 5435 6682 
3 5698 5699 5693 
3 6767 5668 6062 
3 5856 6474 5766 
3 6462 6770 6261 
3 6770 6771 6261 
3 6771 5743 6261 
3 6612 6459 6458 
3 6758 6772 6022 
3 6772 5975 6022 
3 5793 5792 6020 
3 5896 5898 6773 
3 5898 5917 6759 
3 6021 6773 6774 
3 6623 6021 6023 
3 5584 5793 6020 
3 5643 6487 5448 
3 6551 5375 5674 
3 6070 5852 5686 
3 6683 6758 6775 
3 6775 6758 6760 
3 6770 6462 6467 
3 5908 6770 6467 
3 5906 5908 6467 
3 5533 5535 5539 
3 5529 5689 5731 
3 5607 5529 5731 
3 6758 6053 6772 
3 6053 5975 6772 
3 6432 5827 6761 
3 6080 6063 6064 
3 6024 6080 5792 
3 5561 6670 6088 
3 6080 5468 6063 
3 6055 6053 6758 
3 5742 6771 6770 
3 5908 5907 6770 
3 5733 5732 6770 
3 5732 5742 6770 
3 5987 5733 6770 
3 5907 5987 6770 
3 6061 6058 6766 
3 6624 6625 6766 
3 6058 6776 6766 
3 6776 6624 6766 
3 5919 5381 5920 
3 6195 6190 6701 
3 6294 5848 5852 
3 5987 5906 6459 
3 6467 6462 6465 
3 6467 6465 6468 
3 5898 5894 5917 
3 6434 6529 6196 
3 6600 5886 5892 
3 5522 5521 5894 
3 5467 5513 6562 
3 6174 6408 6068 
3 6550 5903 6777 
3 5491 6068 6777 
3 5903 5902 6777 
3 5492 5491 6777 
3 6068 6550 6777 
3 5902 5492 6777 
3 6557 6673 5892 
3 5469 5925 6473 
3 6682 5552 5916 
3 5792 6080 6064 
3 6670 5975 5977 
3 6173 5716 5719 
3 5396 5513 6065 
3 6624 5414 5874 
3 5606 5527 5529 
3 5607 5606 5529 
3 6461 6756 6486 
3 6386 6619 6554 
3 6021 6623 6216 
3 5381 5401 6778 
3 6776 6058 6778 
3 6058 5381 6778 
3 5401 5933 6778 
3 5416 6776 6778 
3 5933 5416 6778 
3 6058 6056 5918 
3 6055 5472 6054 
3 6037 5919 5918 
3 6673 6600 5892 
3 6557 5953 6673 
3 6550 6086 5903 
3 5889 5953 6557 
3 5676 5952 5951 
3 6561 6779 6780 
3 6547 6561 6780 
3 6781 6547 6780 
3 6779 6781 6780 
3 6782 6547 6781 
3 6779 6782 6781 
3 6550 5984 6338 
3 5579 6783 5580 
3 6784 6785 6779 
3 6560 6786 6779 
3 6561 6560 6779 
3 6785 6782 6779 
3 6786 6784 6779 
3 5956 5934 6787 
3 5633 5956 6787 
3 5635 5633 6787 
3 5934 5635 6787 
3 5586 6572 5917 
3 6391 5740 5739 
3 5410 6391 5739 
3 6189 5410 5739 
3 5956 5992 5934 
3 5992 6025 5934 
3 5623 6714 6654 
3 5390 5389 6654 
3 6662 5390 6654 
3 6714 6662 6654 
3 5477 5623 6654 
3 6788 6137 6789 
3 6137 6711 6789 
3 5723 6575 6789 
3 6711 5723 6789 
3 6575 6249 6789 
3 5880 6788 6789 
3 6249 5880 6789 
3 6051 6317 6316 
3 6379 6051 6316 
3 6591 6113 5904 
3 5742 5743 6771 
3 5591 6036 6038 
3 5748 6037 6057 
3 6040 5919 6037 
3 5422 5426 6306 
3 5730 5683 5729 
3 5607 5728 5846 
3 5616 6133 6083 
3 6790 6302 6684 
3 6303 6302 6790 
3 6050 5910 6049 
3 6379 5760 6051 
3 5915 6317 6051 
3 6275 6451 6369 
3 6611 6782 6785 
3 5733 5987 6785 
3 6784 5733 6785 
3 5987 6611 6785 
3 5529 5864 5689 
3 6056 6043 5913 
3 5735 6037 5748 
3 6041 5913 6042 
3 5913 6043 6042 
3 5913 6765 5746 
3 5696 5690 6791 
3 6734 6730 6235 
3 5393 5486 6526 
3 6378 6367 5441 
3 5673 5734 6786 
3 5734 5733 6786 
3 6560 5673 6786 
3 5733 6784 6786 
3 5562 5581 5915 
3 6051 6571 6052 
3 6022 6021 6774 
3 6435 6479 6047 
3 6479 6095 6047 
3 6095 6050 6047 
3 6045 6435 6046 
3 6050 6044 6047 
3 5595 5470 6792 
3 5470 5512 6792 
3 6793 5595 6792 
3 5512 6763 6792 
3 6763 6793 6792 
3 6043 6056 5668 
3 5665 6043 5668 
3 5661 5925 5666 
3 6088 6670 6591 
3 5977 6113 6591 
3 5514 6544 6546 
3 6545 6764 6794 
3 5792 5791 5921 
3 6548 6609 6545 
3 6544 6548 6545 
3 5370 5673 6560 
3 6547 5370 6560 
3 5821 5468 6169 
3 5903 6086 5904 
3 6611 6594 6782 
3 6594 6548 6782 
3 6548 6547 6782 
3 5976 6113 5977 
3 6670 5977 6591 
3 5946 5989 6795 
3 5947 5943 6795 
3 5989 5947 6795 
3 5943 5946 6795 
3 6683 6572 6687 
3 6123 6435 6045 
3 6049 5912 6048 
3 5910 5912 6049 
3 6435 6047 6046 
3 5621 6123 6045 
3 5757 5759 6268 
3 5881 6137 6788 
3 5880 5881 6788 
3 5831 5507 5509 
3 6671 5882 5940 
3 5939 6671 5940 
3 5613 5614 5939 
3 5614 6671 5939 
3 5513 5467 5469 
3 6604 6603 6763 
3 5512 6545 6794 
3 6603 5951 6763 
3 5951 6162 6763 
3 6162 6793 6763 
3 5785 5535 6796 
3 5535 6090 6796 
3 5538 5535 5785 
3 6090 5784 6796 
3 5537 5535 5538 
3 5604 5536 5538 
3 5536 5754 5537 
3 6797 5674 6798 
3 5674 5452 6798 
3 6568 5674 6797 
3 6567 5674 6568 
3 5452 5816 6798 
3 5873 6631 5874 
3 5478 5476 6568 
3 6670 5525 6623 
3 6053 5976 5975 
3 6563 6564 6538 
3 6207 6200 5547 
3 6391 5774 5740 
3 6338 5549 5561 
3 5525 6670 5561 
3 5454 6722 6053 
3 6722 5976 6053 
3 6571 5562 6052 
3 5472 5454 6054 
3 5714 5695 6799 
3 5695 6072 6799 
3 6421 6070 6072 
3 5695 6421 6072 
3 6071 5714 6799 
3 6631 5734 5874 
3 5673 5672 5874 
3 5414 6624 6776 
3 5416 5414 6776 
3 5672 6624 5874 
3 5873 5875 6631 
3 5757 6612 5758 
3 6056 6058 6061 
3 6575 5878 6249 
3 5917 6775 6760 
3 6759 5917 6760 
3 5917 6572 6775 
3 6572 6683 6775 
3 5489 6432 6761 
3 5490 5489 6761 
3 5475 5477 6762 
3 5477 6567 6762 
3 6551 5674 6567 
3 5816 5478 6797 
3 5477 5474 5623 
3 6189 6285 5410 
3 6149 5599 6150 
3 5599 5893 6150 
3 5830 6723 6679 
3 5828 5830 6679 
3 5476 5475 6762 
3 6739 6747 6104 
3 5815 6658 6657 
3 5816 5815 6657 
3 5830 6415 6723 
3 6415 6411 6723 
3 6415 5465 6411 
3 5465 6410 6411 
3 6656 5497 6410 
3 6471 5498 6656 
3 5498 5497 6656 
3 5782 5925 6559 
3 5925 6558 6559 
3 6080 5783 6558 
3 6079 6080 6558 
3 6095 5980 6094 
3 5699 5380 5694 
3 6492 6577 6493 
3 6470 6502 6471 
3 5536 5604 6254 
3 5540 5536 6254 
3 6106 6649 6107 
3 6307 5648 5645 
3 5491 5473 6069 
3 5473 6067 6069 
3 6066 6090 6075 
3 6074 6066 6075 
3 6421 5695 6078 
3 6077 6421 6078 
3 6076 5694 6077 
3 5694 5967 6077 
3 5884 5699 5861 
3 6390 6450 6098 
3 5934 6025 6026 
3 5636 5934 6026 
3 5714 6071 5715 
3 6071 5765 5715 
3 5616 5618 5914 
3 5750 5616 5914 
3 5841 5837 5847 
3 5839 5841 5847 
3 5728 5844 5845 
3 5846 5728 5845 
3 5728 5842 5844 
3 5839 5846 5845 
3 6728 5517 6716 
3 5728 5687 5842 
3 5766 5615 5768 
3 5515 5503 5501 
3 6337 5999 6314 
3 5864 6258 6686 
3 6423 6421 5967 
3 5831 5509 5511 
3 5532 5831 5511 
3 5510 5532 5511 
3 6800 6428 5619 
3 5481 6800 5516 
3 6800 5619 5516 
3 5803 5738 5804 
3 5738 5713 5804 
3 6311 5736 5803 
3 5736 5738 5803 
3 6801 6802 6579 
3 6185 6801 6579 
3 6802 6803 6579 
3 6804 6614 6579 
3 6803 6804 6579 
3 5667 5463 5506 
3 5505 5667 5506 
3 5463 5504 5506 
3 5504 5701 5505 
3 5705 5704 5701 
3 5704 5702 5701 
3 5449 5763 6660 
3 5640 5449 6660 
3 5639 5641 5640 
3 5641 5449 5640 
3 5462 5754 5541 
3 5540 5462 5541 
3 5462 5461 5754 
3 5771 5752 5753 
3 5540 5771 5753 
3 5463 5462 5752 
3 5589 5539 5461 
3 5504 5463 5752 
3 6071 5686 5688 
3 5765 6071 5688 
3 6071 6070 5686 
3 6072 6071 6799 
3 6421 6361 6070 
3 5593 5717 5594 
3 5717 5592 5594 
3 5592 5591 5594 
3 6196 6195 6433 
3 5493 5492 5670 
3 5492 5671 5670 
3 5833 5832 5756 
3 5755 5833 5756 
3 5713 5376 5755 
3 5376 5833 5755 
3 6783 6295 5580 
3 5912 5750 5914 
3 5504 5773 5705 
3 5603 5540 6254 
3 5896 6373 5897 
3 5754 5539 5537 
3 6018 6017 6694 
3 5838 6280 6805 
3 5837 5841 5838 
3 5841 6280 5838 
3 5836 5605 5837 
3 5836 5838 6805 
3 6791 6076 5697 
3 6076 5695 5697 
3 5690 5692 6791 
3 5692 6076 6791 
3 5636 5651 5637 
3 5651 5744 5637 
3 6032 6765 6769 
3 6765 6041 6769 
3 5744 5635 5637 
3 5921 6765 6032 
3 5802 6765 5921 
3 6024 5792 6032 
3 6545 5512 6546 
3 5512 5514 6546 
3 6763 5512 6794 
3 6764 6763 6794 
3 6545 6609 6764 
3 6609 6604 6764 
3 5513 5469 6473 
3 6065 5513 6473 
3 5512 5470 6562 
3 5470 5467 6562 
3 6067 5923 6175 
3 5923 5922 6175 
3 5371 6757 6768 
3 6625 5371 6768 
3 5668 6767 6757 
3 5402 5668 6757 
3 6722 5453 6719 
3 6111 6722 6719 
3 6773 5898 6774 
3 5898 6022 6774 
3 6021 6216 6773 
3 6216 5896 6773 
3 6022 5898 6759 
3 6758 6022 6759 
3 5649 5636 6026 
3 6806 6807 6232 
3 6808 6806 6232 
3 6177 6808 6232 
3 5500 5671 6115 
3 6114 5500 6115 
3 6725 6112 6114 
3 6112 5500 6114 
3 5976 6722 6725 
3 6585 6373 5523 
3 5523 5522 6585 
3 6722 6112 6725 
3 5671 5495 5670 
3 5595 6793 6674 
3 6793 6162 6674 
3 6080 6024 5783 
3 5696 6791 5697 
3 5690 5696 5684 
3 6571 6684 6687 
3 6572 6571 6687 
3 6571 6790 6684 
3 6571 6051 6790 
3 6051 6303 6790 
3 6051 5760 6303 
3 5760 6301 6303 
3 6696 5620 6570 
3 5496 5625 6569 
3 5625 5479 6569 
3 5736 5769 5882 
3 5614 6301 6671 
3 5662 5664 6413 
3 6412 5662 6413 
3 6649 6143 6748 
3 6143 6142 6748 
3 6432 5641 6528 
3 5641 5639 6528 
3 5489 5647 6432 
3 5489 5646 5647 
3 6142 6107 6748 
3 5489 5644 5646 
3 5489 6417 5644 
3 5642 5641 5647 
3 6415 5421 6414 
3 5421 5466 6414 
3 6038 5735 6193 
3 5735 5593 6193 
3 5816 6797 6798 
3 5674 5450 5452 
3 5478 6568 6797 
3 5882 5769 5940 
3 5784 5785 6796 
3 5535 6073 6090 
3 5604 5538 5785 
3 5746 6765 6031 
3 6765 5802 6031 
3 6338 5561 6086 
3 6196 6530 6703 
3 5679 5786 5677 
3 6677 6218 6357 
3 5975 6623 6023 
3 6807 6809 6232 
3 6809 6810 6232 
3 6810 6233 6232 
3 6703 6530 5788 
3 6530 5789 5788 
3 5885 6532 6539 
3 5720 5437 5436 
3 5391 6439 5385 
3 6172 6286 6189 
3 6811 6812 6813 
3 6814 6815 6816 
3 6817 6818 6819 
3 6820 6821 6822 
3 6823 6824 6825 
3 6826 6827 6828 
3 6829 6830 6831 
3 6831 6830 6832 
3 6833 6834 6835 
3 6836 6837 6838 
3 6839 6840 6841 
3 6842 6843 6844 
3 6845 6846 6847 
3 6848 6849 6845 
3 6850 6851 6847 
3 6827 6852 6853 
3 6829 6854 6830 
3 6855 6856 6857 
3 6858 6859 6860 
3 6861 6855 6857 
3 6862 6863 6864 
3 6865 6866 6867 
3 6837 6868 6869 
3 6870 6836 6838 
3 6871 6872 6873 
3 6874 6875 6876 
3 6877 6878 6879 
3 6878 6880 6879 
3 6880 6881 6879 
3 6882 6826 6833 
3 6883 6884 6885 
3 6886 6887 6888 
3 6889 6882 6833 
3 6890 6891 6824 
3 6892 6893 6894 
3 6840 6895 6896 
3 6811 6896 6897 
3 6898 6899 6900 
3 6840 6839 6901 
3 6902 6903 6904 
3 6903 6905 6904 
3 6826 6882 6906 
3 6907 6826 6906 
3 6833 6908 6909 
3 6910 6906 6886 
3 6910 6907 6906 
3 6889 6833 6887 
3 6911 6912 6913 
3 6914 6915 6916 
3 6915 6917 6918 
3 6903 6902 6919 
3 6920 6921 6922 
3 6923 6903 6919 
3 6902 6921 6919 
3 6924 6925 6926 
3 6925 6927 6926 
3 6928 6924 6926 
3 6927 6928 6926 
3 6929 6930 6931 
3 6932 6933 6934 
3 6935 6936 6937 
3 6938 6939 6940 
3 6941 6942 6860 
3 6943 6944 6945 
3 6921 6902 6946 
3 6947 6948 6949 
3 6839 6947 6949 
3 6839 6950 6951 
3 6947 6839 6951 
3 6952 6947 6951 
3 6950 6952 6951 
3 6953 6854 6954 
3 6955 6956 6957 
3 6956 6958 6957 
3 6959 6960 6957 
3 6958 6961 6957 
3 6961 6959 6957 
3 6962 6925 6861 
3 6963 6814 6964 
3 6912 6963 6964 
3 6965 6966 6953 
3 6967 6968 6962 
3 6969 6970 6925 
3 6971 6967 6962 
3 6972 6973 6974 
3 6975 6976 6977 
3 6978 6979 6980 
3 6962 6968 6974 
3 6981 6982 6983 
3 6970 6981 6983 
3 6984 6985 6981 
3 6982 6855 6925 
3 6986 6987 6988 
3 6989 6990 6991 
3 6992 6993 6994 
3 6995 6992 6994 
3 6833 6996 6834 
3 6997 6998 6999 
3 6998 7000 6999 
3 7001 7002 6999 
3 7002 6997 6999 
3 7000 7003 6999 
3 7003 7001 6999 
3 7004 6976 7005 
3 7006 7007 7008 
3 7009 7010 7011 
3 7012 7009 7011 
3 7013 7012 7011 
3 7010 7014 7011 
3 7015 7013 7011 
3 7014 7016 7011 
3 7016 7015 7011 
3 6983 6982 6925 
3 6981 6985 6982 
3 7017 7018 7019 
3 7020 7021 7022 
3 7023 7024 7025 
3 7026 7027 7028 
3 7029 7030 7031 
3 6942 6941 6940 
3 7032 7033 7034 
3 7035 7036 7037 
3 7038 7039 7035 
3 7040 6820 6822 
3 7010 7041 6988 
3 7042 7043 7044 
3 7045 7046 6844 
3 7047 7048 7049 
3 7050 7051 7049 
3 7052 6883 6885 
3 7053 7054 6885 
3 7055 7056 7053 
3 7057 7038 7035 
3 6953 6933 6854 
3 7058 7059 7060 
3 7061 7062 7063 
3 7064 7065 7066 
3 7067 7052 6885 
3 7068 7069 7070 
3 6976 6975 7005 
3 7071 7072 7008 
3 7041 7073 6988 
3 7044 7074 6979 
3 7075 7018 7076 
3 7018 7077 7076 
3 6820 7040 7070 
3 7078 7079 7080 
3 7042 7081 7082 
3 6821 7083 6822 
3 7084 7071 7040 
3 6978 6980 7085 
3 7086 7087 6986 
3 7088 7089 7090 
3 7091 7088 7090 
3 7054 7092 6885 
3 7093 7094 7095 
3 6975 6820 7005 
3 7007 7096 7008 
3 7097 7098 7099 
3 7100 6850 7101 
3 7102 7103 7104 
3 7105 7102 7104 
3 7106 7107 7108 
3 7109 7110 7111 
3 7112 7113 7114 
3 7115 7116 7117 
3 7118 7119 7120 
3 6869 7115 7121 
3 6893 7122 6894 
3 7123 7124 7125 
3 7126 7127 7128 
3 7129 7120 6816 
3 7129 7130 7120 
3 7131 6978 7085 
3 7132 7133 7000 
3 7134 7135 7082 
3 7136 7137 7125 
3 7138 7139 7124 
3 7137 7140 7125 
3 6834 6996 7141 
3 7142 7143 7144 
3 7092 7067 6885 
3 7145 7146 6945 
3 7147 7078 7080 
3 7143 7148 7144 
3 7149 7150 7151 
3 7152 7153 7154 
3 7155 7075 7076 
3 7089 7156 7090 
3 7157 7158 7159 
3 7160 7161 7159 
3 7094 7162 7095 
3 6871 7163 7164 
3 7165 7166 7082 
3 7167 7168 6916 
3 7168 7169 6916 
3 6905 7170 7171 
3 7172 7173 7174 
3 7166 7042 7082 
3 7175 7176 7177 
3 7017 7019 6979 
3 7178 7179 7017 
3 7180 6943 7181 
3 7182 7109 7111 
3 7110 7183 7111 
3 7084 7072 7071 
3 7095 7162 6876 
3 7163 6871 6873 
3 7043 7074 7044 
3 6986 6988 7184 
3 7185 6986 7184 
3 7186 7187 6873 
3 7188 7189 7190 
3 7085 7191 7188 
3 7131 7085 7188 
3 7131 7188 7190 
3 7019 7189 7191 
3 7192 7193 7194 
3 7195 7196 7197 
3 7198 7195 7197 
3 6975 7199 7196 
3 7200 7201 7202 
3 7203 7200 7202 
3 7204 7205 7206 
3 7207 6950 7208 
3 6948 7209 6901 
3 7210 7211 7062 
3 7212 7213 7214 
3 6839 6949 6901 
3 7030 7215 7216 
3 7097 7217 7218 
3 6896 7206 7219 
3 6851 6850 7220 
3 7221 7222 7223 
3 7224 7225 7091 
3 6921 6964 7226 
3 7227 7207 7208 
3 7228 7229 7230 
3 7231 7058 7232 
3 7233 7193 7153 
3 7234 7235 6850 
3 7236 7237 6847 
3 6848 6845 7220 
3 7161 7238 7239 
3 7240 7086 6986 
3 7241 7242 7243 
3 7224 7244 7225 
3 7063 7062 7243 
3 7245 7029 7031 
3 7246 7247 7248 
3 7249 7250 7251 
3 7252 7253 7203 
3 7253 7200 7203 
3 7254 6933 6953 
3 6966 7255 6953 
3 7255 7256 6953 
3 6953 7257 6965 
3 7257 7258 7259 
3 6954 7258 7257 
3 6953 6954 7257 
3 6932 6854 6933 
3 7256 7254 6953 
3 6921 6912 6964 
3 7260 7261 7262 
3 7263 7264 7265 
3 6864 7266 7180 
3 7267 7268 6864 
3 7269 7270 6944 
3 6863 7271 6864 
3 6862 7272 6863 
3 6848 7273 7066 
3 7168 7167 6918 
3 7274 7168 6918 
3 7224 7036 7244 
3 7275 7276 7151 
3 7277 7035 7037 
3 7277 7057 7035 
3 7074 7178 7017 
3 7179 7278 7017 
3 7279 7135 7102 
3 7280 7228 7230 
3 7281 7282 7283 
3 7284 7285 7286 
3 7287 7271 7286 
3 7264 7274 6918 
3 7288 6941 7214 
3 7289 7275 7151 
3 7290 6864 7181 
3 6939 7291 7292 
3 7293 7294 7295 
3 7266 7296 7180 
3 7297 7298 7294 
3 7299 6867 7295 
3 7046 6866 6844 
3 6865 6842 6844 
3 7300 7301 7302 
3 7303 7304 7305 
3 7306 7307 7308 
3 7306 7309 7307 
3 7310 7311 7312 
3 6968 7313 6974 
3 6850 7273 7220 
3 7039 7036 7035 
3 7314 6914 7315 
3 7214 6941 6860 
3 6914 7316 6915 
3 7316 6917 6915 
3 7317 7121 6900 
3 7307 7318 7312 
3 7235 7319 7273 
3 7018 7189 7019 
3 6950 7320 6893 
3 7321 7133 7322 
3 7301 7282 7323 
3 7324 7325 7230 
3 7326 7327 7317 
3 7121 6898 6900 
3 6843 7328 6844 
3 6911 6913 7329 
3 7330 7331 7332 
3 7162 6874 6876 
3 7291 6858 7292 
3 7213 7288 7214 
3 7122 7333 6894 
3 7320 6950 7207 
3 7334 6892 6894 
3 7335 7336 7108 
3 6939 7337 7338 
3 7339 6927 6973 
3 6972 7339 6973 
3 7313 6972 6974 
3 7340 6984 6981 
3 7341 7342 7343 
3 6970 6983 6925 
3 6854 6829 6954 
3 6815 7129 6816 
3 6814 7344 6964 
3 6838 6837 7121 
3 7228 7345 7229 
3 7346 7347 7348 
3 7349 7341 7343 
3 7350 6959 7351 
3 7217 7352 7218 
3 6973 6925 6974 
3 6891 7353 6825 
3 7121 7115 7117 
3 7209 7354 6901 
3 7268 7296 7266 
3 6939 7338 7291 
3 6906 6889 6887 
3 6935 6937 6836 
3 6939 7355 7337 
3 6828 6853 6909 
3 6853 6824 6909 
3 6852 6890 6824 
3 6969 7340 6981 
3 6985 6855 6982 
3 6993 7142 7144 
3 7356 7021 7357 
3 7021 7020 7357 
3 6994 6993 7144 
3 7358 7359 7360 
3 7361 7358 7360 
3 7021 7356 7362 
3 6878 7021 7362 
3 7358 7361 7022 
3 7331 7363 7364 
3 6881 6880 7365 
3 6979 6978 7049 
3 7366 7367 7015 
3 7368 7369 7015 
3 7064 7370 7015 
3 7016 7368 7015 
3 7369 7064 7015 
3 7367 7013 7015 
3 7370 7366 7015 
3 7034 7033 7070 
3 7132 7000 6998 
3 6997 7132 6998 
3 7371 7372 7373 
3 7372 7374 7373 
3 7050 7371 7373 
3 7051 7050 7373 
3 7374 7177 7373 
3 7177 7176 7373 
3 7176 7051 7373 
3 6821 6820 7195 
3 7000 7069 7003 
3 7069 7068 7003 
3 7068 7375 7003 
3 7376 7071 7008 
3 7377 7376 7108 
3 7069 6819 7070 
3 7033 7004 7005 
3 6819 7034 7070 
3 6888 6835 7378 
3 6886 6888 7378 
3 7379 7380 7378 
3 7381 6886 7378 
3 7382 7381 7378 
3 7380 7383 7378 
3 6835 7384 7378 
3 7384 7379 7378 
3 7383 7382 7378 
3 7175 7385 7232 
3 7386 7387 7388 
3 6812 7386 7388 
3 7227 7389 7388 
3 6813 6812 7388 
3 7390 6813 7388 
3 7387 7227 7388 
3 7389 7390 7388 
3 7391 7392 7393 
3 7392 7258 7393 
3 7394 7391 7393 
3 7395 7396 7393 
3 7396 7397 7393 
3 7252 6881 7365 
3 7258 6954 7393 
3 7397 7398 7393 
3 7398 7394 7393 
3 6954 7395 7393 
3 7399 7002 7001 
3 6978 7047 7049 
3 6954 6829 7395 
3 7400 7396 7395 
3 6829 6831 7395 
3 6831 7400 7395 
3 7400 7397 7396 
3 7071 7375 7040 
3 7096 7376 7008 
3 7401 7071 7376 
3 7042 7044 6979 
3 7399 7014 7002 
3 7014 6997 7002 
3 7402 7379 7403 
3 7123 7118 7403 
3 7404 7123 7403 
3 7405 7406 7403 
3 7406 7402 7403 
3 7118 7120 7403 
3 7120 7130 7403 
3 7130 7407 7403 
3 7407 7405 7403 
3 7379 7404 7403 
3 7408 7409 7410 
3 7335 7408 7410 
3 7336 7335 7410 
3 7411 7336 7410 
3 7409 7412 7410 
3 7412 7065 7410 
3 7065 7413 7410 
3 7413 7411 7410 
3 7206 7205 7219 
3 7414 6819 7000 
3 7321 7415 7414 
3 7401 7375 7071 
3 7416 7417 7138 
3 7418 7416 7138 
3 7123 7418 7138 
3 7139 7136 7124 
3 7417 7139 7138 
3 7233 7153 7419 
3 7420 7421 7422 
3 7423 7315 7422 
3 7421 7238 7422 
3 7238 7424 7422 
3 7424 7425 7422 
3 7315 7420 7422 
3 7425 7423 7422 
3 7119 7149 7120 
3 7133 7414 7000 
3 6819 7069 7000 
3 6997 7133 7132 
3 7426 7358 7022 
3 7021 7427 7022 
3 7428 7429 7430 
3 7431 7432 7430 
3 7433 7431 7430 
3 7434 7433 7430 
3 7435 7434 7430 
3 7432 7428 7430 
3 7436 7435 7430 
3 7437 7436 7430 
3 7429 7437 7430 
3 7438 7439 7440 
3 7127 7440 7128 
3 7441 7438 7440 
3 7127 7441 7440 
3 7439 7442 7128 
3 7443 7421 7420 
3 6916 7443 7420 
3 6914 6916 7315 
3 7423 7314 7315 
3 7184 6988 7444 
3 6987 6997 6988 
3 7445 7446 7421 
3 7443 7447 7421 
3 7446 7448 7421 
3 7448 7239 7421 
3 7239 7238 7421 
3 7447 7445 7421 
3 7087 6987 6986 
3 6987 7133 6997 
3 7449 7450 7451 
3 7450 7397 7451 
3 7452 7453 7451 
3 7454 7449 7451 
3 7453 7455 7451 
3 7455 7454 7451 
3 6832 7452 7451 
3 7397 6832 7451 
3 7141 7148 7456 
3 7457 7458 7456 
3 7459 7460 7456 
3 7458 7141 7456 
3 7460 7457 7456 
3 7148 7459 7456 
3 7461 7429 7428 
3 6917 7461 7428 
3 6918 6917 7428 
3 6918 7428 7432 
3 7081 7176 7082 
3 7048 7050 7049 
3 7176 6979 7049 
3 7058 7231 7462 
3 7059 7058 7462 
3 7231 7463 7462 
3 7463 7059 7462 
3 7464 7465 7240 
3 7465 7466 7240 
3 7467 7086 7240 
3 7466 7467 7240 
3 7219 7147 7080 
3 7197 7199 7468 
3 7415 6819 7414 
3 7081 7042 6979 
3 6950 6839 7389 
3 7208 6950 7389 
3 6839 6841 7389 
3 7227 7208 7389 
3 6841 7390 7389 
3 7211 7173 7172 
3 6884 7469 7172 
3 7056 7055 7172 
3 7055 6884 7172 
3 7062 7211 7172 
3 7469 7062 7172 
3 7031 7470 7028 
3 7027 7245 7028 
3 7216 7471 7031 
3 6819 7472 7034 
3 7473 7474 7475 
3 7474 7476 7475 
3 7476 7477 7475 
3 7478 7473 7475 
3 7479 7478 7475 
3 7477 7479 7475 
3 7480 7343 7481 
3 7343 7342 7481 
3 7363 7480 7481 
3 7342 7482 7481 
3 7350 7363 7481 
3 7482 7350 7481 
3 7483 7484 7485 
3 7484 7248 7485 
3 7486 7487 7485 
3 7248 6990 7485 
3 7487 7488 7485 
3 6990 7489 7485 
3 7488 7483 7485 
3 7489 7486 7485 
3 7490 6960 7491 
3 7492 7490 7491 
3 7350 7482 7491 
3 6959 7350 7491 
3 6960 6959 7491 
3 7482 7492 7491 
3 7493 6960 7490 
3 7494 7493 7490 
3 7492 7495 7490 
3 7495 7494 7490 
3 7364 7363 7351 
3 7496 7497 7498 
3 7431 7496 7498 
3 7497 6918 7498 
3 7476 7499 7477 
3 7500 7479 7477 
3 7499 7501 7477 
3 7155 7076 7477 
3 7501 7155 7477 
3 7076 7500 7477 
3 7502 7503 7026 
3 7470 7502 7028 
3 7504 7027 7026 
3 7502 7026 7028 
3 7503 7504 7026 
3 7457 7416 7458 
3 7458 6835 7141 
3 7384 6835 7458 
3 7505 7144 7141 
3 7416 7384 7458 
3 7466 7506 7507 
3 7506 7508 7507 
3 7058 7466 7507 
3 7104 7058 7507 
3 7508 7509 7507 
3 7509 7104 7507 
3 7443 6916 7510 
3 7511 7512 7510 
3 7447 7443 7510 
3 6916 7169 7510 
3 7512 7447 7510 
3 7513 7511 7510 
3 7169 7513 7510 
3 7219 7514 7305 
3 7489 6990 6989 
3 7515 7489 6989 
3 7516 7517 6989 
3 7517 7515 6989 
3 6818 7032 7472 
3 6818 7472 6819 
3 7101 6850 6847 
3 7304 7152 7305 
3 7518 7056 7174 
3 7519 7054 7520 
3 7521 7519 7520 
3 7522 7487 7486 
3 7489 7523 7486 
3 7523 7522 7486 
3 7524 7525 7521 
3 7525 7519 7521 
3 7517 7523 7515 
3 7523 7489 7515 
3 7526 7488 7487 
3 7522 7526 7487 
3 7527 7528 7529 
3 7530 7527 7529 
3 7528 7531 7529 
3 7531 7532 7529 
3 7533 7530 7529 
3 7532 7533 7529 
3 7344 6814 6816 
3 6843 7534 7527 
3 7534 7528 7527 
3 7328 6843 7527 
3 7530 7328 7527 
3 7098 7471 7099 
3 7471 7470 7031 
3 7535 7470 7471 
3 6884 7053 6885 
3 7245 7031 7028 
3 7535 7502 7470 
3 7030 7216 7031 
3 7536 7018 7537 
3 7538 7536 7537 
3 7278 7538 7537 
3 7017 7278 7537 
3 7018 7017 7537 
3 7539 7540 7541 
3 7540 7542 7541 
3 7542 7543 7541 
3 7522 7539 7541 
3 7526 7522 7541 
3 7543 7526 7541 
3 7018 7536 7544 
3 7536 7538 7544 
3 7538 7545 7544 
3 7296 7546 7180 
3 7077 7018 7544 
3 7545 7077 7544 
3 7466 7465 7506 
3 7465 7508 7506 
3 7547 7548 7549 
3 7548 7221 7549 
3 7550 7547 7549 
3 7551 7550 7549 
3 7434 7551 7549 
3 7221 7434 7549 
3 7205 7552 7514 
3 7146 7290 7181 
3 7285 7287 7286 
3 7553 7503 7502 
3 7535 7553 7502 
3 7554 7555 6929 
3 6865 6867 7299 
3 7298 6865 7299 
3 7272 7271 6863 
3 7467 7087 7086 
3 7473 7556 7474 
3 7556 7476 7474 
3 6995 6994 7144 
3 7377 7014 7399 
3 6840 6896 7390 
3 6841 6840 7390 
3 7557 7329 7558 
3 7559 7289 7151 
3 7560 7561 7562 
3 6930 7293 7295 
3 6908 6828 6909 
3 6916 7420 7315 
3 6899 7326 6900 
3 7563 7564 7317 
3 7564 6870 6838 
3 7248 7247 7565 
3 7317 6838 7121 
3 6870 7566 6836 
3 6925 6855 6861 
3 7271 7567 6864 
3 7568 7145 6945 
3 7546 6944 6943 
3 6886 6906 6887 
3 6849 7236 6846 
3 7557 6911 7329 
3 7292 6858 6860 
3 6939 7292 6940 
3 7569 7570 7571 
3 7288 7569 7571 
3 6937 6837 6836 
3 7572 7263 7223 
3 6970 6969 6981 
3 7573 7574 7575 
3 7576 7100 7101 
3 6851 6845 6847 
3 7577 7302 7578 
3 7303 7579 7304 
3 7579 7580 7304 
3 6875 6871 7095 
3 7397 7581 7398 
3 7564 6838 7317 
3 7582 7224 7163 
3 7374 7175 7177 
3 7583 7584 7575 
3 7158 7157 7585 
3 7005 6820 7070 
3 7464 7240 6986 
3 6919 6921 6920 
3 6964 7344 7226 
3 7586 7224 7091 
3 7310 7587 7311 
3 7588 7589 7311 
3 7589 7577 7311 
3 7590 7591 7524 
3 6867 6866 7592 
3 7309 7318 7307 
3 7249 7593 7250 
3 7593 7355 7250 
3 7349 7594 7595 
3 7596 7597 7598 
3 7546 6943 7180 
3 6930 7599 6931 
3 7302 7301 7323 
3 7024 7302 7323 
3 7524 7521 7174 
3 7265 6918 7497 
3 7223 7263 7265 
3 6930 7560 7562 
3 7561 7600 7562 
3 6872 7186 6873 
3 6881 7252 7203 
3 7363 7350 7351 
3 7601 7602 7603 
3 7604 7605 7606 
3 6881 7203 7202 
3 6959 7364 7351 
3 7268 7266 6864 
3 7282 7297 7283 
3 7294 7299 7295 
3 7607 7608 7575 
3 7609 7349 7610 
3 7242 7063 7243 
3 7611 7596 7598 
3 7612 7210 7061 
3 7613 7597 7243 
3 7210 7062 7061 
3 7614 7615 7616 
3 7270 7568 6945 
3 6896 7204 7206 
3 7567 7267 6864 
3 7617 7249 7251 
3 7618 7614 7619 
3 6879 6881 7620 
3 7083 7084 6822 
3 7336 7377 7108 
3 7327 7563 7317 
3 7224 7277 7037 
3 7215 7621 7216 
3 7467 7622 7087 
3 7221 7223 7265 
3 7613 7062 7598 
3 6923 6919 6920 
3 7318 7310 7312 
3 7472 7032 7034 
3 7080 7079 6897 
3 7036 7224 7037 
3 7074 7017 6979 
3 7235 7273 6850 
3 7623 7600 7561 
3 6864 7180 7181 
3 6887 6833 6835 
3 6881 7202 7624 
3 7191 7189 7188 
3 7085 6980 7191 
3 6980 7019 7191 
3 7199 6975 6977 
3 7196 7199 7197 
3 7100 7234 6850 
3 7625 7192 7194 
3 7154 7153 7626 
3 7626 7153 7192 
3 7153 7193 7192 
3 7147 7154 7626 
3 7625 7147 7626 
3 7147 7219 7154 
3 7253 7627 7200 
3 7627 7201 7200 
3 7062 7611 7598 
3 6877 6879 7620 
3 7587 7588 7311 
3 7402 7380 7379 
3 6942 7292 6860 
3 7628 7303 7305 
3 7570 6938 6940 
3 7292 6942 6940 
3 7264 6918 7265 
3 7629 7630 7631 
3 7632 7149 7151 
3 7582 7163 6873 
3 7633 7212 7214 
3 7163 7224 7586 
3 7608 7583 7575 
3 7634 7617 7635 
3 7617 7251 7635 
3 7627 7629 7201 
3 6868 7115 6869 
3 7290 6862 6864 
3 7609 7636 7637 
3 7349 7609 7637 
3 7229 7324 7230 
3 7201 7629 7631 
3 7638 6923 6920 
3 7384 7418 7379 
3 7597 7241 7243 
3 6932 7452 6832 
3 6854 6932 6832 
3 6852 6824 6853 
3 7601 7634 7639 
3 7602 7601 7639 
3 7601 7617 7634 
3 7618 7619 7640 
3 7604 7618 7640 
3 7287 7285 7630 
3 7629 7287 7630 
3 7023 6929 7641 
3 7580 7260 7262 
3 7574 7607 7575 
3 7144 7148 7141 
3 6927 6925 6973 
3 7614 7616 7642 
3 7609 7605 7636 
3 7605 7604 7643 
3 7615 7644 7616 
3 7615 7602 7644 
3 7555 6930 6929 
3 7397 7400 6832 
3 7272 7284 7286 
3 7619 7614 7642 
3 6939 7250 7355 
3 7645 6878 6877 
3 7021 6878 7645 
3 7618 7604 7606 
3 7602 7615 7603 
3 6936 7324 7229 
3 6830 6854 6832 
3 7539 7347 7540 
3 7347 7646 7540 
3 7646 7647 7540 
3 7647 7542 7540 
3 7525 7591 7531 
3 7648 7525 7531 
3 7591 7532 7531 
3 7528 7648 7531 
3 7512 7446 7445 
3 7087 7622 6987 
3 7547 7576 7548 
3 7576 7222 7548 
3 7222 7221 7548 
3 6883 7649 6884 
3 7650 7469 6884 
3 7649 7650 6884 
3 7520 7518 7174 
3 6961 7332 7364 
3 6949 6948 6901 
3 7056 7172 7174 
3 7120 7149 6816 
3 7116 7651 7114 
3 7183 7113 7112 
3 7652 7121 7114 
3 7182 7111 7112 
3 7111 7183 7112 
3 7651 7653 7112 
3 7653 7182 7112 
3 7516 6989 6991 
3 7150 7119 7125 
3 7479 7500 7077 
3 7077 7500 7076 
3 7654 7479 7077 
3 7655 7654 7077 
3 7545 7655 7077 
3 7427 7426 7022 
3 6845 6851 7220 
3 7117 7116 7114 
3 7175 7103 7102 
3 7100 7576 7547 
3 7234 7100 7547 
3 7656 7234 7547 
3 7550 7656 7547 
3 7440 7439 7128 
3 6950 6893 7657 
3 6893 6892 7657 
3 7658 6950 7657 
3 6892 7658 7657 
3 7659 7394 7398 
3 7438 7503 7553 
3 7535 7352 7553 
3 7660 7438 7553 
3 7352 7660 7553 
3 7060 7661 7662 
3 7596 7611 7663 
3 7621 7215 7663 
3 7611 7621 7663 
3 7215 7596 7663 
3 7433 7221 7431 
3 7265 7497 7496 
3 7498 6918 7432 
3 7664 7665 7054 
3 7665 7092 7054 
3 7519 7664 7054 
3 7650 7062 7469 
3 7187 7582 6873 
3 7248 7666 6991 
3 7237 7222 7576 
3 7418 7384 7416 
3 7457 7417 7416 
3 7140 7150 7125 
3 7149 7119 7150 
3 7140 7559 7150 
3 7119 7123 7125 
3 7434 7221 7433 
3 7057 7277 7476 
3 7556 7057 7476 
3 7277 7499 7476 
3 7418 7404 7379 
3 7361 7020 7022 
3 7438 7660 7439 
3 7660 7667 7439 
3 7581 7397 7439 
3 7397 7450 7439 
3 7668 7581 7439 
3 7442 7126 7128 
3 7450 7442 7439 
3 7667 7668 7439 
3 7134 7175 7102 
3 7556 7038 7057 
3 7633 6859 7669 
3 7212 7633 7669 
3 6859 7670 7669 
3 7671 7672 7669 
3 7673 7671 7669 
3 7672 7212 7669 
3 7670 7673 7669 
3 7109 7671 7673 
3 7110 7109 7673 
3 7674 7110 7673 
3 7670 7674 7673 
3 7675 7446 7512 
3 7676 7677 7512 
3 7677 7675 7512 
3 7512 7445 7447 
3 7511 7676 7512 
3 7678 7524 7174 
3 7054 7056 7518 
3 7521 7520 7174 
3 7056 7054 7053 
3 7514 7628 7305 
3 7219 7205 7514 
3 7377 7336 7411 
3 7014 7377 7411 
3 7413 7014 7411 
3 7161 7239 7159 
3 7242 7612 7063 
3 7441 7504 7503 
3 7438 7441 7503 
3 7104 7103 7058 
3 7103 7175 7058 
3 7633 7214 6860 
3 6896 6811 6813 
3 6859 7633 6860 
3 7124 7136 7125 
3 7123 7138 7124 
3 7404 7418 7123 
3 7119 7118 7123 
3 7270 7607 7568 
3 7607 7574 7568 
3 7679 7145 7568 
3 7574 7679 7568 
3 7675 7448 7446 
3 7237 7576 7101 
3 7525 7680 7519 
3 7591 7525 7524 
3 7304 7262 7152 
3 7262 7681 7152 
3 7681 7666 7152 
3 7152 7666 7419 
3 6859 7682 7670 
3 7683 7674 7670 
3 7682 7683 7670 
3 7133 7467 7466 
3 6875 7095 6876 
3 7676 7684 7677 
3 7684 7557 7677 
3 7557 7675 7677 
3 7246 7248 7484 
3 7170 7160 7159 
3 7483 7246 7484 
3 7675 7157 7448 
3 7376 7096 7108 
3 7399 7401 7376 
3 7678 7590 7524 
3 7649 7611 7650 
3 7611 7062 7650 
3 7431 7221 7496 
3 7352 7685 7660 
3 7686 7667 7660 
3 7685 7686 7660 
3 7413 7016 7014 
3 6858 7682 6859 
3 7062 7613 7243 
3 7176 7175 7134 
3 7612 7061 7063 
3 7164 7586 7090 
3 7400 6831 6832 
3 6846 7236 6847 
3 7107 7335 7108 
3 7093 7164 7090 
3 7586 7091 7090 
3 6913 6912 6946 
3 6895 7204 6896 
3 7322 7060 7662 
3 6845 6849 6846 
3 7505 6995 7144 
3 7566 6935 6836 
3 7599 7687 7308 
3 6944 7270 6945 
3 7302 7024 7688 
3 7153 7152 7419 
3 7597 7613 7598 
3 7592 7561 7295 
3 6828 6827 6853 
3 7689 6913 6946 
3 7381 6910 6886 
3 6888 6887 6835 
3 6906 6882 6889 
3 7333 7334 6894 
3 7661 7690 7662 
3 7691 6821 7195 
3 7084 7040 6822 
3 7040 7068 7070 
3 7185 7464 6986 
3 7135 7165 7082 
3 7099 7471 7216 
3 7133 7321 7414 
3 7690 7322 7662 
3 7622 7133 6987 
3 7584 7573 7575 
3 7093 7095 7164 
3 7195 6820 7196 
3 6990 7248 6991 
3 7681 7692 7666 
3 7692 7516 7666 
3 7565 7419 7666 
3 7666 7516 6991 
3 7248 7565 7666 
3 7431 7498 7432 
3 7683 7110 7674 
3 6820 6975 7196 
3 7621 7097 7099 
3 6979 7019 6980 
3 7131 7047 6978 
3 7105 7279 7102 
3 7691 7195 7198 
3 7009 7041 7010 
3 7237 7101 6847 
3 7219 7152 7154 
3 7692 7681 7262 
3 7222 7572 7223 
3 7133 7466 7322 
3 7176 7081 6979 
3 7014 7010 6997 
3 6997 7010 6988 
3 7225 7088 7091 
3 7693 7678 7174 
3 7520 7054 7518 
3 7621 7099 7216 
3 7466 7060 7322 
3 7072 7006 7008 
3 7096 7106 7108 
3 7648 7680 7525 
3 7435 7551 7434 
3 7352 7535 7098 
3 7218 7352 7098 
3 7390 6896 6813 
3 7219 7080 6897 
3 7610 7349 7595 
3 7261 7692 7262 
3 7304 7580 7262 
3 7152 7219 7305 
3 6884 7055 7053 
3 7319 7064 7066 
3 7065 6848 7066 
3 7064 7369 7065 
3 7368 7413 7065 
3 7412 6849 7065 
3 7369 7368 7065 
3 6849 6848 7065 
3 7625 7626 7192 
3 7632 7226 6816 
3 7276 7632 7151 
3 7638 6920 7632 
3 7276 7638 7632 
3 6922 7226 7632 
3 7226 7344 6816 
3 7150 7559 7151 
3 6920 6922 7632 
3 7097 7218 7098 
3 7368 7016 7413 
3 7217 7685 7352 
3 7557 7558 7585 
3 7652 7113 6898 
3 7121 7652 6898 
3 7113 6899 6898 
3 7605 7643 7636 
3 7385 7231 7232 
3 7385 7175 7694 
3 7175 7374 7694 
3 7695 7385 7694 
3 7696 7695 7694 
3 7374 7696 7694 
3 7269 7607 7270 
3 6896 7219 6897 
3 7273 6848 7220 
3 7571 7570 6940 
3 7300 7346 7348 
3 7300 7697 7346 
3 7300 7302 7697 
3 7558 7158 7585 
3 7675 7557 7585 
3 7329 7689 7158 
3 7558 7329 7158 
3 7689 7171 7159 
3 7239 7157 7159 
3 7273 7319 7066 
3 7651 7112 7114 
3 7326 7317 6900 
3 7121 7117 7114 
3 7698 7699 7687 
3 7699 7306 7308 
3 7700 7698 7687 
3 7599 7562 7687 
3 7600 7701 7687 
3 7562 7600 7687 
3 7687 7699 7308 
3 7701 7700 7687 
3 7375 7068 7040 
3 7415 6817 6819 
3 7688 7307 7312 
3 7307 7688 7641 
3 7688 7024 7641 
3 7311 7578 7312 
3 6931 7307 7641 
3 7307 6931 7308 
3 7578 7688 7312 
3 6931 7599 7308 
3 7578 7302 7688 
3 7577 7578 7311 
3 7702 7703 7704 
3 7334 7702 7704 
3 7703 6892 7704 
3 6892 7334 7704 
3 7705 7281 7283 
3 7294 7706 7283 
3 7025 7281 7705 
3 7323 7281 7025 
3 7599 6930 7562 
3 6921 7226 6922 
3 7554 7705 7283 
3 7023 7025 7705 
3 7024 7323 7025 
3 7282 7281 7323 
3 7535 7471 7098 
3 7058 7175 7232 
3 7173 7693 7174 
3 7198 7197 7468 
3 7466 7058 7060 
3 7690 7321 7322 
3 6941 7571 6940 
3 7581 7659 7398 
3 7202 7201 7624 
3 7444 6988 7707 
3 7059 7661 7060 
3 6988 7073 7708 
3 6988 7708 7707 
3 7354 7204 6895 
3 6901 7354 6895 
3 6840 6901 6895 
3 7051 7176 7049 
3 7332 7331 7364 
3 6929 7023 7709 
3 7709 7023 7705 
3 6929 6931 7641 
3 7024 7023 7641 
3 7710 7711 7712 
3 7711 7713 7712 
3 7325 7710 7712 
3 7713 7280 7712 
3 7280 7230 7712 
3 7230 7325 7712 
3 7293 6930 7706 
3 7294 7293 7706 
3 7297 7294 7283 
3 7706 7554 7283 
3 6930 7555 7706 
3 7555 7554 7706 
3 7554 6929 7709 
3 7554 7709 7705 
3 7560 6930 7295 
3 7561 7560 7295 
3 6867 7592 7295 
3 6866 7561 7592 
3 7377 7399 7376 
3 7294 7298 7299 
3 7079 6811 6897 
3 7003 7375 7001 
3 6945 7146 7181 
3 7325 7703 7702 
3 7334 7710 7702 
3 7710 7325 7702 
3 7697 7646 7346 
3 7646 7347 7346 
3 7714 7647 7646 
3 7577 7714 7646 
3 6925 6962 6974 
3 7680 7664 7519 
3 6866 6865 6844 
3 6842 7534 6843 
3 7328 7045 6844 
3 7113 7652 7114 
3 7325 7715 7703 
3 7715 7716 7703 
3 7717 6892 7703 
3 7716 7717 7703 
3 7157 7675 7585 
3 7552 7628 7514 
3 7302 7577 7697 
3 7375 7401 7001 
3 7033 7005 7070 
3 6823 7718 7719 
3 7718 6969 7719 
3 6924 6823 7719 
3 6925 6924 7719 
3 6969 6925 7719 
3 7401 7399 7001 
3 7221 7265 7496 
3 7448 7157 7239 
3 7577 7646 7697 
3 7720 7721 7722 
3 7721 6955 7722 
3 6957 6960 7722 
3 6962 7723 7722 
3 7724 6971 7722 
3 6955 6957 7722 
3 7723 7720 7722 
3 6960 7493 7722 
3 6971 6962 7722 
3 7493 7724 7722 
3 7135 7134 7102 
3 7176 7134 7082 
3 7725 7583 7608 
3 7607 7726 7608 
3 7726 7725 7608 
3 7167 6915 6918 
3 6915 7167 6916 
3 7325 7324 7715 
3 7727 7716 7715 
3 7324 7728 7715 
3 7728 7727 7715 
3 7156 7093 7090 
3 6866 7623 7561 
3 7158 7689 7159 
3 7171 7170 7159 
3 6941 7288 7571 
3 7271 7272 7286 
3 7729 6969 7718 
3 7353 7729 7718 
3 6823 6825 7718 
3 6825 7353 7718 
3 7095 6871 7164 
3 7163 7586 7164 
3 6936 6935 7728 
3 7324 6936 7728 
3 6935 7566 7728 
3 7730 7727 7728 
3 7566 7730 7728 
3 7622 7467 7133 
3 6943 6945 7181 
3 7731 7330 7332 
3 7732 7710 7733 
3 7710 7334 7733 
3 7734 7732 7733 
3 7333 7734 7733 
3 7334 7333 7733 
3 7735 7583 7725 
3 7736 7735 7725 
3 7726 7736 7725 
3 6837 6869 7121 
3 7229 7345 7737 
3 7738 6937 7737 
3 6937 6936 7737 
3 7345 7738 7737 
3 6936 7229 7737 
3 7261 7516 7692 
3 6909 6824 6823 
3 6833 6909 6823 
3 6824 6891 6825 
3 6924 6833 6823 
3 7449 7442 7450 
3 7149 7632 6816 
3 7736 6875 7739 
3 6875 6874 7739 
3 6874 7735 7739 
3 7735 7736 7739 
3 6913 7689 7329 
3 6996 7505 7141 
3 6833 6924 6996 
3 6835 6834 7141 
3 6924 6928 6996 
3 6928 7505 6996 
3 7546 7269 6944 
3 6875 6872 6871 
3 6937 7738 7740 
3 7738 6868 7740 
3 6837 6937 7740 
3 6868 6837 7740 
3 7741 7594 7480 
3 7594 7349 7480 
3 7363 7741 7480 
3 7480 7349 7343 
3 6961 6958 7332 
3 7330 7741 7331 
3 6958 7731 7332 
3 7741 7363 7331 
3 6959 6961 7364 
3 6857 6856 7723 
3 6861 6857 7723 
3 7742 7743 7723 
3 7743 7720 7723 
3 6962 6861 7723 
3 6856 7742 7723 
3 6912 6921 6946 
3 6902 6904 7689 
3 6902 7689 6946 
3 7689 6905 7171 
3 6904 6905 7689 
3 6826 6828 6908 
3 6833 6826 6908 
3 7744 7745 7746 
3 7747 7748 7749 
3 7750 7751 7752 
3 7753 7754 7755 
3 7756 7757 7758 
3 7759 7757 7756 
3 7760 7761 7762 
3 7763 7764 7765 
3 7766 7767 7744 
3 7768 7759 7769 
3 7770 7771 7772 
3 7773 7774 7775 
3 7774 7776 7775 
3 7756 7777 7778 
3 7771 7779 7772 
3 7780 7781 7782 
3 7777 7758 7782 
3 7780 7783 7781 
3 7784 7785 7786 
3 7787 7785 7784 
3 7760 7762 7788 
3 7789 7790 7762 
3 7790 7791 7762 
3 7792 7793 7794 
3 7795 7796 7797 
3 7798 7799 7800 
3 7801 7802 7803 
3 7804 7805 7806 
3 7807 7808 7809 
3 7810 7811 7809 
3 7780 7812 7783 
3 7813 7814 7815 
3 7816 7817 7815 
3 7817 7813 7815 
3 7818 7819 7820 
3 7821 7822 7823 
3 7824 7821 7823 
3 7825 7826 7827 
3 7828 7829 7830 
3 7829 7831 7830 
3 7827 7831 7829 
3 7828 7832 7829 
3 7826 7831 7827 
3 7800 7799 7833 
3 7834 7800 7833 
3 7835 7836 7837 
3 7815 7838 7839 
3 7840 7841 7842 
3 7843 7784 7786 
3 7844 7845 7846 
3 7847 7848 7849 
3 7850 7851 7852 
3 7853 7850 7852 
3 7854 7855 7856 
3 7855 7857 7856 
3 7858 7859 7860 
3 7861 7862 7835 
3 7863 7864 7865 
3 7866 7785 7787 
3 7867 7868 7865 
3 7869 7840 7842 
3 7870 7871 7844 
3 7872 7750 7752 
3 7873 7874 7875 
3 7876 7877 7878 
3 7819 7879 7880 
3 7819 7880 7881 
3 7864 7882 7867 
3 7745 7769 7883 
3 7759 7756 7769 
3 7884 7885 7806 
3 7768 7769 7745 
3 7886 7887 7888 
3 7889 7890 7891 
3 7892 7893 7894 
3 7895 7896 7897 
3 7838 7898 7899 
3 7839 7838 7900 
3 7901 7902 7903 
3 7892 7901 7903 
3 7904 7870 7905 
3 7906 7907 7905 
3 7908 7909 7905 
3 7907 7908 7905 
3 7870 7910 7905 
3 7910 7906 7905 
3 7909 7904 7905 
3 7911 7912 7904 
3 7909 7911 7904 
3 7912 7913 7904 
3 7913 7870 7904 
3 7914 7915 7916 
3 7915 7917 7916 
3 7918 7862 7916 
3 7919 7918 7916 
3 7862 7914 7916 
3 7917 7920 7916 
3 7921 7919 7916 
3 7920 7921 7916 
3 7922 7923 7802 
3 7801 7924 7802 
3 7924 7922 7802 
3 7923 7925 7803 
3 7914 7926 7915 
3 7926 7927 7915 
3 7927 7917 7915 
3 7928 7929 7930 
3 7931 7932 7930 
3 7933 7931 7930 
3 7932 7934 7930 
3 7934 7935 7930 
3 7929 7933 7930 
3 7935 7928 7930 
3 7936 7937 7801 
3 7937 7938 7801 
3 7939 7924 7801 
3 7938 7939 7801 
3 7928 7862 7918 
3 7919 7928 7918 
3 7940 7941 7913 
3 7942 7943 7944 
3 7945 7942 7944 
3 7946 7872 7944 
3 7943 7946 7944 
3 7872 7945 7944 
3 7926 7947 7948 
3 7949 7926 7948 
3 7947 7950 7948 
3 7950 7949 7948 
3 7914 7947 7926 
3 7951 7952 7953 
3 7952 7954 7953 
3 7955 7811 7956 
3 7957 7958 7959 
3 7960 7961 7962 
3 7963 7964 7965 
3 7966 7960 7962 
3 7963 7967 7968 
3 7777 7823 7778 
3 7746 7745 7883 
3 7969 7927 7926 
3 7949 7969 7926 
3 7950 7970 7971 
3 7949 7950 7972 
3 7973 7974 7975 
3 7974 7976 7975 
3 7971 7973 7975 
3 7919 7977 7929 
3 7977 7933 7929 
3 7928 7919 7929 
3 7875 7853 7852 
3 7978 7873 7852 
3 7858 7860 7856 
3 7970 7950 7947 
3 7979 7970 7947 
3 7950 7971 7972 
3 7914 7979 7947 
3 7980 7981 7982 
3 7983 7984 7985 
3 7986 7815 7987 
3 7988 7985 7989 
3 7990 7991 7853 
3 7992 7990 7853 
3 7991 7850 7853 
3 7862 7861 7914 
3 7861 7979 7914 
3 7874 7993 7875 
3 7994 7995 7996 
3 7934 7997 7996 
3 7997 7998 7996 
3 7935 7934 7996 
3 7999 7935 7996 
3 8000 7999 7996 
3 7998 7994 7996 
3 7995 8000 7996 
3 7928 8001 7862 
3 8001 8002 7862 
3 8002 8003 7862 
3 8001 7874 7873 
3 7978 8004 7873 
3 8004 8001 7873 
3 7748 7747 7985 
3 8005 8006 7861 
3 8006 7979 7861 
3 8007 8005 7861 
3 7874 8001 7928 
3 7999 7874 7928 
3 7935 7999 7928 
3 8008 7991 7990 
3 8009 8008 7990 
3 8010 8009 7990 
3 7992 8010 7990 
3 8011 8010 7994 
3 7998 8011 7994 
3 8010 7995 7994 
3 7832 7828 8009 
3 7858 7832 8009 
3 7828 8008 8009 
3 8010 7859 8009 
3 7859 7858 8009 
3 7993 8010 7992 
3 8012 8013 8014 
3 8013 8015 8014 
3 8016 8012 8014 
3 8015 8017 8014 
3 8017 8016 8014 
3 8018 8019 8020 
3 8019 8021 8020 
3 8021 8022 8020 
3 7924 7940 8020 
3 7940 8018 8020 
3 8022 7924 8020 
3 8000 7995 7993 
3 7995 8010 7993 
3 7874 8000 7993 
3 7993 7992 7875 
3 7949 7972 7975 
3 8023 7750 8024 
3 8025 8023 8024 
3 8026 8025 8024 
3 8027 8026 8024 
3 8028 8027 8024 
3 7872 8028 8024 
3 7750 7872 8024 
3 7998 8029 8011 
3 7859 8010 8011 
3 7945 7872 8030 
3 7999 8000 7874 
3 7858 7825 7832 
3 7832 7827 7829 
3 8031 8032 8033 
3 8032 7844 8033 
3 8034 8031 8033 
3 7844 8016 8033 
3 8035 8034 8033 
3 8016 8035 8033 
3 8036 7826 7825 
3 8037 8036 7825 
3 7832 7825 7827 
3 7857 8037 7825 
3 7858 7857 7825 
3 8038 8039 8040 
3 8039 8041 8040 
3 8042 8038 8040 
3 8043 8042 8040 
3 8044 8043 8040 
3 8041 8044 8040 
3 8015 8045 8017 
3 8045 7847 8017 
3 7868 8016 8017 
3 7847 7849 8017 
3 7849 7868 8017 
3 8004 8002 8001 
3 8046 8047 7939 
3 8047 7941 7939 
3 7941 7924 7939 
3 7938 8046 7939 
3 8048 7845 8047 
3 7845 7871 8047 
3 7870 7941 8047 
3 7871 7870 8047 
3 8046 8048 8047 
3 8035 8016 8049 
3 7872 7752 8030 
3 8050 8051 8052 
3 8051 8053 8052 
3 8053 8054 8052 
3 8055 8050 8052 
3 8056 8055 8052 
3 8054 8056 8052 
3 8057 8058 8059 
3 7772 8060 8059 
3 8057 8061 8062 
3 8036 7772 8059 
3 8058 8036 8059 
3 8063 8064 8065 
3 8066 8067 8065 
3 8068 8069 8065 
3 8067 8063 8065 
3 8069 8066 8065 
3 8064 8068 8065 
3 8031 7906 8032 
3 7906 7844 8032 
3 8070 8071 8072 
3 8073 8074 8072 
3 8071 8073 8072 
3 8075 8076 8077 
3 8078 8075 8077 
3 8076 8079 8077 
3 8080 8081 8077 
3 8079 8080 8077 
3 8081 8078 8077 
3 8082 8083 8084 
3 8083 8085 8084 
3 8086 8082 8084 
3 8087 8086 8084 
3 8088 8087 8084 
3 8085 7818 8084 
3 7818 8088 8084 
3 8082 8089 8083 
3 8090 8091 8083 
3 8091 8085 8083 
3 8089 8090 8083 
3 8092 8082 8086 
3 8064 8092 8086 
3 8087 8068 8086 
3 8068 8064 8086 
3 8093 8082 8092 
3 8094 8093 8092 
3 8064 8094 8092 
3 7970 8095 7973 
3 8096 8097 8098 
3 8099 7879 8071 
3 8070 8099 8071 
3 7819 8073 8071 
3 7879 7819 8071 
3 8093 8089 8082 
3 8037 7772 8036 
3 8058 7826 8036 
3 8100 8101 8102 
3 8103 8100 8102 
3 7970 8104 8102 
3 8101 8076 8102 
3 8075 8078 8105 
3 8104 8103 8102 
3 7970 8102 8095 
3 8076 8075 8105 
3 8087 8106 8068 
3 8106 8069 8068 
3 8107 8108 8109 
3 8110 8111 8109 
3 8112 8110 8109 
3 8113 8107 8109 
3 8111 8113 8109 
3 8108 8112 8109 
3 8114 8115 8116 
3 8115 8117 8116 
3 8118 8114 8116 
3 8117 8112 8116 
3 8119 8118 8116 
3 8112 8119 8116 
3 7941 7870 7913 
3 7924 7941 7940 
3 8120 8018 7940 
3 8121 8106 8087 
3 8088 8121 8087 
3 8122 8053 8123 
3 8124 8125 8123 
3 8051 8124 8123 
3 8125 8126 8123 
3 8126 8127 8123 
3 8053 8051 8123 
3 8127 8094 8123 
3 8094 8063 8123 
3 8063 8122 8123 
3 8128 8129 8130 
3 8131 8128 8130 
3 8129 8132 8130 
3 8133 8131 8130 
3 8132 8134 8130 
3 8134 8133 8130 
3 8005 8135 8006 
3 8135 8136 8006 
3 8136 7979 8006 
3 8137 8138 8139 
3 8140 8110 8139 
3 8112 8137 8139 
3 8141 8140 8139 
3 8110 8112 8139 
3 8138 8141 8139 
3 8067 8142 8122 
3 8054 8053 8122 
3 8094 8064 8063 
3 8142 8054 8122 
3 8143 8144 8145 
3 8144 8146 8145 
3 8147 8148 8145 
3 8148 8143 8145 
3 8146 8147 8145 
3 8101 8149 8076 
3 8149 8150 8076 
3 8150 8079 8076 
3 8151 8152 8153 
3 8154 8151 8153 
3 8152 8155 8153 
3 7805 8156 8153 
3 7889 8157 8153 
3 8156 8154 8153 
3 8155 7889 8153 
3 8157 7805 8153 
3 8158 8159 8160 
3 8161 8162 8160 
3 8162 8163 8160 
3 8164 8161 8160 
3 8165 8158 8160 
3 8159 8164 8160 
3 8163 8165 8160 
3 7862 8003 7835 
3 8137 8117 8166 
3 8167 8137 8166 
3 8168 8169 8166 
3 8117 7793 8166 
3 8169 8167 8166 
3 7793 8168 8166 
3 8094 8127 8093 
3 8170 8171 8093 
3 8127 8170 8093 
3 8171 8089 8093 
3 8172 8107 8173 
3 8107 8174 8173 
3 8175 8176 8173 
3 8174 8175 8173 
3 8176 8172 8173 
3 8177 8118 8119 
3 8178 8177 8119 
3 8108 8178 8119 
3 8112 8108 8119 
3 8132 8179 8134 
3 8180 8133 8134 
3 8181 8182 8183 
3 8182 8184 8183 
3 8185 8186 8183 
3 8187 8185 8183 
3 8186 8181 8183 
3 8184 8187 8183 
3 8188 8189 7970 
3 8136 8188 7970 
3 8189 8104 7970 
3 7979 8136 7970 
3 8038 8190 8039 
3 8191 8041 8039 
3 7877 7876 8192 
3 7876 8193 8192 
3 8193 8194 8192 
3 8194 8195 8192 
3 8195 7877 8192 
3 7844 7906 7910 
3 8196 8095 8105 
3 8016 7844 7846 
3 8197 8198 8199 
3 8198 7761 8199 
3 8200 8201 8199 
3 8201 8197 8199 
3 7760 8202 8199 
3 8202 8200 8199 
3 7761 7760 8199 
3 8180 8134 8203 
3 8204 7750 8023 
3 8025 8205 8023 
3 8205 8206 8023 
3 8206 8207 8023 
3 8207 8208 8023 
3 8208 8204 8023 
3 8209 8103 8104 
3 8210 8209 8104 
3 8189 8210 8104 
3 8211 8212 8213 
3 8207 8211 8213 
3 8148 8214 8213 
3 8204 8208 8213 
3 8214 8204 8213 
3 8212 8148 8213 
3 8208 8207 8213 
3 8215 8210 8189 
3 8216 8215 8189 
3 8188 8216 8189 
3 8217 8218 8194 
3 8193 8217 8194 
3 8218 8219 8194 
3 8219 8195 8194 
3 8220 8221 8222 
3 8223 8220 8222 
3 8224 8225 8222 
3 8225 8133 8222 
3 8221 8224 8222 
3 8133 8180 8222 
3 8180 8074 8222 
3 8073 8226 8222 
3 8226 8223 8222 
3 8074 8073 8222 
3 8227 8228 8229 
3 8230 8231 8232 
3 8228 8233 8229 
3 8234 8227 8229 
3 8234 8229 8232 
3 8136 8235 8188 
3 8235 8216 8188 
3 7988 7983 7985 
3 7796 8050 8055 
3 7796 8055 8236 
3 8056 8237 8055 
3 8238 8239 8240 
3 8241 8242 8240 
3 8242 8238 8240 
3 8239 8243 8240 
3 8244 8245 8240 
3 8243 8244 8240 
3 8245 8241 8240 
3 7751 8246 7752 
3 8247 8248 8022 
3 8248 7982 8022 
3 8021 8247 8022 
3 8106 8249 8069 
3 8249 8066 8069 
3 8250 8035 8049 
3 8251 8249 8106 
3 8121 8251 8106 
3 8241 8245 8144 
3 8245 8146 8144 
3 8143 8252 8144 
3 8191 8039 8253 
3 8252 8241 8144 
3 8247 8254 8248 
3 8255 7982 8248 
3 8256 8255 8248 
3 8254 8257 8248 
3 8257 8256 8248 
3 8258 8125 8124 
3 8051 8259 8124 
3 8259 8258 8124 
3 8258 8126 8125 
3 8050 8259 8051 
3 8260 8111 8110 
3 8140 8260 8110 
3 8261 8262 8263 
3 8264 8265 8263 
3 8262 8266 8263 
3 8217 8264 8263 
3 8266 8267 8263 
3 8267 8217 8263 
3 8265 8261 8263 
3 8079 8268 8269 
3 8269 8270 8080 
3 8268 8271 8269 
3 8270 8272 8080 
3 8271 8270 8269 
3 8273 8274 8275 
3 8276 8273 8275 
3 8274 8277 8275 
3 8278 8279 8275 
3 8279 8276 8275 
3 8277 8278 8275 
3 8244 8146 8245 
3 8280 7868 7848 
3 8281 8282 7848 
3 8283 8280 7848 
3 8282 8283 7848 
3 7847 8281 7848 
3 8016 7868 8049 
3 7864 7867 7865 
3 7868 7867 8049 
3 8274 8271 8277 
3 8271 8268 8277 
3 8268 8278 8277 
3 8284 8129 8128 
3 8285 8286 8287 
3 7834 8284 8128 
3 8131 7800 8128 
3 7800 7834 8128 
3 8193 8264 8217 
3 8267 8218 8217 
3 8288 8289 7968 
3 8290 7980 8255 
3 8256 8291 8255 
3 8292 8290 8255 
3 8293 8292 8255 
3 8291 8293 8255 
3 7980 7982 8255 
3 8204 8294 7751 
3 8237 8295 8236 
3 7946 8185 8028 
3 8296 8027 8028 
3 8184 8296 8187 
3 7872 7946 8028 
3 8225 8131 8133 
3 8179 8297 8203 
3 8298 8169 8168 
3 7785 8298 8168 
3 7786 7785 8168 
3 7793 7786 8168 
3 8299 7854 7860 
3 7855 8037 7857 
3 8300 8301 8200 
3 8302 8201 8200 
3 8202 8300 8200 
3 8301 8302 8200 
3 8126 8170 8127 
3 8117 8137 8112 
3 8227 8303 8304 
3 8280 8228 8305 
3 8135 8235 8136 
3 8306 8307 8308 
3 8307 8309 8308 
3 7956 8310 8308 
3 8310 8306 8308 
3 8309 8311 8308 
3 8311 7956 8308 
3 8312 8268 8079 
3 8150 8312 8079 
3 8296 8028 8187 
3 7819 8313 8073 
3 8314 7886 8278 
3 8315 8314 8278 
3 8268 8315 8278 
3 7766 8279 8278 
3 7886 7888 8278 
3 7888 7766 8278 
3 7781 8316 7782 
3 8113 8174 8107 
3 8172 8108 8107 
3 8317 8318 8279 
3 8318 8276 8279 
3 7766 8317 8279 
3 8190 8319 8253 
3 8320 8191 8253 
3 8321 8320 8253 
3 8322 7966 8323 
3 7967 8322 7968 
3 8323 8324 8325 
3 7962 8326 8324 
3 7966 7962 8323 
3 8286 8327 8328 
3 8329 8230 8159 
3 8312 8315 8268 
3 8060 8324 8330 
3 8331 8332 7876 
3 8333 8334 7876 
3 8332 8333 7876 
3 8334 8193 7876 
3 7799 8335 8321 
3 7799 8336 7833 
3 7798 8335 7799 
3 8331 7878 8337 
3 7982 7922 7924 
3 7967 7963 7966 
3 8338 7961 7960 
3 7963 7965 7966 
3 8322 7967 7966 
3 7848 7868 7849 
3 7819 8091 8090 
3 8339 8340 8089 
3 8340 7819 8090 
3 8302 8044 7755 
3 8079 8269 8080 
3 8004 8003 8002 
3 8117 8115 7794 
3 8289 7866 7968 
3 8091 7819 8085 
3 7819 7818 8085 
3 7855 8341 8037 
3 8341 7770 8037 
3 7770 7772 8037 
3 8310 8342 8343 
3 8344 7764 8345 
3 8342 8344 8343 
3 7758 8346 7782 
3 8347 8288 7968 
3 7866 7964 7963 
3 7964 8348 7965 
3 8325 8060 7968 
3 8147 8349 8214 
3 8167 8138 8137 
3 7792 8350 7793 
3 8350 7843 7793 
3 7843 7786 7793 
3 8351 8302 7755 
3 8301 8044 8302 
3 8352 8353 8354 
3 8355 8352 8354 
3 8353 8317 8354 
3 7821 8355 8354 
3 8317 7822 8354 
3 7822 7821 8354 
3 8161 8164 7842 
3 7971 7970 7973 
3 8356 8357 7751 
3 7772 8358 8060 
3 8359 8360 8361 
3 8238 8359 8361 
3 8360 8362 8361 
3 8362 8363 8361 
3 8239 8238 8361 
3 8363 8239 8361 
3 7956 8342 8310 
3 7764 8364 8345 
3 8365 7765 8362 
3 8360 8365 8362 
3 7765 8366 8362 
3 8366 8363 8362 
3 8367 7895 8368 
3 7791 8369 7788 
3 8300 8202 8370 
3 8371 8300 8370 
3 8370 8202 7788 
3 8372 8371 8370 
3 8369 8372 8370 
3 8114 8373 8115 
3 8369 8370 7788 
3 8212 8374 8148 
3 8294 8356 7751 
3 8214 8349 8294 
3 8375 8368 8098 
3 8363 8243 8239 
3 7860 7854 7856 
3 8373 8376 7794 
3 8377 8378 8379 
3 8301 8300 8377 
3 8300 8371 8377 
3 8371 8380 8377 
3 8378 8381 8379 
3 8380 8378 8377 
3 7762 7791 7788 
3 8225 8382 8131 
3 8382 8383 8131 
3 8383 7798 8131 
3 8384 8385 8386 
3 8387 8384 8386 
3 8385 8388 8386 
3 8388 8387 8386 
3 7838 7899 7900 
3 8301 8377 8379 
3 8041 8389 8044 
3 8353 8318 8317 
3 8283 8228 8280 
3 8390 8391 7839 
3 8391 7987 7839 
3 7900 8390 7839 
3 7987 7815 7839 
3 8392 7863 7865 
3 7961 8326 7962 
3 7761 7789 7762 
3 8393 7767 8394 
3 7888 7887 8394 
3 7766 7888 8394 
3 7767 7766 8394 
3 7887 8393 8394 
3 8346 7780 7782 
3 7758 7757 8346 
3 8156 7805 8287 
3 7943 8185 7946 
3 7954 8395 8396 
3 7892 8397 8396 
3 7893 7892 8396 
3 8397 7953 8396 
3 8395 7893 8396 
3 7953 7954 8396 
3 8172 8178 8108 
3 8398 8399 8400 
3 8399 8157 8400 
3 8401 8398 8400 
3 8157 7891 8400 
3 8402 7959 8403 
3 8287 8286 8328 
3 8372 8404 8371 
3 8404 8380 8371 
3 7766 7822 8317 
3 8405 7945 8030 
3 7750 8204 7751 
3 7883 8406 7822 
3 8257 8407 8256 
3 8387 8408 7958 
3 8409 7957 7959 
3 8384 8387 7958 
3 7957 8384 7958 
3 7958 8408 7959 
3 7766 7744 7746 
3 8410 7745 7744 
3 7746 7883 7822 
3 8411 7987 8391 
3 8390 8412 8391 
3 7774 8413 8414 
3 7988 8415 8414 
3 8415 7774 8414 
3 8413 7988 8414 
3 8387 8416 8408 
3 8417 8418 8408 
3 8419 8417 8408 
3 8416 8419 8408 
3 8420 8416 8387 
3 8388 8420 8387 
3 8421 8422 8423 
3 8422 8424 8423 
3 8425 7951 8423 
3 7951 7953 8423 
3 8424 8425 8423 
3 7953 8421 8423 
3 7777 7756 7758 
3 8202 7760 7788 
3 7808 8426 8427 
3 8428 8429 8427 
3 8429 8430 8427 
3 8427 8426 8431 
3 8430 7808 8427 
3 8432 8428 8427 
3 8422 8432 8427 
3 8400 7891 8433 
3 8401 8400 8433 
3 7756 8406 7769 
3 7808 7810 7809 
3 8426 7808 7807 
3 8434 8426 7807 
3 8418 7795 8403 
3 8399 8398 7806 
3 8154 8156 8287 
3 7805 8157 7806 
3 8157 7889 7891 
3 8422 8427 8431 
3 8421 8432 8422 
3 8431 8424 8422 
3 8392 8305 8304 
3 8303 8392 8304 
3 8435 8436 7975 
3 8011 8029 7860 
3 7976 8435 7975 
3 8003 7836 7835 
3 8272 8081 8080 
3 8436 7949 7975 
3 8095 8102 8105 
3 8078 8196 8105 
3 8095 8196 7973 
3 8176 7841 7840 
3 8164 7869 7842 
3 7936 7801 7803 
3 7925 8437 7803 
3 8305 8228 8304 
3 8246 8438 7752 
3 7795 8050 7796 
3 8439 8181 8186 
3 8070 8072 8203 
3 8196 7974 7973 
3 7752 8438 8030 
3 8440 8405 8030 
3 8280 8305 7865 
3 7870 7844 7910 
3 8147 8214 8148 
3 8441 8096 8098 
3 8385 8097 8096 
3 8231 8234 8232 
3 8229 8233 8232 
3 8097 8442 8098 
3 8443 8164 8159 
3 8029 8299 7860 
3 7857 7858 7856 
3 7859 8011 7860 
3 8444 7819 7881 
3 8102 8076 8105 
3 7895 7897 8368 
3 8445 7895 8367 
3 8375 8367 8368 
3 8319 8336 8253 
3 8374 8143 8148 
3 8171 8339 8089 
3 7867 8250 8049 
3 8228 8227 8304 
3 8446 8402 7797 
3 8154 8287 8328 
3 8447 8285 8287 
3 8448 7819 8449 
3 7819 8340 8449 
3 8007 7835 7837 
3 7845 8012 7846 
3 8336 8321 8253 
3 7819 8450 8451 
3 8313 7819 8451 
3 8286 8266 8327 
3 8383 8335 7798 
3 8327 8154 8328 
3 8057 8062 8452 
3 8453 8454 8330 
3 8310 8343 8345 
3 7789 7761 8337 
3 8349 8356 8294 
3 8204 8214 8294 
3 8450 7819 8448 
3 7892 7894 7901 
3 8402 8409 7959 
3 7959 8418 8403 
3 8131 7798 7800 
3 7992 7853 7875 
3 8055 8237 8236 
3 8455 8446 7797 
3 8295 8455 8236 
3 7868 8280 7865 
3 8326 8453 8324 
3 8067 8122 8063 
3 8456 8433 7903 
3 8344 8366 7765 
3 8433 7892 7903 
3 8320 8041 8191 
3 8335 8320 8321 
3 8288 7785 8289 
3 8441 8388 8096 
3 7878 7789 8337 
3 7804 8447 8287 
3 8057 8059 8061 
3 7754 8351 7755 
3 8230 8329 8457 
3 8324 8453 8330 
3 8322 8325 7968 
3 7799 8321 8336 
3 7866 7963 7968 
3 8357 8246 7751 
3 7877 7789 7878 
3 8316 7777 7782 
3 8028 8185 8187 
3 8368 8441 8098 
3 8072 8074 8203 
3 8322 8323 8325 
3 8185 8291 8186 
3 7748 8411 7749 
3 8403 7795 7797 
3 8351 8201 8302 
3 7897 8441 8368 
3 7785 7866 8289 
3 7780 7776 7812 
3 8442 8375 8098 
3 7984 7748 7985 
3 7774 7773 8413 
3 8165 8231 8457 
3 8311 7955 7956 
3 8233 8230 8232 
3 8388 8385 8096 
3 8120 7940 7913 
3 8364 8306 8345 
3 8172 8176 7840 
3 7871 7845 7844 
3 7841 8161 7842 
3 8340 8090 8089 
3 8291 8256 8186 
3 8060 8358 7968 
3 8074 8180 8203 
3 8134 8179 8203 
3 7816 7815 7986 
3 7882 8250 7867 
3 8325 8324 8060 
3 7779 8358 7772 
3 7778 7823 7822 
3 8379 8043 8044 
3 8115 8373 7794 
3 7795 8259 8050 
3 8039 8190 8253 
3 8398 7884 7806 
3 7761 8331 8337 
3 8331 7876 7878 
3 8329 8158 8457 
3 8266 8262 8327 
3 7802 7923 7803 
3 8376 8458 7794 
3 8158 8329 8159 
3 7981 7922 7982 
3 8415 7988 7989 
3 8407 8439 8186 
3 7891 7892 8433 
3 8459 8401 8433 
3 8391 8412 7749 
3 7793 8117 7794 
3 8305 8392 7865 
3 7966 7965 7960 
3 7776 7774 7812 
3 8230 8443 8159 
3 7797 7796 8236 
3 7757 7780 8346 
3 8402 8403 7797 
3 7756 7778 7822 
3 8355 7821 7824 
3 7885 7804 7806 
3 8231 8230 8457 
3 8410 7768 7745 
3 7769 8406 7883 
3 8460 8434 7809 
3 8434 7807 7809 
3 7811 8460 7809 
3 8438 8440 8030 
3 8434 8431 8426 
3 7902 8456 7903 
3 7890 7892 7891 
3 8411 8391 7749 
3 8157 8399 7806 
3 8389 7753 7755 
3 8022 7982 7924 
3 8306 8310 8345 
3 7764 8344 7765 
3 8044 8389 7755 
3 7965 8338 7960 
3 8262 8154 8327 
3 7805 7804 8287 
3 7899 7898 8461 
3 8158 8165 8457 
3 8256 8407 8186 
3 8297 8070 8203 
3 8381 8043 8379 
3 7912 8120 7913 
3 8408 8418 7959 
3 8313 8226 8073 
3 8462 7816 7986 
3 8463 8462 7986 
3 8464 8465 7895 
3 8445 8464 7895 
3 8465 8466 7895 
3 8466 7896 7895 
3 8467 7898 7838 
3 7814 8467 7838 
3 8455 7797 8236 
3 7869 8172 7840 
3 8007 7861 7835 
3 7972 7971 7975 
3 8444 7820 7819 
3 8343 8344 8345 
3 7851 7978 7852 
3 8358 8347 7968 
3 7873 7875 7852 
3 8406 7756 7822 
3 8412 7747 7749 
3 8348 8338 7965 
3 8012 8016 7846 
3 8437 7936 7803 
3 7956 7811 7810 
3 7767 8410 7744 
3 8456 8459 8433 
3 8334 8264 8193 
3 7766 7746 7822 
3 8301 8379 8044 
3 7814 7838 7815 
3 8062 8454 8452 
3 8330 8454 8062 
3 8061 8330 8062 
3 8059 8060 8061 
3 8060 8330 8061 
3 8323 7962 8324 
3 8458 7792 7794 
3 8365 7763 7765 
3 8468 8469 8470 
3 8471 8472 8473 
3 8474 8475 8476 
3 8477 8478 8479 
3 8480 8481 8482 
3 8483 8484 8485 
3 8486 8487 8488 
3 8489 8490 8491 
3 8492 8493 8494 
3 8495 8496 8497 
3 8484 8483 8498 
3 8499 8500 8501 
3 8502 8503 8490 
3 8504 8505 8506 
3 8486 8488 8507 
3 8508 8509 8506 
3 8510 8508 8506 
3 8509 8486 8506 
3 8511 8504 8507 
3 8512 8513 8514 
3 8513 8515 8514 
3 8515 8516 8514 
3 8512 8514 8517 
3 8518 8519 8520 
3 8488 8485 8507 
3 8521 8522 8523 
3 8524 8521 8523 
3 8525 8524 8523 
3 8526 8525 8523 
3 8527 8528 8529 
3 8530 8527 8529 
3 8531 8530 8529 
3 8519 8531 8529 
3 8521 8524 8532 
3 8524 8533 8532 
3 8534 8535 8532 
3 8533 8534 8532 
3 8536 8537 8538 
3 8539 8540 8541 
3 8542 8543 8468 
3 8494 8468 8470 
3 8543 8542 8473 
3 8485 8491 8507 
3 8481 8510 8482 
3 8544 8543 8473 
3 8468 8545 8546 
3 8525 8547 8524 
3 8547 8533 8524 
3 8548 8549 8550 
3 8549 8480 8550 
3 8543 8544 8469 
3 8544 8475 8551 
3 8542 8471 8473 
3 8552 8553 8554 
3 8555 8477 8556 
3 8482 8557 8558 
3 8559 8560 8479 
3 8515 8561 8516 
3 8562 8563 8564 
3 8471 8565 8559 
3 8565 8566 8559 
3 8491 8490 8507 
3 8506 8486 8507 
3 8567 8568 8569 
3 8570 8571 8569 
3 8571 8572 8569 
3 8573 8574 8569 
3 8575 8573 8569 
3 8568 8570 8569 
3 8572 8575 8569 
3 8488 8487 8485 
3 8490 8511 8507 
3 8576 8577 8578 
3 8508 8576 8578 
3 8509 8508 8578 
3 8486 8509 8578 
3 8579 8580 8581 
3 8582 8583 8581 
3 8584 8585 8581 
3 8585 8579 8581 
3 8583 8584 8581 
3 8580 8582 8581 
3 8560 8477 8479 
3 8475 8544 8476 
3 8586 8477 8587 
3 8588 8586 8587 
3 8493 8589 8494 
3 8590 8474 8478 
3 8477 8586 8478 
3 8566 8477 8560 
3 8591 8513 8512 
3 8592 8591 8512 
3 8591 8515 8513 
3 8495 8497 8517 
3 8593 8549 8548 
3 8528 8593 8548 
3 8472 8471 8479 
3 8527 8593 8528 
3 8536 8576 8508 
3 8510 8536 8508 
3 8594 8584 8592 
3 8584 8515 8591 
3 8505 8504 8511 
3 8583 8561 8515 
3 8584 8583 8515 
3 8595 8472 8479 
3 8590 8475 8474 
3 8596 8597 8564 
3 8537 8590 8586 
3 8598 8522 8599 
3 8579 8600 8601 
3 8600 8602 8601 
3 8580 8579 8601 
3 8602 8580 8601 
3 8510 8506 8482 
3 8557 8511 8558 
3 8474 8595 8479 
3 8469 8603 8604 
3 8582 8573 8575 
3 8605 8606 8536 
3 8510 8605 8536 
3 8602 8607 8573 
3 8582 8608 8573 
3 8608 8602 8573 
3 8607 8574 8573 
3 8484 8489 8491 
3 8582 8561 8583 
3 8561 8582 8609 
3 8602 8608 8580 
3 8610 8611 8612 
3 8610 8613 8614 
3 8604 8615 8470 
3 8616 8502 8490 
3 8617 8616 8490 
3 8618 8619 8620 
3 8621 8546 8614 
3 8545 8622 8546 
3 8594 8592 8497 
3 8623 8624 8622 
3 8487 8625 8485 
3 8545 8468 8494 
3 8613 8621 8614 
3 8626 8627 8541 
3 8628 8539 8541 
3 8629 8630 8631 
3 8587 8555 8554 
3 8629 8632 8630 
3 8633 8521 8634 
3 8485 8484 8491 
3 8489 8617 8490 
3 8532 8635 8634 
3 8636 8637 8638 
3 8639 8640 8542 
3 8640 8641 8471 
3 8642 8495 8643 
3 8497 8512 8517 
3 8574 8644 8645 
3 8621 8639 8542 
3 8641 8565 8471 
3 8625 8483 8485 
3 8646 8641 8640 
3 8592 8512 8497 
3 8622 8624 8614 
3 8624 8647 8614 
3 8621 8542 8546 
3 8516 8561 8609 
3 8490 8503 8511 
3 8506 8505 8482 
3 8648 8649 8585 
3 8649 8579 8585 
3 8584 8648 8585 
3 8635 8650 8638 
3 8608 8582 8580 
3 8638 8637 8651 
3 8650 8652 8638 
3 8653 8553 8552 
3 8496 8594 8497 
3 8654 8655 8628 
3 8595 8474 8476 
3 8469 8604 8470 
3 8469 8544 8603 
3 8589 8545 8494 
3 8477 8566 8556 
3 8472 8595 8476 
3 8476 8544 8473 
3 8584 8591 8592 
3 8582 8575 8609 
3 8471 8559 8479 
3 8586 8590 8478 
3 8590 8537 8475 
3 8640 8471 8542 
3 8522 8521 8599 
3 8521 8633 8599 
3 8603 8551 8604 
3 8627 8656 8541 
3 8649 8648 8657 
3 8588 8537 8586 
3 8482 8505 8557 
3 8587 8477 8555 
3 8633 8563 8599 
3 8633 8637 8563 
3 8472 8476 8473 
3 8553 8626 8541 
3 8656 8654 8628 
3 8651 8633 8634 
3 8521 8532 8634 
3 8589 8623 8545 
3 8492 8494 8470 
3 8551 8615 8604 
3 8558 8511 8658 
3 8482 8558 8658 
3 8503 8659 8658 
3 8660 8480 8658 
3 8659 8661 8658 
3 8480 8482 8658 
3 8661 8662 8658 
3 8662 8660 8658 
3 8511 8503 8658 
3 8615 8663 8492 
3 8663 8493 8492 
3 8664 8663 8615 
3 8546 8622 8614 
3 8551 8664 8615 
3 8665 8666 8667 
3 8520 8668 8669 
3 8619 8670 8669 
3 8670 8518 8669 
3 8518 8520 8669 
3 8620 8619 8669 
3 8668 8620 8669 
3 8661 8671 8662 
3 8671 8660 8662 
3 8637 8633 8651 
3 8637 8672 8596 
3 8544 8551 8603 
3 8475 8673 8551 
3 8468 8543 8469 
3 8542 8468 8546 
3 8674 8675 8660 
3 8676 8674 8660 
3 8675 8480 8660 
3 8671 8676 8660 
3 8677 8676 8671 
3 8678 8677 8671 
3 8661 8678 8671 
3 8562 8679 8680 
3 8563 8562 8680 
3 8679 8681 8680 
3 8681 8598 8680 
3 8599 8563 8680 
3 8598 8599 8680 
3 8550 8675 8674 
3 8548 8550 8674 
3 8528 8548 8674 
3 8676 8528 8674 
3 8550 8480 8675 
3 8529 8528 8676 
3 8519 8529 8676 
3 8677 8668 8676 
3 8520 8519 8676 
3 8668 8520 8676 
3 8682 8683 8684 
3 8685 8682 8684 
3 8683 8686 8684 
3 8643 8685 8684 
3 8686 8687 8684 
3 8687 8643 8684 
3 8685 8643 8688 
3 8688 8679 8564 
3 8643 8689 8688 
3 8689 8679 8688 
3 8597 8685 8564 
3 8686 8642 8687 
3 8642 8643 8687 
3 8609 8575 8690 
3 8572 8571 8690 
3 8571 8691 8690 
3 8681 8609 8690 
3 8575 8572 8690 
3 8691 8526 8690 
3 8526 8681 8690 
3 8682 8685 8597 
3 8672 8682 8597 
3 8563 8596 8564 
3 8596 8672 8597 
3 8685 8688 8564 
3 8652 8683 8682 
3 8672 8652 8682 
3 8673 8663 8664 
3 8689 8681 8679 
3 8652 8686 8683 
3 8545 8623 8622 
3 8692 8663 8673 
3 8673 8664 8551 
3 8606 8692 8673 
3 8537 8536 8673 
3 8536 8606 8673 
3 8475 8537 8673 
3 8647 8611 8614 
3 8538 8693 8694 
3 8693 8540 8694 
3 8536 8538 8694 
3 8577 8576 8694 
3 8576 8536 8694 
3 8540 8501 8694 
3 8501 8577 8694 
3 8615 8492 8470 
3 8643 8495 8689 
3 8517 8681 8689 
3 8495 8517 8689 
3 8538 8537 8693 
3 8695 8540 8693 
3 8537 8588 8693 
3 8587 8554 8693 
3 8588 8587 8693 
3 8554 8695 8693 
3 8501 8500 8696 
3 8577 8501 8696 
3 8578 8577 8696 
3 8500 8697 8696 
3 8697 8698 8696 
3 8698 8699 8696 
3 8699 8578 8696 
3 8598 8681 8700 
3 8522 8598 8700 
3 8681 8526 8700 
3 8523 8522 8700 
3 8526 8523 8700 
3 8701 8702 8703 
3 8702 8653 8703 
3 8704 8701 8703 
3 8566 8704 8703 
3 8552 8555 8703 
3 8653 8552 8703 
3 8555 8556 8703 
3 8556 8566 8703 
3 8695 8554 8541 
3 8698 8487 8699 
3 8487 8486 8699 
3 8486 8578 8699 
3 8540 8695 8541 
3 8679 8562 8564 
3 8705 8706 8707 
3 8706 8708 8707 
3 8635 8705 8707 
3 8632 8629 8707 
3 8709 8635 8707 
3 8629 8709 8707 
3 8708 8632 8707 
3 8705 8532 8706 
3 8635 8638 8651 
3 8532 8535 8706 
3 8535 8708 8706 
3 8665 8710 8711 
3 8710 8567 8711 
3 8567 8712 8711 
3 8645 8644 8711 
3 8644 8666 8711 
3 8666 8665 8711 
3 8712 8645 8711 
3 8514 8516 8681 
3 8517 8514 8681 
3 8516 8609 8681 
3 8636 8652 8672 
3 8637 8636 8672 
3 8637 8596 8563 
3 8504 8506 8507 
3 8505 8511 8557 
3 8559 8566 8560 
3 8657 8648 8713 
3 8611 8610 8614 
3 8635 8651 8634 
3 8635 8532 8705 
3 8567 8569 8712 
3 8569 8574 8712 
3 8574 8645 8712 
3 8714 8540 8539 
3 8655 8714 8539 
3 8628 8655 8539 
3 8656 8628 8541 
3 8554 8553 8541 
3 8555 8552 8554 
3 8714 8499 8540 
3 8499 8501 8540 
3 8652 8636 8638 
3 8478 8474 8479 

