ply
format ascii 1.0
element vertex 1567
property float32 x
property float32 y
property float32 z
property uchar red
property uchar green
property uchar blue
property uchar alpha
element face 3130
property list uint8 int32 vertex_indices
end_header
-0.24137531080238 -0.236570420103095 -0.941154674472086 255 128 128 255 
-0.136317186536992 -0.124379878282394 -0.982826044249801 255 128 128 255 
-0.149197195486249 -0.22506295010237 -0.962853484067791 255 128 128 255 
-0.881497474822814 0.241394520870002 -0.405820701121828 255 128 128 255 
-0.862562674859701 0.356858625880747 -0.358660722989712 255 128 128 255 
-0.841895014245457 0.336587924183194 -0.421807212584472 255 128 128 255 
-0.817635836545516 0.404925386559523 -0.409276214518013 255 128 128 255 
0.798390411505575 0.325896995957818 -0.506323696574296 255 128 128 255 
0.822804563381514 0.395848627111831 -0.407794626431749 255 128 128 255 
0.847874984415785 0.325195129291757 -0.418755426330869 255 128 128 255 
0.887307275504531 0.227970726164502 -0.400892324068597 255 128 128 255 
-0.25861169780294 0.964014423679095 -0.0616122360518199 255 128 128 255 
-0.133407522410119 0.983394188765508 -0.123036762525686 255 128 128 255 
-0.234729228311979 0.961677964586427 -0.141695623969355 255 128 128 255 
-0.790887521713069 0.339413636271301 -0.509210259217755 255 128 128 255 
-0.704885907370116 0.58357750203308 -0.403203554768838 255 128 128 255 
-0.701131728304144 0.531615069186171 -0.475183845243209 255 128 128 255 
-0.740620865169111 0.521367971575126 -0.423858655690144 255 128 128 255 
-0.787799005649848 0.505685227102292 -0.351646135037061 255 128 128 255 
-0.834872400634768 0.161444199900927 -0.52623543077602 255 128 128 255 
-0.829393363937482 0.247490346818556 -0.500854408236696 255 128 128 255 
-0.796313095282157 0.243530556495341 -0.55369512661775 255 128 128 255 
0.92747338999722 0.077028381943624 -0.365868188387035 255 128 128 255 
0.889116261249651 0.117890408989937 -0.442237555041936 255 128 128 255 
0.885435794957127 0.0338744687041665 -0.463525444491304 255 128 128 255 
-0.668882765704401 0.662575660251428 -0.337030054632424 255 128 128 255 
-0.751377085941681 0.605585716405612 -0.262103567192323 255 128 128 255 
-0.687113340273106 0.677818152716988 -0.261606152243254 255 128 128 255 
0.889629839727706 -0.391353505349347 -0.235373714978853 255 128 128 255 
0.873508430749052 -0.341120462285515 -0.347303625504901 255 128 128 255 
0.903219510775588 -0.299574682936793 -0.307326292905499 255 128 128 255 
0.887586630379508 -0.2272336276673 -0.400692394258478 255 128 128 255 
0.797722712951484 -0.330007991380693 -0.504710729178321 255 128 128 255 
0.850876232961423 -0.323843534173131 -0.413684623377122 255 128 128 255 
0.82917848470937 -0.393147958419991 -0.397363388463499 255 128 128 255 
0.921555153108415 -0.0642327818019677 -0.382896822648635 255 128 128 255 
0.883384606236454 -0.127189424070864 -0.451059243265717 255 128 128 255 
0.869373300917643 -0.0631137216848555 -0.490108835851699 255 128 128 255 
0.800765936634896 -0.232114861202318 -0.552174404450876 255 128 128 255 
0.834680308919771 -0.236360858041093 -0.497435711074941 255 128 128 255 
0.798988989411645 -0.500993550450094 -0.332598505179279 255 128 128 255 
0.85129575564717 -0.408317903286156 -0.329502643726211 255 128 128 255 
-0.864589466789738 -0.354177102894831 -0.356431682171488 255 128 128 255 
-0.879621424344792 -0.411829766691276 -0.238038068086821 255 128 128 255 
-0.907321099658559 -0.296603500940095 -0.297984399484525 255 128 128 255 
-0.879865361042103 -0.235293154744323 -0.41288473724296 255 128 128 255 
-0.835323536411037 -0.148566158636883 -0.529303834559418 255 128 128 255 
-0.888412418504093 -0.12499987886081 -0.441699391528573 255 128 128 255 
-0.871113296590463 -0.0444895549580473 -0.489062600330371 255 128 128 255 
-0.838992080324566 -0.333698688050081 -0.429810918027923 255 128 128 255 
-0.80575923041359 -0.416450995393131 -0.421094458360144 255 128 128 255 
-0.82893246210198 -0.23430159881748 -0.50791111370697 255 128 128 255 
-0.795468624803374 -0.227993755819469 -0.561469933893686 255 128 128 255 
-0.742660715154353 -0.524643932789739 -0.416177595568289 255 128 128 255 
-0.789708212704991 -0.517737387550833 -0.329102945187591 255 128 128 255 
-0.772723294148385 -0.483394587563532 -0.411373762526956 255 128 128 255 
-0.790266275934321 -0.322713344632777 -0.520898385886068 255 128 128 255 
-0.743051545603627 -0.407459906011285 -0.530896233666166 255 128 128 255 
-0.77205565143339 -0.405618195380192 -0.489289218338834 255 128 128 255 
0.741948023677643 -0.617324059922299 -0.26157985236071 255 128 128 255 
0.72990517784879 -0.595338220027331 -0.335873169713914 255 128 128 255 
0.664603567679385 -0.670419856769592 -0.329907894924717 255 128 128 255 
0.623140612193865 -0.551853767502466 -0.554213994179253 255 128 128 255 
0.707018398391531 -0.49921566108931 -0.500907817395219 255 128 128 255 
0.664022881812249 -0.567850709932301 -0.486435157629179 255 128 128 255 
0.609878102664645 -0.633058182201878 -0.476745159427479 255 128 128 255 
0.700651291840915 -0.581662345286976 -0.413227012108954 255 128 128 255 
0.749262321852383 -0.508197050316075 -0.424666575144407 255 128 128 255 
-0.54728587261889 -0.631454935993477 -0.549311209629439 255 128 128 255 
-0.4972432014498 -0.710259309119429 -0.498277892151337 255 128 128 255 
-0.563737599184881 -0.668508190229646 -0.485073914076819 255 128 128 255 
-0.626280470302381 -0.617808493054433 -0.475484357853345 255 128 128 255 
-0.735243461705974 -0.624070204261079 -0.264486962856013 255 128 128 255 
-0.72508250171864 -0.603347122588179 -0.332005406800859 255 128 128 255 
-0.663001824504335 -0.669738187373213 -0.334483603173017 255 128 128 255 
-0.504688137865955 -0.795779394082146 -0.334701090627876 255 128 128 255 
-0.578127098498134 -0.703177007338627 -0.413897407579851 255 128 128 255 
-0.507497157179536 -0.750472114211958 -0.423365345859648 255 128 128 255 
0.363890693703296 -0.854390545712114 -0.370945131233128 255 128 128 255 
0.415028498916666 -0.875345480254371 -0.248034788447121 255 128 128 255 
0.303762361822433 -0.896454036170786 -0.322642988718447 255 128 128 255 
0.24074963546144 -0.874364989680663 -0.42133745503155 255 128 128 255 
0.402475561078613 -0.525426890589897 -0.749626568098054 255 128 128 255 
0.319153689970031 -0.514574997220387 -0.79583499513041 255 128 128 255 
0.400990771278067 -0.485720334541305 -0.776712397921289 255 128 128 255 
-0.738699560904982 -0.472558076955076 -0.480636850109261 255 128 128 255 
-0.694493504048715 -0.549835723994779 -0.46406833679862 255 128 128 255 
-0.64985020482399 -0.530699063729262 -0.54410763922934 255 128 128 255 
-0.701680027373679 -0.592942081589812 -0.395050343268218 255 128 128 255 
-0.644659343691613 -0.648352843452565 -0.40503444687247 255 128 128 255 
0.60928866945509 -0.752734283516485 -0.249315635331244 255 128 128 255 
0.594871033527959 -0.734360962182964 -0.326867560227617 255 128 128 255 
0.515118136931931 -0.79235588900017 -0.326841439325757 255 128 128 255 
0.642434531769123 -0.651616644068049 -0.403328151240475 255 128 128 255 
0.581306072546185 -0.710616422443714 -0.396367844166067 255 128 128 255 
0.328692720181621 -0.836381286532955 -0.438665498428036 255 128 128 255 
0.379559979543332 -0.813659026271807 -0.440333050546874 255 128 128 255 
-0.24909800628101 -0.93956378798259 -0.234882398021644 255 128 128 255 
-0.408219764465678 -0.88172953672997 -0.236451483204895 255 128 128 255 
-0.311445307232229 -0.900723025023428 -0.302819710809911 255 128 128 255 
-0.236207521541134 -0.888748350292962 -0.392851080105213 255 128 128 255 
0.438619772935198 -0.808476179286565 -0.392401501120638 255 128 128 255 
0.327314987546456 -0.789531305986915 -0.519138787854282 255 128 128 255 
-0.00648096799349815 -0.0993060268697493 -0.995035797544409 255 128 128 255 
-0.00131343595423843 0.00959360868405518 -0.999953087086511 255 128 128 255 
0.0572644884460977 -0.0548269439705293 -0.996852424574211 255 128 128 255 
0.107491672601289 0.00272657627563297 -0.994202206539237 255 128 128 255 
0.128483961620164 -0.131482529690099 -0.98295672566593 255 128 128 255 
0.00114481424986124 0.12772648971729 -0.991808707344722 255 128 128 255 
0.0625256735214517 0.0694602724194395 -0.995623310965189 255 128 128 255 
-0.0613677275271904 0.0715638983845262 -0.995546373572981 255 128 128 255 
-0.108501168652223 0.0109218087663281 -0.994036288003328 255 128 128 255 
-0.138929140890775 0.139327845788652 -0.980452050965664 255 128 128 255 
0.00933731546728893 -0.994866267162779 -0.100766243401103 255 128 128 255 
0.142909117390613 -0.98070734041692 -0.133378634008239 255 128 128 255 
0.0737301553587574 -0.995814789262771 -0.0540067967508436 255 128 128 255 
0.142626280909017 0.139184102975513 -0.979941474759308 255 128 128 255 
-0.994840527250426 0.00678634852214588 -0.10122315224444 255 128 128 255 
-0.984260610365101 -0.124797531520133 -0.125125551658022 255 128 128 255 
-0.997196375768096 -0.0530896720327112 -0.0527337425518431 255 128 128 255 
0.433330461443018 -0.766758152110473 -0.473610188950254 255 128 128 255 
0.499795413626119 -0.75943891229268 -0.416481748896644 255 128 128 255 
-0.349943563126536 -0.871290841079397 -0.344080996286343 255 128 128 255 
0.520242488519049 -0.703245697262642 -0.484554623908707 255 128 128 255 
-0.446281575120741 0.776035422204743 -0.445647514355592 255 128 128 255 
-0.331780145644225 0.798383375939749 -0.502499363193939 255 128 128 255 
-0.424103849485667 0.749197106049333 -0.508762803476004 255 128 128 255 
-0.500352509036935 0.707107152075076 -0.499646653752594 255 128 128 255 
0.144811239123787 -0.829962185039626 -0.538695014476162 255 128 128 255 
0.237665984589379 -0.825006254663055 -0.512717782002433 255 128 128 255 
0.23385769741049 -0.792523075402178 -0.563220849107148 255 128 128 255 
-0.397965851120121 -0.827907746990559 -0.395211195703142 255 128 128 255 
-0.331740561769578 -0.799698755619957 -0.500429642499987 255 128 128 255 
-0.329414155363464 -0.850992449205446 -0.409020944746202 255 128 128 255 
-0.445159887560459 -0.777178014310305 -0.444777411660478 255 128 128 255 
-0.335286316823817 0.66081959753204 -0.671491210878267 255 128 128 255 
-0.416446655159841 0.698300571314797 -0.582192729974061 255 128 128 255 
-0.337300503282171 0.728158597044714 -0.596668565232583 255 128 128 255 
0.336357956718435 0.661920137581722 -0.669869390509277 255 128 128 255 
0.270353853876276 0.732196026516172 -0.625138142876569 255 128 128 255 
0.339133819001645 0.722737901420731 -0.602194443737843 255 128 128 255 
0.33449846329428 0.788970524045134 -0.515398913172905 255 128 128 255 
-0.236734107768427 -0.838797272291193 -0.490281605135405 255 128 128 255 
-0.231416500395677 -0.80459862312951 -0.546870569041288 255 128 128 255 
-0.592918453988434 -0.730282932651456 -0.339314765890594 255 128 128 255 
0.144428548182701 0.828948086526704 -0.540356651043549 255 128 128 255 
0.106533788526382 0.755366797919704 -0.646584468445208 255 128 128 255 
0.0750770212290553 0.80140849134247 -0.593386769808759 255 128 128 255 
-0.232279072042887 -0.396510263851233 -0.888158530849527 255 128 128 255 
-0.155200264113047 -0.2940238766562 -0.943113327820356 255 128 128 255 
-0.351357823104032 -0.34928473483604 -0.868647100750797 255 128 128 255 
-0.39910063747144 -0.230769847427984 -0.887391422447961 255 128 128 255 
-0.306629305548512 -0.304052892699217 -0.901959102535324 255 128 128 255 
-0.06380169224265 -0.2439170159316 -0.967695047315811 255 128 128 255 
-0.0906562197523079 -0.365535200159428 -0.926372145615071 255 128 128 255 
-0.415400173805063 -0.412397048928391 -0.81078436412034 255 128 128 255 
-0.332516719968382 -0.419695752312465 -0.844563824718947 255 128 128 255 
-0.143842563255262 -0.516205329564813 -0.84429923880439 255 128 128 255 
-0.226047963049969 -0.551768356906001 -0.802778900339089 255 128 128 255 
-0.232412080676936 -0.496210775165573 -0.836516255173724 255 128 128 255 
-0.00639284343391754 -0.328791092699095 -0.944381018369485 255 128 128 255 
0.062878349599279 -0.260603529015414 -0.963396062061693 255 128 128 255 
0.072380523053765 -0.387438021614137 -0.919049875419619 255 128 128 255 
0.0215348271911117 -0.551560868480789 -0.833856575684236 255 128 128 255 
-0.0341156487381822 -0.459751333477525 -0.887392087610535 255 128 128 255 
0.065485151425225 -0.478913433310215 -0.875416228361897 255 128 128 255 
-0.0676758598859121 -0.622791900884169 -0.779454932011176 255 128 128 255 
-0.0561551595711618 -0.538807034307574 -0.840555494169957 255 128 128 255 
-0.12523589013151 -0.435687803044775 -0.89134283801147 255 128 128 255 
0.148286946002164 -0.307171932461139 -0.940029939255341 255 128 128 255 
0.231684266108877 -0.242209791841511 -0.942155302542009 255 128 128 255 
0.228487804927046 -0.406372345142293 -0.884677506123337 255 128 128 255 
0.140074566890813 -0.534330050244361 -0.833588856784211 255 128 128 255 
-0.187292219433738 -0.0160837026083881 -0.982172538514969 255 128 128 255 
-0.256700874570447 0.0558150090344239 -0.964877814535482 255 128 128 255 
-0.172674181135957 0.0477386387217091 -0.983821442743929 255 128 128 255 
0.354842174002659 -0.357116665205854 -0.864033936245268 255 128 128 255 
0.311572401737068 -0.297901237806976 -0.90231779553673 255 128 128 255 
0.418889260618556 -0.244700785878789 -0.874444420806427 255 128 128 255 
-0.516354948597983 -0.143590403314186 -0.84425068003929 255 128 128 255 
-0.460064621249806 -0.0369529043637548 -0.887116050452991 255 128 128 255 
-0.437342799684218 -0.125964835927733 -0.890429159050637 255 128 128 255 
-0.552054422055397 -0.224596325762426 -0.802989648137413 255 128 128 255 
-0.496897635257908 -0.230217044089439 -0.836715490488163 255 128 128 255 
0.015054414383727 -0.179685732985379 -0.983608841362931 255 128 128 255 
-0.261347235441527 -0.0711369326172355 -0.962619862951926 255 128 128 255 
-0.235183889773674 -0.146893372314953 -0.960786577611006 255 128 128 255 
-0.301350317463656 -0.155439078754563 -0.940758530080402 255 128 128 255 
-0.384575418538509 0.0595176572660172 -0.921172790608231 255 128 128 255 
-0.475984511014249 0.0641949143811366 -0.877107576876929 255 128 128 255 
-0.439406397054368 0.130685430726409 -0.88873128410125 255 128 128 255 
0.143421319536978 -0.235322267433618 -0.961277131132108 255 128 128 255 
0.234080922133333 0.880329302372374 -0.412584474611479 255 128 128 255 
0.0766168981044906 0.917003899996795 -0.391450540403083 255 128 128 255 
0.156003199247806 0.936649130772853 -0.313610113866138 255 128 128 255 
-0.0476979603590073 -0.16190593184889 -0.985652756222112 255 128 128 255 
0.256871576915145 -0.0521229852287005 -0.96503884846648 255 128 128 255 
0.235881830823902 -0.14712909427151 -0.960579372376155 255 128 128 255 
0.323073673165519 -0.162002794558904 -0.932404619126657 255 128 128 255 
0.187249587008921 -0.690271854448793 -0.698900743699632 255 128 128 255 
0.106545419128189 -0.639026070733933 -0.761770102511957 255 128 128 255 
0.184375676074475 -0.608602825334707 -0.771756536195947 255 128 128 255 
0.393705963905523 -0.0591712430326311 -0.917329948022253 255 128 128 255 
0.500637339568675 -0.064178089315959 -0.863274782664483 255 128 128 255 
0.451061166436934 -0.135098470179176 -0.882208691354236 255 128 128 255 
0.608562162883424 -0.250919675612677 -0.752788987042426 255 128 128 255 
0.50973699523942 -0.341943992725586 -0.78945699703449 255 128 128 255 
0.521681075427287 -0.248696059433975 -0.816087644536069 255 128 128 255 
0.411734332125187 -0.421135000680651 -0.808158436766832 255 128 128 255 
0.423729308842556 -0.340792714950406 -0.839234032935149 255 128 128 255 
0.568241827289689 -0.616339652592755 -0.545184966982061 255 128 128 255 
0.550107369104569 -0.652645406830352 -0.520995056862223 255 128 128 255 
-0.621849350780792 -0.0694924567684555 -0.78004741710886 255 128 128 255 
-0.538983948290317 -0.0572394742144671 -0.840368912126625 255 128 128 255 
-0.331860975415691 -0.0134368474396889 -0.943232586604632 255 128 128 255 
-0.693454923786975 -0.166423432133295 -0.70101592551598 255 128 128 255 
-0.603631366830882 -0.172310506246796 -0.778420318786999 255 128 128 255 
0.265265064535282 0.0798796568127251 -0.960860850514798 255 128 128 255 
0.188716635731696 0.0259736184832732 -0.981688011745092 255 128 128 255 
0.126246419368443 -0.452262894244938 -0.882904341105391 255 128 128 255 
-0.873090589400632 0.415997282434034 -0.254280869682415 255 128 128 255 
-0.933796044131682 0.257305420456764 -0.24863332830944 255 128 128 255 
-0.927399954678542 0.33884428325968 -0.158473203209124 255 128 128 255 
0.337104717728852 0.0193040755574146 -0.941269207607751 255 128 128 255 
-0.621920468338564 -0.0807020074090881 0.778910742217873 255 128 128 255 
-0.511260645828673 -0.0641900541253578 0.857025132256329 255 128 128 255 
-0.568913686815449 -0.0227150743748961 0.82208346716378 255 128 128 255 
0.37590899476347 0.10224298010501 -0.920998756177785 255 128 128 255 
0.401484664831776 0.240546404441241 -0.883712123859371 255 128 128 255 
0.442759850572671 0.135836893864669 -0.886291150627926 255 128 128 255 
0.470868105645263 0.0461363847799904 -0.880996325223759 255 128 128 255 
0.571802636167968 -0.0013438873784273 -0.820390073486227 255 128 128 255 
0.137424689086276 0.136234796730342 0.981098522923537 255 128 128 255 
0.0810741430033398 0.253037093311893 0.964053493506129 255 128 128 255 
0.0533638441310731 0.183351118960401 0.981598008210192 255 128 128 255 
-0.551967018934638 0.0209017246938097 -0.833603892777311 255 128 128 255 
-0.242649588125015 0.147621764937424 -0.958816428491981 255 128 128 255 
-0.322385974142141 0.148944155011175 -0.934816998938589 255 128 128 255 
0.00271047229796428 0.218192636235905 -0.975901944732717 255 128 128 255 
0.0582822043394969 0.184149634512334 -0.981168731569497 255 128 128 255 
0.170574470926922 -0.0387301865675225 -0.984583313024857 255 128 128 255 
-0.909632163287281 0.41128375871353 -0.0584365494805888 255 128 128 255 
-0.945473226944298 0.324926376222182 0.022430900638657 255 128 128 255 
-0.917803641755129 0.395582283851472 0.0339279820110772 255 128 128 255 
0.247029822025136 0.246803742074754 -0.937050658364029 255 128 128 255 
0.240166175766169 0.157429171067722 -0.957881118374489 255 128 128 255 
0.306024734945936 0.164875363887551 -0.937637941556178 255 128 128 255 
0.635478730482004 -0.0799681563379009 -0.767965992774209 255 128 128 255 
0.563228403225448 -0.0757144798453854 -0.822825050953151 255 128 128 255 
-0.358254122379068 0.349989780848672 -0.865540929919472 255 128 128 255 
-0.253247492850816 0.40528427471847 -0.878413358689093 255 128 128 255 
-0.317073975021804 0.309853837460744 -0.896356305098498 255 128 128 255 
0.919013150187293 -0.392147639478227 0.0404324300165783 255 128 128 255 
0.965927057902312 -0.253697735950669 0.0512074393664025 255 128 128 255 
0.932758193338735 -0.325590783815798 0.15476650596076 255 128 128 255 
-0.558341891834979 0.23452382291937 -0.795771871626502 255 128 128 255 
-0.509945403148524 0.334810925561631 -0.79237434260271 255 128 128 255 
-0.503690529901296 0.237188491371379 -0.830684911260934 255 128 128 255 
-0.406461560851989 0.397320483182572 -0.822754751525205 255 128 128 255 
-0.419776470132536 0.329626564323964 -0.845655967502127 255 128 128 255 
-0.0817620503775077 0.257278315004002 -0.962872134832699 255 128 128 255 
-0.15796456748868 0.240587037166464 -0.957687337477237 255 128 128 255 
-0.16197284789658 0.322823264347298 -0.932496561220105 255 128 128 255 
-0.252308547491256 0.246137619622413 -0.935818534551601 255 128 128 255 
-0.0650316913130013 0.386414896302301 -0.920029455752035 255 128 128 255 
-0.459632802307899 0.452388297327725 -0.764252877371255 255 128 128 255 
-0.0544200565885569 0.18513151946285 -0.98120576869321 255 128 128 255 
0.00517647882321219 0.300418498839539 -0.953793400989124 255 128 128 255 
-0.144362743591615 0.445054045633033 -0.883790831494176 255 128 128 255 
-0.155858788126078 0.389948792661622 -0.907550525602173 255 128 128 255 
0.160084640100332 0.236402882511955 -0.958377045219913 255 128 128 255 
0.163369379379157 0.305986842898851 -0.937913859414995 255 128 128 255 
0.0885288067927884 0.254218383010096 -0.963086490879854 255 128 128 255 
0.0841654868399647 0.385756016839915 -0.918753604242106 255 128 128 255 
0.239704314949808 0.405732381384363 -0.881999247174683 255 128 128 255 
0.310560816022356 0.31228589280847 -0.897791415662375 255 128 128 255 
0.694165365806051 0.184463281549828 -0.695778380893624 255 128 128 255 
0.6273842565381 0.0889391270431486 -0.773614031216405 255 128 128 255 
0.603852991332994 0.188098299749342 -0.774584096803803 255 128 128 255 
0.167351943167377 0.525136721210778 -0.834400785111351 255 128 128 255 
0.143096629881075 0.452650482876496 -0.88013115875471 255 128 128 255 
0.35388629849329 0.356497214484927 -0.864681541438947 255 128 128 255 
0.333364676613706 0.422631383699727 -0.842763708128272 255 128 128 255 
0.0974534905529594 -0.774694301349764 0.624781113106101 255 128 128 255 
0.166621511413083 -0.832880775927455 0.527775335439167 255 128 128 255 
0.191826531380485 -0.771712579058896 0.606351575732414 255 128 128 255 
-0.34971993497178 0.499339188754754 -0.792689188687396 255 128 128 255 
-0.34012909334682 0.412816729947357 -0.844922791658562 255 128 128 255 
-0.257674740461745 0.602082870466695 -0.755711439435902 255 128 128 255 
-0.176470878997303 0.533695738347121 -0.827059055470514 255 128 128 255 
-0.25826507746582 0.512229286916819 -0.819097201695314 255 128 128 255 
-0.394502566824289 -0.0639793920074268 0.916664732514378 255 128 128 255 
-0.260841295161416 -0.0549507117148078 0.963816417390576 255 128 128 255 
-0.334183263255888 0.00188351592549285 0.942506210264561 255 128 128 255 
-0.0720734252142378 0.505309745425085 -0.859922858641191 255 128 128 255 
0.0219669786695247 0.558774488462587 -0.82902861315967 255 128 128 255 
0.0100490399564656 0.466991897492335 -0.884204448365742 255 128 128 255 
-0.0765137214254975 0.623144269327071 -0.778355076955279 255 128 128 255 
0.259975669986463 -0.961285714686524 0.0913364784837945 255 128 128 255 
0.390742812380035 -0.916511564166047 0.0855939632716795 255 128 128 255 
0.310873885952404 -0.935893546528693 0.165712420001838 255 128 128 255 
-0.473061675016793 -0.617633527608144 -0.628284498608778 255 128 128 255 
-0.391434608614676 -0.591610661353114 -0.704823178547821 255 128 128 255 
-0.401175089407279 -0.648717021031879 -0.646702987929317 255 128 128 255 
0.0859542351137307 0.491388467154903 -0.866688645764839 255 128 128 255 
0.412242750350759 0.415457582276608 -0.81083340365798 255 128 128 255 
0.239532694711422 0.55293002822792 -0.79805541838109 255 128 128 255 
0.242950671364052 0.499861457182919 -0.831332343808834 255 128 128 255 
-0.324773404642503 -0.512694254546366 -0.794774569934305 255 128 128 255 
-0.32576446494023 -0.601102536416267 -0.729762443510581 255 128 128 255 
-0.45958337637883 -0.548696954244632 -0.69836576500255 255 128 128 255 
0.186376013628163 0.688356304861438 -0.701020297828088 255 128 128 255 
0.270053985884851 0.616128911209654 -0.739902661813025 255 128 128 255 
0.191711029152166 0.603658306566449 -0.773849781477545 255 128 128 255 
-0.411331737240268 -0.704358948132362 -0.578519294280879 255 128 128 255 
-0.869574193798625 0.0620599151740225 -0.489886952110824 255 128 128 255 
-0.820395000596952 0.00774227117324428 -0.571744735634082 255 128 128 255 
0.0214422839022483 -0.705620807998559 -0.708265022703571 255 128 128 255 
0.030593383860939 -0.623338860778243 -0.781353106722352 255 128 128 255 
0.376833957783136 -0.595906082787136 -0.709148830502212 255 128 128 255 
0.34000780924478 -0.677265713158903 -0.652461351889937 255 128 128 255 
0.313334366227398 -0.63065154918914 -0.710000132223904 255 128 128 255 
-0.167076696659975 -0.698162421698669 -0.696171217933341 255 128 128 255 
-0.261939965114725 -0.743161819116133 -0.615709231197341 255 128 128 255 
-0.253937189843673 -0.685889527192278 -0.681961461306918 255 128 128 255 
0.0736882982906062 -0.58773674697417 -0.805689481228848 255 128 128 255 
-0.258762674614753 -0.62133898114032 -0.739580729042151 255 128 128 255 
-0.0685033287858601 -0.779235478783451 -0.622976017942559 255 128 128 255 
-0.0707912192062721 -0.705077072223301 -0.705588300882026 255 128 128 255 
0.226193815259505 -0.555922880408159 -0.799866292977575 255 128 128 255 
-0.172917815645642 -0.604967963829574 -0.777247133631374 255 128 128 255 
0.108012586842043 -0.757340229800474 -0.644025610226107 255 128 128 255 
0.104615856719706 -0.70062040409723 -0.705823313858505 255 128 128 255 
-0.667748276419358 -0.318457300730008 -0.672827721984376 255 128 128 255 
-0.594334997289867 -0.38064821152473 -0.708429812780932 255 128 128 255 
-0.650815587630864 -0.384150214627647 -0.654879890189725 255 128 128 255 
0.229159662948996 -0.50466127452699 -0.83234776711237 255 128 128 255 
0.270750590043826 -0.734577561613001 -0.622165461125992 255 128 128 255 
0.274044626293751 -0.67151331325437 -0.688454351278319 255 128 128 255 
0.458270838010963 -0.607768843347685 -0.648540544874343 255 128 128 255 
0.446947804523128 -0.550322247107916 -0.705253892339166 255 128 128 255 
0.401810120807227 -0.705591972679277 -0.583685326355543 255 128 128 255 
0.403984497129356 -0.650743342943217 -0.642907160759031 255 128 128 255 
-0.619448421640111 -0.253997635943096 -0.742811403519485 255 128 128 255 
-0.600740858477105 -0.318320589738935 -0.733336484003377 255 128 128 255 
-0.513772365568159 -0.320280450157008 -0.795900867177521 255 128 128 255 
-0.476826818958524 -0.470928858428498 -0.742200884366655 255 128 128 255 
-0.554859357181101 -0.44985964617309 -0.699826665662475 255 128 128 255 
-0.525443038443086 -0.405287217490646 -0.748098836557412 255 128 128 255 
-0.704130206315625 -0.381304525105416 -0.59900539496517 255 128 128 255 
-0.541391932532656 -0.53015737964854 -0.652554875308413 255 128 128 255 
-0.627645729262942 -0.455808509744103 -0.631109629422035 255 128 128 255 
-0.48421946680673 -0.403355331913291 -0.776425123940095 255 128 128 255 
-0.421521352074236 -0.329416878022317 -0.844869350135159 255 128 128 255 
-0.0145664324266297 -0.385597343489504 -0.922552163050396 255 128 128 255 
0.517683719864292 -0.417705868158345 -0.746676210198034 255 128 128 255 
0.477767991587968 -0.415847109109144 -0.773827448910648 255 128 128 255 
0.466835018436553 0.470037944936019 -0.749085693097194 255 128 128 255 
0.404475306098376 0.479549983370789 -0.778737139939388 255 128 128 255 
0.586257133678236 -0.395795017840985 -0.706858421667356 255 128 128 255 
0.543485476778253 -0.461263283135528 -0.701327086764602 255 128 128 255 
0.328662785379428 -0.425439161436089 -0.843197631804269 255 128 128 255 
0.594216920596408 -0.328962030662409 -0.733955177390785 255 128 128 255 
-0.681999212186377 -0.248271588286008 -0.687923160765986 255 128 128 255 
0.611716026376808 -0.474706753306068 -0.632816668531273 255 128 128 255 
0.700469878659967 -0.41207749805571 -0.582695439642227 255 128 128 255 
0.643747731436989 -0.402655653252278 -0.65073593956164 255 128 128 255 
-0.736641875140525 -0.255147541328458 -0.626305364120995 255 128 128 255 
0.543751425933927 -0.158543968569015 -0.824134713961685 255 128 128 255 
0.623418356458313 -0.163999229942362 -0.764495756102108 255 128 128 255 
0.698218078149335 -0.168758534279099 -0.695709640324707 255 128 128 255 
0.680535648232783 -0.252420256169143 -0.687862787142229 255 128 128 255 
0.739439967335565 -0.262608489152243 -0.619891292929825 255 128 128 255 
-0.624886529083077 0.0281351421267792 -0.780208437645295 255 128 128 255 
-0.589769377268212 0.0734675423248414 -0.804222972153025 255 128 128 255 
-0.771177793736573 -0.0755786900236229 -0.63211748964219 255 128 128 255 
-0.706577648009809 0.0137457746430249 -0.707501897971031 255 128 128 255 
-0.701796098397609 -0.0750077781694879 -0.708417964961975 255 128 128 255 
0.707611016177965 -0.079481083845396 -0.702117768407039 255 128 128 255 
0.637309928107041 0.0037305160170357 -0.770598541039497 255 128 128 255 
0.548747267431722 0.0721300002309578 -0.832870736539742 255 128 128 255 
0.776672745897651 -0.0780031508463206 -0.625055822970346 255 128 128 255 
-0.621110030045207 0.272459806928147 -0.734838690844645 255 128 128 255 
-0.613803287230339 0.188127915943057 -0.766715955941055 255 128 128 255 
-0.77252956996951 0.0939034748174668 -0.627996872476128 255 128 128 255 
-0.698681391039022 0.18574446022767 -0.690900261943004 255 128 128 255 
-0.708167929031932 0.0991194081883076 -0.699051853539705 255 128 128 255 
-0.664322719906505 0.343422627640383 -0.663879621817042 255 128 128 255 
-0.579788345891522 0.413311939739818 -0.702152874844535 255 128 128 255 
-0.595935312123755 0.341401827581101 -0.726846520092431 255 128 128 255 
0.520794409358625 0.157074157145206 -0.83910711306333 255 128 128 255 
0.549917546110396 0.238524712040953 -0.80043527219305 255 128 128 255 
0.760899208511219 0.0979711468582611 -0.641431182651935 255 128 128 255 
0.700602293303124 0.0943130617619586 -0.707291620020727 255 128 128 255 
-0.407874354684963 0.239429224235938 -0.881085592952063 255 128 128 255 
-0.737557797579752 0.274414159725821 -0.617013197466289 255 128 128 255 
-0.682947087230109 0.268749838224388 -0.679232493309256 255 128 128 255 
0.495738646347103 0.240859656413243 -0.834403850306231 255 128 128 255 
0.409568563955529 0.5179810025498 -0.750965554144767 255 128 128 255 
0.511995328652061 0.41261161941623 -0.753400575836746 255 128 128 255 
0.475207774671388 0.407399926458517 -0.779873620551221 255 128 128 255 
0.50684427990886 0.331713596692903 -0.795659992018836 255 128 128 255 
0.571126700527575 0.395835902129341 -0.719116270640385 255 128 128 255 
0.586059521039633 0.33919321062966 -0.735854731876633 255 128 128 255 
-0.518004084994339 0.416839132312348 -0.746938346788706 255 128 128 255 
0.746982207557289 0.265742344534901 -0.609424755764596 255 128 128 255 
0.684579190009223 0.281559253174604 -0.672365739391424 255 128 128 255 
-0.520971410215175 0.465335081900677 -0.715578114206487 255 128 128 255 
-0.701368119193695 0.412729057998446 -0.58115182355271 255 128 128 255 
-0.639360158731477 0.421601465061081 -0.643016936124217 255 128 128 255 
0.613377944525755 0.275754250789859 -0.740085807374278 255 128 128 255 
-0.563011623882771 0.513295637619707 -0.647723284139254 255 128 128 255 
-0.484128373444123 0.60609319831884 -0.631086892121206 255 128 128 255 
-0.476567734779959 0.523826534113255 -0.706037475125695 255 128 128 255 
-0.411762044591683 -0.522161342416774 -0.746859782449524 255 128 128 255 
-0.257214182477226 0.677146637694664 -0.689429661078496 255 128 128 255 
0.419039982979788 0.335550361555469 -0.843689166642454 255 128 128 255 
-0.408354060271977 -0.480915562292973 -0.775865434073613 255 128 128 255 
0.533618811289224 0.45382891592245 -0.713645759322972 255 128 128 255 
0.392616966699129 0.582443018472806 -0.711766823498089 255 128 128 255 
0.465779994976272 0.59490647002411 -0.655084169887775 255 128 128 255 
0.4523821908488 0.539259955496903 -0.710316155914887 255 128 128 255 
-0.168111394571819 0.695193723072888 -0.698887701606655 255 128 128 255 
-0.170509353967946 0.616481846574237 -0.768685005525202 255 128 128 255 
0.588462341625624 0.461188010050178 -0.664091608874241 255 128 128 255 
0.641375726660035 0.425146849478611 -0.638660565663822 255 128 128 255 
0.612330877826249 0.410219200172399 -0.675848430835824 255 128 128 255 
0.0937110830120536 0.55129403029016 -0.829031429324677 255 128 128 255 
-0.40370314430865 0.578886513223472 -0.708458972546912 255 128 128 255 
-0.337983874032651 0.587695255133827 -0.735106218960661 255 128 128 255 
0.335388827434272 -0.729754290449319 -0.595796100604361 255 128 128 255 
-0.421853243775728 0.514919997178782 -0.746255468635143 255 128 128 255 
-0.411366238399467 0.638313896518192 -0.650640579918928 255 128 128 255 
-0.334501408985458 -0.732942425061056 -0.59237164611347 255 128 128 255 
-0.263442446412483 0.739059975816954 -0.619990568639567 255 128 128 255 
0.0998586863394645 0.623320630701719 -0.775563997285991 255 128 128 255 
0.0154350339732083 0.629745895324906 -0.776647816539198 255 128 128 255 
-0.146698013742202 -0.845149752297461 -0.51400526692723 255 128 128 255 
-0.176114378464222 -0.77842627386129 -0.602524831831685 255 128 128 255 
-0.069313307056758 0.777538896856321 -0.62500294986981 255 128 128 255 
0.0161716107258714 0.70327572838478 -0.71073311772391 255 128 128 255 
-0.0748243522930244 0.70338524315814 -0.706859567822715 255 128 128 255 
0.329043941292102 0.512097768969331 -0.793401419822288 255 128 128 255 
0.101923391323367 0.695539138076876 -0.711222115233573 255 128 128 255 
0.332357049150615 0.595385785270497 -0.731474222240923 255 128 128 255 
-0.422711345399833 -0.75107258510195 -0.507153885201288 255 128 128 255 
0.265671268308973 0.677272307613937 -0.686091088447022 255 128 128 255 
0.509745603368695 0.637014899869649 -0.578248551259747 255 128 128 255 
0.449849736800562 0.643618860258981 -0.619184925403302 255 128 128 255 
-0.330475439518482 -0.669945674939475 -0.664799748684535 255 128 128 255 
-0.483125032846106 -0.668756208980305 -0.565115314171822 255 128 128 255 
0.0215640311676398 -0.832659290771227 -0.553365537418729 255 128 128 255 
0.0317217473106584 -0.778696727675978 -0.626598039226639 255 128 128 255 
0.0767498285768484 -0.801988839387964 -0.59238784009044 255 128 128 255 
0.189794205544254 -0.764390006421701 -0.61618668529686 255 128 128 255 
-0.0379676531140469 -0.887331070250733 -0.459567092547526 255 128 128 255 
-0.0581550979091399 -0.839759590604226 -0.539834949510045 255 128 128 255 
0.31702178232535 -0.589185902634158 -0.743207342588664 255 128 128 255 
0.440960567870327 -0.655672174338228 -0.61290111218115 255 128 128 255 
0.497000376741076 -0.651927003067021 -0.57269693065808 255 128 128 255 
0.452686048382695 -0.717224006022747 -0.529778306010338 255 128 128 255 
-0.581330666226658 -0.566716975924405 -0.583854877045312 255 128 128 255 
-0.53704936392347 -0.587893887624374 -0.604945246101045 255 128 128 255 
-0.601608143275093 -0.522193923969141 -0.604467649317883 255 128 128 255 
-0.602618193168854 -0.588066692901875 -0.539470917878502 255 128 128 255 
0.729321525041938 -0.33442000362373 -0.596869608879836 255 128 128 255 
0.551539064636279 -0.583732683583259 -0.595869787930483 255 128 128 255 
0.508656139260557 -0.596629156610904 -0.620727457770206 255 128 128 255 
0.523541783188104 -0.538076666309086 -0.660588722098106 255 128 128 255 
0.5791343228102 -0.538292039566548 -0.612245954709145 255 128 128 255 
-0.695348530887329 -0.451300922016499 -0.559301233513474 255 128 128 255 
-0.727268842015501 -0.320539352304661 -0.60690570339973 255 128 128 255 
-0.771983536660318 0.19228477636198 -0.605861310977861 255 128 128 255 
0.664364405192274 -0.330602401274667 -0.670314779751671 255 128 128 255 
0.663252443218661 -0.48583108382252 -0.569266488611835 255 128 128 255 
0.774861953097084 -0.179178204413751 -0.60620463467961 255 128 128 255 
-0.770244801754865 -0.175615484739136 -0.613092231955557 255 128 128 255 
0.776861556754448 -0.443990429470207 -0.446495854866107 255 128 128 255 
0.749683741188042 -0.421925396955353 -0.50985607465649 255 128 128 255 
-0.770588947675705 0.00999105320185983 -0.637254129248995 255 128 128 255 
0.831291801791067 0.00482672745091728 -0.555815231427496 255 128 128 255 
0.832001408328971 -0.072177600392748 -0.550058207225732 255 128 128 255 
0.779388406383473 0.0193189504201418 -0.626243130742946 255 128 128 255 
0.804829438076294 0.0631894556959697 -0.590132743458346 255 128 128 255 
-0.643026632225244 0.105194298992928 -0.758584753709647 255 128 128 255 
0.707798573959968 0.00822760214380061 -0.706366296458336 255 128 128 255 
0.837080362339372 0.131303421892452 -0.531089131980969 255 128 128 255 
0.772294623825563 0.181589099117802 -0.608758044500324 255 128 128 255 
-0.82723196535369 0.081572363343138 -0.555907549527708 255 128 128 255 
0.644226415600322 0.355937666753985 -0.676964301925385 255 128 128 255 
0.707573285896612 0.325474930278748 -0.627220938079606 255 128 128 255 
-0.726360583748734 0.343832854323251 -0.595129600194611 255 128 128 255 
-0.589186090043131 0.559551122134793 -0.582891317333028 255 128 128 255 
-0.609888004552693 0.520756014588709 -0.597369059056253 255 128 128 255 
0.708982790024413 0.392590848088615 -0.585846190222409 255 128 128 255 
0.80188511548671 0.226763284434374 -0.552773589641666 255 128 128 255 
0.74360884809855 0.327180646541973 -0.583094070739617 255 128 128 255 
-0.605841522423197 0.457040404829063 -0.651206660059495 255 128 128 255 
-0.636381961334491 0.476313402608759 -0.606748326380968 255 128 128 255 
-0.67444731005197 0.473712959336733 -0.566318686680325 255 128 128 255 
-0.706801988666226 0.472650534306503 -0.526338683157831 255 128 128 255 
-0.760066164601008 0.458539565010976 -0.460478917538448 255 128 128 255 
-0.741994033005418 0.42209213787464 -0.520848412498707 255 128 128 255 
-0.646829664681012 0.530326648707481 -0.548055665324711 255 128 128 255 
0.640223905075015 0.501559455611905 -0.581851687736282 255 128 128 255 
0.579765285197217 0.512701521110707 -0.633252997149464 255 128 128 255 
0.66911381331678 0.665774164200759 -0.330198997090395 255 128 128 255 
0.704390600057411 0.585215192088303 -0.401692662512498 255 128 128 255 
0.649478080527183 0.645819517529437 -0.401366861291885 255 128 128 255 
0.713964495801108 0.45818349865788 -0.529454961983802 255 128 128 255 
0.763594085091384 0.450444758070521 -0.462626755720712 255 128 128 255 
0.749872160807875 0.407326366721099 -0.521322317750691 255 128 128 255 
-0.553650405438542 0.624254725854164 -0.551159899392583 255 128 128 255 
-0.548823146784783 0.577196402946415 -0.604679633238034 255 128 128 255 
0.522561799408843 0.523421794072641 -0.673022112749979 255 128 128 255 
0.516282300282191 0.580094374894016 -0.630034203357254 255 128 128 255 
-0.629524681437646 0.610903675405421 -0.480099254889959 255 128 128 255 
-0.60606014204911 0.582472340992641 -0.541679860863181 255 128 128 255 
-0.490276308795597 0.661139431400795 -0.567911766696465 255 128 128 255 
0.0226648124099291 0.831217349798502 -0.555485325804789 255 128 128 255 
0.0303515563274323 0.776955410998087 -0.628823534386813 255 128 128 255 
0.0650460244313051 -0.875606659131408 -0.478625045008309 255 128 128 255 
-0.144504334241508 0.844460224981083 -0.515756963589314 255 128 128 255 
-0.175511073316209 0.776735953787723 -0.604877698637407 255 128 128 255 
0.536811869544626 0.689253833549585 -0.486582079443959 255 128 128 255 
0.625571187507386 0.621408023439293 -0.471712515422569 255 128 128 255 
0.567901889412081 0.637299504170185 -0.520899967171208 255 128 128 255 
0.466920274907835 0.708847669100212 -0.528696906747929 255 128 128 255 
0.40999024949094 0.696495871829098 -0.588898494635733 255 128 128 255 
0.417814961093965 0.741289721862188 -0.525281060492689 255 128 128 255 
-0.231050199640435 0.80296042936816 -0.549427256762102 255 128 128 255 
0.589449082709756 0.700520845345202 -0.40226888853938 255 128 128 255 
0.411350252293693 0.638521307905444 -0.650447151838549 255 128 128 255 
0.188201868850863 0.76399755229774 -0.617160994975798 255 128 128 255 
-0.369994170667126 -0.0937834493629624 -0.924288317047879 255 128 128 255 
0.234004119055249 0.793180785533718 -0.562233295406342 255 128 128 255 
-0.387711016175551 -0.0212234006380025 -0.921536610303338 255 128 128 255 
-0.616116811797152 -0.740440695541118 -0.26860299746673 255 128 128 255 
0.261279193010094 -0.611208148531976 -0.747099556043601 255 128 128 255 
0.322512540918624 -0.237593314959086 -0.916261453537045 255 128 128 255 
-0.0968981128326336 -0.925149521597246 -0.367027278704109 255 128 128 255 
-0.129108357817678 -0.891321010005061 -0.434600778122314 255 128 128 255 
-0.0750323100439809 -0.963731816670375 -0.256107420344996 255 128 128 255 
-0.014427711943571 -0.943539272494197 -0.33094628404154 255 128 128 255 
0.694285560637046 0.530740665295744 -0.486088313473932 255 128 128 255 
0.640204815889307 0.562369677652183 -0.523333668401492 255 128 128 255 
0.0625467377645067 -0.920604938959886 -0.385453427937753 255 128 128 255 
0.0585117235028804 -0.965551552804297 -0.253547589322553 255 128 128 255 
0.165527706924311 -0.931791776004153 -0.323055033726692 255 128 128 255 
0.132680166534982 -0.885996890523278 -0.444303322540509 255 128 128 255 
0.239508998113155 -0.914750891410398 -0.32537089958936 255 128 128 255 
0.155259577208018 -0.958710533141763 -0.238261451810715 255 128 128 255 
0.25106991839668 -0.938144273575713 -0.238430298002376 255 128 128 255 
-0.416799900565531 -0.847420931959426 -0.328870154853254 255 128 128 255 
-0.923804865440009 -0.0512896682888352 -0.379412459993958 255 128 128 255 
-0.919799852506388 0.0821681501121875 -0.383687939767388 255 128 128 255 
-0.899987251005763 0.0109211298586782 -0.435779363877845 255 128 128 255 
0.404306180896166 -0.747917552487641 -0.526455923037564 255 128 128 255 
0.434720846340381 -0.835634112769891 -0.335757936994879 255 128 128 255 
-0.947336069246423 -0.226246312861048 -0.226642627438076 255 128 128 255 
-0.936235581974444 -0.153635919507514 -0.316004477730444 255 128 128 255 
-0.921381063940522 -0.228626975670293 -0.314303376681652 255 128 128 255 
-0.838801580353235 -0.427025096989523 -0.33772981128159 255 128 128 255 
0.838286649257905 -0.152020751040961 -0.523607750696135 255 128 128 255 
-0.936131452701168 -0.316058247863747 -0.154158920225791 255 128 128 255 
-0.92129539429429 -0.313693702567489 -0.229806503317254 255 128 128 255 
-0.967423888053284 -0.0479326821446632 -0.24858262025546 255 128 128 255 
0.941512962609578 -0.233866934256184 -0.242609401130818 255 128 128 255 
0.409597831507574 0.875612857138822 -0.255990988268765 255 128 128 255 
0.325115718996167 0.931521972880796 -0.162992275456386 255 128 128 255 
0.394700719230785 0.905108929152421 -0.158079560158155 255 128 128 255 
-0.827704097376293 -0.0656299694025743 -0.55731374400735 255 128 128 255 
-0.963210349589469 -0.138786565073166 -0.23013922727252 255 128 128 255 
-0.880578201045309 0.137413084721558 -0.453541203836674 255 128 128 255 
-0.962078930314106 0.0792076633891729 -0.261017534836957 255 128 128 255 
-0.93645991621454 0.165311175995172 -0.309378308159693 255 128 128 255 
-0.892423907484412 0.319567402557389 -0.318521854123048 255 128 128 255 
-0.979674095828446 0.147497231939927 -0.13595186483991 255 128 128 255 
-0.957047735015824 0.163019464362741 -0.239758731091301 255 128 128 255 
0.836221687307613 0.227869734358602 -0.498807198949703 255 128 128 255 
0.867649810381692 0.347006708071887 -0.356047905300367 255 128 128 255 
0.791072507734993 0.501445513132548 -0.350366199727673 255 128 128 255 
0.740866986926455 0.518733874993829 -0.426651209504062 255 128 128 255 
-0.581418102861877 0.699475278755846 -0.415556516653039 255 128 128 255 
-0.648355046041937 0.641286474544744 -0.410350304994707 255 128 128 255 
-0.731075377712067 0.591653758649336 -0.339815527192754 255 128 128 255 
-0.568059099707053 0.662561102322915 -0.488181962317657 255 128 128 255 
0.457292895663946 0.757821505333209 -0.465391983659245 255 128 128 255 
0.505386972041946 0.787947186552644 -0.351742838995029 255 128 128 255 
0.523539561215551 0.737875258467847 -0.425965270951111 255 128 128 255 
0.732707402993579 0.591575671222668 -0.336419456693374 255 128 128 255 
-0.510061467456567 0.747823561619687 -0.42496728153556 255 128 128 255 
-0.596240037336238 0.727488520050239 -0.339497020404672 255 128 128 255 
-0.345219119623167 0.873968791885652 -0.342055936985997 255 128 128 255 
-0.231105251757333 0.890327051716054 -0.392310663760583 255 128 128 255 
-0.32697548740608 0.85183486610523 -0.409224089959393 255 128 128 255 
-0.399506763960392 0.887957026921657 -0.227873180769032 255 128 128 255 
-0.412545607083835 0.850896422462737 -0.325240472059703 255 128 128 255 
-0.504246246695144 0.797024307306779 -0.33239688590509 255 128 128 255 
-0.124674701218663 0.891297889910202 -0.435940629754517 255 128 128 255 
0.0685080260110244 0.872918741412234 -0.483031543106005 255 128 128 255 
0.699973963313611 -0.694756770082746 -0.165376135580921 255 128 128 255 
0.681738285534919 -0.686613385564746 -0.252576591377344 255 128 128 255 
0.131493110315039 0.878706021645054 -0.458895680140754 255 128 128 255 
0.351262070468038 0.863484524890242 -0.361952193514668 255 128 128 255 
0.331612655802679 0.841071291635251 -0.427354764936368 255 128 128 255 
0.237480644592372 0.827055764849593 -0.50949156456696 255 128 128 255 
-0.23489983149669 0.838393010135532 -0.491852801988663 255 128 128 255 
0.418449630816357 0.839394132212191 -0.346867943208384 255 128 128 255 
0.401217502333933 0.817825901199236 -0.412535150172137 255 128 128 255 
0.595554590676863 0.72923841539327 -0.336936235571866 255 128 128 255 
-0.69246718234109 -0.699636629348329 -0.176061318990488 255 128 128 255 
-0.679040651578332 -0.685828083717448 -0.261808351082542 255 128 128 255 
-0.305608742274762 0.903519941377622 -0.30042458914992 255 128 128 255 
-0.0884003388908297 0.926427548493058 -0.36594707594948 255 128 128 255 
-0.0602298618626792 0.967544117866582 -0.245419250564857 255 128 128 255 
-0.00304201227799084 0.943338860012527 -0.331816966280221 255 128 128 255 
-0.0324152659743536 0.885938734291676 -0.462668008831218 255 128 128 255 
-0.0561016853263336 0.838656986627773 -0.541762878893047 255 128 128 255 
0.0690938920920237 0.96149825401588 -0.265983068665527 255 128 128 255 
0.248072563459293 0.935127219854349 -0.252975786030774 255 128 128 255 
0.138203567476432 0.980384961738058 -0.140516205733445 255 128 128 255 
0.153493809965962 0.957472645683218 -0.244306661327479 255 128 128 255 
-0.528629876388705 -0.831333766149597 -0.17156496387264 255 128 128 255 
-0.500455091423231 -0.829689344663547 -0.247306014962515 255 128 128 255 
-0.552658253526511 -0.797274529976296 -0.24273886443756 255 128 128 255 
-0.161999676739128 -0.94114118181539 -0.296663626283882 255 128 128 255 
-0.155701648755965 -0.960836936463761 -0.229236433264105 255 128 128 255 
-0.326163207886971 -0.934839668018889 -0.140329058139537 255 128 128 255 
-0.24436551120334 -0.959602040500454 -0.139460996873731 255 128 128 255 
-0.134096618094511 -0.982989843969117 -0.125493829538726 255 128 128 255 
-0.0187009253536675 -0.983187548178486 -0.181638268828155 255 128 128 255 
0.247468290311676 -0.956891776076756 -0.152044531922727 255 128 128 255 
0.522791760002948 -0.814938407364464 -0.250128179864874 255 128 128 255 
0.0482348050868573 -0.984638126073824 -0.167812815270915 255 128 128 255 
-0.772882423632619 -0.629749012374017 -0.0779021032207687 255 128 128 255 
-0.770353014379654 -0.611140924938045 -0.181832162622989 255 128 128 255 
0.329003282502135 -0.931366775567806 -0.155925217891613 255 128 128 255 
0.541357114424696 -0.823145808349536 -0.171357150037425 255 128 128 255 
0.512415590430271 -0.855919614497773 -0.0695106125266476 255 128 128 255 
0.454602305471722 -0.879403719554313 -0.141371084058334 255 128 128 255 
-0.604072211018766 -0.774160128152187 -0.189137003126257 255 128 128 255 
0.622532018796629 -0.764943209114553 -0.165274695691325 255 128 128 255 
-0.794891740451452 -0.559577678084688 -0.234563241592648 255 128 128 255 
-0.835223861940818 -0.528026267122702 -0.153587881964412 255 128 128 255 
0.783972074682155 -0.6169651647339 -0.068858406696366 255 128 128 255 
0.779585625014855 -0.600789064662378 -0.176914291527793 255 128 128 255 
0.804444507849428 -0.546389966147781 -0.233081531463425 255 128 128 255 
0.845301747367019 -0.512202363371184 -0.152031439837489 255 128 128 255 
0.312443965237548 0.893473012849926 -0.322621549242813 255 128 128 255 
-0.828602679491062 -0.506123569672935 -0.239283297976032 255 128 128 255 
-0.923010759781841 -0.381597341277699 -0.0493398848409542 255 128 128 255 
-0.910017102272874 -0.389133523578596 -0.142982342759905 255 128 128 255 
0.964464690135491 -0.0609306221503537 -0.257089866795059 255 128 128 255 
0.967607017139566 0.0642697431187249 -0.244143296572187 255 128 128 255 
0.983492382913956 -0.0114217237032926 -0.180588563766487 255 128 128 255 
-0.963212480682263 -0.229848433143734 -0.139252888058492 255 128 128 255 
-0.963034175939832 -0.258461896211875 0.0759113620914008 255 128 128 255 
-0.92526417413941 -0.369664296126928 0.0850550147053601 255 128 128 255 
-0.938955489256773 -0.305446824274761 0.158318521219556 255 128 128 255 
0.941361097458982 -0.146196215371554 -0.304081978654544 255 128 128 255 
0.961741688731967 -0.142170819348927 -0.234180163157219 255 128 128 255 
0.983282067448273 -0.126013833295676 -0.131440390721585 255 128 128 255 
0.961778110274403 -0.227667613218033 -0.152152210079244 255 128 128 255 
0.941913436752898 -0.295426213424674 -0.159757191348468 255 128 128 255 
-0.38727250402511 -0.92112592745553 -0.0393304260410683 255 128 128 255 
-0.263543331926574 -0.963104681314059 -0.0545357774549578 255 128 128 255 
-0.316302944551116 -0.948570458837534 0.0129035527679506 255 128 128 255 
-0.982615658144348 0.0303814181185171 -0.183148530065962 255 128 128 255 
-0.985691907293031 -0.0340081502825083 -0.165090547461856 255 128 128 255 
0.937078943995688 0.248140733015574 -0.245578768314971 255 128 128 255 
0.980366953599074 0.145461738872407 -0.13312139193824 255 128 128 255 
0.960740771974463 0.153533681926418 -0.231094229889108 255 128 128 255 
0.237181025627842 -0.243168484566178 0.940539192370483 255 128 128 255 
0.395919799950791 -0.236661523102064 0.887264571489511 255 128 128 255 
0.299470256696227 -0.16059527116455 0.940492771092058 255 128 128 255 
0.942181523089243 0.153748954670722 -0.297750131953055 255 128 128 255 
0.984801010649078 0.0531687089792541 -0.165348238048239 255 128 128 255 
0.897046074807851 0.309192447611703 -0.315766206999181 255 128 128 255 
-0.954307636662365 0.255471014677563 -0.155020797824985 255 128 128 255 
-0.820770064363669 0.541327020888398 -0.182486707755223 255 128 128 255 
-0.812454141238159 0.519832871503933 -0.263992395203482 255 128 128 255 
-0.0118100749410508 0.921231201754519 -0.388836186361294 255 128 128 255 
0.877344407493369 0.407170337234908 -0.25392674570485 255 128 128 255 
0.95602285703486 0.248016696637864 -0.15655024832284 255 128 128 255 
0.930724689254398 0.327599552727575 -0.162573062113449 255 128 128 255 
-0.838305058027739 0.422394877241278 -0.344713175778709 255 128 128 255 
-0.958981430031803 0.273584706613703 -0.0742016909105263 255 128 128 255 
0.842853578793548 0.414409567756997 -0.343311125619603 255 128 128 255 
0.754088212682931 0.604046419729656 -0.257834699739199 255 128 128 255 
0.816511016830531 0.514444730680983 -0.262023472754724 255 128 128 255 
-0.552807419933653 0.799563184379564 -0.234739504756249 255 128 128 255 
-0.525110108370546 0.837410269253839 -0.151668335764859 255 128 128 255 
-0.497562890393733 0.834217002277812 -0.237724801314545 255 128 128 255 
-0.619811747868928 0.737943918999558 -0.266968288734721 255 128 128 255 
-0.764494774096356 0.61959043654202 -0.177919612936032 255 128 128 255 
0.538836646562289 0.823298868757537 -0.178420384762464 255 128 128 255 
0.608360685140484 0.750579655167671 -0.257928854262424 255 128 128 255 
0.518409321421632 0.813855528205371 -0.262470702515899 255 128 128 255 
-0.697574996826387 0.694506742896463 -0.17620821550523 255 128 128 255 
0.685902215115098 0.682019506231998 -0.25374692203212 255 128 128 255 
-0.147569319807495 0.963175108873157 -0.224759803443717 255 128 128 255 
0.781083500277631 0.618979163732547 -0.0822989306490396 255 128 128 255 
0.825989905565483 0.534059841547598 -0.180334651792616 255 128 128 255 
0.768737351357533 0.615640036095245 -0.173292184696425 255 128 128 255 
-0.608261799059007 0.772230750742156 -0.183513439719332 255 128 128 255 
0.259790504273038 0.962098851909182 -0.082913183556263 255 128 128 255 
0.243853162724794 0.956431227080624 -0.160545637875095 255 128 128 255 
0.564619010650987 0.825135618701207 0.0188811508626552 255 128 128 255 
0.628989054459926 0.773255228521634 -0.0803049036161322 255 128 128 255 
0.511478410596343 0.856047420464034 -0.0746490704839417 255 128 128 255 
0.69961411371941 0.694123793497129 -0.169505364516729 255 128 128 255 
0.621621422815092 0.764288036269212 -0.171611635232017 255 128 128 255 
-0.154154195191569 0.943340177233487 -0.293846394935823 255 128 128 255 
0.562168533526284 0.559177807920948 -0.609332997949668 255 128 128 255 
0.59304292068303 0.588529377877826 -0.549484525820257 255 128 128 255 
-0.30312196703771 0.941564824633578 -0.146876340639758 255 128 128 255 
0.262839947659386 -0.961685018028564 -0.0779551076820952 255 128 128 255 
0.393752896707122 -0.917112174352674 -0.0621587616437512 255 128 128 255 
0.30621815926032 -0.951936426413663 0.0068846849503944 255 128 128 255 
-0.0434086926647561 0.985474796717068 -0.164180054310528 255 128 128 255 
0.0208327574808188 0.982637568373944 -0.184362010813515 255 128 128 255 
0.637041276750019 0.770752333979836 0.0109183974244871 255 128 128 255 
-0.00023533862298893 0.994819895277344 -0.10165252490478 255 128 128 255 
-0.396479957903007 0.828812703399355 -0.394807654039282 255 128 128 255 
0.838287412961503 -0.489894870267973 -0.239326526343484 255 128 128 255 
0.450754486918797 0.880444002176968 -0.147100947663588 255 128 128 255 
0.3912725109662 0.917841041569282 -0.0668836894583627 255 128 128 255 
0.150887217891522 -0.906259758279448 -0.394875016254375 255 128 128 255 
0.131156587254302 -0.991334428910007 0.00734217774110366 255 128 128 255 
0.0102979935781437 -0.999878847233423 0.0116688661394188 255 128 128 255 
-0.995788101822735 0.0739792790820215 -0.0541579148285217 255 128 128 255 
-0.46483573862053 -0.87830748100149 -0.111819507196294 255 128 128 255 
0.957538638161031 0.0873915670049809 0.274740471703423 255 128 128 255 
0.976638573779439 0.151478025386533 0.152418062360866 255 128 128 255 
0.952462530002878 0.166958271538724 0.254833336358113 255 128 128 255 
-0.36395193398698 -0.928054313653415 0.0790825186916065 255 128 128 255 
-0.616402176862607 -0.782891172056424 -0.0844364187096608 255 128 128 255 
-0.533765349814734 -0.840696733942213 -0.0912333138197189 255 128 128 255 
-0.245488814300637 -0.967136631701638 0.0661957490456393 255 128 128 255 
-0.102472742342465 -0.994644162243012 0.0134998566247493 255 128 128 255 
-0.18308164750809 -0.983049583436874 -0.00972513449324329 255 128 128 255 
-0.828811939667788 -0.559465296438757 0.00832300281942466 255 128 128 255 
-0.829529633747507 -0.553954017259452 -0.0708202694810514 255 128 128 255 
0.190704460923183 -0.980389984399249 -0.0496716043036449 255 128 128 255 
0.223360950606077 -0.974717511657091 0.00596965236348547 255 128 128 255 
0.626769633788139 -0.772582608669388 0.101369706686306 255 128 128 255 
0.52842126408574 -0.832094512339585 0.168492160660615 255 128 128 255 
0.555106372046986 -0.826350098687063 0.0948810595618846 255 128 128 255 
0.628589691046975 -0.774214678158355 -0.0739350920448212 255 128 128 255 
0.563309876953443 -0.825926071703997 0.0229788704584766 255 128 128 255 
0.473563608861197 -0.880670159911031 0.0125500412128594 255 128 128 255 
0.983193553448909 -0.181382569721669 -0.0207545360098389 255 128 128 255 
0.994785221144759 -0.101643830797011 0.00841144863166545 255 128 128 255 
0.984614296590904 -0.169041741780343 0.0442668702224562 255 128 128 255 
-0.702144076074659 -0.711920544654691 0.0127532913635645 255 128 128 255 
-0.699652134241762 -0.709780756708094 -0.0818418916750674 255 128 128 255 
-0.636647910171686 -0.764213475751232 0.10323332271426 255 128 128 255 
-0.613036262164937 -0.789778851099275 0.0208759772984414 255 128 128 255 
0.70880967488319 -0.701633812849151 -0.072792627654945 255 128 128 255 
0.707962408433005 -0.706007307491014 0.0185129350482481 255 128 128 255 
0.634028987439458 -0.773129221470073 0.0166857677823267 255 128 128 255 
-0.869345124666858 -0.490658684478541 -0.0591019710212239 255 128 128 255 
-0.0217507223958492 -0.921870325422251 -0.386887575872456 255 128 128 255 
-0.775975558292474 -0.63036885941036 0.0222934769850039 255 128 128 255 
0.847869333936958 -0.52934418288039 0.0302012755544157 255 128 128 255 
0.844018429365902 -0.532541694249183 -0.0634995661792333 255 128 128 255 
0.883723305403976 -0.463787623267382 -0.0627221538606332 255 128 128 255 
0.784821364326772 -0.618730742592862 0.0350376847618239 255 128 128 255 
-0.887521168119425 -0.44228107609809 -0.129203626273951 255 128 128 255 
-0.883387026653828 -0.466837197639827 0.041112745210839 255 128 128 255 
-0.949099165663855 -0.314602094830128 0.0153707209074448 255 128 128 255 
-0.967519736320489 -0.248091316412581 -0.0485397010781469 255 128 128 255 
0.925991785085837 -0.365896022563563 -0.0930546467132094 255 128 128 255 
0.890137638890749 -0.434845444516756 -0.13625118012911 255 128 128 255 
-0.994693036032332 -0.102774194924257 0.00481187945907948 255 128 128 255 
-0.985603287197839 -0.165274737258499 -0.0356427059937361 255 128 128 255 
-0.982543767397241 -0.184021198600153 0.0272745279776075 255 128 128 255 
-0.910428941890086 -0.141758240759482 -0.388617705193373 255 128 128 255 
-0.875064487463541 0.461096813969157 -0.147145566987585 255 128 128 255 
-0.899784153168014 0.407914352114753 -0.154901047923534 255 128 128 255 
-0.999892365587322 0.00923054239997668 0.0114003175555177 255 128 128 255 
0.00674390549898181 0.999917490674292 0.0109293812790348 255 128 128 255 
-0.104191054075913 0.994470220214755 0.013157908481751 255 128 128 255 
-0.0567406027162167 0.995632762023966 0.0741341696433143 255 128 128 255 
-0.990947585608305 0.133737033452449 0.0117119237384095 255 128 128 255 
-0.994241008856949 0.072473244037582 0.0789455349910812 255 128 128 255 
-0.979309548322856 0.197050121911725 -0.0460872180553797 255 128 128 255 
-0.972788124645382 0.23117554482681 0.0155273598985556 255 128 128 255 
0.990659538743239 0.136102810251387 0.00834243616178465 255 128 128 255 
0.999859884178003 0.0124162261018306 0.0112232922363161 255 128 128 255 
0.995625994792082 0.0761925832752532 -0.0540697125094634 255 128 128 255 
0.994755922703228 0.0136642011451173 -0.101360059524794 255 128 128 255 
-0.11251087921914 0.00113736373428261 0.993649804562837 255 128 128 255 
-0.135114634613091 -0.127897338969534 0.982540624489846 255 128 128 255 
-0.0634043015286137 -0.0552955979256489 0.996454849820129 255 128 128 255 
0.960228195620664 0.266793689570907 -0.0823580756495067 255 128 128 255 
0.979460730010199 0.195023699954791 -0.0512095261995539 255 128 128 255 
0.972681983361641 0.232085641740476 0.00509781016306819 255 128 128 255 
-0.959869918879543 0.259568944754688 0.106177370497287 255 128 128 255 
-0.88056156467708 0.470339239773891 0.0582428882140373 255 128 128 255 
-0.630449129572863 0.771319314774852 0.0871794557814317 255 128 128 255 
-0.571653828167816 0.820492117520783 0.00212767463076763 255 128 128 255 
-0.637900676476738 0.770116451162048 0.00183018248311608 255 128 128 255 
0.94836036775188 0.317194449260136 0.000452895023731605 255 128 128 255 
-0.851382077751667 0.518073517358828 -0.0821480293505464 255 128 128 255 
-0.870756165854283 0.491322624501164 -0.0196406766253241 255 128 128 255 
-0.774824559400877 0.626055886178792 -0.0877538634327764 255 128 128 255 
-0.920635694803048 0.373239994076143 0.11455004865983 255 128 128 255 
0.860084506169887 0.503403755896849 -0.0826994216216336 255 128 128 255 
0.915779724212831 0.394706038684306 -0.0745284838988072 255 128 128 255 
0.880691087453361 0.448958934700077 -0.151059715326378 255 128 128 255 
0.906991369144774 0.415538255017184 0.0685152704977487 255 128 128 255 
0.884887352250233 0.465425365054668 -0.0188032869196331 255 128 128 255 
0.904296966171439 0.395603948956323 -0.160450915078694 255 128 128 255 
-0.630339781913209 0.771841904096826 -0.0832567195048071 255 128 128 255 
-0.706278941246182 0.702580254474102 -0.0868964511873374 255 128 128 255 
-0.828139484154657 0.560500058102273 0.00496033788853005 255 128 128 255 
-0.775210377301738 0.631700432315874 0.00184351464057817 255 128 128 255 
-0.80141651558831 -0.594305973006256 0.0673198707866368 255 128 128 255 
0.712230601271617 0.70189313514508 0.00856757245671078 255 128 128 255 
0.708983204185189 0.700524915016544 -0.0812871380913937 255 128 128 255 
0.090965575636552 -0.961575187253513 0.25903349520794 255 128 128 255 
0.147254422569252 -0.978103441756555 0.147070089214359 255 128 128 255 
0.164244416347088 -0.956110452082985 0.242644909830163 255 128 128 255 
0.8413523589517 0.540311088595268 0.0137826473862101 255 128 128 255 
0.782358388627557 0.622740789374518 0.0104501293384621 255 128 128 255 
0.496853699625148 -0.863278218331001 0.0888092597528635 255 128 128 255 
0.457798915789484 -0.87695541175457 0.146182486682262 255 128 128 255 
-0.489431951813315 0.870551040730082 -0.0509625814102182 255 128 128 255 
-0.55580493193037 0.828265199651607 -0.0711168959647736 255 128 128 255 
-0.709298499549547 0.704907044449287 0.00124202563231472 255 128 128 255 
0.250746481769626 -0.935029994292219 0.250688771832435 255 128 128 255 
0.241700234308579 -0.956631358174429 0.162595877512506 255 128 128 255 
-0.577613280259835 -0.813437432616582 0.0684281940452134 255 128 128 255 
-0.451013023140491 0.883699984702303 -0.125146053091169 255 128 128 255 
-0.183474548154554 0.982958321845411 -0.0114009804652885 255 128 128 255 
-0.248914816699397 0.966489263141686 0.0627677487503045 255 128 128 255 
0.8804370325738 -0.458462112228734 0.121008367013294 255 128 128 255 
0.906062518629902 -0.39985177569741 0.138453021413158 255 128 128 255 
-0.0577016352736748 0.997050346420202 -0.0506073005653526 255 128 128 255 
0.0681221624022781 0.996058813705928 -0.0567993921084667 255 128 128 255 
0.187639594924764 0.980756965528807 -0.0539178611690492 255 128 128 255 
0.22124754510514 0.975211804578542 0.00338187227280162 255 128 128 255 
0.128702865905804 0.991669895395867 0.00512717025741829 255 128 128 255 
0.390571720885447 0.916756422461073 0.0837323253201516 255 128 128 255 
0.258431538153902 0.961875048961726 0.0894955581239618 255 128 128 255 
0.310293528500471 0.936274116043148 0.16464693212703 255 128 128 255 
0.304730855374585 0.952427621268623 0.00454420601779363 255 128 128 255 
-0.452894631096857 -0.88604298855798 0.0990664667818762 255 128 128 255 
-0.43178575267156 -0.901263487102995 0.035849181310475 255 128 128 255 
-0.403301168494983 -0.885813091228034 0.229527294375682 255 128 128 255 
-0.132778044653046 -0.980717314914845 0.143399202448011 255 128 128 255 
-0.166496733352818 -0.984588650435648 0.0535164454957994 255 128 128 255 
0.734624501761884 0.621817714914623 0.271421297522748 255 128 128 255 
0.697378546743655 0.692281460889453 0.185497689607332 255 128 128 255 
0.682651578470955 0.681399190175779 0.263973394020532 255 128 128 255 
-0.244791182851881 -0.937501350769725 0.247322026712078 255 128 128 255 
-0.298401838360845 -0.9419146958254 0.154119931889695 255 128 128 255 
-0.231303286139435 -0.96071478048342 0.153381442157818 255 128 128 255 
-0.078755955785879 -0.96203912751957 0.261300842514409 255 128 128 255 
-0.0497114643920125 -0.980438336594785 0.190445321709125 255 128 128 255 
0.00594261184295762 -0.974844043349916 0.222808787013136 255 128 128 255 
0.190102223336542 -0.979794246211994 0.0621640023339548 255 128 128 255 
0.00739959210443296 -0.991253086988789 0.131766737198111 255 128 128 255 
0.0630939605689448 -0.979602100500676 0.190784852644949 255 128 128 255 
0.47323563405708 0.880889628546501 0.00902305893198537 255 128 128 255 
0.409128551038107 -0.879626219273925 0.242633728546202 255 128 128 255 
-0.535642955106081 -0.831858409242299 0.145251578255134 255 128 128 255 
0.690075146992635 -0.698479970142064 0.189530749735966 255 128 128 255 
0.69850619532605 -0.707737403436335 0.105815076528607 255 128 128 255 
-0.75775477943573 -0.644580172925323 0.101607149918629 255 128 128 255 
-0.699871109621053 -0.707049009084291 0.10130203769251 255 128 128 255 
-0.692530816066617 -0.696968253277534 0.186108058131699 255 128 128 255 
-0.610606061875484 -0.769017146742425 0.189137038233066 255 128 128 255 
0.75801218247001 -0.642526231422719 0.112149433106484 255 128 128 255 
0.618465059464595 -0.737050193396182 0.27250306618715 255 128 128 255 
0.606705410341147 -0.770393644396806 0.195964621145156 255 128 128 255 
-0.833406913430659 -0.535603828606411 0.136239625388035 255 128 128 255 
-0.766638026702653 -0.614461102147051 0.186289114653891 255 128 128 255 
-0.795113663506498 -0.559718000294886 0.2334737253804 255 128 128 255 
0.824941110842764 -0.542801135589626 0.157603775205095 255 128 128 255 
0.806502203950704 -0.585230857767246 0.0840179830546715 255 128 128 255 
0.733176338111355 -0.62245741160911 0.273859743440388 255 128 128 255 
0.763269382161334 -0.61602732170092 0.194756639274421 255 128 128 255 
-0.884893779611137 -0.40421888652336 0.23145108697333 255 128 128 255 
-0.886402016968879 -0.446023075633598 0.123914546705808 255 128 128 255 
-0.976996357996038 0.143941486579972 0.157349127916016 255 128 128 255 
-0.9909959608618 0.00166223417627859 0.133881057386692 255 128 128 255 
-0.978700791763818 0.0542870923971922 0.197983967545578 255 128 128 255 
0.471813726645977 -0.742387296749055 0.475660467607788 255 128 128 255 
0.417749808177728 -0.805552214311704 0.42020312030955 255 128 128 255 
0.481875341863105 -0.773752739071663 0.411221163358315 255 128 128 255 
-0.98010886983955 -0.141428455488352 0.139227774736034 255 128 128 255 
-0.937913848408286 -0.248784767569695 0.241709578682099 255 128 128 255 
-0.958566165234332 -0.239420431324248 0.154365598853773 255 128 128 255 
0.980953418400344 -0.137108293621698 0.137591784792109 255 128 128 255 
-0.973522852696421 -0.00677628782004147 0.228489190857681 255 128 128 255 
0.941246992271552 -0.240864161513113 0.236724327619312 255 128 128 255 
0.959918373627691 -0.239541478479481 0.145521639194087 255 128 128 255 
0.902677632528968 -0.318141649588134 0.289756647891493 255 128 128 255 
0.917063864979427 -0.325766820117134 0.229934392267185 255 128 128 255 
-0.980041246788143 -0.060607508422374 0.189330046865606 255 128 128 255 
0.973164335329888 -0.00110561453546186 0.230108499970546 255 128 128 255 
0.962524340744178 -0.0922317974649754 0.255029657285081 255 128 128 255 
0.980261573811682 -0.0563597250965925 0.189501475716144 255 128 128 255 
-0.97857923269905 0.192585379814312 0.0727566908920256 255 128 128 255 
0.97824889518588 0.0611068697368535 0.198229726409297 255 128 128 255 
0.97796707426958 0.198655450609431 0.0641591032213589 255 128 128 255 
-0.932029034542153 0.246393306237187 0.265729079929846 255 128 128 255 
-0.954332929560736 0.239509113537258 0.178560973381834 255 128 128 255 
-0.934808258880877 0.304712457556537 0.182438413135482 255 128 128 255 
0.957542476331269 0.273524645724121 0.0910853895194583 255 128 128 255 
0.95245996913019 0.253843175373037 0.168474377518947 255 128 128 255 
0.924383960888008 0.337379451690366 0.178014896020648 255 128 128 255 
-0.775683283097368 0.624830356025622 0.0888948912980653 255 128 128 255 
-0.696375808298878 0.694488371787418 0.180959811565779 255 128 128 255 
-0.706276978902638 0.702192339280108 0.0899927506717296 255 128 128 255 
-0.879837138066898 0.403221704267376 0.251591902052441 255 128 128 255 
-0.838079612839839 0.52071034681909 0.162736475340525 255 128 128 255 
-0.883848835088481 0.443922187726402 0.147459414019091 255 128 128 255 
-0.834107911647879 0.545929872634444 0.0788957193088723 255 128 128 255 
0.827284103402754 0.528981999120827 0.189153348741407 255 128 128 255 
0.868181550509654 0.424148160480703 0.257602332704362 255 128 128 255 
0.873670213864763 0.460320164892649 0.157498164690417 255 128 128 255 
0.77973744395696 0.617816485256094 0.101548473760972 255 128 128 255 
0.850326243814918 0.515332385357604 0.106666470941155 255 128 128 255 
0.242048358850544 0.956416577293344 0.163339827090801 255 128 128 255 
0.769211115657806 0.60669079261609 0.200600346247028 255 128 128 255 
0.497982808985223 0.862940931094048 0.0857090121258264 255 128 128 255 
0.631372274595817 0.769471975269896 0.0963420238549597 255 128 128 255 
0.70858418656443 0.698722854215357 0.0984620114071951 255 128 128 255 
0.678624657485384 -0.683186041170963 0.269676456886727 255 128 128 255 
-0.154400898754681 -0.95707589962641 0.245287687416017 255 128 128 255 
-0.489696228700678 0.870124949207128 0.0554987421286664 255 128 128 255 
-0.556159530861017 0.827638870532132 0.0755013404564003 255 128 128 255 
-0.618645395846521 0.737742125153107 0.270211669520478 255 128 128 255 
-0.60832203469113 0.771169490495267 0.187728140181163 255 128 128 255 
-0.868345380729065 -0.354251403093823 0.347105456515306 255 128 128 255 
-0.898403593300183 -0.314262393424045 0.306773626111477 255 128 128 255 
-0.957859138033991 -0.1650653424947 0.235072931874457 255 128 128 255 
-0.526424733993399 0.835701965610905 0.156457975494115 255 128 128 255 
-0.404111207867267 0.883973065635649 0.235128211965052 255 128 128 255 
-0.452523395141812 0.882180218202463 0.13030956079831 255 128 128 255 
0.557324135945679 0.825298552797198 0.0909510334437764 255 128 128 255 
0.410190795770897 0.879570087271138 0.24103844386889 255 128 128 255 
0.530736175745518 0.831235542593042 0.165428219590711 255 128 128 255 
0.458933143850191 0.876708709210924 0.144090832456778 255 128 128 255 
0.622973640422771 0.735165721347252 0.267273506560624 255 128 128 255 
0.611246916752683 0.767885409589768 0.191648517670875 255 128 128 255 
-0.315666326861662 -0.896978333158919 0.309490813726086 255 128 128 255 
-0.0669484766239105 -0.375974429281898 0.924208267716105 255 128 128 255 
0.0690600409391096 -0.377550624145189 0.923410021547496 255 128 128 255 
0.00342979144897151 -0.313691621421725 0.949518700750789 255 128 128 255 
-0.134610323467761 0.980479264487646 0.143318729441418 255 128 128 255 
-0.168135493010289 0.984392779710456 0.0519739654149102 255 128 128 255 
-0.304729963616488 0.939723098351567 0.155112939311692 255 128 128 255 
-0.2336413516305 0.960342655343748 0.152163285949981 255 128 128 255 
0.00561087434316176 0.991263288211102 0.131778293687675 255 128 128 255 
-0.0513491805677903 0.98033518225055 0.190541790879685 255 128 128 255 
0.00527352133363019 0.974548459167346 0.224114856821715 255 128 128 255 
0.146009268986927 0.978342062614928 0.146723936315657 255 128 128 255 
0.189223158563268 0.980013499703341 0.0613850024432528 255 128 128 255 
0.0898116072194204 0.961625030468478 0.259251041998243 255 128 128 255 
0.0616199992227318 0.979706425047193 0.190730907955807 255 128 128 255 
0.357972140609605 -0.862017272071106 0.358862239427371 255 128 128 255 
0.315171863873837 -0.895057596459629 0.315497243365012 255 128 128 255 
0.249969271092952 0.935385564682371 0.250137864730429 255 128 128 255 
-0.406535762678923 -0.822831502614691 0.397085558774071 255 128 128 255 
-0.50748309459239 -0.794751145414196 0.332913338085404 255 128 128 255 
-0.419615918115555 -0.846392687100812 0.327935767801402 255 128 128 255 
-0.556935924827315 -0.796512882912734 0.235349888419366 255 128 128 255 
-0.503175790894452 -0.831090587629768 0.236859680601695 255 128 128 255 
-0.158733034714123 -0.932267923435327 0.325084985842462 255 128 128 255 
-0.251731963435288 -0.8781878065691 0.406714723350049 255 128 128 255 
-0.0641091448603964 -0.918362734540345 0.390512104490084 255 128 128 255 
0.00665692579842854 -0.952331637723584 0.304991899021037 255 128 128 255 
0.0853029126927366 -0.916956262132233 0.389761915370642 255 128 128 255 
0.165666531721182 -0.936084332678264 0.310323431531588 255 128 128 255 
0.241598285634762 -0.879841806609581 0.409277716466628 255 128 128 255 
0.426222644099525 -0.838514823156342 0.339451188292625 255 128 128 255 
0.556232417376298 -0.794537987152716 0.243546429604674 255 128 128 255 
0.503873211597505 -0.827650295235075 0.24719778737996 255 128 128 255 
-0.617522806810238 -0.738215645355861 0.271483272239452 255 128 128 255 
-0.661023071924752 -0.667111354528955 0.343527094293077 255 128 128 255 
-0.734695943674871 -0.621780794627436 0.271312418447972 255 128 128 255 
-0.678739826094282 -0.683331214403975 0.269017992752808 255 128 128 255 
-0.57514722312887 -0.706773730385098 0.411918092450658 255 128 128 255 
-0.592630077311169 -0.729588861014759 0.341305807954914 255 128 128 255 
0.664177226148374 -0.666093892836914 0.339392810985178 255 128 128 255 
0.72477977144204 -0.598051891762435 0.342093829307762 255 128 128 255 
-0.456660352900191 -0.767116943598984 0.450547296150811 255 128 128 255 
0.520758545091226 -0.745287254549417 0.416362144532765 255 128 128 255 
0.59788202320409 -0.728054623447158 0.33537073499021 255 128 128 255 
-0.699178484035375 -0.582590820861646 0.414412025896407 255 128 128 255 
-0.724638885634957 -0.598025596860614 0.342438076601322 255 128 128 255 
-0.791780235156061 -0.510816972147121 0.334887746102369 255 128 128 255 
0.790142629548362 -0.56299834210713 0.242296233141389 255 128 128 255 
0.789989503373615 -0.512217246716498 0.336971591606206 255 128 128 255 
-0.821770191712516 -0.406528284288958 0.399284916962727 255 128 128 255 
-0.845556274044602 -0.42025419612322 0.32927338513572 255 128 128 255 
-0.830407812064939 -0.505088787492062 0.235176787490339 255 128 128 255 
0.256726330748188 0.0505759154256314 0.965159824538069 255 128 128 255 
0.396370679875691 0.0398889801998212 0.917223456433578 255 128 128 255 
0.329279004171607 0.155244635616958 0.931383005566791 255 128 128 255 
-0.883507465214133 -0.243164425489122 0.400356283722793 255 128 128 255 
-0.93778975525722 -0.172308816681654 0.301429897890016 255 128 128 255 
0.824402835134579 -0.510847725412333 0.243709930664765 255 128 128 255 
0.886874659580679 -0.241737296697949 0.393720729628565 255 128 128 255 
0.939551025259182 -0.168373773851894 0.298151117477999 255 128 128 255 
0.959278366082787 -0.160180416243344 0.232652598950777 255 128 128 255 
0.923741638941786 -0.106876682072084 0.367802479930897 255 128 128 255 
-0.947591008218797 -0.0176216138705043 0.318999527639379 255 128 128 255 
-0.959499408765886 0.0772201010944493 0.270920374613071 255 128 128 255 
0.946048145732772 -0.0127289351734113 0.323775838926926 255 128 128 255 
-0.917048394548839 0.0541634395241859 0.395080317800052 255 128 128 255 
-0.928013859427472 0.154269936346795 0.339103170899409 255 128 128 255 
-0.953084097352707 0.156103074442534 0.259350145021219 255 128 128 255 
-0.871807074563353 0.245370857770017 0.423963688943058 255 128 128 255 
0.924165246122004 0.177342765136676 0.338331264396632 255 128 128 255 
-0.890177106455347 0.314985386131082 0.329194239517954 255 128 128 255 
-0.403816490999059 0.062050742659936 0.912733142395326 255 128 128 255 
-0.2774241621186 0.0706692564513839 0.958144836216197 255 128 128 255 
-0.336943732045181 0.168717606859747 0.926284613197427 255 128 128 255 
-0.868671541458641 0.113802562549468 0.482139645193272 255 128 128 255 
-0.901142428695502 0.141578796986181 0.409753259141267 255 128 128 255 
0.85430738909166 0.367535842351173 0.367527181994631 255 128 128 255 
0.895716647899459 0.314137825188268 0.314656957082357 255 128 128 255 
-0.0647924545308877 0.917879355047428 0.391534451298262 255 128 128 255 
-0.159403977052726 0.931711061722204 0.326350692565588 255 128 128 255 
-0.155189283956719 0.905326691627869 0.395347755365409 255 128 128 255 
0.867946499495891 0.258011147213026 0.424380671797171 255 128 128 255 
-0.0799683045402501 0.961786561564089 0.261861781384193 255 128 128 255 
-0.155739362854723 0.956633645478223 0.24616515375488 255 128 128 255 
-0.802262382397338 0.418815234688627 0.425404286595968 255 128 128 255 
-0.789777423562139 0.513689586509508 0.335223008027559 255 128 128 255 
-0.836033572414628 0.425304109922017 0.34664714045231 255 128 128 255 
-0.796956931735524 0.553672462908357 0.241467232379704 255 128 128 255 
-0.829589588549616 0.499888430159531 0.248782307453393 255 128 128 255 
-0.737120356909924 0.619478165148158 0.270000566849255 255 128 128 255 
-0.740015509066872 0.473020270521635 0.478151485876547 255 128 128 255 
-0.743962781710377 0.521187638882358 0.418189926008435 255 128 128 255 
-0.771836460490841 0.482386258101762 0.414212467288469 255 128 128 255 
0.798528989076524 0.425919604227432 0.425374991863692 255 128 128 255 
0.829589608666689 0.436555426793973 0.348138489813973 255 128 128 255 
0.790119591141033 0.559217981178386 0.250970648558611 255 128 128 255 
0.82090277230588 0.509359335478346 0.258208614007131 255 128 128 255 
0.784033404752343 0.521615496469793 0.336465108194168 255 128 128 255 
0.738603831749123 0.529940667600337 0.416686041330105 255 128 128 255 
0.768390804980165 0.488674107887587 0.413247115596974 255 128 128 255 
-0.681569355556505 0.681768669008063 0.265809471536706 255 128 128 255 
-0.70588299433715 0.586200545751338 0.397615488449882 255 128 128 255 
-0.72701127904899 0.5985013275608 0.336527469055072 255 128 128 255 
-0.34879362944899 -0.793266936178921 0.499069522957494 255 128 128 255 
-0.421218980300824 -0.747659976332977 0.513399570181387 255 128 128 255 
0.764303915590373 -0.455242931936453 0.456720155046946 255 128 128 255 
0.744623823093926 -0.518898757187463 0.419856437811025 255 128 128 255 
0.701314654330222 0.596189138056586 0.39078923593418 255 128 128 255 
0.724209022151803 0.603911629522213 0.332884392779072 255 128 128 255 
0.795612503722557 -0.332143105039932 0.506637396023013 255 128 128 255 
0.835650091511121 -0.241771385445808 0.493189091729891 255 128 128 255 
-0.508285153289902 0.793062632180301 0.335704669255106 255 128 128 255 
-0.554391468984358 0.797169909103544 0.239102914977792 255 128 128 255 
-0.664771621036913 0.665999035180945 0.338413819831477 255 128 128 255 
-0.581322779451577 0.701539632269509 0.41219644372228 255 128 128 255 
-0.595647218299162 0.727506130579293 0.340498441651284 255 128 128 255 
-0.556199958546538 -0.550494992605031 0.622572756164537 255 128 128 255 
-0.597357767990384 -0.571673309780258 0.56245295102841 255 128 128 255 
-0.55837523513737 -0.605919767216015 0.566637736451354 255 128 128 255 
-0.407141959552166 0.82061143127249 0.401038963832806 255 128 128 255 
-0.35603787092819 0.86586528899486 0.351446006557442 255 128 128 255 
-0.419993543313802 0.844682062062829 0.331839728985267 255 128 128 255 
-0.50008298348216 0.831425435371681 0.242174968848086 255 128 128 255 
-0.316181820117151 0.895624434869792 0.312867150229941 255 128 128 255 
0.316657663664018 0.894135013068493 0.316623460811144 255 128 128 255 
0.518343267977447 0.789361613470424 0.328980745366553 255 128 128 255 
0.559604685039483 0.793472063569851 0.239258561156766 255 128 128 255 
-0.0488986168600845 -0.481321329738442 0.875179207998069 255 128 128 255 
0.0130830266086528 -0.558146750413506 0.82963905911625 255 128 128 255 
0.0487071618889458 -0.474202352839752 0.87906751006324 255 128 128 255 
0.420353900565418 0.804124845507711 0.420340047632244 255 128 128 255 
0.428357931850695 0.837902039828932 0.338274459810782 255 128 128 255 
0.505955209841369 0.827491211635065 0.243449354457616 255 128 128 255 
0.477175653092275 0.737873558872954 0.47733213598513 255 128 128 255 
0.52741304565001 0.742635430607735 0.412708229819918 255 128 128 255 
0.486044599805963 0.772052363829862 0.409506757857359 255 128 128 255 
0.667493004621313 0.668210170586795 0.328554746254229 255 128 128 255 
0.602878068482242 0.727097919414131 0.328430556452785 255 128 128 255 
0.621341960163492 -0.0705362728302243 0.780357930119307 255 128 128 255 
0.712091860815407 0.0179037935970537 0.701857839954577 255 128 128 255 
0.624116473888955 0.0339404026002387 0.780593760267452 255 128 128 255 
-0.251506020466841 0.8770772006004 0.409243173990391 255 128 128 255 
-0.246382106719935 0.936631713185761 0.249031268488548 255 128 128 255 
-0.155249442797308 -0.905828838232285 0.394172176927026 255 128 128 255 
0.00580520284469604 0.952074489075468 0.305811034075046 255 128 128 255 
-0.144792060616952 0.880893601780494 0.450623569336389 255 128 128 255 
0.164667870319482 0.936197157816423 0.310514545781866 255 128 128 255 
0.16320013547929 0.956319131011249 0.242527137064975 255 128 128 255 
0.240674844149863 0.879932678753409 0.409626255669996 255 128 128 255 
0.529092846470524 -0.660349321736298 0.532916030591121 255 128 128 255 
0.45484246603036 -0.700579452852356 0.549824282514724 255 128 128 255 
-0.534814749399569 0.144014204008898 -0.832606097956783 255 128 128 255 
-0.176780315615166 -0.825994151434097 0.535240308789804 255 128 128 255 
-0.257891951380739 -0.755898617179327 0.60175482316699 255 128 128 255 
-0.260194813951221 -0.817722083207511 0.513448318421765 255 128 128 255 
-0.356116025864596 -0.867301824817439 0.347805806614067 255 128 128 255 
-0.342044479845706 -0.843479842515066 0.41418269463104 255 128 128 255 
-0.0781558162080088 -0.777751773698583 0.623693530190114 255 128 128 255 
-0.0724809455418996 -0.857993782969153 0.508520430251753 255 128 128 255 
-0.706760050119554 -0.525085060072916 0.474105366168399 255 128 128 255 
-0.67198362647523 -0.565654464726095 0.477988523327512 255 128 128 255 
0.0112273652923594 -0.881885940020694 0.471329034020105 255 128 128 255 
0.0866076043672936 -0.864597931298898 0.494943942606051 255 128 128 255 
0.0206619641479418 -0.827760707374792 0.56070064858555 255 128 128 255 
0.0931170483624359 -0.827479682692197 0.553720666263099 255 128 128 255 
0.329384148190405 -0.790479933184111 0.516379126509115 255 128 128 255 
0.240414698175514 -0.795212037335933 0.556631447185156 255 128 128 255 
0.244897861011746 -0.82810021079161 0.504256928366037 255 128 128 255 
0.338145903073244 -0.838115816253596 0.428041102522878 255 128 128 255 
0.467236527029402 -0.478529782822819 -0.743437451695246 255 128 128 255 
-0.516337297545979 -0.720770589825307 0.462477611486621 255 128 128 255 
-0.515098504334729 -0.74969280172607 0.415492747305086 255 128 128 255 
-0.634774413443147 -0.6460492887581 0.423888836197529 255 128 128 255 
-0.599793510509377 -0.656091814776127 0.45802976356867 255 128 128 255 
-0.76988834790678 0.410175143194122 0.488905180894945 255 128 128 255 
0.411532659903178 -0.745132351586378 0.524803427339842 255 128 128 255 
0.407161001394966 -0.774370766018192 0.484324092893471 255 128 128 255 
0.26719442866332 -0.738380565040518 0.619194008933222 255 128 128 255 
0.542888656167684 -0.702943136975007 0.459502816076117 255 128 128 255 
0.598934628332564 -0.646846782636102 0.472087418113806 255 128 128 255 
0.585515576431476 -0.706692814514563 0.397186020780376 255 128 128 255 
0.641182821741173 -0.644512455655937 0.41651923257205 255 128 128 255 
0.6422650318415 -0.566608431053562 0.516188380112472 255 128 128 255 
0.647427901784983 -0.611386229116461 0.455020862441548 255 128 128 255 
-0.555404845859361 -0.659183226658542 0.506954526115117 255 128 128 255 
0.145646830830698 -0.877268996226778 0.457368638171527 255 128 128 255 
-0.592284818116015 -0.606140526949328 0.53084117629895 255 128 128 255 
-0.617047601209197 -0.582672945820551 0.528908778107265 255 128 128 255 
-0.144809455830283 -0.881638665757837 0.449158574633885 255 128 128 255 
0.586527540968666 -0.61879998317498 0.52256293369998 255 128 128 255 
0.178979357158396 0.697179958005846 0.69419475169918 255 128 128 255 
0.0938097065700178 0.773607494120267 0.626682583928873 255 128 128 255 
0.0925853387890077 0.706729615287688 0.701399432019418 255 128 128 255 
0.714783188676745 -0.519785568781923 0.467875983686201 255 128 128 255 
-0.702115060467889 -0.472750259531631 0.532486245816287 255 128 128 255 
-0.762086558275184 -0.458672010636714 0.456994522311206 255 128 128 255 
-0.845366939875659 -0.338123250388548 0.413554559191319 255 128 128 255 
0.7031436048915 -0.474014983822793 0.529998880429923 255 128 128 255 
0.850003213662642 0.106568559538464 0.515885260532796 255 128 128 255 
0.906523092916344 0.0671663160904194 0.416778477235205 255 128 128 255 
0.873230776611198 0.15797191553773 0.460991163802797 255 128 128 255 
0.822199979571355 -0.404704132435647 0.400252033245186 255 128 128 255 
0.842763388820692 -0.424617219836241 0.330832368943573 255 128 128 255 
-0.793069309264511 -0.344973096721687 0.502030270376868 255 128 128 255 
-0.755457076750645 -0.249242062397293 0.605939585472495 255 128 128 255 
-0.821344199508513 -0.248843843324975 0.513293606965183 255 128 128 255 
-0.74230247743916 -0.520941228780144 0.421434754358178 255 128 128 255 
0.801907590969219 -0.234721773551119 0.549408656200691 255 128 128 255 
0.847058124145563 -0.334636459083311 0.412929703093335 255 128 128 255 
0.776830098932661 -0.181143271273268 0.603093719325479 255 128 128 255 
0.740874289946305 -0.262795445775759 0.618096877835911 255 128 128 255 
0.885320880725977 -0.0610535042680862 0.460954780351233 255 128 128 255 
0.888697184132088 -0.141590475757927 0.436084180814539 255 128 128 255 
-0.8329545532042 -0.151818687742032 0.532106696690397 255 128 128 255 
-0.883481825885835 -0.0461990202658133 0.466181722434995 255 128 128 255 
-0.88554137567464 -0.137355953973289 0.443790206526687 255 128 128 255 
-0.831200592169897 0.0259112693503812 0.55536840658611 255 128 128 255 
-0.83411756092696 -0.0603824529412341 0.548271653586065 255 128 128 255 
0.838400169112989 0.0116167799600931 0.544931215793866 255 128 128 255 
0.840267064533976 -0.0708650373696524 0.537521507461016 255 128 128 255 
-0.879089824623698 0.0368740694436994 0.475227688880681 255 128 128 255 
-0.81993361976211 0.181939322097595 0.542776994399239 255 128 128 255 
-0.0738388310005915 -0.62765782994887 0.774979528556834 255 128 128 255 
-0.0641309228243857 -0.548330454514778 0.833799083022259 255 128 128 255 
-0.698022728653078 0.456905473358044 0.551363438263815 255 128 128 255 
-0.74129448665678 0.414284096888218 0.528063596045446 255 128 128 255 
-0.824839925704743 0.107537644161406 0.555044798586474 255 128 128 255 
0.780523301344593 0.104814576592433 0.61627679925908 255 128 128 255 
0.896956905218997 0.16438810064869 0.410420321993963 255 128 128 255 
0.780488746494934 -0.076660327619955 0.620451678461219 255 128 128 255 
-0.81853676922035 0.253492404712501 0.515498919309039 255 128 128 255 
-0.786251732346764 0.249263233154463 0.565399007988034 255 128 128 255 
-0.784550474844492 0.3338025120801 0.522547896366506 255 128 128 255 
-0.832590552186602 0.340458539857762 0.436899209032682 255 128 128 255 
-0.762076095740113 0.202314761355044 0.615068064448717 255 128 128 255 
0.790941996174564 0.252519623729215 0.557354989875173 255 128 128 255 
0.827371606522104 0.190586286201471 0.528330417068395 255 128 128 255 
0.82121116486148 0.258981482250976 0.50846907314151 255 128 128 255 
0.830703520397708 0.347260519654795 0.435134187381002 255 128 128 255 
-0.169801175433866 -0.699750380423335 0.693914087914293 255 128 128 255 
-0.25768345356255 -0.69063633830962 0.675737116834754 255 128 128 255 
0.734888911683606 0.479893334647815 0.479208338198546 255 128 128 255 
0.739875577920731 0.416216765668238 0.52853355823313 255 128 128 255 
0.767933380000436 0.414361876184118 0.488449128766516 255 128 128 255 
0.771053920904526 0.202695666955531 0.60364748120973 255 128 128 255 
-0.700502786478751 0.016184358867943 0.713465973651725 255 128 128 255 
-0.772814672846823 -0.0688345841184494 0.630887543630191 255 128 128 255 
-0.701205676236446 -0.0746653214226324 0.709038526314392 255 128 128 255 
-0.646120848849454 0.599551186308669 0.472298850036515 255 128 128 255 
-0.701182666153862 0.543621265318622 0.461322852934533 255 128 128 255 
-0.659316753097048 0.529917392334198 0.53337504790791 255 128 128 255 
-0.61870991354909 0.586827022784979 0.522333307119725 255 128 128 255 
0.577155483054821 0.577696174270457 0.577198984274915 255 128 128 255 
0.647893154879422 0.538900505573853 0.538349920933792 255 128 128 255 
0.598832855672491 0.59982795952917 0.530665261876969 255 128 128 255 
0.625935131951321 0.627307726403429 0.46334668625998 255 128 128 255 
0.692292827167086 0.556508738464302 0.45937853658213 255 128 128 255 
0.693038905318994 0.459697887380449 0.55531513823521 255 128 128 255 
0.702402014998011 0.391508681217204 0.594434457704306 255 128 128 255 
0.409601916592334 0.772012800759539 0.486027257905024 255 128 128 255 
-0.643614027745959 0.642336293149841 0.416131057537053 255 128 128 255 
-0.610945420692862 0.647803575380655 0.455078251773743 255 128 128 255 
0.0128553968984472 -0.710850866043708 0.703225162753948 255 128 128 255 
0.0991105796180901 -0.710805001501137 0.696371532645051 255 128 128 255 
-0.567321217531771 0.642058430607318 0.515662235701116 255 128 128 255 
-0.518719274989764 0.745422175389792 0.418659863320512 255 128 128 255 
0.595043486638919 0.703425304244097 0.388736473824992 255 128 128 255 
0.554807562007116 0.694710298128471 0.457783947560341 255 128 128 255 
0.649551466359882 0.65057208334706 0.393495674545321 255 128 128 255 
-0.347430929959071 0.791185919105186 0.503305466812148 255 128 128 255 
-0.458360288253731 0.763408580326469 0.455096830447025 255 128 128 255 
-0.421415231827425 0.743473019164752 0.519285141072918 255 128 128 255 
0.537856319718787 0.649018780668431 0.538038223844706 255 128 128 255 
0.38959505892826 -0.706733896756797 0.590544536215607 255 128 128 255 
0.464453411756235 -0.636396400209648 0.615859240505781 255 128 128 255 
0.397689257555229 -0.652825505218898 0.644718621854203 255 128 128 255 
0.164508819253997 0.832567659448927 0.528930862883887 255 128 128 255 
0.0906483264935682 0.827016489696579 0.554821225698558 255 128 128 255 
-0.477066773590777 0.70231638929492 0.528354932652288 255 128 128 255 
-0.522237220224842 0.71324233537611 0.467497208695764 255 128 128 255 
0.358757338242599 0.861777626184447 0.358653633808238 255 128 128 255 
0.338135872573386 0.838100060713298 0.428079870976599 255 128 128 255 
0.784758500819202 0.336790104256094 0.520313755460601 255 128 128 255 
-0.25375938733511 0.75432385147616 0.605476295553062 255 128 128 255 
-0.258443422741498 0.816319734040043 0.516554943899612 255 128 128 255 
-0.341201191487809 0.842199154173972 0.417471324884877 255 128 128 255 
-0.175503951590848 0.825087810581687 0.537055193064659 255 128 128 255 
-0.0783213208901573 0.777519470619312 0.623962374354764 255 128 128 255 
-0.0729631166295203 0.85746646927162 0.509340250821243 255 128 128 255 
0.0842025900720681 0.916799348038916 0.390369828879587 255 128 128 255 
0.00997643586142445 0.881469002609345 0.472136413435533 255 128 128 255 
0.0857504787269252 0.863882271724448 0.496340852762146 255 128 128 255 
0.143976712719053 0.877223617132109 0.457984053376436 255 128 128 255 
0.413006534176363 0.74219078186477 0.527805297682682 255 128 128 255 
0.238120675112084 0.794799861372376 0.558203997023051 255 128 128 255 
0.243924620484326 0.827518816901971 0.505681081912187 255 128 128 255 
-0.48416837195437 -0.634363700042852 0.602630555055962 255 128 128 255 
-0.402423048818428 -0.71066009850439 0.577076994098439 255 128 128 255 
-0.410789573183433 -0.65316557786642 0.636102689338616 255 128 128 255 
0.188003947591559 0.770971984288405 0.608487197179759 255 128 128 255 
0.457371546642176 0.694718770200141 0.555136983194146 255 128 128 255 
-0.335134382478055 -0.673078230262825 0.659280326245504 255 128 128 255 
-0.33742020422417 -0.736192056058855 0.586659040225531 255 128 128 255 
-0.703047937161617 0.393183830061288 0.592562266448613 255 128 128 255 
-0.723193176143636 0.336045175130694 0.60337820119693 255 128 128 255 
-0.474611481548917 -0.709479948829668 0.520943481616991 255 128 128 255 
-0.415549546041447 -0.585206257022691 0.696313214808466 255 128 128 255 
-0.171457771952272 -0.768436205169824 0.616528977248119 255 128 128 255 
-0.771578194039786 0.0201439332779748 0.635815432310559 255 128 128 255 
-0.263671215304608 -0.622467350561277 0.73689332723939 255 128 128 255 
0.0132579022570027 -0.775933212849784 0.630675703479552 255 128 128 255 
0.00699077407058025 0.711139947544548 0.703015629189801 255 128 128 255 
-0.0784626096964014 0.709768580257732 0.700051526427127 255 128 128 255 
-0.0776194771290404 -0.707506275208693 0.702431509927753 255 128 128 255 
0.183198674070653 -0.700298177442392 0.689942453959017 255 128 128 255 
0.101362586567868 -0.646101311499435 0.756491005847171 255 128 128 255 
0.331238337809944 -0.66915116232556 0.665220143356252 255 128 128 255 
0.330474191629624 -0.728658505549817 0.599869628612088 255 128 128 255 
0.265888519265074 -0.624009436999431 0.734789385810229 255 128 128 255 
0.334265519933773 -0.60166053903974 0.725445468023729 255 128 128 255 
0.262704563135515 -0.68511024924822 0.67941904841425 255 128 128 255 
0.403606828812471 -0.591519351245907 0.698001666425795 255 128 128 255 
-0.647589370190734 -0.543456540243786 0.534118878726949 255 128 128 255 
-0.629854340316403 -0.478515103656135 0.611806134105738 255 128 128 255 
-0.608884790251533 -0.537035553157516 0.583825422196038 255 128 128 255 
0.50822095326151 -0.331128431225355 0.795025248773008 255 128 128 255 
0.550686054494923 -0.233292261844835 0.801448410869184 255 128 128 255 
0.494889567595241 -0.239529565308219 0.835290263217506 255 128 128 255 
-0.499760011679982 -0.50406942104111 0.704381922921775 255 128 128 255 
-0.490582512284236 -0.570467437194585 0.658707584717299 255 128 128 255 
-0.733542336199336 -0.332970160885258 0.592491747963837 255 128 128 255 
0.570374857610526 -0.596840688326568 0.56431702616125 255 128 128 255 
0.525800574168163 -0.614887430831925 0.587747563056326 255 128 128 255 
0.69705706279357 -0.170479528148605 0.696453835684031 255 128 128 255 
0.684023801202042 -0.256872223316062 0.682735730531301 255 128 128 255 
0.471321557377198 -0.533556295460222 0.702263231166238 255 128 128 255 
0.469678458233258 -0.581957037923318 0.663873590058731 255 128 128 255 
0.594677238350538 -0.552466098948029 0.584072066849846 255 128 128 255 
-0.578423153748516 -0.418663210267755 0.700105471551448 255 128 128 255 
-0.666651148033236 -0.332336783523884 0.667179425418597 255 128 128 255 
-0.647554803404482 -0.408693018616947 0.643150660031452 255 128 128 255 
-0.743369410501765 -0.419921390860432 0.520641844616226 255 128 128 255 
-0.567842235241369 -0.489472491506487 0.661794424565322 255 128 128 255 
0.457870460055293 -0.45847577937809 0.761678734822316 255 128 128 255 
0.331054311892477 -0.512469132831388 0.79232450992923 255 128 128 255 
0.417408326594075 -0.52582550907716 0.741132783001806 255 128 128 255 
0.624592885609571 -0.479551519357121 0.616371570297157 255 128 128 255 
0.669017109862669 -0.328802552772755 0.666562021951422 255 128 128 255 
0.590782016966099 -0.395923501442159 0.703008615042516 255 128 128 255 
0.650033062520444 -0.401321242146371 0.645289282655252 255 128 128 255 
0.746153705589915 -0.413960136772764 0.521432290603116 255 128 128 255 
0.536673850226916 -0.476236106431052 0.696548841966938 255 128 128 255 
0.534544534147174 -0.560424132270995 0.632603262095083 255 128 128 255 
0.525073403443877 -0.415413050128154 0.742785228295488 255 128 128 255 
0.730933842966192 -0.331104876020414 0.596745547788909 255 128 128 255 
-0.730960501994441 0.275029333969193 0.624544281547167 255 128 128 255 
-0.689516687346709 0.194130702685443 0.697767778783475 255 128 128 255 
-0.678049814282434 0.272282816190824 0.682722860619481 255 128 128 255 
0.93581087151847 0.248869219726361 0.249643837907902 255 128 128 255 
0.909729667980239 0.249425164537506 0.331932218929318 255 128 128 255 
0.399368260892405 -0.904044125384807 -0.152345626881493 255 128 128 255 
-0.4051016777771 -0.249374616761934 0.879604780472439 255 128 128 255 
-0.325170628930025 -0.151921987901951 0.93337219419171 255 128 128 255 
-0.394216029178223 -0.152354492230699 0.906301169899614 255 128 128 255 
-0.450344130716691 -0.141616832822242 0.881552480031924 255 128 128 255 
0.157228085172609 0.31768865110317 0.935068535482805 255 128 128 255 
0.247048587229738 0.404041546015646 0.880747989748324 255 128 128 255 
0.151626100071516 0.385417952938267 0.910199158557932 255 128 128 255 
0.136206332962589 0.438545685966631 0.888327338691411 255 128 128 255 
0.909858043819646 0.331320550706173 0.24976991880166 255 128 128 255 
-0.398194397136143 -0.907691566864913 -0.132428125851853 255 128 128 255 
-0.604081761291633 -0.256468091314399 0.754525780997965 255 128 128 255 
-0.683769156011078 -0.251665014601419 0.684926571747843 255 128 128 255 
-0.695970963948385 -0.163859436097954 0.699123958377511 255 128 128 255 
-0.768164010018408 -0.159239840676871 0.6201343908354 255 128 128 255 
-0.160040266220653 0.32078476496621 0.933533159978893 255 128 128 255 
-0.0652480938879569 0.378395187751243 0.92334156245924 255 128 128 255 
-0.152858865704112 0.389137541580509 0.908408564285766 255 128 128 255 
0.737363658475377 0.272278632622022 0.618190210849168 255 128 128 255 
0.670720951249509 0.328911490939712 0.6647936550669 255 128 128 255 
0.687196125085934 0.265223543009821 0.676326804544678 255 128 128 255 
-0.13590436667589 0.444177698294851 0.885571061758776 255 128 128 255 
-0.389818590586909 0.14511243557469 -0.909386513307711 255 128 128 255 
0.242029275608128 0.242215333008286 0.939549548639844 255 128 128 255 
0.330508445383081 0.232209664849633 0.914791130775305 255 128 128 255 
0.619427191234299 -0.261761372892459 0.74012893833782 255 128 128 255 
0.32364154527669 0.29469746205181 0.899115938317441 255 128 128 255 
-0.42554352855811 0.249407513034708 0.869889885071812 255 128 128 255 
-0.33443430550117 0.242542418747663 0.910673814484539 255 128 128 255 
-0.325642291712276 0.302012713785645 0.895960575309972 255 128 128 255 
0.875958402086641 -0.420394416465897 0.236569593618254 255 128 128 255 
-0.381063888757508 0.921770398941361 0.0716199612310378 255 128 128 255 
-0.436239598882522 0.899828037810802 0.00211894839928652 255 128 128 255 
-0.381359683897079 0.921945648006771 -0.0676817126043096 255 128 128 255 
-0.411784260643496 0.154373290879841 0.898110562116685 255 128 128 255 
-0.475924547676348 0.137110334685101 0.868732709963759 255 128 128 255 
0.479123008789136 0.47677512163032 0.736971223903341 255 128 128 255 
0.424565911680345 0.418068848146131 0.803095351609634 255 128 128 255 
0.490499057229278 0.409076917562877 0.769458731744277 255 128 128 255 
0.531680926360533 0.412876245092639 0.739492113083584 255 128 128 255 
0.428194461631428 0.236681246039421 0.872141747388163 255 128 128 255 
0.404922895780134 0.137941740147327 0.90388577403392 255 128 128 255 
0.465379146396894 0.120561124599475 0.876862113803081 255 128 128 255 
0.897319814868379 0.40961320240371 0.164420657370768 255 128 128 255 
-0.525929545940947 0.0426085586182954 0.849460137241391 255 128 128 255 
-0.6098206941547 0.0133740709313481 0.792426525269985 255 128 128 255 
0.39429035501654 0.0268444725282568 -0.918593749138413 255 128 128 255 
0.706585230457288 -0.0753526286634669 0.703604443219955 255 128 128 255 
-0.164316890317195 0.70070481050171 0.694271252116023 255 128 128 255 
-0.249825930837068 0.68692714074891 0.682435391945429 255 128 128 255 
0.781482971530137 0.0144855641092655 0.623758353960952 255 128 128 255 
0.398116906840185 -0.150786598239315 -0.904857064274312 255 128 128 255 
-0.92339280904197 -0.105957890884179 0.368942452439391 255 128 128 255 
-0.921272749826216 -0.0287650197564445 0.387851873170115 255 128 128 255 
0.919074488253944 -0.0285469516215678 0.393048512351119 255 128 128 255 
0.413527985439451 0.527409947085535 0.742181472752412 255 128 128 255 
0.330293366042238 0.517564940898899 0.789324169542998 255 128 128 255 
0.413018255864764 0.486297788223612 0.770019721120373 255 128 128 255 
0.000635432915794141 -0.427874782683888 0.903837789267313 255 128 128 255 
0.0647767122041039 0.376520638822115 0.924140717320312 255 128 128 255 
0.0559177915418063 0.489083384466542 0.870442737653496 255 128 128 255 
0.000799033655116347 0.435567834472093 0.900155540278708 255 128 128 255 
-0.617066311147444 0.11117058091483 0.779018676491071 255 128 128 255 
-0.697020931710307 0.107623022885733 0.708928099622771 255 128 128 255 
0.328557063613577 0.789757703556751 0.518008547059585 255 128 128 255 
0.0245871992701067 -0.629982410046837 0.776220071809113 255 128 128 255 
0.703051318604254 0.189068455295416 0.68554493423208 255 128 128 255 
0.648122576192885 0.110793385808743 0.753433391131858 255 128 128 255 
0.713912079537577 0.106085617263963 0.692152691581719 255 128 128 255 
-0.606259978018765 0.206912754094983 0.767877539275876 255 128 128 255 
0.514520946761414 -0.790386757074551 0.332500845795724 255 128 128 255 
-0.618773381355952 0.278899619728028 0.734393934868297 255 128 128 255 
-0.664936746415447 0.337854272975717 0.666118289623627 255 128 128 255 
0.651946957644084 0.393396072287184 0.648231967813332 255 128 128 255 
0.629875478350641 0.267635565398925 0.729128270695551 255 128 128 255 
0.726507052700053 0.332664882399037 0.601266632489221 255 128 128 255 
-0.399564884178736 0.706438934466854 0.584201906942293 255 128 128 255 
-0.481896437429104 0.624418322525686 0.614717363163785 255 128 128 255 
-0.403634291586522 0.650158779555889 0.643718027240546 255 128 128 255 
0.367146648353088 0.353155418022369 0.860514097016607 255 128 128 255 
0.155054666353293 0.238239859286023 0.958749074789122 255 128 128 255 
-0.148205007702019 -0.523033031250345 0.83932805627715 255 128 128 255 
-0.0854023213148775 0.254255948501354 0.963358851758883 255 128 128 255 
-0.160298541540736 0.241006352853738 0.957193962999797 255 128 128 255 
-0.146611866710085 0.137042464780397 0.979655064720695 255 128 128 255 
-0.249716708649828 0.408150390893561 0.878097029461458 255 128 128 255 
-0.363683043117563 0.354224578225365 0.86154486026761 255 128 128 255 
-0.46435461322892 0.461117121891604 0.756138690145329 255 128 128 255 
-0.347712726505479 0.507337710911689 0.788482132058884 255 128 128 255 
-0.423948034981008 0.525726993042142 0.737481644141985 255 128 128 255 
-0.479887634961532 0.537582527667352 0.693334575112229 255 128 128 255 
0.158746076489069 0.527506132392455 0.834587814388066 255 128 128 255 
-0.331007721584044 -0.507952239486438 0.795247213955876 255 128 128 255 
-0.231867245736428 -0.553982897811993 0.799587700910004 255 128 128 255 
-0.236095352394593 -0.498643781505697 0.834034363275425 255 128 128 255 
-0.229090681165474 -0.400713660715545 0.887099503851643 255 128 128 255 
-0.635009866298608 0.466640624667965 0.615637033037339 255 128 128 255 
-0.590969615298058 0.408574111822252 0.695573191274008 255 128 128 255 
-0.650260591918144 0.402658963583959 0.644225823392952 255 128 128 255 
-0.596946398132991 0.570911229103166 0.563662450698157 255 128 128 255 
-0.614470079953092 0.526909588470047 0.587190600451735 255 128 128 255 
-0.589256973649584 -0.341372494855359 0.732284770949861 255 128 128 255 
-0.56126123039539 0.535584837962636 0.630979137706552 255 128 128 255 
-0.581779696394915 0.472148372895301 0.662275087600397 255 128 128 255 
-0.536185795376728 0.474473817042509 0.698125601588419 255 128 128 255 
0.627341955945232 0.463484516169069 0.625798769014409 255 128 128 255 
0.598350783383449 0.388288299872226 0.700862678133947 255 128 128 255 
0.599435521616193 0.531032143536478 0.59890058302872 255 128 128 255 
0.538938749296165 0.538366412151185 0.647847637345349 255 128 128 255 
0.557211903565176 0.457703481849776 0.692836480955923 255 128 128 255 
-0.178438348403427 -0.608658526405113 0.773107026970888 255 128 128 255 
-0.394038976687513 -0.406258957046266 0.824431257223115 255 128 128 255 
-0.32579782600286 -0.418233244771257 0.847901348674562 255 128 128 255 
-0.534631219712351 0.19008148276742 0.823430892699557 255 128 128 255 
-0.539817105444803 0.120099882506028 0.833170746645167 255 128 128 255 
-0.195670486248584 0.0228619259586486 0.980403151523904 255 128 128 255 
-0.17632668267112 -0.0401305894303878 0.983513302924148 255 128 128 255 
0.263642774733254 0.623107953749568 0.736361935868398 255 128 128 255 
0.328055389539237 0.603453970398745 0.726789478240887 255 128 128 255 
0.325534950990941 0.669051459795378 0.66812955361872 255 128 128 255 
-0.460645441240409 -0.00603453824099419 0.887563704444606 255 128 128 255 
-0.0768346996039062 0.637332503742224 0.766748716183286 255 128 128 255 
0.00408660838715141 0.575924525681973 0.817492617896368 255 128 128 255 
0.00581584240730339 0.641619553504611 0.767000977156324 255 128 128 255 
-0.558736972904818 0.255989506581673 0.788848751250283 255 128 128 255 
-0.510054785133902 0.25977884953347 0.819975028413592 255 128 128 255 
-0.15571450220168 0.541274206310367 0.826302000862445 255 128 128 255 
-0.162371142512337 0.625287370268686 0.763315967975646 255 128 128 255 
-0.400240145711952 0.590431556408932 0.700855427594542 255 128 128 255 
-0.332612252332839 0.597128352676794 0.729936148437469 255 128 128 255 
-0.553424559788229 0.59492905528299 0.582907080397649 255 128 128 255 
0.462601031779793 0.627123702634041 0.626670620974293 255 128 128 255 
0.38742963046948 0.704037748193255 0.59517147443215 255 128 128 255 
0.3920580128019 0.650835934543442 0.650156203615326 255 128 128 255 
0.398994960524903 -0.402251356674534 0.824012611207795 255 128 128 255 
-0.249616939843944 0.610279108715182 0.751831500751629 255 128 128 255 
0.0889344872802703 0.632571489143068 0.769378859878022 255 128 128 255 
-0.767649507915818 0.106945393375527 0.63188350476039 255 128 128 255 
0.258884060945924 0.683762510358728 0.682237390918373 255 128 128 255 
0.530576263952797 0.599676964268394 0.599062898745513 255 128 128 255 
0.599236450174951 -0.330714507909487 0.729070339363337 255 128 128 255 
0.388173908448002 0.595673003584623 0.703203130405752 255 128 128 255 
0.458251486559904 0.555224555751543 0.694068612136714 255 128 128 255 
-0.617217674625497 -0.169711168190751 0.768271053438556 255 128 128 255 
-0.327195584753474 0.670261422702866 0.666102527934084 255 128 128 255 
0.525877782268124 0.327647689222684 0.784919988960583 255 128 128 255 
0.607995558237714 0.328472074988381 0.72280528399912 255 128 128 255 
0.106350619947104 0.00661406914008715 0.994306653859348 255 128 128 255 
0.185686883729667 -0.0217181126627105 0.98236890023527 255 128 128 255 
0.172081420590792 0.0430889767314707 0.984139880372843 255 128 128 255 
0.438391429639019 0.335376431289895 0.833867831122334 255 128 128 255 
0.549479628572178 0.155605385194893 0.820889133293244 255 128 128 255 
0.57087821806672 0.236081582826063 0.786360937874892 255 128 128 255 
0.520678758307618 0.239958519569676 0.819337236960872 255 128 128 255 
-0.515836561626007 0.342793744627274 0.785114585487698 255 128 128 255 
-0.599738635093462 0.343237763734796 0.722842572934954 255 128 128 255 
-0.00326863375165852 0.125164417398177 0.992130581911919 255 128 128 255 
-0.00247314304193796 0.216568829192392 0.976264208914246 255 128 128 255 
-0.0595844897398021 0.183616004748652 0.981190517985021 255 128 128 255 
0.236746614889657 0.558522613893506 0.79498647987906 255 128 128 255 
0.244243747548504 0.504044912183888 0.828422404323599 255 128 128 255 
-0.333365115186805 0.733583598191955 0.592218514528494 255 128 128 255 
0.343842264115485 0.425159665479646 0.837264419125725 255 128 128 255 
0.62265358137799 0.192032637788078 0.758568354639168 255 128 128 255 
-0.253057380842449 0.156850529238297 0.954651676522962 255 128 128 255 
-0.168736657325142 0.767873311795235 0.617979345350195 255 128 128 255 
0.0664199313040776 -0.256436860804711 0.964276111590546 255 128 128 255 
0.150126187385566 -0.304904928029912 0.940475951611243 255 128 128 255 
0.14684257471394 -0.235123023586515 0.960809236695497 255 128 128 255 
0.13128114982319 -0.132199800461677 0.982490801307651 255 128 128 255 
0.186308513871082 0.610723429745883 0.769614171841422 255 128 128 255 
0.0104354544876442 0.77543099694261 0.631346053042523 255 128 128 255 
0.0182835756018004 -0.180354739461063 0.983431662068459 255 128 128 255 
-0.00540218136579336 -0.101234112487323 0.994847927728565 255 128 128 255 
-0.0447321777773896 -0.163748287065989 0.985487449500104 255 128 128 255 
-0.345548914007588 -0.354130867289704 0.869015095876541 255 128 128 255 
-0.411438333310279 -0.34087817902976 0.845293168116936 255 128 128 255 
0.264177299770277 0.737253939941458 0.621825455121685 255 128 128 255 
0.534418443143895 0.0291884682580745 0.844715779478885 255 128 128 255 
-0.0524638819767112 0.492427426456921 0.868770786083655 255 128 128 255 
0.327547559402653 0.727519126540098 0.602850310278468 255 128 128 255 
-0.242362339166615 -0.144637148183665 0.959343805912315 255 128 128 255 
0.242546852837588 0.14678300254997 0.958971175814736 255 128 128 255 
-0.148165888769873 -0.298624342492561 0.94279915706861 255 128 128 255 
-0.056557179101024 -0.244126696843372 0.968092618311783 255 128 128 255 
-0.146520090692437 -0.228905842575545 0.962358528833263 255 128 128 255 
0.590927984930051 0.0826467626301924 0.802479664987684 255 128 128 255 
0.994177211775752 0.0762073537603525 0.0761844055366897 255 128 128 255 
0.990982716025426 0.0062148975986175 0.133845135019447 255 128 128 255 
0.995815431840984 -0.0555194685984951 0.0725891089851421 255 128 128 255 
0.997277336263777 -0.0508901933709385 -0.0533672990766542 255 128 128 255 
0.0714472195740728 0.994754256759512 0.0732067133455314 255 128 128 255 
0.0598841506881572 0.0685800102987664 0.995846694947508 255 128 128 255 
-0.00334909529965848 0.0072029827948752 0.999968417916522 255 128 128 255 
-0.0662174278560794 0.0672334408658417 0.995537484096991 255 128 128 255 
0.0771189900693537 0.558245698321636 0.826083758646863 255 128 128 255 
-0.535466924001885 -0.174672167144834 0.826295713401339 255 128 128 255 
-0.00129787691872737 0.296476700551942 0.955039174434162 255 128 128 255 
0.136565282405394 -0.537628262636414 0.832049026624948 255 128 128 255 
0.227048059473398 -0.404576621847649 0.885870411972594 255 128 128 255 
0.120939167496775 -0.450703237994742 0.884443468705299 255 128 128 255 
-0.496743544749495 -0.351574977047151 0.793498997727155 255 128 128 255 
0.0190967588456968 0.827129544530919 0.561686705805481 255 128 128 255 
0.468253980864914 -0.0635870309770751 0.881302902591835 255 128 128 255 
0.370286866320073 -0.0938507704644982 0.924164227744423 255 128 128 255 
0.439172537815275 -0.137180242371485 0.887867683674641 255 128 128 255 
-0.0703554253143082 0.563753156742391 0.822941350634946 255 128 128 255 
0.257734622908572 -0.0761714386379513 0.963208532387728 255 128 128 255 
0.232322835359019 -0.153632925347043 0.960428547360486 255 128 128 255 
-0.243717732620702 -0.241030340464021 0.939417738347634 255 128 128 255 
-0.307511416587072 -0.312988364513398 0.89859609110792 255 128 128 255 
-0.252221184942712 0.519916210863959 0.816132032638894 255 128 128 255 
0.344801108436838 -0.350451587618956 0.870801831224912 255 128 128 255 
0.30289614750015 -0.310414372848822 0.901053138375887 255 128 128 255 
-0.0625986627080602 -0.050828353303003 -0.996743628321933 255 128 128 255 
0.0743472817660651 -0.994424354953563 0.0747839808512538 255 128 128 255 
-0.99571612767594 -0.0583935116132195 0.0716906811455916 255 128 128 255 
-0.0546095746686289 -0.995657691603776 0.0753891374045005 255 128 128 255 
-0.0541161010872648 -0.997239828045798 -0.0508344207406487 255 128 128 255 
-0.123708791764681 -0.44703162229434 0.885922574367483 255 128 128 255 
-0.423581912115398 -0.514284162773666 0.745714513318532 255 128 128 255 
0.51629818628853 -0.1528180044297 0.842664052794759 255 128 128 255 
0.536998047099039 -0.0645807157419003 0.841107833862975 255 128 128 255 
-0.3441363386723 0.420181365629794 0.839653363555995 255 128 128 255 
-0.413010399984392 0.406065971970468 0.815188799741234 255 128 128 255 
-0.527966778667789 0.422720113107534 0.736585889155992 255 128 128 255 
-0.430374383044834 0.338977753535677 0.836583497224221 255 128 128 255 
-0.513235046636386 -0.259481857646793 0.818082430287569 255 128 128 255 
-0.337876079084628 -0.599902069954165 0.725229077194263 255 128 128 255 
-0.442988573694978 -0.453743180823254 0.77322583707507 255 128 128 255 
0.41332959190838 -0.330727736653844 0.848397179134881 255 128 128 255 
-0.505887756629812 -0.433104544995497 0.745987941618154 255 128 128 255 
0.604108935084155 -0.178320627679713 0.77669431935425 255 128 128 255 
0.0689790873954777 -0.594479142777745 0.801146941299908 255 128 128 255 
0.230421284518468 -0.561386627956255 0.794827683486284 255 128 128 255 
0.184356995085174 -0.616794563731638 0.765229973042614 255 128 128 255 
0.232409542696637 -0.506493714423091 0.830331176511982 255 128 128 255 
0.326905984707751 -0.419272982907067 0.846960802349807 255 128 128 255 
0.700496823858395 -0.582131991112571 0.412827426055027 255 128 128 255 
0.706874541842279 -0.395533839698469 0.5864139271745 255 128 128 255 
-0.246562596503418 0.248067580010875 0.936839992414849 255 128 128 255 
-0.706214735911816 -0.39952892031784 0.584497499706214 255 128 128 255 
-0.857891474342493 0.358181757611156 0.368412800060433 255 128 128 255 
0.868086282274325 -0.35687223055174 0.345062845278169 255 128 128 255 
0.842936581133296 -0.156188977440575 0.514842483985291 255 128 128 255 
-0.629103205515302 -0.607021207460553 0.485545464946656 255 128 128 255 
-0.962309748876328 -0.0954449069766239 0.254656940741567 255 128 128 255 
-0.240029399983619 0.94238984548501 -0.232995665844231 255 128 128 255 
-0.772739944712445 0.60569029456493 0.189768754829556 255 128 128 255 
0.0577244107482062 -0.0548150274879856 0.99682655232254 255 128 128 255 
0.320651846405316 -0.0199138342428179 0.946987745960971 255 128 128 255 
0.964302205562402 -0.253808525371212 -0.0755141530613207 255 128 128 255 
-0.947859340893208 0.0145599959583922 -0.31835614588226 255 128 128 255 
0.949811812576271 0.00349932203130135 -0.312802227839519 255 128 128 255 
-0.317507944971108 0.94825519599878 0.000862983201011455 255 128 128 255 
0.948280825293118 -0.316849142718032 -0.0192368413185934 255 128 128 255 
-0.516523856828106 -0.856263135541268 0.00403849359170267 255 128 128 255 

3 0 1 2 
3 3 4 5 
3 4 6 5 
3 7 8 9 
3 10 7 9 
3 11 12 13 
3 6 14 5 
3 15 16 17 
3 18 15 17 
3 19 3 20 
3 21 19 20 
3 10 22 23 
3 22 24 23 
3 25 26 27 
3 14 3 5 
3 28 29 30 
3 29 31 30 
3 32 31 33 
3 34 32 33 
3 35 31 36 
3 37 35 36 
3 32 38 39 
3 31 32 39 
3 28 40 41 
3 31 29 33 
3 42 43 44 
3 45 42 44 
3 46 45 47 
3 48 46 47 
3 42 45 49 
3 50 42 49 
3 45 46 51 
3 46 52 51 
3 53 54 55 
3 56 57 58 
3 40 59 60 
3 59 61 60 
3 62 63 64 
3 65 62 64 
3 40 66 67 
3 66 63 67 
3 68 69 70 
3 71 68 70 
3 72 54 73 
3 74 72 73 
3 75 76 77 
3 76 69 77 
3 78 79 80 
3 81 78 80 
3 82 83 84 
3 85 86 53 
3 85 87 86 
3 87 71 86 
3 74 88 89 
3 76 74 89 
3 61 90 91 
3 90 92 91 
3 66 61 93 
3 61 94 93 
3 78 81 95 
3 96 78 95 
3 97 98 99 
3 100 97 99 
3 101 78 96 
3 81 102 95 
3 103 104 105 
3 106 107 105 
3 107 103 105 
3 104 106 105 
3 104 108 109 
3 108 104 110 
3 104 111 110 
3 112 108 110 
3 113 114 115 
3 116 106 109 
3 106 104 109 
3 108 116 109 
3 117 118 119 
3 120 121 101 
3 122 100 99 
3 94 92 121 
3 123 94 121 
3 124 125 126 
3 127 124 126 
3 81 128 129 
3 128 130 129 
3 131 132 133 
3 132 100 133 
3 75 134 131 
3 134 132 131 
3 135 136 137 
3 136 125 137 
3 138 139 140 
3 139 141 140 
3 100 132 142 
3 132 143 142 
3 74 76 144 
3 76 75 144 
3 145 146 147 
3 148 0 149 
3 150 151 152 
3 153 154 149 
3 155 150 156 
3 157 158 159 
3 154 153 160 
3 161 162 160 
3 163 164 165 
3 166 157 167 
3 164 157 168 
3 162 161 169 
3 153 161 160 
3 170 171 169 
3 172 163 165 
3 173 174 175 
3 176 171 177 
3 178 176 177 
3 148 150 152 
3 179 180 181 
3 182 179 183 
3 1 153 2 
3 161 153 184 
3 185 1 186 
3 187 185 186 
3 188 189 190 
3 107 161 184 
3 169 161 191 
3 161 107 191 
3 192 193 194 
3 184 153 195 
3 107 196 197 
3 196 198 197 
3 199 200 201 
3 202 203 204 
3 205 206 207 
3 206 208 209 
3 210 65 211 
3 179 212 213 
3 174 185 214 
3 215 212 216 
3 151 179 181 
3 174 112 175 
3 188 174 214 
3 217 196 218 
3 172 165 219 
3 220 221 222 
3 196 217 223 
3 116 217 218 
3 224 225 226 
3 227 228 229 
3 217 227 223 
3 178 206 209 
3 230 231 203 
3 232 233 234 
3 180 235 189 
3 112 174 236 
3 174 237 236 
3 108 238 239 
3 218 196 240 
3 230 227 229 
3 241 242 243 
3 116 244 245 
3 244 246 245 
3 231 247 248 
3 249 250 251 
3 252 253 254 
3 255 256 257 
3 256 258 259 
3 260 112 261 
3 262 260 261 
3 263 250 262 
3 264 260 262 
3 256 265 258 
3 108 112 266 
3 260 267 238 
3 250 268 269 
3 244 116 270 
3 271 244 270 
3 272 273 271 
3 274 244 271 
3 244 274 275 
3 273 274 271 
3 276 277 278 
3 279 274 280 
3 281 274 282 
3 283 284 285 
3 258 286 287 
3 288 289 290 
3 291 292 293 
3 289 294 268 
3 294 295 296 
3 289 297 294 
3 298 299 300 
3 301 302 303 
3 304 279 280 
3 273 296 304 
3 305 281 282 
3 279 306 307 
3 302 308 309 
3 302 301 310 
3 311 312 313 
3 314 301 303 
3 250 289 268 
3 315 316 48 
3 200 317 318 
3 319 320 321 
3 322 323 324 
3 172 200 325 
3 157 164 167 
3 326 322 324 
3 327 322 328 
3 200 172 201 
3 201 172 329 
3 157 330 158 
3 199 331 332 
3 333 334 335 
3 83 329 336 
3 319 83 82 
3 320 337 338 
3 339 319 340 
3 340 319 82 
3 341 320 342 
3 333 343 344 
3 320 338 321 
3 343 345 344 
3 346 347 348 
3 349 333 335 
3 350 351 347 
3 200 199 332 
3 345 155 352 
3 345 151 353 
3 162 164 354 
3 155 345 353 
3 206 355 356 
3 357 305 358 
3 359 360 355 
3 208 83 361 
3 208 206 356 
3 359 206 362 
3 343 333 363 
3 359 364 360 
3 365 364 366 
3 206 359 355 
3 179 151 183 
3 212 179 216 
3 216 179 182 
3 333 367 363 
3 111 1 173 
3 205 368 369 
3 205 370 371 
3 370 372 371 
3 235 373 374 
3 235 212 373 
3 370 205 369 
3 375 376 377 
3 370 247 378 
3 231 277 379 
3 231 230 380 
3 381 370 378 
3 203 231 248 
3 382 256 255 
3 383 382 255 
3 384 385 386 
3 387 388 389 
3 277 390 278 
3 278 390 391 
3 276 392 393 
3 256 394 257 
3 388 256 389 
3 277 276 393 
3 385 395 396 
3 265 286 258 
3 391 390 397 
3 398 357 358 
3 357 399 400 
3 401 402 403 
3 265 256 404 
3 405 276 406 
3 407 265 404 
3 387 408 409 
3 276 410 406 
3 394 256 259 
3 411 412 413 
3 388 387 409 
3 411 413 407 
3 286 250 287 
3 308 302 414 
3 288 135 415 
3 281 305 416 
3 308 414 417 
3 313 312 306 
3 357 418 399 
3 419 420 421 
3 288 422 423 
3 424 402 418 
3 424 425 426 
3 279 304 427 
3 286 428 429 
3 102 337 430 
3 265 413 431 
3 136 135 432 
3 289 288 423 
3 323 132 433 
3 135 434 415 
3 435 295 436 
3 327 437 438 
3 439 440 441 
3 274 279 307 
3 312 442 306 
3 146 311 443 
3 442 312 444 
3 132 134 445 
3 311 139 446 
3 421 357 398 
3 447 420 448 
3 449 323 433 
3 440 435 436 
3 302 310 414 
3 301 314 450 
3 314 69 450 
3 134 69 445 
3 134 75 77 
3 322 327 438 
3 312 311 446 
3 322 166 328 
3 437 100 142 
3 451 452 453 
3 327 317 452 
3 128 331 454 
3 200 318 325 
3 451 455 456 
3 331 199 454 
3 311 435 443 
3 319 321 457 
3 128 451 453 
3 341 342 458 
3 337 320 430 
3 438 437 143 
3 320 319 342 
3 337 102 130 
3 135 428 432 
3 346 350 347 
3 341 459 460 
3 454 337 130 
3 68 461 462 
3 461 87 463 
3 62 65 210 
3 461 68 464 
3 372 32 465 
3 466 459 467 
3 468 364 469 
3 364 62 469 
3 350 461 463 
3 65 123 211 
3 87 461 464 
3 364 359 366 
3 349 351 470 
3 56 349 57 
3 333 349 471 
3 384 19 472 
3 349 470 57 
3 468 466 467 
3 473 359 362 
3 364 365 474 
3 372 475 38 
3 473 372 465 
3 46 375 476 
3 477 40 67 
3 477 63 478 
3 212 376 373 
3 375 215 476 
3 32 372 38 
3 46 476 52 
3 376 212 377 
3 372 370 475 
3 365 63 474 
3 56 45 51 
3 149 0 2 
3 0 187 186 
3 1 0 186 
3 151 150 353 
3 150 155 353 
3 348 345 352 
3 180 179 213 
3 384 376 479 
3 345 182 183 
3 381 480 481 
3 482 392 483 
3 385 484 386 
3 485 392 482 
3 486 392 487 
3 480 37 481 
3 151 345 183 
3 277 485 379 
3 385 384 472 
3 345 343 182 
3 392 486 483 
3 316 315 488 
3 382 385 396 
3 392 276 487 
3 148 157 159 
3 406 489 490 
3 402 489 403 
3 408 387 491 
3 492 411 493 
3 472 19 21 
3 388 411 407 
3 489 494 490 
3 487 405 495 
3 490 494 496 
3 14 408 491 
3 388 409 497 
3 498 408 499 
3 408 500 499 
3 501 500 502 
3 503 492 493 
3 3 14 20 
3 424 504 425 
3 402 424 426 
3 504 424 505 
3 506 507 508 
3 509 510 511 
3 492 512 513 
3 514 420 515 
3 516 512 517 
3 510 7 511 
3 461 350 462 
3 412 512 518 
3 439 519 520 
3 305 357 400 
3 428 135 429 
3 451 128 521 
3 451 327 452 
3 420 447 515 
3 522 439 523 
3 440 297 441 
3 524 525 526 
3 527 528 529 
3 434 135 137 
3 120 123 121 
3 439 422 523 
3 523 434 530 
3 343 216 182 
3 531 525 524 
3 434 125 530 
3 420 532 448 
3 343 215 216 
3 440 439 520 
3 146 145 533 
3 180 534 181 
3 534 151 181 
3 139 533 535 
3 188 214 536 
3 311 146 533 
3 150 148 156 
3 151 0 152 
3 0 148 152 
3 171 176 361 
3 519 145 147 
3 75 537 144 
3 176 208 361 
3 528 138 140 
3 125 434 137 
3 141 139 535 
3 455 451 521 
3 520 519 147 
3 206 178 207 
3 83 171 361 
3 172 171 336 
3 329 172 336 
3 83 538 329 
3 538 201 329 
3 171 83 336 
3 538 199 201 
3 170 198 539 
3 171 170 177 
3 171 172 219 
3 164 162 165 
3 148 154 168 
3 455 540 541 
3 141 528 140 
3 122 131 133 
3 154 164 168 
3 157 148 168 
3 98 122 99 
3 160 162 354 
3 542 540 543 
3 420 419 532 
3 525 544 545 
3 327 451 456 
3 546 547 543 
3 547 546 548 
3 521 128 549 
3 540 100 541 
3 547 542 543 
3 81 80 550 
3 136 127 126 
3 94 65 93 
3 114 547 551 
3 79 552 80 
3 88 74 73 
3 88 71 89 
3 69 76 70 
3 537 74 144 
3 143 437 142 
3 130 102 129 
3 122 98 553 
3 100 122 133 
3 102 120 96 
3 554 555 556 
3 341 460 557 
3 120 101 96 
3 92 79 558 
3 121 92 101 
3 459 123 460 
3 65 66 93 
3 94 61 91 
3 71 76 89 
3 71 88 86 
3 88 54 53 
3 559 560 561 
3 86 88 53 
3 54 88 73 
3 76 71 70 
3 92 94 91 
3 63 66 64 
3 66 65 64 
3 66 40 60 
3 45 56 49 
3 43 42 562 
3 54 50 55 
3 52 56 51 
3 32 477 478 
3 477 32 34 
3 40 477 34 
3 563 31 39 
3 56 50 49 
3 554 48 47 
3 44 559 561 
3 564 559 565 
3 566 554 560 
3 38 563 39 
3 31 567 30 
3 567 28 30 
3 568 569 570 
3 48 316 571 
3 559 118 572 
3 29 34 33 
3 480 24 37 
3 480 486 24 
3 384 316 488 
3 555 3 573 
3 555 574 575 
3 221 3 575 
3 48 554 556 
3 486 10 23 
3 14 21 20 
3 501 18 17 
3 3 221 576 
3 577 221 578 
3 501 14 6 
3 18 501 6 
3 495 7 579 
3 8 580 9 
3 7 510 8 
3 510 581 8 
3 501 16 500 
3 16 501 17 
3 15 516 16 
3 24 486 23 
3 544 510 509 
3 510 544 582 
3 525 507 544 
3 580 10 9 
3 424 514 505 
3 583 516 584 
3 18 26 585 
3 581 510 582 
3 26 25 585 
3 583 127 586 
3 516 15 584 
3 587 524 527 
3 411 492 513 
3 531 506 508 
3 588 531 589 
3 507 506 590 
3 581 507 590 
3 127 583 591 
3 512 127 518 
3 583 25 592 
3 531 524 589 
3 593 594 595 
3 596 593 597 
3 7 10 579 
3 583 598 591 
3 522 594 599 
3 145 519 600 
3 601 90 602 
3 193 192 603 
3 192 604 605 
3 141 535 606 
3 522 530 607 
3 101 92 558 
3 528 141 529 
3 604 568 608 
3 604 609 605 
3 506 531 610 
3 537 611 612 
3 594 593 613 
3 614 615 616 
3 617 519 618 
3 619 193 616 
3 193 619 194 
3 600 193 603 
3 615 619 616 
3 620 192 194 
3 621 620 622 
3 98 623 624 
3 623 625 624 
3 97 626 627 
3 102 96 95 
3 628 97 629 
3 113 630 631 
3 114 552 632 
3 79 92 633 
3 547 114 634 
3 611 635 636 
3 69 134 77 
3 552 637 632 
3 547 548 551 
3 92 90 633 
3 638 639 640 
3 623 641 625 
3 611 72 612 
3 611 537 641 
3 97 630 629 
3 59 601 602 
3 90 601 642 
3 631 547 634 
3 54 72 643 
3 72 636 643 
3 635 644 636 
3 645 601 646 
3 59 40 647 
3 646 59 647 
3 648 645 646 
3 40 34 41 
3 604 192 649 
3 54 643 650 
3 651 564 652 
3 228 244 275 
3 653 654 655 
3 118 559 656 
3 559 564 656 
3 657 658 659 
3 567 660 661 
3 567 662 663 
3 664 567 663 
3 665 666 667 
3 117 577 668 
3 117 668 669 
3 662 653 655 
3 221 575 578 
3 670 671 672 
3 673 674 675 
3 676 670 672 
3 655 654 677 
3 221 220 576 
3 670 10 678 
3 221 577 679 
3 220 680 681 
3 193 617 682 
3 683 670 678 
3 516 583 586 
3 671 670 684 
3 670 685 684 
3 18 6 686 
3 680 26 681 
3 687 241 222 
3 8 581 688 
3 581 689 690 
3 691 692 693 
3 694 25 27 
3 26 680 695 
3 696 697 698 
3 699 26 695 
3 506 697 700 
3 12 615 701 
3 702 703 704 
3 692 596 693 
3 705 692 691 
3 694 699 705 
3 683 581 690 
3 621 706 707 
3 593 596 613 
3 568 604 649 
3 568 696 698 
3 708 709 710 
3 709 711 712 
3 519 617 600 
3 146 520 147 
3 141 587 529 
3 587 527 529 
3 615 713 701 
3 714 447 715 
3 716 11 13 
3 717 718 719 
3 615 12 720 
3 721 615 720 
3 709 708 722 
3 723 621 721 
3 593 724 597 
3 609 604 608 
3 647 40 725 
3 726 568 570 
3 706 569 707 
3 706 727 569 
3 710 696 726 
3 504 714 715 
3 437 455 541 
3 100 437 541 
3 81 548 728 
3 546 521 549 
3 128 81 549 
3 546 455 521 
3 315 555 573 
3 533 145 535 
3 439 522 618 
3 522 617 618 
3 616 193 682 
3 524 447 527 
3 447 528 527 
3 519 439 618 
3 715 525 545 
3 308 155 156 
3 729 730 115 
3 730 113 115 
3 114 729 115 
3 577 117 731 
3 148 308 156 
3 139 311 533 
3 146 440 520 
3 136 412 518 
3 127 136 518 
3 623 98 732 
3 125 136 126 
3 528 447 448 
3 532 528 448 
3 594 522 607 
3 522 523 530 
3 422 434 523 
3 447 714 515 
3 714 514 515 
3 512 412 513 
3 412 411 513 
3 494 509 511 
3 733 734 735 
3 736 665 667 
3 7 494 511 
3 737 623 738 
3 630 97 627 
3 512 492 517 
3 666 739 667 
3 492 503 517 
3 630 740 741 
3 739 736 667 
3 635 742 743 
3 504 544 509 
3 729 114 744 
3 745 729 744 
3 718 299 719 
3 719 298 745 
3 531 588 610 
3 746 747 748 
3 638 749 639 
3 299 298 719 
3 639 750 751 
3 752 753 754 
3 755 635 756 
3 494 504 509 
3 757 755 758 
3 620 194 622 
3 79 638 640 
3 601 645 759 
3 760 746 761 
3 742 762 743 
3 540 455 763 
3 742 635 764 
3 503 516 517 
3 765 645 766 
3 746 750 761 
3 767 765 766 
3 645 765 768 
3 762 651 769 
3 131 122 553 
3 770 651 762 
3 714 504 505 
3 651 658 771 
3 514 714 505 
3 500 408 502 
3 408 14 502 
3 657 772 771 
3 773 767 774 
3 760 645 768 
3 252 765 767 
3 500 503 499 
3 503 498 499 
3 16 503 500 
3 14 501 502 
3 28 773 774 
3 516 503 16 
3 395 472 21 
3 14 395 21 
3 498 503 493 
3 411 498 493 
3 387 395 491 
3 395 14 491 
3 192 141 606 
3 486 487 495 
3 7 405 496 
3 405 490 496 
3 494 7 496 
3 405 406 490 
3 486 480 483 
3 480 482 483 
3 375 46 571 
3 775 118 776 
3 777 775 776 
3 46 48 571 
3 658 657 771 
3 560 554 778 
3 241 779 780 
3 158 308 159 
3 662 753 752 
3 308 148 159 
3 276 405 487 
3 405 7 495 
3 381 485 482 
3 480 381 482 
3 395 385 472 
3 367 333 471 
3 56 367 471 
3 315 19 488 
3 19 384 488 
3 349 56 471 
3 316 375 571 
3 775 781 119 
3 118 775 119 
3 781 117 119 
3 782 783 784 
3 37 563 481 
3 563 381 481 
3 24 35 37 
3 31 563 36 
3 22 35 24 
3 376 375 479 
3 375 316 479 
3 476 367 52 
3 367 56 52 
3 563 37 36 
3 475 563 38 
3 62 364 474 
3 63 62 474 
3 370 381 475 
3 381 563 475 
3 215 367 476 
3 316 384 479 
3 63 365 478 
3 365 32 478 
3 61 66 60 
3 781 785 731 
3 117 781 731 
3 785 577 731 
3 785 781 786 
3 365 473 465 
3 32 365 465 
3 68 71 464 
3 71 87 464 
3 577 785 787 
3 785 788 787 
3 789 790 791 
3 790 792 791 
3 671 789 791 
3 793 794 795 
3 671 796 797 
3 796 798 797 
3 154 148 149 
3 799 242 788 
3 800 241 243 
3 801 802 803 
3 796 804 798 
3 459 466 210 
3 466 62 210 
3 87 351 463 
3 351 350 463 
3 62 466 469 
3 241 805 779 
3 241 800 806 
3 807 680 805 
3 466 468 469 
3 459 339 467 
3 339 468 467 
3 470 85 57 
3 799 808 242 
3 87 85 470 
3 222 241 780 
3 809 810 811 
3 812 810 813 
3 703 702 809 
3 685 683 814 
3 351 87 470 
3 301 68 462 
3 350 301 462 
3 412 136 432 
3 428 412 432 
3 102 81 129 
3 810 809 813 
3 128 454 130 
3 120 102 557 
3 460 120 557 
3 102 341 557 
3 123 120 460 
3 65 94 123 
3 339 459 458 
3 342 339 458 
3 331 128 453 
3 452 331 453 
3 132 323 143 
3 323 438 143 
3 320 341 430 
3 341 102 430 
3 288 286 429 
3 135 288 429 
3 422 439 441 
3 297 422 441 
3 138 528 532 
3 419 138 532 
3 69 314 445 
3 815 699 816 
3 314 132 445 
3 419 442 444 
3 138 419 444 
3 69 68 450 
3 68 301 450 
3 807 817 818 
3 742 764 819 
3 709 820 821 
3 822 823 824 
3 63 477 67 
3 312 138 444 
3 455 437 456 
3 437 327 456 
3 825 702 826 
3 543 540 763 
3 299 827 828 
3 425 489 426 
3 489 402 426 
3 504 494 425 
3 494 489 425 
3 440 146 443 
3 435 440 443 
3 199 337 454 
3 317 331 452 
3 139 138 446 
3 138 312 446 
3 323 322 438 
3 295 297 436 
3 297 440 436 
3 314 449 433 
3 132 314 433 
3 418 402 399 
3 402 401 399 
3 434 422 415 
3 422 288 415 
3 295 435 427 
3 304 295 427 
3 514 424 418 
3 357 514 418 
3 297 289 423 
3 802 829 830 
3 831 801 803 
3 689 506 700 
3 832 823 833 
3 711 702 704 
3 696 568 726 
3 422 297 423 
3 442 419 398 
3 419 421 398 
3 420 514 421 
3 514 357 421 
3 388 407 404 
3 256 388 404 
3 820 709 722 
3 413 265 407 
3 757 758 834 
3 410 489 406 
3 498 411 497 
3 409 498 497 
3 408 498 409 
3 411 388 497 
3 428 286 431 
3 413 428 431 
3 412 428 413 
3 286 265 431 
3 410 401 403 
3 489 410 403 
3 395 387 396 
3 387 382 396 
3 392 485 393 
3 485 277 393 
3 256 382 389 
3 382 387 389 
3 390 277 380 
3 230 390 380 
3 247 231 379 
3 485 247 379 
3 376 384 386 
3 484 376 386 
3 692 829 835 
3 12 11 836 
3 11 837 836 
3 838 252 839 
3 783 782 840 
3 12 783 840 
3 782 723 840 
3 621 723 841 
3 706 621 842 
3 843 706 842 
3 782 844 841 
3 723 782 841 
3 844 621 841 
3 845 846 847 
3 846 848 843 
3 111 112 110 
3 202 196 223 
3 736 849 850 
3 737 755 756 
3 736 851 849 
3 665 736 850 
3 740 852 853 
3 854 855 856 
3 857 858 859 
3 860 852 861 
3 862 860 861 
3 823 729 863 
3 729 745 863 
3 864 823 865 
3 862 864 865 
3 708 710 866 
3 299 867 300 
3 300 832 833 
3 867 299 828 
3 299 751 827 
3 867 832 300 
3 868 757 834 
3 869 746 870 
3 871 755 872 
3 873 757 874 
3 699 807 816 
3 747 827 748 
3 875 869 870 
3 869 876 877 
3 757 868 874 
3 878 742 819 
3 878 871 879 
3 878 879 880 
3 815 802 830 
3 765 881 882 
3 883 869 884 
3 742 878 770 
3 878 885 886 
3 525 715 526 
3 658 885 659 
3 741 740 853 
3 887 888 889 
3 765 252 838 
3 252 254 839 
3 890 891 892 
3 623 732 738 
3 893 775 777 
3 894 893 895 
3 885 894 659 
3 659 894 895 
3 753 896 754 
3 888 897 889 
3 896 898 899 
3 898 900 901 
3 898 254 899 
3 897 888 902 
3 903 904 905 
3 888 887 786 
3 781 888 786 
3 887 785 786 
3 887 799 906 
3 734 733 907 
3 734 789 908 
3 789 798 908 
3 733 903 907 
3 887 909 910 
3 909 911 910 
3 185 534 214 
3 734 912 913 
3 912 914 913 
3 915 916 917 
3 918 919 920 
3 820 702 821 
3 919 800 920 
3 800 919 921 
3 922 923 924 
3 925 922 926 
3 847 846 927 
3 926 922 924 
3 916 801 917 
3 855 854 928 
3 708 866 929 
3 820 930 931 
3 876 869 932 
3 852 860 933 
3 934 802 935 
3 916 936 937 
3 885 938 939 
3 893 894 940 
3 941 942 943 
3 708 929 944 
3 919 915 921 
3 945 946 947 
3 930 708 944 
3 948 855 949 
3 851 857 950 
3 951 952 953 
3 934 941 943 
3 837 954 955 
3 836 837 955 
3 837 956 957 
3 954 958 784 
3 783 954 784 
3 958 782 784 
3 792 671 791 
3 958 954 959 
3 960 958 959 
3 961 846 962 
3 846 843 962 
3 963 961 964 
3 960 963 964 
3 846 961 927 
3 945 845 847 
3 867 965 966 
3 967 945 847 
3 946 929 947 
3 968 969 970 
3 969 971 972 
3 860 973 933 
3 857 974 950 
3 975 860 976 
3 976 860 862 
3 822 977 976 
3 978 822 824 
3 977 975 976 
3 965 979 966 
3 829 802 934 
3 891 965 980 
3 747 981 982 
3 969 983 971 
3 851 969 972 
3 984 985 986 
3 987 984 988 
3 989 883 990 
3 991 969 968 
3 867 747 982 
3 992 890 892 
3 869 883 932 
3 876 989 993 
3 747 877 981 
3 984 994 995 
3 994 996 995 
3 883 884 997 
3 998 883 997 
3 969 987 988 
3 883 998 990 
3 802 801 935 
3 999 938 1000 
3 880 996 1001 
3 1002 1003 1004 
3 549 81 728 
3 938 1005 939 
3 894 1006 940 
3 998 997 1007 
3 898 1008 900 
3 1008 898 1009 
3 1009 898 1010 
3 898 896 1010 
3 904 1011 1009 
3 1012 1013 897 
3 733 1014 903 
3 1011 1008 1009 
3 1013 1015 1016 
3 1013 1016 1017 
3 1018 909 1016 
3 1019 733 735 
3 918 909 1020 
3 1021 1022 1023 
3 909 1018 1020 
3 1015 1024 1025 
3 923 1026 1027 
3 1028 1029 1030 
3 1026 1031 1027 
3 1032 954 1033 
3 1034 1035 1036 
3 1035 1037 1038 
3 1035 1039 1037 
3 918 1035 1038 
3 1040 1041 1042 
3 1043 1026 1044 
3 922 1045 1046 
3 1047 1048 1049 
3 936 916 1050 
3 1035 1051 1052 
3 991 1053 1054 
3 855 948 856 
3 998 1055 1056 
3 1057 1047 1058 
3 1059 1008 1060 
3 936 1061 1062 
3 937 936 1062 
3 1063 1064 1065 
3 1066 1067 1068 
3 1069 1070 1071 
3 1062 1061 1072 
3 1061 942 1072 
3 942 1070 1073 
3 945 967 1074 
3 1075 948 1076 
3 1077 1078 1079 
3 1080 1075 1081 
3 1075 1076 1082 
3 1083 1084 1085 
3 1086 948 1087 
3 1088 1089 1090 
3 1070 1091 1073 
3 1092 1091 1029 
3 1029 1032 1033 
3 1028 1032 1029 
3 973 975 1093 
3 1094 963 960 
3 1095 1028 1030 
3 1096 967 1097 
3 967 1098 1074 
3 890 1099 1100 
3 485 381 378 
3 247 485 378 
3 247 368 248 
3 368 203 248 
3 484 1101 374 
3 373 484 374 
3 212 235 213 
3 235 180 213 
3 215 375 377 
3 3 555 575 
3 212 215 377 
3 372 473 371 
3 1102 1103 1104 
3 968 1105 1106 
3 473 205 371 
3 368 247 369 
3 247 370 369 
3 1101 235 374 
3 1107 1102 1108 
3 1109 994 1110 
3 1111 977 1112 
3 887 1013 1017 
3 283 1113 1114 
3 1115 1116 1117 
3 891 1115 1118 
3 376 484 373 
3 367 215 363 
3 215 343 363 
3 360 1119 355 
3 364 468 360 
3 468 1119 360 
3 206 205 362 
3 205 473 362 
3 991 1120 1121 
3 473 365 366 
3 359 473 366 
3 1122 987 1123 
3 994 984 1122 
3 351 349 335 
3 334 351 335 
3 538 83 457 
3 321 538 457 
3 1053 991 968 
3 969 851 970 
3 969 991 1121 
3 1051 1063 1052 
3 1016 1015 1025 
3 1108 975 1111 
3 1113 1112 1114 
3 1040 1034 1124 
3 1125 1115 1126 
3 965 867 980 
3 1115 1127 1116 
3 1127 285 1116 
3 1128 890 992 
3 1129 1099 1128 
3 1129 1130 1131 
3 974 1102 1104 
3 1132 1129 1133 
3 987 1134 1123 
3 1064 1061 1065 
3 1112 977 1135 
3 1136 1067 1137 
3 1070 942 1071 
3 975 1108 1138 
3 1129 1131 1133 
3 1099 1129 1139 
3 1140 1141 1142 
3 1055 1143 1056 
3 1144 1145 1109 
3 1005 938 1146 
3 938 885 1000 
3 770 878 886 
3 1055 1147 1143 
3 1148 1149 1150 
3 1151 998 1152 
3 1105 974 1106 
3 1119 340 82 
3 83 208 84 
3 83 319 457 
3 338 538 321 
3 334 345 348 
3 347 334 348 
3 345 334 344 
3 334 333 344 
3 468 339 340 
3 1119 468 340 
3 331 317 332 
3 317 200 332 
3 351 334 347 
3 459 341 458 
3 319 339 342 
3 337 199 338 
3 199 538 338 
3 326 308 158 
3 1153 1154 1155 
3 996 994 1156 
3 852 857 859 
3 1157 1059 1060 
3 1059 1151 1158 
3 1159 1160 1157 
3 330 326 158 
3 163 172 325 
3 318 163 325 
3 317 327 328 
3 166 317 328 
3 1011 1161 1162 
3 323 449 324 
3 449 326 324 
3 163 166 167 
3 164 163 167 
3 166 163 318 
3 317 166 318 
3 1163 1164 1165 
3 1005 1163 1165 
3 1166 1164 1167 
3 994 1109 1156 
3 1149 1168 1161 
3 1161 1168 1169 
3 772 651 771 
3 1008 1011 1162 
3 1166 1024 1170 
3 1171 1018 1024 
3 1172 1078 1173 
3 1174 1040 1175 
3 1171 1024 1176 
3 1177 1168 1148 
3 1149 1019 1178 
3 1168 1179 1169 
3 1018 1171 1180 
3 1171 1181 1180 
3 1182 1034 1183 
3 1175 1040 1124 
3 1035 918 1036 
3 1171 1184 1181 
3 1185 1186 1187 
3 1026 1043 1188 
3 1103 1189 1190 
3 1191 1192 1193 
3 1026 923 1044 
3 1194 1186 1185 
3 1195 1196 1197 
3 1198 1051 1199 
3 1198 1200 1201 
3 1202 1203 1204 
3 1057 1205 1206 
3 1207 1208 1192 
3 1083 1080 1209 
3 1064 1063 1210 
3 1064 1210 1211 
3 1212 283 1213 
3 1214 1198 1201 
3 1047 1057 1048 
3 1061 1064 1215 
3 1205 1216 1217 
3 1086 1216 1218 
3 1219 1220 1221 
3 1222 1202 1204 
3 1223 1224 1225 
3 1141 1226 1227 
3 1228 1220 1229 
3 1080 1230 1231 
3 923 922 1046 
3 1208 1232 1192 
3 1219 1233 1234 
3 1069 1219 1235 
3 1063 1051 1210 
3 1236 1237 1238 
3 1091 1236 1095 
3 1239 1028 1240 
3 1239 1240 1241 
3 1226 1098 1242 
3 1226 1241 1227 
3 1243 1083 1209 
3 1091 1219 1234 
3 1226 1244 1245 
3 1246 1247 1248 
3 1226 1249 1244 
3 1083 1217 1084 
3 1057 1086 1218 
3 1250 1083 1243 
3 1236 1238 1095 
3 1028 1238 1240 
3 1241 1226 1242 
3 1251 1247 1252 
3 1253 1182 1254 
3 1247 1246 1255 
3 1256 1246 1248 
3 1255 991 1054 
3 1107 1189 1257 
3 1166 1196 1258 
3 1189 1259 1190 
3 1212 1107 1260 
3 1261 1237 1262 
3 1172 1189 1263 
3 1264 283 285 
3 1265 1212 1213 
3 1266 1127 1267 
3 1268 1266 1269 
3 1268 1264 1270 
3 1099 1224 1100 
3 1224 1271 1225 
3 890 1100 1125 
3 1068 1067 1136 
3 1067 1272 1137 
3 1273 1272 1274 
3 1275 1276 1277 
3 1264 1127 1270 
3 1278 1066 1279 
3 1154 1153 1280 
3 1098 1226 1245 
3 1214 1064 1211 
3 1099 1281 1282 
3 1160 1283 1284 
3 1285 1271 1286 
3 1281 1132 1287 
3 1247 1053 1252 
3 1272 1273 1144 
3 1288 1289 1290 
3 1145 1144 1291 
3 1289 1154 1280 
3 1177 1186 1194 
3 1288 1273 1292 
3 1278 1288 1292 
3 1219 1091 1235 
3 1293 1294 1295 
3 1296 1132 1147 
3 1297 1298 1299 
3 1147 1055 1300 
3 1296 1298 1301 
3 1302 1281 1287 
3 1298 1275 1303 
3 157 166 330 
3 166 322 330 
3 306 442 307 
3 442 274 307 
3 1160 1297 1304 
3 279 313 306 
3 1305 1306 1307 
3 322 326 330 
3 279 435 313 
3 435 311 313 
3 155 308 417 
3 310 346 414 
3 449 314 303 
3 974 973 1093 
3 1138 974 1093 
3 1019 1308 1309 
3 1308 1027 1309 
3 45 560 778 
3 47 45 778 
3 718 637 1310 
3 640 718 1310 
3 817 805 806 
3 800 817 806 
3 43 564 565 
3 44 43 565 
3 564 43 652 
3 43 769 652 
3 1311 1312 1313 
3 1314 1311 1313 
3 1315 1316 1317 
3 1316 1318 1317 
3 1308 914 1319 
3 1027 1308 1319 
3 628 665 1320 
3 1289 1321 1322 
3 1154 1323 1324 
3 665 732 1320 
3 1325 1326 1327 
3 1328 1329 1330 
3 1326 1331 1327 
3 394 237 1332 
3 190 394 1332 
3 1333 1004 1334 
3 1107 1113 1260 
3 1283 1335 1284 
3 1336 1333 1334 
3 198 178 539 
3 178 177 539 
3 1337 1023 1338 
3 1283 1160 1159 
3 1339 1337 1338 
3 1160 1059 1157 
3 810 685 814 
3 811 810 814 
3 1091 1095 1030 
3 1029 1091 1030 
3 548 546 728 
3 546 549 728 
3 900 1340 901 
3 1340 254 901 
3 727 726 570 
3 569 727 570 
3 45 44 561 
3 560 45 561 
3 80 552 550 
3 552 548 550 
3 268 264 269 
3 264 262 269 
3 934 1341 1342 
3 1341 1343 1342 
3 1021 1023 1344 
3 1345 1021 1344 
3 1191 1043 1049 
3 1048 1191 1049 
3 1192 1232 1193 
3 1232 1043 1193 
3 1346 1347 1348 
3 1349 1346 1348 
3 1350 1004 1351 
3 1352 1350 1351 
3 914 812 1353 
3 812 924 1353 
3 1354 1355 226 
3 225 1354 226 
3 202 223 1356 
3 224 1195 1197 
3 1196 1195 1258 
3 1059 1160 1304 
3 1102 1107 1257 
3 1088 1283 1357 
3 1358 1233 1359 
3 1089 1179 1360 
3 230 202 1356 
3 178 198 1361 
3 204 178 1361 
3 1362 1164 1363 
3 1012 1362 1363 
3 1011 1014 1364 
3 1161 1011 1364 
3 1365 1366 1367 
3 1366 1347 1367 
3 1019 1031 1178 
3 1031 1150 1178 
3 401 305 400 
3 399 401 400 
3 1077 1079 1368 
3 951 1077 1368 
3 1369 1370 1371 
3 1326 1369 1371 
3 1024 1015 1170 
3 1015 1164 1170 
3 1195 1372 1373 
3 1306 1305 1184 
3 1374 1243 1209 
3 1018 1182 1183 
3 1080 1374 1209 
3 1182 1175 1124 
3 1034 1182 1124 
3 1172 1212 1375 
3 1376 1377 1378 
3 1306 1372 1379 
3 891 890 1126 
3 890 1125 1126 
3 1035 1034 1042 
3 1376 1177 1194 
3 1041 1035 1042 
3 1281 1302 1282 
3 1084 1075 1085 
3 1075 1080 1085 
3 1024 1018 1025 
3 1018 1016 1025 
3 1380 992 892 
3 891 1380 892 
3 254 1340 839 
3 1340 838 839 
3 808 800 243 
3 242 808 243 
3 546 543 763 
3 455 546 763 
3 544 504 545 
3 504 715 545 
3 447 524 526 
3 715 447 526 
3 614 616 682 
3 617 614 682 
3 220 222 780 
3 779 220 780 
3 315 48 556 
3 555 315 556 
3 123 459 211 
3 459 210 211 
3 214 534 536 
3 534 180 536 
3 154 160 354 
3 164 154 354 
3 346 348 352 
3 155 346 352 
3 346 155 417 
3 414 346 417 
3 442 398 358 
3 1306 1381 1307 
3 1382 1253 1254 
3 305 442 358 
3 1119 208 356 
3 1199 1051 1041 
3 355 1119 356 
3 208 1119 84 
3 1329 1208 1383 
3 1329 1384 1330 
3 1179 1168 1360 
3 1119 82 84 
3 85 53 55 
3 50 85 55 
3 1208 1329 1385 
3 1386 1387 1388 
3 57 85 58 
3 85 50 58 
3 1389 1316 1336 
3 1350 1389 1336 
3 1333 1315 1390 
3 232 1333 1390 
3 1077 1391 1173 
3 1391 1172 1173 
3 1392 1325 1393 
3 1394 1392 1393 
3 1395 1396 1339 
3 1396 1337 1339 
3 1397 1398 1399 
3 1400 1397 1399 
3 1316 1401 1318 
3 1401 1370 1318 
3 1402 1403 1404 
3 1405 1402 1404 
3 1253 1406 1174 
3 1382 1407 1408 
3 1057 1206 1048 
3 1409 1200 1410 
3 1289 1288 1411 
3 1387 1412 1400 
3 1412 1406 1413 
3 1414 1412 1413 
3 1400 1412 1414 
3 1415 1208 1207 
3 1416 1329 1383 
3 1220 1228 1221 
3 1203 1202 1417 
3 1163 1154 1324 
3 1415 1418 1419 
3 1283 1179 1357 
3 1418 1346 1419 
3 1370 1369 1318 
3 1420 1391 1403 
3 1421 1402 1422 
3 1402 1405 1422 
3 1172 1391 1420 
3 1189 1172 1420 
3 1423 1372 1424 
3 1345 1423 1424 
3 793 1425 1426 
3 794 793 1426 
3 1427 1366 1428 
3 1429 1427 1428 
3 291 1021 1430 
3 225 291 1430 
3 1431 1432 1433 
3 1261 1431 1433 
3 1434 1423 1435 
3 1423 1337 1435 
3 1436 1431 1437 
3 1431 1358 1437 
3 1438 1398 1439 
3 1387 1214 1440 
3 1129 1132 1139 
3 1387 1386 1228 
3 1387 1438 1388 
3 1441 1442 1443 
3 1294 1293 1444 
3 1445 1358 1359 
3 1154 1289 1322 
3 1431 1261 1262 
3 1202 1418 1417 
3 1446 1140 1142 
3 1447 1195 1373 
3 1140 1427 1448 
3 1285 1293 1295 
3 1202 1222 1449 
3 1298 1297 1450 
3 1442 1441 1250 
3 1451 1441 1443 
3 1164 1166 1170 
3 1346 1418 1452 
3 224 1323 1453 
3 1454 1438 1439 
3 1416 1455 1456 
3 1329 1416 1456 
3 1457 1458 1459 
3 232 1457 1459 
3 1452 1451 1365 
3 1451 1366 1365 
3 1347 1389 1460 
3 1389 1350 1460 
3 1461 1462 1463 
3 1350 1461 1463 
3 1381 1464 1465 
3 1382 1381 1465 
3 1455 1416 1349 
3 1416 1419 1349 
3 1466 1467 1468 
3 1394 1466 1468 
3 1366 1469 1470 
3 1316 1366 1470 
3 1381 1379 1434 
3 1464 1381 1434 
3 1401 1316 1470 
3 1381 1306 1379 
3 1377 1089 1378 
3 1089 1177 1378 
3 302 449 303 
3 273 304 280 
3 274 273 280 
3 294 264 268 
3 548 81 550 
3 301 350 310 
3 350 346 310 
3 296 295 304 
3 435 279 427 
3 1454 1233 1471 
3 1195 224 1355 
3 308 326 309 
3 1366 1316 1472 
3 1347 1366 1472 
3 1350 1455 1460 
3 1461 1473 1462 
3 1023 1022 1474 
3 1022 1394 1474 
3 1233 1358 1475 
3 1461 1377 1473 
3 1377 1376 1473 
3 1476 1477 1478 
3 1479 1476 1478 
3 1427 1480 1469 
3 1366 1427 1469 
3 1427 1140 1480 
3 1261 1141 1481 
3 1482 1483 1484 
3 1421 1485 1486 
3 1483 794 1484 
3 793 1394 1425 
3 1354 1345 1424 
3 1316 1389 1472 
3 1149 1161 1364 
3 1140 1487 1249 
3 1461 1350 1352 
3 1488 1461 1352 
3 1479 1483 1482 
3 1140 1446 1480 
3 1436 1395 1331 
3 1489 1436 1331 
3 1023 1337 1344 
3 1487 1429 1490 
3 1354 1021 1345 
3 292 1312 1491 
3 794 292 1491 
3 1333 232 1492 
3 1004 1333 1492 
3 1493 1494 1495 
3 1494 794 1495 
3 1090 1377 1496 
3 1377 1461 1496 
3 1089 1377 1090 
3 1216 1086 1087 
3 1075 1216 1087 
3 326 449 309 
3 442 305 282 
3 274 442 282 
3 401 228 416 
3 305 401 416 
3 449 302 309 
3 228 281 416 
3 249 258 287 
3 250 249 287 
3 286 288 290 
3 250 286 290 
3 264 294 296 
3 273 264 296 
3 789 734 1497 
3 1498 790 1497 
3 734 1498 1497 
3 790 789 1497 
3 790 1498 1499 
3 896 753 1499 
3 1498 896 1499 
3 753 790 1499 
3 792 790 1500 
3 753 662 1500 
3 790 753 1500 
3 662 792 1500 
3 961 844 1501 
3 782 958 1501 
3 958 961 1501 
3 844 782 1501 
3 232 1466 1502 
3 1503 1457 1502 
3 1457 232 1502 
3 1466 1503 1502 
3 1466 1394 1504 
3 793 1503 1504 
3 1503 1466 1504 
3 1394 793 1504 
3 1370 1401 1505 
3 1401 1446 1505 
3 952 951 1368 
3 225 1506 1314 
3 1506 1311 1314 
3 1429 1442 1490 
3 1442 1374 1490 
3 1384 1329 1456 
3 1457 1479 1458 
3 1467 1466 234 
3 1466 232 234 
3 1507 1392 1467 
3 1419 1346 1349 
3 1076 946 1082 
3 946 945 1082 
3 1230 1080 1081 
3 945 1230 1081 
3 1508 1509 1510 
3 1079 1508 1510 
3 949 946 1076 
3 1311 1511 1486 
3 1511 1421 1486 
3 1237 1261 1481 
3 1512 1237 1481 
3 1513 1514 1515 
3 1514 674 1515 
3 1436 1489 1516 
3 1431 1436 1516 
3 1370 1489 1371 
3 1395 1325 1327 
3 1358 1237 1475 
3 1237 1236 1475 
3 1517 1479 1518 
3 675 1517 1518 
3 1354 1372 1355 
3 1372 1195 1355 
3 1386 1454 1471 
3 1219 1386 1471 
3 1519 1311 1520 
3 1405 1519 1520 
3 1395 1436 1521 
3 1436 1445 1521 
3 1432 1489 1370 
3 224 1506 225 
3 1522 674 1523 
3 1509 1522 1523 
3 111 104 1524 
3 103 1 1524 
3 104 103 1524 
3 1 111 1524 
3 729 823 1525 
3 864 730 1525 
3 823 864 1525 
3 730 729 1525 
3 888 781 1526 
3 775 893 1526 
3 893 888 1526 
3 781 775 1526 
3 730 864 1527 
3 852 740 1527 
3 864 852 1527 
3 740 730 1527 
3 113 730 1528 
3 740 630 1528 
3 730 740 1528 
3 630 113 1528 
3 1347 1346 1367 
3 975 1138 1093 
3 1149 733 1019 
3 922 928 1045 
3 1002 1004 1492 
3 951 1494 1493 
3 1519 1405 1493 
3 1405 951 1493 
3 860 975 973 
3 974 857 973 
3 871 873 879 
3 297 295 294 
3 289 250 290 
3 228 401 397 
3 401 391 397 
3 401 410 391 
3 410 278 391 
3 390 228 397 
3 410 276 278 
3 274 281 275 
3 281 228 275 
3 272 271 270 
3 116 272 270 
3 951 1405 1529 
3 1077 951 1529 
3 1079 952 1368 
3 1002 232 1459 
3 1441 1451 1452 
3 1256 1402 1530 
3 1278 1256 1530 
3 1513 1531 1532 
3 1531 1088 1532 
3 1003 1514 1513 
3 1141 1512 1481 
3 1395 1398 1533 
3 1398 1534 1533 
3 1397 1414 1535 
3 1464 1397 1535 
3 1396 1534 1536 
3 1337 1396 1536 
3 1398 1397 1534 
3 1397 1464 1534 
3 1321 1506 1453 
3 1323 1321 1453 
3 1429 1451 1443 
3 1442 1429 1443 
3 1407 1414 1413 
3 1406 1407 1413 
3 1534 1396 1533 
3 1397 1400 1414 
3 1311 1506 1537 
3 1506 1321 1537 
3 1402 1256 1538 
3 1256 1251 1538 
3 1511 1539 1421 
3 1539 1402 1421 
3 674 1522 1540 
3 1522 1444 1540 
3 1531 674 1277 
3 1276 1531 1277 
3 1272 1067 1274 
3 1067 1066 1274 
3 1335 1275 1450 
3 1297 1335 1450 
3 1222 1441 1449 
3 1441 1418 1449 
3 1511 1321 1411 
3 1321 1289 1411 
3 1200 1406 1410 
3 1406 1412 1410 
3 1278 1539 1541 
3 1539 1511 1541 
3 1542 1531 1276 
3 263 262 261 
3 112 263 261 
3 258 249 259 
3 249 394 259 
3 1150 1149 1178 
3 250 263 251 
3 263 394 251 
3 1101 255 257 
3 394 1101 257 
3 1259 1402 1538 
3 1321 1511 1537 
3 1031 1026 1188 
3 1418 1441 1452 
3 1402 1259 1403 
3 1405 1485 1422 
3 1391 1405 1404 
3 394 249 251 
3 1101 383 255 
3 1101 484 383 
3 1078 1172 1375 
3 484 385 383 
3 246 217 245 
3 1508 1078 1543 
3 1078 1077 1173 
3 217 116 245 
3 228 390 229 
3 1268 1294 1544 
3 390 230 229 
3 1545 1268 1544 
3 1078 1375 1543 
3 272 116 239 
3 238 272 239 
3 112 260 266 
3 1294 1268 1269 
3 260 238 266 
3 267 272 238 
3 1232 1208 1385 
3 1253 1382 1408 
3 674 1275 1277 
3 1088 1531 1542 
3 1283 1088 1542 
3 1275 1293 1303 
3 1293 1301 1303 
3 1294 1271 1295 
3 1271 1285 1295 
3 1427 1429 1448 
3 1301 1293 1285 
3 1429 1487 1448 
3 1301 1298 1303 
3 1508 1544 1546 
3 1509 1508 1546 
3 1398 1438 1399 
3 1438 1387 1400 
3 1407 1406 1408 
3 1406 1253 1408 
3 1487 1140 1448 
3 1508 1545 1544 
3 1508 1265 1545 
3 1265 1264 1545 
3 1522 1509 1547 
3 1444 1522 1547 
3 1275 674 1540 
3 1509 1294 1547 
3 1438 1454 1388 
3 1454 1386 1388 
3 1329 1328 1385 
3 1328 1232 1385 
3 1271 1294 1269 
3 1266 1271 1269 
3 1223 1266 1267 
3 1115 1223 1267 
3 1143 1548 1056 
3 1548 998 1056 
3 1147 1132 1143 
3 1132 1548 1143 
3 1375 1265 1543 
3 1265 1508 1543 
3 1127 1115 1267 
3 1212 1265 1375 
3 1372 1306 1373 
3 1306 1447 1373 
3 1066 1246 1279 
3 1261 1446 1142 
3 1141 1261 1142 
3 1288 1278 1541 
3 1288 1511 1411 
3 1281 1099 1139 
3 1132 1281 1139 
3 1418 1202 1449 
3 1214 1409 1440 
3 1409 1412 1440 
3 1485 1311 1486 
3 1251 1259 1538 
3 1485 1421 1422 
3 1403 1391 1404 
3 1405 1391 1529 
3 1078 1508 1079 
3 1509 952 1510 
3 952 1079 1510 
3 1293 1275 1444 
3 1264 1268 1545 
3 1544 1294 1546 
3 1335 1283 1542 
3 1294 1444 1547 
3 116 108 239 
3 1101 394 190 
3 189 1101 190 
3 188 180 189 
3 237 188 1332 
3 1275 1298 1450 
3 237 263 236 
3 1066 1273 1274 
3 263 112 236 
3 112 111 175 
3 111 173 175 
3 162 171 219 
3 165 162 219 
3 107 106 240 
3 106 218 240 
3 106 116 218 
3 196 107 240 
3 185 174 173 
3 1416 1415 1419 
3 1177 1089 1360 
3 1168 1177 1360 
3 1384 1376 1330 
3 1376 1328 1330 
3 1323 1196 1324 
3 1196 1163 1324 
3 1415 1203 1417 
3 1418 1415 1417 
3 1358 1431 1262 
3 1237 1358 1262 
3 283 1212 1260 
3 1113 283 1260 
3 1321 1323 1322 
3 1323 1154 1322 
3 1454 1445 1359 
3 1233 1454 1359 
3 1089 1088 1357 
3 1179 1089 1357 
3 1415 1416 1383 
3 1511 1311 1537 
3 1506 224 1453 
3 1208 1415 1383 
3 1381 1382 1307 
3 1407 1464 1535 
3 1382 1305 1307 
3 1297 1549 1304 
3 1549 1059 1304 
3 1195 1447 1258 
3 948 949 1076 
3 1485 1405 1520 
3 673 1509 1523 
3 1335 1542 1276 
3 1444 1275 1540 
3 1259 1420 1403 
3 1511 1288 1541 
3 1275 1335 1276 
3 1 185 173 
3 368 205 207 
3 178 368 207 
3 208 176 209 
3 176 178 209 
3 203 368 204 
3 368 178 204 
3 202 230 203 
3 277 231 380 
3 198 202 1361 
3 198 170 197 
3 170 107 197 
3 107 170 191 
3 170 169 191 
3 1355 224 226 
3 924 923 1353 
3 1 103 195 
3 103 184 195 
3 673 675 1518 
3 103 107 184 
3 153 1 195 
3 1447 1166 1258 
3 1445 1398 1521 
3 1312 291 1313 
3 1021 1354 1430 
3 1488 1513 1532 
3 674 1531 1515 
3 1488 1003 1513 
3 1488 1088 1090 
3 1461 1488 1496 
3 1259 1189 1420 
3 1372 1423 1379 
3 1446 1261 1433 
3 1189 1103 1257 
3 1337 1423 1345 
3 1488 1090 1496 
3 1004 1003 1351 
3 1103 1102 1257 
3 1323 224 1197 
3 1196 1323 1197 
3 1034 1040 1042 
3 1384 1455 1462 
3 1040 1199 1041 
3 1305 1382 1254 
3 1182 1305 1254 
3 1103 1251 1252 
3 1053 1103 1252 
3 1132 1296 1287 
3 1296 1302 1287 
3 1298 1296 1299 
3 1296 1549 1299 
3 1239 1241 1242 
3 1098 1239 1242 
3 1335 1297 1284 
3 1297 1160 1284 
3 1271 1266 1225 
3 1266 1223 1225 
3 1238 1028 1095 
3 683 811 814 
3 1302 1285 1286 
3 1224 1302 1286 
3 1302 1301 1285 
3 1271 1224 1286 
3 1302 1296 1301 
3 1259 1251 1190 
3 1251 1103 1190 
3 1442 1250 1243 
3 1374 1442 1243 
3 1441 1222 1250 
3 1222 1083 1250 
3 1043 1232 1188 
3 1232 1031 1188 
3 1379 1423 1434 
3 1464 1407 1465 
3 1066 1278 1292 
3 1273 1066 1292 
3 1455 1350 1463 
3 1217 1216 1084 
3 1216 1075 1084 
3 1396 1395 1533 
3 1464 1434 1435 
3 1534 1464 1536 
3 1023 1550 1338 
3 1004 1350 1334 
3 1389 1347 1472 
3 1347 1455 1348 
3 1462 1455 1463 
3 1455 1347 1460 
3 1455 1384 1456 
3 1445 1454 1439 
3 1414 1407 1535 
3 1464 1337 1536 
3 1294 1509 1546 
3 1224 1099 1282 
3 1302 1224 1282 
3 1232 1185 1187 
3 1031 1232 1187 
3 1328 1194 1185 
3 1398 1395 1521 
3 1539 1278 1530 
3 1489 1432 1516 
3 1326 1489 1331 
3 1432 1370 1505 
3 948 1075 1087 
3 1369 1315 1317 
3 1446 1432 1505 
3 1022 292 1425 
3 1346 1365 1367 
3 1480 1401 1469 
3 1177 1376 1378 
3 1469 1401 1470 
3 1412 1387 1440 
3 1232 1328 1185 
3 1407 1382 1465 
3 1328 1376 1194 
3 1346 1452 1365 
3 1398 1445 1439 
3 1358 1445 1437 
3 1445 1436 1437 
3 1337 1464 1435 
3 1186 1031 1187 
3 1273 1288 1290 
3 1551 1273 1290 
3 1210 1198 1211 
3 1198 1214 1211 
3 1266 1268 1270 
3 1127 1266 1270 
3 1432 1446 1433 
3 1251 1256 1248 
3 1354 225 1430 
3 1247 1251 1248 
3 1098 1374 1231 
3 1374 1080 1231 
3 1070 1069 1235 
3 1091 1070 1235 
3 1256 1278 1279 
3 1246 1256 1279 
3 1412 1409 1410 
3 1446 1401 1480 
3 1402 1539 1530 
3 1392 1394 1468 
3 1244 1374 1245 
3 1374 1098 1245 
3 1249 1487 1244 
3 1487 1374 1244 
3 1141 1140 1249 
3 1226 1141 1249 
3 1366 1451 1428 
3 1264 1265 1213 
3 292 794 1426 
3 283 1264 1213 
3 1289 1551 1290 
3 1051 1198 1210 
3 1233 1236 1234 
3 1236 1091 1234 
3 1230 1098 1231 
3 945 1075 1082 
3 1551 1289 1280 
3 1153 1551 1280 
3 1212 1172 1263 
3 1107 1212 1263 
3 1241 1512 1227 
3 1512 1141 1227 
3 1220 1061 1215 
3 1229 1220 1215 
3 1191 1207 1192 
3 1386 1219 1221 
3 1228 1386 1221 
3 1203 1415 1207 
3 1191 1203 1207 
3 1240 1512 1241 
3 1189 1107 1263 
3 1238 1512 1240 
3 1064 1229 1215 
3 1237 1512 1238 
3 1549 1297 1299 
3 1205 1222 1204 
3 1203 1205 1204 
3 1043 1047 1049 
3 1206 1191 1048 
3 1024 1166 1176 
3 1166 1447 1176 
3 1214 1228 1229 
3 1064 1214 1229 
3 1214 1387 1228 
3 1447 1171 1176 
3 1216 1205 1218 
3 1205 1057 1218 
3 1083 1222 1217 
3 1222 1205 1217 
3 1205 1203 1206 
3 1203 1191 1206 
3 1409 1214 1201 
3 1200 1409 1201 
3 1182 1253 1175 
3 1253 1174 1175 
3 1080 1083 1085 
3 1489 1326 1371 
3 1406 1200 1174 
3 1200 1040 1174 
3 1200 1198 1199 
3 1040 1200 1199 
3 909 918 911 
3 918 808 911 
3 808 799 911 
3 1034 1552 1183 
3 1552 1018 1183 
3 1181 1182 1180 
3 1182 1018 1180 
3 1184 1305 1181 
3 1305 1182 1181 
3 1447 1306 1184 
3 1171 1447 1184 
3 1031 1186 1150 
3 1186 1148 1150 
3 1151 1553 1158 
3 1553 1008 1158 
3 1554 1157 1060 
3 1008 1554 1060 
3 1554 1159 1157 
3 1008 1059 1158 
3 1179 1283 1159 
3 1554 1179 1159 
3 1554 1161 1169 
3 1179 1554 1169 
3 1186 1177 1148 
3 666 665 628 
3 923 1027 1319 
3 98 97 628 
3 1318 1369 1317 
3 1003 1352 1351 
3 768 765 882 
3 912 812 914 
3 941 1062 1072 
3 942 941 1072 
3 1061 1069 1071 
3 942 1061 1071 
3 1555 1136 1137 
3 1272 1555 1137 
3 1134 1068 1136 
3 1555 1134 1136 
3 1134 1246 1068 
3 1246 1066 1068 
3 936 1063 1065 
3 1061 936 1065 
3 1164 1163 1167 
3 1163 1196 1167 
3 941 937 1062 
3 1168 1149 1148 
3 979 284 1135 
3 284 1112 1135 
3 1145 996 1156 
3 1109 1145 1156 
3 1161 1554 1162 
3 1554 1008 1162 
3 1014 1149 1364 
3 1047 854 1058 
3 854 1086 1058 
3 1164 1362 1165 
3 1362 1005 1165 
3 202 204 1361 
3 1086 1057 1058 
3 1555 1272 1110 
3 1272 1109 1110 
3 1272 1144 1109 
3 994 1555 1110 
3 1153 1005 1146 
3 999 1153 1146 
3 858 739 859 
3 739 852 859 
3 1154 1163 1155 
3 1163 1005 1155 
3 1053 968 1106 
3 974 1053 1106 
3 1059 1549 1300 
3 1549 1147 1300 
3 1549 1296 1147 
3 1055 1059 1300 
3 948 1086 856 
3 1086 854 856 
3 852 739 853 
3 1311 1485 1520 
3 1391 1077 1529 
3 1494 951 953 
3 952 1476 953 
3 1075 945 1081 
3 1476 1494 953 
3 674 673 1523 
3 739 741 853 
3 885 658 886 
3 658 770 886 
3 1551 1153 1291 
3 1144 1551 1291 
3 1273 1551 1144 
3 1153 1145 1291 
3 1102 974 1138 
3 1108 1102 1138 
3 1548 1132 1133 
3 1131 1548 1133 
3 989 1548 1131 
3 1130 989 1131 
3 1223 1115 1125 
3 1100 1223 1125 
3 1224 1223 1100 
3 1115 891 1126 
3 1098 1230 1074 
3 1230 945 1074 
3 1233 1219 1471 
3 1130 1128 992 
3 1380 1130 992 
3 291 225 1314 
3 1103 1053 1104 
3 1053 974 1104 
3 1130 1129 1128 
3 963 1096 1097 
3 794 1519 1495 
3 961 963 1097 
3 171 162 169 
3 1519 1493 1495 
3 1519 794 1491 
3 1555 1122 1123 
3 1134 1555 1123 
3 1312 1519 1491 
3 1555 994 1122 
3 967 961 1097 
3 1112 284 1114 
3 284 283 1114 
3 984 987 1122 
3 1476 1479 1482 
3 1494 1482 1484 
3 1113 1111 1112 
3 977 979 1135 
3 1113 1108 1111 
3 673 1479 1478 
3 1113 1107 1108 
3 1477 673 1478 
3 1003 1488 1352 
3 1479 673 1518 
3 1236 1233 1475 
3 674 1514 675 
3 1531 1513 1515 
3 1514 1517 675 
3 810 796 685 
3 1550 1339 1338 
3 220 18 686 
3 670 683 685 
3 857 851 858 
3 938 999 1146 
3 851 736 858 
3 736 739 858 
3 1005 1362 1006 
3 1362 1556 1006 
3 894 1005 1006 
3 1196 1166 1167 
3 654 671 677 
3 10 670 676 
3 654 22 676 
3 22 10 676 
3 534 185 187 
3 153 149 2 
3 151 534 187 
3 0 151 187 
3 975 977 1111 
3 1091 1092 1073 
3 1092 942 1073 
3 394 263 237 
3 235 1101 189 
3 1331 1395 1327 
3 174 188 237 
3 1037 919 1038 
3 919 918 1038 
3 979 977 978 
3 832 979 978 
3 977 822 978 
3 998 1340 1152 
3 942 1092 956 
3 983 984 986 
3 1341 942 956 
3 837 1341 956 
3 1343 11 716 
3 696 709 712 
3 596 1343 716 
3 1557 596 716 
3 651 772 564 
3 831 807 818 
3 559 44 565 
3 1558 919 1037 
3 1120 987 1121 
3 987 969 1121 
3 1134 987 1120 
3 1255 1134 1120 
3 965 891 1118 
3 979 965 1118 
3 1552 1034 1036 
3 918 1552 1036 
3 1051 1035 1041 
3 1115 979 1118 
3 1039 1035 1052 
3 1063 1039 1052 
3 1053 1247 1054 
3 1247 1255 1054 
3 1246 1134 1255 
3 1039 1558 1037 
3 1063 936 1050 
3 1039 1063 1050 
3 1021 291 293 
3 1451 1429 1428 
3 1116 284 1117 
3 284 979 1117 
3 292 1022 293 
3 1425 292 1426 
3 1022 1021 293 
3 1394 1022 1425 
3 1483 1503 795 
3 794 1483 795 
3 1503 793 795 
3 1517 1002 1458 
3 1479 1457 1559 
3 1483 1479 1559 
3 1457 1503 1559 
3 1002 1517 1560 
3 1374 1487 1490 
3 1514 1003 1560 
3 1088 1488 1532 
3 1003 1002 1560 
3 285 284 1116 
3 916 1039 1050 
3 1127 1264 285 
3 979 1115 1117 
3 1092 1029 1033 
3 954 1092 1033 
3 1031 1019 1309 
3 914 923 1319 
3 1045 1047 1046 
3 1047 923 1046 
3 1220 1219 1069 
3 1061 1220 1069 
3 1018 1552 1020 
3 1552 918 1020 
3 1047 1043 1044 
3 923 1047 1044 
3 1337 1345 1344 
3 854 1047 1045 
3 928 854 1045 
3 1308 1019 735 
3 734 1308 735 
3 1517 1514 1560 
3 1343 829 1342 
3 1016 909 1017 
3 1473 1384 1462 
3 909 887 1017 
3 904 1009 1010 
3 896 904 1010 
3 794 1494 1484 
3 1394 1550 1474 
3 1008 1553 900 
3 177 170 539 
3 1550 1023 1474 
3 1553 1340 900 
3 881 1340 1007 
3 1467 1392 1468 
3 1503 1483 1559 
3 1458 1002 1459 
3 233 1467 234 
3 723 12 840 
3 180 188 536 
3 232 1002 1492 
3 1455 1349 1348 
3 1043 1191 1193 
3 188 190 1332 
3 118 117 669 
3 35 653 660 
3 567 31 660 
3 31 35 660 
3 1561 773 664 
3 560 559 572 
3 773 28 664 
3 28 567 664 
3 1239 1098 1096 
3 1098 967 1096 
3 963 1239 1096 
3 1099 890 1128 
3 581 683 688 
3 615 614 713 
3 594 1557 713 
3 614 594 713 
3 724 593 595 
3 540 542 626 
3 97 100 626 
3 100 540 626 
3 292 291 1312 
3 1372 1354 1424 
3 769 651 652 
3 1311 1519 1312 
3 997 881 1007 
3 958 960 964 
3 961 958 964 
3 1340 1553 1152 
3 244 228 246 
3 228 227 246 
3 1553 1151 1152 
3 385 382 383 
3 227 217 246 
3 718 717 637 
3 554 47 778 
3 1059 1055 1151 
3 1055 998 1151 
3 832 978 824 
3 823 832 824 
3 843 844 962 
3 844 961 962 
3 878 880 1001 
3 885 878 1001 
3 1550 1395 1339 
3 1032 960 959 
3 568 620 569 
3 954 1032 959 
3 1032 1094 960 
3 996 885 1001 
3 1005 894 939 
3 894 885 939 
3 1550 1394 1393 
3 996 999 1000 
3 1325 1550 1393 
3 1395 1550 1325 
3 885 996 1000 
3 1145 1153 999 
3 1392 1326 1325 
3 1479 1517 1458 
3 233 1507 1467 
3 1326 1392 1507 
3 732 98 1320 
3 233 1369 1507 
3 233 232 1390 
3 1315 233 1390 
3 1369 233 1315 
3 1369 1326 1507 
3 1333 1316 1315 
3 1316 1333 1336 
3 50 56 58 
3 291 1314 1313 
3 996 1145 999 
3 801 916 937 
3 941 801 937 
3 1006 1556 940 
3 1556 893 940 
3 941 934 935 
3 801 941 935 
3 998 1548 990 
3 1548 989 990 
3 984 983 988 
3 983 969 988 
3 1340 998 1007 
3 884 881 997 
3 996 985 995 
3 985 984 995 
3 985 996 880 
3 879 985 880 
3 1494 1476 1482 
3 1027 1031 1309 
3 873 985 879 
3 973 857 933 
3 857 852 933 
3 922 925 928 
3 925 855 928 
3 915 919 1558 
3 916 915 1558 
3 971 868 972 
3 1432 1431 1516 
3 868 851 972 
3 241 687 242 
3 1039 916 1558 
3 874 868 971 
3 1105 968 970 
3 851 1105 970 
3 1005 1153 1155 
3 983 874 971 
3 1438 1400 1399 
3 981 1380 982 
3 1380 867 982 
3 876 1380 981 
3 877 876 981 
3 985 873 986 
3 873 983 986 
3 956 1092 957 
3 1092 954 957 
3 783 836 955 
3 954 783 955 
3 1380 891 980 
3 867 1380 980 
3 991 1255 1120 
3 598 583 592 
3 552 79 637 
3 1376 1384 1473 
3 1509 673 1477 
3 1476 952 1477 
3 952 1509 1477 
3 196 202 198 
3 227 230 1356 
3 223 227 1356 
3 1350 1336 1334 
3 846 845 848 
3 845 727 848 
3 727 706 848 
3 974 1105 950 
3 1105 851 950 
3 812 926 924 
3 923 914 1353 
3 566 574 1562 
3 574 555 1562 
3 554 566 1562 
3 555 554 1562 
3 1164 1015 1363 
3 1015 1013 1012 
3 1556 1362 1012 
3 888 893 902 
3 989 1130 993 
3 1130 1380 993 
3 929 845 947 
3 845 945 947 
3 883 989 932 
3 989 876 932 
3 930 855 931 
3 855 925 931 
3 1341 934 943 
3 942 1341 943 
3 925 820 931 
3 262 250 269 
3 979 832 966 
3 832 867 966 
3 961 967 927 
3 967 847 927 
3 825 925 926 
3 812 825 926 
3 855 930 949 
3 930 946 949 
3 817 800 921 
3 915 817 921 
3 929 946 944 
3 946 930 944 
3 1380 876 993 
3 866 845 929 
3 801 831 917 
3 831 915 917 
3 800 808 920 
3 808 918 920 
3 911 799 910 
3 799 887 910 
3 875 881 884 
3 869 875 884 
3 881 875 882 
3 875 768 882 
3 914 1308 913 
3 1308 734 913 
3 1015 1012 1363 
3 733 1149 1014 
3 1011 904 1014 
3 904 896 905 
3 654 653 1563 
3 22 654 1563 
3 653 35 1563 
3 35 22 1563 
3 812 912 804 
3 810 812 804 
3 796 810 804 
3 1028 1239 1094 
3 1239 963 1094 
3 1032 1028 1094 
3 1341 837 1564 
3 837 11 1564 
3 1343 1341 1564 
3 11 1343 1564 
3 253 252 1565 
3 1561 253 1565 
3 252 773 1565 
3 773 1561 1565 
3 264 273 267 
3 273 272 267 
3 260 264 267 
3 238 108 266 
3 1013 887 889 
3 897 1013 889 
3 903 1498 907 
3 1498 734 907 
3 785 887 906 
3 788 785 906 
3 798 912 908 
3 912 734 908 
3 1556 897 902 
3 893 1556 902 
3 1556 1012 897 
3 657 659 895 
3 893 657 895 
3 254 253 899 
3 253 896 899 
3 1498 903 905 
3 896 1498 905 
3 1014 904 903 
3 896 253 754 
3 253 752 754 
3 1566 737 738 
3 732 1566 738 
3 1340 881 838 
3 881 765 838 
3 871 878 819 
3 764 871 819 
3 817 915 818 
3 915 831 818 
3 564 772 656 
3 772 118 656 
3 831 815 816 
3 807 831 816 
3 983 873 874 
3 873 871 872 
3 757 873 872 
3 809 825 813 
3 825 812 813 
3 746 869 877 
3 747 746 877 
3 727 845 866 
3 710 727 866 
3 298 300 833 
3 823 298 833 
3 829 692 830 
3 692 815 830 
3 760 875 870 
3 746 760 870 
3 1566 868 834 
3 758 1566 834 
3 930 820 722 
3 708 930 722 
3 745 298 863 
3 298 823 863 
3 747 867 828 
3 827 747 828 
3 925 825 826 
3 820 925 826 
3 864 862 861 
3 852 864 861 
3 822 862 865 
3 823 822 865 
3 822 976 862 
3 827 750 748 
3 750 746 748 
3 751 750 827 
3 702 820 826 
3 718 639 751 
3 299 718 751 
3 844 843 842 
3 621 844 842 
3 848 706 843 
3 711 709 821 
3 702 711 821 
3 805 241 806 
3 954 837 957 
3 783 12 836 
3 815 831 803 
3 802 815 803 
3 798 789 797 
3 789 671 797 
3 804 912 798 
3 799 788 906 
3 788 687 787 
3 687 577 787 
3 242 687 788 
3 253 1561 752 
3 1561 662 752 
3 772 777 776 
3 118 772 776 
3 657 893 777 
3 772 657 777 
3 875 760 768 
3 648 767 766 
3 645 648 766 
3 755 871 764 
3 762 644 743 
3 644 635 743 
3 739 666 741 
3 666 630 741 
3 635 611 756 
3 611 737 756 
3 849 1566 850 
3 1566 665 850 
3 851 868 849 
3 868 1566 849 
3 749 760 761 
3 750 749 761 
3 645 760 759 
3 760 749 759 
3 703 809 811 
3 683 703 811 
3 702 825 809 
3 755 757 872 
3 717 745 744 
3 114 717 744 
3 717 719 745 
3 749 601 759 
3 619 621 622 
3 194 619 622 
3 755 737 758 
3 737 1566 758 
3 723 721 720 
3 12 723 720 
3 703 689 704 
3 689 711 704 
3 727 710 726 
3 254 898 901 
3 709 696 710 
3 568 588 608 
3 588 609 608 
3 569 620 707 
3 620 621 707 
3 596 598 693 
3 598 691 693 
3 689 703 690 
3 703 683 690 
3 598 596 597 
3 724 598 597 
3 621 619 721 
3 619 615 721 
3 711 697 712 
3 697 696 712 
3 1557 716 13 
3 12 1557 13 
3 580 8 688 
3 683 580 688 
3 713 1557 701 
3 1557 12 701 
3 697 711 700 
3 711 689 700 
3 1343 596 835 
3 829 1343 835 
3 829 934 1342 
3 596 692 835 
3 588 568 698 
3 697 588 698 
3 694 705 691 
3 598 694 691 
3 699 815 705 
3 815 692 705 
3 805 680 779 
3 680 220 779 
3 817 807 805 
3 79 640 1310 
3 680 807 695 
3 807 699 695 
3 699 694 27 
3 26 699 27 
3 6 4 686 
3 4 220 686 
3 685 796 684 
3 796 671 684 
3 26 18 681 
3 18 220 681 
3 577 687 679 
3 687 222 679 
3 792 655 677 
3 671 792 677 
3 654 676 672 
3 671 654 672 
3 574 577 578 
3 575 574 578 
3 792 662 655 
3 222 221 679 
3 118 566 572 
3 566 560 572 
3 668 566 669 
3 566 118 669 
3 660 653 661 
3 653 662 661 
3 767 648 774 
3 648 28 774 
3 773 252 767 
3 662 567 661 
3 577 574 668 
3 574 566 668 
3 1561 664 663 
3 662 1561 663 
3 625 75 624 
3 75 98 624 
3 98 75 553 
3 75 131 553 
3 644 762 769 
3 43 644 769 
3 742 770 762 
3 635 755 764 
3 658 651 770 
3 28 648 725 
3 648 647 725 
3 620 568 649 
3 192 620 649 
3 644 43 650 
3 643 644 650 
3 29 28 41 
3 34 29 41 
3 54 43 562 
3 50 54 562 
3 145 600 603 
3 192 145 603 
3 601 749 642 
3 749 638 642 
3 648 646 647 
3 40 28 725 
3 638 90 642 
3 601 59 646 
3 61 59 602 
3 90 61 602 
3 42 50 562 
3 617 193 600 
3 596 1557 613 
3 1557 594 613 
3 594 614 599 
3 614 617 599 
3 641 537 625 
3 537 75 625 
3 737 611 641 
3 623 737 641 
3 636 644 643 
3 43 54 650 
3 617 522 599 
3 72 611 636 
3 114 113 634 
3 113 631 634 
3 72 74 612 
3 74 537 612 
3 697 506 610 
3 588 697 610 
3 639 718 640 
3 637 79 1310 
3 749 750 639 
3 666 628 629 
3 630 666 629 
3 90 638 633 
3 638 79 633 
3 552 114 551 
3 548 552 551 
3 79 78 558 
3 78 101 558 
3 587 588 589 
3 524 587 589 
3 25 694 592 
3 694 598 592 
3 637 717 632 
3 717 114 632 
3 630 542 631 
3 542 547 631 
3 594 125 595 
3 125 724 595 
3 626 542 627 
3 542 630 627 
3 665 1566 732 
3 98 628 1320 
3 124 127 591 
3 598 124 591 
3 125 594 607 
3 530 125 607 
3 141 192 605 
3 609 141 605 
3 588 587 609 
3 587 141 609 
3 3 19 573 
3 19 315 573 
3 535 145 606 
3 145 192 606 
3 486 495 579 
3 10 486 579 
3 124 598 724 
3 125 124 724 
3 689 581 590 
3 506 689 590 
3 525 531 508 
3 507 525 508 
3 544 507 582 
3 507 581 582 
3 15 18 585 
3 25 15 585 
3 25 583 584 
3 15 25 584 
3 127 512 586 
3 512 516 586 
3 580 683 678 
3 10 580 678 
3 220 4 576 
3 4 3 576 

