ply
format ascii 1.0
element vertex 4026
property float32 x
property float32 y
property float32 z
property uchar red
property uchar green
property uchar blue
property uchar alpha
element face 7204
property list uint8 int32 vertex_indices
end_header
0.00423258358821893 -0.0957540380199555 -0.995396020583831 0 216 255 255 
0.00633168227941177 -0.180656236330642 -0.983525912130858 0 216 255 255 
-0.0355124065117043 -0.139363344812557 -0.989604327131351 0 216 255 255 
-0.0693536951785299 -0.183293084256297 -0.980608838357724 0 216 255 255 
-0.083203003657327 -0.0970405055005671 -0.991796543261609 0 216 255 255 
-0.0792360636957313 -0.0802521287872974 0.993620262653518 0 216 255 255 
-0.0672506220273945 -0.163829357901549 0.984193719978105 0 216 255 255 
-0.0312677044571544 -0.121940960768968 0.992044721707329 0 216 255 255 
0.0911996884123958 -0.0982354030790628 -0.990975482241306 0 216 255 255 
0.0890698459187523 -0.00753638237808027 -0.995996864121458 0 216 255 255 
0.13197448223173 -0.0512375007736555 -0.989928003238993 0 216 255 255 
-0.0849439695312617 -0.00504683080870356 -0.996372941425039 0 216 255 255 
-0.126714035183063 -0.0483090382775479 -0.990762225136773 0 216 255 255 
-0.168054315407858 -0.0870355437752987 -0.981927970983069 0 216 255 255 
-0.16989688486203 -0.00407008514287524 -0.985453430406713 0 216 255 255 
-0.0103200791795516 0.987116053726735 -0.15967272240381 0 216 255 255 
-0.0899906437342399 0.9828741938075 -0.160810404470973 0 216 255 255 
-0.0520615290057976 0.991434953470441 -0.119776155922858 0 216 255 255 
0.172550564896762 -0.00906880135478605 -0.984958904095522 0 216 255 255 
0.174124000526446 -0.0897391036825402 -0.980626181290525 0 216 255 255 
-0.088061940129302 0.086889521120534 -0.992318138420603 0 216 255 255 
-0.129233005468391 0.039297140289217 -0.990835284853283 0 216 255 255 
-0.173340007486205 0.0786801579669223 -0.981714140120185 0 216 255 255 
0.172497634505837 0.0712523210699241 -0.982429465632331 0 216 255 255 
0.13091888687602 0.0344538995689781 -0.990794212174955 0 216 255 255 
0.0886084510457366 0.0829186992796007 -0.992609195752216 0 216 255 255 
0.981358107894941 -0.0838309338696652 -0.172941083670798 0 216 255 255 
0.985658482742242 -0.00415366143059091 -0.168701172702326 0 216 255 255 
0.99073475063223 -0.0455395430201264 -0.127948429927594 0 216 255 255 
0.00636207474578301 0.179047898508131 0.983819777933132 0 216 255 255 
0.00739741969772865 0.0944932070188176 0.995498015783798 0 216 255 255 
0.0501894098321351 0.136792103348598 0.98932751929783 0 216 255 255 
-0.279375125439106 -0.278869145234353 0.918793510050772 0 216 255 255 
-0.263139112929543 -0.362882446943825 0.893909458218027 0 216 255 255 
-0.229405123504686 -0.326221265131356 0.917034880533734 0 216 255 255 
-0.2107989646526 -0.244855096574011 -0.946366619442943 0 216 255 255 
-0.232216793879319 -0.155090147728093 -0.96021995862668 0 216 255 255 
-0.177860766952841 -0.205228157828578 -0.962417241182645 0 216 255 255 
-0.142939556002107 -0.164335482915981 -0.975992885375756 0 216 255 255 
-0.124016778169291 -0.254954601350451 -0.958967147659456 0 216 255 255 
-0.116368552789941 -0.315099735510595 0.941897285764699 0 216 255 255 
-0.0332808657142463 -0.321191585341469 0.946429252930324 0 216 255 255 
-0.0777309916890115 -0.277387230057448 0.957608591106205 0 216 255 255 
-0.0355202490620988 -0.259995514598832 -0.964956291578236 0 216 255 255 
-0.965948881193459 0.0574988019321738 0.252263000592057 0 216 255 255 
-0.967399458292092 -0.035291336255923 0.250784339654937 0 216 255 255 
-0.955372632541393 0.0119776005608843 0.295160405417149 0 216 255 255 
0.052689311577853 -0.259450617763526 -0.964318004459496 0 216 255 255 
0.138978358946349 -0.253565213670458 -0.957282454880027 0 216 255 255 
0.0816103029472435 -0.183300036016516 -0.979663636131564 0 216 255 255 
0.152889429069351 -0.164877625570889 -0.974392207109523 0 216 255 255 
-0.320571878707547 -0.148547267440312 -0.935503798132171 0 216 255 255 
-0.293911148836817 -0.230934393898886 -0.927515790936924 0 216 255 255 
-0.337877340705722 -0.0550787204646314 -0.939577143563781 0 216 255 255 
-0.28582560744099 -0.102866969719694 -0.952744510590754 0 216 255 255 
-0.394647238831693 -0.12940264575773 -0.909674932929962 0 216 255 255 
-0.24999166372748 -0.051799912197618 -0.966861368926483 0 216 255 255 
-0.372045811708936 -0.21477325198968 -0.903025118315691 0 216 255 255 
0.244696201179363 0.968290459567446 0.050371991660642 0 216 255 255 
0.164525547833974 0.986347590241703 0.00705417865319074 0 216 255 255 
0.168262403978674 0.982211529330722 0.083356211974337 0 216 255 255 
0.974355715265203 0.152457210136543 0.165492359905868 0 216 255 255 
0.957908492582021 0.240136387108053 0.157307989683791 0 216 255 255 
0.960381775030839 0.188463780450864 0.205300379493486 0 216 255 255 
0.239592224204485 -0.156374417507599 -0.958197566244441 0 216 255 255 
0.325627487477953 -0.150269285115063 -0.933480509925011 0 216 255 255 
0.303166392236429 -0.229159332485106 -0.924973588310868 0 216 255 255 
0.252719249358525 -0.0572749386953016 -0.965842915456886 0 216 255 255 
0.338484862588853 -0.062274040157615 -0.938908898988701 0 216 255 255 
0.39591084245312 -0.131281838288823 -0.90885623892042 0 216 255 255 
0.380131707336809 -0.212966037776911 -0.900080747440596 0 216 255 255 
-0.340243904480524 0.0512887982300215 -0.938937442020249 0 216 255 255 
-0.296025397190465 -0.00254296814746785 -0.955176680517275 0 216 255 255 
-0.392850732679523 0.000637604964719626 -0.919602026789622 0 216 255 255 
-0.25320386271332 0.0454418844022474 -0.96634507766516 0 216 255 255 
-0.908644572329199 -0.116595425687628 -0.400962013339503 0 216 255 255 
-0.937723922636556 -0.0483374142156796 -0.344001909205934 0 216 255 255 
-0.908274412443722 -0.0514661349130513 -0.415197327216969 0 216 255 255 
-0.042591058249918 0.0398367152303246 -0.998298068634488 0 216 255 255 
0.0023373290690459 -0.00616937217286019 -0.999978231201114 0 216 255 255 
0.0468019022522602 -0.0520261133332161 -0.99754842572321 0 216 255 255 
0.938699120830211 -0.339868833124142 0.0577330869137332 0 216 255 255 
0.966184771145156 -0.2522552199494 0.0534252955613033 0 216 255 255 
0.952095657449134 -0.287417488826301 0.104427200551009 0 216 255 255 
0.251722904828978 0.0357015340144004 -0.96714060775385 0 216 255 255 
0.337249927777955 0.0373231643867065 -0.940674995504334 0 216 255 255 
0.39121551656544 -0.0130496819605473 -0.920206563564336 0 216 255 255 
0.456588262146986 -0.0137665162625086 -0.889571595333452 0 216 255 255 
0.462007888882926 -0.0993569498204646 -0.881292735887836 0 216 255 255 
0.409809414360608 -0.0640971981705648 -0.909916362352297 0 216 255 255 
0.0651989722623269 0.882530878082407 -0.465712713329185 0 216 255 255 
-0.00871436058098111 0.885835418281957 -0.463917732528477 0 216 255 255 
0.0320222336761454 0.90253055981645 -0.429433537181031 0 216 255 255 
-0.458985886262912 0.00650174186161534 -0.88841974780895 0 216 255 255 
-0.409771844319921 0.0562219565826885 -0.910453799257056 0 216 255 255 
-0.45568958141831 0.102734962074989 -0.884190320877071 0 216 255 255 
-0.39625885629616 0.119256403755663 -0.910360818100363 0 216 255 255 
-0.333032528892117 0.146786351875387 -0.931419929529674 0 216 255 255 
-0.293062488277695 0.0979006147432138 -0.951067737551415 0 216 255 255 
-0.243061531429093 0.147180746466116 -0.958779894315407 0 216 255 255 
-0.0798736124069118 -0.996764017950139 -0.00903807015287988 0 216 255 255 
-0.0369396909705999 -0.998643061938341 0.036708177904886 0 216 255 255 
-0.081021386524651 -0.993423588718514 0.0809017462391419 0 216 255 255 
0.000645793164997822 0.0833541782461429 -0.996519769941282 0 216 255 255 
-0.0534169555776108 0.99792361372469 -0.0359873106397686 0 216 255 255 
-0.00923276006876774 0.996892994107139 -0.0782246986467708 0 216 255 255 
-0.0990996921430647 0.991941891716979 -0.0789336387244502 0 216 255 255 
0.766424212694361 -0.63922066819918 -0.0631727709453133 0 216 255 255 
0.697638917658219 -0.701861478380414 -0.143841600218587 0 216 255 255 
0.748804724120524 -0.647822773574974 -0.14006119925459 0 216 255 255 
0.149947593376709 0.146634591994393 -0.977759683097681 0 216 255 255 
-0.33305071858506 -0.940864749556645 -0.0620541128243579 0 216 255 255 
-0.243914957022944 -0.968016788783379 -0.0587278867243342 0 216 255 255 
-0.285785097407385 -0.958198883371028 -0.0134823385617534 0 216 255 255 
0.2369760565039 0.134486174318193 -0.962162038934261 0 216 255 255 
0.321327713085289 0.125094136016932 -0.938669239186457 0 216 255 255 
0.393318096865314 0.102738365197865 -0.913644177697419 0 216 255 255 
0.461073634659072 0.0705576438191153 -0.884552262141279 0 216 255 255 
0.408844163173703 0.0368466702758722 -0.911860058743666 0 216 255 255 
-0.938580652315885 0.0577687711480178 -0.340189800638255 0 216 255 255 
-0.954233957775297 0.00486583431771987 -0.299021522601198 0 216 255 255 
-0.300257943534018 0.205359739397367 -0.931489420216174 0 216 255 255 
-0.323224688085892 0.052578738428866 0.944860444697757 0 216 255 255 
-0.244279932286359 0.0513295538761153 0.968345276262653 0 216 255 255 
-0.283062634373433 0.094263941631633 0.954457883541458 0 216 255 255 
-0.401461119207217 0.200569455706984 -0.893644708769046 0 216 255 255 
-0.340275622268981 0.239793430428881 -0.909236830811014 0 216 255 255 
-0.349497269478164 0.202526477601983 -0.914786687517442 0 216 255 255 
-0.153166223442479 0.155346371934582 -0.975913721118998 0 216 255 255 
-0.236991710603027 0.244545993373807 -0.940229850456939 0 216 255 255 
-0.193574636674202 0.198485384319956 -0.96079779675095 0 216 255 255 
-0.139547188716874 0.244718998632473 -0.95949943407245 0 216 255 255 
-0.152711015889257 0.958944277756865 0.238966908234943 0 216 255 255 
-0.228845035151936 0.924519937815055 0.30478325840356 0 216 255 255 
-0.139961085646623 0.935281419537699 0.325053119505669 0 216 255 255 
-0.078322048760789 0.172674286551114 -0.981860086555009 0 216 255 255 
0.0761961444568584 0.168016496862409 -0.982834974962391 0 216 255 255 
-0.000891145304797545 0.168133021607671 -0.985763905916324 0 216 255 255 
0.0406464134310563 0.245812253586864 -0.968464860949341 0 216 255 255 
0.13523098313667 0.234483324900256 -0.962668231908761 0 216 255 255 
0.2950564014385 0.200030498942313 -0.93430696428022 0 216 255 255 
0.222832334156277 0.223382333723934 -0.948918366075241 0 216 255 255 
0.371475812766486 0.18999885469323 -0.908793779251488 0 216 255 255 
-0.192312741992279 0.315246196631903 -0.929319986623366 0 216 255 255 
-0.0456847128729642 0.248690629868275 -0.967504966202003 0 216 255 255 
-0.123004065493476 0.327144737222122 -0.936934528132021 0 216 255 255 
-0.048102713523078 0.328062060697229 -0.943430652178841 0 216 255 255 
-0.00375519825952647 0.287518042325598 -0.957767858575915 0 216 255 255 
0.0381471903416361 0.325442223779995 -0.944792110551533 0 216 255 255 
0.19662580775414 0.296366618637323 -0.934614948541082 0 216 255 255 
0.120180341918448 0.320392202347106 -0.939630513511821 0 216 255 255 
0.281829124048181 0.285129107980417 -0.916118831463475 0 216 255 255 
-0.103248636513768 0.407430174514273 -0.907381038792009 0 216 255 255 
-0.163831852419697 0.373937849415191 -0.912868887855738 0 216 255 255 
-0.197871829401192 0.406499075651303 -0.891967063795564 0 216 255 255 
-0.163578773292229 0.419865435565914 -0.892723361444336 0 216 255 255 
-0.00949577157371619 0.404297034004341 -0.914578437471077 0 216 255 255 
0.0820766193561972 0.401473381188623 -0.912185573310704 0 216 255 255 
0.18258991089928 0.375704359103907 -0.908574228368364 0 216 255 255 
0.264739554387485 0.368359863275936 -0.891192438604586 0 216 255 255 
0.231878815765577 0.332009560943045 -0.91433137482156 0 216 255 255 
-0.0127700153944401 0.474897904378777 -0.879948235178446 0 216 255 255 
-0.0543894412700779 0.442662193544149 -0.895037411720009 0 216 255 255 
-0.0916616827526679 0.480917434332191 -0.871961323850578 0 216 255 255 
-0.472331180703648 -0.101048374936037 -0.875609752683391 0 216 255 255 
-0.44343349379294 -0.19819879190806 -0.874118971048604 0 216 255 255 
-0.512191289305729 -0.181512380248 -0.839472059723206 0 216 255 255 
-0.83472253632742 0.118078042532182 -0.537862301132257 0 216 255 255 
-0.874559551315346 0.105812438072985 -0.47323280204168 0 216 255 255 
-0.839472063865126 0.181512382050106 -0.512191281878645 0 216 255 255 
-0.531870464502265 -0.0326529193498258 -0.846195931653096 0 216 255 255 
-0.538131357463138 -0.113157526957503 -0.835230509987901 0 216 255 255 
-0.59003648860964 -0.0827070105593953 -0.803129169917422 0 216 255 255 
-0.576610097108571 -0.166265201230644 -0.799922920582098 0 216 255 255 
-0.922243546962427 -0.297178599571875 -0.247288737238479 0 216 255 255 
-0.914273855758284 -0.286446608828263 -0.28644660882783 0 216 255 255 
-0.912936167666592 -0.313367114706359 -0.261435661679452 0 216 255 255 
0.00428646937466221 0.401589498679193 0.915809747277119 0 216 255 255 
0.0575731192771195 0.346501997364905 0.936280767294311 0 216 255 255 
0.0601230282965656 0.420656208956747 0.905225698060652 0 216 255 255 
0.450865868693081 -0.196411103269316 -0.870713872082155 0 216 255 255 
0.52289713219615 -0.133053844508937 -0.841947294979011 0 216 255 255 
0.46379544988479 -0.881717613996656 -0.0864164177842098 0 216 255 255 
0.397458413166216 -0.909135117498678 -0.124499481963753 0 216 255 255 
0.450799669842984 -0.870744548112543 -0.196427059443517 0 216 255 255 
-0.841801783554748 0.133126806977459 0.523112793338161 0 216 255 255 
-0.835348070181917 0.179740147796518 0.519506574541419 0 216 255 255 
-0.87052012245333 0.196310386396811 0.451283667634866 0 216 255 255 
0.526031085553445 -0.0559724550954957 -0.848621445340509 0 216 255 255 
0.587291071941548 -0.0993156746581338 -0.803259344086818 0 216 255 255 
0.582171343294579 -0.165007072011243 -0.796146464750455 0 216 255 255 
0.518963453485428 -0.179871528106003 -0.835657326543023 0 216 255 255 
-0.524615580341644 0.075198393650479 -0.848011587428324 0 216 255 255 
-0.593276699922205 0.020142352303952 -0.80474652749246 0 216 255 255 
0.525885569079264 0.0281709045488172 -0.850088666572894 0 216 255 255 
0.590097283982371 -0.0172975763901716 -0.807146802459285 0 216 255 255 
-0.529497488421263 0.152363664622605 -0.834516461522782 0 216 255 255 
-0.591704294158473 0.142337940700748 -0.793489722426255 0 216 255 255 
0.521412722902302 0.114107889486128 -0.845640665353419 0 216 255 255 
0.588066819323824 0.0706097351198405 -0.8057243015664 0 216 255 255 
-0.46552055676556 0.171430981922185 -0.868275320005364 0 216 255 255 
-0.430977434948409 0.15592747802185 -0.888788541373164 0 216 255 255 
0.450782896259767 0.153052442616194 -0.879414409419426 0 216 255 255 
0.510346348112944 0.200078637740062 -0.836370201866004 0 216 255 255 
0.43658729036466 0.236911299031372 -0.86790814465666 0 216 255 255 
0.580246611692951 0.159181289759937 -0.798733469252025 0 216 255 255 
-0.294982776795684 0.248514907526829 -0.922618827891595 0 216 255 255 
0.364414655372641 0.269773642995497 -0.891304731924158 0 216 255 255 
0.340926345246933 0.345055889486947 -0.874474490599745 0 216 255 255 
0.418634670888389 0.318283556445002 -0.850553093390309 0 216 255 255 
0.494020865535557 0.284936437745161 -0.821434465590276 0 216 255 255 
-0.284375783712851 0.288529634659233 -0.914265315240138 0 216 255 255 
-0.242111113674149 0.302183002614877 -0.921991128424084 0 216 255 255 
0.809587595554534 -0.586997664044775 0.00128167993788415 0 216 255 255 
0.81150899343864 -0.579931872283955 -0.0716391704349484 0 216 255 255 
0.1447262904787 0.458144014416805 -0.877016722607681 0 216 255 255 
0.231251907592979 0.441572310769685 -0.866912002568066 0 216 255 255 
0.394121349089547 0.397998741884881 -0.828411332071799 0 216 255 255 
0.31382622638815 0.422776097073741 -0.850160834800985 0 216 255 255 
0.472246548178791 0.367697071496874 -0.801112994987032 0 216 255 255 
-0.169626962391733 0.47044409101303 -0.865972893590544 0 216 255 255 
-0.063519290941455 0.642905977971263 0.763306714836939 0 216 255 255 
-0.142201178830271 0.593134938399204 0.792445436676141 0 216 255 255 
-0.0715862767724391 0.584172713722454 0.808466226502509 0 216 255 255 
-0.0557297244997354 0.537216697968576 -0.841601098233661 0 216 255 255 
0.0638897311627065 0.474541824597792 -0.877911240757809 0 216 255 255 
0.0264787388922213 0.535464754555906 -0.844142377975102 0 216 255 255 
0.195223138477676 0.51572835071195 -0.83421350109149 0 216 255 255 
0.109641442234675 0.528818001904271 -0.841623580875116 0 216 255 255 
0.280745113822632 0.498244009925735 -0.820326189648081 0 216 255 255 
0.364127243892026 0.475933843571902 -0.800561238148337 0 216 255 255 
-0.0157441440870698 0.593674158172398 -0.804551488665744 0 216 255 255 
-0.107569126245795 0.556088384876092 -0.824132628949959 0 216 255 255 
-0.108599237194978 0.522768091990406 -0.845529258549125 0 216 255 255 
-0.141964238847536 0.595723809725278 -0.790543672425307 0 216 255 255 
-0.0761292419588546 0.645460683829875 -0.759990005259952 0 216 255 255 
-0.0795884739043117 0.586821149133427 -0.805795637606616 0 216 255 255 
0.0688264084184161 0.592818504110961 -0.802389631858461 0 216 255 255 
0.156097465432098 0.584696473880209 -0.796092699191104 0 216 255 255 
-0.637012218184864 -0.153503020048656 -0.755415287686521 0 216 255 255 
-0.649649922326957 -0.0488987396768742 -0.758659221505674 0 216 255 255 
-0.693787608619906 -0.144318255166996 -0.70557139652582 0 216 255 255 
-0.938963571915157 0.0625219559285672 0.33828744370881 0 216 255 255 
-0.920301386186443 0.0134009270036771 0.39098052120838 0 216 255 255 
-0.90992897470974 0.0643357507386469 0.409744024431709 0 216 255 255 
0.641699356986833 -0.152617805073037 -0.751618081849199 0 216 255 255 
0.648673837507152 -0.0703365794047856 -0.757809331033166 0 216 255 255 
0.697628834649757 -0.143842818755743 -0.701871250856394 0 216 255 255 
-0.653395608015229 0.0669439432917035 -0.754050809518919 0 216 255 255 
-0.709526517807542 0.00162000168618208 -0.704676762677803 0 216 255 255 
0.650691327023469 0.0226495344282194 -0.759004452294627 0 216 255 255 
0.708487656405424 -0.0298442415502732 -0.705091841460108 0 216 255 255 
-0.650881226730384 0.140118414805911 -0.746137024231446 0 216 255 255 
-0.70557139607062 0.144318255106715 -0.693787609095346 0 216 255 255 
0.645856651175269 0.114499213519792 -0.754823874200366 0 216 255 255 
0.706569204628164 0.0674418330959866 -0.704422826951323 0 216 255 255 
0.566578654130791 0.24659327012882 -0.786244462908478 0 216 255 255 
0.635062930662473 0.204402593584149 -0.744925915402133 0 216 255 255 
0.698505134153926 0.159613699660634 -0.69757724221773 0 216 255 255 
0.618660503250753 0.292402870181743 -0.72921856043467 0 216 255 255 
0.547378185640958 0.332139757793888 -0.768153806391655 0 216 255 255 
0.684949086905815 0.249110305617247 -0.684681509214679 0 216 255 255 
0.444920800085852 0.448199232365052 -0.775346952937068 0 216 255 255 
0.522762371568507 0.415348702461994 -0.744449410220522 0 216 255 255 
0.59676742626782 0.377830790583531 -0.707892998822973 0 216 255 255 
0.243203560174536 0.570438092125192 -0.784507730874359 0 216 255 255 
0.328997748310949 0.550778971571608 -0.767074294503325 0 216 255 255 
0.492890910025514 0.495534283557139 -0.715195280908037 0 216 255 255 
0.412413044463285 0.525770190195124 -0.743963140203563 0 216 255 255 
0.569478194735998 0.460259250545434 -0.681069726434142 0 216 255 255 
0.0212048714212428 0.652306729008753 -0.757658398689186 0 216 255 255 
0.112721794824281 0.648584069610396 -0.752749938133465 0 216 255 255 
0.289961722483198 0.62151332801455 -0.727765998743873 0 216 255 255 
0.202123018663713 0.638023977272126 -0.743015246860475 0 216 255 255 
0.375400834504865 0.599433302647471 -0.706932736859037 0 216 255 255 
0.457940298613524 0.571927363863064 -0.680580441696737 0 216 255 255 
-0.140192843240623 0.653885471748433 -0.743491598403052 0 216 255 255 
-0.0300185503411194 0.709369344644478 -0.704197390485826 0 216 255 255 
-0.144596395258256 0.707640731721624 -0.691618737095561 0 216 255 255 
0.0668019420827774 0.707746504533536 -0.703301037423116 0 216 255 255 
0.158306894915292 0.700350524862594 -0.696023013691106 0 216 255 255 
0.247362798755661 0.68714372714918 -0.683114273093505 0 216 255 255 
-0.764312093956808 -0.0632640928803983 -0.641735623860045 0 216 255 255 
-0.746119628549895 -0.140118847242312 -0.650901074623038 0 216 255 255 
-0.793458726857712 -0.14233381263941 -0.591746850632675 0 216 255 255 
0.00669632674021877 -0.999951923596764 -0.00716220719218777 0 216 255 255 
0.00672881028742559 -0.996622419138195 0.0818441513403436 0 216 255 255 
0.748812919538209 -0.140061051613609 -0.647813332464481 0 216 255 255 
0.764941625574627 -0.076275970934828 -0.639567235659523 0 216 255 255 
0.795121602900409 -0.142561295340878 -0.589455608405026 0 216 255 255 
-0.761649175524157 0.0548738700066685 -0.645661928544214 0 216 255 255 
-0.808284639361212 0.00124352862172847 -0.588790599496407 0 216 255 255 
-0.834385420862489 -0.152313671155925 -0.529718336569746 0 216 255 255 
-0.828237376516368 -0.104679972758999 -0.550513351043381 0 216 255 255 
0.984906236172243 0.172775880967815 0.0104011294941211 0 216 255 255 
0.965340686313881 0.254212391626414 0.0591049329534942 0 216 255 255 
0.980511229277487 0.174211273029572 0.0908192866266757 0 216 255 255 
0.761836219016522 0.0215311188250583 -0.647411730249994 0 216 255 255 
0.809456097516177 -0.01617977049234 -0.586957427137521 0 216 255 255 
0.835343074400912 -0.1526823592311 -0.52810041299832 0 216 255 255 
0.829014869396769 -0.109650113940216 -0.548371404803178 0 216 255 255 
-0.755415290498531 0.153503020715847 -0.637012214689205 0 216 255 255 
-0.803594049430377 0.0901525940368678 -0.588310372813209 0 216 255 255 
-0.996528590451562 -0.0832043079343768 -0.00279265824357416 0 216 255 255 
-0.998172922702556 -0.0394082094081044 -0.0458018040646278 0 216 255 255 
-0.991971708113787 -0.0863359096659085 -0.0924025023212128 0 216 255 255 
0.0103811472484198 -0.0792606490365228 0.996799864342927 0 216 255 255 
0.100278692739562 -0.0799517703287645 0.991741842659882 0 216 255 255 
0.0543130186925432 -0.0362277233353361 0.997866546365608 0 216 255 255 
-0.975074800587412 -0.154218195764479 -0.159517584960771 0 216 255 255 
-0.981061953195414 -0.0773732788278551 -0.17756913651982 0 216 255 255 
0.75600597781735 0.113655115875596 -0.644621937438003 0 216 255 255 
0.806334515048989 0.0695687210729302 -0.587354080370216 0 216 255 255 
-0.79992292474165 0.166265202634784 -0.576610090933127 0 216 255 255 
0.745383251507061 0.203576370906893 -0.634791647649679 0 216 255 255 
0.79894644377476 0.157423578887558 -0.580432913330636 0 216 255 255 
0.729435193669159 0.291537071767773 -0.618813703650966 0 216 255 255 
0.665963649727258 0.336155618893479 -0.665951786423513 0 216 255 255 
0.7864658586509 0.244781990347532 -0.567056609593268 0 216 255 255 
0.64151972271414 0.420519750032599 -0.641572715537429 0 216 255 255 
0.708017641269253 0.377113383309109 -0.597073262666579 0 216 255 255 
0.611741738171777 0.501601613538987 -0.611692594917286 0 216 255 255 
0.53702527609959 0.539185988053183 -0.64875441171211 0 216 255 255 
0.681238263872257 0.459645799808419 -0.569771999038959 0 216 255 255 
0.334216986816818 0.668270764822174 -0.664615043270432 0 216 255 255 
0.499811447135394 0.613720297881575 -0.611175815037684 0 216 255 255 
0.418663109847024 0.643711490820902 -0.640590884492878 0 216 255 255 
0.576862838303253 0.578592869027703 -0.576593028931908 0 216 255 255 
-0.069817678629386 0.761376031763195 -0.644540142914907 0 216 255 255 
0.0225865136363171 0.76145784753711 -0.64782077956177 0 216 255 255 
0.113294309565204 0.756867337209404 -0.643673986584184 0 216 255 255 
0.290082294917617 0.731344469266407 -0.617241845287516 0 216 255 255 
0.202374663756548 0.746989298328072 -0.633286231331038 0 216 255 255 
0.37559430303334 0.710008578592287 -0.595664925079307 0 216 255 255 
0.458134425894774 0.68316327868176 -0.568683344732807 0 216 255 255 
-0.153812689924271 0.756712894065307 -0.635395351343721 0 216 255 255 
-0.0960949879641971 0.806090284162738 -0.583938514519354 0 216 255 255 
-0.166484551429999 0.800571230455994 -0.575646244835334 0 216 255 255 
-0.0154466385222751 0.808396753865297 -0.588435269337683 0 216 255 255 
0.0699235301318571 0.806571784129019 -0.58698605644626 0 216 255 255 
0.156738271753338 0.800054790358384 -0.579090163234815 0 216 255 255 
0.243573209729832 0.788124612498921 -0.565271310711823 0 216 255 255 
-0.850262997016037 -0.108487448232355 -0.515056607044659 0 216 255 255 
-0.879099169261872 -0.0985070160333083 -0.466348589900188 0 216 255 255 
-0.867994401977452 -0.17120561913492 -0.466126973788613 0 216 255 255 
-0.887317532228066 -0.154338699809376 -0.434565486037305 0 216 255 255 
0.0937807388387703 -0.990860134183266 -0.0969605643435437 0 216 255 255 
0.154512316334808 -0.974389701865077 -0.163372685136675 0 216 255 255 
0.177157921066844 -0.980387763270152 -0.0863416758928387 0 216 255 255 
0.850775740351068 -0.113112610823471 -0.5132116290206 0 216 255 255 
0.879298525566045 -0.103793168471458 -0.464823700450376 0 216 255 255 
0.858041054976139 -0.140545675644574 -0.493976174299013 0 216 255 255 
-0.810097033361276 -0.0715568500940899 -0.581912714453189 0 216 255 255 
-0.881780128991964 -0.184342702825994 -0.434144644142072 0 216 255 255 
-0.845455867757597 0.0451534289016868 -0.532132989957194 0 216 255 255 
-0.846678686319896 -0.0479095491181268 -0.529943261876351 0 216 255 255 
-0.886359014646991 0.0025535243785768 -0.462991517888423 0 216 255 255 
0.810856861009059 -0.0807410059240763 -0.579648200567901 0 216 255 255 
0.847391102978812 -0.0584144676212547 -0.527746204816012 0 216 255 255 
0.848973985506773 0.0270492399596682 -0.527741877243086 0 216 255 255 
0.886421027338034 -0.0114994477010045 -0.462736976256861 0 216 255 255 
0.844924335978151 0.111281948277476 -0.523181776020985 0 216 255 255 
0.88159406960407 0.0667712852668307 -0.467261682397196 0 216 255 255 
-0.874132284210952 0.19820584706587 -0.443404095569364 0 216 255 255 
-0.0967385924239664 0.995286674384629 0.00678747249890269 0 216 255 255 
0.836361924196609 0.196983113061766 -0.511562660936492 0 216 255 255 
0.879149256933377 0.147273215957811 -0.453218661025425 0 216 255 255 
0.768350752569889 0.330638157920907 -0.548010489564068 0 216 255 255 
0.821655481810551 0.282484910776653 -0.495060112039326 0 216 255 255 
0.100105611225757 0.90786628043397 0.407133465568064 0 216 255 255 
0.0882517701412261 0.872785246669892 0.480059923759155 0 216 255 255 
0.170187865524732 0.866702128197313 0.468896057724168 0 216 255 255 
0.478473770747433 0.873153678153545 0.093088658069329 0 216 255 255 
0.40474452540677 0.908339450144474 0.105362660862428 0 216 255 255 
0.468896057723567 0.866702128197121 0.170187865525049 0 216 255 255 
0.744733253252785 0.414039807194177 -0.523396012381203 0 216 255 255 
0.801382870827811 0.365750609196114 -0.473299012925875 0 216 255 255 
0.715616348058762 0.494408055020615 -0.493410460723689 0 216 255 255 
0.649111257418727 0.538644501665539 -0.537137449806332 0 216 255 255 
0.775791899184275 0.446481830619235 -0.445870913974864 0 216 255 255 
0.611829282650396 0.613262181537543 -0.499574207847222 0 216 255 255 
0.53717729831672 0.650833512988349 -0.536522368609981 0 216 255 255 
0.681242667193769 0.570948330323211 -0.458177254828484 0 216 255 255 
0.937365735958467 0.342191408681633 0.065195810734357 0 216 255 255 
0.917787124064264 0.396714456265491 0.0168650020799799 0 216 255 255 
0.906032703155125 0.417448763170265 0.069579175707514 0 216 255 255 
0.329256135635038 0.770275413269482 -0.546137484121681 0 216 255 255 
0.49320645617352 0.717352243176731 -0.492090556203002 0 216 255 255 
0.412701249523419 0.746672056222853 -0.521688110603207 0 216 255 255 
0.569745167878852 0.682735962772815 -0.45745165095605 0 216 255 255 
-0.120778344590459 0.844992737949526 -0.520960509010108 0 216 255 255 
-0.181657603761784 0.839805525155659 -0.511592801932755 0 216 255 255 
-0.0487821541403584 0.848601781072927 -0.526778229295676 0 216 255 255 
0.0289465344560763 0.84912679261492 -0.527395268534004 0 216 255 255 
0.195566427868769 0.83797741516132 -0.509458138145379 0 216 255 255 
0.110636357512428 0.845882164324044 -0.52176904580935 0 216 255 255 
0.280998581359572 0.823597099193554 -0.492673913141152 0 216 255 255 
0.364409870828041 0.803405289716731 -0.470898454995581 0 216 255 255 
0.445324338520715 0.777699292792511 -0.443700361004292 0 216 255 255 
-0.079905068045101 0.881209859288685 -0.465923121438659 0 216 255 255 
-0.149875876453731 0.879012035213778 -0.45263124820326 0 216 255 255 
0.144748909382928 0.880961485087238 -0.450504809821787 0 216 255 255 
-0.640200139678786 0.0765566746007569 0.764383949010952 0 216 255 255 
-0.588840619883964 0.0168648056392531 0.80807319280796 0 216 255 255 
-0.581274636978454 0.0806054809510146 0.80970522338481 0 216 255 255 
0.90902120683778 -0.120349984921227 -0.398994129911474 0 216 255 255 
0.887557335637436 -0.156342495366909 -0.433357818898787 0 216 255 255 
-0.918055245894058 0.00420672992482418 -0.396430146561087 0 216 255 255 
0.939567056613818 0.340606883838564 -0.0346507551865176 0 216 255 255 
0.909734303662776 0.41383633904107 -0.0335108047062424 0 216 255 255 
0.939056523233568 -0.0549729143143106 -0.339338769547406 0 216 255 255 
0.908751506537062 -0.0568856546831495 -0.413442514777311 0 216 255 255 
-0.908912462735711 0.131628732859332 -0.395666508415115 0 216 255 255 
-0.907860340802826 0.060565286327333 -0.414875205741415 0 216 255 255 
0.91394391522965 0.0869220087409918 -0.396422829392112 0 216 255 255 
0.918231735949725 0.00692141861396262 -0.395983032834749 0 216 255 255 
0.901449230105714 0.037336866343163 -0.431271656928601 0 216 255 255 
-0.469863277845191 0.0152046975839895 0.882608240920066 0 216 255 255 
-0.46994200033326 -0.0615749732224306 0.880547004229007 0 216 255 255 
-0.434699895327244 -0.0281354651352326 0.900135764284235 0 216 255 255 
-0.903046972204738 0.214786770545794 -0.371984958406211 0 216 255 255 
-0.909886210475419 -0.396291378198822 -0.122720083016945 0 216 255 255 
-0.893325709965979 -0.402432231287029 -0.200043688406316 0 216 255 255 
-0.888277752942883 -0.431485427173411 -0.157426043116902 0 216 255 255 
0.868169299437135 0.23330173717442 -0.438009518824365 0 216 255 255 
0.909477954602479 0.184957811039403 -0.3723445046997 0 216 255 255 
0.850899297445623 0.31566264375471 -0.419913628141065 0 216 255 255 
0.891789309092765 0.266690567458681 -0.365496857873551 0 216 255 255 
0.828810119397619 0.395790325295194 -0.395504457783892 0 216 255 255 
0.874786303577775 0.342724597656896 -0.342474448706693 0 216 255 255 
-0.230946678465829 0.927533268117117 -0.29384633462848 0 216 255 255 
-0.155621133857857 0.961463286251676 -0.226650342681295 0 216 255 255 
-0.144086589043119 0.938462529041373 -0.313890279752596 0 216 255 255 
0.744628169333211 0.524250809329634 -0.413146396153708 0 216 255 255 
0.801116407177475 0.473912250395442 -0.365540217775242 0 216 255 255 
0.707897754670096 0.598066312860471 -0.375762451147592 0 216 255 255 
0.641606549972786 0.642854514801783 -0.418424511715371 0 216 255 255 
0.76795916518895 0.548913361637439 -0.33004970752981 0 216 255 255 
0.597113052835499 0.709202562788719 -0.37481687811931 0 216 255 255 
0.523232779595834 0.746258152460707 -0.411492641361289 0 216 255 255 
0.665958824887939 0.667067651974577 -0.333945439078522 0 216 255 255 
0.230978997533168 0.870391697341448 -0.434818313550937 0 216 255 255 
0.394489968163637 0.830921067880705 -0.39236184088427 0 216 255 255 
0.313895145901279 0.853121323331745 -0.416717911607836 0 216 255 255 
0.472965332768866 0.802980854945511 -0.362664457820191 0 216 255 255 
0.548081063741908 0.76949860813456 -0.327839909675896 0 216 255 255 
-0.214798402506935 0.903065774240843 -0.371932593038251 0 216 255 255 
-0.198286697231698 0.874284780196216 -0.443067160703986 0 216 255 255 
-0.100934551704621 0.913736949919942 -0.393569520165962 0 216 255 255 
-0.00969513170117289 0.919508033855502 -0.392951601361484 0 216 255 255 
-0.0498939078481176 0.901547558766944 -0.429793665665271 0 216 255 255 
0.00216686713389951 0.914180615891026 0.405301225795998 0 216 255 255 
-0.0939179680684365 0.909859427476303 0.404147494450289 0 216 255 255 
-0.0390609404430087 0.896806198236638 0.440695907775705 0 216 255 255 
0.166625445863774 -0.141093540514647 0.975873227121748 0 216 255 255 
0.0919809934634985 -0.163713935665358 0.982210377540988 0 216 255 255 
0.0810868537668003 0.916255858821622 -0.392301021033203 0 216 255 255 
0.18123623160984 0.911996112771309 -0.367989792773694 0 216 255 255 
0.264007889122544 0.894269699889729 -0.361360652045695 0 216 255 255 
0.340735500873852 0.877224690426531 -0.338195407470364 0 216 255 255 
-0.934935146559232 -0.199061430243028 0.293718899973569 0 216 255 255 
-0.91694681498387 -0.283888899796295 0.28038474996872 0 216 255 255 
-0.914941255400467 -0.235652707489166 0.32764355281217 0 216 255 255 
-0.930514491474436 -0.144789804654562 -0.336420387605773 0 216 255 255 
-0.893325709965597 -0.200043688406687 -0.402432231286575 0 216 255 255 
-0.914258400437505 -0.201180647931953 -0.351650285570396 0 216 255 255 
-0.939627978327908 -0.240760985180103 -0.243173599723857 0 216 255 255 
-0.930819897266678 -0.203234957524216 -0.303759553874961 0 216 255 255 
-0.922226910489417 -0.246334504444108 -0.298021537836869 0 216 255 255 
0.930861398631543 -0.148136139751461 -0.333995097627798 0 216 255 255 
0.93093850347426 -0.205176449856991 -0.302086283993378 0 216 255 255 
0.914396774292449 -0.202369995827056 -0.350606507639096 0 216 255 255 
0.939692812962974 -0.242776734848597 -0.240908412873197 0 216 255 255 
0.922276304208494 -0.247176337256336 -0.297170450276258 0 216 255 255 
-0.957881396705584 -0.145105540957953 -0.247805528306486 0 216 255 255 
-0.950095860295505 -0.0956411890642383 -0.296935368455513 0 216 255 255 
-0.96549455803876 -0.0434492597052559 -0.256773032961524 0 216 255 255 
0.893489595082149 -0.200313021836327 -0.401934122478574 0 216 255 255 
0.908987790403988 -0.238753270179495 -0.341669541231353 0 216 255 255 
0.958114030895205 -0.149541902362487 -0.244243102188372 0 216 255 255 
0.950720353820015 -0.101347251322826 -0.293017982243803 0 216 255 255 
0.966369005447772 -0.0518340280425492 -0.251881229574771 0 216 255 255 
-0.966169543228736 0.053435514658856 -0.252311374008459 0 216 255 255 
0.956566144953755 -0.00698273073305583 -0.291431720194213 0 216 255 255 
0.94472233523973 0.0398787951925047 -0.325437204441751 0 216 255 255 
0.968307085760171 0.0390542328131016 -0.246690360465755 0 216 255 255 
-0.934982102895445 0.149761407186047 -0.321527550678625 0 216 255 255 
0.94008045968161 0.122115510606006 -0.31833396436843 0 216 255 255 
-0.92753270800138 0.23094628474687 -0.293848412081455 0 216 255 255 
-0.959852926595852 0.155861749794956 -0.233215431601541 0 216 255 255 
-0.930928077905169 -0.333244144105949 -0.149402944530973 0 216 255 255 
-0.93089318898407 -0.30191821631267 -0.205628930991584 0 216 255 255 
-0.914337974347505 -0.350638731952332 -0.202579731401275 0 216 255 255 
-0.883407728416679 -0.456005763523732 -0.107932951169262 0 216 255 255 
0.935000308688061 0.198180367057514 -0.294107035394683 0 216 255 255 
0.962877301946937 0.135622688897378 -0.233396144323265 0 216 255 255 
0.916314275038932 0.283587051944227 -0.282748139350424 0 216 255 255 
0.914832417618766 0.233785050232785 -0.329281330806419 0 216 255 255 
0.850514985694304 0.42049761956611 -0.315920853669124 0 216 255 255 
0.891204467524054 0.366393303126385 -0.26741452661838 0 216 255 255 
0.821106433020344 0.495843972371087 -0.282706475680985 0 216 255 255 
0.867377947234362 0.438876377551064 -0.234612436102457 0 216 255 255 
0.729027702840196 0.619888597411782 -0.290270049186753 0 216 255 255 
0.785724361741548 0.568238903910667 -0.244421242551424 0 216 255 255 
0.619015263806529 0.730207024186222 -0.289167375577439 0 216 255 255 
0.684664877330732 0.685731799629492 -0.246993665220283 0 216 255 255 
0.495226649614819 0.822739680383841 -0.279016044614778 0 216 255 255 
0.419304688301606 0.852673942393641 -0.311657984138458 0 216 255 255 
0.5676345629696 0.786932116781197 -0.241927292034832 0 216 255 255 
0.364508241398755 0.893690146490051 -0.261632655775645 0 216 255 255 
0.280233885775502 0.918951937784198 -0.277482036225606 0 216 255 255 
0.327848970697954 0.916835956929908 -0.227874696070286 0 216 255 255 
-0.0560868766522586 0.947134534846496 -0.315896208112592 0 216 255 255 
0.0335253401146843 0.948357604911388 -0.315426513605021 0 216 255 255 
0.116843968181543 0.942889589673453 -0.311940200195731 0 216 255 255 
0.193772890064404 0.937601118119204 -0.288714725639959 0 216 255 255 
0.230246955616147 0.917434942542149 -0.324498786236219 0 216 255 255 
0.438167711353858 0.869307421355565 -0.228721739147947 0 216 255 255 
0.129867587920491 0.965196765748935 -0.22700129148949 0 216 255 255 
-0.23000427160645 -0.960312443764835 -0.157791037685747 0 216 255 255 
-0.210798964652583 -0.946366619443047 -0.244855096574178 0 216 255 255 
-0.177315983974369 -0.962292996774717 -0.206279485307046 0 216 255 255 
-0.125449604176167 -0.958814388801723 -0.254828108707651 0 216 255 255 
-0.141445529271174 -0.975905677473361 -0.16613624648861 0 216 255 255 
-0.0362429397883071 -0.964934450236434 -0.259976838291523 0 216 255 255 
-0.068589452042105 -0.980508134324969 -0.184117543455794 0 216 255 255 
-0.0358920548326833 -0.969222037440162 0.243557764379253 0 216 255 255 
0.050118905556647 -0.967752095743556 0.24686830275077 0 216 255 255 
0.00780467144216539 -0.958353568960207 0.285477706838928 0 216 255 255 
0.0523282962615918 -0.964333995366418 -0.25946424636019 0 216 255 255 
0.0072670346209679 -0.983478494589905 -0.18087903895388 0 216 255 255 
0.139000403935281 -0.957279825884507 -0.253563055135498 0 216 255 255 
0.0826817758252916 -0.979658563040325 -0.182846405794187 0 216 255 255 
0.286446608678659 0.914273856239038 0.286446608678819 0 216 255 255 
0.243360938731566 0.922320072939894 0.300168512340393 0 216 255 255 
0.260901450510848 0.912875904737846 0.313987285862644 0 216 255 255 
-0.236312659084664 0.344980455354283 -0.908374821010318 0 216 255 255 
-0.25922655101211 0.315945096396388 -0.912677539619228 0 216 255 255 
0.914273855423849 -0.286434444708895 -0.286458773391255 0 216 255 255 
0.922268048626144 -0.297792347331362 -0.246457631002039 0 216 255 255 
0.930657823924314 -0.335954072796672 -0.14495123097382 0 216 255 255 
0.893498805162829 -0.401906079646331 -0.200328206616093 0 216 255 255 
0.91436602734324 -0.351251353635941 -0.201388316014063 0 216 255 255 
-0.908946655956206 -0.23858430892078 -0.34189692419622 0 216 255 255 
-0.908946655956481 -0.341896924197123 -0.238584308920594 0 216 255 255 
-0.958045624385792 -0.243899779161451 -0.150537204654801 0 216 255 255 
0.957974731865717 -0.247373680618566 -0.145226179330833 0 216 255 255 
0.959845922241613 -0.20002711018857 -0.196684913959352 0 216 255 255 
0.930901379274978 -0.303404993662727 -0.203391316330287 0 216 255 255 
0.975162172064893 -0.158871420598198 -0.154332719060648 0 216 255 255 
-0.984936529040458 0.00528286097448419 -0.172835487576203 0 216 255 255 
-0.981528040755331 0.0879628277848964 -0.169897690961723 0 216 255 255 
0.221959014169396 -0.24321244210815 -0.944236148539532 0 216 255 255 
0.982986031939387 0.0748972342109824 -0.167716569467368 0 216 255 255 
-0.975781627364614 0.164790145519428 -0.143855472817592 0 216 255 255 
-0.453746572934306 -0.142464789456059 0.879669142096556 0 216 255 255 
-0.396720307046665 -0.0788469270058721 0.914546951939471 0 216 255 255 
0.949041200415634 0.224125906329962 -0.221558930063799 0 216 255 255 
0.97791909736216 0.149993752220112 -0.145520083588902 0 216 255 255 
0.934221405580993 0.296831831669964 -0.197790831298339 0 216 255 255 
0.962106387980213 0.238238017781023 -0.132642058521044 0 216 255 255 
0.908259621066909 0.373948677836857 -0.187688103303225 0 216 255 255 
0.914148816140036 0.330786864957806 -0.234333072738532 0 216 255 255 
0.500640943967273 0.854751887121433 0.13695932382208 0 216 255 255 
0.500798268586403 0.85069108083444 0.159767891562758 0 216 255 255 
-0.153003206395332 0.438245766800932 0.885737357050789 0 216 255 255 
-0.169952118185651 0.469544757987152 0.866397137137444 0 216 255 255 
-0.182728951493583 0.437754633672463 0.880330057984688 0 216 255 255 
0.835464122984183 0.512691819344849 -0.197855423932828 0 216 255 255 
0.878265057231715 0.45386118172976 -0.150534015593071 0 216 255 255 
-0.902374465101132 -0.218081853643439 -0.37169965005926 0 216 255 255 
0.135287445832979 0.854714280690524 0.501159460661748 0 216 255 255 
0.151718559405994 0.832795841603241 0.532383851983026 0 216 255 255 
0.159767891562674 0.850691080834274 0.500798268586692 0 216 255 255 
0.198556177744022 0.892402399874412 0.405207852046552 0 216 255 255 
0.163174883986583 0.893316012152328 0.418760622205646 0 216 255 255 
0.183094094045421 0.880663272070596 0.436931063165528 0 216 255 255 
0.405207852046087 0.892402399874899 0.198556177744119 0 216 255 255 
0.361413611428671 0.910061565513612 0.202899354679268 0 216 255 255 
0.373731286928516 0.901844823105381 0.21679677170045 0 216 255 255 
0.299124066733565 0.922337830624222 0.244576609981017 0 216 255 255 
0.313987285862538 0.912875904737857 0.260901450510939 0 216 255 255 
0.744451886965536 0.636261479931172 -0.202392401129257 0 216 255 255 
0.797641811817341 0.582296145134521 -0.157158228880302 0 216 255 255 
-0.370384374432622 0.218921130364463 -0.902711999403148 0 216 255 255 
-0.912936167666622 -0.261435661679926 -0.313367114705822 0 216 255 255 
0.469824694562516 -0.866265258708846 0.169850697927869 0 216 255 255 
0.498645494842789 -0.856689529499541 0.132044384658357 0 216 255 255 
0.502021947719979 -0.850035799181467 0.159414880492725 0 216 255 255 
0.417958480980216 0.893398702949189 0.164770946716699 0 216 255 255 
0.436931063165051 0.880663272070762 0.18309409404561 0 216 255 255 
0.697611901338469 0.698915221854047 -0.157655047551876 0 216 255 255 
0.635275558956978 0.745625689040605 -0.201164766363407 0 216 255 255 
0.754037759397022 0.647087622726865 -0.112714831051749 0 216 255 255 
-0.15132628540369 0.534179391154712 -0.831716739283805 0 216 255 255 
-0.136216582490513 0.502588705753446 -0.853726909021388 0 216 255 255 
-0.159284222754369 0.502477850839104 -0.849790883572287 0 216 255 255 
0.151403827167432 -0.831932099949954 0.533821939618706 0 216 255 255 
0.136660604945991 -0.854033136470609 0.501947487848658 0 216 255 255 
0.159422504745322 -0.850050050637866 0.501995394795963 0 216 255 255 
0.164500786606179 -0.893037943036906 0.418834958717561 0 216 255 255 
0.198387279586521 -0.892295585324607 0.405525681262082 0 216 255 255 
0.182814342857671 -0.880408255013788 0.437561676289151 0 216 255 255 
0.20266515124559 -0.909815223298976 0.362164459353453 0 216 255 255 
0.237507976500027 -0.908680100993754 0.343351770525623 0 216 255 255 
0.216650458469698 -0.90178352334816 0.373963976706039 0 216 255 255 
0.512674961701724 0.836534102211438 -0.19332627900622 0 216 255 255 
0.581771494574147 0.798509182304259 -0.154677034145312 0 216 255 255 
0.645612270263623 0.755450663182064 -0.111709713170707 0 216 255 255 
0.868492977614948 -0.17160662633893 -0.465049583498555 0 216 255 255 
0.88209350975194 -0.184700079142864 -0.433355420902015 0 216 255 255 
0.434618305121941 -0.887209043644597 0.154812922313793 0 216 255 255 
0.437555120529946 -0.880410910405366 0.182817245754098 0 216 255 255 
0.343351770525608 -0.908680100993803 0.237507976499861 0 216 255 255 
0.353104918105315 -0.913806166140771 0.200686837416398 0 216 255 255 
0.373963976706185 -0.901783523348129 0.216650458469575 0 216 255 255 
0.201760481108201 0.910025340861264 0.362141666926259 0 216 255 255 
0.216796771700185 0.901844823105315 0.373731286928873 0 216 255 255 
-0.284315787979626 0.288590349838482 0.914264811596418 0 216 255 255 
-0.244690806646439 0.299788869659583 0.922091666939072 0 216 255 255 
-0.259243094843142 0.315925657944104 0.912679569422121 0 216 255 255 
-0.199353061124659 0.354763388794124 0.913455688133182 0 216 255 255 
-0.198032258462796 0.406195559660726 0.892069724924787 0 216 255 255 
-0.215951703294338 0.375079177744428 0.90148792131495 0 216 255 255 
-0.4966005136146 0.138094445739585 0.856923481781133 0 216 255 255 
-0.464414749816602 0.17184423459704 0.86878564718354 0 216 255 255 
-0.496280682140487 0.161100472252655 0.853083889414767 0 216 255 255 
-0.244828057949555 0.946331742434893 -0.210986860984803 0 216 255 255 
0.218747486922428 0.951524258640205 -0.216220035077269 0 216 255 255 
0.292162376055212 0.936967283707987 -0.191659693096539 0 216 255 255 
0.372013233255964 0.91080427601765 -0.179001938980848 0 216 255 255 
0.454843701931609 0.879158476130602 -0.142118082313613 0 216 255 255 
-0.358317768708076 0.204987677295348 0.910817450696834 0 216 255 255 
-0.339988432424797 0.240008674809054 0.909287470848103 0 216 255 255 
-0.36997202750641 0.219185439802139 0.902816948141499 0 216 255 255 
0.23761820544985 0.908707760111474 0.343202270180809 0 216 255 255 
0.912948385886332 -0.313239790635186 -0.261545556798331 0 216 255 255 
-0.201401376515913 0.363497736934771 -0.909564115648547 0 216 255 255 
-0.215823871845493 0.375283902439869 -0.901433330269755 0 216 255 255 
0.912945919427727 -0.261523328410343 -0.313265537376879 0 216 255 255 
0.902467519147223 -0.218311612395536 -0.371338682049836 0 216 255 255 
-0.0562695428943607 0.969972746845491 -0.236614853449786 0 216 255 255 
0.858236076322361 -0.494167864261786 -0.138668521680123 0 216 255 255 
0.835341287117594 -0.528103441122219 -0.152681663910294 0 216 255 255 
0.852857956996656 -0.496710609829634 -0.160971659849739 0 216 255 255 
-0.165403402453442 0.97629573267534 -0.139600640499406 0 216 255 255 
0.0626405857724697 -0.332533089280055 0.941008965361938 0 216 255 255 
0.0142989476883143 -0.285230525904215 0.958352274828679 0 216 255 255 
0.0334481867425883 0.971030242133457 -0.236604034199271 0 216 255 255 
-0.962596594045681 -0.133866861796807 0.235557703958788 0 216 255 255 
-0.954501807184157 -0.0828042778068627 0.28647817879806 0 216 255 255 
0.0685277540375969 0.984513299864843 -0.16136137587533 0 216 255 255 
-0.834385420862489 -0.529718336569768 -0.152313671155845 0 216 255 255 
-0.858060325799431 -0.495398302527142 -0.135325527461073 0 216 255 255 
-0.852140684425541 -0.498070804856286 -0.160566893541415 0 216 255 255 
-0.297638418057403 0.246397381876884 0.922333834170472 0 216 255 255 
-0.311321982675153 0.263209924585356 0.913126036598838 0 216 255 255 
-0.857523824965692 -0.138337357820759 -0.495495373052428 0 216 255 255 
-0.852140684425562 -0.160566893541439 -0.498070804856244 0 216 255 255 
0.142983244204822 0.979590077692325 -0.141276519461931 0 216 255 255 
0.908992637285102 -0.341642696625152 -0.238773230774098 0 216 255 255 
0.902474623129767 -0.371311074131367 -0.218329202909716 0 216 255 255 
0.887680112748128 -0.433718923386842 -0.154634769226594 0 216 255 255 
0.868498850218143 -0.465036862649434 -0.171611377920516 0 216 255 255 
0.882101652774939 -0.433334869391656 -0.18470940730812 0 216 255 255 
0.230516091686988 0.964501226584554 -0.12883978155475 0 216 255 255 
0.0068392637478316 -0.99532623033325 -0.0963270899897232 0 216 255 255 
-0.0803043611595254 -0.991806071851929 -0.0993574827683024 0 216 255 255 
-0.033831002281747 -0.989527463071628 -0.140324126186808 0 216 255 255 
0.0476670208701962 -0.989085081039107 -0.139422217915048 0 216 255 255 
-0.318617296262005 -0.935659640358583 -0.151736727772322 0 216 255 255 
-0.293911148836845 -0.927515790936994 -0.230934393899005 0 216 255 255 
-0.372045811709012 -0.903025118315754 -0.21477325198971 0 216 255 255 
-0.393749763800827 -0.909370642036181 -0.134186933104373 0 216 255 255 
-0.164184873184564 -0.982211452898881 -0.0911261245140053 0 216 255 255 
0.241592840445941 -0.958161753076472 -0.153489149740681 0 216 255 255 
0.32738697864862 -0.93353750362341 -0.146032439442075 0 216 255 255 
0.30422952347972 -0.924675622418326 -0.228952812772222 0 216 255 255 
0.256688291636747 -0.965173271460295 -0.0505138510677614 0 216 255 255 
0.37962168441999 -0.900268854045066 -0.213080659017017 0 216 255 255 
0.341951974220049 -0.938259870149692 -0.0523186264270506 0 216 255 255 
-0.512191289305765 -0.83947205972326 -0.181512380248103 0 216 255 255 
-0.44343349379307 -0.874118971048619 -0.198198791908126 0 216 255 255 
-0.473079576094895 -0.873975401033215 -0.111187610349006 0 216 255 255 
-0.538013368557347 -0.833847399915537 -0.123450891744322 0 216 255 255 
-0.576610097108643 -0.799922920582121 -0.16626520123068 0 216 255 255 
-0.588903959851237 -0.802095249585745 -0.099173202868488 0 216 255 255 
-0.532974179492897 -0.84415285804017 -0.0578312922260219 0 216 255 255 
0.524379375439378 -0.842358442559842 -0.124332213274006 0 216 255 255 
0.104869535821788 0.479107568591783 0.871469038696604 0 216 255 255 
0.130583717610961 0.402568863995602 0.906027691415769 0 216 255 255 
0.196421686124793 0.450821962898282 0.870734218383652 0 216 255 255 
0.519308935383079 -0.835460664466105 -0.179787952436697 0 216 255 255 
0.582377326235414 -0.796005407776714 -0.164960724953783 0 216 255 255 
0.589792310417048 -0.803168317964163 -0.0840573924982412 0 216 255 255 
0.528542921750835 -0.848318801427918 -0.0315839227196579 0 216 255 255 
-0.637012218184778 -0.755415287686583 -0.153503020048711 0 216 255 255 
-0.646588472306462 -0.759387326414091 -0.0724859111054702 0 216 255 255 
-0.693787608619822 -0.705571396525824 -0.144318255167022 0 216 255 255 
-0.999978715558202 0.00652321543382432 5.43659548206307E-05 0 216 255 255 
-0.996142038798014 0.00778152693994657 0.0874098051186575 0 216 255 255 
-0.997605906964967 0.0523149484457103 0.0452282730309312 0 216 255 255 
0.882333442047596 0.465743108711847 -0.0676094308014132 0 216 255 255 
0.91245075982248 0.396775678887039 -0.100013254523384 0 216 255 255 
-0.413140873821147 -0.908370997076806 -0.0646276755410536 0 216 255 255 
0.64180212894205 -0.751534225555833 -0.152598608274749 0 216 255 255 
0.652140578678333 -0.75652149568771 -0.0488652388242989 0 216 255 255 
-0.752726262209125 -0.653278569149795 -0.0814263712914249 0 216 255 255 
-0.746119628550059 -0.650901074623156 -0.140118847242254 0 216 255 255 
-0.793458726857423 -0.59174685063228 -0.142333812639449 0 216 255 255 
-0.168817205585032 0.0850855438101509 0.981968015777661 0 216 255 255 
-0.0837161827066097 0.0961339338535709 0.991841645694219 0 216 255 255 
-0.151669645559902 0.160091788080689 0.975380396064489 0 216 255 255 
-0.84744423099079 -0.524223798283695 -0.0838311193789871 0 216 255 255 
0.879650477455822 -0.46526064776272 -0.0987297128496241 0 216 255 255 
0.851115780923926 -0.513593410237378 -0.108737001150479 0 216 255 255 
0.829385101346447 -0.548743265613738 -0.104886511924252 0 216 255 255 
-0.902374465101005 -0.371699650059799 -0.218081853643114 0 216 255 255 
-0.867994401977372 -0.46612697378875 -0.171205619134968 0 216 255 255 
0.244161898669785 -0.922016911621152 0.300449298983432 0 216 255 255 
0.286446608672749 -0.914273856258374 0.286446608672879 0 216 255 255 
0.260840402188865 -0.91286892603289 0.314058288352437 0 216 255 255 
-0.881780128991846 -0.434144644142327 -0.184342702825886 0 216 255 255 
0.870582912483881 0.45114832718049 0.196343014769674 0 216 255 255 
0.871422441359713 0.47765581424881 0.111659420041935 0 216 255 255 
0.835548957019491 0.51915387289903 0.179825461932141 0 216 255 255 
-0.93935647428871 -0.337985042977527 -0.0580990782827114 0 216 255 255 
0.908927987048738 -0.400260012040486 -0.116798225517333 0 216 255 255 
0.937896626633988 -0.343517096456118 -0.0484344566894027 0 216 255 255 
-0.957295320433379 0.25357577730102 0.138870424856587 0 216 255 255 
-0.9744279957876 0.164975197505034 0.152555718490456 0 216 255 255 
-0.960399406358435 0.204930828139084 0.188775877947225 0 216 255 255 
-0.981290214499287 -0.17281588146379 -0.084877360423673 0 216 255 255 
-0.966383651666859 -0.251412677996423 -0.0537985049155335 0 216 255 255 
0.981122128816428 -0.177226901525801 -0.077394910368604 0 216 255 255 
0.965572556205102 -0.256468069139718 -0.0435171063689976 0 216 255 255 
-0.996130987202991 0.00570323234682224 -0.0876955881778696 0 216 255 255 
-0.990394147131159 -0.038252956302219 -0.132876413608564 0 216 255 255 
-0.990414900052621 0.0492277887697148 -0.129054047674061 0 216 255 255 
0.996552096633451 -0.00195294837288817 -0.0829463191520084 0 216 255 255 
0.992026839268273 -0.0918830824647205 -0.0862567711034227 0 216 255 255 
0.991303153955707 0.0391651181304415 -0.125634976822425 0 216 255 255 
-0.991605864100042 0.097591531042669 -0.0848156008117177 0 216 255 255 
-0.412540564880616 -0.0558407915882359 -0.90922608623936 0 216 255 255 
0.198288379111237 -0.443060150870729 0.874287951132866 0 216 255 255 
0.111361237562712 -0.47252109516869 0.874255375290438 0 216 255 255 
0.181656450559136 -0.511597553944018 0.839802879755168 0 216 255 255 
0.992755362808965 0.0875829894407898 -0.0822556527090913 0 216 255 255 
0.995342366648574 0.0025450015192533 0.0963695195974857 0 216 255 255 
0.990985533123411 0.0902724110126846 0.0989876186638254 0 216 255 255 
0.989111412514655 0.0445726295493534 0.140256520699485 0 216 255 255 
-0.958970615220137 0.254957473864393 -0.123984055312064 0 216 255 255 
-0.980513499502764 0.183544179804831 -0.0700342426639583 0 216 255 255 
-0.00818841983314623 0.999944044401348 0.00669673533200022 0 216 255 255 
0.0369330020325629 0.998076408038906 0.0497939102614618 0 216 255 255 
0.0802161103487177 0.996753853881248 0.00686436330357521 0 216 255 255 
0.98246869174319 0.172804165419508 -0.0699569248398691 0 216 255 255 
-0.964956908549936 0.259996042196243 -0.0354996203492035 0 216 255 255 
0.938106412067248 0.323826518516783 -0.122852462388297 0 216 255 255 
0.966782117062486 0.253361562771457 -0.0337673045792762 0 216 255 255 
-0.908781369978637 0.131360236741694 0.396056674105867 0 216 255 255 
0.84388194097805 0.524759858934162 -0.11176016132772 0 216 255 255 
0.803810409131441 0.590886659522038 -0.0688603881267527 0 216 255 255 
0.846849203322847 0.53120544452235 -0.0258297653065121 0 216 255 255 
0.704594526782739 0.706540886139328 -0.0659279380345643 0 216 255 255 
0.757921522650556 0.65199456898023 -0.0214012751810163 0 216 255 255 
0.589786561276573 0.804736745023188 -0.0674578273967635 0 216 255 255 
0.525722132350439 0.843808114161246 -0.107722249309631 0 216 255 255 
0.649075428725803 0.760454313392668 -0.0202556313449978 0 216 255 255 
0.3980866518782 0.913958678896289 -0.0787814598140738 0 216 255 255 
0.316706178240353 0.941448678624652 -0.11563547096507 0 216 255 255 
0.471402773949767 0.879771775893485 -0.0614901196607964 0 216 255 255 
0.532444776469255 0.846102541846133 -0.0247594502214952 0 216 255 255 
-0.254895561298987 0.958895863231917 -0.124687515817652 0 216 255 255 
-0.183983512957959 0.980582620014571 -0.0678806075639013 0 216 255 255 
-0.259972667405403 0.964929572116439 -0.0364023819569392 0 216 255 255 
0.0801629801508865 0.993607274353502 -0.079488780140686 0 216 255 255 
0.032589083950475 0.992226623249424 -0.12010111187541 0 216 255 255 
0.0828527049082065 0.992161940523355 0.0935419537968046 0 216 255 255 
-0.00743279634903271 0.995759932662834 0.0916891419020027 0 216 255 255 
0.0356003124287669 0.990367700288889 0.133807448144056 0 216 255 255 
0.164514691840625 0.983961839429357 -0.0689492506830065 0 216 255 255 
0.242060948503403 0.96962493269802 -0.0351279034300363 0 216 255 255 
0.321853612331141 0.946182848057221 -0.0338858652322349 0 216 255 255 
-0.16338279361548 -0.986501943369705 -0.0109527347368955 0 216 255 255 
-0.122558110222255 -0.991924978192824 0.032624290943944 0 216 255 255 
-0.0367324710972836 -0.997914705372961 -0.0530750658081138 0 216 255 255 
-0.998360659454021 -0.0379915165814793 0.0428092787717011 0 216 255 255 
-0.394577273162438 -0.918861880878037 0.00126727463231294 0 216 255 255 
-0.465043676821911 -0.885143010332231 -0.0160066036931677 0 216 255 255 
-0.321766027094459 -0.946205469205128 0.0340854072437853 0 216 255 255 
-0.242023999691158 -0.969712991139068 0.0328797392115223 0 216 255 255 
-0.0701120074265131 -0.983685148813257 0.165673831100044 0 216 255 255 
-0.143399490469951 -0.979191407482424 0.143599290383577 0 216 255 255 
0.0502812567987489 -0.997401616789959 -0.0515926953229419 0 216 255 255 
0.0934126602501236 -0.995612199642512 -0.00551455274279619 0 216 255 255 
0.177316652152711 -0.984145809567202 -0.0039764636092806 0 216 255 255 
0.258545691866189 -0.964915431963036 0.0457417398479352 0 216 255 255 
0.343876755664561 -0.937559852452122 0.0522520627660372 0 216 255 255 
0.394506215177626 -0.918885998398351 0.00365539475346966 0 216 255 255 
0.458191852447704 -0.888792881680322 0.0103639950788756 0 216 255 255 
0.411763212546512 -0.909455765940845 0.0578036414263585 0 216 255 255 
-0.591751611510241 -0.805869200734964 -0.0201206269859294 0 216 255 255 
-0.530426294858415 -0.847394732947723 0.0238765694563102 0 216 255 255 
0.594510310313969 -0.803836006403454 0.0201268743719475 0 216 255 255 
0.526218456559055 -0.846975855217299 0.0756703064856704 0 216 255 255 
-0.703745971118476 -0.709615414997399 -0.0344605267838627 0 216 255 255 
-0.649401221667163 -0.760224899640848 0.018333698353594 0 216 255 255 
-0.311490364591448 0.263063109463422 -0.913110920544823 0 216 255 255 
0.711963382317777 -0.702214179294003 0.00179823132582302 0 216 255 255 
0.655896006902995 -0.751874374371975 0.0669722986576169 0 216 255 255 
-0.804229881325038 -0.593129296038269 -0.0375751268482323 0 216 255 255 
-0.757134058230289 -0.653149703615698 0.0119768572259259 0 216 255 255 
0.847598914030477 -0.528460305558401 -0.0480184366085352 0 216 255 255 
0.763319907749392 -0.643671619242987 0.055040894505139 0 216 255 255 
-0.887449895453311 -0.460387239698001 -0.0218231114623859 0 216 255 255 
-0.848501946536402 -0.529045139966166 0.0124761403595481 0 216 255 255 
0.886852345457374 -0.46204624397438 0.00248094786582331 0 216 255 255 
0.846233386282704 -0.530893840871686 0.0451747884311344 0 216 255 255 
-0.918865074309116 -0.394570679480366 0.00097150349782499 0 216 255 255 
-0.909960116071828 -0.41002448031275 -0.0620685582680162 0 216 255 255 
0.91832841766989 -0.395797721608929 0.00413196815426384 0 216 255 255 
0.908621351621523 -0.414420892497821 -0.0515999535094423 0 216 255 255 
-0.945061090283565 -0.324916707590968 0.0358978034554335 0 216 255 255 
-0.968447083368158 -0.246542965846637 0.0364251648342725 0 216 255 255 
-0.985650077420995 -0.168707080029466 -0.0056417766987639 0 216 255 255 
0.984946385544497 -0.17277849529227 0.00530941043486451 0 216 255 255 
-0.990682646439532 -0.128001270938211 -0.0465141436579786 0 216 255 255 
0.99820043270978 -0.045383027658817 -0.0391953151638657 0 216 255 255 
-0.0476759656522126 0.348660932049756 0.936035539737766 0 216 255 255 
-0.0509782268394474 0.419617257975405 0.906268486337779 0 216 255 255 
0.999976404266645 0.000332647596828287 0.00686053876551337 0 216 255 255 
0.795098757947376 -0.589487198932636 -0.142558086461951 0 216 255 255 
-0.995369403678618 0.0960804230250838 0.00287937238651271 0 216 255 255 
-0.997765129220004 0.0515776708518883 -0.0424792511700201 0 216 255 255 
-0.991043522309022 0.0984608755590006 0.090211843572544 0 216 255 255 
0.996074803908402 0.0881153952875742 0.00840532917151215 0 216 255 255 
0.998342485603646 0.0436070029112173 -0.0375593754835724 0 216 255 255 
0.297846384265663 -0.922219740295754 0.246573075268002 0 216 255 255 
0.314058288352353 -0.912868926032878 0.260840402188937 0 216 255 255 
-0.137555095109729 0.498672681426483 0.855806141771726 0 216 255 255 
-0.159674913830137 0.501119434050975 0.850519391145296 0 216 255 255 
-0.414224758006178 0.166538563290632 0.894808781787265 0 216 255 255 
-0.400921233755614 0.200862954874853 0.893821145364654 0 216 255 255 
-0.432525696026007 0.185077574531929 0.88242156234423 0 216 255 255 
-0.495232155755978 0.132653873099393 -0.858573270487537 0 216 255 255 
-0.497657318468943 0.160689494150865 -0.852359126101787 0 216 255 255 
-0.983499987769006 0.180817550695625 0.00572478867772374 0 216 255 255 
0.399495428789756 -0.908974258559826 0.119034409771874 0 216 255 255 
0.412243047088201 -0.909702413599591 -0.0499717943498376 0 216 255 255 
0.909066030651546 -0.395309543597159 0.131640764925323 0 216 255 255 
0.908137333810294 -0.414272648678967 0.0605371313277651 0 216 255 255 
-0.43335022881594 0.184702435682925 -0.882095567070777 0 216 255 255 
-0.18246306209646 0.438356873518605 -0.880085497219969 0 216 255 255 
0.852855434951548 -0.160970225516843 -0.496715405011104 0 216 255 255 
0.990877185774483 0.130560194045401 -0.0334131008024577 0 216 255 255 
0.98992712374977 0.131584021296222 0.0522487507140449 0 216 255 255 
-0.96431745481212 0.259450149334853 0.0527016763671712 0 216 255 255 
0.169845940513943 -0.866259062612998 0.469837838607694 0 216 255 255 
0.885482107438128 0.464314476553197 0.018261488495706 0 216 255 255 
0.804161726166982 0.594128667540174 0.0183035787090506 0 216 255 255 
0.842573769077813 0.535515940279904 0.0573768467383939 0 216 255 255 
0.705695084985336 0.707850653423148 0.0306895367352378 0 216 255 255 
0.756901261678178 0.649693140534192 0.0707055343690403 0 216 255 255 
0.59063434842793 0.806763157307792 0.0168599282244051 0 216 255 255 
0.642165570315636 0.762730677567029 0.0765849855290159 0 216 255 255 
0.401122943881641 0.915940048553776 0.0124173799388568 0 216 255 255 
0.471970920144033 0.881488876862536 0.0148593470589506 0 216 255 255 
0.534481435954167 0.843255831558681 0.0570016558959615 0 216 255 255 
-0.181002209121473 0.983456498208296 0.00717653679334942 0 216 255 255 
-0.259476988797762 0.964348945256018 0.0519885026795856 0 216 255 255 
-0.140348454756724 0.989540508283375 -0.0333450312890313 0 216 255 255 
0.324533255041049 0.944457683780829 0.0517477756284514 0 216 255 255 
-0.940873128985222 -0.0369231461387281 0.336740873725545 0 216 255 255 
-0.913979425781134 -0.102058238617415 0.392715807811947 0 216 255 255 
-0.912032949367201 -0.0363954571066538 0.408498792612772 0 216 255 255 
-0.164437909549752 -0.984000510781921 0.0685795280054231 0 216 255 255 
0.0948072352861549 -0.991784272274812 0.0858808952511758 0 216 255 255 
0.0505112364315627 -0.997968009170546 0.0388389466583224 0 216 255 255 
-0.164160047697704 0.00779814785572301 0.986402885929481 0 216 255 255 
-0.163812376254942 -0.0693553015393583 0.984050472035676 0 216 255 255 
-0.122234872066505 -0.0337972230290064 0.991925592477859 0 216 255 255 
-0.395167857092427 -0.91490848165953 0.082369943100067 0 216 255 255 
-0.315578430914182 -0.941632760330338 0.117209124116772 0 216 255 255 
-0.230264316121269 -0.964385623239452 0.130148709538966 0 216 255 255 
0.0730221738751915 0.981645144630745 0.176183298421573 0 216 255 255 
0.1492464595482 0.976260312741248 0.156975398497943 0 216 255 255 
0.179385317185766 -0.980669688214179 0.0781527366769 0 216 255 255 
0.158293499853228 -0.975276174212703 0.154206132086641 0 216 255 255 
0.247487564463078 -0.957779346505268 0.146316767875214 0 216 255 255 
0.297358953842314 -0.94974566260964 0.0977794621148036 0 216 255 255 
0.336849897160981 -0.930181344780202 0.145927369461895 0 216 255 255 
0.458136913178091 -0.88288623003964 0.10306534405947 0 216 255 255 
-0.46802620043922 -0.881480754831568 0.0627944381760044 0 216 255 255 
-0.589318387591494 -0.80520796607073 0.0659085928034225 0 216 255 255 
-0.524122649955376 -0.844806910858433 0.107688006221643 0 216 255 255 
0.595601813443659 -0.790633639259547 0.141975099570731 0 216 255 255 
0.533887172213326 -0.831892817890029 0.151389655874746 0 216 255 255 
-0.704193433788456 -0.70736836942213 0.0611683077707087 0 216 255 255 
-0.645386840179891 -0.75601444128237 0.10916940381722 0 216 255 255 
0.653777694414413 -0.743586934808233 0.140189860636473 0 216 255 255 
0.707547499976059 -0.691716774782389 0.144583674649005 0 216 255 255 
-0.804552388736867 -0.591062887584433 0.0577934341840253 0 216 255 255 
-0.754299836852901 -0.647950419536035 0.105792125629996 0 216 255 255 
0.222515013903427 -0.944126856113379 -0.243128666220942 0 216 255 255 
0.80461612768518 -0.586890614895665 0.0902899482995545 0 216 255 255 
0.75664476632669 -0.635480435108683 0.153796340399663 0 216 255 255 
-0.882105939429025 -0.467497768425958 0.0577488894335821 0 216 255 255 
-0.844896627630276 -0.525124746485832 0.101949303884381 0 216 255 255 
-0.452871965404706 -0.879919141887015 0.143698487712035 0 216 255 255 
0.874948670812302 -0.472505428803567 0.105846158544789 0 216 255 255 
0.835337344792006 -0.536883335762872 0.118185430732231 0 216 255 255 
-0.000728077859842226 -0.393990579379729 0.919114182241285 0 216 255 255 
0.0162564257586823 -0.464457385940276 0.8854462416166 0 216 255 255 
0.0649913729470346 -0.412603099373045 0.908589450920298 0 216 255 255 
-0.914490781796567 -0.396407417955671 0.0810416159214889 0 216 255 255 
-0.940506681752357 -0.318582461578613 0.118120185181115 0 216 255 255 
0.00871930471845382 0.00742457960051817 0.999934416311467 0 216 255 255 
-0.0369664352986558 0.0515310568748508 0.99798698836336 0 216 255 255 
0.935014637314263 -0.321437056101838 0.149752545288812 0 216 255 255 
0.959790365825146 -0.233484392051978 0.155844333278545 0 216 255 255 
-0.983063155363297 -0.168082330007974 0.0730420817610789 0 216 255 255 
-0.963181072715008 -0.233813805734389 0.132715102448451 0 216 255 255 
0.981470638032055 -0.17020996586783 0.08799962313695 0 216 255 255 
-0.97813535368839 -0.146266310512707 0.147842409674894 0 216 255 255 
-0.992832091032869 -0.0827635459967095 0.0862242292714265 0 216 255 255 
0.11704605257956 0.54320175517379 0.831403672631987 0 216 255 255 
0.179891818747112 0.51887958554345 0.835705037276516 0 216 255 255 
0.975644120384206 -0.144799173220089 0.16477782116991 0 216 255 255 
0.991553453706772 -0.0853105056729252 0.0976926244348048 0 216 255 255 
-0.243095746166889 0.944083892175327 0.222733165294912 0 216 255 255 
0.997574350018391 0.0454064678402199 0.0527604486805904 0 216 255 255 
-0.979680325922428 0.183419222295389 0.0811408195130174 0 216 255 255 
-0.98913377790456 0.139940047352145 0.045068279838879 0 216 255 255 
0.90614107093698 0.400854846391741 0.134995297017721 0 216 255 255 
-0.94637556702057 0.244862034037636 -0.210750731068241 0 216 255 255 
0.134453125442235 -0.393332570210018 0.909511858449562 0 216 255 255 
0.932555326355796 0.327548829708339 0.151829867584493 0 216 255 255 
0.00680122158730673 -0.986053776580992 0.166287939260145 0 216 255 255 
-0.144011740923778 0.703211130449024 0.696243294168639 0 216 255 255 
-0.140105330603637 0.650262540895956 0.746678729142284 0 216 255 255 
-0.879658689355073 -0.454336046183802 0.1406389538886 0 216 255 255 
0.799606918830987 0.592460458282174 0.0980783770545721 0 216 255 255 
0.831010878483372 0.542557719705223 0.122686733723259 0 216 255 255 
0.144586136425621 -0.69169779350407 0.707565553025235 0 216 255 255 
0.0768277876245004 -0.760425214172005 0.644865063132764 0 216 255 255 
0.140190215232157 -0.743575563081462 0.653790552010346 0 216 255 255 
0.703610248394975 0.695829387812859 0.144062769642803 0 216 255 255 
0.650544420749483 0.746432052796082 0.140111196932467 0 216 255 255 
0.752546196017676 0.640559771116033 0.152831288078429 0 216 255 255 
0.584006915860325 0.807762933757666 0.0803427725821213 0 216 255 255 
0.53238385198284 0.832795841603457 0.151718559405732 0 216 255 255 
0.593273255718915 0.79234422259754 0.142188176378457 0 216 255 255 
0.553661127861438 0.825672512011155 0.108278609505854 0 216 255 255 
0.439844743756617 0.896292862580259 0.0565305512287951 0 216 255 255 
0.520485404759525 0.846818353447998 0.109515382953715 0 216 255 255 
-0.183078847829491 0.979673931140717 0.0819823692442572 0 216 255 255 
-0.253576183151569 0.957295814733084 0.138866276351404 0 216 255 255 
-0.163544776472449 0.974604242953893 0.15296946710403 0 216 255 255 
-0.0977768408934507 0.990914630637507 0.0923464614108015 0 216 255 255 
-0.0526350201516456 0.997387487261313 0.0494747549793603 0 216 255 255 
0.239900586020991 0.960136380400872 0.143477556549393 0 216 255 255 
0.323664147425791 0.937740553089926 0.126032391704644 0 216 255 255 
-0.29120369634917 -0.936786305836442 0.193989192733586 0 216 255 255 
-0.370442666581942 -0.911000372048349 0.181247131565806 0 216 255 255 
-0.218322273726218 -0.950926294407987 0.21925908964033 0 216 255 255 
-0.130327523380217 -0.96407638502912 0.23145503583448 0 216 255 255 
-0.980720341578669 0.0899058602705143 0.173506568835171 0 216 255 255 
-0.985152306415673 0.00934776567674147 0.171427931174846 0 216 255 255 
0.0837888955150717 -0.981677445298033 0.17113970056529 0 216 255 255 
0.143434384248976 -0.959318537876135 0.243175844533568 0 216 255 255 
0.30375181741993 -0.930703663301113 0.203778114391733 0 216 255 255 
0.240159971244334 -0.939841688455166 0.242941916482544 0 216 255 255 
0.40552568126246 -0.892295585324693 0.198387279586439 0 216 255 255 
-0.0799734238566698 0.00766426254800691 0.996767525002562 0 216 255 255 
0.996133105110394 -0.0876598581786601 0.00587986687475337 0 216 255 255 
-0.511515208231992 -0.837138756035262 0.193780455043122 0 216 255 255 
-0.58109360597382 -0.799189249422944 0.153709903930761 0 216 255 255 
-0.436840876723034 -0.869569786555401 0.230257257264923 0 216 255 255 
-0.697671388196356 -0.699725496786579 0.15374923750124 0 216 255 255 
-0.635096040770249 -0.746301847010516 0.199214804467675 0 216 255 255 
-0.567054780999156 -0.787510338503013 0.241404866055886 0 216 255 255 
-0.79849878720843 -0.583080075154067 0.14972400926114 0 216 255 255 
-0.745015197728899 -0.637160235112535 0.197431391665819 0 216 255 255 
0.800524898306637 -0.575715217582687 0.166468842514492 0 216 255 255 
-0.83668014207066 -0.513440586367604 0.190643835967352 0 216 255 255 
-0.786653625214006 -0.569147936256222 0.239262755962704 0 216 255 255 
0.839792027013737 -0.511617048342534 0.18165171974328 0 216 255 255 
0.874281642934609 -0.443074095943286 0.19828503324191 0 216 255 255 
-0.910067557390677 -0.37313273638376 0.180413338909947 0 216 255 255 
-0.868814074455065 -0.439351201920743 0.228325634312062 0 216 255 255 
-0.179595980714289 0.835008048806787 0.520102722754836 0 216 255 255 
-0.145024087643389 0.875112701724955 0.461677110351163 0 216 255 255 
-0.196230124499175 0.870365573981497 0.451616547468205 0 216 255 255 
-0.212892903410057 0.89996062805124 0.380456935448482 0 216 255 255 
0.903070001500321 -0.371920818451451 0.214801017877435 0 216 255 255 
-0.935499272489125 -0.294845857522518 0.194697238783087 0 216 255 255 
0.927535000573061 -0.293839908895413 0.230947896255726 0 216 255 255 
-0.949507782278511 -0.222520368128579 0.221177844483194 0 216 255 255 
0.946339485426803 -0.210945162146463 0.244834060328734 0 216 255 255 
-0.982716011721839 -0.0709467112616762 0.170984754541389 0 216 255 255 
0.0974497233785908 0.00715923251845918 0.995214693191326 0 216 255 255 
0.980415865262423 -0.0713189920065287 0.183571011679583 0 216 255 255 
0.958723768306158 -0.126291666826813 0.254753118326632 0 216 255 255 
0.96489507023006 -0.0375106913942572 0.25994317041908 0 216 255 255 
0.983473616784302 0.00467714772432587 0.180991036016308 0 216 255 255 
0.979683739607831 0.0804822995577312 0.183690920944966 0 216 255 255 
0.964384948799762 0.0511608711921831 0.25950768030854 0 216 255 255 
-0.958170532529047 0.156427685979739 0.239665553778407 0 216 255 255 
-0.944125438000723 0.243127579506636 0.22252221819645 0 216 255 255 
0.289723760138915 -0.106775858196481 -0.951135665430394 0 216 255 255 
0.955845701243599 0.0843309293703949 -0.281508945038107 0 216 255 255 
0.278317590091239 0.957273991477689 -0.0785227403795491 0 216 255 255 
-0.277953472572233 -0.957362329947592 0.078735204935674 0 216 255 255 
-0.282023030432411 -0.953330232930836 -0.107816843737772 0 216 255 255 
-0.952077806608482 0.104446178727529 -0.287469719931125 0 216 255 255 
-0.0495067936014059 0.943286274699909 0.328268273011682 0 216 255 255 
-0.0986882237702292 0.953106755372613 0.286091144161168 0 216 255 255 
-0.0517486203306411 0.966943733746335 0.24968355038369 0 216 255 255 
0.957386579926784 0.138102297237693 0.253650729055836 0 216 255 255 
0.94431234519102 0.221570474413754 0.243270877362466 0 216 255 255 
-0.103228192151812 0.956223523019554 -0.273825692759474 0 216 255 255 
-0.0344848076564213 -0.945698243739625 0.323211403241207 0 216 255 255 
-0.11657678566726 -0.940993696358446 0.317711655467 0 216 255 255 
-0.0794736595909324 -0.956844089653911 0.279523383497479 0 216 255 255 
-0.950752084923435 -0.292272869722539 -0.103184482521984 0 216 255 255 
-0.9333871311106 0.150290083085316 0.325885463981173 0 216 255 255 
-0.951144981300847 0.106912525515707 0.289642765447201 0 216 255 255 
0.158231308513395 -0.229684921911927 0.960316435508677 0 216 255 255 
0.0595406048978986 -0.243391579168458 0.968098874193692 0 216 255 255 
0.108352223364794 -0.281602547028573 0.953393830360717 0 216 255 255 
0.152037724668364 -0.318309058858933 0.935715689842223 0 216 255 255 
0.0785732183105345 0.958722560809339 -0.273271471494991 0 216 255 255 
0.287424630003794 0.0833267857114889 -0.954171747727469 0 216 255 255 
-0.143427683730784 0.339762184140896 0.929510699848817 0 216 255 255 
-0.0945465522277603 0.30063566524942 0.94904116877229 0 216 255 255 
-0.0425174472820738 0.261473170108236 0.964273829802847 0 216 255 255 
-0.143689970327713 0.249863630455025 0.957560089647682 0 216 255 255 
0.924950851530132 0.303247671380198 0.229143562378669 0 216 255 255 
-0.956139282077478 -0.28150580492555 0.080945361115742 0 216 255 255 
0.950340588465519 0.291650775273213 0.108593674664418 0 216 255 255 
0.953691773090579 0.289631208644952 -0.0811526951299273 0 216 255 255 
0.292561686364865 -0.950917467652689 -0.100814799068988 0 216 255 255 
0.0837127254109666 0.282076665283554 -0.955732667071011 0 216 255 255 
-0.241332985053534 -0.0350569935171745 0.969808939751127 0 216 255 255 
-0.320710279636849 -0.0337618559634984 0.946575424938077 0 216 255 255 
-0.277348032093888 -0.0787895882879268 0.95753342828725 0 216 255 255 
-0.229599219674541 -0.129679876810192 0.964607330033053 0 216 255 255 
-0.315612756658721 -0.116052575635339 0.941764496681669 0 216 255 255 
0.125790166670603 -0.937116548197937 0.32556013033272 0 216 255 255 
0.051420842083466 -0.943890019565597 0.326232295185528 0 216 255 255 
0.0928574706927386 -0.953728334896332 0.285971590315536 0 216 255 255 
-0.0892455684207126 0.287672743579741 -0.953561543992124 0 216 255 255 
0.899940553475365 0.380511253437713 0.212880685593806 0 216 255 255 
0.950216794463042 -0.296512036377559 -0.0957530660071577 0 216 255 255 
0.283711510770896 0.954381835091013 0.0930757140243245 0 216 255 255 
0.328784230949659 0.236657873717666 -0.914272375928387 0 216 255 255 
-0.193060435448329 -0.936457238598411 0.292874531002208 0 216 255 255 
-0.179911102443559 -0.910272528105776 0.372875164661756 0 216 255 255 
-0.229169248745607 -0.916289883147673 0.328472680793411 0 216 255 255 
-0.262709531375199 -0.893173877951724 0.36499877824876 0 216 255 255 
-0.279253618567542 -0.91828960242862 0.280644966951245 0 216 255 255 
0.796401056818241 0.581799253251757 0.165090840778111 0 216 255 255 
-0.915434644435425 -0.330250501202323 0.230030465394934 0 216 255 255 
-0.892423429677761 -0.366680813512296 0.262917451812719 0 216 255 255 
0.0983535993694272 0.0943189420884556 0.990671736916532 0 216 255 255 
0.0530843255091359 0.0509491082091449 0.997289445924687 0 216 255 255 
0.371447148355362 0.913544790736539 0.165719427801307 0 216 255 255 
0.238409468361109 0.940650511349596 0.241531617437004 0 216 255 255 
0.0358078394888042 0.998706201877097 -0.0361070280447267 0 216 255 255 
-0.0350957280575259 -0.0361765617084541 0.998728963498844 0 216 255 255 
-0.0404748545259434 -0.0511044405628539 -0.997872796676617 0 216 255 255 
0.997747879587873 -0.0426084404537388 0.0518043006096646 0 216 255 255 
0.0452545805572725 0.0382171311906011 -0.998244193561148 0 216 255 255 
0.0417681809772103 0.943272529207026 0.329381746548531 0 216 255 255 
-0.00512192041447232 0.956960193524859 0.290174000596927 0 216 255 255 
0.0390380142011377 0.967151965834417 0.251183377426285 0 216 255 255 
-0.282892474696446 0.00878806419694086 0.95911136727041 0 216 255 255 
-0.00693144731528687 0.984847508746296 0.173283942611736 0 216 255 255 
-0.0873259208771182 0.980882439528156 0.173907464298108 0 216 255 255 
0.136550353164948 0.959839967776758 0.245073876782401 0 216 255 255 
0.191586414232992 0.961471139507424 0.197149403478882 0 216 255 255 
0.311863328576855 0.929904169407582 0.194985877010638 0 216 255 255 
0.954383385541361 0.298255424857809 0.0140017659917038 0 216 255 255 
-0.0113667830516373 0.960904104050419 -0.276647963797487 0 216 255 255 
0.954326206943732 -0.298727834963639 0.00481299154729226 0 216 255 255 
0.283792387988044 0.958849900720877 0.00829129419534469 0 216 255 255 
0.295685715028083 -0.0116563581214893 -0.955214155109551 0 216 255 255 
-0.95673304008617 -0.290798224384508 -0.00991355853560777 0 216 255 255 
0.300948155316234 -0.953639728620186 -0.00121241818185007 0 216 255 255 
-0.363200210402548 -0.893553468437972 0.26390867483139 0 216 255 255 
-0.326642364287021 -0.916639780461561 0.230382888565438 0 216 255 255 
0.194593612539178 -0.92936782835291 0.313701703049929 0 216 255 255 
-0.494309612467829 -0.823037310435046 0.279763402416932 0 216 255 255 
-0.418234406636324 -0.852546418658519 0.31343987865217 0 216 255 255 
-0.339568934929723 -0.876638591920685 0.340877822775477 0 216 255 255 
-0.61889433429429 -0.730804763599666 0.287913468741951 0 216 255 255 
-0.684889831642207 -0.686521066078349 0.24416123501704 0 216 255 255 
-0.547644695704933 -0.769766140329568 0.327941065264325 0 216 255 255 
-0.729601175829241 -0.620734702375878 0.287002644321153 0 216 255 255 
-0.666222717966652 -0.667692782220737 0.332165022693513 0 216 255 255 
-0.822258727150515 -0.496699242534881 0.277813636135874 0 216 255 255 
-0.768831366876095 -0.549780562835879 0.326557234732073 0 216 255 255 
0.105065284601589 -0.907774354620811 0.406087410664107 0 216 255 255 
0.165406798941314 -0.913108986473728 0.37265609779498 0 216 255 255 
-0.851635936859756 -0.421294553560192 0.31181260926537 0 216 255 255 
-0.875501090451615 -0.343809890061974 0.33954760254919 0 216 255 255 
-0.217845796020773 -0.217841753461438 0.95136121463064 0 216 255 255 
-0.128841818483317 -0.229651755558989 0.964707121076141 0 216 255 255 
-0.180216536026994 -0.180592219094903 0.966906637888571 0 216 255 255 
-0.939070838573292 -0.124435926161824 0.320408556381855 0 216 255 255 
-0.92463671761733 0.228925871501268 0.304368010685849 0 216 255 255 
0.34320227018059 0.908707760111205 0.237618205450007 0 216 255 255 
0.0844969955280919 0.953673320097263 0.288734225613887 0 216 255 255 
0.12000185857769 0.937323132617785 0.327146583799608 0 216 255 255 
0.192036116367405 0.929813554858301 0.313956804581848 0 216 255 255 
-0.0793708482433509 -0.91336441357331 0.399331545924378 0 216 255 255 
0.0120257984892683 -0.915322684675357 0.402541604008907 0 216 255 255 
-0.393474137064975 -0.830383321156054 0.394514401721706 0 216 255 255 
-0.4722321775721 -0.802854928993283 0.363896553148064 0 216 255 255 
-0.312541815457697 -0.852125524456063 0.419761451893741 0 216 255 255 
-0.229407148225183 -0.868704586238659 0.439004182049903 0 216 255 255 
-0.142596421990265 -0.878479852844194 0.45600370264399 0 216 255 255 
-0.597027165714076 -0.709536936125891 0.374320536130694 0 216 255 255 
-0.522827145732365 -0.746219800534297 0.412077358980767 0 216 255 255 
-0.444626083864032 -0.777167589833532 0.445329259164223 0 216 255 255 
-0.708451721033346 -0.598754677137885 0.373616058876099 0 216 255 255 
-0.641889482000226 -0.643198532824449 0.417460780485922 0 216 255 255 
-0.802011852587822 -0.474828930693245 0.362373347766254 0 216 255 255 
-0.745302558790743 -0.524991832041709 0.410983718632635 0 216 255 255 
-0.829554592531283 -0.396873570734773 0.392849230451927 0 216 255 255 
-0.776449525324669 -0.447284563219215 0.44391735832765 0 216 255 255 
-0.892033972566399 -0.268732430323576 0.363398207517762 0 216 255 255 
-0.851411700123161 -0.317227471607963 0.417689863982935 0 216 255 255 
-0.909264538597749 -0.189232150084484 0.370714404542931 0 216 255 255 
-0.86846117892598 -0.236063490696202 0.435946306545273 0 216 255 255 
-0.879799780206476 -0.152318383784466 0.450279279943111 0 216 255 255 
-0.0618123080676404 -0.878998277568827 0.472801495565612 0 216 255 255 
-0.899977625344602 0.212903249359147 0.380410936199929 0 216 255 255 
-0.371019021592505 -0.179660832614486 0.911080040123716 0 216 255 255 
-0.363668013199912 -0.262605361587496 0.893747158098514 0 216 255 255 
-0.32693917331315 -0.228879878292571 0.916910450828533 0 216 255 255 
0.162892889309075 0.913400628443211 0.373048516722938 0 216 255 255 
0.0536299362044165 0.259170466007048 0.964341470016202 0 216 255 255 
0.155142136433563 0.242323670464021 0.957710876036193 0 216 255 255 
0.104008195257852 0.295007744018525 0.949817203786007 0 216 255 255 
0.00526464737388553 0.304659768266889 0.952446692884791 0 216 255 255 
0.0492816638771611 0.895345892366129 0.44263647345307 0 216 255 255 
0.00624462144145764 0.880051204096726 0.47483773237577 0 216 255 255 
0.030977857731716 0.439550544965648 -0.897683512313957 0 216 255 255 
0.014598403635815 -0.880696045953883 0.473456809879396 0 216 255 255 
-0.0286885788427283 -0.898625202097871 0.437778150579921 0 216 255 255 
0.00246356155265281 0.467644811251795 0.883913022682263 0 216 255 255 
-0.0818362602152687 -0.394636735070171 0.915185580440934 0 216 255 255 
-0.0322805504170178 -0.430844834468467 0.90184848645305 0 216 255 255 
-0.0626041986909235 -0.467490580715953 0.881778463178097 0 216 255 255 
-0.431406165538828 -0.901566458567475 0.0326594390291455 0 216 255 255 
-0.90215635959005 -0.430397249476542 0.0295314832807002 0 216 255 255 
-0.0978264441117509 0.470050183566064 0.877201687836522 0 216 255 255 
-0.115500807234083 0.4048897188255 0.907041271237461 0 216 255 255 
0.436385713123202 0.899314630299168 -0.0282966900645013 0 216 255 255 
0.0928261836325248 -0.872414210615939 0.47987158482937 0 216 255 255 
0.0562271199096957 -0.895616043737118 0.441260025967199 0 216 255 255 
-0.402086226730351 0.106536023328396 0.909382604014035 0 216 255 255 
-0.475369345400536 0.093940784485563 0.874756599098139 0 216 255 255 
-0.437422462082084 0.0572368688699668 0.897432742798739 0 216 255 255 
-0.399318927632923 0.0128666056077059 0.916721781392931 0 216 255 255 
-0.881231759047358 0.0995364276620973 0.462085561121256 0 216 255 255 
-0.889625486638462 0.0140997518887886 0.456473079159157 0 216 255 255 
-0.205559047335872 0.962710462038503 -0.175880755293767 0 216 255 255 
0.964875438038993 0.18758472419914 -0.18392214649967 0 216 255 255 
0.962111177683608 -0.179241002452009 0.205462260344269 0 216 255 255 
0.2432736092934 0.221552295124997 0.944315906741753 0 216 255 255 
0.204516563892928 0.189613974529211 0.960322608134343 0 216 255 255 
0.253623812553077 0.138378612787728 0.957353812074421 0 216 255 255 
0.164448869421225 0.154729452910086 0.974174187371398 0 216 255 255 
0.254889398750164 -0.124757326927057 0.958888421076399 0 216 255 255 
0.206525735310064 -0.177018185275443 0.962295006020113 0 216 255 255 
0.244828804885253 -0.210981672381552 0.946332705989245 0 216 255 255 
0.181214116868514 0.967019610041884 -0.178981880773489 0 216 255 255 
-0.203619602081421 0.960682791179651 0.188752823085596 0 216 255 255 
0.188756313043479 -0.204875235685656 -0.960415112478263 0 216 255 255 
0.186839152997002 0.185350848331186 -0.964746697193722 0 216 255 255 
-0.18117851863291 -0.966509477540259 0.181751946436544 0 216 255 255 
0.197722616256861 -0.960219399332155 0.197191445989379 0 216 255 255 
0.189779417458044 -0.960445220303217 -0.203786033140684 0 216 255 255 
-0.279429595583231 -0.82211596871298 0.496028632184121 0 216 255 255 
-0.363310968097995 -0.80243904200066 0.473388521410987 0 216 255 255 
-0.193582339911762 -0.835770853673486 0.513821883633808 0 216 255 255 
-0.107864362317086 -0.842887610517051 0.527167650760928 0 216 255 255 
-0.0248514309251216 -0.84505353828428 0.534103833737185 0 216 255 255 
0.0568691498179769 -0.842156908568927 0.536225356166956 0 216 255 255 
0.109277984742656 -0.845893880736317 0.52203626692265 0 216 255 255 
-0.959758869668001 -0.196426206094922 -0.200697913260536 0 216 255 255 
-0.962264846436328 0.205543535392841 -0.17832054212758 0 216 255 255 
-0.965322930704549 -0.184492909897376 0.184699760166654 0 216 255 255 
0.0412131353147515 0.125829468840372 -0.991195449659401 0 216 255 255 
-0.492807897591704 -0.716863447877905 0.493200909452633 0 216 255 255 
-0.569699758176379 -0.682682052292146 0.45758864072637 0 216 255 255 
-0.411957349136269 -0.745682526051005 0.523687576459027 0 216 255 255 
-0.328071490248361 -0.768799715281726 0.548922636910483 0 216 255 255 
-0.241875167902269 -0.786125073865387 0.568773891079186 0 216 255 255 
0.181467271119913 0.00690258654122817 0.983372752360721 0 216 255 255 
0.141196967474177 -0.0336738227712533 0.989408655406255 0 216 255 255 
0.184609157947063 -0.0685709000013634 0.98041699054801 0 216 255 255 
0.0459863935649364 -0.139649371598263 -0.989132600775672 0 216 255 255 
-0.124570353911104 0.0490966720590359 0.990995328383052 0 216 255 255 
0.136402638977842 -0.989892787081168 0.0388147778656503 0 216 255 255 
0.135598716096081 -0.989590997561488 -0.0481938023263136 0 216 255 255 
-0.989508176100234 0.139757141225803 -0.0366266034649835 0 216 255 255 
-0.990061821615722 0.0514674364810615 0.130876618850827 0 216 255 255 
0.183532757215072 0.0823806822116034 0.979555580260902 0 216 255 255 
0.14037151503619 0.0477089401532231 0.988948781331946 0 216 255 255 
-0.612052306712609 -0.613173247420816 0.499410157106434 0 216 255 255 
-0.681730617260522 -0.571273601785739 0.457044637353381 0 216 255 255 
-0.537114352856996 -0.650273144112125 0.53726434135277 0 216 255 255 
-0.122288640400678 -0.99110222010862 -0.0525535419514336 0 216 255 255 
0.99039809058071 -0.129179948557218 0.049235756573126 0 216 255 255 
0.990434787994156 -0.132559796001495 -0.0382991882693115 0 216 255 255 
-0.0346413243285926 -0.991663540167875 0.124110430603037 0 216 255 255 
-0.991022097417375 -0.0342077694002889 0.12924793182503 0 216 255 255 
-0.991321091411858 -0.125918285099579 0.037776661909751 0 216 255 255 
-0.139803240995477 0.989058708425525 0.0470948244956376 0 216 255 255 
0.124381295818486 0.991090307451047 0.0476370971332817 0 216 255 255 
0.122810730211427 0.991851448369312 -0.0338854879139973 0 216 255 255 
-0.716174588585746 -0.494761314721057 0.492245024755406 0 216 255 255 
-0.649517288799271 -0.538492823002282 0.536798597012993 0 216 255 255 
-0.0756233130749095 0.181333145294348 0.980509757231974 0 216 255 255 
-0.0365812240515737 0.13790977369507 0.989769016049057 0 216 255 255 
0.0479764653563046 -0.990781993838461 0.126685818561913 0 216 255 255 
-0.0498336949977841 0.989866841304152 0.132967050638613 0 216 255 255 
-0.041608301634974 0.128151841095247 -0.990881351090677 0 216 255 255 
0.989468030509299 -0.0373740762700048 0.139843456003589 0 216 255 255 
0.0536269122261992 -0.121788826727485 0.991106267285942 0 216 255 255 
0.012138990960682 -0.162769164628124 0.98658949316391 0 216 255 255 
-0.801895815854693 -0.366813857218915 0.471604350909108 0 216 255 255 
-0.745246247808237 -0.41447069230815 0.522323693568354 0 216 255 255 
-0.822070817353427 -0.28400999230417 0.493495557999205 0 216 255 255 
-0.768787538458436 -0.331198879853316 0.547058488106307 0 216 255 255 
-0.836825043618356 -0.199231675650855 0.509931913693189 0 216 255 255 
-0.786735663778021 -0.245661580789237 0.566301466173463 0 216 255 255 
-0.884728114869898 -0.0700712948004516 0.460810328285462 0 216 255 255 
-0.845933536089524 -0.113416201988519 0.521088467226291 0 216 255 255 
-0.850222188145812 -0.0276766833308022 0.525695924270843 0 216 255 255 
-0.848595185654617 0.0562075967483599 0.526048375408384 0 216 255 255 
-0.0704666268588363 0.876919525440573 0.475443572014268 0 216 255 255 
-0.114123824401553 0.840919937614639 0.5289890328443 0 216 255 255 
-0.0358297511643687 0.844385119996999 0.534537164699804 0 216 255 255 
0.0491691437795443 0.842802609981063 0.535972150474929 0 216 255 255 
0.105897983456038 0.84672331133462 0.521387811896969 0 216 255 255 
-0.0672720459764782 -0.803458331115829 0.591548101786894 0 216 255 255 
-0.154566981035957 -0.7974506050806 0.583250847806262 0 216 255 255 
0.016974386772995 -0.805260704945727 0.592677863249907 0 216 255 255 
0.108096142404192 -0.824452004295779 0.555512480009469 0 216 255 255 
0.14197452552271 -0.790628891134951 0.595608253141191 0 216 255 255 
0.0803100078115581 -0.806207090516384 0.586157338740824 0 216 255 255 
-0.374740058183977 -0.708511470298236 0.597981061211559 0 216 255 255 
-0.457662643882825 -0.682175576649934 0.570246744964126 0 216 255 255 
-0.288842962641791 -0.72933908768817 0.620188845160775 0 216 255 255 
-0.200670834477537 -0.744504120708285 0.636745472896838 0 216 255 255 
-0.111174775889921 -0.754005471220081 0.647391601969831 0 216 255 255 
-0.019798322487362 -0.758593703260154 0.651263068871883 0 216 255 255 
-0.49968528977669 -0.612553150408175 0.612448537960374 0 216 255 255 
-0.577054835570855 -0.577908869967509 0.57708666343413 0 216 255 255 
-0.418179600628538 -0.642041177428146 0.64257988715277 0 216 255 255 
-0.333309748879337 -0.666127124152843 0.667217528271499 0 216 255 255 
-0.612086131992316 -0.500756663674579 0.612040271134886 0 216 255 255 
-0.681734025384711 -0.459412370965684 0.569367153486589 0 216 255 255 
-0.537154952556462 -0.537754669989623 0.649834159135878 0 216 255 255 
-0.708431648719614 -0.376864028520768 0.59673953084532 0 216 255 255 
-0.641935124152647 -0.419466262551257 0.641846799673965 0 216 255 255 
-0.729688136754176 -0.291335609067831 0.618610338844041 0 216 255 255 
-0.666307203431274 -0.33496306329127 0.666208992025741 0 216 255 255 
-0.799053643190202 -0.15841180656246 0.580016330149539 0 216 255 255 
-0.74532194898628 -0.203427053783949 0.634911483489443 0 216 255 255 
-0.805930696449041 -0.0699931844776298 0.587857666233785 0 216 255 255 
-0.755175870814912 -0.113591897416762 0.645605336290205 0 216 255 255 
-0.807229910080507 0.0177411727986765 0.589970418651048 0 216 255 255 
-0.759239279634623 -0.0220183435547024 0.650438984382473 0 216 255 255 
-0.803193553952917 0.0994994174090442 0.587349947950319 0 216 255 255 
-0.757863739874474 0.0706111901014129 0.648580431569648 0 216 255 255 
-0.795940822575361 0.164939519697218 0.582471597504322 0 216 255 255 
-0.751493729358779 0.152589343121096 0.641851748648695 0 216 255 255 
-0.164927118524902 0.795903038366893 0.582526736885222 0 216 255 255 
-0.0868159160552356 0.802763188646028 0.589944265221045 0 216 255 255 
-0.15272517432223 0.752085879452272 0.64112545666518 0 216 255 255 
0.00170877279127048 0.806272678758409 0.591541566759814 0 216 255 255 
-0.0531431726783175 0.759632017060155 0.648178165372164 0 216 255 255 
0.0642882649001112 0.763082584661463 0.643095581806663 0 216 255 255 
0.0725210893976891 0.807822643075893 0.584947231382401 0 216 255 255 
0.104449254127597 0.825679366785056 0.55438608848806 0 216 255 255 
-0.156634158656433 -0.697457370177514 0.699298879760138 0 216 255 255 
-0.246066052615902 -0.684597934734436 0.686132006950905 0 216 255 255 
-0.065004202060253 -0.70458823936827 0.706632740979921 0 216 255 255 
0.0314152302725996 -0.705128057731092 0.708383690728498 0 216 255 255 
-0.374846635228637 -0.597025047181356 0.709260923344117 0 216 255 255 
-0.457788972447791 -0.569985737385769 0.682308932306235 0 216 255 255 
-0.288900954926141 -0.618695803952924 0.730583127223446 0 216 255 255 
-0.200769264985837 -0.634848141915942 0.746096177193188 0 216 255 255 
-0.111156722910593 -0.645300690597876 0.755798365518517 0 216 255 255 
-0.0201690985718809 -0.649510427391975 0.760085113586735 0 216 255 255 
0.0716453965323816 -0.646066002530102 0.759911591749285 0 216 255 255 
-0.49296223159152 -0.493207229223163 0.716752977840283 0 216 255 255 
-0.569793074268908 -0.458542051165382 0.68196407760477 0 216 255 255 
-0.412154988839834 -0.52296100993549 0.746083113534401 0 216 255 255 
-0.328279429175639 -0.547517696818415 0.769712254170502 0 216 255 255 
0.140112357233354 0.746384014719883 0.650599285458432 0 216 255 255 
0.144075706292022 0.695724787792128 0.70371102783618 0 216 255 255 
-0.59716461253972 -0.375742898239452 0.708668938394216 0 216 255 255 
-0.523041490479316 -0.412497559847158 0.74583733302739 0 216 255 255 
-0.619056188677972 -0.289964988488081 0.729855948799797 0 216 255 255 
-0.685053239698567 -0.247914824392927 0.685011141242739 0 216 255 255 
-0.547889656068556 -0.328762755307283 0.769241146580417 0 216 255 255 
-0.698030421277434 -0.158422240673034 0.698323628048817 0 216 255 255 
-0.635261878980598 -0.201926424898764 0.745431439074077 0 216 255 255 
-0.704891205883365 -0.0664827849437937 0.706192883743687 0 216 255 255 
-0.645355131167887 -0.112213900362815 0.755595633949767 0 216 255 255 
-0.705433125132006 0.0303949007513406 0.708124424542081 0 216 255 255 
-0.648282239270111 -0.0205673472826144 0.761122254592147 0 216 255 255 
-0.701852332261906 0.143840459957477 0.697648354113475 0 216 255 255 
-0.64778789570467 0.140060654720376 0.748834998876937 0 216 255 255 
0.000328906838352255 0.707022216121009 0.707191143015868 0 216 255 255 
0.0542683387845865 0.648365583375821 0.759392489475673 0 216 255 255 
0.142188176378554 0.792344222597244 0.593273255719063 0 216 255 255 
-0.154658694898021 -0.58081430830387 0.799209232460732 0 216 255 255 
-0.242057713713566 -0.566786736006118 0.787502905787729 0 216 255 255 
-0.066858041274057 -0.589046870943778 0.805328354771527 0 216 255 255 
0.0195156418567933 -0.591309114706666 0.806208811780109 0 216 255 255 
0.153800577289965 -0.635458383139292 0.756662425299051 0 216 255 255 
0.0990395436883656 -0.58810354487195 0.80269880822825 0 216 255 255 
0.166474568225835 -0.575690076879466 0.800541787547607 0 216 255 255 
-0.363644478213442 -0.472146085833744 0.803019760068562 0 216 255 255 
-0.444824738353423 -0.44478493683874 0.77736560150459 0 216 255 255 
-0.279789245699935 -0.494067005250679 0.823174186387913 0 216 255 255 
-0.193907606347792 -0.511123397246778 0.837348602995106 0 216 255 255 
-0.108024481902736 -0.523735320227187 0.845004142642616 0 216 255 255 
-0.0240940438028389 -0.529940696680757 0.84769234585557 0 216 255 255 
0.0577852371983589 -0.5323613234154 0.844542639421413 0 216 255 255 
0.123548793841789 -0.537295822960444 0.834295444063832 0 216 255 255 
-0.47253140504146 -0.363627623534637 0.802800716634146 0 216 255 255 
-0.39377353170523 -0.393430778380856 0.83075543825769 0 216 255 255 
-0.312971607809925 -0.418049962207844 0.85280887327832 0 216 255 255 
-0.229860787765429 -0.436457349338178 0.869867214187985 0 216 255 255 
-0.494692193680073 -0.279777152890762 0.822802738846977 0 216 255 255 
-0.567283313880788 -0.242546146033293 0.786994902363943 0 216 255 255 
-0.418668087513384 -0.312654745900707 0.852621847503297 0 216 255 255 
-0.58121039510219 -0.155174533062861 0.798821201006083 0 216 255 255 
-0.511933128041974 -0.193832109388093 0.836871289957957 0 216 255 255 
-0.437369759726419 -0.229442374028669 0.86951932693266 0 216 255 255 
-0.588778409082785 -0.0677561885226585 0.805449600081427 0 216 255 255 
-0.524654407249473 -0.108027783061069 0.84443337663752 0 216 255 255 
-0.530785783545939 -0.024771937736825 0.847143898254792 0 216 255 255 
-0.531865091755277 0.0573835727120159 0.844882619780071 0 216 255 255 
-0.589423230839946 0.142564586262775 0.795145014638419 0 216 255 255 
-0.550203721493427 0.108847878561274 0.827905793582258 0 216 255 255 
-0.151719084655183 0.5323814688689 0.832797269359295 0 216 255 255 
-0.047847902924337 0.533291613219627 0.844577182875444 0 216 255 255 
-0.104429128819155 0.553047060813358 0.826579399647408 0 216 255 255 
-0.108010780699321 0.518135036807752 0.848451385708723 0 216 255 255 
0.000890270589067745 0.591758559265935 0.806114750424359 0 216 255 255 
0.0893944095749091 0.592424754878989 0.80065069252792 0 216 255 255 
0.0446291502167754 0.536500597403235 0.842719006879118 0 216 255 255 
0.152797876009193 0.640737728680042 0.75240147013202 0 216 255 255 
0.16497955441479 0.582293631469482 0.79606273211426 0 216 255 255 
-0.1434519089339 -0.452409352964591 0.880197305074638 0 216 255 255 
-0.339888557233342 -0.339369414887943 0.877099846911654 0 216 255 255 
-0.18050836903713 -0.369964397711938 0.911341342829692 0 216 255 255 
0.214802762737217 -0.37191296284928 0.903072821689242 0 216 255 255 
-0.192866118714293 -0.290706442444679 0.937172559929705 0 216 255 255 
0.230948596558779 -0.293836213661577 0.927535996833284 0 216 255 255 
-0.291212632988813 -0.192646673267523 0.937060533848018 0 216 255 255 
-0.527865663863076 0.152736322664405 0.835481572303973 0 216 255 255 
-0.516934417712274 0.110309031368592 0.848887934173626 0 216 255 255 
-0.368676664702726 0.167436286381333 0.914353653959575 0 216 255 255 
-0.310484741821755 0.196638323485279 0.930017520199988 0 216 255 255 
-0.240462077995197 0.242199305751052 0.939956100718529 0 216 255 255 
0.229201768491307 0.30294759686239 0.925034757724235 0 216 255 255 
0.21296613465298 0.380131276410576 0.900080906515576 0 216 255 255 
0.148753378610089 0.329385057440869 0.932404362469529 0 216 255 255 
-0.0318235419909387 -0.241431924296683 0.969895802236611 0 216 255 255 
-0.141954642796712 -0.142691039362268 0.979534649396301 0 216 255 255 
-0.23639232581393 0.344871475025202 0.908395473793504 0 216 255 255 
-0.240420873849659 0.145110973492976 0.959760688876608 0 216 255 255 
-0.194593677096112 0.199691563263526 0.960341905010756 0 216 255 255 
0.259946233317724 -0.0373971301370804 0.96489865313357 0 216 255 255 
0.259523468092955 0.0507299109673625 0.964403466386013 0 216 255 255 
-0.32229835354398 0.127361583774045 0.938031336289253 0 216 255 255 
0.0882736281175678 0.178297424107189 0.980009069099619 0 216 255 255 
-0.201791993432602 0.305827619475161 0.930456583544355 0 216 255 255 
-0.486912017631799 -0.158310181878753 -0.358440444531587 0 151 255 255 
-0.489320997737614 -0.203627767955613 -0.331248682665385 0 151 255 255 
-0.464958738242866 -0.202017336397365 -0.365550769195437 0 151 255 255 
-0.429927739894512 -0.196670329381779 -0.408788384454333 0 151 255 255 
-0.512869930283098 -0.174760642934094 -0.311525513449223 0 151 255 255 
-0.513170061263456 -0.217070048750054 -0.283129073108755 0 151 255 255 
-0.538087348435168 -0.167626094148235 -0.270163813882583 0 151 255 255 
0.472907537083734 -0.259388895784395 -0.315754433556208 0 151 255 255 
0.475318103906549 -0.24598932350637 -0.322780037784074 0 151 255 255 
0.469180202627135 -0.247000303086271 -0.33088636680702 0 151 255 255 
-0.564726058915888 -0.11167614983002 -0.243388329327402 0 151 255 255 
-0.558726856283653 -0.175101562050779 -0.218606336573892 0 151 255 255 
-0.580943883583079 -0.168742114178841 -0.15701998348624 0 151 255 255 
-0.576871991899167 -0.136837182127499 -0.1977859491735 0 151 255 255 
-0.52852452890436 -0.124295048066126 -0.309576387136333 0 151 255 255 
-0.50226200926754 -0.265447854727347 -0.260567274034072 0 151 255 255 
-0.486714278346733 -0.254320461038738 -0.298421369431488 0 151 255 255 
-0.247871823633722 -0.0383435720905187 0.572463350949012 0 151 255 255 
-0.170888716354949 -0.0768922267442509 0.596246206436628 0 151 255 255 
-0.237717427436 -0.103969500935849 0.568599816686969 0 151 255 255 
0.462959257287279 0.148448753327763 -0.392755247600053 0 151 255 255 
0.420221442707731 0.155524911744082 -0.435718833525906 0 151 255 255 
0.455358173018218 0.12072002000047 -0.410731792555033 0 151 255 255 
-0.114336633654772 -0.0391353595461872 0.613205139005266 0 151 255 255 
-0.0836651752546862 -0.0923902524229335 0.612445214590964 0 151 255 255 
-0.367678605988236 0.0975493917641532 0.495904770477753 0 151 255 255 
-0.350258732873806 0.159443385604354 0.49246482046113 0 151 255 255 
-0.333075440991701 0.111767057651775 0.516907986798744 0 151 255 255 
-0.318155807737909 0.0573614279423669 0.534893918524409 0 151 255 255 
0.11491033092147 0.303004643691069 -0.534423799673677 0 151 255 255 
0.132058965913037 0.329644711728186 -0.514314876344799 0 151 255 255 
0.1044421842585 0.33245628470451 -0.518834894643432 0 151 255 255 
0.1638741510743 -0.536619413746273 0.275335899257773 0 151 255 255 
0.120670903475179 -0.52684093343504 0.313850507698435 0 151 255 255 
0.171522889341689 -0.511845809864175 0.31499009362683 0 151 255 255 
0.487317583280025 -0.163351081416576 -0.355616336294723 0 151 255 255 
0.533715211943784 -0.128316276368676 -0.298844377662216 0 151 255 255 
0.507390551004128 -0.108323327924501 -0.348490849999639 0 151 255 255 
0.063282886611809 0.446013892193688 -0.433234128384604 0 151 255 255 
0.153233903836781 0.432860234020613 -0.424000384183706 0 151 255 255 
0.111642595379736 0.471546860521837 -0.394720758424847 0 151 255 255 
-0.461104835002209 0.112990804133421 0.406497714704854 0 151 255 255 
-0.492363150837496 0.123809840784609 0.364519723455073 0 151 255 255 
-0.462318090353552 0.172635962369717 0.383515079523008 0 151 255 255 
0.511526447217588 -0.311955446508744 -0.177903026408468 0 151 255 255 
0.512138487776188 -0.283687209169289 -0.218770948433082 0 151 255 255 
0.488440350050096 -0.330981882637873 -0.206160168238612 0 151 255 255 
0.0959234375625332 -0.481364304014144 0.386926462600346 0 151 255 255 
0.155480942375919 -0.486049903855407 0.360840887419375 0 151 255 255 
0.106686143162678 -0.505550879489855 0.351655184071725 0 151 255 255 
0.176889680670044 0.554954367744333 0.226628958040992 0 151 255 255 
0.229176980375083 0.53558073947576 0.226398260379508 0 151 255 255 
0.198444357654965 0.535693080126609 0.253530588260139 0 151 255 255 
0.615089392926574 -0.103234404258644 0.0404062508360736 0 151 255 255 
0.618212180070003 -0.0478014822399464 0.0784454585995958 0 151 255 255 
0.621414491052521 -0.05951547116107 0.0304455676884891 0 151 255 255 
-0.069570365475159 0.61991076126741 -0.0386725581530884 0 151 255 255 
-0.00858728553818945 0.61888158926953 -0.0868147818997253 0 151 255 255 
-0.0154855681883378 0.623787057633045 -0.0357056767605098 0 151 255 255 
-0.576022455896338 0.144110017611757 -0.195078020214073 0 151 255 255 
-0.594601601042889 0.142065279467636 -0.129966891794605 0 151 255 255 
-0.594116991964462 0.0683383418687714 -0.181603368753346 0 151 255 255 
0.0118409357283643 -0.108954346714516 0.615315957571221 0 151 255 255 
-0.00487265447557396 -0.171489693901848 0.600992942373156 0 151 255 255 
-0.0390030658508235 -0.129405011449089 0.610211514859573 0 151 255 255 
-0.321164813773343 -0.0853723761441388 -0.529329427035118 0 151 255 255 
-0.258835305939606 -0.14831169110845 -0.549211187534137 0 151 255 255 
-0.269932807457105 -0.0925978925146319 -0.556045771405327 0 151 255 255 
-0.104098109079262 -0.0939358240243584 -0.609068649595965 0 151 255 255 
-0.174939922221299 -0.0674023433537717 -0.596219600739866 0 151 255 255 
-0.129190670203895 -0.142049546585813 -0.594774493061245 0 151 255 255 
-0.0624191716886448 -0.141182198323952 -0.605637213400799 0 151 255 255 
-0.103054194512073 -0.0385987984179605 -0.615235672767206 0 151 255 255 
-0.0482625902388211 -0.0779851634703838 -0.618234590010041 0 151 255 255 
0.00263600694090217 -0.140968831304631 -0.608889021404256 0 151 255 255 
0.207188410493246 -0.0653439376702306 -0.586027308736111 0 151 255 255 
0.121062886052967 -0.0761859926979483 -0.608411389148182 0 151 255 255 
0.1651508406253 -0.107365293142342 -0.593146595207644 0 151 255 255 
0.178277816446653 0.0995554921846003 -0.590703525159169 0 151 255 255 
0.095289141815177 0.101615053381903 -0.609277706130838 0 151 255 255 
0.130934417235655 0.0536669644163908 -0.608770088517053 0 151 255 255 
0.0667798169685072 -0.141215004845144 -0.605164257692304 0 151 255 255 
0.0458203038132646 -0.0745172011783488 -0.618847841229941 0 151 255 255 
-0.594882475833619 -0.0898451704111909 -0.169315173623041 0 151 255 255 
-0.603988538816473 -0.0081877019656635 -0.160485962517052 0 151 255 255 
-0.612065758859493 -0.044320895684668 -0.118474263323686 0 151 255 255 
0.263429655759341 -0.148743079063734 -0.546905215232796 0 151 255 255 
0.197084421826791 -0.144201660353569 -0.575316098032654 0 151 255 255 
0.0457132343637856 0.133042961639106 -0.608962115277047 0 151 255 255 
0.0471856965694812 0.096978843220093 -0.615624568965089 0 151 255 255 
0.299010932552103 -0.486908925558514 0.25325315353295 0 151 255 255 
0.261311857521156 -0.503621343178852 0.262119532649889 0 151 255 255 
0.286421293426976 -0.475942935233117 0.286471927199345 0 151 255 255 
0.534892487554372 -0.221683637178079 -0.235311227382998 0 151 255 255 
0.501598850798894 -0.261671778030232 -0.265615263989814 0 151 255 255 
0.0235269673097453 -0.00638253384578653 0.624524397691922 0 151 255 255 
-0.0363314821149439 0.0376559861207251 0.622805772698751 0 151 255 255 
0.0166520028599755 0.042111413020276 0.62335730651583 0 151 255 255 
-0.15074329499246 0.0179251838394642 -0.606283833957052 0 151 255 255 
-0.164412221333644 0.0995513319259632 -0.59471261643446 0 151 255 255 
-0.200079796327379 0.049145997539046 -0.590065874071233 0 151 255 255 
0.0782191864923491 0.110175803116916 0.610219636461847 0 151 255 255 
0.0701452770862504 0.0433884186117151 0.619533728294052 0 151 255 255 
0.00906023383720687 0.0932146809328729 0.617943285945596 0 151 255 255 
-0.0775101996146052 0.0204259188101224 -0.619838614399081 0 151 255 255 
-0.00192179602366772 -0.0787667753150243 -0.620013782805828 0 151 255 255 
-0.109849719654579 -0.615226115745095 -0.00740594014561991 0 151 255 255 
-0.174051702858517 -0.600186744875352 0.0103366000075163 0 151 255 255 
-0.131405143328796 -0.609325715998248 0.0456053349847026 0 151 255 255 
-0.00784816834723584 -0.0203493251960672 -0.624619290587751 0 151 255 255 
-0.209998758009951 0.00192764823165178 -0.588660998740421 0 151 255 255 
-0.0593613221614003 -0.0292321103289321 -0.621487498304072 0 151 255 255 
0.435752605903702 0.448045130717874 -0.000420294330654662 0 151 255 255 
0.487984053507827 0.388159696769284 0.0427609816752749 0 151 255 255 
0.443886540669152 0.435510726406941 0.0626109430075259 0 151 255 255 
0.258722866898627 0.0667391133871137 -0.565007329045005 0 151 255 255 
0.210388571050408 0.0480923678910997 -0.58655670183615 0 151 255 255 
0.0553500419307855 -0.0184202783192824 -0.622271687214573 0 151 255 255 
0.0828301214540532 -0.0425249063305326 -0.618025726701602 0 151 255 255 
0.174642841411924 0.0161846065672576 -0.599885737813839 0 151 255 255 
0.153411295609897 -0.0315702349715639 -0.605056426602931 0 151 255 255 
0.10813273813489 -0.000396799665977049 -0.615574631997224 0 151 255 255 
0.165268160954654 -0.602669015412744 0.0100725567844355 0 151 255 255 
0.0950806422276039 -0.617686854044727 -0.00689848071274352 0 151 255 255 
0.12421639617385 -0.610771221896933 0.0464089156542771 0 151 255 255 
-0.0529184165897582 -0.622019774841265 0.0302658901723682 0 151 255 255 
-0.06057728086077 -0.621589747270652 -0.024115809502724 0 151 255 255 
0.320937899717672 -0.0843393759993319 -0.529632551605015 0 151 255 255 
0.277934536636452 -0.0197089106949094 -0.559454091871404 0 151 255 255 
0.268830637407454 -0.0799675323529705 -0.55853401932772 0 151 255 255 
0.226915538260694 0.00920558681046131 -0.582279633409485 0 151 255 255 
-0.255822677246527 0.0469100931337176 -0.568312557559459 0 151 255 255 
-0.215649896249658 0.0785677105843725 -0.581332290022213 0 151 255 255 
-0.0231887674837747 0.0511378087322611 -0.622472620522125 0 151 255 255 
-0.0770876398565049 0.101742174058035 -0.611825900345819 0 151 255 255 
-0.117949579966991 0.0601719617341737 -0.610812750029134 0 151 255 255 
0.0466627046913197 0.0461911857030965 -0.621541566258293 0 151 255 255 
0.000514366801122909 0.106275612310939 -0.61589788466669 0 151 255 255 
-0.0740458550939696 0.186872861144233 -0.591794458803121 0 151 255 255 
-0.118282648648075 0.142316001633481 -0.596976005363317 0 151 255 255 
-0.0938363339391374 -0.611031597799483 0.0919786888813558 0 151 255 255 
-0.0972757830025952 -0.616072823946108 0.0402081299538826 0 151 255 255 
-0.217271060886016 0.181139060267249 -0.557321195715083 0 151 255 255 
-0.239549761087399 0.117883651088673 -0.565105584642502 0 151 255 255 
-0.194854854354484 0.144745730976971 -0.575938582175148 0 151 255 255 
0.0475725357230555 0.266060877632917 -0.563536524255911 0 151 255 255 
0.0830308503900117 0.187538986197459 -0.590389633491042 0 151 255 255 
0.111946307675012 0.25302549437303 -0.560420473514668 0 151 255 255 
0.00162837887492752 0.170135347173679 -0.601395281218051 0 151 255 255 
-0.459344443311037 0.121492832022881 -0.406038376032878 0 151 255 255 
-0.482969872736882 0.0570091981159805 -0.392574809448161 0 151 255 255 
-0.444217818320209 0.0832501900953902 -0.431700043639204 0 151 255 255 
-0.0373907183683726 0.14179892344931 -0.607552457399911 0 151 255 255 
0.130264453529121 0.142123377781664 -0.594522581284775 0 151 255 255 
0.0955393880465726 0.0503848869934305 -0.615596120491769 0 151 255 255 
-0.0991235438427916 0.251109396979445 -0.563687476182487 0 151 255 255 
-0.157381790250213 0.240843780796304 -0.554842523604564 0 151 255 255 
-0.121885373820466 0.214991086806804 -0.574062524152048 0 151 255 255 
-0.0319050203764415 0.260698223325329 -0.5671361784565 0 151 255 255 
-0.0222309844040504 0.210085413959066 -0.588213307659315 0 151 255 255 
0.0156893916422994 0.219886820829884 -0.584832121139785 0 151 255 255 
0.165524093302526 0.23141587652229 -0.556483118362483 0 151 255 255 
0.131062563294349 0.212906578887111 -0.572816190227536 0 151 255 255 
-0.364053717382022 -0.128077288469339 -0.491615788527657 0 151 255 255 
-0.391659333587694 -0.063766508925241 -0.482868259228523 0 151 255 255 
-0.405091818988017 -0.124097894204375 -0.459483756125935 0 151 255 255 
0.506286443549841 -0.220818539743375 -0.292469151703201 0 151 255 255 
0.485082643922338 -0.254550467316377 -0.300871879343932 0 151 255 255 
0.455607628568883 -0.00318823764490472 -0.427827606745973 0 151 255 255 
0.391572657451367 -0.0421398369404586 -0.485303973044477 0 151 255 255 
0.437177647173716 -0.0680156065444847 -0.441445991242235 0 151 255 255 
0.556790927729399 -0.158277024869617 -0.23570580752516 0 151 255 255 
0.558670002840678 -0.1895936888324 -0.206317854630447 0 151 255 255 
-0.19424645920532 -0.144072651582102 -0.576312749314541 0 151 255 255 
-0.23320690952263 -0.0983464566291201 -0.571460839297838 0 151 255 255 
-0.355667118889433 -0.0384558318118056 -0.512491014219879 0 151 255 255 
0.325118171889959 -0.157163270110119 -0.510120460528086 0 151 255 255 
0.335740970788468 -0.0145049874595042 -0.526965433458766 0 151 255 255 
0.366292344957332 -0.123038819853806 -0.491239595809671 0 151 255 255 
0.464892655908421 -0.203964398613548 -0.364552246552767 0 151 255 255 
0.43090170387931 -0.197389980612658 -0.407413719202344 0 151 255 255 
0.449829467627589 -0.214721544205915 -0.377058494973447 0 151 255 255 
0.36531122597569 0.0425018294110877 -0.505337754667586 0 151 255 255 
0.413322590552034 0.0314654508059057 -0.467759905256527 0 151 255 255 
-0.432678600136123 0.0300014568475525 -0.45001568618764 0 151 255 255 
-0.445934177801975 -0.0366122750558045 -0.436379688075446 0 151 255 255 
-0.413815060079825 -0.0154369166538656 -0.46812796259026 0 151 255 255 
-0.262540713708384 -0.0369945487925567 -0.565975882060188 0 151 255 255 
-0.325368999006235 -0.0129612484655261 -0.533471639864091 0 151 255 255 
-0.328814037456878 0.0603459614865911 -0.528076366733389 0 151 255 255 
-0.379222746627043 0.00884473171598997 -0.49672613283574 0 151 255 255 
0.313222512425765 0.0317316420815786 -0.53991641851302 0 151 255 255 
0.364929055361725 0.128254475027027 -0.490920076979834 0 151 255 255 
0.400361385832085 0.0789703220360339 -0.473391422250675 0 151 255 255 
-0.59312463296456 -0.0909837323757249 0.174785773619923 0 151 255 255 
-0.567454215032322 -0.13000270365532 0.227420300400232 0 151 255 255 
-0.577794870327637 -0.141684890911359 0.191581512309452 0 151 255 255 
-0.380450522415303 0.0996809852102665 -0.485742819634016 0 151 255 255 
-0.397291499691434 0.0548914874310148 -0.479344745899365 0 151 255 255 
-0.372421094825679 0.0560878395088145 -0.498780190920283 0 151 255 255 
-0.416455560555769 0.0792106898422749 -0.459255297940888 0 151 255 255 
-0.309343214170178 -0.0458553697995395 0.541136807548806 0 151 255 255 
-0.289146141055702 0.00295621491106022 0.554085513332532 0 151 255 255 
-0.305864557380168 0.127054620036884 -0.530027332412637 0 151 255 255 
-0.283572874892999 0.0883529399492224 -0.549913786602688 0 151 255 255 
-0.309726892423399 0.176760154204359 -0.51327389714119 0 151 255 255 
-0.282687250524987 0.219141936986814 -0.51253265334002 0 151 255 255 
-0.330429182192689 0.204537698034256 -0.489495538495966 0 151 255 255 
-0.268178643579264 0.171447108927962 -0.537876466421805 0 151 255 255 
0.320901285972233 0.0828711931571147 -0.529886491204932 0 151 255 255 
0.293135389269767 0.142919833931821 -0.533170260357255 0 151 255 255 
0.232924674827921 0.136146777117384 -0.563768687458661 0 151 255 255 
0.197356206458644 0.149214801657567 -0.573942912688632 0 151 255 255 
-0.321487845873322 -0.514814542991604 0.149119245701229 0 151 255 255 
-0.293708467333231 -0.536075452470383 0.130320532043601 0 151 255 255 
-0.323030784336809 -0.521202564243957 0.120929724961984 0 151 255 255 
-0.595850441838141 -0.172224367199114 -0.0769802604486087 0 151 255 255 
-0.575086479808355 -0.242526825690462 -0.0328822365654638 0 151 255 255 
-0.570201541817547 -0.237084195980526 -0.0963652810037538 0 151 255 255 
0.40830964976725 0.110998227052925 -0.459986540305915 0 151 255 255 
-0.220714409329988 0.237961199235655 -0.534120397673615 0 151 255 255 
-0.247800767571398 0.202876564511337 -0.536713030107743 0 151 255 255 
-0.298429748687277 0.254882346649988 -0.48641512508299 0 151 255 255 
-0.316558470270698 0.232153908400932 -0.486333524596197 0 151 255 255 
0.267753424575383 0.200235318272813 -0.52805200160612 0 151 255 255 
0.249837479563511 0.172253522680552 -0.546383524328774 0 151 255 255 
0.201514865371518 -0.488832434452883 0.333256067630811 0 151 255 255 
0.200946338333392 -0.464617584777749 0.366573411903685 0 151 255 255 
0.221083860717114 0.235528205127788 -0.53504521413928 0 151 255 255 
0.238510583877746 0.197933559468355 -0.542733826782615 0 151 255 255 
0.345639659992048 0.198602247809964 -0.481368213499736 0 151 255 255 
0.307051878151763 0.187260402313628 -0.511153286730766 0 151 255 255 
0.328628536876423 0.164592694425619 -0.505507196721781 0 151 255 255 
0.296051722733771 0.227746313698219 -0.501108756529936 0 151 255 255 
0.38569973042053 0.200538349684839 -0.449049086230432 0 151 255 255 
0.38025858642525 0.171083458100588 -0.465573682059643 0 151 255 255 
-0.261302604886452 0.266588664034209 -0.501274802755169 0 151 255 255 
-0.28644637453075 0.286446844282859 -0.475942937670666 0 151 255 255 
0.224761048067146 -0.557053661609418 0.172622943339803 0 151 255 255 
0.167099517387761 -0.578241988169234 0.168341713740543 0 151 255 255 
0.197640356965774 -0.558479226130262 0.199158833180334 0 151 255 255 
-0.128756225587835 0.305848349948419 -0.529625884069958 0 151 255 255 
-0.182330153424629 0.280043780135252 -0.528163031724143 0 151 255 255 
-0.346909039559477 0.234910263465221 -0.463784791193949 0 151 255 255 
-0.322042647059604 0.245695079477943 -0.475970021487049 0 151 255 255 
-0.050247795835513 0.33834279934039 -0.523091053319977 0 151 255 255 
-0.077818149698463 0.290155582015209 -0.548068482382428 0 151 255 255 
0.176514406650338 0.339610319947983 -0.494097630614073 0 151 255 255 
0.251329889078442 0.342488087097537 -0.458432255532681 0 151 255 255 
0.195210326466006 0.384492763565603 -0.452419287540452 0 151 255 255 
-0.220544797585674 0.29475903308371 -0.505076330777098 0 151 255 255 
-0.181080337606194 0.315932758745222 -0.507958067680513 0 151 255 255 
0.0611724930826464 0.331592161149795 -0.526240952288188 0 151 255 255 
0.0841425398244237 0.289169111202339 -0.547655232970127 0 151 255 255 
0.153966985009588 0.273365351297584 -0.54054652827558 0 151 255 255 
0.0714047797681157 0.397165443717667 -0.477269272476162 0 151 255 255 
0.0106741365624428 0.390851410267984 -0.487592233738361 0 151 255 255 
0.0632204314996191 0.371789617665008 -0.498398086493335 0 151 255 255 
0.262565126073798 0.235183267410853 -0.516113730880151 0 151 255 255 
0.263057162348727 0.275150251172746 -0.49569975799363 0 151 255 255 
0.222199746088987 0.304624193562634 -0.498453976570714 0 151 255 255 
0.224963969407765 0.275616168312144 -0.513859843422997 0 151 255 255 
-0.0823335536999827 0.387053543799645 -0.48377239728178 0 151 255 255 
-0.111117016673288 0.356352642037428 -0.501289130013603 0 151 255 255 
-0.25436250195378 0.301648587033166 -0.484698717937943 0 151 255 255 
-0.232700798313258 0.320661233551865 -0.483375331906146 0 151 255 255 
-0.245687744588442 0.323477937060722 -0.47499953301741 0 151 255 255 
-0.127687487781448 0.383905365725107 -0.476379652529572 0 151 255 255 
0.00711668537026927 0.343817060195805 -0.521885209862671 0 151 255 255 
0.00677344876799131 0.309549518127981 -0.542916380407993 0 151 255 255 
-0.0443242914204008 0.403688548144823 -0.475074636863309 0 151 255 255 
-0.0416778845770335 0.380976288070487 -0.493705396175537 0 151 255 255 
0.154126942028963 0.306848590802671 -0.522220093519694 0 151 255 255 
0.108905581114088 0.363287398255183 -0.496776438185119 0 151 255 255 
0.149281602524811 0.38690917437212 -0.467590935108206 0 151 255 255 
0.109659216939032 0.406818886276543 -0.46162564681307 0 151 255 255 
-0.322364714707034 -0.156656222043226 -0.512020333919374 0 151 255 255 
-0.441365829309301 -0.129195097240564 -0.423237311919076 0 151 255 255 
-0.413976100758569 -0.161323429499531 -0.439571992931414 0 151 255 255 
0.368763570071572 0.481975129189677 0.149460292461265 0 151 255 255 
0.412791066365816 0.457017133937363 0.106601407807937 0 151 255 255 
0.406160960375067 0.449904416602103 0.152460770499579 0 151 255 255 
0.431558679319996 0.424891159221819 0.154433168577979 0 151 255 255 
-0.259178269716982 0.316001836801105 -0.472857762825792 0 151 255 255 
-0.246637135761134 0.331348648086807 -0.469044983637347 0 151 255 255 
0.259124228492379 -0.472844920075398 0.31606536663947 0 151 255 255 
0.244777509497893 -0.476036614434338 0.322642391080316 0 151 255 255 
0.246571684884492 -0.46902044746945 0.331432080628237 0 151 255 255 
0.322349775016762 -0.476110060894437 0.245020065343521 0 151 255 255 
0.315981389395198 -0.472861890998529 0.259195667049684 0 151 255 255 
0.331331272039514 -0.469050088584043 0.24665077046051 0 151 255 255 
-0.475134166432009 -0.323592300622908 -0.245276470208175 0 151 255 255 
-0.463745215438216 -0.347012693180634 -0.234835288008263 0 151 255 255 
-0.469020456788547 -0.331432048965673 -0.246571709717591 0 151 255 255 
-0.331348128483516 0.24663754346732 -0.469045136318091 0 151 255 255 
-0.235523063953479 0.346063929924841 0.46410525144099 0 151 255 255 
-0.245727565103113 0.321760529549522 0.476144017430815 0 151 255 255 
-0.247130723942048 0.330720624790864 0.469228381092323 0 151 255 255 
-0.315590092516944 0.259528960448326 0.472940389891738 0 151 255 255 
-0.322197160049306 0.246142467182984 0.475634182827938 0 151 255 255 
-0.33072011321061 0.247131126675081 0.469228529553526 0 151 255 255 
0.476062649954977 -0.321518657582945 -0.246201352773845 0 151 255 255 
0.472977555484456 -0.315403154707698 -0.25968843294348 0 151 255 255 
0.469286761005811 -0.330519049005534 -0.247289494701754 0 151 255 255 
0.245618574652878 0.47613207741355 0.321861399683491 0 151 255 255 
0.259566222724791 0.472949096796975 0.315546396045734 0 151 255 255 
0.247160475662435 0.469239343439221 0.33068283571991 0 151 255 255 
0.322410161368029 0.476081603363126 0.244995907618675 0 151 255 255 
0.346096995193592 0.464092786912842 0.235499037286972 0 151 255 255 
0.330759907960433 0.469216976533438 0.247099802143838 0 151 255 255 
0.464042493986438 -0.235402250457723 -0.346230249750939 0 151 255 255 
-0.476078462989549 -0.2454696897719 -0.322054232139964 0 151 255 255 
-0.472867157275612 -0.259217879357975 -0.3159552860924 0 151 255 255 
-0.469061793434219 -0.246682055035699 -0.331291408980698 0 151 255 255 
-0.0248898684330854 -0.0529186886466092 0.622258059769605 0 151 255 255 
-0.0492218892679347 -0.0109897283699349 0.622961819984482 0 151 255 255 
-0.0218035382513459 -0.00820209771873701 0.624565712279266 0 151 255 255 
-0.0834966491827997 -0.175442518259708 0.594031285672005 0 151 255 255 
-0.0478929271466123 -0.249556018637229 0.571010532992618 0 151 255 255 
-0.114755522349399 -0.237547607567381 0.566592699845847 0 151 255 255 
0.452269028495374 -0.119089607710215 -0.414602665686028 0 151 255 255 
0.41014887049095 -0.114350737527617 -0.457522447893853 0 151 255 255 
0.418257965198823 -0.157866117237261 -0.436764878661666 0 151 255 255 
0.0397409559297752 -0.62242308754683 0.0404367923692179 0 151 255 255 
-0.00554956323295897 -0.624641248005135 -0.020432547394326 0 151 255 255 
-0.0071752522655582 -0.624404970461818 0.0263048641569205 0 151 255 255 
-0.46178685139363 -0.36801936822106 -0.204791716596994 0 151 255 255 
-0.429730486299703 -0.409065035193885 -0.196526156031938 0 151 255 255 
-0.449152050996701 -0.378298348353152 -0.213957460389987 0 151 255 255 
-0.00981301672724257 -0.622514466668487 0.0548127785317307 0 151 255 255 
0.247951635991407 0.563481135607485 0.107860836454759 0 151 255 255 
0.173051033326854 0.593264098086041 0.0933594604965695 0 151 255 255 
0.223104767162513 0.579674549555992 0.0694742669341388 0 151 255 255 
0.207085088321414 0.588292716544569 0.0406501699896825 0 151 255 255 
0.0385082410009477 0.623102630998535 -0.029752386167467 0 151 255 255 
0.0521022480305664 0.622486864379387 0.0205050428737633 0 151 255 255 
0.0240543935768122 0.624319813775586 0.0164667439699937 0 151 255 255 
-0.429327819262007 -0.0876471140741961 -0.445668712130367 0 151 255 255 
-0.0220860613945606 0.624475042782972 0.0129654644835501 0 151 255 255 
-0.455864191847334 -0.0831911450728478 -0.419394884228064 0 151 255 255 
-0.624537611478473 0.0223668908684874 0.00880181508097233 0 151 255 255 
-0.621985485383444 -0.0271856456498026 0.0549543676646185 0 151 255 255 
-0.624472603983632 -0.0233791382327347 0.0106009638733707 0 151 255 255 
-0.489148745442435 -0.0191240655719306 -0.388577859313397 0 151 255 255 
-0.474482043348315 -0.0601522056541733 -0.40233505993855 0 151 255 255 
-0.461642289559223 -0.146829134258793 -0.394908338124495 0 151 255 255 
-0.622769831107451 -0.0510259079048294 0.0133825225974669 0 151 255 255 
-0.482493905946299 -0.101274033143363 -0.384146051523063 0 151 255 255 
-0.493625786750384 -0.0598821017093042 -0.37864589532771 0 151 255 255 
-0.5464656162296 -3.04263147356502E-05 -0.30331553621086 0 151 255 255 
-0.522369609554257 0.0171034896087373 -0.342727922176642 0 151 255 255 
-0.542940372374169 0.0368554698713074 -0.307379931504504 0 151 255 255 
-0.531646081685033 0.0857972678150458 -0.317200573068016 0 151 255 255 
0.253918143628939 0.486691373747443 0.298801075068743 0 151 255 255 
0.231199540211546 0.486292164115452 0.317319560055705 0 151 255 255 
0.203149816512484 0.488877862997114 0.332195098871646 0 151 255 255 
0.216161247050984 0.512237535138965 0.285503091100551 0 151 255 255 
0.317573786163469 -0.486527414841959 0.230353997949997 0 151 255 255 
-0.179271661582513 -0.591621393115202 0.092036523542934 0 151 255 255 
-0.163442007388099 -0.577577166954427 0.174115762318508 0 151 255 255 
-0.12957428329079 -0.596059604350834 0.136192615128701 0 151 255 255 
0.506741666371614 0.0166204874625524 -0.36546081416516 0 151 255 255 
0.486683483674137 -0.0313846051520947 -0.390869784653662 0 151 255 255 
0.466288277010436 -0.0596938632266575 -0.411869977681027 0 151 255 255 
0.481887979064695 -0.12381662223241 -0.378257077447855 0 151 255 255 
0.464325776961035 -0.151351504960888 -0.390024731278072 0 151 255 255 
0.285328726993638 -0.513039044647312 0.214484143119391 0 151 255 255 
0.332005472209766 -0.489300157778404 0.202441889620858 0 151 255 255 
-0.483657673787089 -0.321034423423542 -0.231596962952815 0 151 255 255 
0.346895486461955 -0.463789961658678 0.234920069751536 0 151 255 255 
-0.484824034783159 -0.336694003386218 -0.205445372761078 0 151 255 255 
-0.234909892589133 0.346909552161637 -0.463784595618733 0 151 255 255 
0.229794445146997 -0.486338836819154 0.318267259086803 0 151 255 255 
0.234835258243059 -0.463745199710561 0.34701273434027 0 151 255 255 
0.252838314273383 -0.486831450197917 0.299487771494345 0 151 255 255 
0.213351776639566 -0.512764148332752 0.286668691747337 0 151 255 255 
-0.316001322041995 0.259178707668009 -0.472857866783307 0 151 255 255 
-0.464286426349443 0.00784567641292543 -0.418331867755954 0 151 255 255 
-0.533287979663192 -0.19651141278696 0.260023441689576 0 151 255 255 
-0.541099907437985 -0.231530917526383 0.210307658645528 0 151 255 255 
-0.547928553392703 -0.193236074700373 0.230345651219711 0 151 255 255 
-0.472844924380387 -0.316065345363759 -0.259124246587331 0 151 255 255 
-0.231616798076694 0.31679908696772 0.486432931463421 0 151 255 255 
-0.216547165938424 0.284258182006542 0.512766615606409 0 151 255 255 
-0.254125774684856 0.298698029309148 0.486646254848825 0 151 255 255 
-0.204531072030795 0.330989536932216 0.489119580477622 0 151 255 255 
0.300970231962439 -0.475171098045169 0.272496508337102 0 151 255 255 
-0.259528528397229 0.315590599231416 0.472940288854725 0 151 255 255 
-0.272659884310232 0.30079322028437 0.475189463392948 0 151 255 255 
-0.263802606277492 0.262247793599055 0.50225419308095 0 151 255 255 
-0.286446376912176 0.286446839713454 0.475942997254256 0 151 255 255 
-0.272475110298009 0.300993428604156 -0.475168675531202 0 151 255 255 
-0.300992930723335 0.272475569546097 -0.475168727565256 0 151 255 255 
0.464185932136733 -0.34584951238772 -0.23567896953301 0 151 255 255 
0.486110571870606 -0.316517301504992 -0.232676404606418 0 151 255 255 
-0.346063424965313 0.235523430914467 0.464105441742118 0 151 255 255 
0.505632738526262 -0.0347865941317888 -0.365719049409638 0 151 255 255 
0.490187781854484 0.0973000185230864 -0.375331335504261 0 151 255 255 
0.442415179537028 0.0803195136359095 -0.434099699461455 0 151 255 255 
0.475796622720933 0.0479423389115785 -0.402422775201619 0 151 255 255 
-0.344414051791957 -0.248384696007162 0.458594518295764 0 151 255 255 
-0.411659936263069 -0.239347607450083 0.404813235088567 0 151 255 255 
-0.390218934410763 -0.192473514761136 0.448673710422296 0 151 255 255 
-0.421945351240435 0.127146317149681 -0.443194001647388 0 151 255 255 
0.539360419831348 0.0517433148973504 -0.311509155736168 0 151 255 255 
0.522004205092497 0.0909171455831499 -0.331467463137244 0 151 255 255 
0.515924780352536 0.064285710184009 -0.34686303484564 0 151 255 255 
0.618424296663705 0.0567670094831182 0.0703835031884552 0 151 255 255 
0.616781028770304 0.100806089371049 0.00665293845150056 0 151 255 255 
0.622978435800894 0.0482989764236002 0.0137863944840286 0 151 255 255 
-0.381554097446437 -0.171924034435256 -0.464202117571125 0 151 255 255 
-0.407351830203246 -0.182933599396024 -0.437292561898012 0 151 255 255 
-0.356455958289029 0.15885282010683 -0.488190443234622 0 151 255 255 
-0.365055599357659 0.202275212373221 -0.465235580179994 0 151 255 255 
-0.408891830765409 0.196616393809347 -0.429854031003148 0 151 255 255 
0.486397729851534 -0.298374407030794 -0.254980315111216 0 151 255 255 
-0.229762297101021 0.161388537101833 0.558379807998511 0 151 255 255 
-0.291509433093138 0.131137163224123 0.537075657613252 0 151 255 255 
-0.270858175428797 0.184240752268992 0.532274540348611 0 151 255 255 
-0.299852709010026 0.254809663580154 0.485577375753299 0 151 255 255 
-0.300792730082587 0.272660336969742 0.475189513956066 0 151 255 255 
-0.512402444070096 0.156555208482526 -0.321806161662651 0 151 255 255 
-0.492337952015645 0.126562115539081 -0.363607415240455 0 151 255 255 
-0.206673695631721 0.334786988750991 -0.485621924804772 0 151 255 255 
-0.475942935233124 -0.286471927161627 -0.286421293464688 0 151 255 255 
-0.47517242351203 -0.272508231035174 -0.3009575251637 0 151 255 255 
-0.289591834697696 0.221323213041649 0.50771803154331 0 151 255 255 
-0.317879768151981 0.233050478502009 0.485041160251802 0 151 255 255 
-0.329770130638816 0.206054252143012 0.489303897111653 0 151 255 255 
-0.485154718301369 -0.301553998994881 -0.253604188747082 0 151 255 255 
-0.475164079597332 -0.301037340684179 -0.272434610457469 0 151 255 255 
0.475172812893961 -0.272511676811987 -0.300953790287394 0 151 255 255 
0.475207132007337 -0.300620947724443 -0.272819037970979 0 151 255 255 
0.475942904351184 -0.286290454684078 -0.286602830946088 0 151 255 255 
0.323723516295721 0.265919336725369 -0.463804874752381 0 151 255 255 
0.325963377492895 0.332534280232338 -0.416885830410333 0 151 255 255 
0.292177282787877 0.305233567472363 -0.460532183949459 0 151 255 255 
0.460033411167392 0.24779729239071 -0.342915004045107 0 151 255 255 
0.40921968665229 0.237882380018073 -0.408137447732276 0 151 255 255 
0.450725865999942 0.193446467923245 -0.387362405140663 0 151 255 255 
0.36688223017487 0.236589874944392 -0.447266869869503 0 151 255 255 
0.385126624279626 0.303649265357632 -0.387426884775546 0 151 255 255 
0.363711545842052 0.276476892020914 -0.426496688161386 0 151 255 255 
-0.164418595684927 0.359745594657103 -0.483915919374442 0 151 255 255 
-0.125224640330794 0.418414430036558 -0.447071741536618 0 151 255 255 
-0.153861621391579 0.393666547119845 -0.460410956082921 0 151 255 255 
0.280885302629245 0.369806376282336 -0.418296162946418 0 151 255 255 
0.299797090626909 0.486685915137367 0.252751901704188 0 151 255 255 
0.318848167899998 0.486127559622974 0.22943591920982 0 151 255 255 
0.315635611602434 0.472931307171923 0.25949015314967 0 151 255 255 
0.335544307567718 0.487989083980129 0.199754016637802 0 151 255 255 
0.3742514717205 0.379528263759568 -0.326372632088235 0 151 255 255 
0.313791360140876 0.423995827177189 -0.335242451521691 0 151 255 255 
0.334902778165005 0.383756278360787 -0.362210222494894 0 151 255 255 
0.240365016668963 0.410267105248332 -0.40562358315363 0 151 255 255 
0.317990044272627 0.535255984844007 -0.0548484410518418 0 151 255 255 
0.333324721349671 0.520483856366467 -0.0928234019490241 0 151 255 255 
0.349466312251115 0.513439017668699 -0.0698474728678149 0 151 255 255 
0.286501252587188 0.475942985548143 0.286391972499535 0 151 255 255 
0.300843320103229 0.475184287082496 0.272613627795739 0 151 255 255 
0.361370799732078 0.333555719244779 -0.385715862075068 0 151 255 255 
0.37999460919078 0.339330956372581 -0.362054685902188 0 151 255 255 
-0.0738503888367156 0.418877936616313 -0.457943655490134 0 151 255 255 
-0.120934833847957 0.458753031237277 -0.406872719498219 0 151 255 255 
-0.0825122016781106 0.444497625499956 -0.431553693700222 0 151 255 255 
0.000873886102954059 0.462252023370077 -0.420651026563494 0 151 255 255 
0.0102567820253046 0.435143604960686 -0.448519603431537 0 151 255 255 
0.0219867211481768 0.500696499813353 -0.373422742653495 0 151 255 255 
-0.0572735286712217 0.483325573126957 -0.392098290078553 0 151 255 255 
0.112296742794263 0.505856611356627 -0.349461755554686 0 151 255 255 
0.0758186381781812 0.488381962603284 -0.382569712481679 0 151 255 255 
0.624616277314553 -0.00781066082771659 0.0204560865496432 0 151 255 255 
0.0635479466366928 0.537503412400476 -0.312532733489112 0 151 255 255 
0.0685906567587215 0.509463365902588 -0.35548192185375 0 151 255 255 
0.25217056030007 0.461015288301454 -0.338378273191336 0 151 255 255 
0.180345284375374 0.499582517854308 -0.329420489346513 0 151 255 255 
0.19655675425968 0.458278468426433 -0.376790734299264 0 151 255 255 
0.301598566931585 0.388295353810073 -0.385862686513828 0 151 255 255 
0.277906509846053 0.422299201948506 -0.367500134119003 0 151 255 255 
-0.125988285037546 0.492179102346332 -0.364021515275498 0 151 255 255 
-0.0316701923392576 0.51529875108422 -0.352262944561606 0 151 255 255 
-0.0826542214675337 0.530893876685603 -0.319288088208234 0 151 255 255 
-0.523754527894183 -0.0584016261480621 -0.335999099978017 0 151 255 255 
-0.56641720065944 -0.0398724743227022 -0.261164118262587 0 151 255 255 
-0.547969428294669 -0.0838939767496458 -0.288645621859397 0 151 255 255 
-0.463810425214688 -0.234958907947865 -0.346841818376555 0 151 255 255 
-0.536473184962529 -0.233819356110264 -0.219431101483037 0 151 255 255 
-0.506605650798483 -0.294424607921779 -0.217462312095699 0 151 255 255 
0.171733143665386 -0.38101997149238 0.464711219836288 0 151 255 255 
0.125278511723718 -0.36357759794727 0.492688142020928 0 151 255 255 
0.163103260763455 -0.352348026026717 0.489768511551454 0 151 255 255 
0.487246077049567 -0.206685714992795 -0.33241130188747 0 151 255 255 
0.484141307100342 -0.232958787453715 -0.319315514533722 0 151 255 255 
-0.536478350871337 -0.318003395920483 0.0411069480469165 0 151 255 255 
-0.541630381984479 -0.292798580210989 0.10738020747608 0 151 255 255 
-0.52077407826063 -0.333596723052663 0.0901808296437038 0 151 255 255 
-0.507053896058295 -0.110927394804063 -0.348161532944707 0 151 255 255 
-0.537910867737041 -0.198892224098529 -0.248432644399139 0 151 255 255 
0.530277630413458 -0.182635166044771 -0.275817009133376 0 151 255 255 
0.510474339230116 -0.180901842017806 -0.311954271459331 0 151 255 255 
0.531750268307707 -0.0483885765726492 -0.324846349033935 0 151 255 255 
-0.622901090625973 -0.0374254252122769 -0.0349077255280656 0 151 255 255 
0.551546396601876 0.00356839205754248 -0.2939537836719 0 151 255 255 
0.533883607326614 0.00586787011893768 -0.324898225891814 0 151 255 255 
0.566861475664835 -0.100142768614724 -0.24344295559694 0 151 255 255 
0.571872753805341 -0.0338991143334849 -0.249874682269696 0 151 255 255 
0.553135278989501 -0.0780044406460281 -0.280324204686704 0 151 255 255 
-0.565296613424375 0.0441636523769468 -0.262895920781129 0 151 255 255 
0.541637343801321 0.110765595171785 -0.29152180307311 0 151 255 255 
0.516166892698171 0.129390365776608 -0.327803084473212 0 151 255 255 
0.566731554716718 0.105753465690944 -0.241363909231601 0 151 255 255 
0.555818187670947 0.077860941399731 -0.275006932612331 0 151 255 255 
0.225903370177818 -0.536577902221133 0.22732534044148 0 151 255 255 
-0.548954878404357 0.148359087133596 -0.259351353075211 0 151 255 255 
0.498715528859741 0.260780493678941 -0.271847975290542 0 151 255 255 
0.500833899621516 0.214907135107562 -0.305949859915421 0 151 255 255 
0.562226819544517 0.158193847044337 -0.222487539815073 0 151 255 255 
0.550135803760374 0.14436113418429 -0.259105109865988 0 151 255 255 
0.546093625163417 0.172672828180898 -0.250181625198339 0 151 255 255 
0.540169919516683 0.214047119725174 -0.230272172489254 0 151 255 255 
0.422551316610787 0.318988361563413 -0.332147209213385 0 151 255 255 
0.420824269508518 0.278117450822469 -0.369029277102106 0 151 255 255 
0.460044003075957 0.334826495312054 -0.258603266083034 0 151 255 255 
0.462392420584665 0.29189303867322 -0.302682484498677 0 151 255 255 
0.51821372651104 0.216184454044669 -0.274488272725912 0 151 255 255 
0.329119100356198 0.365832714461268 -0.385320700207591 0 151 255 255 
0.198654183115168 0.525470398802923 -0.27393862393582 0 151 255 255 
0.229227057281882 0.500120617156802 -0.296579359266708 0 151 255 255 
0.151402443699842 0.475469591118107 -0.376338885170924 0 151 255 255 
0.232118323986569 0.535766190239346 -0.222936441554521 0 151 255 255 
0.234613391715791 0.514421351979781 -0.266368591658237 0 151 255 255 
0.159688045193601 0.546068373086232 -0.258716169258209 0 151 255 255 
0.158991613990235 0.528265617665596 -0.293738151191802 0 151 255 255 
0.118563843907459 0.542382436587447 -0.287034671545913 0 151 255 255 
0.135872000768591 0.521860294904812 -0.315951943021077 0 151 255 255 
0.315588917875172 0.454759989225614 -0.290210235728813 0 151 255 255 
0.276281086284954 0.49156379134901 -0.269552919009675 0 151 255 255 
0.290289562618232 0.459075570267559 -0.309203147640732 0 151 255 255 
0.351506348825396 0.427836930707724 -0.289868637691212 0 151 255 255 
0.341089975298347 0.464142688990208 -0.242598745991559 0 151 255 255 
0.0276518184665178 -0.0606286570840786 0.621437476294265 0 151 255 255 
-0.621291983832193 0.0259233326262613 0.0628430226337201 0 151 255 255 
-0.618137911290327 0.0769129980041174 0.0511359615812543 0 151 255 255 
-0.617030455860263 0.0479741413627537 0.0871601710923111 0 151 255 255 
-0.156555169047087 0.51240259348234 -0.321805942942864 0 151 255 255 
-0.148359071081141 0.548954965089111 -0.259351178775933 0 151 255 255 
-0.00821538869882087 0.537747442234977 -0.318410369035571 0 151 255 255 
0.107763705666769 0.527841697721242 -0.316851897126641 0 151 255 255 
0.115634283803224 0.567567431553201 -0.23477841244123 0 151 255 255 
0.0860997757147582 0.557061534617162 -0.269989389249507 0 151 255 255 
0.191141869569581 0.543061109469555 -0.243257919907919 0 151 255 255 
0.0778088162753352 -0.0489539922866417 0.618202449708998 0 151 255 255 
-0.477173464523273 -0.365521443300476 -0.171244132725832 0 151 255 255 
0.484798037335287 -0.358426068783631 -0.164701555587014 0 151 255 255 
0.464741032069222 -0.364576516944096 -0.204266332019194 0 151 255 255 
0.512402541712167 -0.321806018729204 0.156555182711094 0 151 255 255 
0.492633929260486 -0.363105033723369 0.126852384300773 0 151 255 255 
0.489516301281049 -0.352661550859319 0.16318278508887 0 151 255 255 
0.557494705629747 -0.219233061566022 -0.178217579701353 0 151 255 255 
0.579426058827247 -0.157119100212412 -0.173792988239365 0 151 255 255 
0.57599810578973 -0.123316075838847 -0.208912233609452 0 151 255 255 
-0.58858883585098 -0.0409490268928603 -0.206182808135824 0 151 255 255 
-0.580435938431178 -0.0708173370137068 -0.220689873937975 0 151 255 255 
-0.586634665003904 0.00472232972392425 -0.215551488779137 0 151 255 255 
-0.274235256726724 -0.56130156191685 -0.0189874571425101 0 151 255 255 
-0.334347717376459 -0.528045175880861 0.00220533792197824 0 151 255 255 
-0.297146327250347 -0.549058952219058 0.0293822560322493 0 151 255 255 
0.588576975414372 0.0121190443881225 -0.209893443502338 0 151 255 255 
0.591197616550917 -0.0249451367033407 -0.201216581725188 0 151 255 255 
0.603482475735554 -0.00158866626870061 -0.16257722439892 0 151 255 255 
0.593835240082971 0.0783773013973874 -0.178442239899568 0 151 255 255 
-0.570499900389067 0.100422328426719 -0.234670416109182 0 151 255 255 
-0.60900685880597 0.036948252240076 -0.135537681104377 0 151 255 255 
-0.555899714777795 0.0949914788890503 -0.269401409399999 0 151 255 255 
0.580857086833895 0.156964340068505 -0.169092350879901 0 151 255 255 
0.577557898627968 0.125178821196124 -0.203425986350015 0 151 255 255 
0.610693688086164 0.0419352745608556 -0.12617306033362 0 151 255 255 
0.0532904976893372 -0.521414732943564 0.340458153552968 0 151 255 255 
0.0483645562800268 -0.492039687762235 0.382338607101839 0 151 255 255 
-0.08510373855558 0.37629791415515 0.491713563480779 0 151 255 255 
-0.0555188971481722 0.331547526164395 0.526895485974655 0 151 255 255 
-0.110440169097006 0.352098524852154 0.504434923035717 0 151 255 255 
-0.204869208050532 -0.586652060274377 -0.0670288046797662 0 151 255 255 
-0.258515053136875 -0.549369908029341 -0.148282410373276 0 151 255 255 
-0.266968934349522 -0.55962831448652 -0.0785410879102965 0 151 255 255 
0.288119425431329 0.512308356290106 0.212490788848831 0 151 255 255 
0.272706010759158 0.475194606711413 0.300743274985498 0 151 255 255 
0.263107129534707 0.50315812959634 0.261211655349972 0 151 255 255 
0.27243460074442 -0.475164078493388 0.301037351216835 0 151 255 255 
-0.486522275223985 -0.231429276454901 -0.316798934836394 0 151 255 255 
0.172546277453002 0.560785295460894 -0.215343043722058 0 151 255 255 
0.136281566666806 0.57814690054011 -0.194418335842813 0 151 255 255 
-0.0417205801402537 0.26117781024935 0.566277769877077 0 151 255 255 
-0.0418271858779326 0.207990739459433 0.587890577122476 0 151 255 255 
-0.071436100173919 0.222116802978517 0.579815491772739 0 151 255 255 
-0.111648082725111 0.244640444438787 0.564190327466895 0 151 255 255 
-0.072597196096893 -0.0378756882450681 0.619612842815744 0 151 255 255 
-0.0896873690530938 0.0900602563179448 0.611939781584414 0 151 255 255 
-0.0836160794428793 0.045193367140146 0.617730449713763 0 151 255 255 
-0.117748383956085 0.0460559230160047 0.612077741619362 0 151 255 255 
-0.0898022088784581 0.00664901136642413 0.618479058651391 0 151 255 255 
0.144130123579852 -0.195522194027395 0.575866807435331 0 151 255 255 
0.0697327794652536 -0.203234624096197 0.586905389273644 0 151 255 255 
0.10951700169946 -0.162966612393759 0.593357313513537 0 151 255 255 
0.142076967763696 -0.130538473319367 0.594473584579692 0 151 255 255 
-0.364986770066524 -0.00602819601951425 0.507319683876398 0 151 255 255 
-0.321420459961979 0.00211211572444219 0.536012519477935 0 151 255 255 
0.622087983198244 0.0426035365045692 -0.0426197513746046 0 151 255 255 
0.610962002988108 0.0912081318414419 -0.0950340638425765 0 151 255 255 
0.616749377707973 0.043430177573821 -0.0914276831058863 0 151 255 255 
-0.00264997244102629 -0.54143397125085 0.31219739484915 0 151 255 255 
-0.00352758341850527 -0.520569766383559 0.345860759891398 0 151 255 255 
-0.00709396935972336 -0.486393013611894 0.392423825204745 0 151 255 255 
0.109126893223297 -0.562586844823529 0.249423996848091 0 151 255 255 
0.0902075560683922 -0.592860130912267 0.176080690025235 0 151 255 255 
0.069485775648736 -0.578353536983795 0.226503659314726 0 151 255 255 
0.0400650479838247 -0.586872159848481 0.211189133560354 0 151 255 255 
-0.0703111672978309 0.583929496145086 0.211441674636936 0 151 255 255 
-0.144224888052624 0.575138307808478 0.197585701296249 0 151 255 255 
-0.109578473634453 0.592047569459078 0.167622269037948 0 151 255 255 
-0.142130338475995 0.593893594356993 0.133095326702256 0 151 255 255 
0.246896150372137 -0.563195230886209 0.111706732438867 0 151 255 255 
0.263063108803519 -0.565310690242245 0.0429720065199906 0 151 255 255 
0.22459028470457 -0.578741311216069 0.0724064511611324 0 151 255 255 
0.210353972398031 -0.58695695019091 0.0431014731121508 0 151 255 255 
0.581296253231352 0.219627211067383 0.0669587225806752 0 151 255 255 
0.603930226603261 0.15200728010607 0.0527925158689302 0 151 255 255 
0.592992070993651 0.174987401605898 0.0914593065284783 0 151 255 255 
0.575101055969545 0.197690545162475 0.144229763102072 0 151 255 255 
-0.575272216159574 0.144207387335437 0.197208284786305 0 151 255 255 
-0.585844410215901 0.0683737077914524 0.206727492854588 0 151 255 255 
-0.592785741539231 0.108920762152358 0.165427698765408 0 151 255 255 
-0.593966325454954 0.142123608402041 0.132777575963894 0 151 255 255 
0.567132686618891 -0.259384202807426 -0.041295284395068 0 151 255 255 
0.589710668649242 -0.202143268355823 -0.0447706973932208 0 151 255 255 
0.580862892261554 -0.218402127427842 -0.0743223025521345 0 151 255 255 
0.564360028222743 -0.242805356961431 -0.114753111803265 0 151 255 255 
0.547113705904235 -0.302144668610008 0.000419758334351573 0 151 255 255 
0.522913821002693 -0.341832967215485 0.0183392142169885 0 151 255 255 
0.543668040098413 -0.306021593757535 0.0374278243605975 0 151 255 255 
0.334683430501202 0.526277866759766 0.0405409701235808 0 151 255 255 
0.383278899196094 0.489525546480355 0.0639297961869176 0 151 255 255 
0.357899899850649 0.503509960227157 0.0949229905066252 0 151 255 255 
0.532114997634099 -0.316289095403761 0.0862540965212528 0 151 255 255 
-0.0374063224403178 -0.618766469859134 0.079710835273656 0 151 255 255 
-0.0386369001635955 -0.611417900217356 0.123694461929277 0 151 255 255 
0.0503628719423378 -0.610478748161592 0.124113935780236 0 151 255 255 
0.094152126127967 -0.610769747057136 0.0933844834053806 0 151 255 255 
0.0483882217752715 -0.616753932736368 0.0888716137198519 0 151 255 255 
0.375572511484874 0.498818562998801 -0.0273914903475505 0 151 255 255 
0.333707391436807 0.528317491581894 -0.0120416010243231 0 151 255 255 
0.302619048601209 0.546811106848381 -0.00665684674996805 0 151 255 255 
0.261540150711612 0.566560479873301 0.0350846921127365 0 151 255 255 
0.0760371810640455 0.618418166345001 0.0490134033679562 0 151 255 255 
0.0273763282023864 0.62128776147649 0.0622658681862268 0 151 255 255 
0.087176561909528 0.60995504442093 0.104785733398021 0 151 255 255 
0.118441413548958 0.611410497112058 0.0526670615191775 0 151 255 255 
0.0921600568243582 0.612580037759744 -0.0829287874929638 0 151 255 255 
0.0870890382589615 0.617845250971888 -0.0361627205233728 0 151 255 255 
0.122904942436935 0.611743684527434 -0.0359030240889399 0 151 255 255 
-0.619204844350356 -0.0749737571740936 0.0398659283916429 0 151 255 255 
0.505117121200839 0.29551549005636 -0.219436268308838 0 151 255 255 
0.48953572632248 0.342410889214447 -0.183669635586381 0 151 255 255 
0.404434281443403 0.406759924910899 -0.248201860003864 0 151 255 255 
0.417269827989588 0.361715762565388 -0.292698783223984 0 151 255 255 
0.219778439295188 -0.585080616342218 -0.00175658708890575 0 151 255 255 
-0.61263271274594 -0.116745001132457 0.040948134946488 0 151 255 255 
-0.618258907854995 -0.0914604268468534 -0.00398816752017427 0 151 255 255 
0.45255622018159 0.380355559089644 -0.202848440672793 0 151 255 255 
-0.617786343221623 -0.0847793250665974 -0.0421603829855881 0 151 255 255 
0.429357350334382 0.424701842161914 -0.160952072181444 0 151 255 255 
-0.612093476036286 -0.11893383262026 -0.0426768343705463 0 151 255 255 
-0.505670918929229 -0.366433016578638 -0.0254707106975985 0 151 255 255 
-0.537253069576497 -0.316522318846485 -0.0423992773683233 0 151 255 255 
-0.51841272471906 -0.349101930107505 0.00103959526616969 0 151 255 255 
-0.120446721614572 -0.608233719213284 -0.0785448048054907 0 151 255 255 
-0.129805227906419 -0.594637700148458 -0.142061989557131 0 151 255 255 
-0.162912374205088 -0.59359281271124 -0.108314920343372 0 151 255 255 
0.132797975844792 -0.142124039651738 -0.593961661619613 0 151 255 255 
0.3039810937884 0.499342456646975 -0.221082786689332 0 151 255 255 
0.339242564597709 0.495459454743904 -0.173376423674523 0 151 255 255 
0.367717287989699 0.494574610739365 -0.103946787016877 0 151 255 255 
0.38703222378767 0.467174225151525 -0.150264069633408 0 151 255 255 
-0.203277266600571 0.364572830748617 0.465177387326723 0 151 255 255 
-0.214822851096542 0.376894712940541 0.449918346067965 0 151 255 255 
0.274603444901601 0.513762087925527 -0.226420985340894 0 151 255 255 
-0.0363570760856714 0.568055063893281 -0.258101805998164 0 151 255 255 
-0.097928033040264 0.571655268360797 -0.232906281354771 0 151 255 255 
-0.0916635151341894 0.556936797352232 -0.268410495202691 0 151 255 255 
0.381484488586635 0.484023533329001 0.103999049483811 0 151 255 255 
-0.172636525940189 0.46231660797777 0.383516612795781 0 151 255 255 
-0.157044191169052 0.437656155852819 0.417635255313341 0 151 255 255 
-0.183707638925039 0.435556166035813 0.408861015108344 0 151 255 255 
-0.464477038743594 0.171820872731659 -0.381265887857332 0 151 255 255 
-0.489516166140141 0.163182827739434 -0.352661718708103 0 151 255 255 
-0.0669193691080135 0.595282830390175 -0.178283665698883 0 151 255 255 
-0.00327877065704739 0.589920286135709 -0.206417750280711 0 151 255 255 
0.382223374056222 0.453988525792382 -0.19602215163023 0 151 255 255 
-0.157193704283747 0.510007372021847 0.325280837495687 0 151 255 255 
-0.127054534563331 0.490917733057448 0.36535175946281 0 151 255 255 
-0.163919551958855 0.48720141686727 0.355513937715781 0 151 255 255 
0.00712232689818966 0.605415469993148 -0.155068864380444 0 151 255 255 
0.0341923000475591 0.593294735130556 -0.19353872195083 0 151 255 255 
0.168338817597875 0.58097823836774 -0.15732546747043 0 151 255 255 
0.197473520707215 0.431013629038741 0.407254812084109 0 151 255 255 
0.20195745705807 0.465080866759147 0.365428475049663 0 151 255 255 
0.214832926756379 0.449927173712414 0.376878431408894 0 151 255 255 
0.593640806830255 -0.0761072756226126 -0.180064486026579 0 151 255 255 
-0.353080111403975 -0.163289396569952 -0.489178911975959 0 151 255 255 
-0.0367212032517523 0.609819896723399 -0.131894799335773 0 151 255 255 
-0.196616193620559 0.408892214832548 -0.429853757230764 0 151 255 255 
-0.159886333295992 0.438679687851675 -0.415477422928454 0 151 255 255 
-0.182846507505787 0.437489051348146 -0.407179916859841 0 151 255 255 
-0.163182760166482 0.489516380248952 -0.352661452778883 0 151 255 255 
0.172528639853203 0.383222550847231 0.462600641687719 0 151 255 255 
0.162067941962267 0.414234981808999 0.439053937582642 0 151 255 255 
0.183640146199776 0.40873074523363 0.435706867805783 0 151 255 255 
-0.439457703930269 0.16035648276654 -0.414472824676564 0 151 255 255 
-0.437488713008845 0.182846657384257 -0.407180213079959 0 151 255 255 
-0.378157497406368 0.214044011819054 -0.449229416107712 0 151 255 255 
0.196526123524029 -0.429730441741072 0.409065097620154 0 151 255 255 
0.160104692970872 -0.413607256610503 0.440364079075957 0 151 255 255 
0.182754729841597 -0.406998286990576 0.43769635954423 0 151 255 255 
0.156486116775555 -0.321422153841787 0.512664508203498 0 151 255 255 
-0.449277018867988 -0.214097357173554 -0.378070736905956 0 151 255 255 
0.383374223769215 -0.172584236061988 -0.462454207877461 0 151 255 255 
0.355360224213293 -0.163879229908456 -0.487327106852984 0 151 255 255 
-0.362941307972075 0.203162412864501 0.466501487759617 0 151 255 255 
-0.376894253960111 0.214823135120216 0.449918594940529 0 151 255 255 
-0.438599041649513 0.155105921821333 0.41737037250544 0 151 255 255 
-0.435556768907656 0.183707368806151 0.40886049424187 0 151 255 255 
0.43978229333092 -0.414119282592483 0.160380023121613 0 151 255 255 
0.408892053929034 -0.429853871924178 0.196616277487289 0 151 255 255 
0.437488915173531 -0.407180036082403 0.182846567828839 0 151 255 255 
0.46447721002955 -0.381265708127078 0.171820808515289 0 151 255 255 
0.46232125000907 0.383511811320469 0.172634761149572 0 151 255 255 
0.491564625470234 0.365926112789872 0.122830262032649 0 151 255 255 
0.487205153914099 0.35550936937555 0.163918352565375 0 151 255 255 
0.435561755718149 0.408856185677223 0.183705134483927 0 151 255 255 
0.36779787653572 0.464107460599167 0.199884927692058 0 151 255 255 
0.376914561637957 0.449907582457071 0.214810569098886 0 151 255 255 
0.367096127739012 -0.489298472100802 -0.128266995476924 0 151 255 255 
0.3834659633422 -0.462365568860521 -0.172617914593266 0 151 255 255 
0.355305288455562 -0.487372001027305 -0.163864836475304 0 151 255 255 
-0.416403967483863 -0.437803556687478 -0.15987738565151 0 151 255 255 
-0.407077800901959 -0.437605640381407 -0.18279487839937 0 151 255 255 
-0.365362972312833 -0.491341902540369 -0.125371502417976 0 151 255 255 
-0.321836763260208 -0.512381537611059 -0.156560727016652 0 151 255 255 
-0.352639134175422 -0.489534348601704 -0.163177089723166 0 151 255 255 
0.365770860666348 -0.465005687312143 0.201510261576842 0 151 255 255 
0.378150865721005 -0.449233056108034 0.214048088501548 0 151 255 255 
0.445438961496502 -0.430364236761657 0.0836405866797636 0 151 255 255 
0.434629760626308 -0.448077105308299 0.0308035255620207 0 151 255 255 
0.418249345543796 -0.457630327700204 0.0791641610828235 0 151 255 255 
0.407263052287957 0.431007828076088 0.197469187020965 0 151 255 255 
0.457358963688542 0.411276529300897 0.110902516768576 0 151 255 255 
0.156414884205542 0.486009527486849 0.360491467527868 0 151 255 255 
0.0899895072563902 0.477915513410909 0.392585816482921 0 151 255 255 
0.110366657147353 0.504970280800622 0.351353397763271 0 151 255 255 
0.358496140457003 -0.487259456364978 0.157110529087259 0 151 255 255 
0.310176033004764 -0.528374132701658 0.12343655990267 0 151 255 255 
0.312809602178382 -0.512626524486148 0.173173881479628 0 151 255 255 
-0.194191173541246 -0.576331998230546 -0.144070180033615 0 151 255 255 
0.111158336083397 -0.610163265498216 -0.0772629572173144 0 151 255 255 
0.132178393783196 -0.594102969491693 -0.142110993190428 0 151 255 255 
0.0658497025402805 -0.605267858009645 -0.141207780020241 0 151 255 255 
0.0442675200509375 -0.619639567064222 -0.0686450637410444 0 151 255 255 
0.000241487158629155 -0.608894762257716 -0.14096847343283 0 151 255 255 
0.196768595304238 -0.575427842934187 -0.144187094532191 0 151 255 255 
0.18560191079103 -0.59309216969402 -0.0664718912252827 0 151 255 255 
0.139792427188765 -0.608143965275478 -0.0352701711130601 0 151 255 255 
-0.148774456900115 0.546739788213814 0.263755125986 0 151 255 255 
-0.0851624921178091 0.556447810574738 0.271547712416578 0 151 255 255 
0.448247389368583 -0.41629790173624 -0.128044228482798 0 151 255 255 
0.408939335508049 -0.456175978630701 -0.123681388624716 0 151 255 255 
0.433359271482558 -0.442132473747924 -0.0856948702885948 0 151 255 255 
-0.450237941315098 -0.414925380953403 -0.125489869901425 0 151 255 255 
-0.495164867576746 -0.372467569699975 -0.0818818807049957 0 151 255 255 
-0.463298950218742 -0.413635885617248 -0.0698887018000932 0 151 255 255 
-0.324239762627953 -0.528577849543253 -0.0780956643078098 0 151 255 255 
-0.459942197422917 -0.39300538188455 -0.156923366436264 0 151 255 255 
-0.563040143870504 -0.222226416567752 0.155647715532124 0 151 255 255 
-0.58160896085757 -0.16789561495511 0.155457587740742 0 151 255 255 
-0.56337618434117 -0.199940417416507 0.182362557739444 0 151 255 255 
0.324893562047145 -0.510276457672606 -0.157121334781069 0 151 255 255 
0.263157789681015 -0.5470431857682 -0.148716953265224 0 151 255 255 
0.325337981596968 -0.52670098488831 -0.0858265510693725 0 151 255 255 
0.239066942442042 -0.568980989207447 -0.0986539983652525 0 151 255 255 
0.269099408900594 -0.562795250760935 -0.038365989741337 0 151 255 255 
0.275156831647968 -0.553373729028768 -0.0932267388455469 0 151 255 255 
0.533275760978038 0.317632761110527 -0.0731530151447394 0 151 255 255 
0.497009843471183 0.36185526814971 -0.112547465868168 0 151 255 255 
0.537528257949514 0.289912209996938 -0.132812822605177 0 151 255 255 
-0.539431809578018 -0.293072917199324 -0.117245712989968 0 151 255 255 
-0.520858408397084 -0.332774040521747 -0.0926981698252213 0 151 255 255 
-0.408519839547538 -0.457343218367607 -0.120721612628101 0 151 255 255 
-0.434299391774444 -0.442204176220987 -0.0804020852451612 0 151 255 255 
0.476958245554085 -0.382319782782597 -0.130259026168802 0 151 255 255 
0.461355822880952 -0.391911489564066 -0.155503011820628 0 151 255 255 
0.448314197081466 -0.434142110667974 -0.0340586601846713 0 151 255 255 
0.459176070761352 -0.41673551703678 -0.0781910629876077 0 151 255 255 
0.0697692801786246 0.520831509337453 0.338366306071106 0 151 255 255 
0.0196678019305116 0.50093751579506 0.373228823041714 0 151 255 255 
0.0175573891271116 0.535042536109293 0.322561935541583 0 151 255 255 
-0.509502040767457 -0.319599679719713 -0.169966776007636 0 151 255 255 
-0.505191304194712 -0.344949164769818 -0.128128108093402 0 151 255 255 
-0.478735356982944 -0.379118863920951 -0.133065179354914 0 151 255 255 
-0.532437223601507 -0.275696351625194 -0.176428771972404 0 151 255 255 
-0.559523678365762 -0.231753970147492 -0.154429046788964 0 151 255 255 
0.484333922742751 -0.385081219304491 -0.08808007726651 0 151 255 255 
0.52358980641325 -0.336562357148685 -0.0566077971497911 0 151 255 255 
0.501056403881644 -0.355874114074894 -0.113670961294806 0 151 255 255 
0.536971623672412 -0.270747262226806 -0.170242132503125 0 151 255 255 
0.536625663639402 -0.249432339098022 -0.201100479445399 0 151 255 255 
-0.578444799665446 -0.203088366614142 -0.121580109494697 0 151 255 255 
0.594798075441765 -0.166468582728699 -0.095542671026779 0 151 255 255 
0.57607726096023 -0.197123049270722 -0.141076163378977 0 151 255 255 
-0.557414359936551 -0.27324330046311 -0.0724729056340107 0 151 255 255 
0.431188118086021 -0.40700668785672 -0.197604109757386 0 151 255 255 
-0.612306368939276 -0.0904528581271723 -0.0867419221036444 0 151 255 255 
-0.598623583927314 -0.130890701318437 -0.123054510049962 0 151 255 255 
-0.618351646957188 0.00877757664863563 -0.0904939982570716 0 151 255 255 
-0.618123431800213 -0.0409784063705699 -0.0828805711044018 0 151 255 255 
0.597766058875367 -0.120251430180333 -0.137260022689525 0 151 255 255 
0.592842947438536 0.175210673285274 -0.0919966774955674 0 151 255 255 
0.597268735146073 0.126013500370174 -0.134222347882596 0 151 255 255 
-0.0801062825912376 0.606901746664716 0.126008770892421 0 151 255 255 
-0.141215611592017 0.60515557075604 0.0668572105087178 0 151 255 255 
0.616783851567351 -0.00255093420266307 -0.100975994391972 0 151 255 255 
0.612316595558259 -0.0790959049592607 -0.097145055651532 0 151 255 255 
0.622651239341598 -0.0251992900007604 -0.0479102702751069 0 151 255 255 
-0.610668007610797 0.0783246956687396 -0.107586152433641 0 151 255 255 
-0.619750782969907 0.0697601542497489 -0.0408343305236412 0 151 255 255 
0.0160951782457802 0.328252812735841 0.531616412593039 0 151 255 255 
-0.0062143624359601 0.380721449766614 0.495618331623706 0 151 255 255 
0.0412963758830362 0.357473178318735 0.511011278874966 0 151 255 255 
-0.17011489597229 -0.214335671197199 0.561912924650029 0 151 255 255 
-0.230520365489962 -0.216224085751949 0.539196149911156 0 151 255 255 
-0.196340111291326 -0.187420516469259 0.562982333492636 0 151 255 255 
0.329551323626527 0.515885511189216 -0.126028019898108 0 151 255 255 
-0.152904503777602 -0.604949147082159 -0.0358012609861334 0 151 255 255 
0.562411340703832 0.20883667519032 -0.175230485577567 0 151 255 255 
0.577337895345703 0.193167282427847 -0.141394313618565 0 151 255 255 
0.550708778467706 0.245775319690784 -0.164132054304848 0 151 255 255 
0.547419664698006 0.233603138676741 -0.190751889798293 0 151 255 255 
0.0456418996563356 0.574250901677438 -0.242441068799099 0 151 255 255 
0.567116797397383 0.229378332097689 -0.128019924386052 0 151 255 255 
0.566598748377012 0.257043178179209 -0.0593261013271278 0 151 255 255 
0.511534624099359 0.325503736882339 -0.151672812502824 0 151 255 255 
0.51664353972155 0.304282676818148 -0.176398702092557 0 151 255 255 
0.0868350966120581 0.595821277855743 -0.167575640143212 0 151 255 255 
0.333116548811207 -0.525610037301276 0.0582444354623413 0 151 255 255 
0.347250942263865 -0.507940517059994 0.109718767722765 0 151 255 255 
0.0416497397012059 0.618611422625735 -0.0788048370819006 0 151 255 255 
0.298605318786008 0.538199816149098 -0.108631562838471 0 151 255 255 
0.269611130943528 0.543438705505202 -0.150363584123977 0 151 255 255 
0.304869671172401 0.524576864336575 -0.149995314072088 0 151 255 255 
0.409177456011447 0.458331547775521 -0.114590543504137 0 151 255 255 
0.449020631728965 0.427027156697005 -0.0815673712367049 0 151 255 255 
0.462269099207453 0.400507280443239 -0.128554237123839 0 151 255 255 
0.179462436913367 0.593996815857613 -0.0747389674177605 0 151 255 255 
0.132326542623451 0.598682811799704 -0.121216979019611 0 151 255 255 
-0.0779807205920054 0.611068093460132 -0.105545000397261 0 151 255 255 
-0.142067727945222 0.594574753955122 -0.130086983143179 0 151 255 255 
0.246911294121806 0.564196395282239 -0.106499866958257 0 151 255 255 
0.205882920634096 0.576566545474503 -0.125730802075559 0 151 255 255 
0.226039489329768 0.559515771981344 -0.162705998832809 0 151 255 255 
0.253339307145352 0.541632188207933 -0.181875690083854 0 151 255 255 
-0.481476185956563 -0.397000197059525 -0.034590718434432 0 151 255 255 
0.037696756089193 -0.564004386119044 0.266651390482095 0 151 255 255 
0.0805029663027574 -0.545785390605523 0.293704901356234 0 151 255 255 
0.0440185404973341 0.612803376038795 -0.114714325127474 0 151 255 255 
-0.224364864605234 -0.583324259966319 0.00426593673041683 0 151 255 255 
-0.25483783422763 -0.567914419753676 0.0561769540569679 0 151 255 255 
-0.0850595325982538 -0.617426728360797 -0.0466273303334715 0 151 255 255 
-0.00239193279623481 -0.620260100737589 -0.0767898133268426 0 151 255 255 
0.476226436986793 -0.401123773005085 -0.0541580837637184 0 151 255 255 
0.0435381362568019 -0.623325880555308 -0.0139380181192817 0 151 255 255 
0.329955157391735 -0.530619516419607 -0.0140533218700251 0 151 255 255 
-0.376548014057777 -0.498787215445234 -0.00692096730756522 0 151 255 255 
-0.358263183647938 -0.510900030112887 -0.0354068496532312 0 151 255 255 
-0.414022614778961 -0.468107977372509 0.00922899293650854 0 151 255 255 
-0.376304761251148 -0.496694320877741 0.0481087791211119 0 151 255 255 
-0.431127752603844 -0.44611310401115 0.0757423976401223 0 151 255 255 
-0.320727123568898 -0.530775385693709 0.0776954149758779 0 151 255 255 
0.299955674558512 -0.548180275978377 0.012246115356873 0 151 255 255 
0.494566292235868 -0.378323710976174 -0.0538549040819725 0 151 255 255 
0.382462653003576 -0.494240316097438 0.0085908759971878 0 151 255 255 
0.359514358345726 -0.509777101604291 -0.0387520767712764 0 151 255 255 
-0.393252227703339 0.146063038037788 -0.463296089950875 0 151 255 255 
0.395075567342564 -0.480158662816849 -0.0631499150622829 0 151 255 255 
0.416536684442892 -0.465737962954012 -0.014502850142234 0 151 255 255 
-0.486997238768324 -0.390514641923552 0.0309346029684393 0 151 255 255 
-0.446690242978279 -0.436560240234207 0.0225382670942187 0 151 255 255 
0.49012809837279 -0.387477669874267 -0.0161395114266464 0 151 255 255 
0.465766829931228 -0.416643943535729 0.00969934689729929 0 151 255 255 
-0.571646390857284 -0.249587286937299 0.0393897615011346 0 151 255 255 
-0.590838062116477 -0.203496185568844 0.0111656465665379 0 151 255 255 
-0.593713087408754 -0.193605380068081 -0.0254307083926485 0 151 255 255 
0.60612158638967 -0.151748952803374 -0.0146225827769147 0 151 255 255 
0.588361939568028 -0.21082653892481 0.00271378681495904 0 151 255 255 
-0.605795394683963 -0.153717810114684 -0.00278344710268636 0 151 255 255 
-0.614978534673719 0.00917235131541849 0.111095696317443 0 151 255 255 
-0.607675656853379 0.0794377704690402 0.122657633114355 0 151 255 255 
-0.604546353544619 0.0370389391989805 0.154197314204398 0 151 255 255 
-0.611773153919324 -0.0873761254167774 0.0934022678671431 0 151 255 255 
0.619795636148398 -0.0784634308062961 -0.0179393274119415 0 151 255 255 
0.610866051822877 -0.119454224837121 -0.0565538645951172 0 151 255 255 
0.600083653178263 0.174525477323152 -0.00808798171875493 0 151 255 255 
0.235545500702018 0.464116883800493 0.346033057811124 0 151 255 255 
-0.623547972220664 0.0159199069916542 -0.039490185106383 0 151 255 255 
0.529545950482884 0.320684646001787 0.0858333632060648 0 151 255 255 
-0.605562908062386 0.141187322641983 -0.0631245174324366 0 151 255 255 
-0.608890002187137 0.140968770148755 0.00240237597453165 0 151 255 255 
-0.620117293547363 0.0777840242862279 0.0054016621215645 0 151 255 255 
0.546715782651668 0.263802310840274 0.148779015022523 0 151 255 255 
0.610158306118484 0.127045929416762 -0.0468097942251681 0 151 255 255 
0.213957426335001 -0.449152020524718 0.378298403793318 0 151 255 255 
-0.510010174953731 0.157192949618654 0.325276807443858 0 151 255 255 
-0.487203638962847 0.163918838780345 0.355511221336669 0 151 255 255 
-0.605172215796509 0.141214449098674 0.066708837021671 0 151 255 255 
0.14834702197111 -0.259220258801918 0.549020054316442 0 151 255 255 
0.571384963632352 -0.232335245145894 0.100819342640066 0 151 255 255 
0.566447466490679 -0.260396420553306 0.0442257685015511 0 151 255 255 
0.556478158584543 -0.268114206287761 0.0952461258610714 0 151 255 255 
0.129518557663389 0.36538824227252 0.490246226239565 0 151 255 255 
0.163793392371527 0.355032091107253 0.487595056294004 0 151 255 255 
-0.20376875981943 0.366471302019331 -0.463467448092689 0 151 255 255 
-0.214043726007286 0.378157962355183 -0.449229160897853 0 151 255 255 
0.408732783755625 -0.183641201360457 -0.435704510755571 0 151 255 255 
0.41714319891329 -0.436494399746072 -0.161521478435978 0 151 255 255 
0.408941354361513 -0.435463148190819 -0.183749327371219 0 151 255 255 
0.450045848197923 -0.376659299335235 -0.214968618333217 0 151 255 255 
0.0806154456064582 -0.120320201618897 0.607987796673274 0 151 255 255 
0.0495898158009438 -0.0849290814383139 0.617213819190573 0 151 255 255 
-0.034027549852669 -0.0961757321061858 0.61661767021345 0 151 255 255 
-0.567695606183854 -0.240321100696839 0.102919641310288 0 151 255 255 
-0.595376895677679 -0.173713561002737 0.0772972766925064 0 151 255 255 
-0.578606593889197 -0.201636492256148 0.123215784913193 0 151 255 255 
0.382815730572353 -0.484083352328594 0.098693521203499 0 151 255 255 
0.394605782676126 -0.462374357539947 0.145331423872828 0 151 255 255 
-0.171377989347006 0.0818365830110237 0.59544714140784 0 151 255 255 
-0.13016139156144 0.126863262349314 0.597987214617779 0 151 255 255 
-0.0896423747951412 0.172008434925921 0.594139957952833 0 151 255 255 
-0.040368947509154 0.0858026905614123 0.617764714272009 0 151 255 255 
-0.0440231422332193 0.121334181208697 0.611526749858292 0 151 255 255 
0.587336963967064 0.209746739360018 -0.0408238557553512 0 151 255 255 
0.55858361463145 0.279359647301534 0.0238219055245626 0 151 255 255 
0.541621779270723 0.310880387931987 -0.0249843271074767 0 151 255 255 
0.140968470555232 5.26862773257688E-05 0.608894808526271 0 151 255 255 
0.141206197701331 -0.0656438318653714 0.605290589283806 0 151 255 255 
0.0783883815865395 -0.00299515335203019 0.620057482078853 0 151 255 255 
-0.236224162098071 0.104643649596301 0.569098262512963 0 151 255 255 
-0.201890150493548 0.127702133956404 0.577544393274947 0 151 255 255 
-0.167683109485038 0.161350183383242 0.580063330458435 0 151 255 255 
-0.242971901849726 0.0394454612974854 0.574485561601259 0 151 255 255 
-0.273219062300242 0.0834480113694763 0.555889165339194 0 151 255 255 
0.0992242289253581 0.238229878219657 0.569232868691944 0 151 255 255 
0.0396199383571113 0.267619592984961 0.563413658745747 0 151 255 255 
0.0940470491775057 0.274111643485503 0.553753510909415 0 151 255 255 
0.0873234302800808 0.323809043042364 0.52739667735056 0 151 255 255 
0.509700005535226 0.360059810003357 -0.0344645321962837 0 151 255 255 
0.528210412696329 0.33356780770033 0.018741675183329 0 151 255 255 
0.0673169600243706 0.18443108431287 0.593362038554459 0 151 255 255 
0.144180195404304 0.196618603664573 0.575480839554683 0 151 255 255 
-0.00857297122695358 0.163092509034745 0.603284594276498 0 151 255 255 
0.00297805083515378 0.217946835929051 0.585760431983698 0 151 255 255 
-0.0836137804493958 0.287829270004442 0.548441462293642 0 151 255 255 
-0.361607596107264 0.0507119069578551 0.507240813715096 0 151 255 255 
-0.391110254765065 0.0533078986047624 0.484578185853428 0 151 255 255 
0.616776204798276 0.0907004618788162 -0.0445593389616626 0 151 255 255 
-0.272039140190551 -0.0742213907526929 0.557773150588759 0 151 255 255 
-0.287348745879055 -0.171913640304514 0.52773230016176 0 151 255 255 
-0.275630993945527 -0.216243510978071 0.517582162952113 0 151 255 255 
-0.307423718134964 -0.21440721894627 0.500145168707918 0 151 255 255 
-0.331273622101882 -0.0861522641037608 0.522934575599217 0 151 255 255 
-0.377073910050772 -0.0918849194322838 0.489895278085378 0 151 255 255 
-0.346690378216241 -0.0576505522515964 0.516824138947024 0 151 255 255 
0.0673904520263178 0.391995228410574 0.482102926399437 0 151 255 255 
-0.167269094477286 0.271456338801516 0.537547668095407 0 151 255 255 
-0.197805246568512 0.250691330670618 0.537263379342034 0 151 255 255 
-0.231521412314978 0.223253838700802 0.535892285556527 0 151 255 255 
-0.125869228202517 -0.12639191012063 0.599005010567646 0 151 255 255 
0.0786327700176278 -0.320522167960746 0.530761088874042 0 151 255 255 
0.0236388305515132 -0.26875773735013 0.563768962682861 0 151 255 255 
0.0805160249624689 -0.264339421885816 0.560595050060614 0 151 255 255 
0.00136152927077063 -0.220483199571782 0.584816459806908 0 151 255 255 
-0.0338261135152966 -0.204887162120042 0.589493035888486 0 151 255 255 
-0.0510638307279566 0.372408888375117 0.499328652251094 0 151 255 255 
-0.0569700009700179 0.397770257171381 0.478704746658436 0 151 255 255 
-0.0654673117456775 -0.314883050948684 0.535898937285194 0 151 255 255 
-0.0870107719411216 -0.273242157583277 0.555331292970181 0 151 255 255 
-0.15221187791256 0.00573997327800093 0.606154738300566 0 151 255 255 
-0.202289614874164 -0.00808604350430676 0.591302383892984 0 151 255 255 
-0.192833800177496 0.0298300508416438 0.593759452154332 0 151 255 255 
-0.119002059325035 -0.287872794450594 0.541842006372184 0 151 255 255 
-0.274294619153583 -0.260071918539378 0.497744946626141 0 151 255 255 
-0.32836757051104 -0.126300692470066 0.516573190771904 0 151 255 255 
-0.219716044543879 -0.15879399851729 0.56314680110494 0 151 255 255 
-0.249284447123354 -0.172957434070666 0.546413752341762 0 151 255 255 
-0.257514134995657 -0.143483670340331 0.551111516522107 0 151 255 255 
0.0467818322831023 0.444457339773174 0.436914310725503 0 151 255 255 
0.040212660948813 0.474581651425484 0.40469765825475 0 151 255 255 
0.00399383368802538 0.4700869967381 0.411858292519128 0 151 255 255 
0.484437323106344 0.389652910341583 -0.0641567026076317 0 151 255 255 
0.405257307229733 0.469869126387169 -0.0749300412571006 0 151 255 255 
0.417829967323526 0.462514428668717 -0.0460816018746964 0 151 255 255 
-0.486574170049711 -0.196055005711479 0.339754314938803 0 151 255 255 
-0.495067679151833 -0.124562085373464 0.36057901095243 0 151 255 255 
-0.470108568455932 -0.168631180385781 0.375747859326369 0 151 255 255 
-0.453678871838979 -0.199208670853964 0.380941437493626 0 151 255 255 
-0.11320080774332 -0.349312410635819 0.505758248257935 0 151 255 255 
-0.108766056152187 -0.317456566588783 0.527272483937326 0 151 255 255 
-0.13670428682339 -0.315387817442952 0.521984157727464 0 151 255 255 
0.129117540894602 0.439015424108458 0.425698379679724 0 151 255 255 
0.089658266769702 0.447978054630114 0.426499772546967 0 151 255 255 
0.0919971050208323 0.426751151333131 0.44726388638676 0 151 255 255 
-0.189867486185409 -0.240100493976157 0.544910165984241 0 151 255 255 
-0.158994391144716 -0.257718471368253 0.546742141681457 0 151 255 255 
0.125844062828081 0.404745771730468 0.459313754921426 0 151 255 255 
-0.407256137776551 0.19747282357952 0.431012695470945 0 151 255 255 
-0.387895008958983 0.1407725581513 0.469409773037937 0 151 255 255 
-0.198380963449217 -0.270072296092894 0.527570793538287 0 151 255 255 
-0.233851460724335 -0.259887231439072 0.518070573369382 0 151 255 255 
-0.230133037178311 -0.290725677485712 0.503132543996216 0 151 255 255 
0.0569799335858631 -0.391372363933677 0.483948242652946 0 151 255 255 
0.029160286197814 -0.353341357406189 0.514708218874606 0 151 255 255 
-0.0230237824600959 -0.374032595047637 0.500194437364473 0 151 255 255 
-0.056574381907793 0.485791478531446 0.389141253445031 0 151 255 255 
0.019512755923323 0.414684362678616 0.467205652710703 0 151 255 255 
-0.030194064563948 0.435460584601723 0.447311245962448 0 151 255 255 
-0.0696275266685329 -0.356167230947976 0.508843696682929 0 151 255 255 
-0.0761821798832174 -0.382598033143768 0.488303197923859 0 151 255 255 
-0.117792394554243 0.459389036426014 0.407076960768929 0 151 255 255 
-0.0792504961129081 0.451088852795316 0.425280139910271 0 151 255 255 
-0.111335240252493 0.417407873910582 0.451663702640434 0 151 255 255 
-0.349341747560008 -0.171176059799481 0.489166693816359 0 151 255 255 
-0.405077255055737 -0.0389617313182599 0.474362073680078 0 151 255 255 
-0.432432811163252 0.0167997473840165 0.450937388500769 0 151 255 255 
-0.488722867129635 0.0461986013722929 0.386833996524697 0 151 255 255 
-0.452370986880086 0.0708615268661169 0.42539877945094 0 151 255 255 
-0.419974197836116 0.106297495359273 0.450496909103355 0 151 255 255 
-0.477224914205813 -0.0738341197931137 0.396774359960571 0 151 255 255 
-0.463954513777925 -0.106615992321881 0.404974359731282 0 151 255 255 
0.159474536418977 0.604217750015015 0.0106647677532308 0 151 255 255 
0.093890254155676 0.617892021168225 0.00436581134971884 0 151 255 255 
-0.439599288655244 -0.152765954054069 0.417180992528824 0 151 255 255 
-0.437781949094535 -0.0739608597977166 0.439888292719562 0 151 255 255 
-0.413875106988038 -0.116408605638448 0.453631375829883 0 151 255 255 
0.259343311271605 0.567107662649242 -0.0418915887920544 0 151 255 255 
0.281410763144322 0.552561047226265 -0.078161809598837 0 151 255 255 
-0.395553588064978 -0.145501330928126 0.461510249223127 0 151 255 255 
0.214477540323245 0.587015730138325 -0.00607383214034608 0 151 255 255 
-0.123793691567879 0.379820644458082 0.480662457336694 0 151 255 255 
-0.161727629364019 0.357519409979195 0.486465856863994 0 151 255 255 
-0.149001704994937 0.391606856880365 0.463753767832169 0 151 255 255 
-0.197472623525986 0.407256518149445 0.431012427717799 0 151 255 255 
-0.18183409356454 -0.326787105183321 0.500770925102266 0 151 255 255 
0.00885036882084902 -0.617406073576748 0.0967284908503517 0 151 255 255 
-0.159326547692938 -0.292299054741562 0.528962485870583 0 151 255 255 
-0.508571255540955 -0.037980081997977 0.361300064000723 0 151 255 255 
-0.471575231079023 -0.0246929765364148 0.409428900099084 0 151 255 255 
-0.12430480530517 0.309707424833239 0.528445456803085 0 151 255 255 
-0.258213529215673 -0.331642307169509 0.462562507662146 0 151 255 255 
-0.387680088411151 -0.314118170087143 0.376376002366601 0 151 255 255 
-0.369989581223272 -0.282074672320339 0.417332689144656 0 151 255 255 
-0.329845398145854 -0.321600320839852 0.422374484839977 0 151 255 255 
-0.0484813456957169 -0.618472418161004 -0.0759368055163957 0 151 255 255 
-0.0637297612335519 -0.605498472683962 -0.141191775390417 0 151 255 255 
-0.303000477686415 -0.29168451814898 0.462315732545255 0 151 255 255 
-0.140968659834504 0.608891772093347 0.00190974673566468 0 151 255 255 
-0.0777065726150041 0.620105017421757 0.0075130393222414 0 151 255 255 
0.46770158003524 0.383245501151214 -0.158123720489405 0 151 255 255 
-0.111759992198367 -0.394256283755991 0.471907485282645 0 151 255 255 
-0.0620916032461136 -0.432704578697158 0.446694870936711 0 151 255 255 
0.000115598029465503 -0.419958233728973 0.462882331037007 0 151 255 255 
-0.00810418472410828 -0.447482393682364 0.436255455717861 0 151 255 255 
-0.152825812979997 -0.423581074003875 0.433414670657469 0 151 255 255 
-0.152286967439017 -0.375279958318748 0.476023759913215 0 151 255 255 
-0.198901224971379 -0.374792007738823 0.458905452262829 0 151 255 255 
-0.289049039705123 -0.361845945143988 0.41969411032139 0 151 255 255 
-0.243524167310441 -0.405699967987578 0.408323891369005 0 151 255 255 
0.143741832295013 0.460066341521173 0.397872139171226 0 151 255 255 
0.12389067139828 0.528649127308626 0.309525715237565 0 151 255 255 
-0.452677863239072 -0.235829838987297 0.360682728241407 0 151 255 255 
-0.432651390304804 -0.276990847739888 0.355968856492919 0 151 255 255 
-0.470896709280002 -0.263469912337576 0.315380511929 0 151 255 255 
0.126376758722083 -0.440797192169658 0.42467839602944 0 151 255 255 
0.144049663077878 -0.46099870303788 0.396679824823877 0 151 255 255 
-0.365578291853823 -0.361091419940678 0.355795580197104 0 151 255 255 
-0.351573139722599 -0.345610063826239 0.384154926124204 0 151 255 255 
-0.319365083373875 -0.381871501537431 0.377895581525823 0 151 255 255 
-0.430603376056992 -0.325953648787174 0.314578949420935 0 151 255 255 
-0.510165735828544 -0.161245951685165 0.323041268249868 0 151 255 255 
-0.516191844963326 -0.183975707317145 0.300539373004614 0 151 255 255 
-0.537292560713308 -0.138693186453635 0.287586273264842 0 151 255 255 
-0.506898645793966 -0.225007158822685 0.288184893004898 0 151 255 255 
-0.393322676383868 -0.346988297207046 0.339884377346893 0 151 255 255 
-0.385174067622191 -0.383036303943291 0.309110179948512 0 151 255 255 
-0.350385503456421 -0.388943338212651 0.34143531611631 0 151 255 255 
0.0507343960357245 -0.47321186333124 0.405119179676245 0 151 255 255 
0.0367593808103528 -0.445012813422631 0.437306906004645 0 151 255 255 
0.0790420347505375 -0.454939246801804 0.421197858039016 0 151 255 255 
0.0843478974909352 -0.428687699638479 0.446919772005756 0 151 255 255 
0.121257845903898 -0.404687212822322 0.460597204117991 0 151 255 255 
-0.327749196172873 -0.425694299550107 0.319358431061467 0 151 255 255 
0.169961008542567 0.535627698127401 0.273571229447224 0 151 255 255 
0.000186899620834655 0.57924078012707 0.234744674741826 0 151 255 255 
0.00731077836930997 0.597592171618806 0.182907399097075 0 151 255 255 
0.0380070262181953 0.583786041062161 0.219941618142432 0 151 255 255 
0.089059800641029 0.589096621361278 0.188834440791556 0 151 255 255 
-0.0687236132300394 -0.476548240278706 0.398501983002822 0 151 255 255 
-0.0599602953212413 -0.497596494877088 0.373399901733329 0 151 255 255 
-0.057620016206094 -0.525491120665763 0.333412642646614 0 151 255 255 
-0.107604660981796 -0.461106592602246 0.407954575001772 0 151 255 255 
-0.146553363479696 -0.467404222343855 0.388175725682915 0 151 255 255 
-0.191678686964038 -0.4530998234114 0.385466994386591 0 151 255 255 
-0.105714279991871 -0.496233244153737 0.364968557108116 0 151 255 255 
-0.17225198131933 -0.494046503753498 0.341865889250413 0 151 255 255 
-0.238281644331538 -0.463051003909456 0.345587312761537 0 151 255 255 
-0.0290020070656837 0.556184227303967 0.283624629580489 0 151 255 255 
-0.0908747542434371 0.527911140409656 0.321988419984114 0 151 255 255 
-0.468328712720427 -0.301946686743833 0.283057248253447 0 151 255 255 
-0.463318780937933 -0.34081864928491 0.244547137760394 0 151 255 255 
-0.133273541571038 -0.197061263099943 0.577953299129886 0 151 255 255 
-0.163085710872194 -0.158492262156766 0.582158252196176 0 151 255 255 
-0.501690116750675 -0.273156573201933 0.253608936333833 0 151 255 255 
-0.293631140173213 -0.496761114860502 0.240071120490419 0 151 255 255 
-0.264744657844625 -0.489993131503978 0.283622957038397 0 151 255 255 
-0.26525015808993 -0.510866227681584 0.243481106417422 0 151 255 255 
-0.224137099093288 -0.532100125774434 0.239284356789277 0 151 255 255 
-0.502702633875507 -0.305381123411166 0.211323028860861 0 151 255 255 
-0.528488708169625 -0.287054219903113 0.170072180469127 0 151 255 255 
-0.519759716245699 -0.274949554595603 0.211843283995491 0 151 255 255 
-0.521941984456864 -0.232076305495816 0.253657546371862 0 151 255 255 
-0.562920773110395 -0.176392811527786 0.206472214856417 0 151 255 255 
-0.551000425698826 -0.167334686747369 0.242945737328628 0 151 255 255 
0.19394874907201 -0.536876147191633 0.25450517340234 0 151 255 255 
-0.42413456859463 -0.365632866709101 0.277574245677314 0 151 255 255 
-0.410644016684549 -0.406862497618128 0.237611752636042 0 151 255 255 
-0.109589221673428 -0.560714496940854 0.253405672117889 0 151 255 255 
-0.112047827851366 -0.534056968419964 0.304718614948593 0 151 255 255 
-0.0808042269007904 -0.547428997817099 0.290546321370433 0 151 255 255 
-0.583129188621654 -0.004168286270998 0.224873195063816 0 151 255 255 
-0.567290293863307 -0.0614213154091113 0.255017769933014 0 151 255 255 
-0.587944174343672 -0.0416305131426538 0.207878667569082 0 151 255 255 
-0.560509835120162 0.0233419071965195 0.275515547159302 0 151 255 255 
-0.218754910938538 -0.497293825017228 0.308982418866049 0 151 255 255 
-0.224949598926837 -0.511122844655062 0.280670828174996 0 151 255 255 
-0.283838246918623 -0.454666581342604 0.321464064309321 0 151 255 255 
-0.300495446146435 -0.459912730888363 0.298006316007577 0 151 255 255 
-0.322854999908143 -0.465003664102031 0.264879639848098 0 151 255 255 
-0.283813298644094 -0.428102952428238 0.356093887145676 0 151 255 255 
-0.152547650705391 -0.540010031107447 0.275215146858569 0 151 255 255 
-0.16590771782882 -0.556071465365168 0.232129590668695 0 151 255 255 
-0.183563878979512 -0.538256311178799 0.259247843795398 0 151 255 255 
0.00927912060235198 -0.603246324327338 0.163195347410898 0 151 255 255 
-0.00706613155080167 -0.585079717280401 0.219674218392633 0 151 255 255 
-0.0430286434626847 -0.563252468975182 0.267432482711289 0 151 255 255 
-0.079150170346337 -0.592061884693354 0.183909879367183 0 151 255 255 
-0.276184765559927 -0.520261330121551 0.20898592757914 0 151 255 255 
-0.334691255730343 -0.490186838414273 0.195764140477304 0 151 255 255 
0.227074558954517 0.556386600226036 0.171744246563048 0 151 255 255 
0.276439846927407 0.536591022487101 0.162098963178205 0 151 255 255 
0.255764296079793 0.536396482790478 0.19361930690231 0 151 255 255 
0.204878351988628 0.574444542981868 0.136613762810089 0 151 255 255 
0.168647270451021 0.57683062407864 0.171608585817427 0 151 255 255 
0.130076795227374 0.59499969700752 0.140286739429048 0 151 255 255 
0.126556947381965 0.559726913524908 0.247616830033376 0 151 255 255 
0.14070721480023 0.571860868862617 0.209288368445023 0 151 255 255 
-0.546889860771089 -0.250471165639017 0.169707613494461 0 151 255 255 
-0.550828872948275 -0.259194512242852 0.141530049774089 0 151 255 255 
0.596033157319313 -0.174589276707346 0.0699137944425296 0 151 255 255 
0.576577594708257 -0.193484178752373 0.144038712028265 0 151 255 255 
0.594840573483199 -0.128892679118391 0.142043549395082 0 151 255 255 
-0.0339027762760658 0.435847506677155 -0.446668264772064 0 151 255 255 
-0.128801000027444 -0.51387652571982 0.331611545707681 0 151 255 255 
-0.101219095059965 -0.518326055259818 0.334242119140454 0 151 255 255 
-0.208809540432895 -0.587669925111718 0.040836603970806 0 151 255 255 
-0.616171025274564 -0.0372887454745914 0.0978152021320032 0 151 255 255 
-0.609635636629942 -0.0433502321211654 0.130729247807323 0 151 255 255 
0.0885477098602987 -0.617167947924008 0.0434513823386678 0 151 255 255 
0.175460448808883 -0.592911647617089 0.0910733690148733 0 151 255 255 
0.375494066535471 -0.496573092990966 0.0551757746217225 0 151 255 255 
0.289329954624406 -0.547533992828029 0.0843782890812546 0 151 255 255 
-0.384515145800831 -0.48407632769813 0.0918869279785891 0 151 255 255 
-0.359637917657261 -0.503860762383528 0.0860807663178293 0 151 255 255 
-0.24300498997931 -0.562165200911217 0.124674949419132 0 151 255 255 
-0.278875458791067 -0.550778336594895 0.0974510034724981 0 151 255 255 
-0.263817211352787 -0.54059847928124 0.169643035355361 0 151 255 255 
0.134800061148581 -0.574555637825819 0.20576626371239 0 151 255 255 
0.399745616127295 -0.477330699528205 0.0546245592513454 0 151 255 255 
-0.468372676222376 -0.405702014553765 0.0815959911457718 0 151 255 255 
-0.457771300967138 -0.409975796346755 0.113974892180154 0 151 255 255 
-0.510478555966685 -0.354338344027045 0.06694010178797 0 151 255 255 
-0.380154197728015 -0.469440948579364 0.160415004424967 0 151 255 255 
-0.353892726176549 -0.499537154382564 0.125887094174771 0 151 255 255 
-0.396243902258106 -0.467530603968602 0.122600558150233 0 151 255 255 
0.483827850763334 -0.391361932142021 0.0580636004964644 0 151 255 255 
0.527117204996332 -0.310950793939172 -0.126814927592762 0 151 255 255 
0.54778780681523 -0.288606407218822 -0.0852047359008658 0 151 255 255 
-0.555992762993551 -0.276001306907734 0.0729405309646629 0 151 255 255 
0.603399834416822 0.128159494685452 0.100542310028623 0 151 255 255 
0.612560809157258 0.109793137259519 0.0577902755702575 0 151 255 255 
0.608951614439235 -0.103935700747923 0.0948697950272085 0 151 255 255 
-0.529034355587525 0.0182133394369936 0.33228886752186 0 151 255 255 
-0.542239265594373 -0.0273859243478527 0.309599046996124 0 151 255 255 
0.60888643470348 0.00317066469780844 0.140968992550621 0 151 255 255 
0.620125706420873 0.00109208074628628 0.0778967344713328 0 151 255 255 
0.605616655625711 -0.0626151237289457 0.141183614908061 0 151 255 255 
-0.491365889846932 -0.345509333310003 0.172649455274929 0 151 255 255 
-0.491810238245201 -0.371174959232572 0.104770337752559 0 151 255 255 
-0.516572037035309 -0.32714020051922 0.129451195503536 0 151 255 255 
0.605071733489427 0.067599501110541 0.141221475457561 0 151 255 255 
0.593797576681717 0.133513575887033 0.142139239778557 0 151 255 255 
0.581464372738708 0.229155757956232 -0.00343544036521701 0 151 255 255 
0.556658338944582 0.272161133621305 0.0817605670991125 0 151 255 255 
-0.00993760268740742 0.61373005260473 0.117735506547988 0 151 255 255 
0.0368223408406515 0.614732965674496 0.106641889296839 0 151 255 255 
-0.381198178000819 -0.464541553598416 -0.171796690900984 0 151 255 255 
-0.546831440520835 0.14875706534457 0.263574871196685 0 151 255 255 
0.290998457411894 0.548029395192778 0.0748910428101221 0 151 255 255 
0.4756389975231 0.404511613413255 -0.0276202399815093 0 151 255 255 
0.37381816871662 0.500260038280146 0.0249973540790889 0 151 255 255 
0.397974182041103 0.48138149148372 0.0226584636003847 0 151 255 255 
0.415955812321941 0.463654140075025 0.0512893323947624 0 151 255 255 
-0.344018847227782 0.111848573203432 -0.509672367903833 0 151 255 255 
-0.141189118165679 0.605536910380215 -0.0633694205736017 0 151 255 255 
0.0422615491298449 0.607480323562103 0.140735940515577 0 151 255 255 
-0.0384121652787832 0.602909952226992 0.160153311256146 0 151 255 255 
-0.077053426132365 0.617895698127387 0.0537833398727549 0 151 255 255 
-0.144110011797749 0.576022500960306 -0.195077891444148 0 151 255 255 
-0.048415741740998 0.616358402696018 0.0915599931535277 0 151 255 255 
-0.0261026460230384 0.6207559135429 0.0678656102685467 0 151 255 255 
0.142107719839381 0.132022150368076 0.594138492526107 0 151 255 255 
0.273127760396858 -0.537175853479075 0.165735692195114 0 151 255 255 
-0.202185781941182 -0.573791654874342 0.143209775487449 0 151 255 255 
0.132292498241977 -0.596231407829638 0.132784743510692 0 151 255 255 
0.204224643689034 -0.574732916649492 0.13637947990342 0 151 255 255 
-0.246632710205185 -0.538376701730515 0.199869537193587 0 151 255 255 
-0.298723696095166 -0.521638446450665 0.171121249043267 0 151 255 255 
-0.384538408424899 -0.451199547496247 0.197924653785876 0 151 255 255 
0.170963834374354 -0.556861921968728 0.226497589320968 0 151 255 255 
0.25282560365625 -0.537120252724407 0.195463669980631 0 151 255 255 
-0.465407197127857 -0.389709533482476 0.148820739393389 0 151 255 255 
-0.424836230296717 -0.43063939845973 0.157126856783474 0 151 255 255 
-0.453285736584695 -0.384549940213302 0.193076054620533 0 151 255 255 
0.423009408124819 -0.442221039004716 0.126998355443987 0 151 255 255 
0.459943903342366 -0.405280160877608 0.121756257246955 0 151 255 255 
0.569992941709872 0.0424481265230135 -0.252846136881665 0 151 255 255 
-0.557358652703698 -0.282797817888793 0.00130906606383139 0 151 255 255 
-0.01042057739419 0.298279722610123 0.549131685443806 0 151 255 255 
-0.294319882877071 0.0143828889531676 -0.551175041415691 0 151 255 255 
-0.60024589573515 -0.00940649260841938 0.173900407325814 0 151 255 255 
-0.533116292254679 -0.0784433527295672 0.316636420900476 0 151 255 255 
0.0549254076770595 0.560889217885387 0.270206208768099 0 151 255 255 
-0.0279858576619493 0.523805185761129 0.339808614186174 0 151 255 255 
0.548671560802369 -0.259920190663374 0.148411638183854 0 151 255 255 
0.0162167450764622 0.556530654257994 -0.283964147135754 0 151 255 255 
0.608781997006862 -0.0399818925283707 -0.135686840882087 0 151 255 255 
-0.598123776227317 -0.13057138318757 0.125793660605659 0 151 255 255 
0.562630243715992 0.184909463084499 -0.199701520649412 0 151 255 255 
0.191070413754286 0.207115285308737 -0.55787126978213 0 151 255 255 
0.213922421835228 0.182517901407353 -0.558166112850793 0 151 255 255 
0.16211270663041 0.177222988794178 -0.577006468043817 0 151 255 255 
-0.188199570925095 0.210169957204073 -0.557704676925172 0 151 255 255 
-0.155386571735482 0.178452667948641 -0.578476127345981 0 151 255 255 
-0.560484163348373 -0.202921673496525 -0.187897027045839 0 151 255 255 
-0.193962904646351 -0.556936149259671 0.206943263151616 0 151 255 255 
-0.220416379593685 -0.55640125068377 0.180164536508526 0 151 255 255 
0.200895048433374 0.557180400629974 0.199539917050766 0 151 255 255 
0.200276056731686 0.560704119852027 -0.190066798102038 0 151 255 255 
-0.174046075584827 0.221479232998228 0.557924638106374 0 151 255 255 
-0.201288109384594 0.192379159959122 0.559551920874452 0 151 255 255 
0.510010273200887 0.32527666618392 0.157192923167197 0 151 255 255 
0.317966841001388 0.511068861272977 0.168317253998705 0 151 255 255 
-0.129962288386117 -0.573548096634445 0.211606655911042 0 151 255 255 
-0.190250082116333 -0.520761528548122 0.288508807285307 0 151 255 255 
-0.151514008872335 -0.521701592087929 0.309024193085931 0 151 255 255 
-0.363732044079343 -0.427877605487969 0.274307748467352 0 151 255 255 
-0.364664960087752 -0.449919795485123 0.234982199400735 0 151 255 255 
-0.558826740098669 0.0821263814475984 0.267568504535277 0 151 255 255 
-0.530536424022212 0.0863303107299959 0.318909233525917 0 151 255 255 
0.174470649811507 0.511915815456324 0.313252587969868 0 151 255 255 
0.00358935742528604 -0.321829655306864 0.5357590554391 0 151 255 255 
-0.0216024746384752 -0.289688096424907 0.553388772342331 0 151 255 255 
-0.290245688904477 -0.107861179653231 0.54290735368456 0 151 255 255 
0.141206547275809 0.0656893817232439 0.605285566108133 0 151 255 255 
-0.307303784133487 0.18097059860883 0.513263111665433 0 151 255 255 
-0.175434974594727 0.311775465875007 0.512487680196505 0 151 255 255 
0.148694430882011 0.262922780036094 0.547162297217514 0 151 255 255 
-0.198467767845715 -0.1249246051216 0.579335293504827 0 151 255 255 
0.0394763835929562 -0.151565093064899 0.605057540658581 0 151 255 255 
-0.136229581192643 0.200562687634417 0.576056509004485 0 151 255 255 
0.157065425153551 0.32459324160985 0.510484753343228 0 151 255 255 
0.315270991808877 0.527321067905147 0.114724277180475 0 151 255 255 
0.0366393729627417 0.138232263319152 0.608419582379235 0 151 255 255 
-0.447986758915318 -0.435038191480202 -0.0259732828904479 0 151 255 255 
0.532820331121587 0.264097239380434 -0.19230220234765 0 151 255 255 
0.28348203068585 0.523602729046699 -0.190008195772204 0 151 255 255 
-0.393571737516189 -0.481992989323659 -0.0583866425843124 0 151 255 255 
0.520525097205893 0.259280561177234 -0.229024475985282 0 151 255 255 
0.527646436613201 0.172659212933696 -0.287059260042364 0 151 255 255 
0.489765164918232 0.17299197246476 -0.347604405506239 0 151 255 255 
0.351731354584797 0.356520486150068 -0.373902654573151 0 151 255 255 
0.492120388499218 -0.0754216884252501 -0.377828110910703 0 151 255 255 
0.19151586458655 0.285296823106831 -0.522065505278 0 151 255 255 
0.183364720168268 0.256807106526104 -0.53949280661762 0 151 255 255 
-0.171820768094077 0.464477317849572 -0.381265594990866 0 151 255 255 
-0.697410176459316 0.143306878105836 -0.617754086450269 0 112 255 255 
-0.742741711373395 0.150669763806349 -0.552225525511597 0 112 255 255 
-0.646821985267737 0.140046596469044 -0.554650352223295 0 112 255 255 
-0.340275622268981 0.239793430428881 -0.909236830811014 0 112 255 255 
-0.337095495096996 0.242194961962616 -0.842664484486463 0 112 255 255 
-0.311054835711905 0.263443128048549 -0.887981938349472 0 112 255 255 
-0.285401324364791 0.287495005207848 -0.86065055413969 0 112 255 255 
-0.240950173556556 0.338737287662351 -0.839541056765985 0 112 255 255 
-0.260481873664631 0.314475821589376 -0.887101857355072 0 112 255 255 
-0.197871829401192 0.406499075651303 -0.891967063795564 0 112 255 255 
-0.186747991824651 0.428901405986681 -0.858376611059587 0 112 255 255 
-0.18246306209646 0.438356873518605 -0.880085497219969 0 112 255 255 
-0.145361085400461 0.566977228216325 -0.739387548959053 0 112 255 255 
-0.162341226950162 0.492209360253603 -0.755816446488805 0 112 255 255 
-0.152978574862421 0.526818164190366 -0.703160479383807 0 112 255 255 
-0.70557139607062 0.144318255106715 -0.693787609095346 0 112 255 255 
-0.635110340474948 0.140023930124911 -0.651094730731904 0 112 255 255 
-0.650881226730384 0.140118414805911 -0.746137024231446 0 112 255 255 
-0.672377752015355 0.14104945973941 0.118705037036326 0 112 255 255 
-0.717431226273191 0.146032131581562 0.0497070095377396 0 112 255 255 
-0.732205864664794 0.148575474078654 0.110418195955701 0 112 255 255 
-0.87052012245333 0.196310386396811 0.451283667634866 0 112 255 255 
-0.835348070181917 0.179740147796518 0.519506574541419 0 112 255 255 
-0.818850583089749 0.17308195497613 0.462629026902761 0 112 255 255 
-0.46552055676556 0.171430981922185 -0.868275320005364 0 112 255 255 
-0.423626598359861 0.189242248654534 -0.862931440419391 0 112 255 255 
-0.43335022881594 0.184702435682925 -0.882095567070777 0 112 255 255 
-0.529497488421263 0.152363664622605 -0.834516461522782 0 112 255 255 
-0.472860147344491 0.168763080139118 -0.755642256802417 0 112 255 255 
-0.478768101799003 0.166709103037831 -0.826101091177342 0 112 255 255 
-0.557932875547499 0.146781027594832 -0.739384589256926 0 112 255 255 
-0.591704294158473 0.142337940700748 -0.793489722426255 0 112 255 255 
-0.404324709407004 0.199027085992602 -0.70092042472713 0 112 255 255 
-0.405944823206079 0.198165006944782 -0.767328776744153 0 112 255 255 
-0.367209168163283 0.220971168984081 -0.879837467653415 0 112 255 255 
-0.381012037632093 0.212302407845816 -0.80683131965958 0 112 255 255 
-0.389401605298322 0.207333336527338 -0.850936952073709 0 112 255 255 
-0.346751880043005 0.235024075137375 -0.753537591077279 0 112 255 255 
-0.286900985806861 0.285992874660829 -0.792354465420075 0 112 255 255 
-0.210853113019753 0.38342069461557 -0.793449670119486 0 112 255 255 
-0.182862102266515 0.437453872941321 -0.808940440926355 0 112 255 255 
-0.204918841575308 0.393617407652579 -0.844917159765504 0 112 255 255 
-0.239798819588661 0.34026849183805 -0.752270093793302 0 112 255 255 
-0.140049033657223 0.646999625095128 -0.553992875719494 0 112 255 255 
-0.146862408137366 0.557445239634124 -0.559097231488381 0 112 255 255 
-0.141552252792585 0.600632047625691 -0.506830180536865 0 112 255 255 
-0.15132628540369 0.534179391154712 -0.831716739283805 0 112 255 255 
-0.141964238847536 0.595723809725278 -0.790543672425307 0 112 255 255 
-0.59885988738557 0.141695391095709 -0.696455598860904 0 112 255 255 
-0.552168703769548 0.147774804543692 -0.649206051223342 0 112 255 255 
-0.589423230839946 0.142564586262775 0.795145014638419 0 112 255 255 
-0.527865663863076 0.152736322664405 0.835481572303973 0 112 255 255 
-0.532617015574411 0.151667233973674 0.781637791023702 0 112 255 255 
-0.513184431646169 0.156349500813565 -0.700292416485261 0 112 255 255 
-0.471642298894576 0.169196800502799 -0.656936768658358 0 112 255 255 
-0.285993069880344 0.286900807770931 -0.705558512423967 0 112 255 255 
-0.340017528799185 0.239986913758547 -0.659156751021383 0 112 255 255 
-0.194779117083119 0.41245155788965 -0.72164734429937 0 112 255 255 
-0.235434635643771 0.346185770688547 -0.661089536623449 0 112 255 255 
-0.164149319041839 0.486487463809116 -0.663455719085263 0 112 255 255 
-0.145969074075698 0.562971229599407 -0.653982203002108 0 112 255 255 
-0.140192843240623 0.653885471748433 -0.743491598403052 0 112 255 255 
-0.147485468078552 0.726193857064488 -0.35944179207673 0 112 255 255 
-0.140001696084212 0.638707548943375 -0.364028065506828 0 112 255 255 
-0.141834398218169 0.682790487402452 -0.315409100331757 0 112 255 255 
-0.653707977013003 0.140187978243612 -0.164030812829214 0 112 255 255 
-0.594601601042889 0.142065279467636 -0.129966891794605 0 112 255 255 
-0.576022455896338 0.144110017611757 -0.195078020214073 0 112 255 255 
-0.28644637453075 0.286446844282859 -0.475942937670666 0 112 255 255 
-0.285185938485153 0.287711791951341 -0.500880335230776 0 112 255 255 
-0.299997716053008 0.273396062646591 -0.486775548308273 0 112 255 255 
-0.210437545801838 0.895882867425668 0.111702918720626 0 112 255 255 
-0.259476988797762 0.964348945256018 0.0519885026795856 0 112 255 255 
-0.201674247498704 0.880562805524074 0.0503524054825418 0 112 255 255 
-0.755415290498531 0.153503020715847 -0.637012214689205 0 112 255 255 
-0.59422533918634 0.142099739436951 -0.599708591270445 0 112 255 255 
-0.165762152518202 0.481575129130638 -0.579120937443199 0 112 255 255 
-0.162395319756118 0.492034635532906 -0.502750874406074 0 112 255 255 
-0.79992292474165 0.166265202634784 -0.576610090933127 0 112 255 255 
-0.543585106924622 0.149383957288433 -0.54392881710573 0 112 255 255 
-0.604629632875237 0.141252644507283 -0.503421773805083 0 112 255 255 
-0.506601341525284 0.158123675774121 -0.605916931002978 0 112 255 255 
-0.460952184583064 0.173157584617065 -0.573596087024483 0 112 255 255 
-0.398826209646299 0.202010099742649 -0.613032849450692 0 112 255 255 
-0.283020639639476 0.289906170268165 -0.615023044837204 0 112 255 255 
-0.334201918661584 0.244414983144183 -0.566883201245889 0 112 255 255 
-0.19381689369506 0.414344132092658 -0.616604191456416 0 112 255 255 
-0.234600699732451 0.347337456054276 -0.555446589838227 0 112 255 255 
-0.154183268741598 0.521754070198283 -0.613914022754738 0 112 255 255 
-0.140135107938236 0.651621591522031 0.550547181500045 0 112 255 255 
-0.146314368659532 0.560788477252507 0.552746625357899 0 112 255 255 
-0.140991060463239 0.608534624290381 0.598698705478176 0 112 255 255 
-0.141472645942465 0.601653268153905 -0.604577588279317 0 112 255 255 
-0.140000083623385 0.63973682577878 -0.651292275118624 0 112 255 255 
-0.144596395258256 0.707640731721624 -0.691618737095561 0 112 255 255 
-0.143521964321212 0.699241428290441 -0.614359288515272 0 112 255 255 
-0.153812689924271 0.756712894065307 -0.635395351343721 0 112 255 255 
-0.150875780624362 0.743718098337649 -0.539497203298959 0 112 255 255 
-0.166484551429999 0.800571230455994 -0.575646244835334 0 112 255 255 
-0.214798402506935 0.903065774240843 -0.371932593038251 0 112 255 255 
-0.172299454410582 0.816793974323349 -0.404599475559154 0 112 255 255 
-0.193992747797479 0.866003330846407 -0.324175491671018 0 112 255 255 
-0.163813807479092 0.487531294451711 -0.438883014973157 0 112 255 255 
-0.147124392940823 0.555895224298091 -0.457648193888471 0 112 255 255 
-0.700282262462014 0.143647268019006 -0.507222355114052 0 112 255 255 
-0.143737456766995 0.578979758845603 -0.317432906073516 0 112 255 255 
-0.140001565745883 0.638771034830014 -0.26378303580284 0 112 255 255 
-0.839472063865126 0.181512382050106 -0.512191281878645 0 112 255 255 
-0.754221348382197 0.153221386277681 -0.460161035067478 0 112 255 255 
-0.656154451886498 0.140261067940977 -0.461883984247683 0 112 255 255 
-0.572612482829937 0.144561906606904 -0.453223941643623 0 112 255 255 
-0.482703373923002 0.165386745352412 0.571672207509825 0 112 255 255 
-0.562434423495203 0.146053094645227 0.553586268573265 0 112 255 255 
-0.523908704967761 0.153663895848655 0.606156846952331 0 112 255 255 
-0.459890959810409 0.173565964170448 -0.500992957025289 0 112 255 255 
-0.501345110544824 0.159609733707346 -0.45471495398444 0 112 255 255 
-0.39241605411265 0.205601377174593 -0.520793055998346 0 112 255 255 
-0.283218989695654 0.289703982366499 -0.542111218210009 0 112 255 255 
-0.1896021940075 0.422878407233835 -0.518935524900346 0 112 255 255 
-0.147660644537216 0.727189018557135 -0.449045260700353 0 112 255 255 
-0.160759988563304 0.782579789362808 -0.476183685372805 0 112 255 255 
-0.140007901215714 0.642806896599574 -0.456582421051115 0 112 255 255 
-0.142545854522776 0.690392099073568 -0.499771331216495 0 112 255 255 
-0.181657603761784 0.839805525155659 -0.511592801932755 0 112 255 255 
-0.24742891618118 0.330342214486545 -0.481913213676786 0 112 255 255 
-0.259178269716982 0.316001836801105 -0.472857762825792 0 112 255 255 
-0.246637135761134 0.331348648086807 -0.469044983637347 0 112 255 255 
-0.32963017504744 0.247991617781888 -0.484754453281037 0 112 255 255 
-0.346909039559477 0.234910263465221 -0.463784791193949 0 112 255 255 
-0.331348128483516 0.24663754346732 -0.469045136318091 0 112 255 255 
-0.248086745584332 0.329510062975778 0.480789745553318 0 112 255 255 
-0.235523063953479 0.346063929924841 0.46410525144099 0 112 255 255 
-0.247130723942048 0.330720624790864 0.469228381092323 0 112 255 255 
-0.329423332361026 0.248155472798082 0.480811674302393 0 112 255 255 
-0.315590092516944 0.259528960448326 0.472940389891738 0 112 255 255 
-0.33072011321061 0.247131126675081 0.469228529553526 0 112 255 255 
-0.657187453888598 0.140295539338246 0.455534043557732 0 112 255 255 
-0.655330412645259 0.140235108242488 0.551604112162183 0 112 255 255 
-0.609124725593516 0.140954204125736 0.503061310162236 0 112 255 255 
-0.234909892589133 0.346909552161637 -0.463784595618733 0 112 255 255 
-0.34246228689657 0.238165073706495 -0.509049535356622 0 112 255 255 
-0.312388937690926 0.262281862762097 -0.50904296868186 0 112 255 255 
-0.316001322041995 0.259178707668009 -0.472857866783307 0 112 255 255 
-0.238937484092793 0.341421939623666 0.495791174266506 0 112 255 255 
-0.217498993928328 0.372618442788701 0.483841473618658 0 112 255 255 
-0.272852142176964 0.300585135169462 0.484611246316203 0 112 255 255 
-0.259528528397229 0.315590599231416 0.472940288854725 0 112 255 255 
-0.272659884310232 0.30079322028437 0.475189463392948 0 112 255 255 
-0.286446376912176 0.286446839713454 0.475942997254256 0 112 255 255 
-0.286363275498293 0.286529963290253 0.497099789324622 0 112 255 255 
-0.260378256334265 0.314596664183083 0.501883519019733 0 112 255 255 
-0.235529096591606 0.346055720597145 0.548335139887973 0 112 255 255 
-0.272298186798529 0.30118533600325 -0.48604523281366 0 112 255 255 
-0.272475110298009 0.300993428604156 -0.475168675531202 0 112 255 255 
-0.259334114742722 0.315818749615187 -0.5053911694261 0 112 255 255 
-0.300992930723335 0.272475569546097 -0.475168727565256 0 112 255 255 
-0.346063424965313 0.235523430914467 0.464105441742118 0 112 255 255 
-0.874132284210952 0.19820584706587 -0.443404095569364 0 112 255 255 
-0.81151207023505 0.170336730616441 -0.414392856229241 0 112 255 255 
-0.820629965003362 0.173767434623946 -0.457536604886231 0 112 255 255 
-0.852130909597257 0.187230277895052 -0.350824107460934 0 112 255 255 
-0.903046972204738 0.214786770545794 -0.371984958406211 0 112 255 255 
-0.751571232893512 0.152607189354879 -0.360038438162199 0 112 255 255 
-0.704077030701393 0.144122879043277 -0.415821796443718 0 112 255 255 
-0.653098643566987 0.140171647556854 -0.381203728297513 0 112 255 255 
-0.612629362634885 0.140749719414231 -0.419411984027805 0 112 255 255 
-0.569038754932524 0.145061133474809 -0.381336281922401 0 112 255 255 
-0.523352527134861 0.153796996163349 -0.40790709453493 0 112 255 255 
-0.300507280775805 0.272924131049436 0.484619380587878 0 112 255 255 
-0.300792730082587 0.272660336969742 0.475189513956066 0 112 255 255 
-0.314374496580065 0.260568806302222 0.501924154606293 0 112 255 255 
-0.238153604422794 0.342477775336984 -0.498495211030337 0 112 255 255 
-0.216814119012642 0.373703722414807 -0.48595747325271 0 112 255 255 
-0.286228631433575 0.286664744585678 0.533617084811529 0 112 255 255 
-0.341214394503696 0.239092078212998 0.495859797811875 0 112 255 255 
-0.345471849675191 0.235954063344901 0.548520801390761 0 112 255 255 
-0.372476203967883 0.217589043983922 0.483936788181773 0 112 255 255 
-0.176804231171336 0.451719152534827 -0.462887124476606 0 112 255 255 
-0.177625557224734 0.449711077245201 -0.424012450872689 0 112 255 255 
-0.156078660912043 0.514221884236435 -0.404749500529925 0 112 255 255 
-0.146825677679214 0.5576648509865 -0.378214900459575 0 112 255 255 
-0.141715148425545 0.598621249257258 -0.414118395226497 0 112 255 255 
-0.198286697231698 0.874284780196216 -0.443067160703986 0 112 255 255 
-0.92753270800138 0.23094628474687 -0.293848412081455 0 112 255 255 
-0.230946678465829 0.927533268117117 -0.29384633462848 0 112 255 255 
-0.816430552145906 0.172162190693159 -0.281301167415066 0 112 255 255 
-0.735493404827545 0.149203772765632 -0.2634936326162 0 112 255 255 
-0.600437692530402 0.141567685060804 -0.316822808108735 0 112 255 255 
-0.677118654535784 0.141379735903363 -0.313136608860538 0 112 255 255 
-0.643751653405301 0.140014156953861 -0.244124437118042 0 112 255 255 
-0.548954878404357 0.148359087133596 -0.259351353075211 0 112 255 255 
-0.512402444070096 0.156555208482526 -0.321806161662651 0 112 255 255 
-0.156555169047087 0.51240259348234 -0.321805942942864 0 112 255 255 
-0.148359071081141 0.548954965089111 -0.259351178775933 0 112 255 255 
-0.147596164940248 0.726824045578277 -0.274383507940631 0 112 255 255 
-0.167174452110243 0.802591334677151 -0.301377389520456 0 112 255 255 
-0.197821718637228 0.873405867641749 -0.249121665608751 0 112 255 255 
-0.236312659084664 0.344980455354283 -0.908374821010318 0 112 255 255 
-0.25922655101211 0.315945096396388 -0.912677539619228 0 112 255 255 
-0.460624548929645 0.173283335673286 0.815718407181471 0 112 255 255 
-0.484367168030428 0.164838566065726 0.745600292510929 0 112 255 255 
-0.498741168897098 0.160368952116089 0.802719178958686 0 112 255 255 
-0.94637556702057 0.244862034037636 -0.210750731068241 0 112 255 255 
-0.890220552775079 0.207114771527182 -0.161416688816179 0 112 255 255 
-0.877510548356049 0.20001284765071 -0.23725470608958 0 112 255 255 
-0.805019479361096 0.168016454960063 -0.185404463373632 0 112 255 255 
-0.813153064966482 0.170939306376203 0.00518396364277209 0 112 255 255 
-0.89586146001058 0.210424792695038 0.000635371116431406 0 112 255 255 
-0.863882101996466 0.192924177834413 0.0528416675254425 0 112 255 255 
-0.714294145189357 0.145550476433614 -0.196963286197627 0 112 255 255 
-0.140192509983622 0.65387215095044 0.173450018913059 0 112 255 255 
-0.142130338475995 0.593893594356993 0.133095326702256 0 112 255 255 
-0.144224888052624 0.575138307808478 0.197585701296249 0 112 255 255 
-0.593966325454954 0.142123608402041 0.132777575963894 0 112 255 255 
-0.6521983294694 0.140148848152612 0.183080949637596 0 112 255 255 
-0.575272216159574 0.144207387335437 0.197208284786305 0 112 255 255 
-0.169952118185651 0.469544757987152 0.866397137137444 0 112 255 255 
-0.186598393655983 0.429222909007539 0.848681982895923 0 112 255 255 
-0.182728951493583 0.437754633672463 0.880330057984688 0 112 255 255 
-0.214822851096542 0.376894712940541 0.449918346067965 0 112 255 255 
-0.140098015482929 0.649898500474089 -0.174844469715561 0 112 255 255 
-0.144110011797749 0.576022500960306 -0.195077891444148 0 112 255 255 
-0.178136617869112 0.44847398182997 0.423965202646931 0 112 255 255 
-0.172636525940189 0.46231660797777 0.383516612795781 0 112 255 255 
-0.183707638925039 0.435556166035813 0.408861015108344 0 112 255 255 
-0.464477038743594 0.171820872731659 -0.381265887857332 0 112 255 255 
-0.511420671711157 0.156815403733083 -0.368994407266855 0 112 255 255 
-0.489516166140141 0.163182827739434 -0.352661718708103 0 112 255 255 
-0.158110785967658 0.506647895000652 0.364749377143405 0 112 255 255 
-0.157193704283747 0.510007372021847 0.325280837495687 0 112 255 255 
-0.163919551958855 0.48720141686727 0.355513937715781 0 112 255 255 
-0.401461119207217 0.200569455706984 -0.893644708769046 0 112 255 255 
-0.370384374432622 0.218921130364463 -0.902711999403148 0 112 255 255 
-0.145721875087967 0.71542512866517 -0.0485649058442886 0 112 255 255 
-0.141189118165679 0.605536910380215 -0.0633694205736017 0 112 255 255 
-0.140237330124303 0.655402927975923 0.0173940205276748 0 112 255 255 
-0.196616193620559 0.408892214832548 -0.429853757230764 0 112 255 255 
-0.182846507505787 0.437489051348146 -0.407179916859841 0 112 255 255 
-0.15790726190203 0.507385555829556 -0.367739478340423 0 112 255 255 
-0.163182760166482 0.489516380248952 -0.352661452778883 0 112 255 255 
-0.163984801747944 0.48699826971255 -0.822447480772359 0 112 255 255 
-0.159284222754369 0.502477850839104 -0.849790883572287 0 112 255 255 
-0.448110864794188 0.178287363818857 -0.44099284141357 0 112 255 255 
-0.437488713008845 0.182846657384257 -0.407180213079959 0 112 255 255 
-0.388662079495367 0.207762508517199 -0.467120284678105 0 112 255 255 
-0.378157497406368 0.214044011819054 -0.449229416107712 0 112 255 255 
-0.165871297896867 0.798750922219154 -0.196554559139475 0 112 255 255 
-0.144654275627344 0.708062985016533 -0.209744532807324 0 112 255 255 
-0.376894253960111 0.214823135120216 0.449918594940529 0 112 255 255 
-0.462318090353552 0.172635962369717 0.383515079523008 0 112 255 255 
-0.448786635904818 0.178007090167166 0.424044125898974 0 112 255 255 
-0.435556768907656 0.183707368806151 0.40886049424187 0 112 255 255 
-0.259738624537477 0.315344359138577 0.886093596667912 0 112 255 255 
-0.284315787979626 0.288590349838482 0.914264811596418 0 112 255 255 
-0.259243094843142 0.315925657944104 0.912679569422121 0 112 255 255 
-0.198032258462796 0.406195559660726 0.892069724924787 0 112 255 255 
-0.218241397915173 0.371448923161424 0.877667313793431 0 112 255 255 
-0.215951703294338 0.375079177744428 0.90148792131495 0 112 255 255 
-0.464414749816602 0.17184423459704 0.86878564718354 0 112 255 255 
-0.489382592717168 0.163225004516763 0.835157745263663 0 112 255 255 
-0.496280682140487 0.161100472252655 0.853083889414767 0 112 255 255 
-0.564428619296326 0.145744047912982 0.729242896706502 0 112 255 255 
-0.244828057949555 0.946331742434893 -0.210986860984803 0 112 255 255 
-0.339988432424797 0.240008674809054 0.909287470848103 0 112 255 255 
-0.36671984842025 0.221290126613981 0.878871503119967 0 112 255 255 
-0.36997202750641 0.219185439802139 0.902816948141499 0 112 255 255 
-0.21834132548865 0.371292052148224 -0.877246686321425 0 112 255 255 
-0.215823871845493 0.375283902439869 -0.901433330269755 0 112 255 255 
-0.284375783712851 0.288529634659233 -0.914265315240138 0 112 255 255 
-0.311061855559456 0.26343699606515 0.88650247271934 0 112 255 255 
-0.311321982675153 0.263209924585356 0.913126036598838 0 112 255 255 
-0.141639835268827 0.599538463547963 0.311868670220826 0 112 255 255 
-0.140045320386613 0.646730066070878 0.359921343901353 0 112 255 255 
-0.140024206158013 0.644913674961582 0.263495470454786 0 112 255 255 
-0.169626962391733 0.47044409101303 -0.865972893590544 0 112 255 255 
-0.141215611592017 0.60515557075604 0.0668572105087178 0 112 255 255 
-0.140510009090979 0.662576992622242 0.0967617585005371 0 112 255 255 
-0.730786423915222 0.14831131839497 -0.127771758587741 0 112 255 255 
-0.662258106631039 0.140495694917374 -0.0902810608550376 0 112 255 255 
-0.958970615220137 0.254957473864393 -0.123984055312064 0 112 255 255 
-0.891490641036715 0.207851411215204 -0.0822822821188165 0 112 255 255 
-0.812378112022239 0.170653925271367 -0.0862149674851069 0 112 255 255 
-0.732680756050269 0.148664876919512 -0.0437383743488232 0 112 255 255 
-0.964956908549936 0.259996042196243 -0.0354996203492035 0 112 255 255 
-0.148730389533024 0.733027541813851 0.275836957349527 0 112 255 255 
-0.167773146630536 0.804321925159486 0.201986869361075 0 112 255 255 
-0.145529674154377 0.714155587809478 0.210755435545569 0 112 255 255 
-0.147052577976743 0.72368259177417 -0.139168502824696 0 112 255 255 
-0.1690867036062 0.808049374596664 -0.0940999473324934 0 112 255 255 
-0.254895561298987 0.958895863231917 -0.124687515817652 0 112 255 255 
-0.205732633726854 0.887814017521716 -0.167791331446946 0 112 255 255 
-0.207158866280417 0.890296804832672 -0.0886335833768351 0 112 255 255 
-0.259972667405403 0.964929572116439 -0.0364023819569392 0 112 255 255 
-0.140321533457229 0.65792778045405 -0.111206856420265 0 112 255 255 
-0.311490364591448 0.263063109463422 -0.913110920544823 0 112 255 255 
-0.148774456900115 0.546739788213814 0.263755125986 0 112 255 255 
-0.605172215796509 0.141214449098674 0.066708837021671 0 112 255 255 
-0.655420660455657 0.140237876884995 -0.0130542883503925 0 112 255 255 
-0.605562908062386 0.141187322641983 -0.0631245174324366 0 112 255 255 
-0.608890002187137 0.140968770148755 0.00240237597453165 0 112 255 255 
-0.161825665782612 0.493885983562189 0.832815515447393 0 112 255 255 
-0.159674913830137 0.501119434050975 0.850519391145296 0 112 255 255 
-0.159241682831777 0.502626640373845 0.800568218926874 0 112 255 255 
-0.171725662641875 0.464731228510176 0.813795355631845 0 112 255 255 
-0.151719084655183 0.5323814688689 0.832797269359295 0 112 255 255 
-0.150920457240388 0.536071194366223 0.779436802444607 0 112 255 255 
-0.145400959484104 0.566707645101568 0.727377546359858 0 112 255 255 
-0.163926077317949 0.487181192467636 0.74399554090087 0 112 255 255 
-0.142201178830271 0.593134938399204 0.792445436676141 0 112 255 255 
-0.400921233755614 0.200862954874853 0.893821145364654 0 112 255 255 
-0.424586623725662 0.188782673164527 0.850474716814145 0 112 255 255 
-0.432525696026007 0.185077574531929 0.88242156234423 0 112 255 255 
-0.510010174953731 0.157192949618654 0.325276807443858 0 112 255 255 
-0.507553951905787 0.15786097176643 0.364725547175286 0 112 255 255 
-0.487203638962847 0.163918838780345 0.355511221336669 0 112 255 255 
-0.497657318468943 0.160689494150865 -0.852359126101787 0 112 255 255 
-0.214043726007286 0.378157962355183 -0.449229160897853 0 112 255 255 
-0.86936896416256 0.195714203647857 -0.290806773782904 0 112 255 255 
-0.96431745481212 0.259450149334853 0.0527016763671712 0 112 255 255 
-0.408891830765409 0.196616393809347 -0.429854031003148 0 112 255 255 
-0.238152596623987 0.342479172513269 0.837197326895092 0 112 255 255 
-0.23639232581393 0.344871475025202 0.908395473793504 0 112 255 255 
-0.755102012322466 0.153428861926294 0.459946248212172 0 112 255 255 
-0.811558016689113 0.170353504699873 0.41977935093172 0 112 255 255 
-0.140968659834504 0.608891772093347 0.00190974673566468 0 112 255 255 
-0.148973572638054 0.734302471869195 0.0507697338390193 0 112 255 255 
-0.1724115996672 0.817090320645303 -0.000275802271327929 0 112 255 255 
-0.211297089762327 0.897320316720216 -0.0119512870295059 0 112 255 255 
-0.731972743555143 0.148531831132521 0.169536444218915 0 112 255 255 
-0.228845035151936 0.924519937815055 0.30478325840356 0 112 255 255 
-0.243095746166889 0.944083892175327 0.222733165294912 0 112 255 255 
-0.19844525359289 0.87458336817366 0.257189212043107 0 112 255 255 
-0.905608887537096 0.216382352699968 0.0521687626346124 0 112 255 255 
-0.805274769680012 0.168105781777706 0.103724293029824 0 112 255 255 
-0.894175817532436 0.209425267713906 0.102495947203572 0 112 255 255 
-0.854948362644404 0.188560975399674 0.143832002489004 0 112 255 255 
-0.957295320433379 0.25357577730102 0.138870424856587 0 112 255 255 
-0.163791900287943 0.487599734539861 0.435962401154629 0 112 255 255 
-0.146638648776442 0.558793173273796 0.451151997226048 0 112 255 255 
-0.155939235297784 0.514759544100579 0.399135879356623 0 112 255 255 
-0.646036511199765 0.140036501815215 0.262270328662818 0 112 255 255 
-0.546831440520835 0.14875706534457 0.263574871196685 0 112 255 255 
-0.142067727945222 0.594574753955122 -0.130086983143179 0 112 255 255 
-0.140235974705611 0.655358530287948 0.645900898914128 0 112 255 255 
-0.140105330603637 0.650262540895956 0.746678729142284 0 112 255 255 
-0.144011740923778 0.703211130449024 0.696243294168639 0 112 255 255 
-0.4224724046873 0.189798145356448 0.51420339773441 0 112 255 255 
-0.407256137776551 0.19747282357952 0.431012695470945 0 112 255 255 
-0.451748977168014 0.176792109704575 0.460676969163479 0 112 255 255 
-0.494157981157735 0.161742664705018 0.49796910486795 0 112 255 255 
-0.488713775501062 0.163436811528912 0.436155137037531 0 112 255 255 
-0.56210250947096 0.146105330003172 0.451518778612983 0 112 255 255 
-0.419132709046106 0.191427108893672 -0.471949005531251 0 112 255 255 
-0.757884254486419 0.154095472753402 0.35827551307823 0 112 255 255 
-0.655634814238547 0.140244554695207 0.358903517548698 0 112 255 255 
-0.70056429687098 0.143681604635597 0.30912774669625 0 112 255 255 
-0.741474558176439 0.15040543777556 0.257061627495255 0 112 255 255 
-0.751493729358779 0.152589343121096 0.641851748648695 0 112 255 255 
-0.655444794594461 0.140238633275185 0.647204429367364 0 112 255 255 
-0.701647021959127 0.143814919091489 0.597946519465988 0 112 255 255 
-0.743253056418102 0.150777385423104 0.551125787685708 0 112 255 255 
-0.851088822303912 0.186743500802555 0.366762298830573 0 112 255 255 
-0.172847838949527 0.818237995454455 0.100297695313332 0 112 255 255 
-0.14853912562852 0.732011605457642 0.139003795159881 0 112 255 255 
-0.15272517432223 0.752085879452272 0.64112545666518 0 112 255 255 
-0.14358766772561 0.699789513692066 0.596920680468944 0 112 255 255 
-0.149909070792561 0.739049658426302 0.550109184796423 0 112 255 255 
-0.141929899979981 0.683888141106364 -0.407274384833756 0 112 255 255 
-0.64778789570467 0.140060654720376 0.748834998876937 0 112 255 255 
-0.608409370774284 0.14099897243423 0.693042137593263 0 112 255 255 
-0.566450135546463 0.145439188923645 0.646886225422249 0 112 255 255 
-0.253576183151569 0.957295814733084 0.138866276351404 0 112 255 255 
-0.140082082252274 0.649057971271488 0.454719478248636 0 112 255 255 
-0.141325157126848 0.603621524496235 0.40652290319227 0 112 255 255 
-0.146364573883477 0.560476087855553 0.360298793393043 0 112 255 255 
-0.141172696800801 0.605775497979122 -0.697038406370709 0 112 255 255 
-0.524825646511879 0.153445929771914 0.693553025235916 0 112 255 255 
-0.485634027833256 0.164425493055182 0.652482686303987 0 112 255 255 
-0.153051139967559 0.526506374929939 0.692095102088492 0 112 255 255 
-0.145375386191681 0.566880434807457 0.645600116140632 0 112 255 255 
-0.164053992981316 0.486783274493571 0.651407204952608 0 112 255 255 
-0.854082089839195 0.188149526257512 -0.04066947871118 0 112 255 255 
-0.850646523071098 0.186537726511691 -0.128829600448434 0 112 255 255 
-0.563446356074794 0.145895232618641 0.360117863414101 0 112 255 255 
-0.516400869809987 0.155517544305312 0.399206531964189 0 112 255 255 
-0.168790922402568 0.807218293208197 0.304096259709809 0 112 255 255 
-0.174812034802625 0.823303256389291 0.400298844820411 0 112 255 255 
-0.194528526904309 0.867057593676259 0.329364997837164 0 112 255 255 
-0.212892903410057 0.89996062805124 0.380456935448482 0 112 255 255 
-0.206999077702224 0.890020303339722 0.180170131317772 0 112 255 255 
-0.187638079779529 0.852999258586671 0.148539403678201 0 112 255 255 
-0.188141147301303 0.85406440302497 -0.0487401550025406 0 112 255 255 
-0.184930961600147 0.847152502026239 -0.136769855323937 0 112 255 255 
-0.197472623525986 0.407256518149445 0.431012427717799 0 112 255 255 
-0.18978633132555 0.422496853027277 0.513886502330716 0 112 255 255 
-0.176988591143786 0.451266238530485 0.460471885884208 0 112 255 255 
-0.179595980714289 0.835008048806787 0.520102722754836 0 112 255 255 
-0.196230124499175 0.870365573981497 0.451616547468205 0 112 255 255 
-0.894527260893527 0.209632893848776 0.173331438810486 0 112 255 255 
-0.944125438000723 0.243127579506636 0.22252221819645 0 112 255 255 
-0.822318276943515 0.174425114161735 0.195776330912132 0 112 255 255 
-0.88511918658863 0.20420583537366 0.236490809353379 0 112 255 255 
-0.693128913043802 0.142830701860637 0.217987337503646 0 112 255 255 
-0.602811438239786 0.141384920283134 0.311216937355716 0 112 255 255 
-0.92463671761733 0.228925871501268 0.304368010685849 0 112 255 255 
-0.832358353605436 0.178482791296875 0.286456048161979 0 112 255 255 
-0.702997603964099 0.143984586005221 0.504552547904449 0 112 255 255 
-0.165415323565794 0.482617163979059 0.57096627534346 0 112 255 255 
-0.153670574526433 0.52388072820549 0.60518005544865 0 112 255 255 
-0.142486478472311 0.689802495355389 0.314787539291006 0 112 255 255 
-0.148870697137064 0.733765434484449 0.359896385458358 0 112 255 255 
-0.141232236350737 0.604918536563827 0.502292972854034 0 112 255 255 
-0.899977625344602 0.212903249359147 0.380410936199929 0 112 255 255 
-0.706792449006196 0.144481330425051 0.408165351986248 0 112 255 255 
-0.609458057383193 0.140933692842026 0.406518550783379 0 112 255 255 
-0.142749259182695 0.692361176838204 0.407774533162214 0 112 255 255 
-0.149912201284054 0.739064967167527 0.456555342177575 0 112 255 255 
-0.1430251287115 0.694917841372287 0.50298279668067 0 112 255 255 
-0.162072637233449 0.493080253563981 0.497532004058073 0 112 255 255 
-0.609789157424211 0.140913538640648 0.599820258881265 0 112 255 255 
-0.795940822575361 0.164939519697218 0.582471597504322 0 112 255 255 
-0.413458346651587 0.194265988656356 0.605634389318478 0 112 255 255 
-0.285939389444111 0.286954653559936 0.603939104639795 0 112 255 255 
-0.34487914681041 0.236386804177284 0.649051227116362 0 112 255 255 
-0.193796780892636 0.414383912270625 0.605041156530447 0 112 255 255 
-0.235245919292505 0.346445805803698 0.648680206949625 0 112 255 255 
-0.164927118524902 0.795903038366893 0.582526736885222 0 112 255 255 
-0.701852332261906 0.143840459957477 0.697648354113475 0 112 255 255 
-0.410772918607407 0.195641059402846 0.697875216145858 0 112 255 255 
-0.285502640398189 0.287393193476525 0.695428698986457 0 112 255 255 
-0.342676860501018 0.23800635553131 0.742909055270036 0 112 255 255 
-0.194536921065861 0.412926069125135 0.696968290468545 0 112 255 255 
-0.23603123834151 0.345366024334427 0.742368551401977 0 112 255 255 
-0.140919588558497 0.609689335038698 0.691389322639225 0 112 255 255 
-0.405282304223538 0.198516632705009 0.791572844695463 0 112 255 255 
-0.285015877150517 0.287883223406875 0.785623070946405 0 112 255 255 
-0.338561782400337 0.241082741364064 0.837903242920918 0 112 255 255 
-0.196635573250494 0.408855139950669 0.790313604298411 0 112 255 255 
-0.386558854723559 0.208992362352751 0.850528694115509 0 112 255 255 
-0.284612629996616 0.288290166140551 0.857930753624347 0 112 255 255 
-0.206412884259119 0.390997568474847 0.84918601739836 0 112 255 255 
-0.430283716924812 0.186106758007088 -0.81971229145436 0 112 255 255 
-0.171820768094077 0.464477317849572 -0.381265594990866 0 112 255 255 
-0.551821300188359 -0.235503370808158 -0.346091105780208 128 255 255 255 
-0.51595519995617 -0.190609122559014 -0.420801889511594 128 255 255 255 
-0.484660628416924 -0.217239735986076 -0.373028547215929 128 255 255 255 
-0.497172086379828 -0.238538101899761 -0.341959156847106 128 255 255 255 
-0.463810425214688 -0.234958907947865 -0.346841818376555 128 255 255 255 
0.484308563106608 -0.248361721047543 -0.329163292980236 128 255 255 255 
0.472907537083734 -0.259388895784395 -0.315754433556208 128 255 255 255 
0.469180202627135 -0.247000303086271 -0.33088636680702 128 255 255 255 
-0.124016778169291 -0.254954601350451 -0.958967147659456 128 255 255 255 
-0.0355202490620988 -0.259995514598832 -0.964956291578236 128 255 255 255 
-0.0841796349496431 -0.208334084904446 -0.892318232065116 128 255 255 255 
-0.159216633852846 -0.210815881247091 -0.89651699037989 128 255 255 255 
0.052689311577853 -0.259450617763526 -0.964318004459496 128 255 255 255 
0.0020108315837072 -0.20541930165708 -0.887264065206723 128 255 255 255 
0.138978358946349 -0.253565213670458 -0.957282454880027 128 255 255 255 
0.0918864711183794 -0.204543543410505 -0.885718513788954 128 255 255 255 
0.16938280479761 -0.207626199273411 -0.891103287903859 128 255 255 255 
-0.356512620740981 -0.188577778962158 -0.854983548240533 128 255 255 255 
-0.372045811708936 -0.21477325198968 -0.903025118315691 128 255 255 255 
-0.293911148836817 -0.230934393898886 -0.927515790936924 128 255 255 255 
-0.275791830385422 -0.179709148423173 -0.8352746662446 128 255 255 255 
-0.224306283900307 -0.205735624682304 -0.887819334417132 128 255 255 255 
-0.520099081603058 -0.392689302792308 -0.205445753927879 128 255 255 255 
-0.463745215438216 -0.347012693180634 -0.234835288008263 128 255 255 255 
-0.466859103532308 -0.38884506231713 -0.207656159291445 128 255 255 255 
0.365285626437712 -0.186663012747909 -0.850915905718403 128 255 255 255 
0.303166392236429 -0.229159332485106 -0.924973588310868 128 255 255 255 
0.380131707336809 -0.212966037776911 -0.900080747440596 128 255 255 255 
-0.129190670203895 -0.142049546585813 -0.594774493061245 128 255 255 255 
-0.173158234701579 -0.14007602769468 -0.648717743096949 128 255 255 255 
-0.111427862309025 -0.140267679240012 -0.656358023383185 128 255 255 255 
-0.413747388679904 -0.141663958810531 -0.599242382518175 128 255 255 255 
-0.362737947936086 -0.140068163648331 -0.648251101794902 128 255 255 255 
-0.377713593089823 -0.146592420796313 -0.559074446606979 128 255 255 255 
-0.751551557216572 -0.347186070954906 -0.234710027416573 128 255 255 255 
-0.766157921146711 -0.406456676013933 -0.197894240292312 128 255 255 255 
-0.805714122644908 -0.381676490824719 -0.21190075957367 128 255 255 255 
-0.095544366714171 -0.172637307830181 -0.817685346667009 128 255 255 255 
-0.181812841773848 -0.175788260262926 -0.825761627890952 128 255 255 255 
-0.130188369322627 -0.190411267402414 -0.858792063421454 128 255 255 255 
0.137566185680089 -0.185423015182837 -0.848230053681443 128 255 255 255 
0.0971657232275734 -0.164530306358675 -0.794688352546773 128 255 255 255 
-0.00942694534666461 -0.165063203574185 -0.79631682674089 128 255 255 255 
0.0454090201457489 -0.182620094688683 -0.841999026834764 128 255 255 255 
0.191829743576794 -0.172709461220347 -0.817874894983289 128 255 255 255 
0.284033707147383 -0.17790357997645 -0.830962726533443 128 255 255 255 
0.234074332385522 -0.203258082410529 -0.883426501876888 128 255 255 255 
-0.547935317840747 -0.151574019650467 -0.746957908819327 128 255 255 255 
-0.576610097108571 -0.166265201230644 -0.799922920582098 128 255 255 255 
-0.512191289305729 -0.181512380248 -0.839472059723206 128 255 255 255 
-0.44343349379294 -0.19819879190806 -0.874118971048604 128 255 255 255 
-0.452377463080872 -0.159960520208696 -0.77986430541412 128 255 255 255 
-0.352653316448516 -0.155046473203581 -0.761737195524829 128 255 255 255 
-0.401244223515828 -0.172991665770906 -0.818614661981309 128 255 255 255 
-0.914273855758284 -0.286446608828263 -0.28644660882783 128 255 255 255 
-0.887520752786185 -0.31253449053499 -0.262155668194742 128 255 255 255 
-0.912936167666592 -0.313367114706359 -0.261435661679452 128 255 255 255 
-0.245562098129669 -0.150477292952737 -0.741820522209044 128 255 255 255 
-0.142085867031662 -0.14841429260424 -0.731342293372983 128 255 255 255 
-0.0502879111623891 -0.143717296227981 -0.700855639744238 128 255 255 255 
-0.0743362725637216 -0.155145749518765 -0.762132477804375 128 255 255 255 
0.0469476629643914 -0.144307512020683 -0.705489351161496 128 255 255 255 
0.166293152297716 -0.147622040663505 -0.726970686032109 128 255 255 255 
0.254288002715057 -0.149963794437071 -0.739319902043291 128 255 255 255 
0.450865868693081 -0.196411103269316 -0.870713872082155 128 255 255 255 
0.35555493960901 -0.154013143725806 -0.757544399201773 128 255 255 255 
0.548356437209259 -0.150601506577925 -0.742416158426046 128 255 255 255 
0.456915038144638 -0.153436090169969 -0.755132567124945 128 255 255 255 
0.518963453485428 -0.179871528106003 -0.835657326543023 128 255 255 255 
0.582171343294579 -0.165007072011243 -0.796146464750455 128 255 255 255 
0.13657475464493 -0.737049754509952 -0.149509145619047 128 255 255 255 
0.206863504537614 -0.722251279959385 -0.146811724337462 128 255 255 255 
0.192972106309726 -0.812003692359829 -0.170516622680127 128 255 255 255 
-0.867994401977372 -0.46612697378875 -0.171205619134968 128 255 255 255 
-0.819027328240333 -0.430898423165199 -0.185823244554125 128 255 255 255 
-0.825700981456845 -0.479224122854034 -0.166553999361601 128 255 255 255 
-0.637012218184864 -0.153503020048656 -0.755415287686521 128 255 255 255 
-0.693787608619906 -0.144318255166996 -0.70557139652582 128 255 255 255 
-0.616937279891532 -0.143406300322737 -0.698263896886518 128 255 255 255 
-0.55364867404211 -0.140037764344015 -0.646140811963114 128 255 255 255 
-0.486776484311734 -0.144055546606386 -0.703553653568199 128 255 255 255 
-0.652302580770033 -0.140017853756385 -0.635776946091969 128 255 255 255 
-0.422412216593185 -0.144430179906449 -0.706411690784722 128 255 255 255 
-0.812705719266581 -0.174009779637099 -0.45874572627347 128 255 255 255 
-0.791190580899998 -0.199834507558246 -0.402820087668016 128 255 255 255 
-0.849557893185301 -0.188725016440488 -0.424707436511118 128 255 255 255 
-0.304595489598288 -0.143470281041461 -0.698806566883125 128 255 255 255 
-0.457532185090062 -0.140013193619104 -0.636370708391082 128 255 255 255 
-0.257438832434864 -0.140004179160062 -0.64202766874569 128 255 255 255 
-0.204559717024706 -0.142627856703266 -0.691195130601549 128 255 255 255 
0.000731280804553378 -0.14002737186985 -0.645230644180127 128 255 255 255 
0.181493625291032 -0.140101352451315 -0.650065802339303 128 255 255 255 
0.215600815432018 -0.142569530932446 -0.690625308653141 128 255 255 255 
0.260328481424265 -0.140029086037296 -0.645387836716485 128 255 255 255 
0.116855143520105 -0.140773080948187 -0.667793102937376 128 255 255 255 
0.404269016348316 -0.144552999083527 -0.707322015432514 128 255 255 255 
0.355313821456459 -0.140280206026454 -0.656735750629112 128 255 255 255 
0.449288378038214 -0.140343201970862 -0.658521621087424 128 255 255 255 
0.499750191847749 -0.143878665861007 -0.702157944626296 128 255 255 255 
0.544438365475588 -0.140130468565154 -0.651419462963572 128 255 255 255 
0.641699356986833 -0.152617805073037 -0.751618081849199 128 255 255 255 
0.594556685860172 -0.143575346712442 -0.699687110013481 128 255 255 255 
0.643732583769006 -0.140148638232215 -0.65218894122995 128 255 255 255 
0.697628834649757 -0.143842818755743 -0.701871250856394 128 255 255 255 
-0.0624191716886448 -0.141182198323952 -0.605637213400799 128 255 255 255 
-0.746119628550059 -0.650901074623156 -0.140118847242254 128 255 255 255 
-0.650827697722062 -0.635364095131071 -0.140021512666839 128 255 255 255 
-0.693787608619822 -0.705571396525824 -0.144318255167022 128 255 255 255 
-0.746119628549895 -0.140118847242312 -0.650901074623038 128 255 255 255 
-0.744959630500837 -0.148052789343304 -0.550624894667949 128 255 255 255 
-0.793458726857712 -0.14233381263941 -0.591746850632675 128 255 255 255 
-0.506393097551018 -0.141830747290681 -0.597252038892695 128 255 255 255 
0.00263600694090217 -0.140968831304631 -0.608889021404256 128 255 255 255 
0.0667798169685072 -0.141215004845144 -0.605164257692304 128 255 255 255 
0.263429655759341 -0.148743079063734 -0.546905215232796 128 255 255 255 
0.197084421826791 -0.144201660353569 -0.575316098032654 128 255 255 255 
0.35709819068053 -0.145409934487034 -0.56664709411504 128 255 255 255 
0.309043158934716 -0.141315531274102 -0.603753782226581 128 255 255 255 
0.535958021089455 -0.148812452768158 -0.546540293331211 128 255 255 255 
0.591314235205679 -0.141457687468742 -0.601848373600018 128 255 255 255 
0.641127970488668 -0.146767824087676 -0.558012251785491 128 255 255 255 
0.492550325363311 -0.141069191081765 -0.60731920308645 128 255 255 255 
0.690282856934853 -0.141259769410913 -0.604529259433657 128 255 255 255 
0.748812919538209 -0.140061051613609 -0.647813332464481 128 255 255 255 
0.727457953943531 -0.146330079193552 -0.560690574714426 128 255 255 255 
0.795121602900409 -0.142561295340878 -0.589455608405026 128 255 255 255 
-0.557363424049196 -0.147577222247098 -0.553283345168105 128 255 255 255 
-0.893325709965979 -0.402432231287029 -0.200043688406316 128 255 255 255 
-0.862472598361515 -0.424398596394245 -0.188872485744772 128 255 255 255 
-0.881780128991846 -0.434144644142327 -0.184342702825886 128 255 255 255 
0.539407708386297 -0.290284955842821 -0.282649503532491 128 255 255 255 
0.551209379518177 -0.348057878360302 -0.234081590195616 128 255 255 255 
0.503948965154949 -0.315789194905596 -0.259359285976264 128 255 255 255 
-0.834385420862489 -0.152313671155925 -0.529718336569746 128 255 255 255 
-0.832095266890743 -0.162940034199747 -0.490287646950673 128 255 255 255 
-0.867994401977452 -0.17120561913492 -0.466126973788613 128 255 255 255 
-0.852140684425562 -0.160566893541439 -0.498070804856244 128 255 255 255 
-0.742140464963797 -0.169164886443988 -0.471731551516598 128 255 255 255 
-0.69869926759943 -0.156354216529752 -0.513166440904745 128 255 255 255 
-0.652652746480675 -0.147343490315917 -0.554621154615376 128 255 255 255 
-0.655044228452411 -0.167194435151894 -0.477350462782589 128 255 255 255 
-0.603984090790522 -0.14182728273898 -0.597292429051702 128 255 255 255 
-0.457028107022704 -0.147472393434578 -0.553880685551832 128 255 255 255 
-0.500800491096694 -0.163205547161162 -0.489444261856164 128 255 255 255 
-0.574544768621872 -0.167385560261522 -0.476795929306578 128 255 255 255 
-0.381554097446437 -0.171924034435256 -0.464202117571125 128 255 255 255 
-0.40447007500637 -0.156188570475087 -0.513799772536518 128 255 255 255 
-0.367835789948981 -0.157910249880147 -0.507374694563056 128 255 255 255 
-0.19424645920532 -0.144072651582102 -0.576312749314541 128 255 255 255 
-0.258835305939606 -0.14831169110845 -0.549211187534137 128 255 255 255 
0.690959715155916 -0.155157150005362 -0.517822240518705 128 255 255 255 
-0.156822519391096 -0.661954482787289 -0.140482270790925 128 255 255 255 
-0.240403659811713 -0.643777562989817 -0.140014344329155 128 255 255 255 
-0.194191173541246 -0.576331998230546 -0.144070180033615 128 255 255 255 
0.325118171889959 -0.157163270110119 -0.510120460528086 128 255 255 255 
0.440514729904852 -0.144456104096969 -0.573394991887405 128 255 255 255 
0.43090170387931 -0.197389980612658 -0.407413719202344 128 255 255 255 
0.466769776891507 -0.208246178177122 -0.387832126007395 128 255 255 255 
0.449829467627589 -0.214721544205915 -0.377058494973447 128 255 255 255 
0.568319300461417 -0.172587351174062 -0.4624461470489 128 255 255 255 
0.497111241384703 -0.173413940635321 -0.460285163540677 128 255 255 255 
0.650375899489923 -0.168147957013668 -0.474604688654898 128 255 255 255 
0.744877036701542 -0.16637775759273 -0.479744153414088 128 255 255 255 
0.781025950634658 -0.15210458544427 -0.530647087208756 128 255 255 255 
0.835343074400912 -0.1526823592311 -0.52810041299832 128 255 255 255 
0.802331450435019 -0.160857418513782 -0.497093086258764 128 255 255 255 
0.792053784320421 -0.199847200231189 -0.402796553198533 128 255 255 255 
0.815507383953203 -0.173849436260278 -0.459158497170352 128 255 255 255 
-0.2107989646526 -0.244855096574011 -0.946366619442943 128 255 255 255 
-0.322364714707034 -0.156656222043226 -0.512020333919374 128 255 255 255 
-0.315818078821482 -0.143401861927697 -0.581774030697463 128 255 255 255 
-0.360309062064131 -0.852765310362021 -0.187528060667102 128 255 255 255 
-0.44343349379307 -0.874118971048619 -0.198198791908126 128 255 255 255 
-0.415882673410447 -0.812781705939097 -0.170802321306434 128 255 255 255 
0.398850142579411 -0.154073445261619 -0.522206210295321 128 255 255 255 
-0.484435298129417 -0.329774163521885 -0.247877658948261 128 255 255 255 
-0.469020456788547 -0.331432048965673 -0.246571709717591 128 255 255 255 
0.472977555484456 -0.315403154707698 -0.25968843294348 128 255 255 255 
0.481506876917502 -0.329783619410843 -0.247870178135424 128 255 255 255 
0.469286761005811 -0.330519049005534 -0.247289494701754 128 255 255 255 
0.464042493986438 -0.235402250457723 -0.346230249750939 128 255 255 255 
-0.472867157275612 -0.259217879357975 -0.3159552860924 128 255 255 255 
-0.481414307641587 -0.247601558637816 -0.330123471046373 128 255 255 255 
-0.469061793434219 -0.246682055035699 -0.331291408980698 128 255 255 255 
0.499823828270611 -0.287830368862606 -0.285068245019748 128 255 255 255 
0.475942904351184 -0.286290454684078 -0.286602830946088 128 255 255 255 
0.486318778519314 -0.27351534248167 -0.299869149035776 128 255 255 255 
-0.881780128991964 -0.184342702825994 -0.434144644142072 128 255 255 255 
-0.429730486299703 -0.409065035193885 -0.196526156031938 128 255 255 255 
-0.449152050996701 -0.378298348353152 -0.213957460389987 128 255 255 255 
-0.838927350986292 -0.240536760167385 -0.339285681721157 128 255 255 255 
-0.908946655956206 -0.23858430892078 -0.34189692419622 128 255 255 255 
-0.878785241319155 -0.220489250758786 -0.367950867283301 128 255 255 255 
-0.69916350961871 -0.197906895982194 -0.406432801452775 128 255 255 255 
-0.60822856273888 -0.195884248208252 -0.410302053601736 128 255 255 255 
-0.438222879977252 -0.164199214761592 -0.486332797654908 128 255 255 255 
0.518430718357203 -0.205749466306937 -0.392156408774415 128 255 255 255 
0.609096808111046 -0.202066029090003 -0.398724685663171 128 255 255 255 
0.699306578564914 -0.19947075059724 -0.403496495105135 128 255 255 255 
0.838552146800134 -0.24124490269987 -0.338347298427293 128 255 255 255 
0.850661938276467 -0.209133140784338 -0.386319595615427 128 255 255 255 
0.850383103716357 -0.188920916096023 -0.424297290814806 128 255 255 255 
-0.508347417709729 -0.342692212907388 -0.23799492734148 128 255 255 255 
-0.50822225152738 -0.312627153406443 -0.262075379649677 128 255 255 255 
-0.565241893949962 -0.334590646592999 -0.244114790129907 128 255 255 255 
-0.472844924380387 -0.316065345363759 -0.259124246587331 128 255 255 255 
0.497137566739602 -0.34218541963243 -0.238370225789639 128 255 255 255 
0.484840817712011 -0.373163256172049 -0.217154697913741 128 255 255 255 
0.464185932136733 -0.34584951238772 -0.23567896953301 128 255 255 255 
0.835341287117594 -0.528103441122219 -0.152681663910294 128 255 255 255 
0.802843272495248 -0.499518490608487 -0.160140702901239 128 255 255 255 
0.835084265766619 -0.490017692212388 -0.163024836010745 128 255 255 255 
-0.423756767711357 -0.177876800761474 -0.449101733325884 128 255 255 255 
-0.407351830203246 -0.182933599396024 -0.437292561898012 128 255 255 255 
-0.475942935233124 -0.286471927161627 -0.286421293464688 128 255 255 255 
-0.485646207437597 -0.27243311263462 -0.301038964947377 128 255 255 255 
-0.47517242351203 -0.272508231035174 -0.3009575251637 128 255 255 255 
-0.500093417346669 -0.285411641261916 -0.287484616463204 128 255 255 255 
-0.486451772160936 -0.300116977414849 -0.273285491246135 128 255 255 255 
-0.475164079597332 -0.301037340684179 -0.272434610457469 128 255 255 255 
0.475172812893961 -0.272511676811987 -0.300953790287394 128 255 255 255 
0.507747830125837 -0.26264387423969 -0.311972022967269 128 255 255 255 
0.485579840767999 -0.300981548486428 -0.272486068963604 128 255 255 255 
0.475207132007337 -0.300620947724443 -0.272819037970979 128 255 255 255 
-0.886986158798276 -0.261882399647698 -0.312850066142636 128 255 255 255 
-0.850356417770777 -0.208847251873963 -0.386805794262796 128 255 255 255 
-0.745543775242658 -0.238403311452505 -0.342140887212348 128 255 255 255 
-0.789786629848378 -0.286917707911458 -0.28597620208962 128 255 255 255 
-0.893325709965597 -0.200043688406687 -0.402432231286575 128 255 255 255 
-0.841610720791792 -0.337981916264276 -0.241521563428861 128 255 255 255 
-0.859846763623976 -0.286285249820679 -0.28660805447681 128 255 255 255 
-0.652902635211833 -0.236576669446781 -0.344619628620949 128 255 255 255 
-0.701309918341173 -0.286177736899145 -0.286715764730784 128 255 255 255 
-0.611359133256916 -0.283650935239685 -0.28926463005293 128 255 255 255 
-0.540150511599267 -0.283696906950195 -0.289217880177139 128 255 255 255 
0.563802623675644 -0.245094023221185 -0.333325514162544 128 255 255 255 
0.654351645013086 -0.241832026793356 -0.337572798741264 128 255 255 255 
0.609920803967729 -0.291500298362831 -0.281464211122258 128 255 255 255 
0.745094271126184 -0.240534336479619 -0.339288958737279 128 255 255 255 
0.698891358183683 -0.290217920962385 -0.282715174652169 128 255 255 255 
0.787410113874865 -0.288568795792496 -0.284337145778262 128 255 255 255 
0.878831797941992 -0.220817757384392 -0.367444965549254 128 255 255 255 
0.838537611387407 -0.340939522506416 -0.239297103732777 128 255 255 255 
0.85869205917871 -0.287311196937514 -0.285584143918761 128 255 255 255 
-0.793255707682194 -0.1600421909394 -0.499855434340712 128 255 255 255 
0.449303320788033 -0.159616726275606 -0.501320892373386 128 255 255 255 
-0.0362429397883071 -0.964934450236434 -0.259976838291523 128 255 255 255 
-0.125449604176167 -0.958814388801723 -0.254828108707651 128 255 255 255 
-0.0820931125992073 -0.891215138581979 -0.207691206096352 128 255 255 255 
-0.159739570459522 -0.895314267757844 -0.210099318531532 128 255 255 255 
0.0523282962615918 -0.964333995366418 -0.25946424636019 128 255 255 255 
0.00644692849858384 -0.892595542025163 -0.208496309607424 128 255 255 255 
0.139000403935281 -0.957279825884507 -0.253563055135498 128 255 255 255 
0.0933091585827738 -0.891951894330183 -0.208120158223589 128 255 255 255 
0.170294454359393 -0.89198082160819 -0.20813702658708 128 255 255 255 
-0.185118487392561 -0.824228099847233 -0.175177512412511 128 255 255 255 
-0.225616824364188 -0.88691242850276 -0.205219342536872 128 255 255 255 
-0.278515950479431 -0.833279153019951 -0.17886767943044 128 255 255 255 
-0.090499542595321 -0.805962036234309 -0.168347014937195 128 255 255 255 
-0.129362678261653 -0.855008295051307 -0.188589515110665 128 255 255 255 
0.235779286120475 -0.882561054241997 -0.20277683755894 128 255 255 255 
0.00691787935186525 -0.815245674130575 -0.171717057175702 128 255 255 255 
-0.0398069618360198 -0.85211635947134 -0.187223408719905 128 255 255 255 
0.288885332550111 -0.831670269830081 -0.178196582107615 128 255 255 255 
-0.850240918614332 -0.390250674232761 -0.206842671245098 128 255 255 255 
-0.656793393328273 -0.340429514322328 -0.239678283678647 128 255 255 255 
-0.699539525853251 -0.404746416001282 -0.198801966339244 128 255 255 255 
-0.75495707177849 -0.473262136774678 -0.1686206936853 128 255 255 255 
-0.611758331351766 -0.399201907418337 -0.201803436010884 128 255 255 255 
-0.504165073326316 -0.259678980893062 -0.315414230507281 128 255 255 255 
0.515278061593609 -0.42364395079649 -0.189233956379889 128 255 255 255 
0.431188118086021 -0.40700668785672 -0.197604109757386 128 255 255 255 
0.651876538161586 -0.348484320700324 -0.233775246730933 128 255 255 255 
0.607269556075701 -0.415629452481 -0.193169167194993 128 255 255 255 
0.74470440412647 -0.345893447787366 -0.235647081245231 128 255 255 255 
0.699265951613614 -0.413143607135115 -0.194426091990902 128 255 255 255 
0.792246397370492 -0.407220625537176 -0.197491552174242 128 255 255 255 
0.893498805162829 -0.401906079646331 -0.200328206616093 128 255 255 255 
0.850491757271741 -0.425781357958006 -0.188214240812863 128 255 255 255 
0.850723837548083 -0.388204387365389 -0.208028973807861 128 255 255 255 
0.914273855423849 -0.286434444708895 -0.286458773391255 128 255 255 255 
0.88668890983228 -0.313236877717074 -0.261548073326996 128 255 255 255 
0.221959014169396 -0.24321244210815 -0.944236148539532 128 255 255 255 
0.507665771838653 -0.238568745662238 -0.341917885943937 128 255 255 255 
0.132797975844792 -0.142124039651738 -0.593961661619613 128 255 255 255 
0.834905950930929 -0.163340587748628 -0.489017204983624 128 255 255 255 
-0.902374465101132 -0.218081853643439 -0.37169965005926 128 255 255 255 
-0.912936167666622 -0.261435661679926 -0.313367114705822 128 255 255 255 
-0.429927739894512 -0.196670329381779 -0.408788384454333 128 255 255 255 
-0.353080111403975 -0.163289396569952 -0.489178911975959 128 255 255 255 
-0.449277018867988 -0.214097357173554 -0.378070736905956 128 255 255 255 
0.868492977614948 -0.17160662633893 -0.465049583498555 128 255 255 255 
0.88209350975194 -0.184700079142864 -0.433355420902015 128 255 255 255 
0.363960247754422 -0.157355242575366 -0.50940889822706 128 255 255 255 
0.383374223769215 -0.172584236061988 -0.462454207877461 128 255 255 255 
0.355360224213293 -0.163879229908456 -0.487327106852984 128 255 255 255 
0.912948385886332 -0.313239790635186 -0.261545556798331 128 255 255 255 
0.886690190583587 -0.26227811656366 -0.312393257562612 128 255 255 255 
0.912945919427727 -0.261523328410343 -0.313265537376879 128 255 255 255 
0.893489595082149 -0.200313021836327 -0.401934122478574 128 255 255 255 
0.902467519147223 -0.218311612395536 -0.371338682049836 128 255 255 255 
0.3834659633422 -0.462365568860521 -0.172617914593266 128 255 255 255 
0.364708348898235 -0.508022645161656 -0.157732464413581 128 255 255 255 
0.355305288455562 -0.487372001027305 -0.163864836475304 128 255 255 255 
0.852857956996656 -0.496710609829634 -0.160971659849739 128 255 255 255 
0.815881000555962 -0.461712149245703 -0.172866785954098 128 255 255 255 
0.868498850218143 -0.465036862649434 -0.171611377920516 128 255 255 255 
0.746127530993223 -0.485655841139266 -0.164418409268968 128 255 255 255 
0.781784159348254 -0.533228035453075 -0.151533272853875 128 255 255 255 
0.729514275683866 -0.56508858813893 -0.145643589045974 128 255 255 255 
0.795098757947376 -0.589487198932636 -0.142558086461951 128 255 255 255 
-0.44071866336467 -0.448320321755833 -0.1782003686042 128 255 255 255 
-0.407077800901959 -0.437605640381407 -0.18279487839937 128 255 255 255 
-0.321836763260208 -0.512381537611059 -0.156560727016652 128 255 255 255 
-0.368697332707234 -0.511652602451902 -0.156753744780535 128 255 255 255 
-0.352639134175422 -0.489534348601704 -0.163177089723166 128 255 255 255 
-0.834385420862489 -0.529718336569768 -0.152313671155845 128 255 255 255 
-0.852140684425541 -0.498070804856286 -0.160566893541415 128 255 255 255 
0.878845309429068 -0.368338508460906 -0.220238122980048 128 255 255 255 
0.908992637285102 -0.341642696625152 -0.238773230774098 128 255 255 255 
0.902474623129767 -0.371311074131367 -0.218329202909716 128 255 255 255 
0.882101652774939 -0.433334869391656 -0.18470940730812 128 255 255 255 
-0.372045811709012 -0.903025118315754 -0.21477325198971 128 255 255 255 
-0.293911148836845 -0.927515790936994 -0.230934393899005 128 255 255 255 
0.30422952347972 -0.924675622418326 -0.228952812772222 128 255 255 255 
0.367668645020573 -0.851550820859193 -0.18695894420407 128 255 255 255 
0.37962168441999 -0.900268854045066 -0.213080659017017 128 255 255 255 
-0.576610097108643 -0.799922920582121 -0.16626520123068 128 255 255 255 
-0.552011791147887 -0.74316118349754 -0.150758024422945 128 255 255 255 
-0.512191289305765 -0.83947205972326 -0.181512380248103 128 255 255 255 
-0.358067200019204 -0.755550930973136 -0.153535349081386 128 255 255 255 
-0.459781778811451 -0.755514302982513 -0.15352658572824 128 255 255 255 
-0.248082629901303 -0.74039582508871 -0.150183118818649 128 255 255 255 
-0.164019451376056 -0.742553143273377 -0.150630190113978 128 255 255 255 
-0.0292523775379306 -0.735661295296665 -0.149236453606933 128 255 255 255 
0.0546324540249125 -0.740996541458037 -0.150306582852408 128 255 255 255 
0.096187552067626 -0.816305830252871 -0.172115167468672 128 255 255 255 
0.271002079992113 -0.748170345908224 -0.151841101032812 128 255 255 255 
0.450799669842984 -0.870744548112543 -0.196427059443517 128 255 255 255 
0.361661486658687 -0.760072334914016 -0.154631529642652 128 255 255 255 
0.420815017105519 -0.812441510886035 -0.170677179254004 128 255 255 255 
0.462973568648898 -0.819410639521284 -0.173296866686571 128 255 255 255 
0.519308935383079 -0.835460664466105 -0.179787952436697 128 255 255 255 
0.551434729803994 -0.743757048736765 -0.150884025867953 128 255 255 255 
0.582377326235414 -0.796005407776714 -0.164960724953783 128 255 255 255 
-0.637012218184778 -0.755415287686583 -0.153503020048711 128 255 255 255 
-0.617566286161102 -0.697657268054184 -0.143335500250128 128 255 255 255 
-0.506743588719836 -0.70113659075563 -0.14375177291647 128 255 255 255 
-0.461014318707014 -0.657285981856385 -0.140298928928111 128 255 255 255 
-0.101266435702397 -0.721112187556041 -0.146623085794669 128 255 255 255 
0.0204423116027346 -0.669398780059334 -0.140865062113224 128 255 255 255 
-0.0657417619549942 -0.656830149481466 -0.140283355876192 128 255 255 255 
0.0969243653855101 -0.667706588822483 -0.140768281376094 128 255 255 255 
0.171868386391937 -0.658330417616716 -0.140336164020464 128 255 255 255 
0.313730306997415 -0.705161153412942 -0.144264174852788 128 255 255 255 
0.2619010086173 -0.652658176244697 -0.140160350762646 128 255 255 255 
0.460971715356454 -0.756163506202689 -0.153681187523015 128 255 255 255 
0.409863611839039 -0.708667501870214 -0.144737687929142 128 255 255 255 
0.360356652721562 -0.658440300319858 -0.140340209438995 128 255 255 255 
0.456467904754676 -0.65861952981496 -0.140346850680113 128 255 255 255 
0.505251484065105 -0.703962436795612 -0.144108080416045 128 255 255 255 
0.552131586345298 -0.656182117199528 -0.140261960433596 128 255 255 255 
0.64180212894205 -0.751534225555833 -0.152598608274749 128 255 255 255 
0.647444949926556 -0.655904821985797 -0.140253061107339 128 255 255 255 
0.697638917658219 -0.701861478380414 -0.143841600218587 128 255 255 255 
-0.739070194413197 -0.55815897600816 -0.146743459364283 128 255 255 255 
-0.696182889725795 -0.599069293300424 -0.141678146716662 128 255 255 255 
-0.793458726857423 -0.59174685063228 -0.142333812639449 128 255 255 255 
-0.648714038217864 -0.55250083355562 -0.147715655722266 128 255 255 255 
-0.59926323891127 -0.594626397738467 -0.142063030850741 128 255 255 255 
-0.554192115130961 -0.647383876612802 -0.140054579526783 128 255 255 255 
-0.54335677591802 -0.544042804163866 -0.149294233835066 128 255 255 255 
-0.452499807148981 -0.573304359968379 -0.144468292768643 128 255 255 255 
-0.41830817327468 -0.613703051547792 -0.140692014219425 128 255 255 255 
-0.380402496896455 -0.569749813773605 -0.14495970873353 128 255 255 255 
-0.379316070346271 -0.65485017178385 -0.140220624607454 128 255 255 255 
-0.308126683633198 -0.679455849644068 -0.141559240230117 128 255 255 255 
-0.314763858087497 -0.601307080265695 -0.141499444917153 128 255 255 255 
-0.258515053136875 -0.549369908029341 -0.148282410373276 128 255 255 255 
-0.129805227906419 -0.594637700148458 -0.142061989557131 128 255 255 255 
0.000241487158629155 -0.608894762257716 -0.14096847343283 128 255 255 255 
0.0658497025402805 -0.605267858009645 -0.141207780020241 128 255 255 255 
0.132178393783196 -0.594102969491693 -0.142110993190428 128 255 255 255 
0.196768595304238 -0.575427842934187 -0.144187094532191 128 255 255 255 
0.360432495775536 -0.564669985708091 -0.145707203666822 128 255 255 255 
0.311461569173464 -0.605524738113036 -0.141189976383915 128 255 255 255 
0.55422806601341 -0.563483092601447 -0.145889559547543 128 255 255 255 
0.600298271466363 -0.610609739135882 -0.140864543745584 128 255 255 255 
0.693288570365891 -0.608929633322681 -0.14096630783067 128 255 255 255 
0.748804724120524 -0.647822773574974 -0.14006119925459 128 255 255 255 
0.647395197246043 -0.567379519926153 -0.145301864667356 128 255 255 255 
-0.500477089128978 -0.460203745795764 -0.173445305511653 128 255 255 255 
-0.454275248397884 -0.501698450431695 -0.159507890375043 128 255 255 255 
-0.572837703579979 -0.461316351628876 -0.173018078835339 128 255 255 255 
-0.407414612630275 -0.523759637418948 -0.153699504671662 128 255 255 255 
-0.381198178000819 -0.464541553598416 -0.171796690900984 128 255 255 255 
0.606906114545331 -0.525134441332578 -0.153372936838335 128 255 255 255 
0.263157789681015 -0.5470431857682 -0.148716953265224 128 255 255 255 
0.324893562047145 -0.510276457672606 -0.157121334781069 128 255 255 255 
0.498651585924201 -0.495115885707089 -0.161451604742188 128 255 255 255 
0.436516355237789 -0.489277324032002 -0.163258278493557 128 255 255 255 
0.461178157142216 -0.452262412259881 -0.176583777495446 128 255 255 255 
0.452100408456919 -0.56318118794577 -0.145936407750309 128 255 255 255 
0.572618875114689 -0.484071450733828 -0.164935521613853 128 255 255 255 
0.653382319807182 -0.487154478525283 -0.163934653936053 128 255 255 255 
-0.879299694085918 -0.36834635342947 -0.220233046208709 128 255 255 255 
-0.902374465101005 -0.371699650059799 -0.218081853643114 128 255 255 255 
-0.656103225007524 -0.472019470114096 -0.169062095506885 128 255 255 255 
-0.461731383488685 -0.177337463751093 -0.450412617775678 128 255 255 255 
-0.471575061910257 -0.419362912793375 -0.191313835076572 128 255 255 255 
-0.457821832364378 -0.821250730240255 -0.174008409072984 128 255 255 255 
-0.908946655956481 -0.341896924197123 -0.238584308920594 128 255 255 255 
0.852855434951548 -0.160970225516843 -0.496715405011104 128 255 255 255 
0.440011280360859 -0.178677635034692 -0.447174498334971 128 255 255 255 
0.408732783755625 -0.183641201360457 -0.435704510755571 128 255 255 255 
0.424257581690467 -0.448935483856079 -0.177945511897049 128 255 255 255 
0.408941354361513 -0.435463148190819 -0.183749327371219 128 255 255 255 
0.450045848197923 -0.376659299335235 -0.214968618333217 128 255 255 255 
-0.0637297612335519 -0.605498472683962 -0.141191775390417 128 255 255 255 
0.106815420502447 -0.147124922740224 -0.724107950147958 128 255 255 255 
0.306371311301198 -0.1436183558073 -0.700043718296144 128 255 255 255 
-0.414544841970985 -0.706134258394123 -0.144393055279637 128 255 255 255 
0.598203348754474 -0.702110791988965 -0.143872758649851 128 255 255 255 
-0.202332065120042 -0.69740386347906 -0.14330614259773 128 255 255 255 
0.503731991392576 -0.610233973727564 -0.140886813860378 128 255 255 255 
-0.502765754226244 -0.605342611890083 -0.14120259355345 128 255 255 255 
0.222515013903427 -0.944126856113379 -0.243128666220942 128 255 255 255 
0.400554562297617 -0.140690751744642 -0.613727060890218 128 255 255 255 
0.407339365427173 -0.611097668726921 -0.140836055215084 128 255 255 255 
-0.69900864657536 -0.141783761139404 -0.597803200095004 128 255 255 255 
0.417959516181042 -0.170343141412023 -0.811529643577373 128 255 255 255 
0.598945297882366 -0.157222481036721 -0.50990057634507 128 255 255 255 
0.694104830932578 -0.525935332072147 -0.153184586596962 128 255 255 255 
-0.609901291901038 -0.155846523981644 -0.515118425273463 128 255 255 255 
-0.605252935680846 -0.506985523081542 -0.15801748697477 128 255 255 255 
-0.699711132354269 -0.513521465338462 -0.15626125432377 128 255 255 255 
0.399444434870733 -0.517070149488146 -0.155347293006214 128 255 255 255 
0.0507153796252122 -0.854796965247657 -0.188488917211989 128 255 255 255 
0.13819081782988 -0.85385549817984 -0.188042237103889 128 255 255 255 
-0.0467850288566929 -0.185912509903532 -0.849295344811632 128 255 255 255 
-0.210798964652583 -0.946366619443047 -0.244855096574178 128 255 255 255 
0.461176108020771 -0.173131885358454 -0.818980879622677 128 255 255 255 
0.908987790403988 -0.238753270179495 -0.341669541231353 128 255 255 255 
0.470644828158691 -0.191738582902287 -0.418501239904163 128 255 255 255 
0.329952121819453 -0.481424234289218 0.247736933660486 255 128 255 255 
0.341745331083823 -0.497599822367187 0.238696932150381 255 128 255 255 
0.346895486461955 -0.463789961658678 0.234920069751536 255 128 255 255 
0.196526123524029 -0.429730441741072 0.409065097620154 255 128 255 255 
0.189754696872494 -0.518434134904347 0.422562342460777 255 128 255 255 
0.217032444998684 -0.485378039412511 0.373357084110539 255 128 255 255 
0.487432112293501 0.75478358039034 0.163845601290191 255 128 255 255 
0.53238385198284 0.832795841603457 0.151718559405732 255 128 255 255 
0.484231524500973 0.822759005178881 0.164882982537994 255 128 255 255 
0.284813447388687 0.500597823384736 0.288087350852853 255 128 255 255 
0.286501252587188 0.475942985548143 0.286391972499535 255 128 255 255 
0.299701533758176 0.486756520013697 0.273670975969222 255 128 255 255 
0.533887172213326 -0.831892817890029 0.151389655874746 255 128 255 255 
0.491794242388233 -0.755635526597506 0.162469865426505 255 128 255 255 
0.486500728215798 -0.822520944402322 0.164145009528877 255 128 255 255 
0.169845940513943 -0.866259062612998 0.469837838607694 255 128 255 255 
0.183152063571999 -0.808813703758882 0.436800703975472 255 128 255 255 
0.164145087586789 -0.822556915011594 0.486500486203634 255 128 255 255 
0.180419228776129 -0.281753631337638 0.836939926722856 255 128 255 255 
0.206317965750486 -0.22939316498182 0.888837026881115 255 128 255 255 
0.230948596558779 -0.293836213661577 0.927535996833284 255 128 255 255 
0.83352260005053 0.284332013985581 0.178969765232824 255 128 255 255 
0.886195984843978 0.234815562389066 0.20481324846393 255 128 255 255 
0.924950851530132 0.303247671380198 0.229143562378669 255 128 255 255 
0.574215526927741 0.441913042887314 0.144346509610125 255 128 255 255 
0.567140434270023 0.357716036695482 0.145337019368073 255 128 255 255 
0.614636112432183 0.401430969388646 0.140643748737229 255 128 255 255 
0.346096995193592 0.464092786912842 0.235499037286972 255 128 255 255 
0.341759756167393 0.509529689908729 0.238686213059674 255 128 255 255 
0.329004540101044 0.484980127225754 0.248487772996021 255 128 255 255 
0.716297575178206 0.0412053174394166 0.14585571364409 255 128 255 255 
0.810364144959374 0.0929096903337063 0.16991921344642 255 128 255 255 
0.73384400154962 0.103608886158086 0.148885669429026 255 128 255 255 
0.491988318798567 -0.502489481366528 0.16240967211619 255 128 255 255 
0.42238088971566 -0.518318545161116 0.189842371057705 255 128 255 255 
0.481327972447427 -0.578663359696692 0.16584479094646 255 128 255 255 
0.487642551134918 -0.438768840554572 0.163778198933501 255 128 255 255 
0.556046581997032 -0.457638975770743 0.14709858716995 255 128 255 255 
0.658002587053428 0.355843944402652 0.14032424209524 255 128 255 255 
0.780851066661392 -0.452036906235973 0.160249119946215 255 128 255 255 
0.707848320297942 -0.422295410714027 0.144624823135706 255 128 255 255 
0.705394461361945 -0.486588504412374 0.144294912088726 255 128 255 255 
0.141132213185266 0.311492573560268 0.606370940532819 255 128 255 255 
0.140200789140111 0.262354848560576 0.654164899134964 255 128 255 255 
0.148694430882011 0.262922780036094 0.547162297217514 255 128 255 255 
0.557792345520492 -0.558916800134396 0.146804427521592 255 128 255 255 
0.247656881564163 -0.481402894901173 0.330053428161678 255 128 255 255 
0.259124228492379 -0.472844920075398 0.31606536663947 255 128 255 255 
0.246571684884492 -0.46902044746945 0.331432080628237 255 128 255 255 
0.315981389395198 -0.472861890998529 0.259195667049684 255 128 255 255 
0.331331272039514 -0.469050088584043 0.24665077046051 255 128 255 255 
0.259566222724791 0.472949096796975 0.315546396045734 255 128 255 255 
0.247665731123977 0.481692830727153 0.330042226348787 255 128 255 255 
0.247160475662435 0.469239343439221 0.33068283571991 255 128 255 255 
0.330759907960433 0.469216976533438 0.247099802143838 255 128 255 255 
0.259041232030149 0.504608517994942 0.316162978640257 255 128 255 255 
0.238054542217257 0.497554324477795 0.342611619634414 255 128 255 255 
0.233465757619049 0.552312496554482 0.348916047990439 255 128 255 255 
0.216860484289005 0.485058014322231 0.373630055034552 255 128 255 255 
0.56016992054855 -0.37774586091676 0.146413996913602 255 128 255 255 
0.512402541712167 -0.321806018729204 0.156555182711094 255 128 255 255 
0.508006395657048 -0.367615473570596 0.157736910847327 255 128 255 255 
0.314671178793553 -0.503819407837652 0.260314396775094 255 128 255 255 
0.345747233927156 -0.553584626712158 0.235753465596918 255 128 255 255 
0.373216436506777 -0.485392660441188 0.217121143305178 255 128 255 255 
0.234835258243059 -0.463745199710561 0.34701273434027 255 128 255 255 
0.238613101580951 -0.4975880595865 0.341858158634556 255 128 255 255 
0.235670603847456 -0.553618380007867 0.345861103858088 255 128 255 255 
0.260235001613748 -0.50382154158938 0.314763862397765 255 128 255 255 
0.286421293426976 -0.475942935233117 0.286471927199345 255 128 255 255 
0.300679882924431 -0.485276239756591 0.272764573988438 255 128 255 255 
0.300970231962439 -0.475171098045169 0.272496508337102 255 128 255 255 
0.28640880080362 -0.498591214392121 0.286484422399717 255 128 255 255 
0.198288379111237 -0.443060150870729 0.874287951132866 255 128 255 255 
0.160375146959371 -0.453700396728796 0.781279622568768 255 128 255 255 
0.173421129736254 -0.403116965775343 0.819733527744181 255 128 255 255 
0.145796054233072 0.451826778510836 0.564089377455287 255 128 255 255 
0.155208491880938 0.399216940212367 0.517618677663145 255 128 255 255 
0.163066599457447 0.436304736053646 0.489884959491108 255 128 255 255 
0.311719143668871 0.509134261963511 0.262863845912999 255 128 255 255 
0.315635611602434 0.472931307171923 0.25949015314967 255 128 255 255 
0.39234598108122 0.52160870217739 0.205641326629427 255 128 255 255 
0.332931310389333 0.56784837978466 0.245400470298067 255 128 255 255 
0.300843320103229 0.475184287082496 0.272613627795739 255 128 255 255 
0.16245613894532 -0.755729658098272 0.491838477247467 255 128 255 255 
0.157637354846807 -0.367769955989355 0.508370682318035 255 128 255 255 
0.171733143665386 -0.38101997149238 0.464711219836288 255 128 255 255 
0.163103260763455 -0.352348026026717 0.489768511551454 255 128 255 255 
0.46447721002955 -0.381265708127078 0.171820808515289 255 128 255 255 
0.449714789024273 -0.423948486997611 0.177624029673681 255 128 255 255 
0.165777855839568 -0.578950919614652 0.481528133457187 255 128 255 255 
0.16232223655385 -0.502876291796724 0.492270743586714 255 128 255 255 
0.28640241568356 -0.537433522991005 0.286490831654077 255 128 255 255 
0.946339485426803 -0.210945162146463 0.244834060328734 255 128 255 255 
0.899911913301425 -0.16208740646203 0.212863281247022 255 128 255 255 
0.889350203103946 -0.224697724552041 0.206612818067105 255 128 255 255 
0.489516301281049 -0.352661550859319 0.16318278508887 255 128 255 255 
0.260562904342978 0.886758598006548 0.314381374607796 255 128 255 255 
0.286446608678659 0.914273856239038 0.286446608678819 255 128 255 255 
0.260901450510848 0.912875904737846 0.313987285862644 255 128 255 255 
0.140383134276703 0.36043294495039 0.659568784080848 255 128 255 255 
0.272303354950366 0.48585706776838 0.301179727301739 255 128 255 255 
0.272706010759158 0.475194606711413 0.300743274985498 255 128 255 255 
0.282154860106848 0.541303276243111 0.290791115465759 255 128 255 255 
0.272696421593102 -0.485271799171595 0.30075365696965 255 128 255 255 
0.27243460074442 -0.475164078493388 0.301037351216835 255 128 255 255 
0.142076967763696 -0.130538473319367 0.594473584579692 255 128 255 255 
0.140379389861461 -0.183575851533093 0.659473054616348 255 128 255 255 
0.144130123579852 -0.195522194027395 0.575866807435331 255 128 255 255 
0.785661030000913 0.028524253165803 0.161687496759563 255 128 255 255 
0.771566641267232 -0.0238071875644263 0.157620282303322 255 128 255 255 
0.825287249673807 -0.086357579980296 0.175598701806416 255 128 255 255 
0.757402608376275 -0.0763241331885256 0.153978792817105 255 128 255 255 
0.73212191121617 -0.141452263775187 0.148559809434131 255 128 255 255 
0.468896057723567 0.866702128197121 0.170187865525049 255 128 255 255 
0.500798268586403 0.85069108083444 0.159767891562758 255 128 255 255 
0.151718559405994 0.832795841603241 0.532383851983026 255 128 255 255 
0.161839818224615 0.833166228693704 0.493839676165638 255 128 255 255 
0.159767891562674 0.850691080834274 0.500798268586692 255 128 255 255 
0.159117046069005 0.801087113329971 0.503063576469024 255 128 255 255 
0.150789887493844 0.779824754509345 0.536687552903976 255 128 255 255 
0.171608616145599 0.814563610464607 0.465044266031576 255 128 255 255 
0.170187865524732 0.866702128197313 0.468896057724168 255 128 255 255 
0.142188176378554 0.792344222597244 0.593273255719063 255 128 255 255 
0.186689448480858 0.849407549554644 0.429027151923504 255 128 255 255 
0.198556177744022 0.892402399874412 0.405207852046552 255 128 255 255 
0.183094094045421 0.880663272070596 0.436931063165528 255 128 255 255 
0.197473520707215 0.431013629038741 0.407254812084109 255 128 255 255 
0.214832926756379 0.449927173712414 0.376878431408894 255 128 255 255 
0.369020049280259 0.877311145408222 0.219797828150781 255 128 255 255 
0.405207852046087 0.892402399874899 0.198556177744119 255 128 255 255 
0.373731286928516 0.901844823105381 0.21679677170045 255 128 255 255 
0.311916102185762 0.886752671994847 0.262692492946411 255 128 255 255 
0.313987285862538 0.912875904737857 0.260901450510939 255 128 255 255 
0.469824694562516 -0.866265258708846 0.169850697927869 255 128 255 255 
0.502021947719979 -0.850035799181467 0.159414880492725 255 128 255 255 
0.426637498624361 0.858682221924634 0.187809285512584 255 128 255 255 
0.436931063165051 0.880663272070762 0.18309409404561 255 128 255 255 
0.151403827167432 -0.831932099949954 0.533821939618706 255 128 255 255 
0.159422504745322 -0.850050050637866 0.501995394795963 255 128 255 255 
0.198387279586521 -0.892295585324607 0.405525681262082 255 128 255 255 
0.187113842869351 -0.858512902958598 0.428117655366068 255 128 255 255 
0.182814342857671 -0.880408255013788 0.437561676289151 255 128 255 255 
0.177785423779218 0.424063171566949 0.449323087871895 255 128 255 255 
0.172528639853203 0.383222550847231 0.462600641687719 255 128 255 255 
0.183640146199776 0.40873074523363 0.435706867805783 255 128 255 255 
0.237507976500027 -0.908680100993754 0.343351770525623 255 128 255 255 
0.219069956890116 -0.877291758327622 0.370152083941143 255 128 255 255 
0.216650458469698 -0.90178352334816 0.373963976706039 255 128 255 255 
0.17752879299565 -0.423917450069006 0.449946370362277 255 128 255 255 
0.182754729841597 -0.406998286990576 0.43769635954423 255 128 255 255 
0.156486116775555 -0.321422153841787 0.512664508203498 255 128 255 255 
0.428103893776162 -0.858504291921178 0.187120281470404 255 128 255 255 
0.437555120529946 -0.880410910405366 0.182817245754098 255 128 255 255 
0.370143569035835 -0.877288501157109 0.219075415709128 255 128 255 255 
0.343351770525608 -0.908680100993803 0.237507976499861 255 128 255 255 
0.373963976706185 -0.901783523348129 0.216650458469575 255 128 255 255 
0.218691978431507 0.878389668950789 0.370742594766657 255 128 255 255 
0.216796771700185 0.901844823105315 0.373731286928873 255 128 255 255 
0.408892053929034 -0.429853871924178 0.196616277487289 255 128 255 255 
0.437488915173531 -0.407180036082403 0.182846567828839 255 128 255 255 
0.3341612959684 0.751186041363345 0.244446401063432 255 128 255 255 
0.404633709618082 0.721091280569806 0.198862119452176 255 128 255 255 
0.378497090790714 0.792940092150364 0.213835455793344 255 128 255 255 
0.509500194275462 0.364335249312976 0.157330549604513 255 128 255 255 
0.46232125000907 0.383511811320469 0.172634761149572 255 128 255 255 
0.487205153914099 0.35550936937555 0.163918352565375 255 128 255 255 
0.23761820544985 0.908707760111474 0.343202270180809 255 128 255 255 
0.447298688784584 0.441043544501704 0.178625745071098 255 128 255 255 
0.435561755718149 0.408856185677223 0.183705134483927 255 128 255 255 
0.387808891974087 0.467771857681811 0.20825974897709 255 128 255 255 
0.376914561637957 0.449907582457071 0.214810569098886 255 128 255 255 
0.378150865721005 -0.449233056108034 0.214048088501548 255 128 255 255 
0.418637579738006 0.472244268763345 0.191671239335983 255 128 255 255 
0.407263052287957 0.431007828076088 0.197469187020965 255 128 255 255 
0.140093296232383 -0.554486476240736 0.64965605646943 255 128 255 255 
0.141388200997403 -0.604965635621128 0.602767380651111 255 128 255 255 
0.146756407827423 -0.559492055235359 0.55808095556703 255 128 255 255 
0.16447381774891 0.572421681577174 0.485485208157433 255 128 255 255 
0.145677332316076 0.553703042288211 0.564866353839517 255 128 255 255 
0.161159491566876 0.498450969027276 0.496084259628125 255 128 255 255 
0.150401602220406 -0.177986907725503 0.741456118596305 255 128 255 255 
0.143626130942179 -0.112322470092663 0.70010686861421 255 128 255 255 
0.170531576395994 -0.0994726658863628 0.812044271115887 255 128 255 255 
0.188971441112794 -0.358483525126781 0.855808226795151 255 128 255 255 
0.698395098224211 -0.0536802686907079 0.143421735052166 255 128 255 255 
0.646887562643642 -0.000863950704295402 0.140047456195909 255 128 255 255 
0.286446608672749 -0.914273856258374 0.286446608672879 255 128 255 255 
0.261787129415096 -0.886824341374859 0.31296021126062 255 128 255 255 
0.260840402188865 -0.91286892603289 0.314058288352437 255 128 255 255 
0.144359048799634 -0.488087320495132 0.705878808805184 255 128 255 255 
0.144734365641197 -0.424940193193642 0.708643369743967 255 128 255 255 
0.155799641832368 -0.40507916413696 0.515300322369662 255 128 255 255 
0.163678741104911 -0.439044693001926 0.487953775759991 255 128 255 255 
0.460850123707224 0.499799320451905 0.173196728838248 255 128 255 255 
0.501821960029629 0.450849757193904 0.159472359604054 255 128 255 255 
0.547848957443928 0.539183533480041 0.148565256002581 255 128 255 255 
0.672872424840809 0.115351427584583 0.141081808232469 255 128 255 255 
0.605071733489427 0.067599501110541 0.141221475457561 255 128 255 255 
0.855501423598054 -0.356304836512198 0.188824772118818 255 128 255 255 
0.927535000573061 -0.293839908895413 0.230947896255726 255 128 255 255 
0.836541127363706 -0.275587218368085 0.180248488947366 255 128 255 255 
0.154958815950808 0.361932743795466 0.761387675550201 255 128 255 255 
0.144481108107393 0.314200442480052 0.706790803871659 255 128 255 255 
0.140115509860087 -0.366243637331726 0.650743221010294 255 128 255 255 
0.141472324331943 -0.415806396516984 0.601657467897309 255 128 255 255 
0.146306098990475 -0.378984347130593 0.560839937581486 255 128 255 255 
0.140303169046391 0.551477739934029 0.657408241686463 255 128 255 255 
0.140386099737664 0.456208124640853 0.659644523107055 255 128 255 255 
0.14082048745467 0.503299429198281 0.611367794761534 255 128 255 255 
0.647190965298917 0.260516784642517 0.140051777031522 255 128 255 255 
0.546715782651668 0.263802310840274 0.148779015022523 255 128 255 255 
0.575101055969545 0.197690545162475 0.144229763102072 255 128 255 255 
0.652969671844472 0.181213251784774 0.140168269676342 255 128 255 255 
0.140032316564419 -0.264133206334507 0.645677466025682 255 128 255 255 
0.312952636792522 -0.886818284027096 0.261793679172332 255 128 255 255 
0.314058288352353 -0.912868926032878 0.260840402188937 255 128 255 255 
0.213957426335001 -0.449152020524718 0.378298403793318 255 128 255 255 
0.14834702197111 -0.259220258801918 0.549020054316442 255 128 255 255 
0.642651832839848 -0.257348468449923 0.140007103028738 255 128 255 255 
0.649095312636893 -0.172884363676804 0.140082755002205 255 128 255 255 
0.576577594708257 -0.193484178752373 0.144038712028265 255 128 255 255 
0.157632410146306 0.364465458922683 0.508388806397509 255 128 255 255 
0.163793392371527 0.355032091107253 0.487595056294004 255 128 255 255 
0.235545500702018 0.464116883800493 0.346033057811124 255 128 255 255 
0.566864322433786 -0.739374131795126 0.145377766944009 255 128 255 255 
0.170907756667221 0.4208133923667 0.813067768922793 255 128 255 255 
0.153872812071053 0.460778970845939 0.756962840009721 255 128 255 255 
0.173453760918051 0.462823236894932 0.819818239729967 255 128 255 255 
0.179891818747112 0.51887958554345 0.835705037276516 255 128 255 255 
0.514890114879307 -0.40460697178795 0.155905470832071 255 128 255 255 
0.659569890673575 0.450262716823912 0.140383161192285 255 128 255 255 
0.176744846078998 -0.462800602302615 0.451865313966851 255 128 255 255 
0.147017093412378 -0.458585245117189 0.556526455231645 255 128 255 255 
0.140162003053965 -0.0525527508111176 0.652726064566759 255 128 255 255 
0.141206197701331 -0.0656438318653714 0.605290589283806 255 128 255 255 
0.140968470555232 5.26862773257688E-05 0.608894808526271 255 128 255 255 
0.176335664954966 0.46105071204794 0.452876026454864 255 128 255 255 
0.743026154320808 0.254255131962861 0.150729592611571 255 128 255 255 
0.694487017054902 0.2152386513843 0.14297770977444 255 128 255 255 
0.733891540718666 0.164969437147046 0.148894798818096 255 128 255 255 
0.691966599794326 -0.204225158102974 0.142707870094353 255 128 255 255 
0.743102424998418 -0.245215536509983 0.150745686211352 255 128 255 255 
0.762792881400288 -0.35244387024317 0.155312700912383 255 128 255 255 
0.64945116212155 -0.362723441532076 0.140089411023848 255 128 255 255 
0.638447692865727 -0.457684331146541 0.140002430775792 255 128 255 255 
0.752546196017676 0.640559771116033 0.152831288078429 255 128 255 255 
0.654061797135003 0.644857010852248 0.14019781691375 255 128 255 255 
0.700892951787049 0.594971281160288 0.143721815462769 255 128 255 255 
0.743169184724641 0.548607404377499 0.15075969486476 255 128 255 255 
0.652682672221341 0.545860938295369 0.140160922613587 255 128 255 255 
0.140311462859127 0.646140516942941 0.657644641887352 255 128 255 255 
0.140772591119588 0.599427007539796 0.612215373352711 255 128 255 255 
0.145009582143862 0.646386730994005 0.569399251309063 255 128 255 255 
0.640439017848819 -0.65146713269316 0.140000207357211 255 128 255 255 
0.56314851180402 -0.653859726275979 0.145941465550794 255 128 255 255 
0.605940227966467 -0.697071981393124 0.141161422086219 255 128 255 255 
0.653777694414413 -0.743586934808233 0.140189860636473 255 128 255 255 
0.564364328788152 0.738185138958573 0.14575388323173 255 128 255 255 
0.52201931878846 0.699945189573132 0.154118786353726 255 128 255 255 
0.560561675117948 0.646912908533748 0.146350808986099 255 128 255 255 
0.477339568328853 0.659899130409867 0.167198202884421 255 128 255 255 
0.163289684385403 0.652929027776792 0.489178111336385 255 128 255 255 
0.163513510948152 0.745088611767283 0.488472463493824 255 128 255 255 
0.15262176853204 0.693056461438494 0.528364634967234 255 128 255 255 
0.16421719759956 -0.663233622885411 0.48627722028699 255 128 255 255 
0.154141523028857 -0.6139585037903 0.521925716325553 255 128 255 255 
0.152970983371092 0.606360120659045 0.526850841142728 255 128 255 255 
0.179034820223897 0.289614276134514 0.833677560196496 255 128 255 255 
0.229201768491307 0.30294759686239 0.925034757724235 255 128 255 255 
0.204023455531003 0.237017060886585 0.884794643456161 255 128 255 255 
0.902558854520876 -0.0977552114809704 0.214485242300311 255 128 255 255 
0.86496377105813 -0.131807281202877 0.193467474273366 255 128 255 255 
0.828988604491093 -0.181028926888213 0.177092684948221 255 128 255 255 
0.824550090901432 0.192211649830685 0.175305269140322 255 128 255 255 
0.896161338130431 0.172716002335114 0.210603511477858 255 128 255 255 
0.858029848236129 0.141486784106261 0.190041138012224 255 128 255 255 
0.897591990502553 0.108109793925538 0.211460264886801 255 128 255 255 
0.176958855878546 0.101314662728454 0.828660635225941 255 128 255 255 
0.213616238979941 0.111043218483725 0.901145270376305 255 128 255 255 
0.206246765692093 0.0550330734016952 0.888712857839065 255 128 255 255 
0.218493044322199 0.00583333842246656 0.908945783798021 255 128 255 255 
0.178136267546992 0.00624423640646785 0.831524891450287 255 128 255 255 
0.145611777157637 0.360265176727438 0.565298835366105 255 128 255 255 
0.755932889340549 0.457385498837718 0.153626158919647 255 128 255 255 
0.75918421776164 0.35589410406879 0.154412692444265 255 128 255 255 
0.812182903582174 0.418299125131059 0.170582241446385 255 128 255 255 
0.851643153140902 0.365571889206968 0.187002071854686 255 128 255 255 
0.819273564740654 0.461495806361331 0.173244195374437 255 128 255 255 
0.835548957019491 0.51915387289903 0.179825461932141 255 128 255 255 
0.594840573483199 -0.128892679118391 0.142043549395082 255 128 255 255 
0.600880442858045 -0.413942497723032 0.141532695528294 255 128 255 255 
0.140000817014672 -0.459445821037491 0.639107940649315 255 128 255 255 
0.14000034805516 -0.651768537373146 0.640577485238429 255 128 255 255 
0.144586136425621 -0.69169779350407 0.707565553025235 255 128 255 255 
0.140190215232157 -0.743575563081462 0.653790552010346 255 128 255 255 
0.60254044882677 -0.604467134934342 0.141405198502678 255 128 255 255 
0.707547499976059 -0.691716774782389 0.144583674649005 255 128 255 255 
0.700776496540876 -0.615922927904688 0.143707542066745 255 128 255 255 
0.874281642934609 -0.443074095943286 0.19828503324191 255 128 255 255 
0.81928591107447 -0.400964927233657 0.173248947988068 255 128 255 255 
0.75664476632669 -0.635480435108683 0.153796340399663 255 128 255 255 
0.649331228275262 -0.553661837733023 0.140087127634512 255 128 255 255 
0.748470360314888 -0.547288459206188 0.151907673501727 255 128 255 255 
0.259523468092955 0.0507299109673625 0.964403466386013 255 128 255 255 
0.145917956468058 -0.654157417425777 0.563299798169509 255 128 255 255 
0.699852828505415 -0.304430118287185 0.143595313646786 255 128 255 255 
0.140422294144338 0.172706578961713 0.660544085273031 255 128 255 255 
0.150631123245237 0.138789426494289 0.742557370554425 255 128 255 255 
0.140920750321819 0.0980694452793788 0.670329123580726 255 128 255 255 
0.60888643470348 0.00317066469780844 0.140968992550621 255 128 255 255 
0.605616655625711 -0.0626151237289457 0.141183614908061 255 128 255 255 
0.593797576681717 0.133513575887033 0.142139239778557 255 128 255 255 
0.702165849189809 0.306626118545754 0.143879660691476 255 128 255 255 
0.703125876931008 0.500526164614112 0.144000894965069 255 128 255 255 
0.603611524986073 0.594198706011435 0.141325894833638 255 128 255 255 
0.2432736092934 0.221552295124997 0.944315906741753 255 128 255 255 
0.210464810992204 0.174970617619702 0.895928685306884 255 128 255 255 
0.650544420749483 0.746432052796082 0.140111196932467 255 128 255 255 
0.703610248394975 0.695829387812859 0.144062769642803 255 128 255 255 
0.65610335790407 -0.111904571784624 0.140259407572077 255 128 255 255 
0.582325910871865 -0.315908796058268 0.143337465880462 255 128 255 255 
0.911571675350263 0.00544922008303541 0.220180051722325 255 128 255 255 
0.964384948799762 0.0511608711921831 0.25950768030854 255 128 255 255 
0.887048755951647 0.0522837654662951 0.205296824067594 255 128 255 255 
0.40552568126246 -0.892295585324693 0.198387279586439 255 128 255 255 
0.152997965577491 -0.703151198573776 0.526734758847099 255 128 255 255 
0.392733313434014 -0.84477438553322 0.205420684035363 255 128 255 255 
0.382654813255555 -0.792880039628995 0.211311948691201 255 128 255 255 
0.337845387415602 -0.838915370825576 0.241625080862324 255 128 255 255 
0.143209134933123 -0.318000720688106 0.583442001090174 255 128 255 255 
0.595601813443659 -0.790633639259547 0.141975099570731 255 128 255 255 
0.43677084620947 -0.808775319633765 0.18316534505234 255 128 255 255 
0.411712981724502 -0.720892568163002 0.195157372418226 255 128 255 255 
0.145224420537892 0.727821475215894 0.567909038115321 255 128 255 255 
0.486149871893027 -0.663030934112054 0.164258361940882 255 128 255 255 
0.526641866511242 -0.702975079695166 0.153019579491758 255 128 255 255 
0.141547561041043 -0.508002399407694 0.600691490518164 255 128 255 255 
0.413507219029299 -0.615629498265886 0.194241151203919 255 128 255 255 
0.344824775068231 -0.659340240205615 0.236426565278387 255 128 255 255 
0.521733665604909 -0.61361770505478 0.154188235762654 255 128 255 255 
0.60025168668771 -0.506975486196176 0.141582439665327 255 128 255 255 
0.800524898306637 -0.575715217582687 0.166468842514492 255 128 255 255 
0.172384719937963 0.19600051869132 0.817019372762131 255 128 255 255 
0.191734210656603 0.1458322543808 0.861489900787295 255 128 255 255 
0.839792027013737 -0.511617048342534 0.18165171974328 255 128 255 255 
0.451629766065974 -0.462673978299824 0.176840575276391 255 128 255 255 
0.140783300041391 0.407183256207379 0.612023674464529 255 128 255 255 
0.903070001500321 -0.371920818451451 0.214801017877435 255 128 255 255 
0.548671560802369 -0.259920190663374 0.148411638183854 255 128 255 255 
0.155590202201443 -0.357223790375065 0.763883101526923 255 128 255 255 
0.870582912483881 0.45114832718049 0.196343014769674 255 128 255 255 
0.151952669216001 -0.547896781017647 0.748672635694025 255 128 255 255 
0.143724737125901 -0.616261594254978 0.700916745546289 255 128 255 255 
0.841643343971612 0.00378925179701317 0.182463194584262 255 128 255 255 
0.890935125313803 -0.042477002195095 0.207528589977246 255 128 255 255 
0.958723768306158 -0.126291666826813 0.254753118326632 255 128 255 255 
0.96489507023006 -0.0375106913942572 0.25994317041908 255 128 255 255 
0.176574835110151 -0.193461926277297 0.827715349869473 255 128 255 255 
0.708514770706264 0.40484595636803 0.144716535132884 255 128 255 255 
0.957386579926784 0.138102297237693 0.253650729055836 255 128 255 255 
0.604594348813326 0.309469769145231 0.141255149007576 255 128 255 255 
0.510010273200887 0.32527666618392 0.157192923167197 255 128 255 255 
0.94431234519102 0.221570474413754 0.243270877362466 255 128 255 255 
0.52255632056475 0.399665179482029 0.15398870857915 255 128 255 255 
0.607249823872722 0.694096777785163 0.141073735411526 255 128 255 255 
0.899940553475365 0.380511253437713 0.212880685593806 255 128 255 255 
0.46364473057777 0.573866116595048 0.172133810403836 255 128 255 255 
0.608429555314397 0.494305057871659 0.140997701810869 255 128 255 255 
0.21182516006548 -0.166932381251034 0.898198146436954 255 128 255 255 
0.244828804885253 -0.210981672381552 0.946332705989245 255 128 255 255 
0.399249655631466 0.617763336929164 0.201777221152445 255 128 255 255 
0.511855034250397 0.604965422254676 0.156700030453825 255 128 255 255 
0.140825396599037 0.691683184468181 0.611282252283975 255 128 255 255 
0.796401056818241 0.581799253251757 0.165090840778111 255 128 255 255 
0.336306564617159 0.662303840809655 0.242796982463532 255 128 255 255 
0.433525285519421 0.808822394869047 0.184623032811798 255 128 255 255 
0.335183459910624 0.838779829338284 0.24365815009795 255 128 255 255 
0.593273255718915 0.79234422259754 0.142188176378457 255 128 255 255 
0.390553690993341 0.844820914611341 0.206668100772689 255 128 255 255 
0.144231915429618 0.50484164898056 0.704915296925746 255 128 255 255 
0.286439110355425 -0.859370933545526 0.286454119792089 255 128 255 255 
0.286429030441812 -0.790501799722939 0.286464236358319 255 128 255 255 
0.241607881475904 -0.838927890043753 0.337868065235639 255 128 255 255 
0.33965499836506 -0.751042553989413 0.240259029932002 255 128 255 255 
0.286416192916757 -0.70373522195251 0.286477096856178 255 128 255 255 
0.240218950843286 -0.751066582536253 0.339708348621976 255 128 255 255 
0.286404965872073 -0.61117166133228 0.286488349819607 255 128 255 255 
0.236363502679861 -0.65938458721726 0.344911015763497 255 128 255 255 
0.280434139813591 0.613318177776334 0.292563178124511 255 128 255 255 
0.280653425722211 0.702615828434623 0.292336380880441 255 128 255 255 
0.232578752828994 0.65357205759226 0.350158889717373 255 128 255 255 
0.281918209444928 0.789409835436936 0.291033822933516 255 128 255 255 
0.234039555919323 0.745974147172481 0.348116348741835 255 128 255 255 
0.237756617617784 0.838809459396528 0.34301474601435 255 128 255 255 
0.284157626561435 0.85913070840203 0.288750521219804 255 128 255 255 
0.34320227018059 0.908707760111205 0.237618205450007 255 128 255 255 
0.211288125719357 -0.792903242241347 0.382694501950888 255 128 255 255 
0.205409735958883 -0.844787908082713 0.392752556026476 255 128 255 255 
0.195119470801887 -0.720972363099415 0.411786852346812 255 128 255 255 
0.194174877728857 -0.615755526721065 0.413637698970059 255 128 255 255 
0.188818949270373 0.51542357834946 0.424510730862757 255 128 255 255 
0.192416568461993 0.607687515977271 0.417134553966496 255 128 255 255 
0.193330228099574 0.69952417963837 0.415309000863239 255 128 255 255 
0.196102902410569 0.791930031244725 0.409879749918035 255 128 255 255 
0.206448444903221 0.850187335864533 0.390935656986857 255 128 255 255 
0.253623812553077 0.138378612787728 0.957353812074421 255 128 255 255 
0.254889398750164 -0.124757326927057 0.958888421076399 255 128 255 255 
0.145370711532762 -0.739484095885642 0.56691205459403 255 128 255 255 
0.141206547275809 0.0656893817232439 0.605285566108133 255 128 255 255 
0.142107719839381 0.132022150368076 0.594138492526107 255 128 255 255 
0.157065425153551 0.32459324160985 0.510484753343228 255 128 255 255 
0.187270047715281 0.367710047398881 0.852215788377993 255 128 255 255 
0.14197452552271 -0.790628891134951 0.595608253141191 255 128 255 255 
0.141155421851532 -0.697246403441507 0.606028221246534 255 128 255 255 
0.143854429512916 -0.311429361957869 0.701964078359204 255 128 255 255 
0.144180195404304 0.196618603664573 0.575480839554683 255 128 255 255 
0.140112357233354 0.746384014719883 0.650599285458432 255 128 255 255 
0.152406404324912 0.272081232613776 0.750690629560135 255 128 255 255 
0.144075706292022 0.695724787792128 0.70371102783618 255 128 255 255 
0.151386885654677 -0.258133666365132 0.746099641203631 255 128 255 255 
0.143425405454104 -0.220957407989559 0.698426553874109 255 128 255 255 
0.140928715271753 0.0229503340023406 0.670460158294998 255 128 255 255 
0.149438721272275 -0.0298156338482162 0.736692899639789 255 128 255 255 
0.147391692468068 0.208386019176138 0.725656269595288 255 128 255 255 
0.144887619490884 0.409836078277147 0.709740334205429 255 128 255 255 
0.151044187575467 0.550901760501418 0.744509216123252 255 128 255 255 
0.144017760871008 0.597314436514608 0.703258271941076 255 128 255 255 
0.152797876009193 0.640737728680042 0.75240147013202 255 128 255 255 
0.153800577289965 -0.635458383139292 0.756662425299051 255 128 255 255 
0.166474568225835 -0.575690076879466 0.800541787547607 255 128 255 255 
0.181656450559136 -0.511597553944018 0.839802879755168 255 128 255 255 
0.151733219474618 0.0562588001266097 0.747682199147426 255 128 255 255 
0.196421686124793 0.450821962898282 0.870734218383652 255 128 255 255 
0.16497955441479 0.582293631469482 0.79606273211426 255 128 255 255 
0.214802762737217 -0.37191296284928 0.903072821689242 255 128 255 255 
0.190995376411698 -0.140574035562488 0.859988273685588 255 128 255 255 
0.212047718153459 -0.10242916883526 0.898566786891021 255 128 255 255 
0.204255812152275 -0.0454442780059537 0.885207937997011 255 128 255 255 
0.259946233317724 -0.0373971301370804 0.96489865313357 255 128 255 255 
0.21296613465298 0.380131276410576 0.900080906515576 255 128 255 255 

3 0 1 2 
3 1 3 2 
3 4 0 2 
3 5 6 7 
3 8 9 10 
3 11 4 12 
3 4 13 12 
3 14 11 12 
3 15 16 17 
3 18 19 10 
3 19 8 10 
3 9 18 10 
3 20 11 21 
3 11 14 21 
3 22 20 21 
3 23 18 24 
3 18 9 24 
3 25 23 24 
3 26 27 28 
3 3 4 2 
3 29 30 31 
3 32 33 34 
3 35 36 37 
3 38 39 37 
3 40 41 42 
3 43 39 3 
3 36 38 37 
3 39 38 3 
3 44 45 46 
3 47 43 1 
3 43 3 1 
3 48 47 49 
3 47 1 49 
3 50 48 49 
3 51 36 52 
3 51 53 54 
3 53 51 55 
3 56 36 54 
3 51 57 55 
3 57 51 52 
3 38 36 13 
3 53 56 54 
3 36 56 13 
3 3 38 4 
3 58 59 60 
3 50 49 8 
3 61 62 63 
3 64 50 19 
3 50 8 19 
3 64 65 66 
3 67 64 19 
3 65 68 69 
3 70 65 69 
3 66 65 70 
3 53 71 72 
3 71 53 73 
3 74 56 72 
3 13 56 14 
3 71 74 72 
3 56 74 14 
3 75 76 77 
3 78 79 11 
3 80 79 9 
3 67 19 18 
3 81 82 83 
3 84 67 18 
3 68 85 86 
3 87 88 89 
3 88 69 89 
3 86 87 89 
3 90 91 92 
3 73 93 94 
3 95 96 94 
3 71 97 98 
3 97 71 96 
3 99 74 98 
3 14 74 22 
3 97 99 98 
3 74 99 22 
3 78 11 20 
3 100 101 102 
3 79 78 103 
3 104 105 106 
3 107 108 109 
3 84 18 23 
3 25 110 23 
3 111 112 113 
3 114 84 23 
3 85 115 116 
3 117 87 118 
3 87 86 118 
3 116 117 118 
3 119 76 120 
3 99 97 121 
3 122 123 124 
3 97 96 125 
3 126 121 127 
3 99 128 22 
3 99 129 130 
3 129 99 121 
3 131 128 130 
3 132 133 134 
3 129 131 130 
3 128 131 135 
3 110 25 136 
3 137 138 136 
3 110 114 23 
3 139 110 136 
3 115 114 140 
3 114 141 140 
3 116 115 142 
3 115 140 142 
3 131 129 143 
3 131 144 135 
3 145 131 143 
3 144 138 137 
3 144 146 147 
3 148 138 147 
3 138 139 136 
3 146 148 147 
3 141 139 149 
3 139 150 149 
3 140 141 151 
3 141 149 151 
3 146 145 152 
3 153 154 155 
3 148 146 156 
3 146 152 156 
3 150 148 157 
3 148 156 157 
3 149 150 158 
3 150 157 158 
3 159 151 160 
3 151 149 160 
3 158 159 160 
3 161 156 162 
3 156 152 162 
3 163 161 162 
3 164 165 166 
3 167 168 169 
3 170 171 172 
3 171 170 164 
3 171 173 172 
3 173 171 166 
3 57 165 55 
3 174 175 176 
3 177 178 179 
3 180 70 69 
3 181 180 88 
3 182 183 184 
3 185 186 187 
3 181 188 189 
3 188 181 88 
3 190 181 189 
3 191 181 190 
3 164 170 93 
3 192 170 193 
3 170 192 93 
3 170 172 193 
3 188 88 87 
3 188 194 195 
3 194 188 87 
3 189 188 195 
3 93 192 95 
3 196 192 197 
3 192 193 197 
3 194 87 117 
3 194 198 199 
3 198 194 117 
3 195 194 199 
3 95 200 201 
3 202 116 142 
3 198 202 203 
3 202 198 117 
3 202 204 203 
3 204 202 142 
3 199 198 205 
3 198 203 205 
3 121 126 206 
3 204 142 207 
3 151 208 207 
3 204 209 210 
3 209 204 207 
3 203 204 210 
3 129 211 212 
3 213 107 214 
3 157 215 158 
3 208 151 159 
3 158 216 159 
3 209 208 217 
3 208 209 207 
3 208 218 217 
3 218 208 159 
3 210 209 219 
3 209 217 219 
3 152 220 163 
3 221 222 223 
3 163 224 161 
3 215 157 225 
3 161 226 225 
3 216 215 227 
3 215 216 158 
3 215 228 227 
3 228 215 225 
3 218 216 229 
3 216 218 159 
3 216 227 229 
3 217 218 230 
3 218 229 230 
3 226 224 231 
3 224 226 161 
3 232 224 233 
3 234 235 236 
3 228 226 237 
3 226 228 225 
3 226 231 237 
3 227 228 238 
3 228 237 238 
3 173 239 172 
3 240 239 241 
3 239 240 172 
3 242 243 244 
3 245 190 189 
3 245 246 247 
3 246 245 189 
3 172 240 193 
3 248 240 249 
3 240 248 193 
3 240 241 249 
3 246 189 195 
3 246 250 251 
3 250 246 195 
3 247 246 251 
3 193 248 197 
3 248 252 197 
3 248 249 253 
3 250 195 199 
3 250 254 255 
3 254 250 199 
3 251 250 255 
3 254 199 205 
3 203 256 205 
3 254 257 258 
3 257 254 205 
3 255 254 258 
3 256 203 210 
3 257 256 259 
3 256 257 205 
3 256 260 259 
3 260 256 210 
3 258 257 261 
3 257 259 261 
3 260 210 219 
3 217 262 219 
3 260 263 264 
3 263 260 219 
3 259 260 264 
3 227 265 229 
3 262 217 230 
3 229 266 230 
3 263 262 267 
3 262 263 219 
3 262 268 267 
3 268 262 230 
3 269 263 267 
3 263 269 264 
3 236 224 232 
3 231 270 237 
3 265 227 238 
3 237 271 238 
3 266 265 272 
3 265 266 229 
3 265 273 272 
3 273 265 238 
3 268 266 274 
3 266 268 230 
3 266 272 274 
3 275 268 274 
3 268 275 267 
3 276 235 234 
3 270 235 277 
3 235 270 231 
3 235 278 277 
3 271 270 279 
3 270 271 237 
3 270 277 279 
3 273 271 280 
3 271 273 238 
3 271 279 280 
3 272 273 281 
3 273 280 281 
3 282 283 284 
3 282 241 283 
3 145 143 153 
3 69 88 180 
3 101 285 286 
3 68 86 89 
3 235 276 278 
3 287 288 289 
3 241 282 249 
3 290 282 291 
3 282 290 249 
3 284 292 293 
3 294 295 296 
3 288 247 251 
3 288 297 298 
3 297 288 251 
3 299 289 300 
3 249 290 253 
3 301 290 302 
3 290 301 253 
3 290 291 302 
3 303 304 305 
3 306 307 308 
3 309 305 310 
3 297 251 255 
3 297 311 312 
3 311 297 255 
3 298 297 312 
3 301 302 313 
3 86 85 118 
3 311 255 258 
3 311 314 315 
3 314 311 258 
3 312 311 315 
3 314 258 261 
3 314 261 316 
3 259 317 261 
3 261 317 316 
3 318 314 316 
3 314 318 315 
3 317 259 264 
3 317 319 320 
3 319 317 264 
3 316 317 320 
3 319 269 321 
3 269 319 264 
3 269 322 321 
3 322 269 267 
3 323 319 321 
3 319 323 320 
3 272 324 274 
3 322 275 325 
3 275 322 267 
3 275 326 325 
3 326 275 274 
3 321 322 327 
3 322 325 327 
3 278 328 277 
3 277 329 279 
3 279 330 280 
3 324 272 281 
3 324 281 331 
3 280 332 281 
3 281 332 331 
3 326 324 333 
3 324 326 274 
3 324 331 333 
3 334 326 333 
3 326 334 325 
3 328 335 336 
3 335 328 278 
3 335 337 336 
3 329 328 338 
3 328 329 277 
3 328 336 338 
3 330 329 339 
3 329 330 279 
3 329 338 339 
3 332 330 340 
3 330 332 280 
3 330 339 340 
3 341 332 340 
3 332 341 331 
3 293 292 342 
3 343 344 345 
3 346 347 348 
3 299 300 349 
3 349 350 351 
3 352 284 293 
3 345 344 353 
3 354 355 356 
3 355 354 291 
3 355 343 356 
3 289 357 300 
3 358 359 360 
3 359 358 298 
3 350 358 360 
3 291 354 302 
3 167 354 168 
3 354 167 302 
3 354 356 168 
3 359 298 312 
3 359 361 362 
3 361 359 312 
3 360 359 362 
3 302 167 313 
3 313 167 169 
3 168 363 169 
3 364 104 106 
3 361 312 315 
3 361 315 365 
3 315 318 365 
3 366 361 365 
3 361 366 362 
3 318 367 368 
3 367 318 316 
3 365 318 368 
3 369 370 371 
3 372 373 374 
3 367 316 320 
3 367 375 376 
3 375 367 320 
3 368 367 376 
3 375 323 377 
3 323 375 320 
3 323 378 377 
3 378 323 321 
3 379 375 377 
3 375 379 376 
3 378 321 327 
3 378 327 380 
3 325 381 327 
3 327 381 380 
3 382 378 380 
3 378 382 377 
3 383 384 385 
3 331 386 333 
3 381 334 387 
3 334 381 325 
3 334 388 387 
3 388 334 333 
3 389 381 387 
3 381 389 380 
3 337 390 336 
3 390 337 391 
3 336 392 338 
3 338 393 339 
3 341 340 394 
3 339 395 340 
3 340 395 394 
3 386 341 396 
3 341 386 331 
3 341 394 396 
3 388 386 397 
3 386 388 333 
3 386 396 397 
3 398 388 397 
3 388 398 387 
3 392 390 399 
3 390 392 336 
3 390 400 399 
3 400 390 391 
3 393 392 91 
3 392 393 338 
3 392 399 91 
3 395 393 90 
3 393 395 339 
3 393 91 90 
3 401 395 90 
3 395 401 394 
3 402 403 404 
3 211 129 206 
3 350 405 406 
3 343 75 77 
3 407 356 77 
3 384 408 409 
3 76 407 77 
3 410 405 411 
3 119 412 413 
3 414 415 416 
3 415 360 416 
3 362 414 416 
3 417 418 419 
3 363 412 420 
3 421 422 423 
3 366 424 425 
3 424 366 365 
3 414 366 425 
3 424 365 368 
3 424 426 427 
3 426 424 368 
3 425 424 427 
3 426 368 376 
3 426 376 428 
3 376 379 428 
3 429 426 428 
3 426 429 427 
3 430 431 432 
3 379 433 434 
3 433 379 377 
3 428 379 434 
3 433 382 435 
3 382 433 377 
3 382 436 435 
3 436 382 380 
3 437 433 435 
3 433 437 434 
3 436 389 438 
3 389 436 380 
3 389 439 438 
3 439 389 387 
3 440 436 438 
3 436 440 435 
3 394 441 396 
3 398 397 442 
3 396 443 397 
3 397 443 442 
3 439 398 444 
3 398 439 387 
3 398 442 444 
3 445 439 444 
3 439 445 438 
3 446 400 447 
3 400 391 447 
3 399 400 448 
3 400 446 448 
3 448 449 450 
3 399 448 450 
3 449 91 450 
3 451 452 453 
3 454 307 455 
3 449 456 92 
3 91 449 92 
3 456 90 92 
3 441 401 457 
3 401 441 394 
3 401 456 457 
3 443 441 458 
3 441 443 396 
3 441 457 458 
3 459 443 458 
3 443 459 442 
3 460 461 462 
3 463 464 465 
3 466 467 468 
3 469 470 471 
3 470 472 473 
3 464 463 75 
3 463 474 475 
3 463 76 75 
3 474 463 467 
3 476 76 475 
3 224 163 233 
3 469 477 405 
3 470 478 471 
3 479 469 480 
3 410 469 405 
3 469 479 470 
3 410 481 480 
3 76 476 120 
3 76 119 407 
3 474 476 475 
3 482 119 120 
3 481 410 483 
3 484 410 415 
3 481 479 480 
3 484 485 483 
3 119 486 412 
3 476 482 120 
3 484 415 414 
3 487 484 414 
3 485 481 483 
3 412 486 420 
3 420 486 488 
3 486 489 488 
3 432 446 430 
3 490 491 492 
3 493 421 423 
3 487 414 425 
3 487 425 494 
3 495 487 494 
3 496 494 497 
3 494 425 497 
3 427 496 497 
3 427 429 496 
3 429 498 499 
3 498 429 428 
3 496 429 499 
3 498 428 434 
3 498 434 500 
3 434 437 500 
3 501 498 500 
3 498 501 499 
3 437 435 502 
3 435 440 502 
3 503 437 502 
3 437 503 500 
3 440 438 504 
3 438 445 504 
3 502 440 505 
3 440 504 505 
3 445 444 506 
3 442 507 444 
3 444 507 506 
3 508 445 506 
3 445 508 504 
3 509 510 511 
3 446 432 448 
3 448 512 449 
3 449 513 456 
3 456 514 457 
3 457 514 515 
3 459 458 510 
3 515 510 516 
3 457 515 516 
3 510 458 516 
3 507 459 509 
3 459 507 442 
3 459 510 509 
3 517 507 509 
3 507 517 506 
3 432 512 448 
3 512 513 449 
3 513 514 456 
3 514 518 515 
3 519 520 521 
3 522 523 521 
3 522 524 525 
3 523 519 521 
3 523 522 525 
3 526 527 528 
3 524 529 530 
3 525 524 530 
3 529 531 532 
3 530 529 532 
3 531 347 532 
3 491 466 174 
3 422 490 492 
3 405 477 406 
3 533 534 535 
3 536 212 537 
3 538 472 539 
3 540 541 542 
3 467 543 468 
3 544 491 174 
3 466 474 467 
3 545 466 491 
3 478 470 473 
3 546 472 547 
3 479 472 470 
3 472 546 548 
3 479 549 547 
3 476 474 310 
3 474 309 310 
3 479 481 26 
3 549 546 547 
3 549 479 26 
3 482 476 550 
3 481 485 27 
3 4 38 13 
3 489 482 551 
3 482 550 551 
3 552 64 66 
3 485 495 553 
3 27 485 553 
3 554 489 551 
3 555 556 418 
3 557 495 494 
3 495 558 553 
3 557 494 496 
3 557 496 559 
3 560 557 559 
3 561 559 562 
3 559 496 562 
3 499 561 562 
3 499 501 561 
3 563 374 564 
3 565 566 567 
3 501 500 568 
3 500 503 568 
3 569 501 568 
3 501 569 561 
3 543 465 570 
3 571 572 573 
3 371 571 573 
3 574 575 576 
3 577 578 579 
3 580 533 581 
3 503 582 583 
3 582 503 502 
3 568 503 583 
3 127 125 584 
3 175 468 585 
3 586 587 588 
3 589 577 590 
3 582 502 505 
3 582 505 591 
3 504 592 505 
3 505 592 591 
3 593 582 591 
3 582 593 583 
3 594 595 596 
3 597 598 599 
3 600 601 602 
3 603 604 605 
3 508 506 606 
3 506 517 606 
3 592 508 607 
3 508 592 504 
3 508 606 607 
3 608 592 607 
3 592 608 591 
3 609 406 610 
3 611 586 612 
3 613 614 615 
3 616 574 617 
3 618 619 620 
3 621 622 623 
3 624 625 626 
3 627 431 430 
3 515 628 510 
3 510 628 629 
3 517 509 630 
3 629 630 511 
3 510 629 511 
3 630 509 511 
3 631 517 630 
3 517 631 606 
3 632 633 634 
3 534 635 535 
3 538 539 636 
3 154 637 638 
3 212 211 537 
3 473 538 639 
3 477 471 640 
3 641 431 16 
3 642 643 644 
3 431 645 16 
3 41 646 647 
3 648 641 15 
3 641 16 15 
3 45 649 650 
3 518 648 651 
3 652 653 654 
3 633 655 656 
3 648 15 651 
3 518 628 515 
3 464 345 353 
3 657 292 658 
3 659 518 651 
3 344 657 658 
3 660 542 661 
3 662 663 664 
3 628 665 629 
3 666 667 668 
3 667 525 668 
3 530 666 668 
3 346 666 669 
3 666 530 669 
3 532 346 669 
3 519 670 671 
3 670 672 671 
3 672 670 673 
3 670 111 673 
3 519 523 674 
3 112 519 674 
3 523 525 667 
3 532 347 346 
3 347 675 348 
3 676 675 677 
3 675 678 348 
3 676 677 679 
3 676 679 183 
3 680 676 183 
3 681 682 683 
3 684 685 681 
3 685 684 686 
3 687 684 683 
3 684 687 686 
3 682 672 673 
3 679 184 183 
3 184 688 182 
3 689 690 691 
3 688 692 693 
3 688 693 694 
3 688 695 182 
3 695 688 694 
3 696 685 686 
3 697 696 686 
3 696 697 698 
3 699 700 701 
3 702 703 569 
3 673 111 704 
3 693 705 694 
3 705 706 694 
3 706 705 108 
3 707 708 698 
3 708 707 709 
3 710 711 712 
3 713 652 709 
3 713 493 653 
3 714 715 642 
3 716 643 715 
3 422 492 717 
3 718 493 423 
3 719 720 721 
3 423 422 722 
3 723 724 725 
3 541 662 664 
3 542 541 661 
3 714 663 662 
3 129 121 206 
3 490 422 421 
3 490 545 491 
3 726 490 421 
3 541 540 727 
3 546 540 548 
3 540 728 727 
3 729 730 731 
3 309 545 732 
3 545 733 732 
3 546 549 734 
3 735 546 734 
3 144 137 135 
3 305 736 737 
3 310 305 737 
3 736 550 737 
3 551 550 738 
3 739 740 28 
3 740 26 28 
3 27 739 28 
3 27 553 741 
3 736 742 738 
3 550 736 738 
3 742 551 738 
3 742 554 551 
3 53 55 743 
3 744 745 746 
3 747 739 741 
3 739 27 741 
3 553 747 741 
3 748 749 750 
3 553 558 747 
3 751 554 752 
3 554 742 752 
3 753 754 755 
3 558 560 756 
3 747 558 756 
3 757 751 752 
3 758 560 559 
3 560 759 756 
3 758 559 561 
3 758 561 703 
3 561 569 703 
3 408 758 703 
3 760 242 244 
3 569 761 702 
3 761 569 568 
3 761 568 583 
3 761 583 762 
3 583 593 762 
3 763 761 762 
3 761 763 702 
3 171 164 166 
3 593 591 764 
3 591 608 764 
3 765 593 764 
3 593 765 762 
3 608 607 766 
3 606 767 607 
3 607 767 766 
3 768 608 766 
3 608 768 764 
3 631 630 769 
3 629 770 630 
3 630 770 769 
3 767 631 771 
3 631 767 606 
3 772 767 771 
3 767 772 766 
3 472 479 547 
3 645 773 774 
3 773 775 774 
3 645 106 16 
3 645 774 106 
3 106 105 17 
3 16 106 17 
3 105 15 17 
3 659 651 776 
3 105 776 777 
3 15 105 777 
3 776 651 777 
3 778 779 780 
3 665 659 781 
3 659 776 781 
3 665 770 629 
3 782 665 781 
3 770 783 769 
3 784 100 785 
3 285 100 786 
3 100 667 786 
3 666 285 786 
3 699 303 787 
3 788 789 704 
3 789 683 704 
3 111 788 704 
3 790 111 113 
3 112 791 113 
3 111 790 788 
3 112 674 784 
3 791 790 113 
3 791 112 784 
3 102 792 793 
3 285 666 794 
3 100 285 101 
3 795 794 346 
3 348 678 796 
3 678 797 796 
3 798 680 799 
3 799 800 801 
3 687 683 789 
3 686 687 802 
3 803 687 789 
3 687 803 802 
3 407 119 413 
3 182 695 800 
3 695 694 804 
3 695 805 800 
3 805 695 804 
3 697 686 802 
3 698 697 806 
3 807 697 802 
3 697 807 806 
3 211 206 808 
3 694 706 804 
3 706 108 809 
3 706 810 804 
3 810 706 809 
3 707 698 806 
3 709 707 811 
3 812 707 806 
3 707 812 811 
3 468 543 585 
3 108 107 809 
3 813 213 214 
3 107 814 809 
3 814 107 213 
3 713 709 811 
3 493 713 815 
3 816 713 811 
3 713 816 815 
3 813 214 716 
3 663 714 642 
3 813 714 817 
3 813 818 213 
3 818 813 817 
3 819 726 820 
3 728 821 822 
3 823 726 819 
3 36 51 54 
3 728 81 821 
3 733 824 825 
3 734 826 735 
3 82 735 826 
3 825 303 827 
3 732 825 827 
3 303 305 827 
3 550 310 737 
3 739 828 740 
3 829 177 830 
3 831 828 739 
3 832 107 109 
3 699 833 834 
3 736 699 834 
3 833 742 834 
3 699 701 833 
3 835 833 701 
3 135 20 128 
3 836 831 837 
3 831 739 837 
3 747 836 837 
3 838 613 839 
3 604 719 721 
3 492 544 717 
3 718 423 722 
3 206 126 808 
3 566 840 841 
3 842 843 844 
3 845 196 846 
3 757 752 847 
3 848 798 801 
3 798 799 801 
3 799 680 849 
3 81 850 851 
3 125 201 852 
3 544 174 176 
3 220 155 853 
3 351 609 854 
3 299 351 854 
3 294 836 855 
3 836 747 855 
3 756 294 855 
3 836 294 856 
3 756 759 294 
3 857 757 847 
3 858 600 602 
3 759 295 294 
3 715 643 642 
3 383 408 384 
3 466 175 174 
3 121 97 127 
3 859 384 409 
3 702 859 409 
3 384 859 385 
3 702 763 859 
3 80 9 8 
3 763 762 860 
3 762 765 860 
3 861 763 860 
3 763 861 859 
3 765 764 862 
3 764 768 862 
3 863 765 862 
3 765 863 860 
3 27 26 481 
3 201 200 852 
3 768 766 864 
3 766 772 864 
3 865 768 864 
3 768 865 862 
3 769 783 866 
3 772 771 867 
3 356 343 77 
3 868 772 867 
3 772 868 864 
3 774 775 869 
3 775 870 869 
3 869 364 871 
3 774 869 871 
3 364 106 871 
3 727 728 822 
3 305 309 732 
3 739 747 837 
3 782 781 59 
3 58 782 59 
3 783 872 866 
3 873 874 875 
3 102 876 785 
3 876 784 785 
3 100 102 785 
3 877 286 878 
3 286 285 878 
3 795 877 878 
3 667 666 786 
3 879 880 881 
3 683 673 704 
3 788 790 882 
3 790 883 882 
3 791 784 876 
3 884 791 876 
3 0 80 8 
3 71 73 94 
3 778 885 886 
3 796 797 887 
3 888 877 887 
3 889 797 890 
3 797 889 887 
3 798 891 890 
3 692 688 184 
3 243 873 875 
3 891 889 890 
3 891 798 848 
3 892 848 801 
3 800 892 801 
3 803 789 893 
3 802 803 894 
3 895 803 893 
3 803 895 894 
3 800 805 892 
3 805 804 896 
3 897 805 896 
3 807 802 894 
3 806 807 898 
3 899 807 894 
3 807 899 898 
3 804 810 896 
3 900 810 901 
3 810 809 901 
3 810 900 896 
3 812 806 898 
3 811 812 902 
3 903 812 898 
3 812 903 902 
3 740 549 26 
3 675 904 677 
3 809 814 901 
3 814 213 905 
3 814 906 901 
3 906 814 905 
3 816 811 902 
3 815 816 907 
3 908 816 902 
3 816 908 907 
3 882 909 893 
3 769 771 631 
3 456 401 90 
3 491 544 492 
3 213 818 905 
3 818 817 910 
3 818 911 905 
3 911 818 910 
3 912 913 914 
3 821 81 851 
3 823 819 915 
3 138 144 147 
3 916 823 915 
3 876 102 793 
3 917 30 918 
3 680 183 849 
3 919 81 83 
3 81 919 850 
3 82 920 83 
3 825 824 921 
3 824 922 921 
3 82 826 923 
3 920 919 83 
3 920 82 923 
3 921 924 925 
3 926 689 927 
3 305 732 827 
3 928 923 929 
3 925 700 787 
3 303 925 787 
3 700 699 787 
3 742 736 834 
3 132 930 133 
3 748 831 931 
3 701 700 835 
3 104 753 105 
3 836 749 931 
3 779 778 754 
3 748 931 749 
3 835 932 933 
3 833 835 933 
3 932 847 933 
3 857 847 932 
3 726 421 820 
3 835 730 932 
3 934 724 723 
3 296 749 856 
3 749 836 856 
3 294 296 856 
3 749 296 61 
3 729 857 932 
3 489 935 488 
3 410 484 483 
3 295 62 296 
3 936 745 744 
3 366 414 362 
3 937 383 934 
3 938 526 792 
3 724 934 385 
3 859 724 385 
3 859 861 724 
3 939 940 221 
3 915 907 941 
3 861 860 942 
3 860 863 942 
3 943 861 942 
3 861 943 724 
3 944 945 946 
3 863 862 947 
3 862 865 947 
3 865 948 947 
3 949 863 947 
3 863 949 942 
3 864 868 950 
3 951 952 953 
3 952 950 953 
3 948 865 952 
3 753 104 364 
3 917 306 308 
3 866 872 373 
3 868 867 372 
3 373 372 954 
3 866 373 954 
3 372 867 954 
3 951 953 955 
3 869 870 956 
3 870 957 956 
3 956 958 959 
3 959 779 960 
3 364 959 960 
3 779 753 960 
3 285 795 878 
3 778 755 754 
3 101 286 102 
3 20 103 78 
3 879 710 123 
3 106 774 871 
3 961 58 60 
3 872 962 373 
3 525 530 668 
3 530 532 669 
3 883 884 963 
3 964 883 963 
3 882 883 964 
3 793 884 876 
3 884 965 963 
3 966 793 792 
3 310 550 476 
3 967 968 44 
3 877 888 969 
3 527 938 969 
3 889 888 887 
3 888 970 969 
3 889 891 971 
3 972 889 971 
3 891 848 973 
3 711 974 918 
3 828 975 740 
3 909 895 893 
3 895 909 976 
3 977 895 976 
3 894 895 977 
3 909 882 964 
3 978 909 964 
3 909 978 976 
3 973 848 611 
3 891 973 614 
3 233 163 595 
3 899 894 977 
3 898 899 979 
3 980 899 977 
3 899 980 979 
3 981 977 976 
3 973 611 612 
3 539 660 636 
3 903 898 979 
3 902 903 982 
3 983 903 979 
3 903 983 982 
3 220 152 155 
3 152 153 155 
3 152 145 153 
3 906 905 984 
3 908 982 985 
3 908 902 982 
3 908 941 907 
3 941 908 985 
3 982 986 985 
3 984 911 987 
3 905 911 984 
3 988 987 910 
3 915 941 989 
3 990 941 985 
3 941 990 989 
3 285 794 795 
3 974 917 918 
3 991 992 993 
3 992 994 993 
3 988 850 995 
3 916 989 996 
3 916 915 989 
3 76 463 475 
3 922 916 996 
3 995 919 997 
3 850 919 995 
3 797 798 890 
3 919 920 997 
3 922 924 921 
3 998 922 996 
3 408 703 409 
3 920 999 997 
3 928 920 923 
3 925 924 1000 
3 924 649 1000 
3 85 116 118 
3 1001 917 308 
3 928 929 1002 
3 1003 928 1002 
3 1000 45 968 
3 415 410 411 
3 523 667 674 
3 1004 1002 1005 
3 835 967 730 
3 107 832 214 
3 1006 1005 750 
3 1005 748 750 
3 749 1006 750 
3 747 756 855 
3 1006 749 61 
3 1007 1005 1006 
3 730 729 932 
3 730 1008 731 
3 1008 730 967 
3 1009 729 731 
3 248 253 252 
3 67 68 1010 
3 68 65 1010 
3 64 67 1010 
3 65 64 1010 
3 495 485 1011 
3 487 495 1011 
3 485 484 1011 
3 484 487 1011 
3 782 783 1012 
3 783 770 1012 
3 665 782 1012 
3 770 665 1012 
3 884 883 1013 
3 791 884 1013 
3 883 790 1013 
3 790 791 1013 
3 112 111 1014 
3 519 112 1014 
3 111 670 1014 
3 670 519 1014 
3 482 489 1015 
3 489 486 1015 
3 119 482 1015 
3 486 119 1015 
3 134 1016 1017 
3 1016 1018 1017 
3 132 134 1017 
3 1018 132 1017 
3 62 61 296 
3 1019 61 63 
3 61 1019 1006 
3 62 1020 63 
3 1008 1009 731 
3 431 641 1021 
3 641 512 1021 
3 432 431 1021 
3 512 432 1021 
3 1022 1023 1024 
3 526 1022 1024 
3 1023 966 1024 
3 966 526 1024 
3 726 733 1025 
3 733 545 1025 
3 490 726 1025 
3 545 490 1025 
3 242 1026 1027 
3 1026 1008 1027 
3 44 242 1027 
3 1008 44 1027 
3 1028 1029 1030 
3 1031 1028 1030 
3 1029 646 1030 
3 646 1031 1030 
3 648 518 1032 
3 518 514 1032 
3 513 648 1032 
3 514 513 1032 
3 114 115 1033 
3 115 85 1033 
3 84 114 1033 
3 85 84 1033 
3 829 1034 1035 
3 1036 829 1035 
3 1034 1037 1035 
3 1037 1036 1035 
3 69 68 89 
3 214 832 716 
3 467 463 465 
3 74 71 98 
3 62 937 1038 
3 1020 1019 63 
3 916 922 1039 
3 922 824 1039 
3 823 916 1039 
3 824 823 1039 
3 937 62 1040 
3 383 937 1040 
3 62 295 1040 
3 295 383 1040 
3 408 759 1041 
3 758 408 1041 
3 759 560 1041 
3 560 758 1041 
3 680 678 1042 
3 676 680 1042 
3 678 675 1042 
3 675 676 1042 
3 148 150 1043 
3 150 139 1043 
3 138 148 1043 
3 139 138 1043 
3 1044 1045 1046 
3 1047 1044 1046 
3 1045 1048 1046 
3 1048 1047 1046 
3 1049 1050 1051 
3 970 1049 1051 
3 1050 527 1051 
3 527 970 1051 
3 145 146 1052 
3 146 144 1052 
3 131 145 1052 
3 144 131 1052 
3 164 55 165 
3 1038 937 1053 
3 937 934 1053 
3 934 723 1053 
3 735 728 1054 
3 546 735 1054 
3 728 540 1054 
3 540 546 1054 
3 961 962 1055 
3 962 872 1055 
3 58 961 1055 
3 872 58 1055 
3 151 207 1056 
3 142 140 1056 
3 207 142 1056 
3 140 151 1056 
3 1057 1058 1059 
3 1060 1061 1059 
3 1058 1060 1059 
3 1061 1057 1059 
3 754 753 779 
3 724 943 725 
3 725 943 1062 
3 943 942 1062 
3 942 949 1062 
3 461 996 1063 
3 989 1064 1063 
3 1064 461 1063 
3 996 989 1063 
3 1065 30 1066 
3 917 1001 1066 
3 1001 1065 1066 
3 30 917 1066 
3 805 897 587 
3 373 962 1067 
3 533 1068 534 
3 577 1067 578 
3 755 776 1069 
3 105 753 1069 
3 753 755 1069 
3 776 105 1069 
3 917 974 1070 
3 5 306 1070 
3 306 917 1070 
3 974 5 1070 
3 11 79 1071 
3 0 4 1071 
3 79 0 1071 
3 4 11 1071 
3 831 748 1072 
3 929 975 1072 
3 748 929 1072 
3 975 831 1072 
3 103 25 1073 
3 9 79 1073 
3 25 9 1073 
3 79 103 1073 
3 1016 1074 1075 
3 1074 1076 1075 
3 1018 1016 1075 
3 1076 1018 1075 
3 123 122 1077 
3 1044 123 1077 
3 122 1045 1077 
3 1045 1044 1077 
3 957 958 956 
3 885 1078 1076 
3 1079 959 958 
3 958 132 1079 
3 1079 1018 1078 
3 60 778 886 
3 1078 885 780 
3 779 1078 780 
3 885 778 780 
3 886 961 60 
3 886 1080 1081 
3 1080 886 885 
3 1068 961 1081 
3 962 961 1082 
3 1080 1068 1081 
3 961 1068 1082 
3 383 295 1083 
3 408 383 1083 
3 295 759 1083 
3 759 408 1083 
3 641 648 1084 
3 648 513 1084 
3 512 641 1084 
3 513 512 1084 
3 82 81 1085 
3 735 82 1085 
3 81 728 1085 
3 728 735 1085 
3 58 872 1086 
3 872 783 1086 
3 782 58 1086 
3 783 782 1086 
3 84 85 1087 
3 85 68 1087 
3 67 84 1087 
3 68 67 1087 
3 823 824 1088 
3 824 733 1088 
3 726 823 1088 
3 733 726 1088 
3 798 797 1089 
3 680 798 1089 
3 797 678 1089 
3 678 680 1089 
3 182 800 849 
3 800 799 849 
3 183 182 849 
3 1061 1090 1091 
3 1090 964 1091 
3 963 1061 1091 
3 965 966 1057 
3 1061 965 1057 
3 963 965 1061 
3 526 966 792 
3 966 1023 1057 
3 527 526 938 
3 1022 526 528 
3 527 1050 528 
3 970 527 969 
3 1050 1022 528 
3 970 972 1092 
3 1049 970 1092 
3 1092 972 719 
3 978 964 1090 
3 976 978 1093 
3 1094 978 1090 
3 978 1094 1093 
3 1095 1090 1061 
3 604 1092 719 
3 587 897 588 
3 981 980 977 
3 980 981 1096 
3 1097 980 1096 
3 979 980 1097 
3 981 976 1093 
3 1098 981 1093 
3 981 1098 1096 
3 983 1097 1099 
3 983 979 1097 
3 983 986 982 
3 986 983 1099 
3 1097 1100 1099 
3 1100 1097 1096 
3 985 986 1101 
3 1102 986 1099 
3 986 1102 1101 
3 1103 1049 1104 
3 990 985 1101 
3 989 990 1064 
3 1105 990 1101 
3 990 1105 1064 
3 1064 1106 461 
3 458 457 516 
3 998 461 460 
3 998 996 461 
3 520 522 521 
3 649 998 460 
3 1107 1108 1109 
3 649 45 1000 
3 649 1110 650 
3 1110 649 460 
3 873 45 650 
3 1004 1003 1002 
3 45 44 968 
3 45 873 46 
3 1110 873 650 
3 242 44 46 
3 1007 1004 1005 
3 44 1008 967 
3 873 242 46 
3 1019 1007 1006 
3 1009 1008 1111 
3 39 35 37 
3 1008 1026 1111 
3 73 53 743 
3 575 371 576 
3 831 975 828 
3 1068 533 580 
3 578 1112 579 
3 149 158 160 
3 961 886 1081 
3 132 1018 1079 
3 1018 1076 1078 
3 1076 1080 885 
3 1076 1074 1113 
3 1114 1080 1113 
3 1068 1080 1115 
3 1074 1114 1113 
3 1080 1114 1115 
3 1023 1022 1116 
3 1058 1023 1116 
3 1057 1023 1058 
3 1022 1050 1117 
3 1116 1022 1117 
3 1050 1049 1103 
3 1117 1050 1103 
3 1049 1092 1104 
3 1104 1092 603 
3 1095 1094 1090 
3 1094 1095 1118 
3 1119 1094 1118 
3 1093 1094 1119 
3 1095 1061 1060 
3 1120 1095 1060 
3 1095 1120 1118 
3 1121 1060 1058 
3 1122 1058 1116 
3 1092 604 603 
3 1104 601 600 
3 1098 1093 1119 
3 1096 1098 1123 
3 1124 1098 1119 
3 1098 1124 1123 
3 1125 1119 1118 
3 1100 1096 1123 
3 1099 1100 1126 
3 1127 1100 1123 
3 1100 1127 1126 
3 1102 1099 1126 
3 1101 1102 1128 
3 1129 1102 1126 
3 1102 1129 1128 
3 1105 1128 1130 
3 1105 1101 1128 
3 1105 1106 1064 
3 1106 1105 1130 
3 1128 1131 1130 
3 461 1106 1132 
3 1133 1106 1130 
3 1106 1133 1132 
3 1132 1134 462 
3 461 1132 462 
3 1134 460 462 
3 1132 1135 1134 
3 1110 1134 874 
3 1110 460 1134 
3 873 1110 874 
3 1134 1136 874 
3 1116 1137 1122 
3 56 53 72 
3 242 873 243 
3 1026 242 760 
3 934 383 385 
3 1026 760 1138 
3 1111 1026 1138 
3 760 187 1138 
3 496 499 562 
3 465 464 570 
3 987 911 910 
3 1139 1140 1141 
3 134 994 452 
3 994 992 452 
3 1016 452 451 
3 1074 451 369 
3 635 1115 616 
3 1115 1114 1142 
3 1142 369 575 
3 1115 1142 616 
3 1143 1144 1145 
3 1016 134 452 
3 1036 1143 1146 
3 1074 1016 451 
3 1114 1074 369 
3 370 369 1147 
3 451 1148 1147 
3 1148 370 1147 
3 369 451 1147 
3 360 415 411 
3 405 350 411 
3 350 360 411 
3 910 817 851 
3 850 910 851 
3 817 821 851 
3 817 714 822 
3 821 817 822 
3 714 727 822 
3 161 225 1149 
3 157 156 1149 
3 225 157 1149 
3 156 161 1149 
3 412 168 413 
3 356 407 413 
3 168 356 413 
3 1117 1150 1151 
3 1137 1116 1151 
3 1150 1137 1151 
3 1116 1117 1151 
3 689 1152 179 
3 690 689 179 
3 1152 177 179 
3 912 1153 1154 
3 1155 913 1154 
3 913 912 1154 
3 1153 1155 1154 
3 788 882 1156 
3 893 789 1156 
3 882 893 1156 
3 789 788 1156 
3 915 819 1157 
3 815 907 1157 
3 907 915 1157 
3 819 815 1157 
3 192 196 845 
3 493 815 820 
3 815 819 820 
3 421 493 820 
3 1152 1158 830 
3 740 734 549 
3 177 1152 830 
3 1158 1159 830 
3 93 73 743 
3 55 164 743 
3 164 93 743 
3 867 771 1160 
3 769 866 1160 
3 866 867 1160 
3 771 769 1160 
3 1103 1161 1162 
3 1150 1117 1162 
3 1161 1150 1162 
3 1117 1103 1162 
3 1163 1164 1165 
3 417 1166 1165 
3 1166 1163 1165 
3 1164 417 1165 
3 1167 760 244 
3 243 1168 244 
3 1168 1167 244 
3 867 866 954 
3 773 645 1169 
3 645 431 1169 
3 627 773 1169 
3 431 627 1169 
3 560 558 1170 
3 557 560 1170 
3 558 495 1170 
3 495 557 1170 
3 1003 999 1171 
3 928 1003 1171 
3 999 920 1171 
3 920 928 1171 
3 1172 1144 1173 
3 1174 1172 1173 
3 1144 1175 1173 
3 1175 1174 1173 
3 1176 454 1177 
3 1178 1176 1177 
3 454 1028 1177 
3 1028 1178 1177 
3 659 665 1179 
3 665 628 1179 
3 518 659 1179 
3 628 518 1179 
3 930 132 1180 
3 132 958 1180 
3 957 930 1180 
3 958 957 1180 
3 50 64 1181 
3 64 552 1181 
3 48 50 1181 
3 552 48 1181 
3 139 141 1182 
3 141 114 1182 
3 110 139 1182 
3 114 110 1182 
3 966 965 1183 
3 793 966 1183 
3 965 884 1183 
3 884 793 1183 
3 972 970 1184 
3 889 972 1184 
3 970 888 1184 
3 888 889 1184 
3 675 347 1185 
3 1121 1120 1060 
3 1120 1121 1186 
3 1187 1120 1186 
3 1118 1120 1187 
3 1122 1121 1058 
3 1121 1122 1188 
3 1186 1121 1188 
3 1189 1122 1137 
3 1122 1189 1188 
3 1190 1137 1150 
3 1161 1103 858 
3 1191 1150 1161 
3 1192 1161 598 
3 904 675 1185 
3 347 531 1185 
3 531 904 1185 
3 545 309 1193 
3 309 474 1193 
3 466 545 1193 
3 474 466 1193 
3 554 751 1194 
3 751 935 1194 
3 489 554 1194 
3 935 489 1194 
3 998 649 1195 
3 649 924 1195 
3 922 998 1195 
3 924 922 1195 
3 137 136 1196 
3 25 103 1196 
3 136 25 1196 
3 103 137 1196 
3 1125 1124 1119 
3 1124 1125 1197 
3 1124 1198 1123 
3 1198 1124 1197 
3 1125 1118 1187 
3 1199 1125 1187 
3 1125 1199 1197 
3 1200 1187 1186 
3 1201 1186 1188 
3 1202 1001 1203 
3 307 1204 1203 
3 1204 1202 1203 
3 1001 307 1203 
3 0 8 1205 
3 49 1 1205 
3 8 49 1205 
3 1 0 1205 
3 711 710 1206 
3 879 974 1206 
3 974 711 1206 
3 710 879 1206 
3 796 887 1207 
3 877 795 1207 
3 887 877 1207 
3 795 796 1207 
3 348 796 1208 
3 795 346 1208 
3 796 795 1208 
3 346 348 1208 
3 847 752 1209 
3 742 833 1209 
3 833 847 1209 
3 752 742 1209 
3 967 835 1210 
3 700 968 1210 
3 968 967 1210 
3 835 700 1210 
3 1211 1065 1212 
3 1001 1202 1212 
3 1202 1211 1212 
3 1065 1001 1212 
3 1198 1127 1123 
3 1127 1198 1213 
3 1127 1214 1126 
3 1214 1127 1213 
3 1215 1198 1197 
3 1198 1215 1213 
3 667 100 1216 
3 784 674 1216 
3 100 784 1216 
3 674 667 1216 
3 975 929 1217 
3 923 826 1217 
3 929 923 1217 
3 826 975 1217 
3 740 975 1218 
3 826 734 1218 
3 975 826 1218 
3 734 740 1218 
3 286 938 1219 
3 792 102 1219 
3 938 792 1219 
3 102 286 1219 
3 968 700 1220 
3 925 1000 1220 
3 1000 968 1220 
3 700 925 1220 
3 925 303 1221 
3 825 921 1221 
3 921 925 1221 
3 303 825 1221 
3 959 364 1222 
3 869 956 1222 
3 956 959 1222 
3 364 869 1222 
3 60 59 1223 
3 755 778 1223 
3 778 60 1223 
3 59 755 1223 
3 59 781 1224 
3 776 755 1224 
3 755 59 1224 
3 1214 1129 1126 
3 1129 1214 1225 
3 1129 1131 1128 
3 1131 1129 1225 
3 1226 1214 1213 
3 1214 1226 1225 
3 625 842 844 
3 781 776 1224 
3 29 1227 1228 
3 711 30 1228 
3 30 29 1228 
3 1227 711 1228 
3 877 969 1229 
3 938 286 1229 
3 969 938 1229 
3 286 877 1229 
3 1078 779 1230 
3 959 1079 1230 
3 1079 1078 1230 
3 779 959 1230 
3 135 137 1231 
3 103 20 1231 
3 137 103 1231 
3 20 135 1231 
3 748 1005 1232 
3 1002 929 1232 
3 1005 1002 1232 
3 929 748 1232 
3 307 306 1233 
3 1234 455 1233 
3 455 307 1233 
3 306 1234 1233 
3 847 833 933 
3 1130 1131 1235 
3 1236 1131 1225 
3 1131 1236 1235 
3 1133 1235 1237 
3 1133 1130 1235 
3 1133 1135 1132 
3 1135 1133 1237 
3 1235 1238 1237 
3 1135 1237 1239 
3 1135 1136 1134 
3 1136 1135 1239 
3 1237 1240 1239 
3 1241 874 1136 
3 1242 1136 1239 
3 1136 1242 1241 
3 1241 1168 875 
3 874 1241 875 
3 1168 243 875 
3 152 163 162 
3 1241 1243 1168 
3 360 362 416 
3 714 813 715 
3 1168 1244 1167 
3 760 1167 187 
3 185 187 1167 
3 673 683 682 
3 36 35 52 
3 663 642 644 
3 452 992 1245 
3 992 1246 1245 
3 1246 992 991 
3 1245 1148 453 
3 452 1245 453 
3 1148 451 453 
3 1245 1247 1148 
3 703 702 409 
3 1148 1248 370 
3 370 1249 571 
3 1190 1189 1137 
3 1189 1190 1250 
3 1251 1189 1250 
3 1188 1189 1251 
3 1191 1190 1150 
3 1190 1191 1252 
3 1250 1190 1252 
3 1253 1191 1192 
3 1254 945 1255 
3 1254 1255 1253 
3 1200 1199 1187 
3 1199 1200 1256 
3 1199 1257 1197 
3 1257 1199 1256 
3 1201 1200 1186 
3 1200 1201 1258 
3 1256 1200 1258 
3 1201 1188 1251 
3 1259 1201 1251 
3 1201 1259 1258 
3 1260 1251 1250 
3 1261 1250 1252 
3 597 1254 1253 
3 1257 1215 1197 
3 1215 1257 1262 
3 1263 1215 1262 
3 1213 1215 1263 
3 1264 1257 1256 
3 1257 1264 1262 
3 1265 1256 1258 
3 1226 1263 1266 
3 1226 1213 1263 
3 1226 1267 1225 
3 1267 1226 1266 
3 1263 1268 1266 
3 1268 1263 1262 
3 1267 1236 1225 
3 1236 1267 1269 
3 1236 1238 1235 
3 1238 1236 1269 
3 1270 1267 1266 
3 1267 1270 1269 
3 1238 1269 1271 
3 1238 1240 1237 
3 1240 1238 1271 
3 1269 1272 1271 
3 543 467 465 
3 1239 1240 1273 
3 1274 1240 1271 
3 1240 1274 1273 
3 1242 1273 1275 
3 1242 1239 1273 
3 1242 1243 1241 
3 1243 1242 1275 
3 1273 1276 1275 
3 1243 1275 1277 
3 1243 1244 1168 
3 1244 1243 1277 
3 1275 1278 1277 
3 1244 1277 1279 
3 1244 185 1167 
3 185 1244 1279 
3 1277 1280 1279 
3 116 202 117 
3 185 1279 1281 
3 186 185 1281 
3 1279 1282 1281 
3 813 716 715 
3 304 699 736 
3 1246 1283 1284 
3 1246 991 1283 
3 1283 1285 1284 
3 1247 1284 1286 
3 1284 1287 1286 
3 1286 1288 1289 
3 370 1248 1249 
3 1246 1247 1245 
3 1247 1246 1284 
3 1247 1248 1148 
3 1248 1247 1286 
3 371 370 571 
3 1248 1289 1290 
3 1260 1259 1251 
3 1259 1260 1291 
3 1292 1259 1291 
3 1258 1259 1292 
3 1261 1260 1250 
3 1260 1261 1293 
3 1291 1260 1293 
3 945 1261 1252 
3 1261 945 1294 
3 1293 1261 1294 
3 946 945 1254 
3 1294 945 944 
3 1265 1264 1256 
3 1264 1265 1295 
3 1264 1296 1262 
3 1296 1264 1295 
3 1265 1292 1297 
3 1265 1258 1292 
3 1295 1265 1297 
3 1292 1298 1297 
3 1298 1292 1291 
3 1299 1291 1293 
3 1300 1293 1294 
3 1301 1294 944 
3 1296 1268 1262 
3 1268 1296 1302 
3 1268 1303 1266 
3 1303 1268 1302 
3 1304 1296 1295 
3 1296 1304 1302 
3 1305 1295 1297 
3 1306 1288 1307 
3 1303 1270 1266 
3 1270 1303 1308 
3 1270 1272 1269 
3 1272 1270 1308 
3 1309 1303 1302 
3 1303 1309 1308 
3 1272 1308 1310 
3 1311 1272 1310 
3 1271 1272 1311 
3 1308 1312 1310 
3 699 304 303 
3 168 412 363 
3 1274 1311 1313 
3 1274 1271 1311 
3 1274 1276 1273 
3 1276 1274 1313 
3 1311 1314 1313 
3 1314 1311 1310 
3 1276 1313 1315 
3 1276 1278 1275 
3 1278 1276 1315 
3 1313 1316 1315 
3 406 477 610 
3 609 350 406 
3 660 548 542 
3 548 540 542 
3 1278 1315 1317 
3 1278 1280 1277 
3 1280 1278 1317 
3 1315 1318 1317 
3 727 714 662 
3 541 727 662 
3 1280 1317 1319 
3 1280 1282 1279 
3 1282 1280 1319 
3 1317 402 1319 
3 832 643 716 
3 402 1320 1319 
3 520 519 671 
3 972 720 719 
3 720 838 839 
3 971 613 838 
3 972 971 838 
3 720 972 838 
3 601 1104 603 
3 1191 1161 1192 
3 994 134 133 
3 794 666 346 
3 288 287 247 
3 1287 939 1321 
3 939 221 1321 
3 1288 1321 1307 
3 1321 1322 1307 
3 1285 1287 1284 
3 1287 1285 939 
3 1287 1288 1286 
3 1288 1287 1321 
3 1288 1306 1323 
3 1299 1298 1291 
3 1298 1299 1324 
3 1298 1325 1297 
3 1325 1298 1324 
3 1300 1299 1293 
3 1299 1300 1326 
3 1324 1299 1326 
3 1301 1300 1294 
3 1300 1301 1327 
3 1326 1300 1327 
3 1328 1301 944 
3 1301 1328 1329 
3 1327 1301 1329 
3 1329 1328 1330 
3 1305 1304 1295 
3 1304 1305 1331 
3 1304 1332 1302 
3 1332 1304 1331 
3 1325 1305 1297 
3 1305 1325 1333 
3 1331 1305 1333 
3 1325 1324 1334 
3 1333 1325 1334 
3 1324 1335 1334 
3 1335 1324 1326 
3 1336 1326 1327 
3 1337 1327 1329 
3 1338 1330 746 
3 1338 1329 1330 
3 1332 1309 1302 
3 1309 1332 1339 
3 1309 1312 1308 
3 1312 1309 1339 
3 1332 1331 1340 
3 1339 1332 1340 
3 1331 1341 1340 
3 1341 1331 1333 
3 1342 1333 1334 
3 910 850 988 
3 1312 1339 1343 
3 1312 1344 1310 
3 1344 1312 1343 
3 1339 1345 1343 
3 1345 1339 1340 
3 1344 1314 1310 
3 1314 1344 1346 
3 1314 1316 1313 
3 1316 1314 1346 
3 1344 1343 1347 
3 1346 1344 1347 
3 1343 1348 1347 
3 1316 1346 1349 
3 1316 1318 1315 
3 1318 1316 1349 
3 1346 1350 1349 
3 1350 1346 1347 
3 1318 1349 403 
3 1318 402 1317 
3 402 1318 403 
3 1349 1351 403 
3 403 1352 404 
3 1320 402 1353 
3 404 1352 1354 
3 840 1355 841 
3 1356 1357 1358 
3 1158 1356 1358 
3 1322 1359 1360 
3 1359 1361 1360 
3 1362 1360 1363 
3 926 927 1363 
3 1360 926 1363 
3 221 940 222 
3 221 1322 1321 
3 1322 221 1359 
3 1322 1362 1307 
3 1362 1322 1360 
3 1336 1335 1326 
3 1335 1336 1155 
3 1335 1364 1334 
3 1364 1335 1155 
3 1337 1336 1327 
3 1336 1337 913 
3 1155 1336 913 
3 1338 1337 1329 
3 1337 1338 745 
3 913 1337 745 
3 745 1338 746 
3 684 681 683 
3 1342 1341 1333 
3 1341 1342 33 
3 1341 1365 1340 
3 1365 1341 33 
3 1364 1342 1334 
3 1342 1364 1366 
3 33 1342 1366 
3 1155 1153 1364 
3 1366 1364 1153 
3 745 936 914 
3 913 745 914 
3 936 646 914 
3 831 836 931 
3 936 744 1367 
3 1365 1345 1340 
3 1345 1365 1140 
3 1345 1348 1343 
3 1348 1345 1140 
3 1365 33 32 
3 1140 1365 32 
3 1366 1368 34 
3 33 1366 34 
3 1368 32 34 
3 1366 40 1368 
3 40 1366 1153 
3 41 1153 912 
3 1031 1367 1369 
3 1031 936 1367 
3 1348 1140 1139 
3 1348 555 1347 
3 555 1348 1139 
3 32 1370 1141 
3 1140 32 1141 
3 1370 1139 1141 
3 32 1107 1370 
3 1107 32 1368 
3 1178 1028 1369 
3 555 1350 1347 
3 1350 555 418 
3 1350 1351 1349 
3 1351 1350 418 
3 555 1139 556 
3 646 912 914 
3 1139 1048 556 
3 1048 1139 1370 
3 1351 418 417 
3 1351 1352 403 
3 1352 1351 417 
3 556 1166 419 
3 418 556 419 
3 1166 417 419 
3 93 95 94 
3 556 1045 1166 
3 1352 417 1164 
3 1371 1354 1372 
3 1372 1164 624 
3 1164 1163 625 
3 91 399 450 
3 1166 122 1163 
3 1163 1373 842 
3 1374 633 632 
3 1374 1375 655 
3 635 616 617 
3 1373 1374 632 
3 964 963 1091 
3 618 1375 619 
3 633 1374 655 
3 1144 1172 1376 
3 1034 622 621 
3 622 1159 565 
3 951 563 564 
3 1114 369 1142 
3 1159 1158 565 
3 622 1034 1159 
3 1159 829 830 
3 20 22 128 
3 178 690 179 
3 691 690 1377 
3 1378 1376 1377 
3 690 1378 1377 
3 425 427 497 
3 181 191 180 
3 1358 1355 840 
3 1356 1158 1152 
3 1361 1152 689 
3 689 691 927 
3 1356 223 1357 
3 1356 1361 1359 
3 1361 1356 1152 
3 1361 926 1360 
3 926 1361 689 
3 1158 566 565 
3 1375 618 655 
3 299 349 351 
3 155 154 853 
3 300 358 349 
3 358 350 349 
3 350 609 351 
3 357 358 300 
3 298 358 357 
3 288 298 357 
3 289 288 357 
3 586 892 587 
3 892 805 587 
3 1067 577 589 
3 613 971 614 
3 971 891 614 
3 892 586 611 
3 848 892 611 
3 843 632 634 
3 1115 635 534 
3 1068 1115 534 
3 1112 1082 580 
3 1082 1068 580 
3 41 40 1153 
3 1108 40 42 
3 40 1108 1368 
3 373 1067 589 
3 41 1379 42 
3 1082 1112 578 
3 1067 1082 578 
3 646 41 912 
3 374 373 589 
3 1379 41 647 
3 1379 1108 42 
3 646 1029 647 
3 1112 580 581 
3 1031 646 936 
3 962 1082 1067 
3 97 125 127 
3 1029 1379 647 
3 126 127 584 
3 175 466 468 
3 1373 843 842 
3 1028 1031 1369 
3 200 845 846 
3 125 96 201 
3 96 95 201 
3 95 192 845 
3 200 95 845 
3 1108 1107 1368 
3 1047 1107 1109 
3 1107 1047 1370 
3 1108 1380 1109 
3 1108 1379 6 
3 1380 1047 1109 
3 1380 1108 6 
3 1379 1029 1234 
3 6 1379 1234 
3 1029 1028 455 
3 1234 1029 455 
3 1028 454 455 
3 622 565 567 
3 1381 621 623 
3 471 478 640 
3 1047 1048 1370 
3 1048 1045 556 
3 1382 712 1383 
3 1047 1380 880 
3 1044 1047 880 
3 1380 6 5 
3 880 1380 5 
3 1234 306 7 
3 6 1234 7 
3 306 5 7 
3 13 14 12 
3 304 736 305 
3 454 1176 1204 
3 307 454 1204 
3 1176 1384 1204 
3 614 973 615 
3 625 1163 842 
3 1045 122 1166 
3 1044 880 879 
3 123 1044 879 
3 5 974 881 
3 880 5 881 
3 974 879 881 
3 14 22 21 
3 753 364 960 
3 96 71 94 
3 1204 1384 1202 
3 9 25 24 
3 1384 1385 1202 
3 601 603 605 
3 1386 122 124 
3 122 1386 1163 
3 123 1382 124 
3 1249 572 571 
3 1290 572 1249 
3 1289 1323 1290 
3 1382 1386 124 
3 1382 123 710 
3 1323 572 1290 
3 1288 1323 1289 
3 1248 1290 1249 
3 574 1142 575 
3 651 15 777 
3 30 711 918 
3 1001 308 307 
3 1202 1385 1211 
3 1175 1065 1211 
3 1385 1174 1211 
3 1386 1382 1374 
3 469 410 480 
3 369 371 575 
3 712 1382 710 
3 1375 1382 1383 
3 1382 1375 1374 
3 712 1037 1383 
3 712 711 1227 
3 0 79 80 
3 1037 1375 1383 
3 1037 712 1227 
3 733 825 732 
3 29 1036 1227 
3 1065 1175 1387 
3 1143 29 1387 
3 1065 1387 31 
3 30 1065 31 
3 1387 29 31 
3 128 99 130 
3 1174 1175 1211 
3 1175 1144 1387 
3 1080 1076 1113 
3 1375 1037 1388 
3 1036 1037 1227 
3 1037 1034 1388 
3 1143 1036 29 
3 829 1036 1146 
3 1143 178 1146 
3 1144 1143 1387 
3 178 1143 1145 
3 178 829 1146 
3 1144 1378 1145 
3 1020 62 1038 
3 1378 1144 1376 
3 1378 178 1145 
3 1034 829 1159 
3 829 178 177 
3 178 1378 690 
3 1142 574 616 
3 1248 1286 1289 
3 1388 1381 619 
3 1375 1388 619 
3 619 1381 620 
3 1381 1388 621 
3 1388 1034 621 
3 653 718 654 
3 652 713 653 
3 843 1373 632 
3 493 718 653 
3 1386 1374 1373 
3 1163 1386 1373 
3 472 548 539 
3 548 660 539 
3 637 536 638 
3 536 143 212 
3 143 129 212 
3 143 536 637 
3 153 143 637 
3 478 473 639 
3 477 469 471 
3 154 153 637 
3 472 538 473 
3 595 220 596 
3 597 1192 598 
3 597 1253 1192 
3 1255 1191 1253 
3 1161 858 598 
3 945 1252 1255 
3 1252 1191 1255 
3 1103 1104 600 
3 858 1103 600 
3 598 858 599 
3 655 618 656 
3 1371 624 626 
3 1371 1372 624 
3 1352 1164 1372 
3 1354 1352 1372 
3 1371 1353 1354 
3 1353 404 1354 
3 1164 625 624 
3 1353 402 404 
3 464 75 345 
3 75 343 345 
3 344 343 657 
3 343 342 657 
3 355 293 342 
3 343 355 342 
3 342 292 657 
3 355 352 293 
3 355 291 352 
3 291 282 352 
3 282 284 352 
3 372 374 563 
3 955 372 563 
3 953 868 955 
3 868 372 955 
3 951 955 563 
3 950 868 953 
3 952 865 950 
3 865 864 950 
3 1158 1358 840 
3 566 1158 840 
3 1357 1355 1358 
3 223 222 1357 
3 222 1355 1357 
3 1356 1359 223 
3 1359 221 223 
3 374 589 590 
3 594 233 595 
3 163 220 595 
3 594 232 233 
3 594 234 232 
3 234 236 232 
3 235 231 236 
3 231 224 236 
3 1389 1390 1391 
3 1392 1389 1391 
3 1393 1394 1390 
3 1395 1394 1393 
3 1396 1397 1398 
3 1399 1400 1395 
3 1401 1400 1402 
3 1389 1403 1393 
3 1394 1404 1405 
3 1406 1407 1408 
3 1409 1410 1411 
3 1407 1412 1413 
3 1414 1415 1416 
3 1417 1414 1416 
3 1418 1419 1420 
3 1421 1422 1423 
3 1424 1425 1426 
3 1427 1428 1429 
3 1430 1431 1432 
3 1433 1434 1435 
3 1436 1437 1438 
3 1439 1440 1441 
3 1442 1443 1444 
3 1445 1446 1447 
3 1448 1449 1450 
3 1451 1452 1453 
3 1454 1455 1456 
3 1457 1458 1459 
3 1457 1459 1460 
3 1461 1458 1457 
3 1460 1462 1457 
3 1462 1460 1463 
3 1464 1465 1466 
3 1467 1468 1469 
3 1470 1471 1463 
3 1471 1470 1465 
3 1472 1473 1474 
3 1475 1464 1476 
3 1468 1477 1478 
3 1479 1480 1481 
3 1434 1482 1483 
3 1484 1485 1486 
3 1458 1461 1487 
3 1487 1488 1489 
3 1490 1491 1492 
3 1487 1461 1493 
3 1463 1471 1494 
3 1495 1496 1497 
3 1471 1498 1494 
3 1458 1487 1499 
3 1493 1461 1500 
3 1501 1502 1503 
3 1504 1467 1505 
3 1506 1471 1507 
3 1464 1508 1509 
3 1465 1464 1509 
3 1508 1510 1509 
3 1511 1512 1513 
3 1495 1514 1515 
3 1516 1517 1518 
3 1517 1504 1519 
3 1471 1465 1507 
3 1520 1489 1521 
3 1493 1522 1523 
3 1493 1523 1524 
3 1487 1493 1524 
3 1523 1488 1524 
3 1525 1522 1498 
3 1522 1525 1526 
3 1523 1522 1526 
3 1523 1527 1528 
3 1529 1514 1530 
3 1499 1487 1489 
3 1469 1508 1467 
3 1519 1504 1505 
3 1531 1532 1533 
3 1488 1523 1528 
3 1534 1535 1536 
3 1537 1526 1477 
3 1538 1539 1540 
3 1526 1537 1541 
3 1523 1526 1541 
3 1537 1527 1541 
3 1510 1465 1509 
3 1537 1477 1535 
3 1468 1467 1542 
3 1469 1468 1543 
3 1544 1545 1546 
3 1547 1527 1548 
3 1549 1547 1548 
3 1535 1534 1549 
3 1534 1547 1549 
3 1550 1536 1551 
3 1552 1553 1554 
3 1483 1555 1556 
3 1557 1558 1559 
3 1454 1553 1552 
3 1560 1482 1561 
3 1455 1562 1563 
3 1553 1454 1564 
3 1475 1565 1516 
3 1516 1558 1566 
3 1558 1516 1567 
3 1568 1569 1570 
3 1571 1558 1572 
3 1573 1574 1575 
3 1576 1577 1454 
3 1577 1578 1579 
3 1464 1517 1519 
3 1566 1517 1516 
3 1498 1493 1500 
3 1566 1558 1571 
3 1566 1571 1580 
3 1581 1571 1582 
3 1583 1584 1585 
3 1586 1587 1588 
3 1586 1589 1587 
3 1406 1590 1591 
3 1532 1592 1593 
3 1592 1578 1593 
3 1594 1595 1596 
3 1592 1532 1597 
3 1504 1598 1599 
3 1504 1599 1600 
3 1467 1600 1601 
3 1598 1571 1581 
3 1581 1599 1598 
3 1602 1603 1604 
3 1605 1606 1607 
3 1410 1581 1608 
3 1609 1595 1610 
3 1597 1595 1594 
3 1595 1611 1612 
3 1595 1597 1610 
3 1599 1613 1614 
3 1615 1437 1616 
3 1600 1599 1614 
3 1613 1617 1618 
3 1614 1613 1618 
3 1619 1620 1621 
3 1619 1622 1620 
3 1410 1623 1624 
3 1595 1625 1611 
3 1611 1625 1626 
3 1627 1628 1629 
3 1545 1630 1631 
3 1632 1612 1633 
3 1547 1634 1635 
3 1636 1637 1638 
3 1639 1631 1640 
3 1467 1504 1600 
3 1418 1641 1642 
3 1641 1418 1420 
3 1536 1418 1642 
3 1418 1536 1643 
3 1644 1645 1646 
3 1613 1622 1647 
3 1648 1649 1650 
3 1527 1547 1544 
3 1634 1651 1652 
3 1653 1654 1655 
3 1652 1651 1656 
3 1641 1645 1657 
3 1658 1641 1657 
3 1659 1651 1660 
3 1661 1636 1419 
3 1636 1662 1419 
3 1662 1636 1663 
3 1648 1637 1649 
3 1637 1636 1649 
3 1544 1547 1635 
3 1427 1645 1644 
3 1664 1427 1644 
3 1663 1428 1664 
3 1454 1665 1455 
3 1554 1666 1667 
3 1668 1669 1670 
3 1669 1671 1670 
3 1672 1655 1673 
3 1674 1675 1676 
3 1677 1678 1679 
3 1680 1681 1682 
3 1632 1633 1683 
3 1684 1685 1686 
3 1687 1688 1689 
3 1690 1691 1692 
3 1693 1694 1695 
3 1696 1697 1698 
3 1397 1699 1398 
3 1700 1701 1702 
3 1703 1704 1705 
3 1484 1703 1705 
3 1706 1707 1708 
3 1709 1710 1711 
3 1712 1713 1714 
3 1715 1716 1717 
3 1718 1712 1714 
3 1719 1720 1721 
3 1720 1722 1721 
3 1723 1724 1725 
3 1666 1554 1726 
3 1727 1723 1725 
3 1666 1726 1728 
3 1729 1730 1731 
3 1574 1732 1733 
3 1392 1666 1734 
3 1730 1735 1731 
3 1736 1733 1737 
3 1738 1739 1740 
3 1739 1741 1740 
3 1742 1694 1693 
3 1743 1742 1693 
3 1744 1745 1743 
3 1745 1742 1743 
3 1479 1678 1677 
3 1746 1479 1677 
3 1747 1748 1749 
3 1750 1557 1751 
3 1557 1559 1752 
3 1424 1753 1754 
3 1755 1479 1746 
3 1756 1755 1746 
3 1680 1757 1681 
3 1758 1677 1679 
3 1758 1746 1677 
3 1759 1681 1757 
3 1655 1760 1673 
3 1675 1761 1762 
3 1674 1763 1675 
3 1763 1761 1675 
3 1763 1764 1761 
3 1764 1615 1761 
3 1612 1611 1633 
3 1611 1765 1633 
3 1632 1596 1612 
3 1728 1574 1733 
3 1732 1574 1766 
3 1767 1768 1769 
3 1539 1732 1766 
3 1770 1680 1682 
3 1596 1595 1612 
3 1633 1765 1683 
3 1684 1771 1685 
3 1772 1773 1771 
3 1774 1772 1771 
3 1684 1774 1771 
3 1771 1773 1685 
3 1479 1481 1775 
3 1776 1773 1777 
3 1773 1778 1779 
3 1653 1672 1780 
3 1765 1611 1781 
3 1782 1783 1690 
3 1688 1784 1689 
3 1782 1435 1783 
3 1750 1751 1785 
3 1539 1573 1540 
3 1611 1626 1781 
3 1786 1787 1788 
3 1789 1790 1791 
3 1787 1557 1788 
3 1739 1732 1539 
3 1792 1540 1589 
3 1581 1582 1608 
3 1793 1794 1795 
3 1796 1797 1798 
3 1799 1667 1800 
3 1801 1802 1803 
3 1434 1804 1783 
3 1805 1806 1807 
3 1586 1792 1589 
3 1779 1808 1809 
3 1773 1779 1777 
3 1596 1632 1802 
3 1810 1741 1811 
3 1655 1654 1760 
3 1653 1639 1654 
3 1639 1812 1654 
3 1405 1813 1814 
3 1812 1760 1654 
3 1405 1404 1813 
3 1808 1815 1816 
3 1815 1817 1816 
3 1818 1770 1819 
3 1404 1818 1813 
3 1817 1784 1816 
3 1701 1405 1814 
3 1813 1818 1819 
3 1556 1396 1820 
3 1691 1804 1821 
3 1804 1483 1822 
3 1822 1556 1820 
3 1581 1410 1624 
3 1617 1613 1647 
3 1823 1824 1825 
3 1826 1827 1828 
3 1829 1619 1623 
3 1830 1824 1831 
3 1824 1637 1825 
3 1831 1823 1829 
3 1640 1832 1812 
3 1672 1653 1655 
3 1656 1833 1834 
3 1637 1824 1835 
3 1617 1648 1650 
3 1836 1837 1696 
3 1838 1836 1696 
3 1636 1638 1663 
3 1696 1837 1697 
3 1839 1697 1837 
3 1840 1841 1842 
3 1843 1637 1835 
3 1844 1845 1846 
3 1847 1836 1848 
3 1824 1830 1849 
3 1830 1850 1849 
3 1851 1651 1659 
3 1852 1833 1853 
3 1427 1854 1855 
3 1856 1857 1854 
3 1645 1427 1855 
3 1429 1858 1859 
3 1443 1860 1444 
3 1861 1856 1862 
3 1863 1864 1865 
3 1843 1866 1867 
3 1857 1868 1852 
3 1857 1856 1869 
3 1870 1857 1869 
3 1871 1872 1873 
3 1558 1710 1559 
3 1391 1390 1874 
3 1875 1876 1404 
3 1877 1878 1879 
3 1555 1880 1881 
3 1880 1424 1568 
3 1483 1556 1822 
3 1403 1395 1393 
3 1882 1883 1884 
3 1871 1403 1885 
3 1400 1875 1886 
3 1403 1399 1395 
3 1887 1425 1888 
3 1888 1424 1880 
3 1425 1889 1426 
3 1609 1545 1631 
3 1482 1560 1887 
3 1739 1871 1732 
3 1872 1871 1738 
3 1872 1399 1873 
3 1735 1890 1731 
3 1891 1793 1892 
3 1893 1894 1895 
3 1539 1741 1739 
3 1741 1896 1740 
3 1896 1872 1738 
3 1896 1738 1740 
3 1897 1898 1794 
3 1894 1889 1895 
3 1899 1897 1900 
3 1901 1764 1480 
3 1853 1833 1851 
3 1741 1539 1811 
3 1811 1539 1538 
3 1902 1741 1810 
3 1793 1897 1794 
3 1828 1410 1409 
3 1903 1826 1904 
3 1899 1905 1906 
3 1906 1905 1907 
3 1905 1908 1907 
3 1826 1909 1910 
3 1911 1909 1912 
3 1903 1904 1913 
3 1830 1909 1850 
3 1909 1840 1850 
3 1841 1866 1842 
3 1842 1866 1914 
3 1915 1864 1916 
3 1428 1865 1917 
3 1918 1915 1919 
3 1571 1572 1582 
3 1915 1920 1921 
3 1921 1922 1923 
3 1866 1841 1867 
3 1924 1925 1926 
3 1827 1826 1910 
3 1908 1903 1913 
3 1927 1928 1924 
3 1925 1863 1926 
3 1703 1484 1929 
3 1930 1931 1932 
3 1933 1870 1934 
3 1861 1935 1856 
3 1923 1922 1936 
3 1922 1937 1938 
3 1920 1915 1939 
3 1864 1915 1921 
3 1484 1940 1929 
3 1818 1876 1757 
3 1394 1875 1404 
3 1759 1941 1715 
3 1942 1435 1943 
3 1434 1483 1804 
3 1944 1945 1946 
3 1395 1400 1886 
3 1425 1424 1888 
3 1482 1947 1561 
3 1948 1560 1561 
3 1400 1399 1402 
3 1389 1393 1390 
3 1893 1560 1949 
3 1560 1948 1949 
3 1947 1948 1561 
3 1872 1950 1951 
3 1872 1952 1950 
3 1953 1954 1955 
3 1896 1450 1952 
3 1956 1894 1957 
3 1958 1959 1956 
3 1902 1448 1960 
3 1961 1473 1450 
3 1960 1896 1962 
3 1963 1905 1964 
3 1897 1793 1900 
3 1958 1965 1959 
3 1436 1966 1967 
3 1968 1969 1970 
3 1971 1972 1973 
3 1397 1881 1699 
3 1838 1696 1698 
3 1974 1839 1837 
3 1880 1699 1881 
3 1694 1742 1975 
3 1556 1555 1881 
3 1742 1976 1847 
3 1763 1674 1977 
3 1976 1836 1847 
3 1480 1763 1481 
3 1978 1405 1700 
3 1405 1701 1700 
3 1390 1394 1978 
3 1937 1979 1980 
3 1394 1405 1978 
3 1488 1532 1521 
3 1489 1488 1521 
3 1981 1982 1983 
3 1984 1981 1983 
3 1874 1700 1702 
3 1703 1985 1704 
3 1986 1485 1987 
3 1988 1986 1987 
3 1989 1485 1704 
3 1412 1989 1985 
3 1990 1991 1992 
3 1993 1990 1992 
3 1994 1417 1995 
3 1417 1591 1995 
3 1996 1997 1998 
3 1997 1965 1998 
3 1966 1999 2000 
3 2001 1966 2000 
3 2002 2003 2004 
3 2003 2005 2004 
3 2006 2007 2008 
3 2007 2009 2008 
3 2010 2011 2012 
3 2011 2013 2012 
3 2014 2015 2016 
3 2017 2014 2016 
3 2018 2019 2020 
3 2021 2018 2020 
3 2022 2023 2024 
3 2025 2022 2024 
3 2026 2027 2028 
3 2029 2030 2031 
3 2027 2032 2028 
3 1514 2033 1718 
3 1713 1514 1714 
3 1514 1529 2033 
3 1529 2034 2033 
3 2035 2036 2037 
3 2036 1712 2037 
3 2038 2029 2039 
3 2029 2040 2039 
3 1722 2041 1721 
3 2042 2043 1724 
3 2044 2043 2042 
3 2045 2044 2042 
3 1723 2046 2047 
3 2046 2048 2047 
3 1730 2049 1735 
3 1911 1903 2050 
3 2051 1911 2050 
3 1911 2052 2053 
3 2054 1511 2013 
3 2055 2056 2049 
3 2052 1911 2057 
3 1890 2056 2058 
3 2059 2052 2057 
3 2056 2060 2058 
3 2061 2062 2063 
3 2062 1882 2063 
3 2064 2065 2066 
3 1971 2064 2066 
3 1950 1472 1951 
3 1472 1399 1951 
3 1889 1891 1892 
3 1750 1889 1892 
3 1634 1658 1657 
3 1645 1634 1657 
3 1526 1525 1478 
3 1477 1526 1478 
3 1476 1464 1466 
3 2067 1476 1466 
3 2052 1928 1927 
3 1928 1925 1924 
3 1925 1928 2068 
3 1928 2069 2068 
3 2070 2069 2071 
3 2072 1684 2073 
3 1925 2068 2074 
3 2075 2076 2077 
3 1669 1668 2078 
3 2079 2080 2081 
3 1811 2082 2083 
3 2084 2075 2085 
3 2069 1928 2086 
3 2087 2088 2089 
3 2088 2079 2089 
3 1937 1922 1920 
3 2090 2085 2091 
3 1750 1793 1795 
3 1979 2092 1980 
3 1742 1847 1975 
3 2093 2094 2095 
3 1808 1687 1809 
3 1894 2096 1957 
3 1667 1392 1800 
3 1665 1552 2097 
3 1810 1811 2083 
3 1510 1525 1506 
3 2098 2084 2090 
3 2099 2100 2101 
3 1868 1933 2102 
3 2103 2104 2105 
3 2082 2106 2107 
3 1802 1632 2108 
3 2109 2110 2111 
3 1878 2112 1879 
3 1392 1391 2113 
3 2114 1567 2115 
3 1784 2116 2117 
3 2118 1432 2119 
3 2120 2121 2122 
3 2123 2120 2122 
3 2124 2125 2126 
3 1671 2124 2127 
3 1697 2128 2129 
3 2130 2131 2132 
3 1716 2133 2134 
3 2135 2136 2137 
3 2121 2138 2139 
3 1681 1715 1717 
3 2140 2141 2142 
3 2128 1668 2143 
3 1770 1818 1680 
3 1502 2144 1503 
3 2145 2146 2147 
3 2148 2149 2150 
3 1972 1971 2151 
3 2065 2151 2066 
3 1488 1487 1524 
3 2152 2153 2154 
3 2155 2154 2156 
3 2154 2155 2152 
3 2157 2153 2158 
3 2152 2159 2158 
3 2160 2006 2161 
3 2162 2163 2164 
3 2165 2166 2167 
3 2136 2168 1972 
3 2165 1716 2169 
3 1428 1917 1429 
3 2170 2171 2172 
3 2173 2174 2175 
3 2176 2177 2178 
3 2173 2175 2130 
3 1943 1435 1782 
3 2173 2130 2132 
3 1480 1764 1763 
3 2179 2180 2181 
3 2182 2062 2183 
3 2184 2165 2185 
3 1468 1525 1543 
3 2186 1942 2187 
3 2164 2188 2189 
3 2190 2191 2192 
3 2193 1941 1759 
3 2193 2182 2194 
3 1941 2194 2195 
3 2196 2182 2193 
3 2197 2182 2196 
3 1942 1433 1435 
3 2198 2199 2200 
3 2200 1942 2186 
3 2201 1434 1433 
3 2201 1947 2202 
3 2025 1947 2201 
3 2197 1401 2203 
3 2025 2204 2205 
3 2062 2182 2206 
3 1607 2197 2203 
3 2204 1948 2205 
3 2207 1942 1943 
3 1747 1529 1497 
3 1472 2208 2209 
3 2210 1890 2211 
3 2096 1948 2212 
3 1535 1477 1468 
3 2213 1963 2214 
3 1764 1423 1615 
3 2215 2009 2216 
3 2138 1756 1758 
3 1948 2204 2212 
3 2208 1472 1474 
3 1473 2210 1474 
3 1473 1961 2210 
3 1474 2210 2211 
3 1965 1958 2217 
3 2218 2219 2217 
3 2121 2148 2138 
3 1961 1450 2220 
3 2210 2220 2221 
3 1959 1965 1997 
3 2217 1996 1998 
3 2222 2223 2224 
3 2158 2177 2176 
3 1449 2220 1450 
3 2225 2226 2227 
3 1963 1959 2214 
3 2069 2070 2228 
3 2064 1971 2229 
3 2230 1963 2231 
3 2230 2232 2233 
3 2075 2234 2085 
3 2230 2235 2232 
3 2236 2181 2235 
3 2180 2051 2237 
3 2051 2050 2238 
3 2151 1971 2066 
3 2239 2090 2091 
3 2240 2149 2241 
3 1723 1446 2242 
3 2243 2244 2245 
3 2071 2059 2246 
3 2247 2059 2248 
3 2059 2247 2246 
3 2069 2086 2071 
3 2092 2249 2250 
3 2251 2252 2084 
3 2046 2249 2048 
3 2239 2092 2250 
3 2253 2249 2254 
3 2244 2255 2256 
3 2255 1918 2256 
3 2228 2070 1845 
3 2249 2092 2254 
3 2253 2255 2244 
3 2167 2166 2257 
3 1651 1634 1660 
3 1935 2075 1870 
3 2084 2098 2251 
3 2258 1966 2259 
3 2098 2090 1446 
3 1446 2260 2242 
3 1799 1554 1667 
3 1971 1953 2261 
3 1953 2262 2261 
3 2064 1495 2263 
3 1495 1515 2263 
3 1496 1495 2229 
3 1971 1496 2229 
3 1495 2064 2229 
3 1713 2155 2264 
3 2189 2188 2265 
3 1512 2152 2155 
3 1517 1464 1518 
3 1712 1512 2266 
3 2158 2159 1511 
3 2159 1512 1511 
3 1804 1822 1821 
3 2158 1511 2054 
3 2175 2177 2267 
3 2268 1954 2269 
3 2270 2271 2268 
3 1954 2168 2269 
3 2272 2271 2270 
3 1954 1953 2168 
3 1954 2273 1955 
3 2273 1954 2271 
3 2262 1953 1955 
3 2273 2262 1955 
3 2177 2011 2274 
3 2240 2267 2274 
3 2198 2265 2275 
3 2267 2276 2277 
3 1792 1586 2278 
3 2011 2240 2274 
3 2267 2240 2276 
3 2188 2279 2280 
3 2141 2188 2280 
3 2166 2062 2061 
3 2257 2166 2061 
3 1882 2281 2063 
3 2272 2270 2282 
3 2271 1954 2268 
3 2188 2283 2265 
3 2188 2141 2284 
3 1512 2155 2266 
3 2285 1606 2286 
3 2281 2272 2282 
3 2281 2061 2063 
3 2155 2156 2264 
3 2027 2199 2283 
3 1764 1421 1423 
3 1606 1605 2287 
3 2286 1606 2287 
3 2204 2025 2024 
3 2288 2204 2023 
3 2289 2288 2023 
3 2056 2290 2060 
3 2290 1605 2060 
3 2208 1890 2058 
3 2291 2292 2293 
3 2294 2055 2049 
3 2055 2290 2056 
3 2288 2295 2296 
3 2204 2288 2296 
3 2295 2218 2296 
3 2297 1797 2015 
3 2219 2218 2295 
3 2288 1442 2295 
3 2298 1744 1743 
3 1729 1890 2299 
3 1890 1729 1731 
3 2182 1607 2206 
3 2049 2056 1735 
3 2043 1727 1725 
3 2219 1996 2217 
3 1996 2219 1860 
3 2219 2295 1860 
3 2056 1890 1735 
3 1458 1562 1459 
3 1706 1413 1453 
3 1502 2300 2125 
3 2301 2221 2220 
3 2221 2301 2302 
3 1931 1729 2303 
3 2302 1931 2303 
3 2304 2014 2017 
3 1797 1996 1798 
3 2305 2213 1997 
3 1616 2109 2306 
3 1481 1763 1977 
3 1431 2307 2308 
3 2208 1605 2209 
3 2292 2309 2021 
3 2310 1991 1990 
3 2311 2312 2313 
3 2314 2103 2315 
3 1818 1757 1680 
3 1945 2123 1946 
3 1556 1881 1397 
3 1435 1434 1783 
3 2298 1693 1695 
3 2316 2099 2317 
3 1699 1568 1570 
3 1711 2114 2318 
3 2131 2319 2320 
3 1943 1782 2321 
3 2322 1451 2323 
3 1451 1929 2323 
3 1413 1703 2324 
3 1453 1413 2324 
3 2325 2326 2327 
3 2326 2171 2327 
3 2328 2148 2329 
3 2148 2121 2329 
3 1986 2330 2331 
3 2332 1986 2331 
3 1941 2195 2169 
3 1716 1941 2169 
3 1492 1485 2333 
3 2334 1492 2333 
3 2213 2305 2297 
3 1783 1804 1690 
3 1803 1802 2108 
3 2236 2213 2335 
3 1446 1723 1447 
3 2236 2179 2181 
3 2236 2336 2337 
3 2338 2339 1940 
3 2130 2163 2131 
3 1681 1759 1715 
3 1491 2338 2340 
3 1484 1491 2340 
3 2341 1805 2342 
3 1805 2343 2342 
3 2344 1417 2345 
3 2341 2344 2345 
3 2346 2347 2348 
3 2347 2349 2348 
3 2180 2179 2350 
3 2351 2350 2337 
3 2336 2351 2337 
3 1872 1896 1952 
3 2352 2347 2346 
3 2353 2352 2346 
3 2354 2332 1982 
3 1875 2197 2196 
3 2355 2354 1982 
3 1969 1981 2356 
3 1981 1984 2356 
3 2352 2354 2355 
3 1417 1994 2357 
3 1994 2358 2357 
3 2305 1997 2359 
3 1997 1996 2359 
3 1590 1406 2360 
3 1406 1408 2360 
3 2361 2226 2362 
3 2363 2361 2362 
3 2364 2365 2366 
3 2365 1994 2366 
3 2223 2367 2224 
3 2367 2349 2224 
3 1772 2368 2369 
3 2370 1772 2369 
3 1407 1413 2371 
3 1413 1706 2371 
3 2372 2373 2374 
3 2373 1991 2374 
3 1452 2375 2376 
3 1706 1452 2376 
3 2223 1969 2377 
3 2378 2223 2377 
3 1452 1991 2375 
3 1991 2310 2374 
3 1707 2379 2380 
3 1708 1707 2380 
3 2381 2382 2383 
3 2330 2381 2383 
3 2381 1407 2382 
3 2384 1708 2380 
3 2385 2363 2362 
3 2386 2365 2364 
3 1417 1806 2345 
3 2330 2344 2341 
3 2387 2226 2388 
3 2389 2387 2388 
3 2226 2361 2388 
3 1408 2387 2389 
3 2146 2390 2391 
3 2390 2392 2391 
3 2247 2180 2393 
3 2246 2247 2394 
3 2247 1501 2395 
3 2394 2247 2395 
3 2396 2397 2398 
3 2399 2396 2398 
3 2379 2400 2401 
3 2400 2402 2401 
3 2146 2403 2404 
3 2403 2405 2404 
3 2226 2225 2406 
3 2225 2407 2406 
3 2408 2367 2405 
3 2367 2390 2405 
3 2409 1415 2410 
3 1415 1414 2410 
3 2226 2411 2412 
3 2411 2413 2412 
3 2372 2414 2415 
3 2414 2416 2415 
3 2417 2191 2392 
3 2191 2146 2391 
3 2367 2223 2418 
3 2223 2419 2418 
3 2400 2379 2420 
3 2421 2400 2420 
3 2422 2417 2423 
3 2417 2419 2423 
3 1969 1968 2377 
3 1968 2424 2378 
3 2425 2365 2386 
3 2361 2425 2386 
3 1994 2365 2426 
3 2427 1994 2426 
3 2428 1430 2429 
3 2427 2428 2429 
3 1994 2427 2358 
3 2427 2430 2358 
3 2397 2431 2432 
3 2433 2434 2048 
3 2434 1723 2047 
3 2249 2433 2048 
3 2218 2204 2296 
3 2435 2397 2432 
3 2436 2365 2437 
3 2438 2253 2439 
3 2041 2438 2040 
3 2365 2440 2437 
3 2433 2249 2441 
3 2442 2443 2444 
3 1844 2038 2039 
3 2443 2445 2444 
3 2194 2182 2183 
3 2038 1844 1846 
3 2029 2041 2040 
3 2400 2446 2402 
3 1712 2447 2037 
3 2446 2448 2402 
3 2446 2411 2448 
3 2411 2407 2448 
3 2225 1708 2407 
3 2449 2450 2431 
3 2397 2449 2431 
3 2424 1968 2442 
3 1968 1970 2442 
3 1969 2451 1970 
3 2451 2443 1970 
3 2385 1789 2363 
3 1789 2425 2363 
3 2449 2428 2450 
3 1708 2384 2407 
3 2452 2385 2413 
3 2446 2452 2413 
3 2453 1790 2454 
3 2455 2453 2454 
3 2456 2156 2457 
3 2455 1789 2458 
3 2452 2455 2458 
3 2379 2416 2420 
3 2459 1445 2460 
3 1445 1727 2460 
3 1844 2438 2439 
3 2434 2045 2042 
3 2040 1844 2039 
3 1724 2043 1725 
3 2059 2057 2461 
3 2462 2400 2421 
3 2463 2464 2465 
3 2001 2463 2465 
3 2416 2414 2464 
3 2463 2416 2464 
3 2466 2467 2462 
3 2463 2466 2462 
3 2466 2468 2467 
3 2463 2462 2421 
3 2452 2446 2468 
3 2455 2452 2469 
3 2452 2470 2469 
3 2403 2146 2471 
3 2093 2403 2471 
3 2472 2145 2147 
3 2190 2472 2147 
3 2397 2435 2398 
3 2473 2396 2399 
3 2474 2475 2473 
3 2475 2396 2473 
3 1436 2476 2477 
3 2476 2109 2477 
3 2478 2453 2479 
3 2480 2478 2479 
3 1790 2453 2474 
3 2453 2481 2474 
3 2397 2396 2482 
3 2396 2483 2482 
3 2484 2397 2482 
3 2396 2485 2483 
3 2453 2478 2486 
3 2082 1538 2106 
3 2478 2487 2486 
3 2478 2480 2488 
3 2487 2478 2488 
3 2001 2489 1967 
3 1966 2001 1967 
3 2490 2491 2489 
3 2001 2490 2489 
3 2492 2476 2491 
3 2476 1436 2491 
3 2493 2476 2492 
3 2494 2487 2488 
3 1745 2495 1441 
3 1440 1745 1441 
3 2496 2497 2498 
3 2497 2499 2498 
3 2500 2001 2501 
3 2001 2502 2501 
3 2463 2001 2500 
3 2503 2463 2500 
3 2466 2463 2503 
3 2504 2466 2503 
3 2505 2466 2504 
3 2506 2507 2504 
3 2507 2508 2505 
3 2006 2497 2496 
3 2006 2509 2161 
3 2509 2510 2161 
3 2475 2481 2511 
3 1455 1563 1456 
3 1569 1711 2318 
3 2481 2512 2511 
3 1708 2225 2513 
3 2225 2514 2513 
3 2384 2379 2401 
3 2512 2515 2511 
3 1753 1709 1754 
3 1709 1569 1754 
3 2516 2517 2518 
3 2517 2519 2518 
3 2520 2521 2522 
3 2521 1768 2522 
3 2485 2515 2523 
3 2515 1768 2523 
3 2396 2475 2485 
3 2475 2515 2485 
3 2524 2525 1769 
3 2163 2162 2319 
3 1430 2430 2429 
3 1768 2524 1769 
3 2524 1584 2525 
3 1421 1764 2526 
3 1764 1901 2526 
3 2512 2481 2527 
3 2528 2512 2527 
3 1966 1422 2259 
3 1422 2002 2259 
3 2529 2530 2531 
3 2530 2502 2531 
3 2532 2533 2534 
3 2533 1583 2534 
3 2019 2535 2532 
3 2535 2533 2532 
3 2517 2536 2537 
3 2519 2517 2537 
3 2508 2507 2536 
3 2517 2508 2536 
3 2538 2517 2539 
3 2517 2540 2539 
3 2541 2508 2538 
3 2508 2517 2538 
3 2470 2508 2541 
3 2540 2494 2539 
3 2542 2543 2544 
3 2543 2519 2544 
3 2545 2546 2005 
3 2003 2545 2005 
3 2547 2258 2546 
3 2548 2547 2546 
3 2549 2550 2516 
3 2551 2552 2553 
3 1440 2551 2553 
3 1719 2551 2554 
3 2551 2555 2554 
3 2499 2044 2556 
3 2044 1720 2556 
3 2557 2499 2558 
3 2499 2555 2558 
3 1890 2210 2299 
3 2210 2221 2299 
3 2030 1669 2078 
3 2031 2030 2078 
3 1768 2521 2559 
3 2521 2560 2559 
3 2235 2230 2231 
3 1876 2196 2193 
3 2561 2562 2563 
3 2220 1449 2301 
3 1854 2564 1855 
3 2564 1645 1855 
3 1857 2564 1854 
3 2290 2286 2287 
3 2435 2436 2437 
3 2565 2506 2566 
3 1497 1496 1747 
3 2262 1747 2567 
3 2261 2262 2567 
3 2294 1730 2568 
3 2569 2294 2568 
3 2033 2447 1718 
3 2032 2312 2028 
3 2036 1513 2570 
3 2447 2035 2037 
3 2036 2571 1513 
3 2276 2240 2572 
3 2571 1511 1513 
3 1511 2571 2013 
3 2013 2571 2012 
3 2149 2240 2573 
3 2271 2272 2574 
3 2271 2574 2575 
3 2576 2262 2577 
3 1915 1916 1919 
3 1747 2262 2576 
3 2576 1603 2578 
3 2010 2149 2573 
3 2003 2002 2579 
3 2580 2276 2572 
3 2149 2148 2241 
3 2141 2276 2580 
3 2142 2141 2580 
3 2272 2281 2581 
3 2582 2272 2581 
3 2281 1882 2583 
3 2584 2585 2586 
3 2141 2587 2284 
3 2025 2588 2589 
3 2027 2283 2587 
3 1491 1484 1486 
3 2179 2236 2337 
3 2285 2325 2590 
3 1882 1884 2583 
3 2312 2026 2028 
3 2027 2587 2032 
3 2326 2285 2286 
3 2175 2267 2277 
3 2290 2055 2326 
3 1796 2591 2592 
3 2561 2288 2289 
3 1712 2036 2570 
3 1442 2288 2561 
3 1730 2294 2049 
3 2326 2055 2294 
3 2593 1443 1442 
3 1442 2561 2593 
3 2419 2424 2423 
3 1730 1729 1930 
3 2262 2273 2577 
3 2594 2449 2595 
3 1870 2075 2077 
3 2596 1796 2597 
3 2319 2162 2207 
3 2598 1443 2593 
3 1443 2598 2596 
3 2309 1931 2302 
3 1931 2309 2292 
3 2599 2600 2601 
3 2591 2015 2592 
3 2602 1796 2596 
3 1796 2602 2591 
3 1882 2285 2590 
3 2019 2292 2020 
3 1527 1523 1541 
3 1729 1931 1930 
3 2014 2297 2015 
3 2591 2017 2016 
3 2603 2591 2602 
3 1552 1554 1799 
3 2297 2014 2604 
3 2604 2236 2335 
3 2267 2177 2274 
3 2351 2336 2300 
3 2304 2300 2605 
3 2606 2043 2607 
3 2184 2608 2133 
3 2064 2457 2065 
3 2609 2019 2018 
3 2195 2165 2169 
3 2350 2351 1502 
3 2351 2300 1502 
3 1719 2041 2610 
3 2430 2118 2409 
3 2128 2143 2129 
3 2350 1502 2611 
3 2611 2247 2393 
3 2030 2029 2612 
3 2613 2030 2612 
3 1669 2030 2614 
3 1503 1669 2614 
3 1801 1586 2615 
3 2252 2251 2616 
3 2044 2499 2617 
3 2215 2606 2618 
3 2433 2441 1722 
3 1720 2433 1722 
3 2041 1719 1721 
3 2014 2304 2605 
3 1514 1718 1714 
3 2213 2236 2235 
3 1909 1826 1912 
3 1736 1666 1728 
3 2619 2216 2459 
3 2216 2619 2215 
3 2252 2620 2084 
3 2215 2006 2008 
3 1493 1498 1522 
3 2606 2215 2621 
3 2622 2606 2621 
3 2434 2042 1724 
3 2617 2606 2607 
3 2045 2433 1720 
3 2044 2045 1720 
3 2623 1490 2352 
3 1876 2193 1759 
3 1876 1875 2196 
3 2153 2152 2158 
3 2149 2010 2624 
3 2148 2150 1756 
3 2023 2204 2024 
3 1430 1432 2118 
3 2152 1512 2159 
3 1552 1799 2097 
3 2350 2179 2337 
3 2407 2411 2406 
3 2079 2422 2080 
3 1833 1852 2100 
3 1748 1747 2625 
3 2548 2034 1529 
3 1748 2548 1749 
3 1747 2576 2625 
3 2447 2034 2545 
3 2034 2548 2545 
3 1605 2208 2060 
3 2036 2003 2626 
3 2571 1628 2627 
3 2272 2586 2574 
3 1603 2273 1604 
3 2549 2519 2628 
3 2578 1603 2629 
3 2550 2629 1602 
3 2630 2550 2584 
3 2585 2550 1602 
3 2578 2549 2628 
3 1628 2631 1629 
3 2010 2571 2627 
3 1901 1627 1629 
3 1627 1901 2632 
3 2010 1627 2624 
3 2631 1901 1629 
3 1796 1860 2597 
3 2624 1755 2150 
3 2048 2434 2047 
3 2043 2606 2622 
3 2633 2634 2582 
3 2599 2512 2635 
3 2636 2328 2329 
3 1758 1756 1746 
3 1675 1762 1676 
3 2079 2088 2422 
3 2637 2636 2120 
3 2636 2637 2140 
3 1755 1480 1479 
3 1665 1454 1552 
3 2521 2599 2601 
3 1883 2601 1884 
3 2521 1883 2560 
3 2170 1768 2559 
3 1883 2325 2560 
3 2600 2599 2633 
3 1894 2638 1891 
3 2638 1793 1891 
3 1889 1894 1891 
3 1399 1872 1951 
3 1598 1504 1580 
3 1504 1517 1580 
3 1517 1566 1580 
3 2285 1882 2639 
3 1606 2285 2639 
3 1882 2062 2639 
3 2062 1606 2639 
3 1969 2222 2640 
3 2222 2347 2640 
3 1981 1969 2640 
3 2347 1981 2640 
3 1793 1750 1892 
3 1534 1641 1658 
3 1634 1547 1658 
3 1547 1534 1658 
3 1520 1578 2641 
3 1576 1520 2641 
3 1578 1577 2641 
3 1577 1576 2641 
3 2642 2569 2291 
3 2535 2594 2595 
3 2643 2533 2595 
3 2533 2535 2595 
3 2312 2022 2026 
3 2199 2027 2026 
3 2022 2199 2026 
3 1965 2217 1998 
3 1966 2258 1999 
3 2547 2502 1999 
3 2258 2547 1999 
3 2644 2190 2192 
3 2645 2509 2192 
3 2509 2644 2192 
3 2032 2587 1945 
3 1944 2032 1945 
3 2032 1944 2646 
3 1668 2031 2078 
3 1762 1616 2306 
3 2171 2170 2327 
3 1768 2170 2172 
3 2171 2524 2172 
3 2234 2075 2647 
3 1861 2234 2647 
3 2075 1935 2647 
3 1935 1861 2647 
3 2217 1958 2648 
3 2096 2218 2648 
3 2218 2217 2648 
3 1958 2096 2648 
3 2239 2046 2260 
3 1446 2090 2260 
3 2090 2239 2260 
3 2646 2562 2311 
3 2294 1583 2649 
3 2624 1627 2632 
3 1942 2588 1433 
3 1583 2294 2569 
3 2524 1768 2172 
3 2003 2036 2035 
3 2447 2545 2035 
3 2545 2003 2035 
3 2034 2447 2033 
3 1963 2230 2650 
3 2230 1908 2650 
3 1905 1963 2650 
3 1908 1905 2650 
3 2593 2563 2598 
3 1482 1555 1483 
3 1583 2569 2642 
3 1617 1550 2651 
3 2652 1617 2651 
3 1550 2653 2651 
3 2653 2652 2651 
3 1545 1609 2654 
3 2655 1545 2654 
3 1609 1531 2654 
3 1531 2655 2654 
3 1401 2197 2656 
3 1400 1401 2656 
3 2197 1875 2656 
3 1875 1400 2656 
3 2519 2543 2657 
3 2543 1748 2657 
3 2658 2519 2657 
3 1748 2658 2657 
3 2292 2021 2020 
3 2175 2279 2130 
3 2560 2170 2559 
3 2019 2642 2293 
3 2642 2291 2293 
3 2292 2019 2293 
3 1440 1439 2659 
3 2551 1440 2659 
3 1439 2555 2659 
3 2555 2551 2659 
3 2255 2092 2660 
3 1918 2255 2660 
3 2092 1979 2660 
3 1979 1918 2660 
3 2370 2661 2662 
3 2661 2343 2662 
3 1805 2370 2662 
3 2343 1805 2662 
3 2150 1755 1756 
3 2149 2624 2150 
3 2381 2330 1988 
3 2017 2591 2603 
3 2555 1439 2558 
3 1558 1567 1710 
3 1720 1719 2554 
3 2634 2272 2582 
3 2529 2543 2542 
3 2009 2215 2008 
3 2599 2635 2633 
3 2015 2591 2016 
3 2300 2304 2663 
3 1579 1553 1564 
3 1571 1598 1580 
3 1836 1974 1837 
3 1974 2552 2664 
3 2221 1729 2299 
3 1669 2144 1671 
3 1974 2664 1839 
3 2064 2456 2457 
3 2497 2006 2618 
3 2006 2215 2618 
3 2606 2497 2618 
3 1986 2332 2334 
3 2555 2499 2556 
3 2555 1720 2554 
3 2550 2540 2516 
3 1974 1440 2553 
3 2551 1719 2552 
3 2552 1974 2553 
3 2006 2160 2007 
3 2497 2617 2499 
3 1439 2557 2558 
3 1465 2067 1466 
3 2593 2561 2563 
3 2543 2529 2665 
3 2519 2666 2544 
3 2546 2258 2005 
3 2005 2258 2004 
3 2326 2294 2649 
3 2549 2516 2518 
3 2540 2517 2516 
3 2545 2548 2546 
3 2536 2666 2537 
3 1748 2543 2665 
3 2666 2542 2544 
3 2542 2666 2667 
3 2258 2002 2004 
3 2547 2529 2531 
3 2502 2001 2000 
3 2631 1421 2526 
3 1422 1437 1423 
3 2484 1767 2525 
3 2002 1422 1421 
3 2668 2540 2669 
3 2669 2550 2630 
3 2487 2528 2527 
3 2481 2487 2527 
3 2494 2540 2668 
3 2494 2538 2539 
3 2540 2550 2669 
3 2515 2512 2520 
3 2571 2036 2626 
3 2515 2520 2522 
3 1901 2631 2526 
3 2515 2475 2511 
3 2525 1767 1769 
3 1767 2485 2523 
3 1586 1578 2615 
3 2171 1583 1585 
3 1768 2515 2522 
3 1584 2484 2525 
3 2642 2532 2534 
3 2642 2019 2532 
3 2533 2643 2484 
3 1583 2642 2534 
3 2019 2609 2670 
3 2594 2535 2671 
3 1723 2434 1724 
3 1896 1741 1962 
3 2671 2609 2307 
3 2644 2509 2496 
3 2087 2160 2510 
3 2509 2006 2496 
3 2508 2470 2505 
3 2509 2645 2510 
3 2557 1439 2495 
3 2644 2496 2498 
3 2190 2644 2472 
3 2495 1439 1441 
3 1720 2555 2556 
3 2490 2414 2492 
3 2472 2495 2672 
3 1440 1974 1976 
3 2507 2666 2536 
3 2130 2279 2163 
3 2506 2502 2566 
3 2507 2506 2565 
3 2667 2507 2565 
3 2673 2379 2674 
3 1999 2502 2000 
3 2506 2500 2501 
3 2489 1436 1967 
3 1966 1436 1438 
3 1437 2109 1616 
3 1755 1901 1480 
3 1615 1616 1762 
3 2494 2541 2538 
3 2494 2480 2541 
3 2480 2494 2488 
3 2487 2481 2486 
3 2470 2466 2505 
3 2666 2519 2537 
3 2480 2470 2541 
3 2502 2547 2531 
3 2507 2505 2504 
3 1615 1762 1761 
3 1423 1437 1615 
3 1437 1436 2477 
3 2435 1790 2399 
3 2481 2453 2486 
3 2485 1767 2483 
3 2510 2160 2161 
3 2481 2475 2474 
3 1790 2473 2399 
3 2453 2455 2479 
3 2109 1437 2477 
3 1767 2484 2483 
3 1768 1767 2523 
3 2455 2480 2479 
3 1790 2474 2473 
3 2483 2484 2482 
3 2392 2191 2391 
3 2146 2190 2147 
3 1396 1556 1397 
3 2397 2643 2449 
3 2428 2594 2671 
3 1525 1468 1478 
3 1591 1590 1995 
3 2449 2594 2428 
3 2428 2671 1431 
3 2145 2672 1744 
3 2146 2145 2471 
3 2470 2480 2469 
3 2417 2510 2645 
3 1797 2297 2305 
3 2417 2645 2191 
3 2145 2093 2471 
3 2184 2135 2608 
3 2191 2190 2146 
3 1508 1469 1510 
3 2251 1445 2616 
3 1457 1462 1461 
3 2251 2098 1446 
3 2157 2158 2176 
3 1406 2344 2382 
3 1942 2207 2187 
3 2499 2644 2498 
3 2502 2506 2501 
3 2491 1436 2489 
3 2480 2455 2469 
3 2506 2503 2500 
3 2468 2446 2467 
3 2470 2452 2468 
3 2467 2400 2462 
3 2464 2490 2465 
3 2416 2463 2421 
3 2385 2452 2458 
3 2414 2493 2492 
3 2490 2492 2491 
3 2414 2490 2464 
3 2490 2001 2465 
3 1465 1470 2067 
3 2110 1877 2111 
3 2466 2470 2468 
3 1789 2385 2458 
3 1790 1789 2454 
3 1789 2455 2454 
3 2446 2400 2467 
3 2385 2226 2412 
3 2427 2436 2450 
3 2445 2424 2444 
3 2448 2384 2402 
3 2476 2110 2109 
3 2411 2446 2413 
3 2226 2385 2362 
3 1790 2435 1791 
3 2440 2435 2437 
3 2506 2504 2503 
3 1791 2435 2440 
3 2436 2435 2432 
3 1590 2675 2364 
3 2431 2436 2432 
3 2450 2436 2431 
3 2365 2436 2426 
3 2428 2427 2450 
3 2675 2361 2386 
3 1490 2623 2676 
3 1703 1451 2324 
3 2191 2645 2192 
3 2425 2361 2363 
3 1414 1417 2357 
3 2430 2427 2429 
3 2131 2163 2319 
3 2588 2201 1433 
3 2430 2409 2410 
3 2390 2146 2404 
3 1687 1808 1688 
3 1807 1806 2677 
3 1815 2677 1817 
3 2671 2307 1431 
3 2424 2442 2444 
3 2443 1774 2072 
3 2451 2368 2678 
3 2430 1414 2358 
3 2408 2403 2104 
3 2080 2424 2445 
3 2424 2422 2423 
3 2493 1877 2110 
3 2419 2417 2392 
3 2416 2673 2415 
3 2419 2223 2378 
3 2403 2408 2405 
3 2402 2384 2401 
3 2675 1408 2389 
3 2390 2367 2418 
3 2390 2419 2392 
3 1878 1877 2493 
3 2588 2199 2589 
3 2349 2679 2348 
3 2419 2390 2418 
3 1628 2003 2579 
3 2300 2663 2125 
3 2673 2372 2415 
3 1414 2430 2410 
3 2411 2226 2406 
3 2407 2384 2448 
3 1605 2290 2287 
3 2379 2673 2416 
3 2379 1707 2674 
3 2373 1707 2375 
3 2373 2673 2674 
3 2413 2385 2412 
3 1901 1755 2632 
3 1707 2373 2674 
3 2673 2373 2372 
3 1408 2675 2360 
3 2405 2390 2404 
3 2226 2387 2227 
3 2514 2225 2227 
3 2379 2384 2380 
3 2514 1706 2513 
3 2387 2514 2227 
3 1706 1708 2513 
3 1707 1706 2376 
3 2375 1707 2376 
3 2310 2372 2374 
3 1706 2514 2371 
3 1991 2373 2375 
3 1968 2378 2377 
3 2361 2389 2388 
3 1715 1941 1716 
3 2675 1590 2360 
3 1407 2514 2680 
3 1408 1407 2680 
3 2514 1407 2371 
3 2661 2370 2369 
3 2322 1991 2681 
3 1991 1452 2681 
3 1451 2322 2681 
3 1991 2322 1992 
3 1413 1412 1985 
3 1590 2364 2366 
3 1996 1797 2359 
3 1590 1994 1995 
3 2322 1993 1992 
3 2344 1406 1591 
3 1407 1406 2382 
3 1417 2344 1591 
3 2344 2330 2383 
3 1871 1739 1738 
3 1981 2347 2355 
3 2343 2330 2342 
3 1425 1560 1893 
3 1806 1805 2341 
3 2675 2386 2364 
3 2382 2344 2383 
3 1485 1989 1987 
3 1989 2381 1988 
3 2330 1986 1988 
3 1452 1451 2681 
3 2112 2372 2310 
3 2370 1805 1807 
3 2330 2341 2342 
3 1806 1415 2677 
3 2330 2343 2331 
3 2121 2636 2329 
3 2170 2325 2327 
3 2354 1492 2334 
3 1485 1986 2333 
3 2332 2354 2334 
3 1424 1426 1753 
3 2368 2661 2369 
3 2370 1815 1778 
3 1808 1816 1688 
3 2443 2451 2678 
3 2443 2678 1774 
3 2349 2222 2224 
3 2451 1984 2368 
3 1984 2332 2682 
3 1981 2355 1982 
3 1982 2332 1983 
3 2679 2353 2346 
3 2679 2346 2348 
3 2347 2222 2349 
3 2347 2352 2355 
3 2643 2397 2484 
3 1984 2451 2356 
3 2679 2349 2683 
3 1806 2341 2345 
3 2177 2175 2178 
3 1970 2443 2442 
3 2435 2399 2398 
3 2438 1844 2040 
3 2222 1969 2223 
3 2447 1712 1718 
3 1994 1590 2366 
3 1874 1978 1700 
3 2683 2314 2315 
3 1403 1389 1885 
3 1797 2305 2359 
3 1755 2624 2632 
3 1583 2171 2649 
3 2171 2326 2649 
3 2631 1628 2579 
3 2002 2631 2579 
3 1627 2010 2627 
3 1628 1627 2627 
3 2658 2578 2628 
3 2519 2658 2628 
3 2003 1628 2626 
3 1628 2571 2626 
3 2519 2549 2518 
3 2599 2521 2520 
3 2325 2170 2560 
3 2658 1748 2625 
3 2576 2658 2625 
3 2548 1529 1749 
3 1529 1747 1749 
3 2044 2617 2607 
3 2043 2044 2607 
3 2619 2622 2621 
3 2215 2619 2621 
3 1727 2043 2622 
3 2619 1727 2622 
3 2300 2336 2605 
3 2336 2014 2605 
3 2441 2041 1722 
3 2029 2684 2610 
3 2684 1719 2610 
3 2343 2661 2682 
3 2661 1984 2682 
3 1706 1453 1452 
3 2029 2038 2612 
3 2038 2613 2612 
3 2038 1501 2613 
3 1501 2614 2613 
3 1501 1503 2614 
3 2614 2030 2613 
3 2144 1669 1503 
3 2325 1883 2590 
3 1883 1882 2590 
3 2600 2281 2583 
3 1884 2600 2583 
3 2601 2600 1884 
3 1883 2521 2601 
3 2292 2291 1932 
3 2291 1930 1932 
3 2291 1730 1930 
3 1931 2292 1932 
3 2015 1797 2592 
3 1797 1796 2592 
3 1929 1940 2323 
3 2207 1943 2321 
3 2512 2599 2520 
3 1451 1453 2324 
3 2600 2582 2581 
3 2281 2600 2581 
3 2322 2339 1993 
3 2600 2633 2582 
3 2285 2326 2325 
3 1391 1874 2113 
3 1874 1390 1978 
3 2635 2634 2633 
3 2512 2528 2635 
3 2528 2634 2635 
3 1443 2596 2597 
3 1860 1443 2597 
3 2148 2328 2241 
3 1412 1407 2381 
3 1985 1989 1704 
3 1989 1988 1987 
3 1412 2381 1989 
3 1909 1911 2053 
3 2424 2419 2378 
3 1485 1484 1705 
3 2332 1984 1983 
3 1704 1485 1705 
3 2339 2322 1940 
3 1940 1484 2340 
3 2338 1940 2340 
3 1986 2334 2333 
3 1491 2676 2338 
3 2676 1491 1490 
3 2220 2210 1961 
3 2685 1490 1492 
3 2328 2240 2241 
3 2328 2580 2572 
3 2240 2328 2572 
3 1513 1512 2570 
3 1512 1712 2570 
3 2032 2646 2313 
3 2646 2311 2313 
3 2562 2561 2311 
3 2561 2312 2311 
3 2530 2565 2566 
3 2502 2530 2566 
3 2530 2667 2565 
3 2312 2032 2313 
3 2530 2542 2667 
3 2666 2507 2667 
3 2530 2529 2542 
3 2011 2010 2573 
3 2240 2011 2573 
3 2571 2010 2012 
3 2011 2054 2013 
3 1603 2576 2577 
3 2273 1603 2577 
3 2291 2569 2568 
3 1730 2291 2568 
3 1514 1495 1530 
3 1495 1497 1530 
3 2328 2142 2580 
3 2328 2636 2142 
3 2636 2140 2142 
3 2637 2587 2140 
3 2587 2141 2140 
3 1496 2261 2567 
3 1747 1496 2567 
3 2585 2273 2575 
3 2574 2585 2575 
3 2273 2271 2575 
3 2586 2585 2574 
3 2685 1492 2354 
3 1490 2685 2352 
3 2685 2354 2352 
3 2449 2643 2595 
3 1445 2251 1446 
3 2353 2623 2352 
3 2104 2093 2105 
3 1678 1479 1775 
3 2319 2207 2320 
3 1804 1691 1690 
3 2588 2025 2201 
3 1445 2459 2616 
3 2434 2433 2045 
3 2634 2584 2586 
3 2272 2634 2586 
3 1963 2213 2231 
3 2213 2235 2231 
3 2655 1527 1546 
3 1527 1544 1546 
3 1501 2038 2395 
3 2038 2394 2395 
3 2038 2070 2394 
3 2070 2246 2394 
3 2180 2350 2393 
3 2350 2611 2393 
3 1502 1501 2611 
3 1501 2247 2611 
3 2166 2165 2195 
3 2194 2166 2195 
3 2062 2166 2183 
3 2166 2194 2183 
3 2438 2041 2441 
3 2249 2438 2441 
3 2253 2243 2439 
3 2243 1844 2439 
3 1727 2619 2460 
3 2619 2459 2460 
3 1727 1445 1447 
3 1723 1727 1447 
3 2213 2297 2335 
3 2297 2604 2335 
3 2014 2336 2604 
3 2336 2236 2604 
3 2221 2302 2303 
3 1729 2221 2303 
3 2070 2038 1846 
3 1845 2070 1846 
3 1866 1843 1835 
3 1824 1866 1835 
3 2099 1832 1834 
3 1832 1656 1834 
3 1833 2099 1834 
3 1832 1652 1656 
3 1996 1860 1798 
3 1860 1796 1798 
3 1801 1803 2278 
3 1586 1801 2278 
3 2276 2279 2277 
3 2279 2175 2277 
3 2022 2289 2023 
3 2312 2561 2289 
3 2022 2312 2289 
3 2290 2326 2286 
3 1427 1856 1854 
3 2283 2199 2275 
3 2265 2283 2275 
3 2011 2177 2054 
3 2177 2158 2054 
3 2456 1713 2264 
3 2156 2456 2264 
3 2199 2022 2589 
3 2022 2025 2589 
3 2587 2283 2284 
3 2283 2188 2284 
3 2199 2198 2275 
3 2198 2189 2265 
3 1515 2456 2263 
3 2456 2064 2263 
3 2270 2686 2282 
3 2686 2281 2282 
3 1606 2062 2206 
3 1607 1606 2206 
3 1713 1712 2266 
3 2155 1713 2266 
3 2276 2141 2280 
3 2279 2276 2280 
3 1497 1529 1530 
3 1496 1971 2261 
3 2060 2208 2058 
3 2281 2257 2061 
3 2281 2686 2257 
3 2686 2167 2257 
3 1844 2243 1845 
3 2243 2228 1845 
3 2092 2255 2254 
3 2255 2253 2254 
3 2046 2239 2250 
3 2249 2046 2250 
3 2070 2071 2246 
3 2086 2059 2071 
3 2180 2247 2248 
3 2461 2180 2248 
3 2057 2051 2461 
3 2051 2180 2461 
3 2181 2180 2237 
3 2238 2181 2237 
3 2050 2687 2238 
3 2687 2181 2238 
3 2260 2046 2242 
3 2046 1723 2242 
3 2243 2245 2228 
3 2244 2688 2245 
3 2688 2069 2245 
3 1959 1997 2214 
3 1997 2213 2214 
3 2218 2096 2212 
3 2204 2218 2212 
3 2208 1474 2211 
3 1890 2208 2211 
3 1401 1472 2209 
3 1605 1401 2209 
3 1947 2025 2205 
3 1948 1947 2205 
3 1941 2193 2194 
3 2686 2185 2167 
3 2689 2184 2185 
3 2686 2689 2185 
3 2174 2176 2178 
3 2175 2174 2178 
3 2162 2164 2189 
3 2198 2162 2189 
3 2279 2188 2164 
3 2163 2279 2164 
3 2174 2157 2176 
3 2162 2186 2187 
3 2207 2162 2187 
3 2198 2200 2186 
3 2162 2198 2186 
3 2199 2588 2200 
3 2588 1942 2200 
3 1953 1971 1973 
3 2168 1953 1973 
3 2689 2268 2269 
3 2168 2689 2269 
3 2689 2270 2268 
3 1972 2168 1973 
3 2689 2686 2270 
3 1794 1786 1795 
3 1786 1750 1795 
3 1918 1979 1939 
3 1979 1920 1939 
3 2085 2234 2091 
3 2234 2239 2091 
3 2052 2059 2086 
3 1928 2052 2086 
3 2090 2084 2085 
3 2232 2687 2233 
3 2687 1908 2233 
3 2235 2181 2232 
3 2181 2687 2232 
3 1908 2230 2233 
3 1668 2684 2031 
3 2684 2029 2031 
3 1908 2687 2690 
3 2687 2050 2690 
3 2076 1934 2077 
3 1934 1870 2077 
3 2075 2084 2076 
3 2084 2620 2076 
3 2688 2244 2256 
3 1918 2688 2256 
3 2245 2069 2228 
3 2243 2253 2244 
3 2438 2249 2253 
3 2688 1918 2074 
3 2068 2688 2074 
3 2069 2688 2068 
3 1918 1925 2074 
3 1958 1956 1957 
3 2096 1958 1957 
3 2092 2239 1980 
3 2239 1937 1980 
3 1959 1963 1964 
3 1899 1959 1964 
3 1952 1473 1950 
3 1473 1472 1950 
3 2059 2461 2248 
3 1911 2051 2057 
3 2051 2238 2237 
3 1903 1908 2690 
3 1908 2691 1907 
3 2691 1906 1907 
3 1959 2638 1956 
3 2638 1894 1956 
3 1450 1473 1952 
3 1905 1899 1964 
3 1902 1960 1962 
3 1741 1902 1962 
3 1448 1450 1960 
3 1450 1896 1960 
3 1394 1395 1886 
3 1875 1394 1886 
3 1434 2201 2202 
3 1482 1434 2202 
3 2585 1602 1604 
3 2273 2585 1604 
3 2629 1603 1602 
3 1947 1482 2202 
3 2550 2549 2629 
3 2549 2578 2629 
3 2658 2576 2578 
3 2052 1840 2053 
3 1840 1909 2053 
3 1451 1703 1929 
3 1940 2322 2323 
3 1925 1918 1919 
3 1916 1925 1919 
3 1858 1923 1936 
3 1861 1858 1936 
3 1937 2234 1938 
3 2234 1861 1938 
3 1841 1924 1926 
3 1863 1841 1926 
3 1841 1927 1924 
3 1861 1922 1938 
3 1840 2052 1927 
3 1841 1840 1927 
3 1864 1921 1923 
3 1858 1864 1923 
3 1920 1922 1921 
3 1915 1918 1939 
3 1979 1937 1920 
3 2239 2234 1937 
3 1922 1861 1936 
3 1904 2691 1913 
3 2691 1908 1913 
3 1863 1925 1916 
3 1864 1863 1916 
3 1903 1911 1912 
3 1826 1903 1912 
3 1897 1899 1906 
3 2691 1897 1906 
3 2692 2691 1904 
3 1898 1786 1794 
3 2692 1786 1898 
3 2691 2692 1898 
3 2638 1899 1900 
3 1793 2638 1900 
3 2638 1959 1899 
3 1897 2691 1898 
3 2535 2019 2670 
3 2671 2535 2670 
3 1425 1893 1895 
3 1889 1425 1895 
3 1736 1871 1885 
3 1389 1736 1885 
3 1399 1403 1873 
3 1403 1871 1873 
3 1858 1861 1862 
3 1859 1858 1862 
3 1427 1429 1859 
3 1856 1427 1859 
3 1856 1859 1862 
3 1917 1858 1429 
3 1935 1870 1869 
3 1856 1935 1869 
3 1909 1830 1910 
3 1830 1827 1910 
3 1841 1863 1867 
3 1863 1843 1867 
3 1850 2693 1849 
3 2693 1824 1849 
3 1840 2693 1850 
3 1824 2693 1914 
3 2693 1842 1914 
3 1866 1824 1914 
3 2693 1840 1842 
3 1637 1648 1825 
3 1648 1823 1825 
3 1787 1786 1411 
3 1786 1409 1411 
3 1786 2692 1409 
3 2692 1828 1409 
3 2692 1826 1828 
3 1410 1787 1411 
3 1582 1787 1608 
3 1787 1410 1608 
3 1750 1786 1788 
3 1557 1750 1788 
3 2133 2608 2134 
3 1573 1539 1766 
3 1574 1573 1766 
3 1732 1871 1737 
3 1733 1732 1737 
3 1389 1392 1734 
3 1736 1389 1734 
3 1736 1728 1733 
3 1871 1736 1737 
3 1666 1736 1734 
3 1726 1574 1728 
3 1553 1574 1726 
3 1554 1553 1726 
3 2365 2425 2440 
3 2425 1791 2440 
3 2425 1789 1791 
3 2694 1889 1785 
3 1751 2694 1785 
3 1889 1750 1785 
3 1752 2694 1751 
3 1559 1709 1752 
3 1709 2694 1752 
3 1557 1752 1751 
3 1710 1709 1559 
3 1641 1662 1646 
3 1662 1644 1646 
3 1617 2695 2696 
3 2695 1643 2696 
3 1419 1662 1420 
3 1662 1641 1420 
3 1534 1536 1642 
3 1641 1534 1642 
3 1634 1630 1635 
3 1630 1544 1635 
3 1645 1659 1660 
3 1634 1645 1660 
3 1630 1634 1652 
3 1832 1630 1652 
3 1620 1599 1621 
3 1599 1581 1621 
3 1662 1664 1644 
3 1645 1641 1646 
3 1581 1619 1621 
3 1662 1663 1664 
3 1428 1427 1664 
3 1638 1428 1663 
3 1843 1428 1638 
3 1637 1843 1638 
3 1630 1545 1544 
3 1545 2655 1546 
3 1622 1613 1620 
3 1613 1599 1620 
3 2652 1614 1618 
3 1617 2652 1618 
3 1418 1661 1419 
3 1643 1550 2696 
3 2695 1636 1661 
3 1643 2695 1661 
3 1536 1550 1643 
3 1550 1617 2696 
3 1645 2564 1659 
3 2564 1851 1659 
3 2564 1853 1851 
3 1857 1852 1853 
3 2564 1857 1853 
3 1649 2695 1650 
3 2695 1617 1650 
3 1636 2695 1649 
3 1833 1651 1851 
3 2652 1600 1614 
3 1651 1833 1656 
3 1622 1648 1647 
3 1648 1617 1647 
3 1619 1823 1622 
3 1823 1648 1622 
3 1401 1605 2203 
3 1605 1607 2203 
3 2182 2197 1607 
3 1827 1410 1828 
3 1572 1787 1582 
3 1623 1619 1624 
3 1619 1581 1624 
3 1410 1827 1623 
3 1827 1829 1623 
3 1827 1831 1829 
3 1824 1823 1831 
3 1823 1619 1829 
3 1597 1531 1610 
3 1531 1609 1610 
3 1488 2655 1533 
3 1532 1488 1533 
3 1520 1532 1593 
3 1578 1520 1593 
3 1592 1801 2615 
3 1578 1592 2615 
3 1584 2524 1585 
3 2524 2171 1585 
3 1583 2533 1584 
3 2533 2484 1584 
3 1579 1573 1575 
3 1553 1579 1575 
3 1587 1579 1588 
3 1579 1578 1588 
3 1589 1573 1587 
3 1573 1579 1587 
3 1540 1573 1589 
3 1578 1586 1588 
3 1792 1538 1540 
3 1574 1553 1575 
3 1557 1787 1572 
3 1558 1557 1572 
3 1577 1579 1564 
3 1454 1577 1564 
3 1576 1454 1456 
3 1563 1576 1456 
3 1562 1458 1563 
3 1458 1576 1563 
3 1537 1549 1548 
3 1527 1537 1548 
3 2652 2653 1601 
3 1600 2652 1601 
3 2653 1467 1601 
3 1537 1535 1549 
3 1472 1401 1402 
3 1399 1472 1402 
3 1535 2653 1551 
3 1536 1535 1551 
3 1418 1643 1661 
3 2653 1550 1551 
3 2655 1488 1528 
3 1527 2655 1528 
3 1525 1510 1543 
3 1510 1469 1543 
3 1467 2653 1542 
3 2653 1535 1542 
3 1508 1519 1505 
3 1826 2692 1904 
3 1467 1508 1505 
3 1465 1510 1507 
3 1510 1506 1507 
3 1525 1498 1506 
3 1498 1471 1506 
3 1532 1520 1521 
3 1520 1499 1489 
3 1713 2456 1515 
3 1514 1713 1515 
3 1475 1516 1518 
3 1464 1475 1518 
3 1461 1462 1500 
3 1462 1498 1500 
3 1535 1468 1542 
3 1508 1464 1519 
3 1520 1576 1499 
3 1576 1458 1499 
3 1498 1462 1494 
3 1462 1463 1494 
3 1485 1492 1486 
3 1492 1491 1486 
3 2295 1442 1444 
3 1860 2295 1444 
3 1864 1858 1917 
3 1865 1864 1917 
3 1843 1863 1865 
3 1428 1843 1865 
3 2694 1709 1753 
3 1426 2694 1753 
3 1889 2694 1426 
3 1948 2096 1949 
3 2096 1893 1949 
3 2096 1894 1893 
3 2609 2671 2670 
3 1415 1806 1416 
3 1806 1417 1416 
3 1422 1966 1438 
3 2620 1934 2076 
3 2050 1903 2690 
3 1437 1422 1438 
3 2387 1408 2680 
3 2617 2497 2606 
3 1703 1413 1985 
3 2514 2387 2680 
3 2361 2675 2389 
3 2548 1748 2665 
3 2529 2548 2665 
3 2547 2548 2529 
3 2002 2258 2259 
3 2634 2630 2584 
3 2634 2528 2630 
3 2528 2669 2630 
3 2528 2668 2669 
3 2550 2585 2584 
3 2487 2494 2668 
3 2528 2487 2668 
3 2138 1758 2139 
3 1772 1778 1773 
3 1625 1639 1653 
3 1626 1653 1780 
3 1595 1609 1625 
3 1609 1639 1625 
3 1625 1653 1626 
3 2103 2408 2104 
3 2104 2403 2093 
3 2103 2314 2408 
3 1812 1832 2316 
3 1832 2099 2316 
3 1639 1640 1812 
3 1630 1832 1640 
3 1631 1630 1640 
3 1812 2316 1760 
3 1639 1609 1631 
3 2349 2367 2314 
3 2683 2349 2314 
3 2314 2367 2408 
3 1432 1431 2308 
3 2358 1414 2357 
3 2445 2072 2073 
3 2422 2424 2080 
3 2088 2417 2422 
3 2416 2421 2420 
3 1773 1776 1685 
3 2072 1774 1684 
3 2678 1772 1774 
3 2368 1772 2678 
3 2445 2443 2072 
3 1984 2661 2368 
3 2451 1969 2356 
3 2120 2636 2121 
3 2123 2637 2120 
3 2332 2343 2682 
3 2123 1945 2637 
3 2144 2124 1671 
3 2143 1668 1670 
3 2125 2124 2144 
3 2343 2332 2331 
3 2148 1756 2138 
3 1502 2125 2144 
3 1671 2143 1670 
3 1945 2587 2637 
3 1697 1839 2128 
3 2664 1668 1839 
3 2143 1671 2127 
3 2552 2684 2664 
3 2684 1668 2664 
3 1719 2684 2552 
3 1839 1668 2128 
3 1710 1567 2114 
3 2116 2409 2117 
3 2430 1430 2118 
3 2436 2427 2426 
3 2428 1431 1430 
3 1817 1415 2116 
3 1415 2409 2116 
3 2677 1415 1817 
3 1567 1565 2115 
3 1815 1807 2677 
3 1817 2116 1784 
3 1815 2370 1807 
3 1685 1776 1686 
3 1667 1666 1392 
3 1792 1803 2106 
3 1538 1792 2106 
3 1811 1538 2082 
3 2080 2445 2081 
3 1803 1792 2278 
3 2106 1803 2107 
3 1801 1596 1802 
3 1801 1594 1596 
3 1592 1597 1594 
3 1801 1592 1594 
3 1827 1830 1831 
3 1532 1531 1597 
3 2655 1531 1533 
3 1568 1424 1569 
3 1760 2316 2317 
3 1569 1424 1754 
3 1699 1880 1568 
3 1555 1888 1880 
3 1555 1887 1888 
3 1555 1482 1887 
3 1710 2114 1711 
3 1709 1711 1569 
3 1560 1425 1887 
3 2041 2029 2610 
3 2631 2002 1421 
3 2409 2118 2119 
3 1516 1565 1567 
3 2476 2493 2110 
3 2414 1878 2493 
3 2372 2112 1878 
3 2414 2372 1878 
3 1716 2165 2133 
3 2165 2184 2133 
3 2185 2165 2167 
3 2689 2135 2184 
3 2168 2136 2135 
3 2689 2168 2135 
3 2608 2135 2137 
3 2125 2663 2126 
3 1688 1816 1784 
3 1778 1815 1808 
3 2094 2298 2095 
3 1778 1808 1779 
3 1772 2370 1778 
3 1836 1838 1848 
3 1976 1974 1836 
3 1404 1876 1818 
3 1876 1759 1757 
3 1745 1976 1742 
3 2298 1743 1693 
3 1782 1690 1692 
3 2094 1744 2298 
3 2145 1744 2094 
3 2093 2145 2094 
3 1745 1440 1976 
3 2672 1745 1744 
3 2495 1745 2672 
3 2145 2472 2672 
3 2472 2557 2495 
3 2644 2499 2557 
3 2472 2644 2557 
3 2087 2510 2088 
3 2510 2417 2088 
3 1833 2100 2099 
3 1852 1868 2697 
3 1852 2697 2100 
3 2100 2697 2101 
3 1857 1870 1868 
3 1870 1933 1868 
3 2697 1868 2102 
3 2698 2699 2700 
3 2701 2702 2703 
3 2704 2705 2706 
3 2707 2708 2709 
3 2710 2711 2712 
3 2713 2714 2715 
3 2716 2717 2718 
3 2719 2720 2721 
3 2722 2723 2724 
3 2725 2726 2727 
3 2728 2725 2729 
3 2726 2730 2731 
3 2728 2726 2725 
3 2702 2701 2732 
3 2733 2702 2734 
3 2702 2735 2736 
3 2731 2735 2733 
3 2702 2704 2703 
3 2737 2738 2739 
3 2740 2705 2736 
3 2707 2739 2708 
3 2741 2742 2743 
3 2744 2710 2745 
3 2715 2714 2746 
3 2715 2728 2729 
3 2747 2728 2746 
3 2748 2749 2750 
3 2728 2747 2751 
3 2714 2747 2746 
3 2752 2726 2751 
3 2730 2735 2731 
3 2747 2752 2751 
3 2726 2752 2730 
3 2735 2702 2733 
3 2736 2735 2753 
3 2735 2754 2753 
3 2754 2735 2730 
3 2740 2736 2753 
3 2755 2738 2737 
3 2740 2756 2755 
3 2756 2740 2753 
3 2711 2738 2755 
3 2711 2757 2712 
3 2757 2711 2755 
3 2758 2710 2712 
3 2710 2759 2745 
3 2757 2758 2712 
3 2760 2761 2762 
3 2763 2764 2765 
3 2700 2714 2698 
3 2766 2767 2768 
3 2769 2770 2771 
3 2713 2772 2698 
3 2714 2713 2698 
3 2714 2700 2773 
3 2742 2774 2775 
3 2699 2772 2776 
3 2772 2699 2698 
3 2777 2700 2778 
3 2752 2747 2779 
3 2747 2777 2779 
3 2780 2752 2779 
3 2777 2747 2773 
3 2730 2752 2781 
3 2777 2780 2779 
3 2752 2780 2781 
3 2754 2730 2781 
3 2753 2754 2782 
3 2754 2783 2782 
3 2783 2754 2781 
3 2756 2753 2782 
3 2755 2756 2784 
3 2756 2785 2784 
3 2785 2756 2782 
3 2757 2755 2784 
3 2758 2757 2786 
3 2757 2774 2786 
3 2774 2757 2784 
3 2742 2758 2786 
3 2787 2788 2789 
3 2758 2742 2790 
3 2774 2742 2786 
3 2790 2791 2758 
3 2792 2791 2793 
3 2741 2793 2791 
3 2794 2792 2793 
3 2795 2794 2793 
3 2794 2795 2796 
3 2797 2798 2799 
3 2775 2800 2801 
3 2699 2802 2700 
3 2761 2803 2804 
3 2699 2776 2805 
3 2806 2699 2805 
3 2699 2806 2802 
3 2700 2807 2778 
3 2700 2777 2773 
3 2808 2777 2778 
3 2809 2810 2811 
3 2780 2777 2812 
3 2807 2808 2778 
3 2808 2813 2777 
3 2781 2780 2814 
3 2814 2780 2812 
3 2783 2781 2814 
3 2785 2782 2815 
3 2784 2785 2816 
3 2774 2784 2816 
3 2795 2817 2818 
3 2742 2801 2743 
3 2801 2742 2775 
3 2819 2741 2743 
3 2741 2819 2820 
3 2795 2741 2820 
3 2801 2819 2743 
3 2796 2795 2821 
3 2817 2795 2820 
3 2822 2823 2824 
3 2825 2826 2827 
3 2828 2829 2830 
3 2831 2832 2833 
3 2834 2835 2836 
3 2837 2822 2824 
3 2838 2814 2826 
3 2825 2838 2826 
3 2839 2838 2825 
3 2840 2839 2825 
3 2840 2825 2827 
3 2839 2783 2838 
3 2828 2841 2829 
3 2841 2842 2829 
3 2843 2844 2845 
3 2846 2847 2843 
3 2848 2849 2841 
3 2823 2850 2851 
3 2823 2852 2850 
3 2852 2767 2850 
3 2768 2840 2853 
3 2767 2839 2768 
3 2839 2840 2768 
3 2852 2815 2767 
3 2815 2839 2767 
3 2854 2831 2833 
3 2766 2768 2853 
3 2855 2856 2857 
3 2855 2858 2856 
3 2858 2855 2859 
3 2860 2806 2856 
3 2806 2860 2861 
3 2806 2807 2802 
3 2858 2860 2856 
3 2862 2807 2861 
3 2808 2807 2863 
3 2807 2862 2863 
3 2860 2862 2861 
3 2864 2808 2863 
3 2808 2864 2865 
3 2862 2864 2863 
3 2866 2846 2867 
3 2832 2868 2866 
3 2868 2847 2866 
3 2846 2843 2845 
3 2852 2823 2822 
3 2869 2852 2822 
3 2870 2785 2869 
3 2785 2852 2869 
3 2871 2848 2847 
3 2872 2868 2831 
3 2868 2832 2831 
3 2873 2868 2872 
3 2874 2873 2872 
3 2854 2872 2831 
3 2800 2775 2875 
3 2800 2875 2876 
3 2775 2816 2875 
3 2801 2800 2877 
3 2878 2801 2877 
3 2819 2801 2879 
3 2801 2878 2879 
3 2761 2819 2879 
3 2878 2761 2879 
3 2817 2820 2819 
3 2817 2798 2818 
3 2817 2760 2798 
3 2798 2797 2880 
3 2821 2798 2880 
3 2858 2859 2881 
3 2882 2797 2799 
3 2860 2858 2883 
3 2884 2860 2883 
3 2864 2862 2885 
3 2886 2887 2885 
3 2885 2888 2889 
3 2761 2878 2803 
3 2890 2891 2803 
3 2761 2804 2762 
3 2892 2760 2762 
3 2798 2760 2893 
3 2804 2892 2762 
3 2760 2892 2893 
3 2798 2893 2799 
3 2893 2894 2799 
3 2799 2894 2882 
3 2706 2895 2896 
3 2887 2765 2888 
3 2897 2898 2899 
3 2900 2901 2902 
3 2884 2883 2903 
3 2901 2903 2902 
3 2903 2883 2902 
3 2904 2905 2906 
3 2907 2884 2903 
3 2887 2763 2765 
3 2908 2909 2910 
3 2911 2912 2913 
3 2914 2915 2916 
3 2829 2842 2917 
3 2891 2804 2803 
3 2918 2804 2919 
3 2920 2921 2922 
3 2923 2924 2925 
3 2926 2927 2928 
3 2921 2926 2928 
3 2832 2866 2867 
3 2929 2732 2930 
3 2924 2889 2925 
3 2931 2932 2933 
3 2876 2934 2935 
3 2890 2936 2937 
3 2938 2744 2939 
3 2940 2923 2941 
3 2826 2942 2943 
3 2893 2892 2944 
3 2944 2892 2945 
3 2874 2854 2946 
3 2947 2948 2949 
3 2950 2951 2952 
3 2953 2954 2955 
3 2956 2957 2958 
3 2956 2897 2957 
3 2897 2899 2957 
3 2750 2749 2899 
3 2959 2748 2750 
3 2960 2882 2894 
3 2898 2959 2750 
3 2961 2962 2963 
3 2964 2707 2965 
3 2966 2706 2896 
3 2967 2961 2968 
3 2848 2841 2828 
3 2864 2885 2889 
3 2969 2970 2971 
3 2704 2966 2703 
3 2705 2737 2739 
3 2972 2738 2938 
3 2973 2909 2974 
3 2763 2975 2976 
3 2901 2977 2978 
3 2975 2903 2979 
3 2980 2975 2979 
3 2975 2980 2976 
3 2977 2981 2978 
3 2982 2983 2984 
3 2985 2945 2918 
3 2944 2985 2986 
3 2985 2931 2986 
3 2987 2988 2989 
3 2990 2987 2989 
3 2862 2886 2885 
3 2991 2985 2918 
3 2703 2966 2992 
3 2969 2971 2993 
3 2716 2994 2717 
3 2976 2980 2995 
3 2996 2995 2997 
3 2996 2976 2995 
3 2988 2960 2894 
3 2701 2703 2992 
3 2998 2914 2999 
3 3000 3001 2998 
3 3001 2914 2998 
3 3002 3003 3000 
3 3002 2998 2999 
3 3004 3005 3003 
3 3006 3004 3003 
3 3007 3008 3009 
3 3010 3011 3012 
3 2725 2727 3013 
3 2978 2981 2905 
3 2980 2979 2904 
3 2717 2980 2904 
3 2980 2717 2995 
3 2994 2716 2911 
3 2723 2929 2724 
3 2708 2972 2709 
3 2934 2870 3014 
3 2858 2881 3015 
3 2881 2902 3015 
3 2981 3016 2905 
3 2923 2865 2924 
3 2942 3017 2943 
3 3018 3019 2954 
3 2885 2887 2888 
3 2720 3020 2721 
3 3020 3021 2721 
3 2702 2736 2704 
3 2932 3022 2933 
3 2932 2931 2991 
3 3023 2931 2933 
3 2741 2795 2793 
3 2986 2931 3024 
3 2974 3023 2933 
3 2931 3023 3024 
3 2738 2711 2938 
3 2990 2989 3025 
3 2770 2990 3025 
3 2971 2984 2908 
3 2996 2764 2976 
3 2985 2991 2931 
3 3026 2716 2718 
3 2945 2804 2918 
3 3027 3028 3029 
3 2727 2722 3013 
3 2995 2994 2997 
3 2906 2905 3030 
3 2717 2904 3031 
3 3032 3031 2906 
3 3031 2904 2906 
3 3031 3032 3033 
3 2807 2806 2861 
3 3016 3034 3032 
3 3035 3036 3037 
3 2881 2900 2902 
3 3038 3039 2913 
3 2912 3038 2913 
3 3005 3001 3000 
3 2711 2710 2744 
3 3040 2932 2991 
3 3032 2906 3030 
3 3041 3042 3043 
3 3044 3045 3046 
3 3047 3048 3049 
3 2940 3017 3050 
3 2975 2763 2907 
3 2808 2865 2813 
3 3051 3052 3053 
3 3052 3038 3053 
3 3054 3051 3053 
3 3038 3054 3053 
3 3040 2918 2919 
3 2909 2908 2974 
3 3055 3056 3057 
3 3056 2835 3057 
3 3058 3055 3057 
3 2835 3058 3057 
3 3059 2719 3021 
3 2884 2887 2886 
3 2860 2884 2886 
3 2862 2860 2886 
3 3024 3023 3060 
3 3061 3023 2974 
3 3023 3061 3060 
3 3041 3062 3063 
3 3062 3064 3063 
3 2787 3041 3063 
3 3064 2787 3063 
3 2813 2812 2777 
3 2761 2760 3065 
3 2760 2817 3065 
3 2819 2761 3065 
3 2817 2819 3065 
3 2770 3025 2771 
3 3066 2959 3067 
3 2959 3068 3067 
3 3056 3066 3067 
3 3068 3056 3067 
3 3069 2770 2769 
3 3036 3070 3071 
3 3070 2970 3071 
3 3072 3036 3071 
3 2970 3072 3071 
3 2758 2791 3073 
3 2791 2759 3073 
3 2710 2758 3073 
3 2759 2710 3073 
3 2959 2898 3074 
3 2898 3075 3074 
3 3068 2959 3074 
3 3075 3068 3074 
3 3005 3004 3076 
3 3004 3077 3076 
3 3078 3005 3076 
3 3077 3078 3076 
3 2904 2979 3079 
3 2978 2905 3079 
3 2905 2904 3079 
3 2979 2978 3079 
3 2979 2903 3080 
3 2901 2978 3080 
3 2978 2979 3080 
3 2903 2901 3080 
3 3081 3049 3082 
3 3082 3048 2947 
3 3083 3084 3085 
3 3084 3086 3085 
3 2983 3083 3029 
3 3087 2983 3029 
3 3087 2769 3088 
3 3060 2983 3088 
3 2983 3087 3088 
3 2769 3060 3088 
3 3024 3060 2771 
3 3060 2769 2771 
3 3025 3024 2771 
3 3025 2989 3089 
3 2986 3024 3089 
3 3024 3025 3089 
3 2989 2986 3089 
3 2989 2988 3090 
3 2944 2986 3090 
3 2986 2989 3090 
3 2988 2944 3090 
3 2893 2944 2894 
3 2944 2988 2894 
3 3036 3072 3037 
3 3091 3092 3093 
3 3020 3051 3021 
3 3051 3059 3021 
3 3084 3094 3095 
3 3086 3084 3095 
3 2742 2741 2790 
3 2764 2763 2976 
3 2736 2705 2704 
3 2878 2890 2803 
3 3032 3034 3096 
3 3034 3097 3096 
3 3026 3031 3098 
3 3096 3098 3033 
3 3032 3096 3033 
3 3098 3031 3033 
3 3098 3096 3099 
3 3026 3054 3100 
3 3026 2912 2716 
3 3054 3026 3098 
3 3038 2912 3100 
3 3054 3038 3100 
3 3022 2973 2933 
3 2816 2775 2774 
3 2705 2895 2706 
3 2739 2707 2964 
3 2971 2908 2910 
3 3061 2908 2984 
3 2993 2971 2910 
3 3060 3061 2983 
3 2983 3061 2984 
3 3069 2769 3087 
3 3038 3101 3039 
3 3097 3102 3099 
3 3054 3098 3103 
3 2883 2858 3015 
3 3103 3098 3099 
3 2834 3020 3104 
3 3051 3054 3103 
3 3052 3101 3038 
3 3039 3081 3010 
3 3081 3039 3101 
3 2788 3105 3106 
3 2993 3072 2969 
3 3072 2993 2927 
3 2973 2974 2933 
3 3107 2982 2971 
3 2970 3107 2971 
3 2983 2982 3083 
3 3108 2982 3107 
3 2982 3108 3083 
3 3028 3087 3029 
3 3085 3029 3083 
3 3103 3102 3059 
3 3109 2787 3070 
3 3029 3085 3027 
3 3059 3102 3110 
3 3059 3051 3103 
3 2719 3059 3110 
3 2912 3026 3100 
3 3052 3051 3111 
3 3051 3020 3111 
3 3052 2834 3112 
3 3052 3081 3101 
3 3049 3081 3112 
3 3111 2834 3052 
3 3082 2947 3011 
3 2834 3049 3112 
3 3035 3037 2921 
3 3072 2970 2969 
3 2908 3061 2974 
3 2970 3070 3113 
3 2970 3108 3107 
3 3114 3070 3115 
3 3083 3108 3084 
3 3114 3108 3113 
3 3108 3114 3084 
3 2987 2960 2988 
3 3028 3069 3087 
3 2900 2977 2901 
3 2739 2738 2708 
3 2705 2740 2737 
3 2738 2972 2708 
3 3035 3116 3036 
3 3021 2719 2721 
3 2918 3040 2991 
3 3049 2834 2836 
3 3020 3058 3104 
3 3020 2834 3111 
3 2720 3058 3020 
3 2835 2834 3104 
3 2810 2835 3117 
3 3058 2835 3104 
3 2985 2944 2945 
3 3049 2810 3047 
3 2810 3049 2836 
3 3091 3093 2920 
3 2809 3044 3047 
3 2849 3092 2842 
3 2868 2871 2847 
3 2975 2907 2903 
3 3049 3048 3082 
3 3036 2788 3109 
3 2788 3036 3116 
3 3109 3070 3036 
3 2887 2884 2907 
3 3070 2787 3115 
3 3070 3114 3113 
3 3064 3114 3115 
3 3084 3114 3094 
3 2787 3064 3115 
3 3114 3064 3094 
3 3058 2720 3118 
3 3055 3058 3118 
3 2835 3056 3117 
3 2835 2810 2836 
3 3068 2810 3117 
3 2810 2809 3047 
3 2810 3068 2811 
3 3056 3068 3117 
3 3075 2809 2811 
3 3044 2809 3119 
3 3068 3075 2811 
3 2809 3075 3119 
3 2873 3044 3119 
3 2873 2871 2868 
3 3120 2849 2871 
3 2873 3121 3120 
3 3121 2873 3119 
3 3092 2849 3122 
3 2849 3123 3122 
3 3123 2849 3120 
3 3105 3092 3122 
3 3105 2788 3116 
3 3105 3078 3106 
3 3078 3105 3122 
3 3077 2788 3106 
3 2788 3077 2789 
3 2788 2787 3109 
3 3078 3077 3106 
3 3041 2787 2789 
3 2805 2855 2857 
3 3077 3041 2789 
3 3094 3064 3124 
3 3064 3062 3124 
3 2790 2741 2791 
3 2905 3016 3030 
3 3016 3032 3030 
3 2717 3031 2718 
3 3031 3026 2718 
3 2887 2907 2763 
3 2994 2995 2717 
3 3056 3055 3125 
3 2728 2715 2746 
3 3125 3066 3056 
3 3119 3075 3126 
3 3075 2898 3126 
3 3121 3119 3126 
3 3120 3121 3127 
3 3121 3128 3127 
3 3128 3121 3126 
3 3123 3120 3127 
3 2807 2700 2802 
3 3122 3123 3129 
3 3123 3130 3129 
3 3130 3123 3127 
3 3078 3122 3129 
3 2759 2791 2792 
3 2945 2892 2804 
3 3116 3092 3105 
3 2740 2755 2737 
3 3096 3097 3099 
3 3086 3027 3085 
3 3005 3078 3129 
3 2716 2912 2911 
3 3041 3077 3131 
3 3077 3004 3131 
3 3042 3041 3131 
3 3062 3041 3043 
3 3004 3042 3131 
3 3108 2970 3113 
3 2856 2806 2857 
3 2806 2805 2857 
3 3081 3052 3112 
3 2959 3066 2748 
3 2726 2728 2751 
3 3132 2898 2897 
3 2898 2750 2899 
3 3126 2898 3132 
3 2902 2883 3015 
3 2873 3120 2871 
3 3128 3126 3132 
3 3127 3128 3133 
3 3128 3134 3133 
3 3134 3128 3132 
3 3130 3127 3133 
3 2982 2984 2971 
3 3129 3130 3135 
3 3130 3018 3135 
3 3018 3130 3133 
3 3005 3129 3135 
3 3005 3135 3001 
3 3003 3005 3000 
3 3042 3004 3006 
3 2798 2821 2818 
3 2821 2795 2818 
3 2714 2773 2747 
3 2899 2749 2957 
3 3134 3132 3136 
3 3132 3008 3136 
3 3132 2897 3008 
3 3134 2961 2967 
3 3137 2951 2950 
3 3102 3103 3099 
3 2953 2915 3138 
3 2914 3001 2915 
3 3138 3018 2954 
3 2919 2804 2891 
3 2915 2953 2916 
3 2951 3137 2967 
3 3137 3134 2967 
3 2844 2848 2828 
3 2871 2849 2848 
3 2849 2842 2841 
3 2837 2870 2869 
3 2837 2869 2822 
3 2785 2815 2852 
3 2767 2766 2850 
3 2850 2766 2851 
3 2815 2783 2839 
3 2783 2814 2838 
3 2848 2844 2843 
3 2864 2889 2924 
3 2865 2864 2924 
3 2934 2816 2870 
3 2816 2785 2870 
3 2962 3007 2963 
3 2854 2874 2872 
3 2929 2734 2732 
3 2734 2702 2732 
3 2732 2701 2930 
3 3008 2956 3009 
3 3010 3081 3011 
3 3081 3082 3011 
3 2722 3139 2723 
3 3139 2734 2723 
3 3139 2733 2734 
3 3139 2731 2733 
3 2734 2929 2723 
3 3139 2726 2731 
3 2726 3139 2727 
3 3139 2722 2727 
3 3011 2947 3012 
3 3035 2921 2920 
3 3093 3035 2920 
3 3116 3035 3093 
3 3092 3116 3093 
3 2842 3091 2917 
3 3092 3091 2842 
3 3037 2926 2921 
3 2954 3019 2955 
3 3048 3046 2948 
3 2947 3048 2948 
3 3048 3047 3046 
3 3047 3044 3046 
3 3045 2874 2946 
3 3046 3045 2948 
3 3044 2873 2874 
3 3045 3044 2874 
3 2844 2828 2830 
3 2813 2865 2923 
3 2940 2813 2923 
3 3091 2920 2922 
3 2782 2783 2815 
3 2814 3050 2942 
3 2826 2814 2942 
3 2814 2812 3050 
3 2812 2940 3050 
3 2812 2813 2940 
3 3017 2940 2941 
3 3050 3017 2942 
3 2870 2837 3014 
3 2948 3045 2949 
3 3019 3018 2950 
3 3018 3137 2950 
3 3018 3133 3137 
3 3133 3134 3137 
3 2953 3138 2954 
3 3019 2950 2952 
3 2915 3135 3138 
3 3135 3018 3138 
3 3001 3135 2915 
3 3136 3007 2962 
3 2961 3134 2962 
3 3008 3007 3136 
3 3002 3006 3003 
3 2897 2956 3008 
3 3134 3136 2962 
3 2966 2704 2706 
3 2895 2964 2965 
3 2895 2705 2964 
3 2705 2739 2964 
3 2847 2848 2843 
3 2951 2967 2968 
3 2847 2846 2866 
3 2957 2749 2958 
3 3002 3000 2998 
3 3037 3072 2926 
3 3072 2927 2926 
3 2890 2878 2936 
3 2878 2877 2936 
3 2875 2934 2876 
3 2816 2934 2875 
3 2877 2800 3140 
3 3140 2800 2876 
3 2877 3140 2936 
3 3140 2876 2935 
3 2936 3140 2937 
3 2711 2744 2938 
3 2972 2938 2939 
3 3141 3142 3143 
3 3144 3143 3145 
3 3146 3147 3148 
3 3149 3150 3151 
3 3152 3149 3151 
3 3150 3153 3154 
3 3151 3150 3154 
3 3153 3155 3156 
3 3154 3153 3156 
3 3156 3155 3157 
3 3158 3159 3160 
3 3161 3160 3162 
3 3163 3164 3165 
3 3166 3167 3168 
3 3169 3170 3171 
3 3172 3173 3174 
3 3175 3176 3177 
3 3178 3179 3180 
3 3179 3152 3180 
3 3151 3178 3180 
3 3156 3157 3181 
3 3152 3151 3180 
3 3182 3183 3184 
3 3183 3154 3184 
3 3156 3182 3184 
3 3185 3182 3181 
3 3182 3156 3181 
3 3157 3185 3181 
3 3186 3185 3187 
3 3185 3157 3187 
3 3188 3189 3190 
3 3158 3191 3159 
3 3191 3192 3190 
3 3158 3193 3194 
3 3195 3196 3197 
3 3193 3192 3194 
3 3193 3158 3161 
3 3198 3161 3179 
3 3199 3179 3178 
3 3183 3200 3201 
3 3200 3199 3201 
3 3202 3183 3182 
3 3203 3182 3185 
3 3204 3185 3186 
3 3205 3166 3168 
3 3166 3206 3186 
3 3207 3208 3209 
3 3207 3209 3210 
3 3211 3212 3213 
3 3214 3215 3216 
3 3160 3161 3158 
3 3188 3217 3189 
3 3218 3217 3219 
3 3188 3220 3219 
3 3192 3188 3190 
3 3188 3192 3221 
3 3220 3222 3219 
3 3220 3188 3221 
3 3221 3192 3223 
3 3193 3173 3223 
3 3224 3225 3226 
3 3198 3193 3161 
3 3193 3198 3227 
3 3173 3228 3223 
3 3173 3193 3227 
3 3199 3198 3179 
3 3229 3198 3230 
3 3198 3229 3227 
3 3199 3170 3230 
3 3200 3171 3199 
3 3170 3229 3230 
3 3170 3199 3171 
3 3202 3200 3183 
3 3200 3202 3231 
3 3204 3203 3185 
3 3232 3203 3233 
3 3204 3234 3233 
3 3203 3232 3235 
3 3206 3204 3186 
3 3234 3232 3233 
3 3206 3208 3236 
3 3237 3206 3236 
3 3238 3208 3239 
3 3207 3240 3239 
3 3208 3238 3236 
3 3241 3207 3210 
3 3240 3207 3242 
3 3240 3238 3239 
3 3241 3243 3242 
3 3243 3240 3242 
3 3243 3241 3244 
3 3245 3171 3200 
3 3246 3247 3248 
3 3218 3222 3249 
3 3249 3250 3251 
3 3228 3252 3220 
3 3217 3188 3219 
3 3173 3227 3229 
3 3245 3169 3171 
3 3245 3231 3253 
3 3231 3254 3253 
3 3234 3255 3256 
3 3236 3238 3237 
3 3237 3257 3258 
3 3259 3240 3260 
3 3243 3261 3260 
3 3240 3259 3262 
3 3261 3243 3263 
3 3261 3259 3260 
3 3264 3265 3263 
3 3265 3261 3263 
3 3265 3264 3266 
3 3252 3267 3220 
3 3268 3269 3270 
3 3271 3272 3273 
3 3250 3274 3251 
3 3275 3276 3277 
3 3278 3250 3279 
3 3280 3281 3279 
3 3267 3280 3282 
3 3281 3278 3279 
3 3240 3243 3260 
3 3267 3283 3284 
3 3283 3267 3252 
3 3285 3267 3284 
3 3283 3172 3174 
3 3286 3287 3288 
3 3232 3234 3256 
3 3229 3289 3290 
3 3261 3265 3291 
3 3292 3293 3294 
3 3255 3257 3295 
3 3257 3255 3258 
3 3259 3296 3262 
3 3297 3298 3299 
3 3259 3300 3301 
3 3208 3207 3239 
3 3302 3261 3291 
3 3265 3303 3291 
3 3265 3266 3304 
3 3304 3305 3306 
3 3303 3302 3291 
3 3307 3303 3308 
3 3303 3265 3304 
3 3309 3152 3162 
3 3290 3310 3311 
3 3312 3313 3314 
3 3257 3296 3315 
3 3164 3316 3317 
3 3318 3319 3320 
3 3321 3146 3148 
3 3322 3323 3324 
3 3325 3326 3327 
3 3276 3224 3226 
3 3276 3226 3328 
3 3329 3165 3330 
3 3331 3332 3333 
3 3278 3281 3334 
3 3225 3278 3334 
3 3281 3285 3335 
3 3334 3281 3335 
3 3335 3285 3142 
3 3336 3284 3283 
3 3300 3337 3301 
3 3300 3302 3338 
3 3337 3300 3338 
3 3302 3303 3339 
3 3338 3302 3339 
3 3339 3303 3307 
3 3340 3307 3341 
3 3307 3308 3342 
3 3164 3343 3316 
3 3164 3163 3343 
3 3343 3344 3316 
3 3163 3345 3343 
3 3345 3344 3343 
3 3344 3346 3316 
3 3316 3346 3317 
3 3347 3348 3349 
3 3319 3347 3349 
3 3273 3347 3319 
3 3318 3273 3319 
3 3350 3351 3352 
3 3221 3228 3220 
3 3353 3286 3354 
3 3272 3348 3347 
3 3355 3356 3357 
3 3355 3358 3356 
3 3346 3359 3360 
3 3358 3355 3359 
3 3356 3322 3357 
3 3359 3355 3360 
3 3147 3327 3361 
3 3362 3325 3327 
3 3147 3362 3327 
3 3363 3318 3364 
3 3325 3273 3363 
3 3273 3318 3363 
3 3327 3326 3361 
3 3362 3271 3325 
3 3332 3331 3365 
3 3366 3331 3333 
3 3331 3367 3368 
3 3367 3331 3225 
3 3369 3226 3366 
3 3368 3370 3371 
3 3367 3372 3373 
3 3372 3367 3334 
3 3367 3225 3334 
3 3368 3367 3373 
3 3372 3141 3374 
3 3141 3372 3335 
3 3372 3334 3335 
3 3373 3372 3374 
3 3141 3335 3142 
3 3345 3374 3375 
3 3376 3377 3378 
3 3377 3376 3338 
3 3376 3337 3338 
3 3378 3272 3271 
3 3377 3379 3380 
3 3379 3377 3339 
3 3377 3338 3339 
3 3378 3377 3380 
3 3379 3340 3381 
3 3340 3379 3307 
3 3379 3339 3307 
3 3380 3379 3381 
3 3340 3341 3382 
3 3383 3381 3384 
3 3385 3224 3275 
3 3222 3218 3219 
3 3259 3301 3386 
3 3387 3388 3389 
3 3388 3390 3389 
3 3391 3387 3392 
3 3387 3389 3392 
3 3393 3391 3394 
3 3391 3392 3394 
3 3393 3394 3395 
3 3396 3390 3397 
3 3398 3396 3397 
3 3399 3389 3400 
3 3389 3390 3400 
3 3396 3399 3400 
3 3395 3213 3401 
3 3402 3392 3403 
3 3392 3389 3403 
3 3399 3402 3403 
3 3213 3404 3401 
3 3154 3156 3184 
3 3175 3370 3368 
3 3195 3371 3196 
3 3177 3215 3405 
3 3175 3406 3407 
3 3406 3175 3373 
3 3175 3368 3373 
3 3176 3215 3177 
3 3408 3215 3176 
3 3406 3345 3409 
3 3345 3406 3374 
3 3406 3373 3374 
3 3407 3406 3409 
3 3375 3410 3358 
3 3375 3141 3410 
3 3409 3345 3163 
3 3411 3412 3348 
3 3272 3413 3414 
3 3413 3272 3378 
3 3411 3272 3414 
3 3413 3415 3416 
3 3415 3413 3380 
3 3413 3378 3380 
3 3414 3413 3416 
3 3415 3383 3417 
3 3383 3415 3381 
3 3415 3380 3381 
3 3416 3415 3417 
3 3418 3419 3420 
3 3384 3421 3422 
3 3238 3262 3296 
3 3228 3172 3283 
3 3423 3167 3187 
3 3321 3424 3146 
3 3321 3337 3424 
3 3424 3362 3146 
3 3337 3376 3424 
3 3362 3147 3146 
3 3376 3362 3424 
3 3322 3410 3323 
3 3410 3144 3323 
3 3410 3141 3144 
3 3141 3143 3144 
3 3323 3145 3324 
3 3425 3232 3256 
3 3306 3305 3426 
3 3333 3332 3427 
3 3365 3195 3428 
3 3429 3353 3354 
3 3288 3310 3430 
3 3143 3429 3431 
3 3358 3410 3356 
3 3342 3432 3433 
3 3434 3435 3436 
3 3422 3421 3437 
3 3421 3438 3439 
3 3382 3440 3441 
3 3442 3443 3444 
3 3350 3352 3445 
3 3446 3447 3352 
3 3351 3446 3352 
3 3448 3446 3351 
3 3449 3448 3351 
3 3450 3448 3449 
3 3451 3450 3449 
3 3452 3329 3453 
3 3454 3455 3456 
3 3216 3457 3458 
3 3165 3164 3330 
3 3226 3369 3328 
3 3274 3275 3277 
3 3274 3385 3275 
3 3278 3224 3385 
3 3250 3278 3385 
3 3459 3460 3461 
3 3447 3419 3462 
3 3463 3312 3464 
3 3142 3285 3284 
3 3404 3465 3401 
3 3465 3466 3467 
3 3468 3469 3470 
3 3192 3191 3194 
3 3313 3312 3463 
3 3471 3312 3314 
3 3472 3471 3314 
3 3312 3471 3398 
3 3398 3473 3396 
3 3396 3474 3399 
3 3399 3475 3402 
3 3402 3476 3477 
3 3477 3211 3213 
3 3466 3465 3404 
3 3213 3478 3404 
3 3466 3479 3467 
3 3480 3466 3404 
3 3479 3481 3482 
3 3483 3484 3485 
3 3469 3486 3487 
3 3486 3469 3468 
3 3486 3248 3487 
3 3472 3469 3488 
3 3469 3472 3470 
3 3489 3472 3488 
3 3471 3473 3398 
3 3473 3474 3396 
3 3399 3474 3490 
3 3474 3292 3490 
3 3476 3475 3491 
3 3475 3476 3402 
3 3491 3475 3492 
3 3211 3476 3493 
3 3476 3211 3477 
3 3476 3491 3493 
3 3211 3493 3494 
3 3480 3478 3495 
3 3478 3480 3404 
3 3495 3478 3496 
3 3497 3480 3498 
3 3480 3495 3499 
3 3497 3500 3501 
3 3500 3497 3498 
3 3502 3484 3501 
3 3484 3503 3485 
3 3500 3502 3501 
3 3503 3504 3505 
3 3198 3199 3230 
3 3246 3506 3507 
3 3506 3246 3508 
3 3509 3247 3507 
3 3192 3193 3223 
3 3506 3509 3507 
3 3510 3511 3247 
3 3248 3247 3487 
3 3509 3510 3247 
3 3512 3511 3510 
3 3489 3513 3514 
3 3515 3516 3514 
3 3517 3516 3518 
3 3516 3515 3518 
3 3513 3515 3514 
3 3293 3519 3294 
3 3292 3492 3490 
3 3520 3292 3294 
3 3203 3204 3233 
3 3491 3492 3521 
3 3522 3523 3493 
3 3475 3399 3490 
3 3522 3491 3521 
3 3491 3522 3493 
3 3494 3523 3524 
3 3484 3497 3501 
3 3499 3495 3496 
3 3511 3489 3488 
3 3525 3499 3526 
3 3207 3241 3242 
3 3502 3527 3528 
3 3504 3529 3530 
3 3528 3531 3504 
3 3529 3450 3530 
3 3457 3506 3508 
3 3271 3273 3325 
3 3408 3506 3457 
3 3516 3489 3514 
3 3509 3512 3510 
3 3532 3533 3512 
3 3512 3534 3532 
3 3336 3283 3287 
3 3454 3519 3518 
3 3535 3536 3455 
3 3535 3533 3536 
3 3531 3527 3537 
3 3538 3525 3526 
3 3525 3538 3539 
3 3540 3541 3542 
3 3243 3264 3263 
3 3527 3543 3540 
3 3527 3531 3528 
3 3527 3544 3537 
3 3544 3527 3540 
3 3545 3531 3537 
3 3531 3450 3529 
3 3247 3246 3507 
3 3544 3545 3537 
3 3443 3539 3444 
3 3350 3449 3351 
3 3533 3452 3536 
3 3268 3405 3269 
3 3546 3268 3547 
3 3548 3408 3407 
3 3534 3548 3409 
3 3548 3407 3409 
3 3534 3409 3163 
3 3389 3399 3403 
3 3390 3396 3400 
3 3545 3544 3414 
3 3544 3411 3414 
3 3448 3545 3416 
3 3545 3414 3416 
3 3448 3416 3417 
3 3250 3280 3279 
3 3418 3459 3461 
3 3274 3250 3385 
3 3469 3511 3488 
3 3418 3420 3459 
3 3498 3480 3499 
3 3533 3532 3452 
3 3515 3454 3518 
3 3296 3259 3386 
3 3235 3232 3425 
3 3282 3280 3222 
3 3429 3549 3353 
3 3215 3214 3269 
3 3405 3215 3269 
3 3502 3528 3504 
3 3376 3378 3271 
3 3411 3544 3540 
3 3326 3363 3364 
3 3344 3375 3358 
3 3332 3365 3428 
3 3497 3484 3483 
3 3329 3452 3550 
3 3289 3170 3169 
3 3212 3211 3494 
3 3314 3313 3551 
3 3552 3546 3547 
3 3269 3214 3270 
3 3196 3552 3197 
3 3432 3426 3553 
3 3432 3308 3426 
3 3308 3306 3426 
3 3308 3303 3306 
3 3303 3304 3306 
3 3266 3305 3304 
3 3298 3321 3299 
3 3435 3554 3555 
3 3556 3442 3557 
3 3349 3348 3558 
3 3412 3542 3556 
3 3533 3513 3512 
3 3293 3518 3519 
3 3352 3447 3445 
3 3521 3492 3559 
3 3511 3469 3487 
3 3278 3225 3224 
3 3182 3203 3560 
3 3202 3182 3560 
3 3235 3202 3560 
3 3229 3170 3289 
3 3496 3494 3524 
3 3284 3336 3549 
3 3549 3336 3353 
3 3411 3540 3542 
3 3554 3297 3555 
3 3452 3532 3550 
3 3541 3540 3543 
3 3481 3497 3482 
3 3497 3483 3482 
3 3237 3234 3561 
3 3206 3237 3561 
3 3234 3204 3561 
3 3204 3206 3561 
3 3489 3516 3562 
3 3516 3471 3562 
3 3472 3489 3562 
3 3471 3472 3562 
3 3502 3504 3563 
3 3504 3503 3563 
3 3484 3502 3563 
3 3503 3484 3563 
3 3293 3292 3564 
3 3292 3474 3564 
3 3473 3293 3564 
3 3474 3473 3564 
3 3329 3550 3165 
3 3478 3212 3496 
3 3293 3473 3517 
3 3471 3516 3517 
3 3473 3471 3517 
3 3543 3527 3565 
3 3527 3502 3565 
3 3500 3543 3565 
3 3502 3500 3565 
3 3229 3290 3311 
3 3174 3173 3311 
3 3173 3229 3311 
3 3512 3513 3566 
3 3513 3489 3566 
3 3483 3479 3482 
3 3511 3487 3247 
3 3465 3567 3401 
3 3511 3512 3566 
3 3489 3511 3566 
3 3296 3257 3568 
3 3238 3296 3568 
3 3257 3237 3568 
3 3237 3238 3568 
3 3525 3543 3569 
3 3543 3500 3569 
3 3499 3525 3569 
3 3500 3499 3569 
3 3280 3250 3570 
3 3237 3258 3234 
3 3191 3158 3194 
3 3222 3280 3570 
3 3250 3249 3570 
3 3249 3222 3570 
3 3166 3205 3571 
3 3475 3490 3492 
3 3302 3300 3572 
3 3261 3302 3572 
3 3300 3259 3572 
3 3259 3261 3572 
3 3545 3448 3573 
3 3448 3450 3573 
3 3531 3545 3573 
3 3450 3531 3573 
3 3285 3281 3574 
3 3267 3285 3574 
3 3281 3280 3574 
3 3280 3267 3574 
3 3548 3534 3575 
3 3534 3512 3575 
3 3509 3548 3575 
3 3512 3509 3575 
3 3408 3548 3576 
3 3548 3509 3576 
3 3506 3408 3576 
3 3509 3506 3576 
3 3429 3142 3549 
3 3541 3543 3577 
3 3402 3477 3578 
3 3394 3392 3578 
3 3477 3394 3578 
3 3392 3402 3578 
3 3398 3464 3312 
3 3541 3577 3442 
3 3543 3525 3577 
3 3477 3213 3579 
3 3395 3394 3579 
3 3213 3395 3579 
3 3394 3477 3579 
3 3152 3179 3162 
3 3179 3161 3162 
3 3336 3287 3286 
3 3283 3174 3287 
3 3154 3183 3580 
3 3178 3151 3580 
3 3183 3178 3580 
3 3151 3154 3580 
3 3273 3272 3347 
3 3515 3513 3535 
3 3208 3206 3571 
3 3206 3166 3571 
3 3480 3497 3481 
3 3466 3480 3481 
3 3559 3492 3520 
3 3492 3292 3520 
3 3550 3163 3165 
3 3167 3166 3186 
3 3542 3541 3556 
3 3228 3221 3223 
3 3225 3331 3366 
3 3505 3504 3530 
3 3350 3451 3449 
3 3552 3370 3546 
3 3371 3370 3196 
3 3370 3552 3196 
3 3267 3282 3220 
3 3186 3187 3167 
3 3286 3288 3430 
3 3460 3422 3437 
3 3370 3177 3405 
3 3370 3405 3546 
3 3142 3284 3549 
3 3262 3238 3240 
3 3212 3478 3213 
3 3412 3411 3542 
3 3442 3577 3443 
3 3535 3513 3533 
3 3376 3271 3362 
3 3215 3408 3216 
3 3252 3228 3283 
3 3523 3494 3493 
3 3254 3231 3202 
3 3464 3398 3397 
3 3534 3163 3532 
3 3500 3498 3499 
3 3307 3342 3341 
3 3381 3340 3384 
3 3407 3408 3176 
3 3331 3368 3371 
3 3405 3268 3546 
3 3479 3466 3481 
3 3293 3517 3518 
3 3388 3581 3390 
3 3309 3149 3152 
3 3157 3423 3187 
3 3337 3321 3298 
3 3450 3451 3530 
3 3208 3571 3582 
3 3203 3235 3560 
3 3369 3333 3427 
3 3369 3366 3333 
3 3255 3234 3258 
3 3155 3423 3157 
3 3567 3393 3395 
3 3567 3395 3401 
3 3254 3235 3425 
3 3315 3296 3386 
3 3209 3208 3582 
3 3526 3499 3496 
3 3496 3212 3494 
3 3160 3309 3162 
3 3496 3538 3526 
3 3336 3286 3353 
3 3346 3344 3359 
3 3448 3417 3446 
3 3228 3173 3172 
3 3344 3358 3359 
3 3410 3322 3356 
3 3370 3175 3177 
3 3348 3412 3558 
3 3145 3143 3431 
3 3308 3432 3342 
3 3374 3141 3375 
3 3426 3305 3553 
3 3420 3383 3459 
3 3383 3460 3459 
3 3419 3417 3420 
3 3417 3383 3420 
3 3446 3417 3419 
3 3447 3446 3419 
3 3224 3276 3275 
3 3541 3442 3556 
3 3581 3464 3397 
3 3419 3418 3462 
3 3532 3163 3550 
3 3214 3216 3458 
3 3390 3581 3397 
3 3412 3556 3557 
3 3226 3225 3366 
3 3272 3411 3348 
3 3531 3529 3504 
3 3244 3264 3243 
3 3235 3254 3202 
3 3220 3282 3222 
3 3470 3472 3551 
3 3472 3314 3551 
3 3496 3524 3538 
3 3536 3452 3453 
3 3231 3245 3200 
3 3313 3470 3551 
3 3205 3209 3582 
3 3571 3205 3582 
3 3199 3178 3201 
3 3178 3183 3201 
3 3440 3342 3433 
3 3371 3195 3365 
3 3331 3371 3365 
3 3583 3382 3441 
3 3315 3435 3434 
3 3577 3525 3443 
3 3525 3539 3443 
3 3295 3434 3436 
3 3287 3174 3288 
3 3174 3310 3288 
3 3175 3407 3176 
3 3323 3144 3145 
3 3310 3174 3311 
3 3297 3584 3298 
3 3301 3337 3584 
3 3554 3301 3584 
3 3584 3337 3298 
3 3297 3554 3584 
3 3435 3386 3554 
3 3386 3301 3554 
3 3257 3315 3434 
3 3315 3386 3435 
3 3295 3257 3434 
3 3515 3535 3455 
3 3454 3515 3455 
3 3408 3457 3216 
3 3455 3536 3456 
3 3460 3383 3422 
3 3383 3384 3422 
3 3438 3583 3439 
3 3341 3440 3382 
3 3583 3340 3382 
3 3342 3440 3341 
3 3384 3340 3438 
3 3340 3583 3438 
3 3421 3384 3438 
3 3326 3325 3363 
3 3345 3375 3344 
3 3319 3349 3320 
3 3142 3429 3143 
3 3585 3586 3587 
3 3588 3589 3590 
3 3591 3592 3593 
3 3594 3595 3596 
3 3597 3598 3599 
3 3600 3601 3602 
3 3603 3604 3605 
3 3606 3607 3608 
3 3609 3610 3611 
3 3612 3613 3614 
3 3615 3616 3617 
3 3618 3619 3620 
3 3621 3618 3622 
3 3610 3623 3611 
3 3624 3625 3626 
3 3627 3628 3629 
3 3620 3630 3618 
3 3631 3632 3633 
3 3634 3585 3635 
3 3636 3637 3638 
3 3612 3614 3639 
3 3640 3641 3637 
3 3636 3640 3637 
3 3640 3642 3641 
3 3642 3643 3641 
3 3644 3645 3646 
3 3647 3586 3585 
3 3634 3647 3585 
3 3647 3648 3586 
3 3648 3649 3586 
3 3585 3587 3635 
3 3650 3651 3631 
3 3652 3653 3651 
3 3590 3652 3651 
3 3653 3632 3631 
3 3654 3655 3656 
3 3657 3647 3655 
3 3647 3634 3655 
3 3658 3659 3660 
3 3661 3662 3663 
3 3613 3664 3614 
3 3664 3665 3614 
3 3612 3666 3613 
3 3666 3667 3613 
3 3667 3664 3613 
3 3596 3595 3668 
3 3664 3594 3596 
3 3665 3664 3596 
3 3601 3669 3602 
3 3670 3671 3672 
3 3621 3673 3674 
3 3675 3589 3676 
3 3652 3677 3653 
3 3678 3679 3680 
3 3646 3645 3681 
3 3682 3683 3684 
3 3627 3685 3628 
3 3614 3665 3639 
3 3686 3636 3687 
3 3595 3594 3686 
3 3688 3640 3594 
3 3664 3688 3594 
3 3632 3689 3690 
3 3657 3654 3689 
3 3677 3647 3657 
3 3653 3677 3657 
3 3691 3692 3693 
3 3616 3615 3694 
3 3615 3695 3694 
3 3696 3695 3697 
3 3698 3696 3697 
3 3699 3593 3700 
3 3701 3702 3703 
3 3701 3704 3702 
3 3701 3705 3704 
3 3706 3707 3702 
3 3701 3708 3705 
3 3709 3710 3711 
3 3595 3686 3687 
3 3643 3712 3713 
3 3714 3715 3716 
3 3683 3717 3718 
3 3599 3719 3720 
3 3715 3721 3722 
3 3602 3723 3724 
3 3725 3726 3727 
3 3728 3729 3730 
3 3731 3732 3733 
3 3734 3588 3735 
3 3736 3670 3672 
3 3719 3737 3738 
3 3739 3740 3741 
3 3710 3742 3743 
3 3744 3674 3745 
3 3674 3673 3745 
3 3746 3747 3748 
3 3749 3750 3751 
3 3752 3682 3684 
3 3750 3753 3754 
3 3755 3612 3756 
3 3654 3657 3655 
3 3649 3744 3757 
3 3753 3758 3759 
3 3648 3619 3649 
3 3760 3761 3762 
3 3763 3764 3765 
3 3766 3767 3768 
3 3663 3765 3661 
3 3605 3769 3603 
3 3770 3615 3771 
3 3772 3773 3774 
3 3659 3775 3776 
3 3777 3778 3671 
3 3589 3652 3590 
3 3619 3744 3649 
3 3779 3780 3781 
3 3615 3782 3783 
3 3784 3785 3786 
3 3787 3788 3685 
3 3789 3790 3791 
3 3792 3793 3794 
3 3795 3796 3797 
3 3798 3795 3797 
3 3692 3799 3693 
3 3740 3800 3801 
3 3773 3731 3774 
3 3588 3590 3802 
3 3689 3654 3690 
3 3799 3803 3693 
3 3804 3805 3806 
3 3729 3807 3808 
3 3673 3646 3681 
3 3637 3809 3638 
3 3810 3598 3597 
3 3811 3812 3813 
3 3812 3814 3813 
3 3815 3644 3646 
3 3816 3611 3623 
3 3589 3588 3817 
3 3676 3778 3818 
3 3819 3820 3821 
3 3780 3779 3753 
3 3712 3822 3728 
3 3823 3795 3824 
3 3825 3823 3824 
3 3795 3798 3824 
3 3798 3825 3824 
3 3698 3805 3826 
3 3827 3698 3826 
3 3805 3804 3826 
3 3804 3827 3826 
3 3828 3829 3625 
3 3624 3828 3625 
3 3829 3830 3625 
3 3831 3832 3833 
3 3834 3831 3833 
3 3832 3835 3833 
3 3835 3834 3833 
3 3836 3792 3837 
3 3838 3836 3837 
3 3792 3764 3837 
3 3764 3838 3837 
3 3839 3840 3841 
3 3842 3839 3841 
3 3840 3810 3841 
3 3810 3842 3841 
3 3843 3591 3844 
3 3845 3843 3844 
3 3591 3846 3844 
3 3846 3845 3844 
3 3847 3848 3849 
3 3850 3675 3851 
3 3763 3847 3852 
3 3853 3854 3855 
3 3856 3696 3857 
3 3858 3679 3857 
3 3679 3856 3857 
3 3696 3858 3857 
3 3859 3860 3607 
3 3606 3859 3607 
3 3860 3859 3861 
3 3616 3862 3861 
3 3862 3860 3861 
3 3859 3616 3861 
3 3863 3864 3865 
3 3866 3867 3865 
3 3867 3863 3865 
3 3661 3868 3662 
3 3869 3870 3871 
3 3870 3872 3871 
3 3825 3782 3617 
3 3782 3615 3617 
3 3869 3871 3873 
3 3874 3869 3873 
3 3615 3770 3695 
3 3677 3648 3647 
3 3806 3805 3875 
3 3876 3829 3644 
3 3775 3877 3776 
3 3597 3599 3720 
3 3878 3879 3880 
3 3839 3881 3840 
3 3839 3882 3883 
3 3839 3842 3882 
3 3624 3884 3885 
3 3882 3886 3883 
3 3887 3630 3881 
3 3888 3626 3887 
3 3839 3887 3881 
3 3864 3889 3865 
3 3761 3878 3890 
3 3622 3876 3644 
3 3876 3830 3829 
3 3830 3887 3626 
3 3891 3827 3804 
3 3804 3829 3891 
3 3892 3893 3894 
3 3895 3896 3771 
3 3896 3770 3771 
3 3783 3895 3771 
3 3897 3783 3782 
3 3795 3823 3898 
3 3623 3795 3898 
3 3771 3615 3783 
3 3759 3755 3756 
3 3899 3835 3816 
3 3816 3869 3899 
3 3781 3835 3900 
3 3834 3835 3899 
3 3901 3902 3855 
3 3900 3832 3845 
3 3835 3832 3900 
3 3903 3832 3904 
3 3875 3805 3905 
3 3645 3644 3906 
3 3593 3592 3700 
3 3907 3908 3909 
3 3737 3910 3738 
3 3669 3850 3911 
3 3912 3910 3737 
3 3910 3912 3739 
3 3913 3914 3912 
3 3791 3736 3915 
3 3810 3597 3916 
3 3917 3598 3918 
3 3708 3919 3705 
3 3920 3598 3921 
3 3598 3920 3918 
3 3810 3840 3921 
3 3842 3810 3916 
3 3840 3920 3921 
3 3922 3877 3760 
3 3918 3920 3923 
3 3924 3918 3923 
3 3920 3840 3925 
3 3620 3920 3925 
3 3920 3620 3923 
3 3840 3630 3925 
3 3630 3887 3926 
3 3630 3840 3881 
3 3630 3620 3925 
3 3769 3658 3660 
3 3886 3888 3883 
3 3888 3886 3927 
3 3863 3928 3929 
3 3923 3620 3619 
3 3586 3649 3587 
3 3648 3923 3619 
3 3622 3630 3926 
3 3630 3622 3618 
3 3887 3830 3926 
3 3830 3622 3926 
3 3888 3927 3930 
3 3888 3624 3626 
3 3624 3888 3930 
3 3650 3631 3633 
3 3618 3621 3931 
3 3622 3644 3815 
3 3931 3621 3674 
3 3622 3830 3876 
3 3868 3661 3932 
3 3625 3830 3626 
3 3884 3624 3930 
3 3828 3624 3885 
3 3784 3828 3885 
3 3784 3884 3933 
3 3818 3778 3777 
3 3621 3622 3815 
3 3934 3645 3906 
3 3829 3804 3906 
3 3829 3828 3891 
3 3804 3934 3906 
3 3659 3935 3660 
3 3828 3784 3786 
3 3828 3827 3891 
3 3827 3828 3786 
3 3784 3933 3785 
3 3590 3650 3802 
3 3936 3874 3873 
3 3937 3938 3760 
3 3804 3806 3934 
3 3827 3786 3858 
3 3698 3827 3858 
3 3785 3678 3680 
3 3679 3858 3680 
3 3805 3698 3905 
3 3896 3875 3905 
3 3698 3858 3696 
3 3696 3939 3695 
3 3695 3770 3697 
3 3939 3696 3940 
3 3679 3941 3856 
3 3939 3616 3694 
3 3942 3907 3940 
3 3696 3856 3940 
3 3907 3939 3940 
3 3603 3943 3604 
3 3623 3870 3944 
3 3798 3797 3897 
3 3908 3862 3909 
3 3939 3907 3909 
3 3862 3616 3909 
3 3695 3939 3694 
3 3825 3798 3782 
3 3825 3616 3859 
3 3823 3825 3859 
3 3862 3945 3860 
3 3610 3796 3946 
3 3796 3610 3947 
3 3795 3623 3946 
3 3623 3610 3946 
3 3823 3859 3606 
3 3823 3870 3898 
3 3870 3823 3606 
3 3860 3948 3607 
3 3680 3786 3785 
3 3945 3948 3860 
3 3947 3610 3749 
3 3610 3949 3749 
3 3610 3609 3949 
3 3691 3819 3767 
3 3845 3832 3950 
3 3870 3623 3898 
3 3816 3623 3944 
3 3870 3869 3944 
3 3872 3870 3606 
3 3869 3816 3944 
3 3872 3608 3951 
3 3936 3872 3951 
3 3952 3666 3779 
3 3816 3609 3611 
3 3781 3609 3953 
3 3780 3609 3781 
3 3816 3835 3953 
3 3877 3789 3776 
3 3835 3781 3953 
3 3787 3812 3811 
3 3871 3936 3873 
3 3869 3834 3899 
3 3834 3869 3874 
3 3954 3955 3604 
3 3856 3942 3940 
3 3666 3952 3956 
3 3667 3666 3956 
3 3781 3952 3779 
3 3846 3952 3957 
3 3952 3846 3956 
3 3781 3845 3957 
3 3838 3919 3958 
3 3845 3781 3900 
3 3845 3846 3957 
3 3834 3874 3959 
3 3831 3834 3959 
3 3872 3936 3871 
3 3956 3846 3747 
3 3960 3956 3747 
3 3846 3591 3747 
3 3843 3845 3950 
3 3832 3903 3950 
3 3832 3831 3904 
3 3903 3843 3950 
3 3747 3591 3961 
3 3962 3746 3748 
3 3608 3872 3606 
3 3843 3903 3963 
3 3644 3829 3906 
3 3592 3843 3963 
3 3715 3964 3721 
3 3962 3748 3964 
3 3793 3792 3965 
3 3790 3877 3818 
3 3914 3966 3800 
3 3967 3968 3966 
3 3914 3967 3966 
3 3914 3969 3967 
3 3967 3969 3970 
3 3971 3967 3970 
3 3924 3969 3918 
3 3969 3924 3970 
3 3970 3924 3972 
3 3973 3970 3972 
3 3648 3924 3923 
3 3924 3648 3972 
3 3652 3972 3677 
3 3632 3653 3689 
3 3653 3657 3689 
3 3941 3942 3856 
3 3942 3908 3907 
3 3908 3945 3862 
3 3640 3636 3686 
3 3960 3667 3956 
3 3667 3960 3974 
3 3974 3960 3975 
3 3976 3974 3975 
3 3746 3960 3747 
3 3960 3746 3975 
3 3975 3746 3977 
3 3978 3975 3977 
3 3746 3962 3977 
3 3917 3918 3913 
3 3752 3979 3682 
3 3683 3980 3717 
3 3981 3714 3716 
3 3979 3980 3682 
3 3982 3601 3983 
3 3983 3601 3726 
3 3971 3968 3967 
3 3984 3601 3982 
3 3726 3600 3727 
3 3669 3601 3984 
3 3973 3971 3970 
3 3971 3973 3984 
3 3984 3973 3985 
3 3850 3984 3985 
3 3652 3973 3972 
3 3973 3652 3985 
3 3985 3652 3589 
3 3675 3985 3589 
3 3986 3712 3643 
3 3642 3986 3643 
3 3986 3642 3987 
3 3763 3986 3987 
3 3976 3642 3974 
3 3642 3976 3987 
3 3987 3976 3988 
3 3847 3987 3988 
3 3978 3976 3975 
3 3976 3978 3988 
3 3988 3978 3989 
3 3848 3988 3989 
3 3979 3978 3977 
3 3978 3979 3989 
3 3709 3989 3990 
3 3707 3706 3709 
3 3678 3941 3679 
3 3901 3991 3902 
3 3992 3955 3954 
3 3669 3993 3723 
3 3850 3669 3984 
3 3993 3669 3911 
3 3850 3890 3911 
3 3675 3850 3985 
3 3890 3850 3851 
3 3890 3993 3911 
3 3675 3762 3851 
3 3762 3675 3676 
3 3762 3890 3851 
3 3671 3734 3735 
3 3670 3777 3671 
3 3791 3818 3777 
3 3994 3995 3894 
3 3887 3839 3883 
3 3868 3996 3807 
3 3662 3868 3807 
3 3847 3763 3987 
3 3764 3763 3852 
3 3847 3838 3852 
3 3761 3760 3878 
3 3848 3847 3988 
3 3838 3847 3849 
3 3838 3764 3852 
3 3848 3919 3849 
3 3848 3706 3704 
3 3705 3848 3704 
3 3919 3838 3849 
3 3854 3853 3997 
3 3723 3993 3998 
3 3880 3993 3999 
3 3993 3880 3998 
3 3890 3878 3999 
3 3890 3762 3761 
3 3878 3880 3999 
3 3818 3762 3676 
3 3762 3818 3922 
3 3922 3760 3762 
3 3877 3922 3818 
3 3789 3799 4000 
3 3789 3791 3915 
3 3803 3799 3915 
3 3799 3789 3915 
3 3952 3781 3957 
3 3736 3803 3915 
3 3598 3810 3921 
3 3692 3691 3767 
3 3628 4001 3629 
3 3868 3629 3996 
3 3629 3868 3627 
3 3628 3892 4001 
3 3685 3868 3932 
3 3868 3685 3627 
3 3661 3793 3932 
3 3764 3661 3765 
3 3661 3764 3794 
3 3794 3793 3661 
3 3793 3685 3932 
3 3764 3792 3794 
3 3836 3838 3958 
3 3919 4002 3958 
3 3591 3843 3592 
3 3919 3848 3705 
3 4002 3919 3708 
3 4002 3836 3958 
3 3993 3890 3999 
3 3807 3996 3808 
3 3879 3878 3938 
3 3760 3938 3878 
3 3788 4003 3628 
3 4002 4004 3836 
3 3877 3775 3760 
3 3775 3937 3760 
3 3789 3935 3776 
3 3789 3877 3790 
3 3796 3795 3946 
3 3935 3789 4000 
3 3935 3659 3776 
3 3799 4005 4000 
3 4005 3799 4006 
3 3692 3766 4006 
3 3820 3819 3691 
3 3766 3692 3767 
3 3766 4005 4006 
3 3819 3821 4007 
3 3609 3780 3949 
3 3968 3731 3773 
3 4008 3767 3819 
3 3966 3968 3773 
3 3772 3966 3773 
3 4007 3994 3894 
3 3821 3994 4007 
3 3893 3892 4009 
3 3972 3648 3677 
3 3628 4009 3892 
3 3966 3772 3800 
3 3800 3772 3801 
3 3740 3914 3800 
3 3651 3653 3631 
3 3892 3995 4001 
3 3968 3983 3732 
3 3731 3968 3732 
3 3968 3982 3983 
3 3685 3788 3628 
3 4003 4009 3628 
3 3971 3984 3982 
3 3968 3971 3982 
3 3983 3725 3732 
3 3712 3728 3730 
3 3655 3634 3656 
3 4007 4008 3819 
3 3609 3816 3953 
3 3793 4010 3685 
3 4010 3787 3685 
3 3753 3779 3758 
3 3986 3763 3765 
3 3812 3793 3965 
3 3793 3812 4010 
3 3792 4011 3965 
3 4011 3792 4012 
3 4009 4003 3928 
3 4011 3812 3965 
3 3836 4013 4012 
3 3818 3791 3790 
3 4013 3836 4004 
3 4013 4011 4012 
3 4014 3879 3938 
3 4014 3937 4015 
3 3937 4014 3938 
3 3937 3659 4016 
3 3659 3937 3775 
3 4015 3937 4016 
3 3792 3836 4012 
3 3659 3658 4016 
3 3935 3769 3660 
3 3935 4005 3603 
3 4005 3935 4000 
3 3769 3935 3603 
3 4005 3766 3943 
3 3603 4005 3943 
3 3767 4008 3768 
3 3943 3766 3768 
3 4008 4017 3867 
3 4017 4008 4007 
3 3768 4008 3867 
3 4017 4007 3894 
3 4017 3893 3863 
3 3893 4017 3894 
3 3867 4017 3863 
3 3770 3698 3697 
3 3893 4009 3928 
3 3616 3825 3617 
3 3863 3893 3928 
3 4003 3787 3853 
3 3787 4003 3788 
3 3928 4003 3853 
3 3814 4018 3813 
3 3997 3787 3811 
3 3812 3787 4010 
3 3787 3997 3853 
3 3698 3770 3905 
3 3812 4011 3814 
3 4018 3997 3811 
3 4018 3811 3813 
3 4011 4013 4019 
3 3814 4011 4019 
3 3799 3692 4006 
3 3884 3784 3885 
3 3658 3769 4020 
3 4020 3769 3605 
3 3943 3954 3604 
3 3943 3768 4021 
3 3955 3605 3604 
3 4022 3954 4021 
3 3954 3943 4021 
3 3768 4022 4021 
3 4022 3768 4023 
3 3867 3866 4023 
3 3866 4024 4023 
3 3616 3939 3909 
3 3889 3866 3865 
3 3902 3864 3929 
3 3864 3863 3929 
3 3928 3902 3929 
3 3928 3853 3855 
3 3742 3752 3743 
3 3854 3901 3855 
3 3902 3928 3855 
3 3858 3786 3680 
3 3997 4018 4025 
3 3854 3997 4025 
3 3770 3896 3905 
3 3995 3892 3894 
3 3650 3590 3651 
3 3587 3649 3757 
3 3822 3663 3728 
3 3663 3729 3728 
3 3765 3663 3822 
3 3986 3765 3822 
3 3768 3867 4023 
3 3712 3986 3822 
3 3663 3662 3729 
3 3662 3807 3729 
3 3917 3719 3599 
3 3598 3917 3599 
3 3721 3699 3722 
3 3964 3961 3721 
3 3961 3699 3721 
3 3912 3914 3739 
3 3914 3740 3739 
3 3917 3912 3737 
3 3719 3917 3737 
3 3917 3913 3912 
3 3969 3914 3913 
3 3918 3969 3913 
3 3980 3683 3682 
3 3980 3962 3717 
3 3962 3981 3717 
3 3979 3977 3980 
3 3977 3962 3980 
3 3964 3715 3714 
3 3748 3961 3964 
3 3981 3962 3714 
3 3747 3961 3748 
3 3962 3964 3714 
3 3717 3981 3718 
3 3744 3931 3674 
3 3744 3619 3931 
3 3815 3646 3673 
3 3621 3815 3673 
3 3619 3618 3931 
3 3780 3753 3750 
3 3749 3949 3750 
3 3949 3780 3750 
3 3758 3666 3755 
3 3666 3612 3755 
3 3883 3888 3887 
3 3992 3954 4022 
3 3779 3666 3758 
3 3759 3758 3755 
3 3753 3759 3754 
3 4024 3992 4022 
3 3910 3739 3741 
3 3798 3897 3782 
3 3889 4024 3866 
3 3732 3725 3733 
3 3702 3707 3703 
3 4024 4022 4023 
3 3707 3709 3711 
3 3991 3889 3864 
3 3710 3990 3742 
3 3710 3709 3990 
3 3979 3752 3742 
3 3991 3864 3902 
3 3948 3608 3607 
3 3706 3989 3709 
3 3990 3979 3742 
3 3704 3706 3702 
3 3989 3979 3990 
3 3848 3989 3706 
3 3778 3817 3734 
3 3671 3778 3734 
3 3778 3676 3817 
3 3676 3589 3817 
3 3817 3588 3734 
3 3736 3791 3670 
3 3791 3777 3670 
3 3947 3749 3751 
3 3669 3723 3602 
3 3600 3602 3724 
3 3725 3983 3726 
3 3809 3643 3713 
3 3601 3600 3726 
3 3665 3596 3668 
3 3699 3961 3593 
3 3961 3591 3593 
3 3637 3641 3809 
3 3594 3640 3686 
3 3667 3688 3664 
3 3688 3642 3640 
3 3974 3642 3688 
3 3667 3974 3688 
3 3641 3643 3809 

