ply
format ascii 1.0
element vertex 1547
property float32 x
property float32 y
property float32 z
property uchar red
property uchar green
property uchar blue
property uchar alpha
element face 2994
property list uint8 int32 vertex_indices
end_header
-0.192706129523199 -0.981256514701527 -0.870921037003143 255 128 128 255 
-0.24656628664715 -0.969125929014922 -1 255 128 128 255 
-0.121822072342805 -0.992551954655324 -1 255 128 128 255 
-0.368760947468031 -0.929524267366097 -1 255 128 128 255 
0.00413268726252697 -0.999991460411533 -0.8724761353418 255 128 128 255 
0.256107816026054 -0.966648222762741 -1 255 128 128 255 
0.200266909725588 -0.979741376521867 -0.874718297258808 255 128 128 255 
0.131556670302493 -0.991308651479912 -1 255 128 128 255 
-0.530100712863573 0.00580503400705649 1.84791481635935 255 128 128 255 
-0.480238166337208 0.152756135793184 1.86373425691622 255 128 128 255 
-0.545655524324503 0.109655703284216 1.83080423416795 255 128 128 255 
-0.603084374236184 -0.797677401931477 -1 255 128 128 255 
-0.57941128078211 -0.815035316843653 -0.863519269380395 255 128 128 255 
-0.707106781308288 -0.707106781064807 -1 255 128 128 255 
0.612271534288846 -0.790647562634314 -1 255 128 128 255 
0.609234005452269 -0.792990495908106 -0.875337476346932 255 128 128 255 
0.499037653907999 -0.866580302096695 -1 255 128 128 255 
0.714124690104166 -0.700018519029053 -1 255 128 128 255 
-0.815034769653294 -0.57941205049274 -0.863579631577901 255 128 128 255 
-0.797677402223204 -0.603084373850327 -1 255 128 128 255 
-0.873073245978564 -0.487589076125024 -1 255 128 128 255 
0.802363614020873 -0.596835514103646 -1 255 128 128 255 
0.82001776205071 -0.572338073101331 -0.865663061588313 255 128 128 255 
-0.92952426594501 -0.368760951050121 -1 255 128 128 255 
-0.981256019954602 -0.192708648749487 -0.871005303441767 255 128 128 255 
-0.969125922828795 -0.24656631096165 -1 255 128 128 255 
0.98233501145065 -0.187130770527596 -0.870447252030491 255 128 128 255 
0.970995832043283 -0.239096411839602 -1 255 128 128 255 
0.993364466798242 -0.115008852279487 -1 255 128 128 255 
-0.999991620519898 0.00409376232684051 -0.872535401608904 255 128 128 255 
-0.991309246960511 0.131552183146402 -1 255 128 128 255 
-0.999988070575688 0.0048845374716603 -1 255 128 128 255 
-0.401415107300449 -0.635751729139477 1.65930694712488 255 128 128 255 
-0.458766304829846 -0.669173387606144 1.5845857121693 255 128 128 255 
-0.381501209552676 -0.688956647978236 1.61627555875309 255 128 128 255 
-0.700521178679063 -0.331686467902905 1.63186562276499 255 128 128 255 
-0.66442659230731 -0.457479038105256 1.59097396992523 255 128 128 255 
-0.619254295053219 -0.415141881657294 1.66646930623412 255 128 128 255 
-0.258168897507352 -0.759990458621412 1.59645898699261 255 128 128 255 
-0.24384505207738 -0.813114118638797 1.52856884191904 255 128 128 255 
-0.195248778098937 -0.786619186617249 1.58575435969055 255 128 128 255 
-0.0899183341553621 -0.817615353802384 1.56870011993082 255 128 128 255 
-0.185484277911878 -0.740499748140083 1.64595333086221 255 128 128 255 
-0.308459976715663 -0.701220243771772 1.64276170739181 255 128 128 255 
-0.352737053099498 -0.74132637848701 1.57097440566983 255 128 128 255 
-0.566036665271195 -0.569062447383854 1.59646493991363 255 128 128 255 
-0.47954316481038 -0.596522798768966 1.64358286462 255 128 128 255 
-0.0955372356881995 -0.757386240285629 1.64594018269733 255 128 128 255 
-0.107209428114405 -0.714430523117195 1.69144426106655 255 128 128 255 
0.00253436875029674 -0.74078659149003 1.67173566441244 255 128 128 255 
-0.173420632900337 -0.677237183636571 1.71503502094964 255 128 128 255 
-0.0811535790641579 -0.636822394365855 1.76672767958332 255 128 128 255 
-0.247548108933454 -0.676076483358077 1.69400325821544 255 128 128 255 
-0.32103467630624 -0.637861897534623 1.70004923847004 255 128 128 255 
0.999968462285254 0.00794194150476964 -0.870836905177404 255 128 128 255 
0.966586410662088 0.256341004763931 -1 255 128 128 255 
0.97936722840956 0.202088673401993 -0.87027681324711 255 128 128 255 
0.991005164331799 0.133823631200563 -1 255 128 128 255 
-0.241385244139643 -0.60105023761289 1.7618869835987 255 128 128 255 
-0.448197357043489 -0.576871654320545 1.6828896130274 255 128 128 255 
-0.0902344133410336 0.819856385379651 1.56541423576101 255 128 128 255 
-0.184107110780157 0.742373316590378 1.64419440433365 255 128 128 255 
-0.0950556086759417 0.759697857230132 1.64329122252615 255 128 128 255 
-0.106155769719803 0.717079302369047 1.68886009223145 255 128 128 255 
0.00239847909723007 0.742068239310292 1.67032005452988 255 128 128 255 
-0.171010231960642 0.680030980641821 1.71296098485968 255 128 128 255 
-0.0789920221361528 0.638187002455003 1.76581826195014 255 128 128 255 
-0.24420001842816 0.676518016398885 1.69475875272457 255 128 128 255 
-0.193027149499425 0.788779499775777 1.5835815455355 255 128 128 255 
-0.240494012541338 0.816073550594268 1.52553457541082 255 128 128 255 
-0.340175937364714 0.751757430410204 1.5649257450861 255 128 128 255 
-0.254848493236407 0.76349206832509 1.59340720175931 255 128 128 255 
-0.373914853047952 0.795540797942959 1.47676254202528 255 128 128 255 
0.0812669939887581 -0.847403474332458 1.52469326980371 255 128 128 255 
0.019566748391732 -0.80350838421575 1.59497177987899 255 128 128 255 
0.0859536252759257 -0.789299137460751 1.6079628655647 255 128 128 255 
0.159235539409952 -0.797188426895037 1.58235268953911 255 128 128 255 
0.236292863594164 -0.771607230098841 1.59058273347065 255 128 128 255 
0.167188787951724 -0.734585696365784 1.65759544088902 255 128 128 255 
-0.979745121874648 0.200248585919679 -0.874831751580836 255 128 128 255 
-0.925817073132447 0.377971886648293 -1 255 128 128 255 
-0.966650508033532 0.256099190390196 -1 255 128 128 255 
0.305095494796839 -0.773518235068527 1.55550542668019 255 128 128 255 
0.32221786378352 -0.706540010198198 1.630060998831 255 128 128 255 
0.353642165389571 -0.804973771497945 1.47639736151552 255 128 128 255 
0.385439134823158 -0.741472657474723 1.54923125508673 255 128 128 255 
0.224232519731852 -0.821810462400248 1.52378176847252 255 128 128 255 
0.469107374058031 -0.732748279020632 1.49296879332944 255 128 128 255 
0.469947577008887 -0.659313688563153 1.58690266223346 255 128 128 255 
0.56104887030362 -0.683376522784117 1.46714097790551 255 128 128 255 
0.534978366481941 -0.663095937078585 1.52354744352942 255 128 128 255 
-0.310238252294879 0.700085814003463 1.64314234804134 255 128 128 255 
-0.312350761088452 0.636628100575628 1.70508273529064 255 128 128 255 
-0.234323206571115 0.602859836124906 1.76266155852362 255 128 128 255 
-0.387091000764938 0.628835644666544 1.67433395963989 255 128 128 255 
-0.435661706331997 0.670803504414323 1.60018458502477 255 128 128 255 
-0.486223488799505 0.558618470884106 1.67196139987855 255 128 128 255 
0.00813775673874013 0.533663313276279 1.84565787702726 255 128 128 255 
-0.137909124251251 0.490507605817729 1.86045532253756 255 128 128 255 
-0.0628590969943263 0.459163240174154 1.88612519025126 255 128 128 255 
-0.11664566075675 0.381979556534062 1.91677991263807 255 128 128 255 
-0.790855510372709 0.612002909889424 -1 255 128 128 255 
-0.793188787128126 0.608975818874783 -0.875414347812312 255 128 128 255 
-0.70042820927913 0.713722861933139 -1 255 128 128 255 
-0.866632974818813 0.498946176412541 -1 255 128 128 255 
0.245010632519803 0.103910965561136 1.96393583873015 255 128 128 255 
0.235627223468704 0.233204398098339 1.94344873748817 255 128 128 255 
0.17473088209255 0.171489826702246 1.96956709833863 255 128 128 255 
-0.213006787271545 -0.86889432222785 1.44682296872079 255 128 128 255 
-0.160844653766598 -0.851900384261998 1.49839214745917 255 128 128 255 
-0.177181016773013 -0.915555571172784 1.3610607752024 255 128 128 255 
-0.0940758016045947 -0.8912969630904 1.44355322920511 255 128 128 255 
-0.00069410111332291 0.412206991910582 1.91108995935839 255 128 128 255 
-0.0991271326921414 -0.952829702970599 1.28686123596819 255 128 128 255 
-0.0970171074305941 -0.92646439305813 1.36366386851216 255 128 128 255 
-0.00293325910940524 -0.978325697586278 1.20705126281508 255 128 128 255 
0.0849323073546984 -0.951421560583452 1.29594512536002 255 128 128 255 
-0.00820193304260707 -0.957442194539442 1.28850853091349 255 128 128 255 
0.813053370355657 0.582189159082602 -0.863469954112287 255 128 128 255 
0.795495419749229 0.605959600268861 -1 255 128 128 255 
0.7076951905564 0.706517881771821 -1 255 128 128 255 
0.0967987367111602 -0.988434926653905 1.11673217355046 255 128 128 255 
0.203627404312261 -0.95716116611396 1.20586010370253 255 128 128 255 
0.0960225742033268 -0.973429827047303 1.2078798620791 255 128 128 255 
0.869119248301265 0.494602600308817 -1 255 128 128 255 
-0.819698452838255 -0.0927763216871672 1.5652318113383 255 128 128 255 
-0.849011305596977 0.0798989312560373 1.52229873037627 255 128 128 255 
-0.871010909786612 -0.0230363882258516 1.49072326198195 255 128 128 255 
-0.903891179891413 0.0218483695687182 1.42720414752399 255 128 128 255 
-0.906217457338045 0.146060541850042 1.39678235612265 255 128 128 255 
0.462417606227234 -0.846472361104848 1.26392138855473 255 128 128 255 
0.563698461293611 -0.770972503254542 1.29638732085 255 128 128 255 
0.492412571670884 -0.803497141661093 1.33454775832894 255 128 128 255 
-0.941145613804253 -0.0277725315191612 1.33685845708551 255 128 128 255 
-0.955532141234445 0.0894078994570414 1.28100632480889 255 128 128 255 
-0.964527985759987 0.00319610365711067 1.26396126535383 255 128 128 255 
-0.832515091787307 -0.478635418056534 1.27897447648167 255 128 128 255 
-0.748260988406096 -0.540148992592475 1.38515524017059 255 128 128 255 
-0.818371454516143 -0.429470596954273 1.38186799916316 255 128 128 255 
-0.11915422001138 -0.378528248081204 1.91788813983952 255 128 128 255 
-0.00185480772570967 -0.409691761899154 1.91222213299189 255 128 128 255 
-0.0470338606281014 -0.340991146182519 1.93888915968795 255 128 128 255 
0.851747362437253 0.0782796413672441 1.51807212656984 255 128 128 255 
0.800571106254014 0.160340727081167 1.57738787229237 255 128 128 255 
0.79162734754791 0.084465496142914 1.60513777156578 255 128 128 255 
0.827906485049577 0.232586309089061 1.51036698642955 255 128 128 255 
0.772849011219054 0.239163061941056 1.58779710416155 255 128 128 255 
0.771277703411881 0.31106772474963 1.55530854021776 255 128 128 255 
0.736213123080208 0.165692544045039 1.6561525876291 255 128 128 255 
0.742020300807964 0.000229171326549014 1.67037737183572 255 128 128 255 
0.735229639045981 0.389327113634222 1.55485293227806 255 128 128 255 
0.705856099669401 0.32060387033209 1.63164889368033 255 128 128 255 
0.65822919095294 0.464979136838472 1.5920546718694 255 128 128 255 
0.725961336235592 0.471520746814571 1.50064790383508 255 128 128 255 
-0.988809504962036 -0.0853308182595536 1.12236998958849 255 128 128 255 
-0.953090154398575 -0.2042414449589 1.22339335207119 255 128 128 255 
-0.967793580153364 -0.0687991872649834 1.24216163619701 255 128 128 255 
0.792721352557319 0.367770913022537 1.48614546458263 255 128 128 255 
0.01926690687954 0.804556714755694 1.59356320559888 255 128 128 255 
0.157251927779457 0.798666701924989 1.58086429606743 255 128 128 255 
0.079627686412539 0.849695054986752 1.52122715306059 255 128 128 255 
0.0847919948932057 0.790657743735666 1.60635851595641 255 128 128 255 
0.233454260213999 0.772640664078837 1.5903604937661 255 128 128 255 
0.222261771466828 0.82319077406529 1.52245253797662 255 128 128 255 
-0.597448086793323 0.801907590428596 -1 255 128 128 255 
-0.573149063311475 0.819451128027278 -0.865580529957113 255 128 128 255 
-0.483486012835004 0.875352086530277 -1 255 128 128 255 
-0.141587718960392 -0.487914909420803 1.86133150354813 255 128 128 255 
-0.262877236585753 -0.444488024943593 1.85634453006181 255 128 128 255 
-0.224639370000764 -0.522102714343749 1.82276722657174 255 128 128 255 
0.494969628595456 0.868910275441646 -1 255 128 128 255 
0.582588317008992 0.812767403926013 -0.863287626809831 255 128 128 255 
0.606789495317302 0.794862572003849 -1 255 128 128 255 
-0.244638043397001 0.969614473758971 -1 255 128 128 255 
-0.190781620969355 0.981632504097285 -0.870339914295836 255 128 128 255 
-0.12072835715716 0.992685581530292 -1 255 128 128 255 
0.00484990617168745 0.999988239135904 -0.870608445793808 255 128 128 255 
0.20036794364113 0.979720718960779 -0.870036347748688 255 128 128 255 
0.254637728555322 0.967036518026174 -1 255 128 128 255 
0.130909328671711 0.991394345185972 -1 255 128 128 255 
-0.475312445829014 -0.879817071236994 -0.734225374757646 255 128 128 255 
-0.453065671948598 -0.891477143230137 -0.873700056912022 255 128 128 255 
-0.343662085156235 -0.939093377266643 -0.770755640422067 255 128 128 255 
-0.403286636381561 -0.915073706821503 -0.661888032560553 255 128 128 255 
-0.171407140334601 -0.985200280269101 -0.676876721231973 255 128 128 255 
0.458484345046065 0.888702484157483 -0.873413626541942 255 128 128 255 
0.377988211766677 -0.925810408110338 -1 255 128 128 255 
0.346152568574246 -0.938178234276117 -0.788604363779435 255 128 128 255 
0.177513884065521 -0.984118296224581 -0.683464858895796 255 128 128 255 
0.483939300484298 -0.87510156750332 -0.788664391822465 255 128 128 255 
0.427916113888254 -0.903818454931506 -0.894317188900475 255 128 128 255 
0.330141420332658 -0.943931481931149 -0.588946158975004 255 128 128 255 
0.473048540872674 -0.881036365865924 -0.5886905975158 255 128 128 255 
0.399077508093314 -0.916917195025827 -0.490164749176032 255 128 128 255 
0.875812691111474 -0.482651147401596 -1 255 128 128 255 
-0.707107550268069 -0.70710601210419 -0.771874024059227 255 128 128 255 
-0.591984611373404 -0.805949266329513 -0.664535469135618 255 128 128 255 
-0.48758907666972 -0.873073245674365 -1 255 128 128 255 
-0.753055136813118 -0.625500031033908 1.20410211193409 255 128 128 255 
-0.757912685504908 -0.58506661083735 1.28855748479988 255 128 128 255 
-0.799732507894904 -0.555355174539064 1.22805382243851 255 128 128 255 
0.375569320099874 0.926794306089392 -1 255 128 128 255 
0.349428564983075 0.936963007793728 -0.770144432649544 255 128 128 255 
0.0180085753926326 -0.313262409563984 1.94949584199537 255 128 128 255 
0.0072997325365813 -0.530768116412869 1.84748564619374 255 128 128 255 
-0.0648774871573045 -0.456365507344485 1.88742404484348 255 128 128 255 
0.565724776796841 -0.157469219411451 1.80941887910779 255 128 128 255 
0.63716007205513 -0.082622401928123 1.76629014170765 255 128 128 255 
0.558883600937517 -0.0946333289988026 1.82382865551383 255 128 128 255 
0.717520752843912 -0.696537126963312 -0.779432153357242 255 128 128 255 
0.603947620746062 -0.797024009296565 -0.683556125567597 255 128 128 255 
-0.805941851429355 -0.591994706154221 -0.664700170406441 255 128 128 255 
-0.879816538698519 -0.475313431571798 -0.734403632859114 255 128 128 255 
0.941075423584589 -0.338196758004992 -0.771252610305058 255 128 128 255 
0.883041661993293 -0.46929460169932 -0.736048894625414 255 128 128 255 
0.894595269185862 -0.446877281085396 -0.874592913303757 255 128 128 255 
0.92648592733393 0.376329412154016 -1 255 128 128 255 
0.888636896226412 0.458611455008583 -0.873558244082465 255 128 128 255 
0.811131410922553 -0.584863945046016 -0.668807785212952 255 128 128 255 
-0.93909856923331 -0.343647897220323 -0.770920013607986 255 128 128 255 
-0.891478321560944 -0.453063353392086 -0.873780655609 255 128 128 255 
-0.915066731254754 -0.403302463854041 -0.6622181379295 255 128 128 255 
-0.470521510876698 0.882388524292054 -0.735921238926079 255 128 128 255 
-0.448709456587283 0.893677695575505 -0.874510693994834 255 128 128 255 
0.819762156215982 -0.0935796398545928 1.56500695415261 255 128 128 255 
0.81535705194973 -0.244964718153232 1.52458094198698 255 128 128 255 
0.853763671257858 -0.164940209828288 1.49384442977734 255 128 128 255 
0.105892820361706 -0.242306761654935 1.9644035171297 255 128 128 255 
0.239961023115723 -0.223548913180025 1.94469285527164 255 128 128 255 
0.163624418404802 -0.145359945100815 1.9757548544906 255 128 128 255 
0.316982452443212 0.708024643284001 1.63104930817302 255 128 128 255 
0.38138771436115 0.741581031326004 1.5519066817061 255 128 128 255 
0.30200911439057 0.774584767623162 1.55570579679467 255 128 128 255 
0.951344881486827 -0.210579681464946 1.22494246869575 255 128 128 255 
0.98475030961196 -0.10953487904227 1.13516263534108 255 128 128 255 
0.967978468345252 -0.0790939309185228 1.2382474237255 255 128 128 255 
-0.499521595222639 0.346172979732379 1.79412999188384 255 128 128 255 
-0.593346925816172 0.247923015786339 1.76581564613679 255 128 128 255 
-0.515017659428566 0.240609171853898 1.82271747088323 255 128 128 255 
0.887750222973851 -0.46032547356178 -0.569875364338655 255 128 128 255 
0.947405050196217 -0.32003698358581 -0.575648795987356 255 128 128 255 
0.921445513813385 -0.38850761263222 -0.47830724417544 255 128 128 255 
0.485902374905186 0.148477562498814 1.86130905922085 255 128 128 255 
0.372810818376015 0.119489826872512 1.92018165324885 255 128 128 255 
0.455087580378513 0.0673018146921304 1.88789963392513 255 128 128 255 
0.869906311912039 -0.218615410300598 1.44212024481434 255 128 128 255 
-0.365859392740274 0.930670137451352 -1 255 128 128 255 
-0.985189553283639 -0.171468784625028 -0.677182712090273 255 128 128 255 
0.106187515520521 0.1030153575924 1.98899547402791 255 128 128 255 
0.0111215002962394 0.0124811701841915 1.99986025654688 255 128 128 255 
0.0977710905483836 0.0090901742308255 1.99516741435069 255 128 128 255 
0.461135555524567 0.661982391960496 1.59087503938253 255 128 128 255 
0.555337669535103 0.68285801081082 1.47466304876914 255 128 128 255 
0.465441870275882 0.732540014334803 1.49673835446083 255 128 128 255 
0.52653040805021 0.664103784359691 1.53078422451842 255 128 128 255 
0.932343788504126 -0.361573035551289 -1 255 128 128 255 
0.996331558744679 -0.0855770123888371 -0.774051138323768 255 128 128 255 
0.985870728427118 -0.167507930649815 -0.676140643397235 255 128 128 255 
0.999981134450899 0.00614253549377564 -0.6771108622916 255 128 128 255 
-0.157762663420783 -0.565051953743853 1.809831606941 255 128 128 255 
-0.987007667416121 0.160673160365343 0.484481636642923 255 128 128 255 
-0.999995804599821 0.00289668478718886 0.484858378101016 255 128 128 255 
-0.996562483371873 0.0828445335292899 0.578680061972389 255 128 128 255 
-0.999994441882727 0.00333409712724298 -0.680180113296668 255 128 128 255 
-0.995312887333659 0.0967070644138022 -0.777822401023244 255 128 128 255 
-0.984127672518872 0.177461895015771 -0.683742337606569 255 128 128 255 
0.628718871015869 0.400833809028067 1.66636689501249 255 128 128 255 
0.828946245890859 0.408403801892065 1.38217071581109 255 128 128 255 
0.747546540971146 0.526430996811852 1.40502416554788 255 128 128 255 
0.77694418067624 0.445022056068163 1.44532360113314 255 128 128 255 
0.995059458058165 0.09928078831774 -0.773963431804288 255 128 128 255 
0.983790707496579 0.179320505919931 -0.675784819578584 255 128 128 255 
-0.938189589569556 0.346121790737462 -0.788783596924881 255 128 128 255 
-0.394390922019884 -0.550425698556623 1.73585824110134 255 128 128 255 
-0.314674955655398 -0.500598964926592 1.80646162252007 255 128 128 255 
-0.0770548712554217 0.104471184535898 1.99153835952901 255 128 128 255 
-0.083178548684767 0.255956358201545 1.96310314698629 255 128 128 255 
-0.158740213877573 0.160765728369727 1.97414368810759 255 128 128 255 
0.936727729367837 0.350058796537633 -0.770353952969017 255 128 128 255 
0.877574552660255 0.479440199110538 -0.733967313331023 255 128 128 255 
-0.875155574434393 0.483841627535713 -0.788889334211273 255 128 128 255 
-0.903847080639526 0.427855647174846 -0.894418232784038 255 128 128 255 
-0.912299654346294 0.409523309079755 -0.688996797779681 255 128 128 255 
0.916046688016047 -0.192603080043105 1.35179897517295 255 128 128 255 
0.894277109878949 -0.102503941997849 1.43561610693529 255 128 128 255 
-0.696937960381244 0.7171314240637 -0.779490850399749 255 128 128 255 
-0.797175687873268 0.603747399715959 -0.683703957554186 255 128 128 255 
-0.751879836727483 0.526414878256412 1.39694343057033 255 128 128 255 
-0.831544779585357 0.411382857843803 1.37322570090577 255 128 128 255 
-0.783660058484126 0.442312946836424 1.43616071555968 255 128 128 255 
0.707286378562751 0.706927138182987 -0.771668293022151 255 128 128 255 
0.804592304512767 0.593827604207513 -0.664103481480747 255 128 128 255 
-0.585523778723976 0.810655231617484 -0.66886476909354 255 128 128 255 
-0.340371218173247 0.940291143124968 -0.771051701090981 255 128 128 255 
-0.399411049107203 0.916771953023806 -0.663007650925451 255 128 128 255 
0.164775550250398 0.735933106694126 1.65669740406919 255 128 128 255 
-0.181084706855648 -0.939540138154836 1.29064180315123 255 128 128 255 
0.479321771616034 0.877639242089178 -0.733636073250335 255 128 128 255 
0.407826359045406 0.913059505655446 -0.661177333990463 255 128 128 255 
0.593931973534885 0.804515264499659 -0.663974756161922 255 128 128 255 
0.00396091680252805 0.999992155538274 -0.482813989847475 255 128 128 255 
-0.160475597327432 0.987039808043427 -0.482105473804286 255 128 128 255 
-0.0777027085743221 0.996976573987681 -0.385581041914587 255 128 128 255 
-0.169453215099076 0.985538232587953 -0.675844249584448 255 128 128 255 
0.178180919514344 0.983997743859722 -0.675201458371538 255 128 128 255 
0.00440407154019358 0.999990302029909 -0.676699075421286 255 128 128 255 
0.0890253278656577 0.9960293625182 -0.57900775001631 255 128 128 255 
-0.324206294429893 -0.945986405109522 -0.57490105803935 255 128 128 255 
-0.465422290547899 -0.885088747788123 -0.567670057023147 255 128 128 255 
-0.392620406514324 -0.919700612367159 -0.47705449680215 255 128 128 255 
-0.162211457483557 -0.986756020027778 -0.483350544748293 255 128 128 255 
-0.158256897396693 -0.987397971653969 -0.289523943236931 255 128 128 255 
0.0030177299617845 -0.999995446642572 -0.291278844992589 255 128 128 255 
-0.0774811799736882 -0.996993814800215 -0.192880576915215 255 128 128 255 
0.168352238219427 -0.98572690126957 -0.488323711581605 255 128 128 255 
-0.700727507809475 0.700865916999983 1.13329638474803 255 128 128 255 
-0.756323715406275 0.621668338972386 1.20372263947181 255 128 128 255 
-0.693509598623792 0.689392037844742 1.20924400773485 255 128 128 255 
-0.707100502677591 -0.707113059639757 -0.573043711019736 255 128 128 255 
-0.591526324167007 -0.806285686228814 -0.475689587563924 255 128 128 255 
0.714229153565674 -0.699911934600961 -0.581419127694614 255 128 128 255 
0.598750120461488 -0.800935885853139 -0.487362734742783 255 128 128 255 
-0.88507655731995 -0.465445472297954 -0.568130562708055 255 128 128 255 
-0.806254109230853 -0.591569363091399 -0.475879281848461 255 128 128 255 
0.810298152938257 -0.586017835347056 -0.479856475257617 255 128 128 255 
-0.945967914984637 -0.324260240886266 -0.575418342542846 255 128 128 255 
-0.948733321283246 -0.316077656734641 -0.384402084162793 255 128 128 255 
-0.887837979303079 -0.460156193598463 -0.381952954272757 255 128 128 255 
-0.921774956120834 -0.387725328381362 -0.28710750726192 255 128 128 255 
-0.986746466392857 -0.16226956295378 -0.483541005241841 255 128 128 255 
-0.996621765117349 -0.0821282977686781 -0.581876617060208 255 128 128 255 
-0.999995222804842 0.00309101399128931 -0.48660263761205 255 128 128 255 
0.996840490457187 -0.0794294440687758 -0.580453850372562 255 128 128 255 
0.987197087905606 -0.159505202519201 -0.482456372206506 255 128 128 255 
0.999988349040254 0.00482719211823614 -0.483374016021046 255 128 128 255 
-0.99608713155863 0.0883766164961113 -0.584797828536649 255 128 128 255 
-0.985730207642181 0.168332877780019 -0.48866622563131 255 128 128 255 
0.999992534353855 0.00386409582624468 -0.28912806251725 255 128 128 255 
0.986459761135417 0.164003474538364 -0.288362817537734 255 128 128 255 
0.996510377868038 0.0834689571116145 -0.192071658291428 255 128 128 255 
-0.943933880395533 0.330134562627774 -0.589275384537463 255 128 128 255 
0.944090678721751 0.329685896499536 -0.574407934125065 255 128 128 255 
0.985637594176259 0.168874311090929 -0.482005770020847 255 128 128 255 
-0.881009826635633 0.473097965934596 -0.589038875445109 255 128 128 255 
-0.884655238329528 0.466245760620004 -0.39172891518728 255 128 128 255 
-0.946728547967623 0.322032694711447 -0.39217744837557 255 128 128 255 
-0.919402298406843 0.393318463441796 -0.293683613448357 255 128 128 255 
0.883207186484492 0.468983012210621 -0.567327175346509 255 128 128 255 
0.912908780704286 0.408163641341329 -0.661514093942904 255 128 128 255 
0.947182783308628 0.320694207936035 -0.383246398018161 255 128 128 255 
0.886283300551553 0.463143510332862 -0.380955455205718 255 128 128 255 
0.920291264577889 0.39123393045802 -0.286032487834327 255 128 128 255 
-0.700227871417097 0.713919412882632 -0.581667314400157 255 128 128 255 
-0.801027793675714 0.598627157552193 -0.487723023056518 255 128 128 255 
0.707146591317363 0.707066968814294 -0.572319812113888 255 128 128 255 
0.805166826160077 0.593048380868972 -0.474980772201064 255 128 128 255 
-0.461114335702088 0.887340729038188 -0.569667669356156 255 128 128 255 
-0.58646406140008 0.809975249428106 -0.479978879717691 255 128 128 255 
-0.321248797733044 0.94699483100758 -0.575389994328587 255 128 128 255 
-0.389289278656564 0.921115550581496 -0.478164740994477 255 128 128 255 
0.329239640772087 0.944246397368964 -0.574055201347922 255 128 128 255 
0.468808800218026 0.883299671027978 -0.566873628714052 255 128 128 255 
0.396558382437759 0.918009503936832 -0.476082727531895 255 128 128 255 
0.59303252109697 0.805178507488477 -0.474861899020937 255 128 128 255 
0.999992930532467 0.00376017088567033 0.67606796296184 255 128 128 255 
0.986825744055159 0.161786745037975 0.674589479892022 255 128 128 255 
0.996312297923981 0.0858009615647573 0.770696096131322 255 128 128 255 
0.168268678546246 0.985741168776216 -0.481316476424943 255 128 128 255 
-0.316022502094224 -0.94875169468629 -0.384034848715646 255 128 128 255 
-0.460090433904681 -0.887872058705196 -0.381612023430457 255 128 128 255 
-0.0788380282312369 -0.996887438633174 -0.387580735037136 255 128 128 255 
0.00315865944621892 -0.999995011422809 -0.486169607170732 255 128 128 255 
0.0849567127100799 -0.996384643079919 -0.389561390195245 255 128 128 255 
0.164156784850338 -0.986434260347642 -0.292473397036053 255 128 128 255 
0.321982001650265 -0.946745789857705 -0.391699479494654 255 128 128 255 
0.466224739724843 -0.884666316793232 -0.391322760718671 255 128 128 255 
0.393297232268273 -0.91941138077039 -0.293268819242213 255 128 128 255 
-0.707079823742426 -0.707133737602994 -0.381328846272799 255 128 128 255 
-0.590046913981144 -0.807368961071286 -0.285264868039566 255 128 128 255 
0.711999804707524 -0.702179662263475 -0.387218517727675 255 128 128 255 
0.595221973302743 -0.803561324665136 -0.291642439832515 255 128 128 255 
-0.807298273839365 -0.590143624091612 -0.285441869408677 255 128 128 255 
0.889916378580487 -0.456123710339851 -0.383233045714331 255 128 128 255 
0.810282757823801 -0.586039121879636 -0.288196251915753 255 128 128 255 
0.949775003453605 -0.312933607678538 -0.38447177066142 255 128 128 255 
0.890767513620621 -0.454459279449916 -0.191273327373732 255 128 128 255 
0.950674554827773 -0.310190088176615 -0.191422087411876 255 128 128 255 
0.923726815159893 -0.383051916787478 -0.0941875198303493 255 128 128 255 
-0.996882491736752 -0.0789005555666367 -0.387928007756049 255 128 128 255 
-0.987386039558229 -0.158331326292418 -0.289874315126519 255 128 128 255 
-0.999995593244302 0.00296875259609151 -0.291694073043788 255 128 128 255 
0.987680365078601 -0.156484812164637 -0.288860518128498 255 128 128 255 
0.99706058991205 -0.0766171002076934 -0.192291204055463 255 128 128 255 
-0.99638734267578 0.0849250455136627 -0.389953679697565 255 128 128 255 
-0.986432761371927 0.164165792088836 -0.292851782503114 255 128 128 255 
-0.702342757319031 0.71183892225805 -0.38745064905099 255 128 128 255 
-0.803582294624268 0.595193662404427 -0.292009769136617 255 128 128 255 
0.707097083415708 0.707116478824387 -0.380519245213443 255 128 128 255 
0.806369461144373 0.591412116999418 -0.284659463846079 255 128 128 255 
-0.45668183104888 0.889630094584172 -0.383387593310821 255 128 128 255 
-0.586257635267633 0.810124672559973 -0.288386370154313 255 128 128 255 
-0.313501734522709 0.949587627579073 -0.384213706982344 255 128 128 255 
-0.384953427719837 0.922935999128189 -0.287592098498262 255 128 128 255 
0.320490091497116 0.947251867906404 -0.382906136681334 255 128 128 255 
0.462995363414606 0.886360701665285 -0.380495943384273 255 128 128 255 
0.391114848600921 0.920341879522973 -0.285687267404112 255 128 128 255 
0.591337281727653 0.806424341918664 -0.28434401238475 255 128 128 255 
-0.156833304523582 0.987625088073513 -0.288581504998921 255 128 128 255 
0.0035702715225147 0.999993626560317 -0.288823199007667 255 128 128 255 
0.0851816784205616 0.996365435802275 -0.385204538515436 255 128 128 255 
0.163794895013977 0.986494415781134 -0.28786448878166 255 128 128 255 
0.997012159785057 -0.077244761898366 -0.386768369819448 255 128 128 255 
-0.156544320007956 -0.98767093501492 -0.0949194480877126 255 128 128 255 
-0.312315717257199 -0.949978364361064 -0.191123949392619 255 128 128 255 
0.00286245435647218 -0.999995903169137 -0.0958000713436257 255 128 128 255 
0.317810345054987 -0.948154304201605 -0.195135826612463 255 128 128 255 
0.162105877250482 -0.986773370415341 -0.0965303773738167 255 128 128 255 
0.462311675539011 -0.886717494278935 -0.194917210143062 255 128 128 255 
0.390138289072342 -0.92075627361409 -0.0969425082145152 255 128 128 255 
-0.45723204302177 -0.889347434265225 -0.190100652215057 255 128 128 255 
-0.70706047176488 -0.707153087575544 -0.189594362452371 255 128 128 255 
-0.589068087464252 -0.808083404316169 -0.0929944354008276 255 128 128 255 
0.7106466671115 -0.703549084658148 -0.192794938362109 255 128 128 255 
0.593080430289893 -0.8051432190655 -0.0962348335368268 255 128 128 255 
-0.274878303453577 0.956253483001695 1.10010591659643 255 128 128 255 
-0.172259514966403 0.984751652188831 1.02430726259592 255 128 128 255 
-0.256209392671903 0.966389542024934 1.02116601454063 255 128 128 255 
-0.243073664039627 0.970007831850007 0.959901642354829 255 128 128 255 
0.00989368972396011 -0.16267506605693 1.98663009166912 255 128 128 255 
0.0933566784656377 -0.157709803771843 1.98306263705835 255 128 128 255 
-0.0954744998285503 -0.988494512142188 1.1173167479402 255 128 128 255 
-0.176297005571866 -0.98412606681483 1.02037769471668 255 128 128 255 
-0.0889262621671527 -0.995489906222831 1.03304491648406 255 128 128 255 
-0.0861153455446654 -0.996285173663506 0.960325344712399 255 128 128 255 
-0.276646676153587 -0.956240605723841 1.09523928043657 255 128 128 255 
-0.338922266089855 -0.940814379964782 0.993655463863557 255 128 128 255 
-0.260316519985096 -0.965380261951391 1.01662104862854 255 128 128 255 
0.0973737290610538 0.995247887156132 -0.77313633183383 255 128 128 255 
-0.246388435912316 -0.969171160656714 0.957019460485235 255 128 128 255 
-0.506029666954889 -0.33615778596547 1.79431223023212 255 128 128 255 
-0.548727869016259 -0.411214881950204 1.72787364743309 255 128 128 255 
-0.487447670618654 -0.411657634536249 1.77002127265191 255 128 128 255 
-0.473714411437038 -0.466091936182204 1.74723019439981 255 128 128 255 
-0.98960311622585 0.0914509102494864 1.11100632130932 255 128 128 255 
-0.98064406772203 0.19413337393409 1.02548422191391 255 128 128 255 
-0.994830816764546 0.0964808359707048 1.03167166408607 255 128 128 255 
0.999978618814394 0.00653925944254582 0.865332815248367 255 128 128 255 
0.986394383236594 -0.164396230854902 0.866505336638542 255 128 128 255 
0.996992990476676 -0.0774917862768359 0.771339745462998 255 128 128 255 
-0.995405650183576 0.09574754086979 0.960524861453228 255 128 128 255 
0.987848440010376 -0.155420267562075 0.675361518282343 255 128 128 255 
0.997102424997939 -0.0760707175148834 0.582141310355733 255 128 128 255 
0.99999606985246 0.0028036190244164 0.486596690882698 255 128 128 255 
0.987972795146861 -0.154627798437727 0.48662416579864 255 128 128 255 
0.997087506594969 -0.0762660094159036 0.391381331094793 255 128 128 255 
0.999996473340665 0.00265580613606445 0.294677074438238 255 128 128 255 
0.987946580225805 -0.154795202187074 0.294616992480072 255 128 128 255 
0.997069567063955 -0.0765001858487812 0.19806005416956 255 128 128 255 
0.999996106847236 0.00279039251208185 0.100541525701614 255 128 128 255 
0.987903510373308 -0.155069836499865 0.100371485534165 255 128 128 255 
0.997067224274284 -0.0765307146051519 0.00290227808792129 255 128 128 255 
0.99999486917978 0.00320337542515703 -0.0944315467212437 255 128 128 255 
0.987853434635435 -0.155388518491469 -0.0944369101519079 255 128 128 255 
0.00460180556432526 0.999989411636718 0.860872795936021 255 128 128 255 
0.175109506332927 0.984548963125673 0.86003027073937 255 128 128 255 
0.086623310449813 0.996241136516012 0.76680731063149 255 128 128 255 
-0.889248786258592 -0.45742386922593 -0.19049486008675 255 128 128 255 
-0.807980248940122 -0.589209569951692 -0.0930992265660927 255 128 128 255 
-0.573653485622313 -0.331868542005364 1.74885575998359 255 128 128 255 
-0.623058792328289 -0.33288502656753 1.70780315087569 255 128 128 255 
0.988627160738393 0.106066907142711 1.10661213936284 255 128 128 255 
0.999302907585257 0.0160663791175101 1.03369822478564 255 128 128 255 
0.994157222050548 0.102080994309257 1.03508401980347 255 128 128 255 
0.810226001772024 -0.586117587223349 -0.0946171869592064 255 128 128 255 
-0.949928042420771 -0.312468741192847 -0.191580130525379 255 128 128 255 
-0.92275527216976 -0.385386439412329 -0.0940628264488477 255 128 128 255 
0.995206882283762 0.0977919293962178 0.96562272046648 255 128 128 255 
0.0919105908456387 -0.995767263616557 0.95868969901491 255 128 128 255 
0.187444248786837 -0.982134847778982 1.01660705798433 255 128 128 255 
0.0942024395153006 -0.995049816874601 1.03165062917524 255 128 128 255 
-0.0854274395263932 0.988682205264168 1.12332740802411 255 128 128 255 
-0.0837561622273346 0.995876209187384 1.03486375286045 255 128 128 255 
-0.0825308647266293 0.996588509048481 0.96215395271747 255 128 128 255 
0.00557522180902356 0.999639654714256 1.02625790594362 255 128 128 255 
0.00804054738127192 0.993368122661639 1.1146957823004 255 128 128 255 
0.0913355874719402 0.989602090872269 1.11111036046377 255 128 128 255 
0.188850633044604 -0.975426698696489 1.11348213017353 255 128 128 255 
0.266414205847787 -0.957956731598923 1.10650056951398 255 128 128 255 
0.146302909991563 -0.903314431458318 1.40325983738421 255 128 128 255 
0.0262982929109069 -0.899847163832685 1.43541185276959 255 128 128 255 
0.0602393599993395 -0.925365240173051 1.37425979183762 255 128 128 255 
0.985692966384198 0.009739171034781 1.16826920267321 255 128 128 255 
0.994269992018142 -0.0398226993439173 1.09920350593204 255 128 128 255 
0.995545908522402 -0.0772556416504426 1.05403619025693 255 128 128 255 
0.984154731736011 -0.174713947795536 1.03024070844606 255 128 128 255 
0.99688315183595 -0.0788922149874262 0.970049996408002 255 128 128 255 
0.913337464214925 -0.378626711271625 1.14985489639343 255 128 128 255 
0.906052889943104 -0.418098792534918 1.06528062734528 255 128 128 255 
0.932406003882812 -0.352585631317028 1.07938776046758 255 128 128 255 
0.955787478131566 -0.275441511546019 1.10296732668252 255 128 128 255 
0.177908797595246 -0.00241480292847856 1.98404401754445 255 128 128 255 
0.0933145619829736 -0.076630265101425 1.99268333067117 255 128 128 255 
0.176419372715222 -0.0782453450821216 1.98120021957995 255 128 128 255 
-0.906134392785931 -0.418014163242372 1.06468865077625 255 128 128 255 
-0.913493003214594 -0.378484555321346 1.14926477970769 255 128 128 255 
-0.932782031599698 -0.351769159028667 1.07858842332687 255 128 128 255 
-0.956576695343324 -0.273638828956446 1.10041323226244 255 128 128 255 
-0.189196133547155 0.916706838846021 1.35192811007895 255 128 128 255 
-0.0989262256306574 0.894364667874593 1.43626304306008 255 128 128 255 
-0.108287704072208 0.927247033779705 1.35845043101314 255 128 128 255 
-0.119946431143488 0.945073160996693 1.30405521541269 255 128 128 255 
0.942075113203902 -0.0331777105974248 1.33375697835606 255 128 128 255 
0.957905227288888 0.0834543812737394 1.27468698873234 255 128 128 255 
0.932097515819207 0.0514700913526639 1.35853179872894 255 128 128 255 
0.905578577975498 0.0177781264865232 1.42380582503135 255 128 128 255 
-0.996988637545676 -0.0775477698249028 -0.193239040671268 255 128 128 255 
-0.987655222360298 -0.15664342228268 -0.0952413909746038 255 128 128 255 
0.551378211174562 -0.621804413627624 1.55618462711149 255 128 128 255 
0.576626684190967 -0.554391271678728 1.60012664077291 255 128 128 255 
0.41072745882474 0.831280615606419 1.37453370033201 255 128 128 255 
0.525409965196626 0.750185786490819 1.40145442358907 255 128 128 255 
0.492439904778152 0.802485516133577 1.33692719774146 255 128 128 255 
-0.99999602382026 0.00281999001225852 -0.09614638354016 255 128 128 255 
-0.37357398242194 0.554826973665453 1.74337709740794 255 128 128 255 
0.0824197313888664 -0.996597706137129 0.00159200090177094 255 128 128 255 
0.986848855638908 0.161645711740765 -0.0940509178190683 255 128 128 255 
0.16232624532036 0.98673714335693 0.672497283841607 255 128 128 255 
0.00326495805576 0.999994670010243 0.673828892008963 255 128 128 255 
-0.948190050791445 0.317703678889806 -0.195472097317184 255 128 128 255 
-0.986773156166521 0.162107181423783 -0.0968627458182512 255 128 128 255 
0.948624878541243 0.316402970612811 -0.190447985275264 255 128 128 255 
-0.886658536834661 0.462424738804293 -0.195355992913395 255 128 128 255 
-0.888590911081349 0.458700548008849 0.388946673987782 255 128 128 255 
-0.949437940573029 0.313954769035996 0.389011373266787 255 128 128 255 
-0.921827039795051 0.387601481811789 0.483698750248845 255 128 128 255 
0.887938976508393 0.45996127445387 -0.189480112838163 255 128 128 255 
0.921474684772013 0.388438418960225 -0.0931156069932214 255 128 128 255 
-0.703615786533932 0.710580625221541 -0.193192848754259 255 128 128 255 
-0.805071822657069 0.593177343097008 -0.0965955550687117 255 128 128 255 
0.707087034938619 0.707126526883069 -0.188580631336602 255 128 128 255 
0.807203855282879 0.590272764081536 -0.0922745123324176 255 128 128 255 
-0.454558556726514 0.890716856530014 -0.191309258016623 255 128 128 255 
-0.586171788201976 0.810186790015795 -0.0949043224087499 255 128 128 255 
-0.310398853821007 0.950606412531814 -0.19145783568326 255 128 128 255 
-0.308569257717554 0.951201878252791 0.197192228090695 255 128 128 255 
-0.45340554150615 0.891304333508771 0.196643548993932 255 128 128 255 
-0.382123468119173 0.924111278533368 0.293330995897532 255 128 128 255 
0.31638033162887 0.948632429215029 -0.190203704905022 255 128 128 255 
0.459862674623204 0.887990045264244 -0.189143284645819 255 128 128 255 
0.458242334526969 0.888827296412117 0.0040522776606346 255 128 128 255 
0.314510777365179 0.94925390224173 0.00360194639098438 255 128 128 255 
0.387084415195162 0.922044280668244 0.100645216534338 255 128 128 255 
0.590241637197435 0.807226616086519 -0.0921479387404402 255 128 128 255 
0.0955526397748651 0.995424378359328 0.96073097585769 255 128 128 255 
-0.155459891973073 0.987842205004281 -0.0944475050480851 255 128 128 255 
0.08334568666823 0.996520695476919 -0.191203979816813 255 128 128 255 
0.00325602899797172 0.999994699123533 -0.0943200827631894 255 128 128 255 
0.161694416840659 0.986840876515844 -0.0938081487147367 255 128 128 255 
0.00303173352328814 0.999995404285362 0.10041667196584 255 128 128 255 
0.160655087443365 0.987010609303955 0.100482798912843 255 128 128 255 
0.0824187791325072 0.996597784889324 0.00319280985018929 255 128 128 255 
0.0824514539261481 0.996595082139915 0.57905426820919 255 128 128 255 
0.160302594683897 0.987067919718603 0.484437656934171 255 128 128 255 
0.00287084420038652 0.999995879118298 0.48545324005202 255 128 128 255 
0.996323170861846 0.0856746123644394 -0.386479621264779 255 128 128 255 
0.995931344916126 0.0901152385202233 -0.579568866978019 255 128 128 255 
-0.165717680180597 0.986173235529925 0.863205490637162 255 128 128 255 
-0.0787227383888308 0.996896549527865 0.76782843860185 255 128 128 255 
-0.155960890671957 0.98776323103303 0.673406575825252 255 128 128 255 
-0.0763861517210189 0.997078309775744 0.579474031931582 255 128 128 255 
-0.154753743755889 0.987953075198178 0.48520741984009 255 128 128 255 
-0.310641189167243 -0.950527249263671 0.00299760472907944 255 128 128 255 
-0.155786570233583 -0.987790739243316 0.0998590120323273 255 128 128 255 
0.00270681341935698 -0.999996336573846 0.0995903909303714 255 128 128 255 
0.160956477616844 -0.986961504980401 0.0991080613941547 255 128 128 255 
0.315548487109527 -0.948909454206716 0.00119517476530454 255 128 128 255 
0.46006896627357 -0.887883182784745 0.00108782913215995 255 128 128 255 
0.388369261395242 -0.921503834394255 0.0986688687532791 255 128 128 255 
-0.455866438557723 -0.890048195434774 0.00326127025428037 255 128 128 255 
-0.707048056295355 -0.70716550120107 0.00350615735714492 255 128 128 255 
-0.588567648380433 -0.80844797190662 0.100166290769223 255 128 128 255 
0.709818363301165 -0.70438476070998 0.00190889672486113 255 128 128 255 
0.591836281006778 -0.806058196710428 0.0985112099178172 255 128 128 255 
-0.154886869387343 0.987932213105428 0.100237666721672 255 128 128 255 
-0.0762554404552061 0.997088314945563 0.00297168771905934 255 128 128 255 
-0.0766123794158858 0.997060952660486 -0.191543072954466 255 128 128 255 
-0.0806823414876532 0.996739865648038 -0.579365697164374 255 128 128 255 
-0.0881275787569887 0.996109195752369 -0.773372921273844 255 128 128 255 
0.987139979157256 0.159858254555131 0.486185653896697 255 128 128 255 
0.996668107442373 0.081563984743502 0.391733840840087 255 128 128 255 
-0.889951968663443 -0.456054265929025 0.00312086833196219 255 128 128 255 
-0.808361952624103 -0.588685785075322 0.100102390136366 255 128 128 255 
0.891125061622993 -0.453757781803704 0.00288736553420817 255 128 128 255 
0.81013702814357 -0.586240561229522 0.0994031687592124 255 128 128 255 
-0.950466524598643 -0.310826938371463 0.00270281648477605 255 128 128 255 
-0.950719557294109 -0.310052130098303 0.197104921377428 255 128 128 255 
-0.890345366391439 -0.455285765805714 0.196827510271636 255 128 128 255 
-0.9234502256214 -0.383718230997415 0.293613289988296 255 128 128 255 
0.951026611427938 -0.309109016943688 0.00305796993000269 255 128 128 255 
0.891290830722485 -0.453432084297112 0.197137141634484 255 128 128 255 
0.951198854486157 -0.308578578686569 0.197537739481265 255 128 128 255 
0.924144963004808 -0.382041996844382 0.29367452953962 255 128 128 255 
-0.155457171700905 -0.987842633098388 0.293744558055529 255 128 128 255 
0.00257282370526504 -0.999996690283614 0.293788403603894 255 128 128 255 
-0.0767122128777645 -0.997053276608325 0.389469185959736 255 128 128 255 
-0.987775343679549 -0.155884157048586 0.099577288071144 255 128 128 255 
0.996605271014216 0.0823282077217845 0.00303096908501247 255 128 128 255 
0.987042490920718 0.160459094840472 0.100549680405762 255 128 128 255 
0.987137292808048 0.159874842134711 0.294562473607096 255 128 128 255 
-0.0767330708269989 -0.997051671600554 0.19674559115553 255 128 128 255 
-0.948836562541955 0.315767600591902 0.000795886813626882 255 128 128 255 
-0.986932863816911 0.161132002774592 0.0988755694519505 255 128 128 255 
0.949279079170248 0.314434778371742 0.00351033200972335 255 128 128 255 
-0.88769219794074 0.460437359165324 0.000760121153202649 255 128 128 255 
0.888836167811195 0.458225126756171 0.0039553381308177 255 128 128 255 
0.94966010069265 0.313282130279442 0.19775120522035 255 128 128 255 
0.889320802929471 0.457283839072497 0.19746720741464 255 128 128 255 
0.922416062399659 0.386197627940811 0.293727924370488 255 128 128 255 
-0.704327182162306 0.709875496455052 0.00149060736580396 255 128 128 255 
-0.805924817559673 0.592017895372604 0.0982303447415583 255 128 128 255 
0.707100918315809 0.707112644008675 0.00421744643916382 255 128 128 255 
0.807692124840673 0.58960447036158 0.100678753427199 255 128 128 255 
-0.0769352170174191 -0.997036093821323 0.00218247088284011 255 128 128 255 
-0.453797459968335 0.891104856527158 0.00262702455923488 255 128 128 255 
-0.586243862788029 0.81013463902204 0.0990943585153134 255 128 128 255 
-0.309025373740904 0.951053793633302 0.00282758127603838 255 128 128 255 
0.589658075252285 0.8076529912591 0.100691914258399 255 128 128 255 
0.08193351480289 0.996637797372769 0.197225843017824 255 128 128 255 
-0.996635810718942 0.0819576768374803 0.388970775263449 255 128 128 255 
-0.987022611950714 0.160581329854971 0.293075300815635 255 128 128 255 
-0.999996488999938 0.00264990335628361 0.29346778549422 255 128 128 255 
-0.987827859080628 -0.155551023218056 0.293792530662446 255 128 128 255 
-0.99704927534287 -0.0767642008898588 0.196521894641244 255 128 128 255 
-0.999996358649349 0.00269864559424574 0.0992499743371657 255 128 128 255 
-0.0820654431281772 -0.996626942764531 -0.581620401527279 255 128 128 255 
0.00339726620519231 -0.999994229274515 -0.68008473295812 255 128 128 255 
0.0884272352400282 -0.99608263917599 -0.584510727651563 255 128 128 255 
0.160313514635943 -0.98706614622581 0.293195633102937 255 128 128 255 
0.081895078431295 -0.996640956477674 0.196420622257839 255 128 128 255 
-0.0895389350778553 -0.995983322704313 -0.775089656633759 255 128 128 255 
0.0967502763979343 -0.995308687803399 -0.777686006113631 255 128 128 255 
0.0833052522745148 -0.996524076449475 -0.194020672686521 255 128 128 255 
0.980334052166026 0.19554025907156 1.02662993139244 255 128 128 255 
-0.309791898037724 -0.950804385723049 0.196983358292923 255 128 128 255 
-0.996630340842074 0.0820241654209936 0.196167157524743 255 128 128 255 
0.314259093884332 -0.94933725404147 0.196423643275491 255 128 128 255 
0.458815405978757 -0.888531610713175 0.19596882784016 255 128 128 255 
-0.455151801266355 -0.890413857598809 0.196958864992751 255 128 128 255 
-0.707066152695751 -0.707147407343072 0.196761404864214 255 128 128 255 
-0.58840650538782 -0.808565262930144 0.292731094290369 255 128 128 255 
0.709345663870271 -0.704860787069649 0.195793328025312 255 128 128 255 
0.591187629436313 -0.80653405805426 0.291894947914671 255 128 128 255 
-0.808545178624197 -0.58843410346747 0.292695044330537 255 128 128 255 
0.810032902651529 -0.586384427335804 0.29229369571996 255 128 128 255 
0.172359239952893 -0.985034157987865 0.858906785817437 255 128 128 255 
0.00181637424831491 -0.999665595929913 1.02579529218057 255 128 128 255 
0.00216575308951359 -0.999997654754028 0.86048872991698 255 128 128 255 
-0.997065655528325 -0.0765511499970536 0.38930124429112 255 128 128 255 
0.996652985062354 0.0817485618607413 0.198042748281979 255 128 128 255 
-0.949207162983129 0.314651810326143 0.196253577898144 255 128 128 255 
0.0848811499552193 -0.996391083050365 0.766463649742373 255 128 128 255 
0.161550631713369 -0.986864425031631 0.672503481018513 255 128 128 255 
0.00228438693345899 -0.999997390784765 0.673955602216562 255 128 128 255 
-0.888357687110562 0.459152066043019 0.195727475523632 255 128 128 255 
-0.704811777897191 0.709394359815048 0.195663208461184 255 128 128 255 
-0.806367195037412 0.591415206743533 0.291680370594201 255 128 128 255 
0.707146332379755 0.707067227780966 0.19710016163531 255 128 128 255 
0.807935623933833 0.589270759141032 0.292813945421664 255 128 128 255 
-0.586417095913888 0.810009252798955 0.292146544768908 255 128 128 255 
0.313458791745909 0.949601803851064 0.197560611218126 255 128 128 255 
0.457408220382127 0.889256835749299 0.197366030867606 255 128 128 255 
0.589466637374771 0.807792723055909 0.29269482422088 255 128 128 255 
0.160172982334301 -0.987088960393204 0.484530456587416 255 128 128 255 
0.00247858787404261 -0.999996928296358 0.485337370349713 255 128 128 255 
0.0816404307433838 -0.996661848405985 0.38921296591099 255 128 128 255 
-0.996595056998531 0.0824517578108195 0.00127910360767624 255 128 128 255 
-0.995979576969158 -0.0895805908684293 -0.775225882609403 255 128 128 255 
-0.930384368147789 0.05748463933494 1.3620503331676 255 128 128 255 
-0.999660983932877 0.00585083535589328 1.02537094653319 255 128 128 255 
-0.999986183344984 0.00525672132913119 0.859854995726891 255 128 128 255 
-0.996631385220442 -0.0820114747677614 0.96087620531632 255 128 128 255 
-0.986264859551052 -0.165171507272724 0.862134366327815 255 128 128 255 
-0.984874880601023 -0.171759839505446 1.02280410257354 255 128 128 255 
-0.154683670088099 0.987964049046359 0.293978426862778 255 128 128 255 
-0.0761512939723454 0.997096274401994 0.197202203970464 255 128 128 255 
0.00288811005045736 0.999995829401471 0.294176050331565 255 128 128 255 
0.16013526379533 0.987095080166647 0.293827850861047 255 128 128 255 
-0.99255194522326 -0.121822149191036 -1 255 128 128 255 
-0.984507518559065 0.175342367671568 0.860242479006079 255 128 128 255 
-0.996196215314083 0.0871383990781138 0.766369426969646 255 128 128 255 
-0.9866204408617 0.163034062925097 0.67220771993149 255 128 128 255 
-0.999993065721656 0.00372404465660638 0.673172513214126 255 128 128 255 
-0.997031287924772 -0.0769974733291338 0.00185987197338646 255 128 128 255 
-0.987762209829957 -0.155967358225498 0.672835907568776 255 128 128 255 
-0.997078132804329 -0.076388461716633 0.578988270447679 255 128 128 255 
-0.987877496706901 -0.155235471140161 0.485086282906797 255 128 128 255 
-0.996525762969633 0.0832850751202859 -0.194388746226328 255 128 128 255 
-0.155478464072572 -0.987839282074586 0.48500641182981 255 128 128 255 
-0.309451398298548 -0.950915260205174 0.389822008134053 255 128 128 255 
0.313506442049015 -0.94958607339923 0.389264069571584 255 128 128 255 
-0.455002230829694 -0.890490297499081 0.389608438442851 255 128 128 255 
-0.707131819793049 -0.707081741693399 0.388400333218994 255 128 128 255 
-0.588759188214955 -0.808308492032879 0.483172112597376 255 128 128 255 
0.458207765934621 -0.888845117687667 0.388741272796236 255 128 128 255 
0.709050147480241 -0.705158059131602 0.38828439761317 255 128 128 255 
0.59119450924991 -0.806529015121439 0.482557308613364 255 128 128 255 
-0.890481652021842 -0.455019150599676 0.389504766313908 255 128 128 255 
-0.808436221454839 -0.588583788291712 0.483269984519776 255 128 128 255 
0.891357544609399 -0.45330092396542 0.389839454915631 255 128 128 255 
0.809695699100395 -0.586849959408981 0.483304683371949 255 128 128 255 
-0.950959286994557 -0.309316075364348 0.388995081291619 255 128 128 255 
-0.923583344338262 -0.383397712644392 0.484826416445557 255 128 128 255 
0.951338991918863 -0.308146267955335 0.390183782127099 255 128 128 255 
0.92419576915266 -0.381919075564869 0.485016325397177 255 128 128 255 
0.996633175844946 0.0819897115814953 0.582486047439241 255 128 128 255 
0.949873295835143 0.312635125760499 0.390372400641954 255 128 128 255 
0.889534263605762 0.456868464518349 0.389320884205008 255 128 128 255 
-0.705071983632102 0.709135740106993 0.387648807358448 255 128 128 255 
-0.806323048848842 0.591475393313287 0.482296517090161 255 128 128 255 
0.707223359806871 0.706990183343079 0.388311540240734 255 128 128 255 
0.807844607887269 0.589395528917098 0.482730938796826 255 128 128 255 
-0.453520824846369 0.891245679614027 0.389615872276996 255 128 128 255 
-0.586947366179786 0.80962509183857 0.482730513926209 255 128 128 255 
-0.308284687475185 0.951294145608143 0.389872334228505 255 128 128 255 
-0.308059755530685 0.95136700963528 0.578989638884182 255 128 128 255 
-0.454280852729813 0.890858522349691 0.579083206612706 255 128 128 255 
-0.382819225268955 0.923823273556408 0.67196114841683 255 128 128 255 
0.312934050977668 0.949774857394481 0.389839522896998 255 128 128 255 
0.457182842361757 0.889372727628875 0.38893307213833 255 128 128 255 
0.589855497763534 0.807508818377938 0.482421577925041 255 128 128 255 
-0.0761578099973586 0.997095776731807 0.389703784271613 255 128 128 255 
0.0818044478191874 0.996648399545696 0.389473699544701 255 128 128 255 
-0.228293911076735 -0.230216327379116 1.94598220531539 255 128 128 255 
-0.334723919174884 -0.234775544300629 1.91260086660629 255 128 128 255 
-0.28479621530734 -0.287998538455657 1.91430189630888 255 128 128 255 
-0.231416458476933 -0.336910349678897 1.91265428231354 255 128 128 255 
-0.341006163877485 -0.34630542074728 1.87394928443166 255 128 128 255 
0.411007872383371 -0.831203491598815 1.37439722807846 255 128 128 255 
0.526144929717578 -0.752061949307711 1.39695634185131 255 128 128 255 
0.440892533649683 -0.784057349094566 1.43688424908981 255 128 128 255 
-0.711678661057501 -0.500373448328179 1.49309217759316 255 128 128 255 
-0.732339648857218 -0.412108963862454 1.542074571084 255 128 128 255 
-0.380028341676327 -0.793448805767607 1.47541292804119 255 128 128 255 
-0.742035917100009 -0.192065842270887 1.64225649857851 255 128 128 255 
-0.715710678479067 -0.111103166223347 1.68950294500182 255 128 128 255 
-0.758958636326903 -0.0995114498616521 1.64348990644084 255 128 128 255 
-0.673308229960877 -0.256332910117392 1.6935052030502 255 128 128 255 
-0.678268354470834 -0.177673818212212 1.71301055647537 255 128 128 255 
-0.764727905205827 -0.260687905313066 1.58926483606524 255 128 128 255 
-0.789089082067428 -0.197512481090878 1.58165904134236 255 128 128 255 
-0.741057922937509 0.000580463773322935 1.6714408521332 255 128 128 255 
-0.789251651302115 0.0849055443648729 1.60817175160722 255 128 128 255 
-0.804266998205474 0.0178530795589091 1.59399988480455 255 128 128 255 
-0.309232957435681 -0.950986318532282 0.578621884369145 255 128 128 255 
-0.455678176046551 -0.890144594925391 0.579108693081179 255 128 128 255 
-0.383541257701902 -0.923523742867742 0.484290256006807 255 128 128 255 
-0.384141217335597 -0.923274349878695 0.67178171765186 255 128 128 255 
-0.0771846013232021 -0.997016818974775 0.579347745898384 255 128 128 255 
-0.157044220844956 -0.987591571804458 0.673091599197453 255 128 128 255 
0.0818808680279602 -0.99664212406008 0.579081727543051 255 128 128 255 
0.312957573903843 -0.949767106682591 0.578956806283226 255 128 128 255 
-0.70723073207365 -0.706982808567909 0.577573390710351 255 128 128 255 
-0.590622261324976 -0.806948167125604 0.669503395572344 255 128 128 255 
0.458615315711059 -0.888634903768272 0.578640418143874 255 128 128 255 
0.565249451323171 0.768583995789677 1.29961925704939 255 128 128 255 
0.14535143090081 0.906411428727806 1.39659965129423 255 128 128 255 
0.0890187144348723 0.955536735351082 1.28111423990072 255 128 128 255 
0.0572790054753203 0.930423801649402 1.36198158082426 255 128 128 255 
0.708916654307618 -0.705292263707248 0.576981435567456 255 128 128 255 
0.592731818963857 -0.805399894951444 0.668896800324656 255 128 128 255 
0.0224875464583507 0.904283456890374 1.42633993461635 255 128 128 255 
-0.243530685901175 0.10547231305231 1.96414127398629 255 128 128 255 
-0.161748965766689 0.0960697661452002 1.98214452709681 255 128 128 255 
-0.163541868855909 0.0118282156366965 1.98646548365666 255 128 128 255 
-0.538962981086497 0.745953281075759 1.39124494561677 255 128 128 255 
-0.494856930605482 0.709531107687404 1.50167940505427 255 128 128 255 
-0.460379621417641 0.770902312414703 1.44018204063434 255 128 128 255 
-0.428320916220679 0.817703743573554 1.38458000529626 255 128 128 255 
0.0967341665958432 0.994814684293356 1.03140453673148 255 128 128 255 
0.79511099705523 -0.378011487905634 1.47424236142842 255 128 128 255 
0.712707236766235 -0.497375538123573 1.49463720921229 255 128 128 255 
0.771213165093511 -0.462914810531829 1.4369669692056 255 128 128 255 
0.817407064498075 -0.430396607083426 1.3828896074846 255 128 128 255 
-0.796438882266857 -0.374749122821639 1.4746032045382 255 128 128 255 
-0.772363435066187 -0.462182006917917 1.43570921111917 255 128 128 255 
0.536703564539181 -0.491726977199413 1.68567766749783 255 128 128 255 
0.603218253943504 -0.477280171588244 1.63900811882013 255 128 128 255 
0.618444859686309 -0.408770456454351 1.67114280854203 255 128 128 255 
-0.995971603969609 -0.0828841801274133 1.03421661542017 255 128 128 255 
-0.770290176609379 0.564555323850392 1.2965304876927 255 128 128 255 
-0.84606603521649 0.463705222163684 1.26296336435172 255 128 128 255 
-0.803098701131472 0.493320558184968 1.33416657988646 255 128 128 255 
-0.916521591764398 -0.190708738033876 1.35159401170552 255 128 128 255 
-0.894195752740589 -0.0999763221137089 1.43636990134209 255 128 128 255 
-0.927131493117778 -0.109317907247364 1.3584365907999 255 128 128 255 
-0.945137177825299 -0.119708893227557 1.30394982476498 255 128 128 255 
-0.503692303752382 -0.711272355250164 1.49029144373271 255 128 128 255 
-0.54210976343558 -0.74728426402232 1.38429576257414 255 128 128 255 
-0.465442373462976 -0.770922445192044 1.43478958184882 255 128 128 255 
-0.431062091656787 -0.817646963304215 1.38162667167779 255 128 128 255 
-0.890331217446784 -0.455313434064632 0.579747576131205 255 128 128 255 
-0.807311177223794 -0.590125972254681 0.669637509070834 255 128 128 255 
0.891092864492403 -0.453821007502653 0.57982189616172 255 128 128 255 
0.808426193937196 -0.588597561119837 0.669675236968746 255 128 128 255 
-0.95115867196699 -0.30870241453865 0.579037361346903 255 128 128 255 
-0.923559056159136 -0.383456216257406 0.67204306194933 255 128 128 255 
-0.579920915165852 -0.6834263906032 1.44341865181822 255 128 128 255 
-0.650840980455821 -0.649846896837518 1.39256213371892 255 128 128 255 
-0.684168135286283 -0.578466659215956 1.44417371245316 255 128 128 255 
-0.3366525790889 0.94162895213525 0.995413545508719 255 128 128 255 
-0.418277763257087 0.906040562409467 1.06429783848144 255 128 128 255 
-0.352263533971538 0.932621922747254 1.07827357054012 255 128 128 255 
0.951497245568763 -0.307657263322447 0.580220168384257 255 128 128 255 
0.924036743099812 -0.382303671708096 0.672984104846191 255 128 128 255 
0.000128162458387945 -0.992867557615066 1.11922246688388 255 128 128 255 
-0.354320824990726 -0.932031071969861 1.07599232764301 255 128 128 255 
-0.420220599255674 -0.905247564948109 1.0627813198071 255 128 128 255 
-0.981216966944498 0.02043104885203 1.1918224075103 255 128 128 255 
-0.993475990556106 0.00825623375560154 1.11374221200916 255 128 128 255 
-0.941682896496711 -0.336501681705948 0.995015698269688 255 128 128 255 
-0.966202733220453 -0.257069245129859 1.01917502348608 255 128 128 255 
-0.969961205898185 -0.243259653564949 0.958234562633434 255 128 128 255 
0.966401428182845 -0.25595141631086 1.02360406945045 255 128 128 255 
0.970055525394319 -0.24288325930774 0.962399117778859 255 128 128 255 
-0.244888671526358 -0.921987736992274 1.29994691429305 255 128 128 255 
-0.204656697026566 -0.956718533206711 1.2068943802547 255 128 128 255 
0.927117992753607 -0.113570305108388 1.357147047181 255 128 128 255 
0.944786248093872 -0.12461387359036 1.30306819021717 255 128 128 255 
-0.0844636349075124 -0.257614900499809 1.96254893767469 255 128 128 255 
-0.0751326272059826 -0.162224152752663 1.98388943108096 255 128 128 255 
-0.148355528569241 -0.149081619655403 1.97763250141547 255 128 128 255 
0.0121599833639901 -0.245763365123003 1.96925358042568 255 128 128 255 
0.289196416286394 0.893580710616955 1.34333503523585 255 128 128 255 
0.252972821170522 0.862031963908352 1.43921025141649 255 128 128 255 
0.326001703462348 0.851816779176708 1.41003788124107 255 128 128 255 
0.432243944806619 -0.407897438631005 1.80422935269504 255 128 128 255 
0.343305189757733 -0.501555692753746 1.79409283698552 255 128 128 255 
0.418603023887407 -0.481648237712122 1.76992628445919 255 128 128 255 
0.473455123789665 -0.464312486347454 1.7485012764045 255 128 128 255 
0.337977678156576 -0.910399729777103 1.23862820681904 255 128 128 255 
0.288796463362144 -0.89202182612756 1.34769766243329 255 128 128 255 
0.257624158701139 -0.926027948721385 1.27586596571595 255 128 128 255 
0.197336302113556 -0.930898771645475 1.30738552473579 255 128 128 255 
0.375806087602209 -0.873935237259915 1.30823203207418 255 128 128 255 
-0.184172186838002 0.975580294108093 1.1196816416301 255 128 128 255 
-0.871616964781864 -0.312777535992347 1.37743089391703 255 128 128 255 
-0.859893088257435 -0.39303807108006 1.32573754995204 255 128 128 255 
-0.901621957921167 -0.346572721240421 1.25877633950269 255 128 128 255 
-0.479985050922474 -0.83211165151082 1.27785706813195 255 128 128 255 
-0.39257248689598 -0.8603711258347 1.32503594933828 255 128 128 255 
-0.346597297329644 -0.903010515241545 1.25385492480349 255 128 128 255 
0.973338642489412 -0.1929111088329 1.12408541866686 255 128 128 255 
-0.893329982921109 0.290108587119812 1.34321793265142 255 128 128 255 
-0.910623016203623 0.342031040087328 1.23190620944036 255 128 128 255 
-0.927923837951746 0.260251402529624 1.26688304262779 255 128 128 255 
-0.933699300611481 0.199905207401855 1.29705811567983 255 128 128 255 
-0.874260766212567 0.377974721026633 1.3046362140755 255 128 128 255 
0.900897257505391 -0.348217252137266 1.25909240964034 255 128 128 255 
0.934363127339603 -0.304526926702106 1.18501053262322 255 128 128 255 
0.25413819368503 -0.860268861604134 1.44198559282497 255 128 128 255 
0.327179326121214 -0.850601381323543 1.4116199444261 255 128 128 255 
-0.256379893288851 -0.0852555821857563 1.96280882631152 255 128 128 255 
-0.161664641709783 -0.0747393947843476 1.98401146664463 255 128 128 255 
0.253268745239881 0.00776595091792747 1.96736478780807 255 128 128 255 
0.319080163015999 0.0154004565559759 1.9476025936581 255 128 128 255 
-0.996929153948358 -0.0783087607347394 0.766999445709402 255 128 128 255 
0.960236203826865 0.207429464100839 1.18686746716058 255 128 128 255 
0.911906222931107 0.337061548643836 1.23412935101209 255 128 128 255 
0.929227581208042 0.25386082414698 1.26849727053672 255 128 128 255 
0.935352805306398 0.19293759959006 1.29646283455077 255 128 128 255 
-0.975603901656098 0.102920930452883 1.19391830534561 255 128 128 255 
0.0196217807061219 0.314085337434731 1.94919196505788 255 128 128 255 
-0.0454997357030997 0.342825744489061 1.93829647924655 255 128 128 255 
-0.379005211046264 0.913346557963415 1.14883922552929 255 128 128 255 
-0.347783376140903 0.901206127578107 1.25860053924095 255 128 128 255 
-0.301348152776353 0.935542421750215 1.18425435659442 255 128 128 255 
0.0138973845010452 0.176868353547972 1.98413639716111 255 128 128 255 
0.108871263746164 0.242661547602787 1.96398258347614 255 128 128 255 
0.0146181055177018 0.249110713001427 1.96836468526015 255 128 128 255 
0.939070822388621 0.301845492560672 1.16442411367912 255 128 128 255 
0.952867480082007 0.285967160309764 1.10132299159882 255 128 128 255 
-0.312434842520031 0.0172456538407713 1.94978263650326 255 128 128 255 
-0.339646033319335 -0.0482692040425063 1.93931392834959 255 128 128 255 
-0.376243534704607 -0.121088861039329 1.91857405271713 255 128 128 255 
0.616851931344927 -0.601039713658771 1.50817807646633 255 128 128 255 
0.646987682724557 -0.528065199816432 1.55004916429856 255 128 128 255 
0.382296044533 -0.11856050119563 1.9164022816922 255 128 128 255 
0.413357123460996 -0.00410688728378514 1.91055973003471 255 128 128 255 
0.346863267942501 -0.0486765911754452 1.93665172973939 255 128 128 255 
0.750544202041777 -0.34688955333777 1.5624509210292 255 128 128 255 
0.735597440684086 -0.418954679232742 1.53232826527248 255 128 128 255 
-0.245573169825928 0.0121133274154681 1.96930237055347 255 128 128 255 
-0.915145883573864 -0.264282164032996 1.30440589605303 255 128 128 255 
-0.949531199155972 0.313672602930862 0.578660349243889 255 128 128 255 
0.950011244013772 0.312215688663151 0.579425631279473 255 128 128 255 
0.846834193346128 0.4599482775946 1.26705698065689 255 128 128 255 
0.769266301664812 0.563083477192422 1.3019376671365 255 128 128 255 
0.801533346597519 0.491542514920517 1.34048531586222 255 128 128 255 
-0.711544068703378 -0.615020599022782 1.33978625791915 255 128 128 255 
-0.888299681645356 0.459264276412568 0.578176604496924 255 128 128 255 
0.889298676801347 0.457326867174206 0.579308231216123 255 128 128 255 
-0.705263949756733 0.708944822375855 0.57676815405461 255 128 128 255 
-0.805159064213401 0.593058918923744 0.668598684789235 255 128 128 255 
0.707370655897844 0.706842807966986 0.576289701585785 255 128 128 255 
0.806789555953255 0.590838905628895 0.668665465985082 255 128 128 255 
-0.588845409453828 0.808245682800195 0.668886984424087 255 128 128 255 
-0.659990425588848 0.476986658127752 1.58042774408118 255 128 128 255 
-0.60828933406133 0.603727688078873 1.51526397575822 255 128 128 255 
-0.674631524921356 0.528700739671945 1.51511924197473 255 128 128 255 
-0.687048534203563 0.556828967058306 1.4668038272053 255 128 128 255 
-0.805003994362691 0.354286865803507 1.4758669832834 255 128 128 255 
-0.85106336459678 0.328644865599249 1.40949200450859 255 128 128 255 
0.312892152594859 0.949788661147603 0.578212306664934 255 128 128 255 
0.457989077961987 0.888957819284767 0.578377281792525 255 128 128 255 
-0.861611389114591 0.253872497135888 1.43951629019413 255 128 128 255 
-0.613686293423091 -0.613238019622295 1.49732108798477 255 128 128 255 
-0.537882563020871 -0.643678018626739 1.54439044511715 255 128 128 255 
0.341519128858255 0.910774439546283 1.23206594944768 255 128 128 255 
0.376946198381792 0.874475298463218 1.30529414652623 255 128 128 255 
0.20876254350904 0.959701950865064 1.18812327323706 255 128 128 255 
0.19946780554082 0.933840071066866 1.29690960951535 255 128 128 255 
0.259477086508101 0.928066684033064 1.26714017212905 255 128 128 255 
0.601274329166055 0.604456656527508 1.52259097912755 255 128 128 255 
0.559835891380745 0.562630337615784 1.60830163399113 255 128 128 255 
0.621567523284884 0.542168608154158 1.56542640045339 255 128 128 255 
0.659812091726474 0.530399038954004 1.53228269095303 255 128 128 255 
0.591833742786117 0.806060060355168 0.668170239465638 255 128 128 255 
0.840846171058321 -0.52411960414237 1.1351900779281 255 128 128 255 
0.873783548779047 -0.486315031520819 0.962990754681628 255 128 128 255 
0.941888680624492 -0.335925172391545 0.996962075937463 255 128 128 255 
-0.486734653631638 0.87354987090268 0.96206899329039 255 128 128 255 
-0.523817608460037 0.841079546571115 1.13490852236584 255 128 128 255 
0.524888644839 0.841829735369118 1.12575614166886 255 128 128 255 
0.492011506684441 0.870588695820309 0.958290277221382 255 128 128 255 
0.437512517761707 0.897699870210746 1.0521319463038 255 128 128 255 
0.340110364525441 0.940385528218464 0.997777372523458 255 128 128 255 
0.382109560277108 0.915569066757363 1.125401626552 255 128 128 255 
0.266355878048625 -0.0857149874536505 1.96005598126087 255 128 128 255 
-0.873564835438041 -0.486707795587978 0.963107226944029 255 128 128 255 
-0.841087110585751 -0.523662139397064 1.13546378175957 255 128 128 255 
0.490839853699279 -0.871249813785042 0.959884924588572 255 128 128 255 
0.52328050167941 -0.842638430443658 1.1270353970419 255 128 128 255 
0.434307980248029 -0.899138874506304 1.05409124369447 255 128 128 255 
0.376573313776021 -0.91731230290761 1.12934712322307 255 128 128 255 
0.33530938956435 -0.942108068887767 0.998699021832052 255 128 128 255 
-0.45811657150731 0.888892123325653 0.768398131137492 255 128 128 255 
-0.376124161054087 0.926569271814773 0.875766293889525 255 128 128 255 
-0.651503867184863 0.64178288308988 1.40454597021353 255 128 128 255 
-0.680210634219636 0.672615246736739 1.29137986023711 255 128 128 255 
-0.716225699932049 0.604254382933549 1.34913806361158 255 128 128 255 
0.539177088418955 0.625562942434794 1.56387859719658 255 128 128 255 
-0.615900168902311 0.70748933002424 1.34659173366939 255 128 128 255 
-0.585539995653794 0.755999437179896 1.2925880456776 255 128 128 255 
0.410013658387531 0.55421414733239 1.72438627736333 255 128 128 255 
0.325514269806883 0.625336836212575 1.70922091158379 255 128 128 255 
0.329829057502172 0.573664787081969 1.74974762746502 255 128 128 255 
0.336100142577723 0.507743216193137 1.79324240971413 255 128 128 255 
0.624904613293755 0.326285057164879 1.70924768998925 255 128 128 255 
0.553757416058297 0.409875009224614 1.72481390782294 255 128 128 255 
0.574099800224055 0.32937725312109 1.74961326329588 255 128 128 255 
0.50737617012979 0.33418806661061 1.79428443149761 255 128 128 255 
0.46834885463737 0.467980595625936 1.74942879079834 255 128 128 255 
0.421358867205479 0.420023004425934 1.80376450579777 255 128 128 255 
0.49089583942566 0.410302521406431 1.76855261092661 255 128 128 255 
-0.405097875431311 0.436143519956331 1.80353876155487 255 128 128 255 
-0.460464241244483 0.482765416589496 1.74492297258194 255 128 128 255 
-0.481020399048358 0.425152216029555 1.76672352833633 255 128 128 255 
0.410646770562815 0.489367483570504 1.76934302872659 255 128 128 255 
0.439735227739394 0.783323384884897 1.43936022143277 255 128 128 255 
0.605387956538882 0.712586927428842 1.35457762610633 255 128 128 255 
0.643004160105919 0.644241516612811 1.41412379593415 255 128 128 255 
0.102163057478202 0.975441081948843 1.19513432638359 255 128 128 255 
0.644015437890638 -0.650706047906146 1.40227572009369 255 128 128 255 
0.682898765531404 -0.574993909676613 1.45058992428869 255 128 128 255 
-0.512266820066278 -0.518127726169372 1.68492799945231 255 128 128 255 
-0.568535850736128 -0.458611451604806 1.68296597490994 255 128 128 255 
-0.588610744302977 -0.485699221946329 1.64624581816196 255 128 128 255 
-0.524206741859253 0.634746609493349 1.5677182695017 255 128 128 255 
-0.504114584891781 0.609266416922313 1.6120971479349 255 128 128 255 
-0.576204326672708 0.678743814640449 1.45529705469175 255 128 128 255 
-0.425358071619133 -0.731806983381817 1.53247445946454 255 128 128 255 
-0.0683012004498969 0.967559403501942 1.24323598975495 255 128 128 255 
-0.0278930690905126 0.941299969786595 1.33641691927795 255 128 128 255 
0.00323973302163524 0.964313852981432 1.26474194431192 255 128 128 255 
0.0200892019811149 0.981130344326533 1.19230099169131 255 128 128 255 
0.246679402677976 -0.594312079667421 1.76546876112342 255 128 128 255 
0.336979307534928 -0.568310559730774 1.75064509189881 255 128 128 255 
0.332711256315914 -0.6222099518515 1.70863107167104 255 128 128 255 
0.746034350811147 -0.540588611404682 1.38884019934846 255 128 128 255 
0.707368840407911 -0.616877822083334 1.34509574938224 255 128 128 255 
0.755384906283084 -0.586870090778446 1.29150838737401 255 128 128 255 
-0.642008931378568 -0.537313202955337 1.54691777623334 255 128 128 255 
0.712783318409703 0.604233634239915 1.35614836269464 255 128 128 255 
-0.203584188533976 0.953092216489742 1.22398371602782 255 128 128 255 
-0.263614873456215 0.915258896619976 1.30464463010309 255 128 128 255 
-0.380873100488122 -0.913005186154396 1.14614106671207 255 128 128 255 
-0.303107594860383 -0.936439748342872 1.17665328658559 255 128 128 255 
0.304930315607255 0.938264564895877 1.16333128568774 255 128 128 255 
0.28766397264533 0.952440891816357 1.10052754069393 255 128 128 255 
0.875162659244179 0.371400185709935 1.31008421746242 255 128 128 255 
0.977375820682731 0.10182619821362 1.18538589617908 255 128 128 255 
-0.935394882784361 -0.302090615227695 1.18378703287279 255 128 128 255 
0.870959861796642 -0.314756142323465 1.37730291545233 255 128 128 255 
0.91496690021687 -0.264319696661197 1.30491092053986 255 128 128 255 
-0.305812425586726 0.952091781477376 0.761373617032938 255 128 128 255 
-0.586371803818801 -0.757069249019909 1.28812195312874 255 128 128 255 
-0.616675197726819 -0.710472847665143 1.33902807146189 255 128 128 255 
-0.915411120191941 0.382452541011842 1.12550910286717 255 128 128 255 
-0.952330579247085 0.287929445502769 1.10081221276899 255 128 128 255 
-0.938099758933794 0.30545748915513 1.16329287984294 255 128 128 255 
-0.733296112362533 0.469877420270879 1.49141837726481 255 128 128 255 
-0.382226664345436 0.924068599760516 0.484390263000597 255 128 128 255 
-0.382375071590928 0.924007199444806 0.0998225957299751 255 128 128 255 
-0.47808393727202 0.832248925694948 1.28070887873754 255 128 128 255 
-0.391238307264441 0.860293519849526 1.32684498869306 255 128 128 255 
-0.310536515517329 -0.871967180558642 1.37847101415956 255 128 128 255 
0.604050057136287 -0.716751319655638 1.34841221885225 255 128 128 255 
0.966601634961457 -0.00373124626788415 1.25625642838986 255 128 128 255 
-0.01754216027592 -0.933824089987304 1.35730217123919 255 128 128 255 
-0.975712646208412 -0.184436199194277 1.11818680322163 255 128 128 255 
0.297157222916029 -0.939354974859501 1.17120109834794 255 128 128 255 
-0.100071446602773 -0.973158346586559 1.20724029058979 255 128 128 255 
-0.187843246005828 -0.975706276040424 1.11274829411269 255 128 128 255 
0.858865183059115 -0.394876206859259 1.32622596246356 255 128 128 255 
-0.757946554166348 -0.335444034111967 1.55945895381703 255 128 128 255 
-0.715676719116941 -0.385185125663517 1.58261415420636 255 128 128 255 
-0.30706148754737 -0.95168967781793 0.761050366100222 255 128 128 255 
-0.459547951604203 -0.888152959898452 0.768345927056892 255 128 128 255 
-0.377800881769866 -0.925886868755526 0.875094511235676 255 128 128 255 
-0.0804047069039177 -0.996762300203863 0.767364005398677 255 128 128 255 
-0.167922656635696 -0.985800173152962 0.861920090263713 255 128 128 255 
0.310482771485692 -0.950579007032326 0.760547020603155 255 128 128 255 
-0.568251582152661 0.340993393304525 1.74887491953174 255 128 128 255 
-0.621223083052424 0.33619809170739 1.70785077821187 255 128 128 255 
-0.545307051041009 0.427449974993443 1.72105945591405 255 128 128 255 
0.671934260538593 -0.681165514538811 1.29071960944789 255 128 128 255 
-0.959635822632523 0.20866084451107 1.18857290337779 255 128 128 255 
0.678796307532075 0.558103812638956 1.47723757940745 255 128 128 255 
0.909051401457254 0.137253162196678 1.39342994163588 255 128 128 255 
-0.412772601894018 0.735019902088295 1.5379261312297 255 128 128 255 
0.412147209254551 -0.202345248566805 1.88836427116703 255 128 128 255 
0.342898225565084 -0.229010515969355 1.91102963205363 255 128 128 255 
0.389753395599885 -0.258066572921387 1.88402145593813 255 128 128 255 
0.351325063719786 -0.336709098823102 1.87361186025146 255 128 128 255 
-0.707380293535625 -0.706833163000615 0.7616957379384 255 128 128 255 
-0.596723830902826 -0.802446677127307 0.847124512049866 255 128 128 255 
0.123572702784223 -0.368544902641095 1.92136010433699 255 128 128 255 
0.241293287607924 -0.329708373322313 1.91272665016231 255 128 128 255 
0.179000445281063 -0.293904667176347 1.93892432453374 255 128 128 255 
0.462333237535289 -0.886706252075702 0.767190605814474 255 128 128 255 
0.708788960066489 -0.705420590915707 0.760596724669148 255 128 128 255 
0.598555730976028 -0.801081167495375 0.845199717757974 255 128 128 255 
-0.888536401630981 -0.458806127876109 0.768332747988908 255 128 128 255 
-0.803103762000067 -0.595839195976012 0.847205617136361 255 128 128 255 
0.889138832734528 -0.457637559782282 0.768795940372203 255 128 128 255 
0.803821089233216 -0.594871125962528 0.84638160155067 255 128 128 255 
-0.952046687681114 -0.305952781447431 0.761054562330302 255 128 128 255 
-0.926538792097015 -0.376199238089877 0.875672512851269 255 128 128 255 
0.952322116709104 -0.305094388717149 0.763098414466582 255 128 128 255 
0.926907650495037 -0.375289498192756 0.877168447470028 255 128 128 255 
0.984512029200202 0.175317039560053 0.862630730155426 255 128 128 255 
-0.950111050161667 0.311911834274839 0.760299614728951 255 128 128 255 
0.95066637493109 0.310215156907879 0.761385328421683 255 128 128 255 
-0.886268700141225 0.463171448979732 0.767150587797942 255 128 128 255 
-0.921547073654919 0.388266649402257 0.671071789066927 255 128 128 255 
0.887491586840972 0.460823917875899 0.767510935850744 255 128 128 255 
0.462362474199024 0.886691007314587 0.766319804486072 255 128 128 255 
0.38096590392239 0.92458908713471 0.874064936362065 255 128 128 255 
0.291649933869479 0.956525125688776 0.887724446400225 255 128 128 255 
0.249750896570196 0.968310120603097 0.943567345985871 255 128 128 255 
0.311120132015567 0.950370592692459 0.760212781179189 255 128 128 255 
0.387344294146228 0.9219351375191 0.67078054353068 255 128 128 255 
0.386439908941122 0.922314586666381 0.483840545873197 255 128 128 255 
0.38642685130444 0.922320057567294 0.293424809280265 255 128 128 255 
-0.705404422331845 0.708805051445513 0.75995387623522 255 128 128 255 
-0.800711167438498 0.599050604155674 0.84501243350465 255 128 128 255 
0.707661123446954 0.706552004003806 0.759353254376398 255 128 128 255 
0.802649699290968 0.596450719027246 0.844673366752217 255 128 128 255 
-0.594948521727078 0.803763806410045 0.846388024578287 255 128 128 255 
0.598327010958971 0.801252012763091 0.844054627643892 255 128 128 255 
0.388430244758907 0.921478130481964 -0.0929231913748054 255 128 128 255 
0.923999264514189 -0.382394245742842 0.10015505414499 255 128 128 255 
0.923085729342807 -0.384594248895713 -0.28760005779034 255 128 128 255 
0.917357122922759 -0.398065206998651 -0.663206416314121 255 128 128 255 
-0.383118343422432 0.923699266500332 -0.0943281219661525 255 128 128 255 
0.872212966632806 0.489126303563405 0.959709343981709 255 128 128 255 
0.925416903254468 0.378950597269501 0.875737186876906 255 128 128 255 
0.941080580715988 0.338182407332082 0.999197500732716 255 128 128 255 
0.922335854185196 0.386389145919584 0.671907531692006 255 128 128 255 
-0.488499389726791 -0.872564236166342 0.961911200203284 255 128 128 255 
-0.287457323116364 -0.957793447141279 0.890509598954423 255 128 128 255 
0.379103920306415 -0.925354103902018 0.874946006362014 255 128 128 255 
0.958836898936386 -0.283957393349874 0.893995051892264 255 128 128 255 
0.246207072272632 -0.96921724993055 0.941764589357027 255 128 128 255 
0.288869150008956 -0.957368588461677 0.888408458971819 255 128 128 255 
0.922519760526256 0.385949856119391 0.48460678683564 255 128 128 255 
0.922085433987769 0.386986372405526 0.100671020693883 255 128 128 255 
-0.7075764878065 -0.706636762349241 0.947520740417039 255 128 128 255 
-0.601978066153153 -0.798512622236187 0.969454409889027 255 128 128 255 
-0.565849688661202 -0.823893620188614 1.03183445389073 255 128 128 255 
0.708367903548787 -0.705843405594963 0.946162033278187 255 128 128 255 
0.637040621002947 -0.768836681532463 1.05540220503129 255 128 128 255 
0.60285574296095 -0.797850207231283 0.968467217872811 255 128 128 255 
0.75142539557757 -0.627085515044275 1.20524042414385 255 128 128 255 
0.700370991819219 -0.701164465832784 1.13359964697405 255 128 128 255 
0.769439073536466 -0.624392585920743 1.13452661730138 255 128 128 255 
-0.958372693049059 -0.285520194063212 0.890852328723417 255 128 128 255 
-0.956370652027279 0.292156081471732 0.888109540192508 255 128 128 255 
0.917905117220334 0.396799944280143 -0.476484240673863 255 128 128 255 
-0.967934471637417 0.251202823662463 0.943027856384524 255 128 128 255 
0.957353300814015 0.288919811401902 0.890882825397679 255 128 128 255 
-0.924333692487806 0.381585147682476 0.874625684954312 255 128 128 255 
0.968587956577781 0.248671209375911 0.945906644293411 255 128 128 255 
-0.870307793267549 0.492508218182976 0.959293497626559 255 128 128 255 
-0.705720040716376 0.708490807372457 0.945870138971949 255 128 128 255 
-0.797263106125494 0.603631957082401 0.966770377183236 255 128 128 255 
0.708177702237066 0.706034235752225 0.94417178327012 255 128 128 255 
0.799435194580215 0.600752336380388 0.966377639477243 255 128 128 255 
0.77071643451962 0.634763864078846 1.05541673412479 255 128 128 255 
0.825405418335363 0.56384974790285 1.02791696925738 255 128 128 255 
-0.600235916208657 0.799823008479473 0.968838609498235 255 128 128 255 
-0.635717884505189 0.769724785258931 1.05819386804758 255 128 128 255 
-0.564156010414577 0.825060530444491 1.03167202260297 255 128 128 255 
-0.940214151502326 0.340583836881556 0.998275184425599 255 128 128 255 
-0.897543573016034 0.437762865865844 1.05271819236786 255 128 128 255 
-0.285833648392143 0.958279252330362 0.891577182478085 255 128 128 255 
0.194066321412856 0.980667520829255 1.02508936993796 255 128 128 255 
0.603384054914873 0.797450739716558 0.965646383613247 255 128 128 255 
0.706816371212056 -0.705658893406395 1.04955949498414 255 128 128 255 
-0.52560241154992 -0.840065819529326 1.13428150964086 255 128 128 255 
-0.311879578607372 0.871757199848167 1.37784985504903 255 128 128 255 
-0.701242598801454 -0.70008341175323 1.1346923688044 255 128 128 255 
-0.769351188852867 -0.636121617757614 1.0587199764315 255 128 128 255 
-0.706720390741457 -0.70561925254511 1.05145638685258 255 128 128 255 
-0.637222807122081 -0.768427033033133 1.05888114288422 255 128 128 255 
-0.62557156483032 -0.768653414924215 1.13353705478663 255 128 128 255 
-0.435176993592861 -0.876819215249711 1.20447260945261 255 128 128 255 
0.565951345721135 -0.823926981838729 1.02904139932164 255 128 128 255 
0.426859091775053 -0.883827203463547 1.19141784187161 255 128 128 255 
0.769347307252224 -0.63621286915368 1.05777461334353 255 128 128 255 
0.620708631909181 -0.757143744792046 1.20360290763079 255 128 128 255 
0.623437873647624 -0.770735780556444 1.13149743066607 255 128 128 255 
-0.825006560154882 -0.564140035814152 1.03331959923254 255 128 128 255 
-0.799619780282416 -0.600506625259956 0.970878453116132 255 128 128 255 
-0.769834514429824 -0.623784269065981 1.13508518075058 255 128 128 255 
0.825180876497692 -0.563919344327603 1.03273368533526 255 128 128 255 
0.800029355649987 -0.599960857138419 0.970068919334109 255 128 128 255 
0.899084439570126 0.434485053061553 1.05357153338269 255 128 128 255 
-0.841895727517419 0.52460819848694 1.12648249708241 255 128 128 255 
-0.823264529057558 0.566975223874246 1.02783182905211 255 128 128 255 
0.843953883049686 0.521065395684672 1.12740760065763 255 128 128 255 
0.916779274821395 0.378784227016593 1.12664229396769 255 128 128 255 
0.884534401867492 0.425928389148469 1.1902206593152 255 128 128 255 
-0.705509312713568 0.707039243646431 1.04849863522112 255 128 128 255 
-0.768377333558047 0.637556054333164 1.05584398676092 255 128 128 255 
-0.770404290198023 0.624069127934324 1.13044137841871 255 128 128 255 
0.544958505729686 -0.807899056374193 1.22431973105939 255 128 128 255 
0.637912339182694 0.768152339854601 1.05486192025773 255 128 128 255 
0.702566441843795 0.699120583580569 1.13278103934265 255 128 128 255 
0.707742459875339 0.704905364223952 1.04700040401849 255 128 128 255 
0.688698230322521 -0.6942490827578 1.20907644209853 255 128 128 255 
0.757235101729989 0.619923550011099 1.20564482208315 255 128 128 255 
0.772268873225938 0.621657238472944 1.13093152905444 255 128 128 255 
-0.626314629421095 0.752018856073593 1.20542060530259 255 128 128 255 
-0.624537819436971 0.769487222111597 1.1335736766728 255 128 128 255 
-0.43376189119307 0.876929133741126 1.20699255094 255 128 128 255 
0.566942601187635 0.823319492492555 1.02685330967311 255 128 128 255 
0.429686975212257 0.883163726710142 1.18812478612983 255 128 128 255 
0.623120105490666 0.754749325530903 1.20512140245218 255 128 128 255 
0.625085904711759 0.769612330927092 1.13024773247796 255 128 128 255 
-0.807344164692297 0.546137348751083 1.22344886671549 255 128 128 255 
-0.678110930075788 -0.677014088944311 1.28603756725761 255 128 128 255 
-0.692233116869557 -0.691079003010296 1.20790171597982 255 128 128 255 
-0.556882141599304 -0.798891685900328 1.22727594366123 255 128 128 255 
-0.626815553457633 -0.752026417838989 1.20385909058921 255 128 128 255 
-0.28804422845308 -0.840327920469854 1.45921618932011 255 128 128 255 
-0.0192584804717213 -0.868557070687798 1.49521482801725 255 128 128 255 
0.17670267826613 -0.861902009740771 1.47529053125262 255 128 128 255 
0.672341847203734 -0.447303984763297 1.5898097877397 255 128 128 255 
0.831665780177096 -0.479454086474842 1.28009964127966 255 128 128 255 
0.798626664706573 -0.556428663388848 1.22930894657417 255 128 128 255 
-0.877398451339872 -0.432774950992049 1.2070695520356 255 128 128 255 
0.877156829073702 -0.433099791556399 1.20741375982121 255 128 128 255 
-0.870369986195377 -0.216549371964635 1.44222444146834 255 128 128 255 
-0.816945150499317 -0.241858567793823 1.52355043143939 255 128 128 255 
-0.842206542964531 -0.287208576724105 1.45628869418806 255 128 128 255 
-0.854033001606749 -0.163489704014897 1.4938610622915 255 128 128 255 
0.841136204785807 -0.2902264890386 1.45635344861068 255 128 128 255 
0.872224083201689 -0.0252806789479997 1.48845269571874 255 128 128 255 
-0.883050815322044 0.429906888771516 1.18815239713027 255 128 128 255 
-0.863386188679577 0.17676838659533 1.4725645212009 255 128 128 255 
-0.821942230684504 0.224219150209075 1.52358069301389 255 128 128 255 
0.808350472397489 0.543060898263721 1.22727598762684 255 128 128 255 
0.895288916982886 0.27951084623889 1.34688822690087 255 128 128 255 
0.868914073863229 0.168648818516295 1.46534493470485 255 128 128 255 
0.676413955457139 0.674229249988298 1.29644405766189 255 128 128 255 
0.848188641973394 0.30381002779414 1.43390724197581 255 128 128 255 
0.463299735556001 0.846052700801277 1.2637198940175 255 128 128 255 
0.692723799896644 0.689572833333833 1.21124167340916 255 128 128 255 
0.546726588956368 0.806620861074003 1.22461705947761 255 128 128 255 
-0.555939510626656 0.798930066233751 1.22943846624297 255 128 128 255 
0.351660826160366 0.80555988448999 1.47687308148467 255 128 128 255 
-0.286503304320594 0.84176763988076 1.45754026824199 255 128 128 255 
-0.161886656468092 0.853967038178411 1.49450278883175 255 128 128 255 
-0.21520329802871 0.870414586845494 1.44279339146396 255 128 128 255 
-0.0218457264029393 0.871623358504434 1.48968917197277 255 128 128 255 
0.175270320330293 0.864049473969974 1.471909759746 255 128 128 255 
0.697629372287336 -0.319732933069304 1.64115841290034 255 128 128 255 
0.420459613285669 -0.54713386429526 1.72378052483954 255 128 128 255 
-0.41409932627207 -0.427817192378708 1.80342653546309 255 128 128 255 
-0.427785620324961 -0.34664521660714 1.83476736690325 255 128 128 255 
-0.0759374069147014 -0.0753187645681486 1.99426384523174 255 128 128 255 
0.00949893662263864 -0.0762656730733799 1.99704228461671 255 128 128 255 
0.250156453778884 -0.668469719045778 1.70040701263739 255 128 128 255 
0.174217498390813 -0.66218062332925 1.72881073355277 255 128 128 255 
0.408614867865839 -0.627137420910378 1.66312332567394 255 128 128 255 
0.485024868807863 -0.579263856808089 1.65513682603998 255 128 128 255 
-0.602154252518627 -0.240542824115421 1.76128142361436 255 128 128 255 
0.740566499301398 -0.189140256245916 1.64481565084891 255 128 128 255 
0.761597228078888 -0.260523150753126 1.5933779150796 255 128 128 255 
0.673401607496237 -0.250217879095758 1.69564451266599 255 128 128 255 
-0.579709058647631 0.491123137654868 1.65018110629417 255 128 128 255 
0.714085972764796 -0.109465842924408 1.69144663766151 255 128 128 255 
0.757914432655239 -0.0983266787501148 1.64490121493052 255 128 128 255 
0.805317249440565 0.0172960141219259 1.59259174449951 255 128 128 255 
-0.796719296589021 0.158764398104762 1.58312282440077 255 128 128 255 
0.873413938955104 0.22527593063889 1.43173932680926 255 128 128 255 
-0.734418336402001 0.16709326373672 1.65780661928133 255 128 128 255 
-0.770007543710614 0.236851090859106 1.59244404241042 255 128 128 255 
-0.705933805192915 0.324790408982452 1.62941929817798 255 128 128 255 
-0.772417201133139 0.30620515345349 1.55642615987404 255 128 128 255 
-0.667669646661444 0.25148178539649 1.70069547917821 255 128 128 255 
0.669970381727274 0.246164285097903 1.7003876300667 255 128 128 255 
0.664211920865012 0.170604068271413 1.7278164439404 255 128 128 255 
-0.739761207464176 0.388026793802073 1.5497168027474 255 128 128 255 
-0.563271209203401 0.565270546127787 1.60265641501848 255 128 128 255 
-0.625795133184095 0.413531593473421 1.66134111658238 255 128 128 255 
0.51241167076972 0.513330827074529 1.68842264753127 255 128 128 255 
0.470902895383269 0.587585125362878 1.65802293544522 255 128 128 255 
0.585845383073917 0.472861809065656 1.65816935256675 255 128 128 255 
0.787483618022518 -0.197660522958707 1.58378066858184 255 128 128 255 
-0.327951742450503 0.240746944753058 1.9135034555029 255 128 128 255 
-0.366895190107776 0.122709611434768 1.92213354278939 255 128 128 255 
-0.292334458075013 0.177466058595474 1.93970546591396 255 128 128 255 
0.242177365101774 0.597287353689386 1.76459004764324 255 128 128 255 
0.245595056699932 0.669929642328179 1.70062639291893 255 128 128 255 
0.399297042876256 0.631243884605116 1.66490076680578 255 128 128 255 
-0.334754332562058 0.35265658608358 1.87382656695869 255 128 128 255 
-0.37607033336461 0.272286885153538 1.8856810693113 255 128 128 255 
0.277677438261618 -0.438833448248049 1.85458788019676 255 128 128 255 
0.27192590984658 -0.377667575413541 1.88511214093773 255 128 128 255 
0.21459284282649 -0.401509725138592 1.89035939509098 255 128 128 255 
-0.166517574779799 -0.302060979461614 1.93863254896479 255 128 128 255 
-0.407270999728411 -0.20870525623827 1.88914141102456 255 128 128 255 
-0.38259025798131 -0.265870092049588 1.88483771882269 255 128 128 255 
-0.260811298368338 -0.385462318400166 1.8850967561442 255 128 128 255 
-0.203902496942721 -0.40812815293122 1.88986245146397 255 128 128 255 
0.0134617383817542 0.0998975368202363 1.99490666081648 255 128 128 255 
0.273310930076559 0.444055032883451 1.8532972889161 255 128 128 255 
0.345873017796485 0.431092308787504 1.83338543115692 255 128 128 255 
0.346664129980337 0.344716986021925 1.87234980399662 255 128 128 255 
0.432390886482402 0.343996481125029 1.83348937741315 255 128 128 255 
-0.07691636719001 0.0132831696252587 1.99694906081655 255 128 128 255 
0.597477834492659 0.240807947074117 1.76487369540069 255 128 128 255 
-0.226667893357006 0.341938639413958 1.91197567566072 255 128 128 255 
-0.199448394372491 0.412135501653059 1.8890245588618 255 128 128 255 
-0.255510515562587 0.39040710908403 1.88447536179002 255 128 128 255 
-0.611807249987136 0.106313552991185 1.78382990330401 255 128 128 255 
-0.661708162538415 0.0266956900364886 1.74928609206598 255 128 128 255 
-0.612696271703972 0.013981094740529 1.79019479094076 255 128 128 255 
-0.0937005614829057 -0.557516385654962 1.82486100920338 255 128 128 255 
0.336456472642874 0.235039395136345 1.91189556680064 255 128 128 255 
0.406994878343416 0.208760813337379 1.88925479577956 255 128 128 255 
0.385340700728965 0.265690547999205 1.8836973899846 255 128 128 255 
0.557547546231985 0.16723005049324 1.81312658541135 255 128 128 255 
0.54975938267591 0.106278448841721 1.82853455719819 255 128 128 255 
0.533189001079793 0.00475264398845958 1.84598280213173 255 128 128 255 
-0.552477129235953 0.172140632251892 1.81555908700665 255 128 128 255 
0.44512701353778 0.270814941740967 1.85353453893136 255 128 128 255 
0.490226323707388 -0.14163074684248 1.86001097847247 255 128 128 255 
0.09626224607929 -0.686164327304096 1.72104930200028 255 128 128 255 
0.0280343951557613 -0.66193228988098 1.74903919543718 255 128 128 255 
0.106894189508727 -0.612523473747406 1.78319130891353 255 128 128 255 
-0.636875256943259 -0.0831247899315897 1.76647255423289 255 128 128 255 
0.676632216216031 -0.174995427909149 1.71522405174146 255 128 128 255 
0.0153323362185902 -0.613056651183404 1.78989015812698 255 128 128 255 
0.239700579316415 -0.516321694669477 1.82216515365772 255 128 128 255 
0.153249246276533 -0.481807801969255 1.86277222398338 255 128 128 255 
0.172092508612067 -0.553254213734545 1.81504229550654 255 128 128 255 
-0.152862070079874 0.565742071276966 1.8102895138888 255 128 128 255 
-0.0910744921716963 0.560017832567217 1.82345944896053 255 128 128 255 
0.110231524437727 -0.54825635406379 1.82901386070971 255 128 128 255 
0.547264825451104 -0.380972774762701 1.74522543952389 255 128 128 255 
0.434354678260852 -0.329511545799426 1.83830671872399 255 128 128 255 
-0.334331669146984 -0.431308222509498 1.83797109270015 255 128 128 255 
0.0709099400093246 -0.4498806784643 1.89026914781563 255 128 128 255 
-0.408674764625707 -0.00328860727593646 1.91267415971984 255 128 128 255 
-0.449193452098574 0.0699200916439773 1.89069434902006 255 128 128 255 
0.446894495303623 -0.259940112753207 1.85598857927496 255 128 128 255 
0.522906853445657 -0.222429535254701 1.82285692830889 255 128 128 255 
0.352487391995464 -0.422867850984555 1.83482658024762 255 128 128 255 
0.630295124656605 -0.321350481327865 1.70672620156922 255 128 128 255 
0.501178900373836 -0.309117491110481 1.80824877761097 255 128 128 255 
-0.52361536090087 -0.231758876688483 1.81982606503132 255 128 128 255 
-0.564149198101972 -0.16004935931785 1.81001227451369 255 128 128 255 
0.151621135427371 0.485221173575266 1.86114542558499 255 128 128 255 
0.0708520386604151 0.452877233914627 1.88875317136959 255 128 128 255 
-0.443364509153648 -0.27091763088613 1.85441883716243 255 128 128 255 
-0.487590591776412 -0.145144137014517 1.86092310591681 255 128 128 255 
0.290067294857196 0.287934712654998 1.91266344602077 255 128 128 255 
-0.661656082190182 0.174458325837781 1.72922940248362 255 128 128 255 
-0.685942390355063 0.0954996972905968 1.72136179891327 255 128 128 255 
0.309479956752559 -0.165111845417745 1.93646155012963 255 128 128 255 
-0.558307117597631 -0.0962140564174216 1.82403641775563 255 128 128 255 
-0.453269625699457 -0.0664636461485107 1.8888921364029 255 128 128 255 
-0.224164086930871 0.237783763701513 1.94509753139578 255 128 128 255 
-0.16332435822701 0.305650305825822 1.93803147311714 255 128 128 255 
0.688098351644383 0.0934366716727519 1.71957643572521 255 128 128 255 
0.614643014362077 0.103154241413193 1.78203143630826 255 128 128 255 
0.662372135036085 0.0254893173851174 1.74874124330571 255 128 128 255 
0.237915128563674 0.335198359655955 1.91161310394514 255 128 128 255 
0.17702596190935 0.296839733032639 1.93837518173872 255 128 128 255 
0.614937882311623 0.0126716356339966 1.78847373485009 255 128 128 255 
-0.400176917115333 0.214459685067427 1.89099128979404 255 128 128 255 
0.521542189076209 0.233580070913587 1.82063030378216 255 128 128 255 
-0.420844333503935 0.35473115498192 1.83489870921138 255 128 128 255 
-0.25703268212235 0.448661673808448 1.85594211415048 255 128 128 255 
-0.304666819141568 0.503845542649004 1.80828076710193 255 128 128 255 
-0.326487595725349 0.436798044356101 1.838220328007 255 128 128 255 
-0.218838654473516 0.52539536725315 1.82223436523728 255 128 128 255 
0.122989980688404 0.371766806067937 1.92014287290415 255 128 128 255 
0.109274888532612 0.549951031281742 1.82801742851726 255 128 128 255 
0.235698451644633 0.520879716606065 1.82044534292097 255 128 128 255 
0.21183995325446 0.406233161924835 1.88887482378437 255 128 128 255 
0.268108066767465 0.383517203950053 1.88376049855634 255 128 128 255 
0.0949948790108068 0.688046830423283 1.7194216650242 255 128 128 255 
0.171545945114165 0.664584643214215 1.72725459140436 255 128 128 255 
0.0280910996383029 0.662709249936729 1.74834974455091 255 128 128 255 
0.0157037547099368 0.615853377676101 1.78770426512299 255 128 128 255 
-0.437433679047274 0.278413782942726 1.85506581144535 255 128 128 255 
0.298618625474841 0.173575142553157 1.93845542590321 255 128 128 255 
0.599688396649044 -0.239387004983929 1.76358869083383 255 128 128 255 
0.456796514859469 -0.06517592726232 1.88718038893888 255 128 128 255 
0.105722121977716 0.614568651629097 1.78174689341201 255 128 128 255 
0.169492461612924 0.555527391184736 1.81404030803141 255 128 128 255 
-0.300154824681785 -0.168532854226651 1.93888431569947 255 128 128 255 
0.294806298062248 -0.280636090214658 1.91341810333049 255 128 128 255 
-0.279277303591468 0.294222048443799 1.91402274255525 255 128 128 255 
-0.923231083216164 -0.384245191230168 0.0999390291164505 255 128 128 255 
-0.919679465493759 -0.392669938687841 -0.477475985921613 255 128 128 255 
-0.921739309255936 0.387810064042168 0.292484775169086 255 128 128 255 
-0.921364107588773 0.388700631909885 0.0983842653471512 255 128 128 255 
-0.920691801609531 0.390290412960652 -0.0973180205659373 255 128 128 255 
-0.916904612586768 0.39910641615628 -0.490555155886355 255 128 128 255 
0.387360457804838 -0.921928346309639 0.671333712711182 255 128 128 255 
0.387022956580452 -0.922070079267148 0.48390064169873 255 128 128 255 
0.387390796370181 -0.92191559857054 0.292599453370868 255 128 128 255 
0.40954509427548 -0.912289874850581 -0.688726378023176 255 128 128 255 
0.00488466723032801 -0.999988069941861 -1 255 128 128 255 
0.999955053638928 0.00948107071845189 -1 255 128 128 255 
0.00509919035278213 0.999986999044361 -1 255 128 128 255 
-0.383540465788695 -0.923524071750483 0.293343167465644 255 128 128 255 
-0.384053467697828 -0.923310854452212 0.100050274567258 255 128 128 255 
-0.385205744183406 -0.922830718305426 -0.093741431656079 255 128 128 255 
-0.387608030946743 -0.921824286046743 -0.286717868438445 255 128 128 255 
-0.24656628664715 -0.969125929014922 -1 128 255 255 255 
-0.117982120132885 -0.894363568512369 -1 128 255 255 255 
-0.121822072342805 -0.992551954655324 -1 128 255 255 255 
0.128431865727889 -0.88818728850906 -1 128 255 255 255 
0.256107816026054 -0.966648222762741 -1 128 255 255 255 
0.131556670302493 -0.991308651479912 -1 128 255 255 255 
0.839001031590432 0.246467171746557 -1 128 255 255 255 
0.92648592733393 0.376329412154016 -1 128 255 255 255 
0.966586410662088 0.256341004763931 -1 128 255 255 255 
-0.603084374236184 -0.797677401931477 -1 128 255 255 255 
-0.707106781308288 -0.707106781064807 -1 128 255 255 255 
-0.523224383933012 -0.686139734896769 -1 128 255 255 255 
0.112236686390781 -0.705268298430573 -1 128 255 255 255 
0.00315215702737034 -0.840995584286235 -1 128 255 255 255 
-0.11181031407926 -0.71717069603731 -1 128 255 255 255 
0.116144561781442 0.719134718175917 -1 128 255 255 255 
0.125220982429702 0.894523729480761 -1 128 255 255 255 
0.242280166648255 0.84627374333126 -1 128 255 255 255 
0.500249076516712 -0.68853713758104 -1 128 255 255 255 
0.499037653907999 -0.866580302096695 -1 128 255 255 255 
0.389904563335949 -0.795155459794142 -1 128 255 255 255 
0.377988211766677 -0.925810408110338 -1 128 255 255 255 
0.309821578166798 -0.669724417276806 -1 128 255 255 255 
0.612271534288846 -0.790647562634314 -1 128 255 255 255 
0.714124690104166 -0.700018519029053 -1 128 255 255 255 
-0.797677402223204 -0.603084373850327 -1 128 255 255 255 
-0.693776649129807 -0.499167984512615 -1 128 255 255 255 
-0.873073245978564 -0.487589076125024 -1 128 255 255 255 
-0.310957105776627 -0.507742187927247 -1 128 255 255 255 
-0.333989527619036 -0.722173632215159 -1 128 255 255 255 
-0.418340995495197 -0.604233910920271 -1 128 255 255 255 
-0.505192964652111 -0.50088008864191 -1 128 255 255 255 
0.0991822660015978 -0.30142713588843 -1 128 255 255 255 
0.101193198853372 -0.100406580295871 -1 128 255 255 255 
0.19933471491576 -0.200721331971358 -1 128 255 255 255 
0.00488466723032801 -0.999988069941861 -1 128 255 255 255 
0.300653791082471 -0.0999891903341408 -1 128 255 255 255 
0.305861543314341 0.106847365918124 -1 128 255 255 255 
0.40409810866726 0.00414261584265175 -1 128 255 255 255 
0.802363614020873 -0.596835514103646 -1 128 255 255 255 
0.659113246976316 -0.50769374321841 -1 128 255 255 255 
0.790782772227619 -0.423027897322631 -1 128 255 255 255 
-0.494135044122913 -0.304517479639578 -1 128 255 255 255 
-0.590868421643248 -0.403446979311753 -1 128 255 255 255 
-0.670369028668162 -0.30922236445291 -1 128 255 255 255 
-0.11229594810985 0.712098775418234 -1 128 255 255 255 
-0.120801026544803 0.892478069571644 -1 128 255 255 255 
0.00267355198185472 0.843644458338183 -1 128 255 255 255 
-0.10158845642964 -0.303645896013475 -1 128 255 255 255 
-0.105820275524854 -0.507445335901544 -1 128 255 255 255 
-0.204866960756108 -0.405832284324816 -1 128 255 255 255 
-0.301102005293312 -0.304495717456997 -1 128 255 255 255 
0.656639209981566 -0.325345185442262 -1 128 255 255 255 
0.572066172187501 -0.410276287247787 -1 128 255 255 255 
0.487185853822116 -0.499540326452695 -1 128 255 255 255 
0.485326377970007 -0.308525893877779 -1 128 255 255 255 
-0.825628778985716 -0.256715583802117 -1 128 255 255 255 
-0.92952426594501 -0.368760951050121 -1 128 255 255 255 
-0.969125922828795 -0.24656631096165 -1 128 255 255 255 
-0.495348762980368 -0.103905136914969 -1 128 255 255 255 
-0.589830291447415 -0.206984222229422 -1 128 255 255 255 
-0.699468330018218 -0.110291907910231 -1 128 255 255 255 
-0.0986930395273963 -0.102270799712164 -1 128 255 255 255 
-0.199721950925501 -0.203433042141773 -1 128 255 255 255 
-0.297504302451656 -0.103319755384457 -1 128 255 255 255 
0.296309603725598 -0.301062421366992 -1 128 255 255 255 
0.49979009942559 -0.106499393264529 -1 128 255 255 255 
0.395519968050916 -0.20401922471086 -1 128 255 255 255 
0.511846824814044 0.322819812452988 -1 128 255 255 255 
0.512537685245887 0.515141454866655 -1 128 255 255 255 
0.608381278880368 0.428934001227116 -1 128 255 255 255 
0.970995832043283 -0.239096411839602 -1 128 255 255 255 
0.871542095751429 -0.0923480223530209 -1 128 255 255 255 
0.993364466798242 -0.115008852279487 -1 128 255 255 255 
0.818367781536179 -0.264063355908483 -1 128 255 255 255 
-0.991309246960511 0.131552183146402 -1 128 255 255 255 
-0.885148449635707 0.12845126351959 -1 128 255 255 255 
-0.999988070575688 0.0048845374716603 -1 128 255 255 255 
-0.83371582196863 0.00284582024566407 -1 128 255 255 255 
-0.886787388793682 -0.121221566288983 -1 128 255 255 255 
0.510087000846641 0.116211681051153 -1 128 255 255 255 
0.706159685797706 0.150560750281134 -1 128 255 255 255 
0.754572960818237 0.00413525375810274 -1 128 255 255 255 
0.631707997311283 0.00426917735283537 -1 128 255 255 255 
0.687902990709054 -0.142989582942091 -1 128 255 255 255 
0.875552034521712 0.101183946451657 -1 128 255 255 255 
0.991005164331799 0.133823631200563 -1 128 255 255 255 
-0.925817073132447 0.377971886648293 -1 128 255 255 255 
-0.82171819714572 0.262619228986768 -1 128 255 255 255 
-0.966650508033532 0.256099190390196 -1 128 255 255 255 
-0.487524528603445 0.69911874125371 -1 128 255 255 255 
-0.483486012835004 0.875352086530277 -1 128 255 255 255 
-0.379380407003708 0.809810737622347 -1 128 255 255 255 
-0.00114601828286799 -0.607797688995814 -1 128 255 255 255 
-0.683125755148954 0.502590010481077 -1 128 255 255 255 
-0.70042820927913 0.713722861933139 -1 128 255 255 255 
-0.588684526602313 0.601968595454901 -1 128 255 255 255 
0.688919505824814 0.529853992506772 -1 128 255 255 255 
0.720221099636726 0.347920745082049 -1 128 255 255 255 
-0.790855510372709 0.612002909889424 -1 128 255 255 255 
-0.866632974818813 0.498946176412541 -1 128 255 255 255 
-0.483659613377724 0.492442768151677 -1 128 255 255 255 
0.527862244305689 0.689964181598096 -1 128 255 255 255 
0.424396018655818 0.610663244215261 -1 128 255 255 255 
0.31735590469676 0.513667895512235 -1 128 255 255 255 
0.339828240374935 0.723879444884056 -1 128 255 255 255 
0.795495419749229 0.605959600268861 -1 128 255 255 255 
0.7076951905564 0.706517881771821 -1 128 255 255 255 
0.869119248301265 0.494602600308817 -1 128 255 255 255 
-0.597448086793323 0.801907590428596 -1 128 255 255 255 
-0.305236039062746 0.706999350573189 -1 128 255 255 255 
-0.365859392740274 0.930670137451352 -1 128 255 255 255 
0.26242629632156 -0.825125033905832 -1 128 255 255 255 
0.494969628595456 0.868910275441646 -1 128 255 255 255 
0.606789495317302 0.794862572003849 -1 128 255 255 255 
-0.244638043397001 0.969614473758971 -1 128 255 255 255 
-0.12072835715716 0.992685581530292 -1 128 255 255 255 
-0.254701809476397 0.836945257399289 -1 128 255 255 255 
0.254637728555322 0.967036518026174 -1 128 255 255 255 
0.130909328671711 0.991394345185972 -1 128 255 255 255 
-0.368760947468031 -0.929524267366097 -1 128 255 255 255 
-0.235821839189273 -0.846471618629171 -1 128 255 255 255 
0.875812691111474 -0.482651147401596 -1 128 255 255 255 
-0.607325194755804 -0.598323647279025 -1 128 255 255 255 
0.00246016440133182 -0.000755470908606264 -1 128 255 255 255 
0.103959496317955 0.101846790224901 -1 128 255 255 255 
-0.492606451913385 0.100034563164124 -1 128 255 255 255 
-0.697186870819857 0.112406774436285 -1 128 255 255 255 
-0.584468077641878 0.205017495342687 -1 128 255 255 255 
0.205405715059 -0.59256997985235 -1 128 255 255 255 
0.399002818525546 -0.587945664849683 -1 128 255 255 255 
-0.596152603932957 -0.000438926806198069 -1 128 255 255 255 
-0.361302292603742 0.590753946508825 -1 128 255 255 255 
-0.402846779961241 -0.404408868416433 -1 128 255 255 255 
0.100809830081861 -0.501306425613831 -1 128 255 255 255 
-0.294783426807755 0.461734405739391 -1 128 255 255 255 
0.298754765596559 -0.493980778088192 -1 128 255 255 255 
-0.48758907666972 -0.873073245674365 -1 128 255 255 255 
-0.389109591399995 0.385149484220675 -1 128 255 255 255 
-0.293229963660331 0.289053649857567 -1 128 255 255 255 
-0.484765361754169 0.297367113134067 -1 128 255 255 255 
0.198764116351404 -0.399444190239361 -1 128 255 255 255 
-0.19680946111959 0.385623366039998 -1 128 255 255 255 
2.34922244834214E-05 -0.201937602977485 -1 128 255 255 255 
0.582414669521554 -0.220840013881665 -1 128 255 255 255 
0.932343788504126 -0.361573035551289 -1 128 255 255 255 
0.309961009554826 0.311419832036689 -1 128 255 255 255 
0.210688947500442 0.409368247745128 -1 128 255 255 255 
0.206517263351307 0.206042111181585 -1 128 255 255 255 
0.202917007392035 0.00207459637825338 -1 128 255 255 255 
-0.295010310067317 0.0960835154735203 -1 128 255 255 255 
-0.196956662521243 -0.002924583368598 -1 128 255 255 255 
0.00509919035278213 0.999986999044361 -1 128 255 255 255 
-0.663313626080101 0.310261530636273 -1 128 255 255 255 
-0.10269919176425 0.495786489317563 -1 128 255 255 255 
-0.235307855167042 0.59347446682616 -1 128 255 255 255 
-0.096618998038604 0.0978087061487081 -1 128 255 255 255 
-0.3914030218488 0.195634710407319 -1 128 255 255 255 
0.00257532335985439 0.608837697449169 -1 128 255 255 255 
0.109151871532076 0.508330806884962 -1 128 255 255 255 
0.106287004218108 0.304054456546625 -1 128 255 255 255 
0.0040536054349769 0.401022667998655 -1 128 255 255 255 
0.00427556006285837 0.199907218041426 -1 128 255 255 255 
0.409439094632463 0.214324672864739 -1 128 255 255 255 
-0.792121525265207 0.39047776663299 -1 128 255 255 255 
-0.578716089090237 0.400665355600773 -1 128 255 255 255 
-0.195346133503069 0.194716197681317 -1 128 255 255 255 
-0.0965252622460255 0.295918919245471 -1 128 255 255 255 
-0.798474393741452 -0.384291191988558 -1 128 255 255 255 
0.609253656483198 0.610369377685836 -1 128 255 255 255 
0.375569320099874 0.926794306089392 -1 128 255 255 255 
-0.99255194522326 -0.121822149191036 -1 128 255 255 255 
-0.215644305749944 -0.613632963020315 -1 128 255 255 255 
0.39189415027857 -0.400777354946414 -1 128 255 255 255 
0.590168216854828 -0.5989474315703 -1 128 255 255 255 
0.220620144596303 0.616253216364292 -1 128 255 255 255 
-0.00185415896775863 -0.40345619835432 -1 128 255 255 255 
0.412925356077879 0.415762248717142 -1 128 255 255 255 
-0.397022528712062 -0.204059522349 -1 128 255 255 255 
0.612078652773779 0.234378247216831 -1 128 255 255 255 
-0.395117456853181 -0.0027767034154455 -1 128 255 255 255 
0.999955053638928 0.00948107071845189 -1 128 255 255 255 

3 0 1 2 
3 0 3 1 
3 4 0 2 
3 5 6 7 
3 6 4 7 
3 8 9 10 
3 11 12 13 
3 14 15 16 
3 15 14 17 
3 18 19 13 
3 19 18 20 
3 21 22 17 
3 23 24 25 
3 26 27 28 
3 29 30 31 
3 32 33 34 
3 35 36 37 
3 38 39 40 
3 39 41 40 
3 42 43 38 
3 43 44 38 
3 45 33 46 
3 42 41 47 
3 48 42 47 
3 41 49 47 
3 50 42 48 
3 49 51 48 
3 52 42 50 
3 43 42 52 
3 53 43 52 
3 54 26 28 
3 55 56 57 
3 51 58 50 
3 32 43 53 
3 46 32 59 
3 60 61 62 
3 61 63 62 
3 64 60 62 
3 61 65 63 
3 66 64 63 
3 61 67 65 
3 61 60 68 
3 69 70 71 
3 69 72 70 
3 41 73 74 
3 73 75 74 
3 73 76 75 
3 77 78 76 
3 79 80 81 
3 75 49 74 
3 82 83 77 
3 83 78 77 
3 84 85 82 
3 86 84 82 
3 87 88 85 
3 56 54 57 
3 88 83 85 
3 87 89 90 
3 73 86 76 
3 61 91 67 
3 91 92 67 
3 93 66 65 
3 91 94 92 
3 91 95 94 
3 95 96 94 
3 97 98 99 
3 98 100 99 
3 101 102 103 
3 102 101 104 
3 105 106 107 
3 39 108 109 
3 41 39 109 
3 110 111 108 
3 112 97 99 
3 110 113 114 
3 115 116 117 
3 118 119 120 
3 121 122 123 
3 118 124 119 
3 111 110 114 
3 125 126 127 
3 126 128 127 
3 126 129 128 
3 130 131 132 
3 133 134 135 
3 136 137 138 
3 139 140 141 
3 142 143 144 
3 142 145 143 
3 145 146 143 
3 145 147 146 
3 148 149 144 
3 146 148 143 
3 150 151 147 
3 152 151 150 
3 153 152 150 
3 154 155 156 
3 145 157 147 
3 60 64 158 
3 159 160 161 
3 162 163 159 
3 163 160 159 
3 164 165 166 
3 165 164 103 
3 167 168 169 
3 170 171 172 
3 172 171 120 
3 173 174 175 
3 174 176 175 
3 177 178 179 
3 176 177 179 
3 180 12 181 
3 180 182 183 
3 3 0 182 
3 0 184 182 
3 171 170 185 
3 6 186 187 
3 188 6 187 
3 189 187 190 
3 187 186 190 
3 16 189 190 
3 191 192 193 
3 194 22 21 
3 13 12 195 
3 196 12 180 
3 12 196 195 
3 197 3 181 
3 198 199 200 
3 201 202 185 
3 140 203 141 
3 167 204 205 
3 206 207 208 
3 16 15 189 
3 15 17 209 
3 15 210 189 
3 210 15 209 
3 18 13 195 
3 211 18 195 
3 18 211 212 
3 213 214 215 
3 216 124 217 
3 3 182 181 
3 17 22 209 
3 22 218 209 
3 218 22 214 
3 212 219 220 
3 219 23 220 
3 219 212 221 
3 165 222 223 
3 20 18 220 
3 224 225 226 
3 227 228 229 
3 230 231 232 
3 233 234 235 
3 236 237 238 
3 239 240 241 
3 242 243 244 
3 225 245 226 
3 246 174 173 
3 24 23 219 
3 247 24 219 
3 248 249 250 
3 230 251 231 
3 252 253 254 
3 251 253 231 
3 230 232 162 
3 255 26 213 
3 26 54 256 
3 257 26 256 
3 26 257 213 
3 54 258 256 
3 58 51 259 
3 260 261 262 
3 29 263 264 
3 265 79 264 
3 124 118 217 
3 151 152 266 
3 267 268 269 
3 108 111 109 
3 54 56 270 
3 258 54 270 
3 258 257 256 
3 56 271 270 
3 80 79 272 
3 79 265 272 
3 263 265 264 
3 273 58 274 
3 166 165 223 
3 275 276 277 
3 194 215 22 
3 56 216 278 
3 278 216 217 
3 279 278 217 
3 271 56 278 
3 271 258 270 
3 272 280 281 
3 80 272 281 
3 280 104 281 
3 280 272 282 
3 102 104 280 
3 167 169 259 
3 283 284 245 
3 214 22 215 
3 103 102 285 
3 102 286 285 
3 286 102 280 
3 165 103 285 
3 287 288 289 
3 18 212 220 
3 118 120 290 
3 120 171 290 
3 291 118 290 
3 118 291 279 
3 165 292 222 
3 292 165 285 
3 222 293 223 
3 293 246 223 
3 293 222 294 
3 174 246 293 
3 295 230 162 
3 197 12 11 
3 170 201 185 
3 201 177 202 
3 113 110 296 
3 297 171 185 
3 297 202 298 
3 255 213 215 
3 299 171 297 
3 171 299 290 
3 300 301 302 
3 303 174 293 
3 304 305 306 
3 177 304 202 
3 307 308 183 
3 308 180 183 
3 182 307 183 
3 308 307 309 
3 182 184 307 
3 184 310 307 
3 311 312 313 
3 188 187 191 
3 253 251 254 
3 314 188 191 
3 315 316 317 
3 216 56 55 
3 177 201 178 
3 6 5 186 
3 196 180 308 
3 195 196 318 
3 319 196 308 
3 196 319 318 
3 189 210 192 
3 210 209 320 
3 210 321 192 
3 321 210 320 
3 211 195 318 
3 212 211 322 
3 323 211 318 
3 211 323 322 
3 209 218 320 
3 218 214 239 
3 218 324 320 
3 324 218 239 
3 322 325 221 
3 212 322 221 
3 325 219 221 
3 326 327 328 
3 247 219 325 
3 247 329 330 
3 329 247 325 
3 331 263 330 
3 213 257 240 
3 257 258 332 
3 333 257 332 
3 257 333 240 
3 258 334 332 
3 265 263 335 
3 263 331 335 
3 329 331 330 
3 336 265 335 
3 337 338 339 
3 334 333 332 
3 272 265 340 
3 265 336 340 
3 331 336 335 
3 271 278 341 
3 342 271 341 
3 340 343 282 
3 272 340 282 
3 343 280 282 
3 344 345 346 
3 286 280 343 
3 347 341 348 
3 341 278 348 
3 279 347 348 
3 349 350 351 
3 279 291 347 
3 285 286 352 
3 286 353 352 
3 353 286 343 
3 292 285 352 
3 291 290 354 
3 290 299 354 
3 355 291 354 
3 291 355 347 
3 222 292 356 
3 292 357 356 
3 357 292 352 
3 356 358 294 
3 222 356 294 
3 358 293 294 
3 358 356 359 
3 303 293 358 
3 202 304 360 
3 299 297 361 
3 360 361 298 
3 202 360 298 
3 361 297 298 
3 361 360 362 
3 363 299 361 
3 299 363 354 
3 301 303 358 
3 364 365 366 
3 305 300 306 
3 367 304 306 
3 300 367 306 
3 304 367 360 
3 368 369 309 
3 369 308 309 
3 307 368 309 
3 311 310 370 
3 307 310 368 
3 371 312 370 
3 310 311 368 
3 312 371 372 
3 312 311 370 
3 314 373 372 
3 314 191 374 
3 373 312 372 
3 373 314 374 
3 375 374 193 
3 374 191 193 
3 192 375 193 
3 374 375 376 
3 319 308 369 
3 318 319 377 
3 378 319 369 
3 319 378 377 
3 192 321 375 
3 321 320 379 
3 321 380 375 
3 380 321 379 
3 323 318 377 
3 322 323 327 
3 381 323 377 
3 323 381 327 
3 320 324 379 
3 324 239 382 
3 324 383 379 
3 383 324 382 
3 384 382 241 
3 382 239 241 
3 240 384 241 
3 385 386 387 
3 329 325 326 
3 331 329 388 
3 329 389 388 
3 389 329 326 
3 390 331 388 
3 240 333 384 
3 391 337 392 
3 333 391 384 
3 336 331 393 
3 331 390 393 
3 389 390 388 
3 394 336 393 
3 340 336 345 
3 336 394 345 
3 390 394 393 
3 342 341 349 
3 338 342 349 
3 353 343 344 
3 347 355 350 
3 352 353 395 
3 353 396 395 
3 396 353 344 
3 357 352 395 
3 355 354 397 
3 354 363 397 
3 398 355 397 
3 355 398 350 
3 356 357 399 
3 357 400 399 
3 400 357 395 
3 399 401 359 
3 356 399 359 
3 401 358 359 
3 401 399 402 
3 301 358 401 
3 360 367 403 
3 363 361 404 
3 403 404 362 
3 360 403 362 
3 404 361 362 
3 404 403 405 
3 406 363 404 
3 363 406 397 
3 301 407 302 
3 408 300 302 
3 407 301 401 
3 367 300 409 
3 300 408 409 
3 407 408 302 
3 410 367 409 
3 408 410 409 
3 367 410 403 
3 337 391 411 
3 334 337 411 
3 391 333 411 
3 333 334 411 
3 412 311 313 
3 368 311 413 
3 312 414 313 
3 311 412 413 
3 414 412 313 
3 373 374 415 
3 416 373 415 
3 417 415 376 
3 415 374 376 
3 375 417 376 
3 415 417 418 
3 378 369 419 
3 377 378 420 
3 421 378 419 
3 378 421 420 
3 375 380 417 
3 380 379 422 
3 380 423 417 
3 423 380 422 
3 424 425 426 
3 425 427 426 
3 428 227 429 
3 227 229 429 
3 430 431 432 
3 431 433 432 
3 434 435 436 
3 305 304 437 
3 304 177 437 
3 176 305 437 
3 435 438 436 
3 439 440 441 
3 440 442 441 
3 443 444 445 
3 177 176 437 
3 446 447 448 
3 444 449 445 
3 364 446 448 
3 447 450 448 
3 450 364 448 
3 364 450 451 
3 452 364 451 
3 450 453 451 
3 453 452 451 
3 452 453 454 
3 455 452 454 
3 453 456 454 
3 456 455 454 
3 455 456 457 
3 458 455 457 
3 456 459 457 
3 459 458 457 
3 458 459 460 
3 461 458 460 
3 459 462 460 
3 462 461 460 
3 463 464 465 
3 381 377 420 
3 327 381 466 
3 467 381 420 
3 381 467 466 
3 379 383 422 
3 440 439 468 
3 469 440 468 
3 470 471 472 
3 383 382 385 
3 383 473 422 
3 473 383 385 
3 466 474 328 
3 327 466 328 
3 474 326 328 
3 474 466 475 
3 471 476 472 
3 477 478 479 
3 478 121 479 
3 425 480 481 
3 482 425 481 
3 483 480 484 
3 485 483 484 
3 121 478 486 
3 478 487 486 
3 488 489 490 
3 116 488 490 
3 471 491 492 
3 493 471 492 
3 234 494 493 
3 494 495 493 
3 496 497 498 
3 499 496 498 
3 500 501 502 
3 501 229 502 
3 503 504 505 
3 504 506 505 
3 507 508 509 
3 510 507 509 
3 511 512 513 
3 514 511 513 
3 389 326 474 
3 390 389 515 
3 389 516 515 
3 88 90 517 
3 518 88 517 
3 516 389 474 
3 519 520 521 
3 522 390 515 
3 384 391 386 
3 96 523 94 
3 462 391 392 
3 391 462 386 
3 337 461 392 
3 414 416 524 
3 516 522 515 
3 461 337 339 
3 461 462 392 
3 338 525 339 
3 464 526 465 
3 527 463 465 
3 345 394 528 
3 394 529 528 
3 338 349 530 
3 525 338 530 
3 525 461 339 
3 528 531 346 
3 345 528 346 
3 531 344 346 
3 532 533 534 
3 396 344 531 
3 535 530 351 
3 530 349 351 
3 350 535 351 
3 530 535 536 
3 350 398 535 
3 395 396 537 
3 396 538 537 
3 538 396 531 
3 400 395 537 
3 398 397 539 
3 397 406 539 
3 540 398 539 
3 398 540 535 
3 399 400 541 
3 400 542 541 
3 542 400 537 
3 541 543 402 
3 399 541 402 
3 543 401 402 
3 544 545 546 
3 407 401 543 
3 403 410 547 
3 406 404 548 
3 547 548 405 
3 403 547 405 
3 548 404 405 
3 549 550 551 
3 552 406 548 
3 406 552 539 
3 464 463 553 
3 554 407 543 
3 410 408 555 
3 408 556 555 
3 557 410 555 
3 556 557 555 
3 410 557 547 
3 526 527 465 
3 558 559 560 
3 559 557 560 
3 556 558 560 
3 557 556 560 
3 527 526 561 
3 526 562 561 
3 563 527 561 
3 562 563 561 
3 338 337 564 
3 342 338 564 
3 337 334 564 
3 334 342 564 
3 342 334 565 
3 271 342 565 
3 334 258 565 
3 258 271 565 
3 566 463 567 
3 463 527 567 
3 568 566 567 
3 527 568 567 
3 568 527 569 
3 527 563 569 
3 570 568 569 
3 371 314 372 
3 413 412 571 
3 412 572 571 
3 310 371 370 
3 573 414 524 
3 416 574 524 
3 416 415 575 
3 574 573 524 
3 574 416 575 
3 576 575 418 
3 575 415 418 
3 417 576 418 
3 575 576 577 
3 421 419 578 
3 420 421 579 
3 580 421 578 
3 421 580 579 
3 417 423 576 
3 423 422 581 
3 423 582 576 
3 582 423 581 
3 563 570 569 
3 583 558 584 
3 558 556 584 
3 554 583 584 
3 556 554 584 
3 554 556 585 
3 556 408 585 
3 407 554 585 
3 408 407 585 
3 301 300 586 
3 300 305 586 
3 303 301 586 
3 305 303 586 
3 303 305 587 
3 305 176 587 
3 174 303 587 
3 176 174 587 
3 588 452 589 
3 467 420 579 
3 466 467 590 
3 591 467 579 
3 467 591 590 
3 422 473 581 
3 473 385 592 
3 473 593 581 
3 593 473 592 
3 590 594 475 
3 466 590 475 
3 594 474 475 
3 595 596 597 
3 598 592 387 
3 592 385 387 
3 386 598 387 
3 599 600 601 
3 516 474 594 
3 602 603 604 
3 605 516 594 
3 386 462 598 
3 462 459 598 
3 263 247 330 
3 461 525 606 
3 458 461 606 
3 525 607 606 
3 608 588 589 
3 452 455 589 
3 455 608 589 
3 603 602 609 
3 573 603 609 
3 602 572 609 
3 528 529 610 
3 529 611 610 
3 525 530 612 
3 607 525 612 
3 607 458 606 
3 538 531 613 
3 614 612 536 
3 612 530 536 
3 535 614 536 
3 615 616 617 
3 535 540 614 
3 537 538 618 
3 538 619 618 
3 619 538 613 
3 542 537 618 
3 540 539 620 
3 539 552 620 
3 621 540 620 
3 540 621 614 
3 572 573 609 
3 573 572 622 
3 414 573 622 
3 572 412 622 
3 412 414 622 
3 541 542 623 
3 542 624 623 
3 624 542 618 
3 278 279 348 
3 554 543 625 
3 547 557 550 
3 552 548 549 
3 626 552 549 
3 552 626 620 
3 583 554 625 
3 559 558 627 
3 557 559 550 
3 261 260 628 
3 260 629 628 
3 630 261 628 
3 629 630 628 
3 631 630 632 
3 630 633 632 
3 605 631 632 
3 633 605 632 
3 371 310 634 
3 635 371 634 
3 310 184 634 
3 184 635 634 
3 314 371 636 
3 188 314 636 
3 371 635 636 
3 635 188 636 
3 637 603 638 
3 574 637 638 
3 603 573 638 
3 573 574 638 
3 635 184 639 
3 4 635 639 
3 184 0 639 
3 0 4 639 
3 188 635 640 
3 6 188 640 
3 635 4 640 
3 4 6 640 
3 416 414 641 
3 373 416 641 
3 414 312 641 
3 312 373 641 
3 476 642 472 
3 571 572 643 
3 572 602 643 
3 611 633 644 
3 574 575 645 
3 637 574 645 
3 646 645 577 
3 645 575 577 
3 576 646 577 
3 580 578 647 
3 579 580 648 
3 649 580 647 
3 580 649 648 
3 576 582 646 
3 582 581 650 
3 582 651 646 
3 651 582 650 
3 591 579 648 
3 590 591 596 
3 652 591 648 
3 591 652 596 
3 581 593 650 
3 593 592 599 
3 593 653 650 
3 653 593 599 
3 654 478 477 
3 655 656 477 
3 656 654 477 
3 104 80 281 
3 605 594 595 
3 631 605 595 
3 598 459 600 
3 459 456 600 
3 630 631 657 
3 633 630 644 
3 629 611 644 
3 458 607 658 
3 455 458 658 
3 607 608 658 
3 610 611 659 
3 611 629 659 
3 630 629 644 
3 607 612 615 
3 608 607 615 
3 608 455 658 
3 654 656 660 
3 661 654 660 
3 656 662 660 
3 662 661 660 
3 619 613 663 
3 614 621 616 
3 618 619 664 
3 619 665 664 
3 665 619 663 
3 624 618 664 
3 621 620 666 
3 620 626 666 
3 667 621 666 
3 621 667 616 
3 623 624 545 
3 624 668 545 
3 668 624 664 
3 583 625 544 
3 550 559 669 
3 626 549 670 
3 669 670 551 
3 550 669 551 
3 670 549 551 
3 671 626 670 
3 626 671 666 
3 672 673 674 
3 637 672 674 
3 673 603 674 
3 603 637 674 
3 633 611 675 
3 611 529 675 
3 522 633 675 
3 529 522 675 
3 247 263 676 
3 263 29 676 
3 24 247 676 
3 29 24 676 
3 134 133 677 
3 678 679 680 
3 681 682 680 
3 679 681 680 
3 583 683 684 
3 685 558 684 
3 683 583 544 
3 558 685 627 
3 683 685 684 
3 686 559 627 
3 685 686 627 
3 559 686 669 
3 24 29 687 
3 25 24 687 
3 679 688 689 
3 688 690 689 
3 691 679 689 
3 690 691 689 
3 605 633 692 
3 633 522 692 
3 516 605 692 
3 522 516 692 
3 693 691 694 
3 691 261 694 
3 695 693 694 
3 261 695 694 
3 522 529 696 
3 529 394 696 
3 390 522 696 
3 394 390 696 
3 23 20 220 
3 697 602 604 
3 643 602 698 
3 603 673 604 
3 602 697 698 
3 673 697 604 
3 637 645 699 
3 672 637 699 
3 649 647 700 
3 648 649 701 
3 702 649 700 
3 649 702 701 
3 646 651 703 
3 651 650 704 
3 651 705 703 
3 705 651 704 
3 652 648 701 
3 596 652 706 
3 707 652 701 
3 652 707 706 
3 650 653 704 
3 653 599 708 
3 653 709 704 
3 709 653 708 
3 706 710 597 
3 596 706 597 
3 710 595 597 
3 710 706 711 
3 712 708 601 
3 708 599 601 
3 600 712 601 
3 708 712 713 
3 631 595 710 
3 631 695 657 
3 695 631 710 
3 261 630 657 
3 600 456 712 
3 456 453 712 
3 695 261 657 
3 452 588 714 
3 659 629 533 
3 629 260 533 
3 608 615 715 
3 588 608 715 
3 665 663 532 
3 716 715 617 
3 715 615 617 
3 616 716 617 
3 616 667 716 
3 29 79 30 
3 79 81 30 
3 687 29 31 
3 664 665 717 
3 665 718 717 
3 718 665 532 
3 668 664 717 
3 667 666 719 
3 666 671 719 
3 720 667 719 
3 667 720 716 
3 545 668 721 
3 668 722 721 
3 722 668 717 
3 721 723 546 
3 545 721 546 
3 723 544 546 
3 724 725 726 
3 683 544 723 
3 669 686 727 
3 671 670 728 
3 729 671 728 
3 671 729 719 
3 685 683 730 
3 683 570 730 
3 563 685 730 
3 570 683 723 
3 685 563 731 
3 570 563 730 
3 562 686 731 
3 563 562 731 
3 686 562 727 
3 732 733 734 
3 735 732 734 
3 733 736 734 
3 736 735 734 
3 737 738 739 
3 63 64 62 
3 65 66 63 
3 740 36 741 
3 67 93 65 
3 32 273 59 
3 742 39 44 
3 42 38 40 
3 51 50 48 
3 58 52 50 
3 49 48 47 
3 41 42 40 
3 71 61 68 
3 743 744 745 
3 743 746 747 
3 125 743 745 
3 748 743 749 
3 750 751 752 
3 95 91 70 
3 753 754 755 
3 754 700 755 
3 698 753 755 
3 754 753 756 
3 697 673 757 
3 758 697 757 
3 698 697 753 
3 673 662 757 
3 697 758 753 
3 662 673 759 
3 662 758 757 
3 672 661 759 
3 672 699 760 
3 661 662 759 
3 661 672 760 
3 702 700 754 
3 701 702 761 
3 762 702 754 
3 702 762 761 
3 703 705 763 
3 520 764 521 
3 765 766 767 
3 705 704 768 
3 705 769 763 
3 770 765 767 
3 769 705 768 
3 277 771 772 
3 771 773 772 
3 774 775 776 
3 777 774 776 
3 483 485 778 
3 553 483 778 
3 779 780 781 
3 782 779 781 
3 740 783 784 
3 783 138 784 
3 785 518 786 
3 787 785 786 
3 738 737 132 
3 131 738 132 
3 128 129 677 
3 129 134 677 
3 678 680 788 
3 154 678 788 
3 789 790 791 
3 790 288 791 
3 792 793 794 
3 795 792 794 
3 796 797 798 
3 797 799 798 
3 707 701 761 
3 706 707 800 
3 801 707 761 
3 707 801 800 
3 704 709 768 
3 709 708 802 
3 709 803 768 
3 803 709 802 
3 800 804 711 
3 706 800 711 
3 804 710 711 
3 804 800 805 
3 797 796 806 
3 807 797 806 
3 740 137 808 
3 137 807 808 
3 809 810 811 
3 812 802 713 
3 802 708 713 
3 712 812 713 
3 802 812 813 
3 424 809 811 
3 121 115 814 
3 115 430 814 
3 435 434 815 
3 816 435 815 
3 817 443 818 
3 154 817 818 
3 819 506 820 
3 821 819 820 
3 494 499 822 
3 823 494 822 
3 824 825 296 
3 825 113 296 
3 284 283 826 
3 283 827 826 
3 828 428 829 
3 830 828 829 
3 428 828 831 
3 828 203 831 
3 832 833 834 
3 695 710 804 
3 79 29 264 
3 519 832 834 
3 835 836 837 
3 838 835 837 
3 693 695 804 
3 839 840 841 
3 840 842 841 
3 712 453 812 
3 840 839 843 
3 737 840 843 
3 480 425 844 
3 425 424 844 
3 138 845 846 
3 845 847 846 
3 453 450 812 
3 799 848 849 
3 848 850 849 
3 494 234 851 
3 499 494 851 
3 852 853 854 
3 855 852 854 
3 852 288 856 
3 853 852 856 
3 857 496 858 
3 496 499 858 
3 859 840 860 
3 840 737 860 
3 773 861 862 
3 861 830 862 
3 105 500 863 
3 864 105 863 
3 691 693 865 
3 261 691 262 
3 866 867 868 
3 869 866 868 
3 443 817 870 
3 690 260 262 
3 817 134 870 
3 817 156 135 
3 134 817 135 
3 276 871 872 
3 364 452 714 
3 100 276 872 
3 873 874 875 
3 588 365 714 
3 424 873 875 
3 876 877 878 
3 877 871 878 
3 867 866 879 
3 866 880 879 
3 861 881 882 
3 883 861 882 
3 518 884 885 
3 884 780 885 
3 886 887 888 
3 887 864 888 
3 779 889 890 
3 780 779 890 
3 861 773 891 
3 881 861 891 
3 847 845 892 
3 533 260 893 
3 260 690 893 
3 691 690 262 
3 588 715 894 
3 845 792 892 
3 895 896 897 
3 267 895 897 
3 137 199 898 
3 365 588 894 
3 365 364 714 
3 893 899 534 
3 533 893 534 
3 899 532 534 
3 718 532 899 
3 807 137 898 
3 793 133 794 
3 716 720 900 
3 717 718 901 
3 718 902 901 
3 902 718 899 
3 722 717 901 
3 720 719 903 
3 719 729 903 
3 904 720 903 
3 720 904 900 
3 721 722 725 
3 722 905 725 
3 905 722 901 
3 133 156 795 
3 906 907 908 
3 907 909 908 
3 910 288 911 
3 570 723 724 
3 727 562 912 
3 729 728 913 
3 914 910 911 
3 915 796 916 
3 45 915 916 
3 917 832 918 
3 832 519 918 
3 919 920 921 
3 917 919 921 
3 922 923 924 
3 925 922 924 
3 926 729 913 
3 729 926 903 
3 495 471 493 
3 927 928 497 
3 496 927 497 
3 928 929 497 
3 930 931 810 
3 931 873 810 
3 809 930 810 
3 932 933 934 
3 935 936 934 
3 936 932 934 
3 933 935 934 
3 229 937 502 
3 938 939 503 
3 939 504 503 
3 819 938 503 
3 940 941 942 
3 943 944 942 
3 941 943 942 
3 944 940 942 
3 945 930 946 
3 947 948 949 
3 948 789 949 
3 923 922 950 
3 922 254 950 
3 947 774 951 
3 774 952 951 
3 953 954 955 
3 956 953 955 
3 957 958 959 
3 958 960 959 
3 961 962 963 
3 962 960 963 
3 964 965 966 
3 236 964 966 
3 962 961 967 
3 956 962 967 
3 253 520 968 
3 520 519 968 
3 764 520 969 
3 520 970 969 
3 766 919 971 
3 463 566 482 
3 919 485 971 
3 157 267 269 
3 153 157 269 
3 884 972 973 
3 780 884 973 
3 568 570 724 
3 974 440 975 
3 976 974 975 
3 95 977 978 
3 96 95 978 
3 95 775 977 
3 37 976 975 
3 775 774 979 
3 774 947 979 
3 742 44 980 
3 796 742 980 
3 981 982 983 
3 982 766 983 
3 982 981 510 
3 508 982 509 
3 984 480 981 
3 33 796 980 
3 836 985 986 
3 985 987 986 
3 562 526 912 
3 988 972 989 
3 990 988 989 
3 45 36 991 
3 36 740 991 
3 268 896 992 
3 970 268 992 
3 507 993 994 
3 993 874 994 
3 995 434 996 
3 850 995 996 
3 930 809 946 
3 919 917 997 
3 998 919 997 
3 895 267 999 
3 867 895 999 
3 470 866 1000 
3 866 512 1000 
3 511 284 826 
3 235 511 827 
3 504 847 1001 
3 506 504 1001 
3 1002 857 1003 
3 283 1002 1003 
3 1004 945 946 
3 1005 797 1006 
3 797 807 1006 
3 1007 1008 1009 
3 853 1007 1009 
3 287 1010 909 
3 947 287 909 
3 724 723 1011 
3 721 725 1011 
3 725 724 1011 
3 723 721 1011 
3 544 625 1012 
3 874 1013 1014 
3 1013 777 1014 
3 1015 850 824 
3 623 545 1012 
3 545 544 1012 
3 110 1015 824 
3 625 623 1012 
3 738 131 1016 
3 972 738 1016 
3 511 235 1017 
3 512 511 1017 
3 1018 113 117 
3 116 1018 117 
3 155 154 1019 
3 506 155 1019 
3 839 122 1020 
3 122 487 1020 
3 115 113 1021 
3 430 115 1021 
3 431 430 1022 
3 434 431 1022 
3 857 1002 1023 
3 1002 782 1023 
3 35 1024 1025 
3 1026 1027 756 
3 1027 754 756 
3 753 1026 756 
3 1027 1026 1028 
3 758 662 1029 
3 1030 758 1029 
3 753 758 1026 
3 662 656 1029 
3 758 1030 1026 
3 656 1030 1029 
3 661 760 1031 
3 1024 741 1025 
3 1024 783 741 
3 783 740 741 
3 654 661 1031 
3 87 84 739 
3 84 737 739 
3 910 1010 289 
3 288 910 289 
3 237 236 1032 
3 186 16 190 
3 1033 237 1032 
3 922 252 254 
3 251 923 950 
3 1034 1033 1032 
3 922 970 252 
3 234 491 235 
3 1035 972 1016 
3 203 828 141 
3 828 139 141 
3 134 1036 870 
3 817 154 156 
3 152 153 925 
3 153 1037 925 
3 970 922 1037 
3 923 152 924 
3 115 121 123 
3 116 115 123 
3 113 1018 114 
3 1018 111 114 
3 122 116 123 
3 89 884 90 
3 1038 514 513 
3 972 884 89 
3 95 70 1039 
3 775 95 1039 
3 974 46 59 
3 273 974 59 
3 72 775 1039 
3 974 45 46 
3 44 43 34 
3 43 32 34 
3 37 36 976 
3 36 45 976 
3 1040 1041 1042 
3 1041 1043 1042 
3 762 754 1027 
3 761 762 1044 
3 1045 762 1027 
3 1046 1047 1048 
3 762 1045 1044 
3 763 769 1049 
3 769 768 1050 
3 769 1051 1049 
3 1051 769 1050 
3 801 761 1044 
3 800 801 1052 
3 1053 801 1044 
3 801 1053 1052 
3 768 803 1050 
3 803 802 1054 
3 803 1055 1050 
3 1055 803 1054 
3 1052 1056 805 
3 800 1052 805 
3 1056 804 805 
3 1056 1052 1057 
3 1058 1054 813 
3 1054 802 813 
3 812 1058 813 
3 1054 1058 1059 
3 693 804 1056 
3 673 672 759 
3 693 681 865 
3 681 693 1056 
3 679 691 865 
3 812 450 1058 
3 450 447 1058 
3 688 679 449 
3 681 679 865 
3 446 364 366 
3 365 1060 366 
3 893 690 1061 
3 690 688 1061 
3 365 894 1062 
3 1060 365 1062 
3 1060 446 366 
3 1061 1063 1064 
3 893 1061 1064 
3 1063 899 1064 
3 700 698 755 
3 902 899 1063 
3 900 904 1065 
3 933 1066 1067 
3 935 1068 1069 
3 935 933 1067 
3 1066 1070 1067 
3 1066 913 1071 
3 912 1070 1071 
3 1070 1066 1071 
3 913 912 1071 
3 913 728 1072 
3 727 912 1072 
3 912 913 1072 
3 728 727 1072 
3 728 670 1073 
3 669 727 1073 
3 727 728 1073 
3 901 902 1074 
3 902 1075 1074 
3 1075 902 1063 
3 905 901 1074 
3 904 903 1076 
3 903 926 1076 
3 1077 904 1076 
3 904 1077 1065 
3 725 905 945 
3 905 1078 945 
3 1078 905 1074 
3 945 1004 726 
3 725 945 726 
3 1004 724 726 
3 568 724 1004 
3 912 526 1070 
3 926 913 1066 
3 1079 926 1066 
3 926 1079 1076 
3 670 669 1073 
3 549 548 1080 
3 547 550 1080 
3 550 549 1080 
3 548 547 1080 
3 598 600 1081 
3 599 592 1081 
3 600 599 1081 
3 592 598 1081 
3 384 386 1082 
3 385 382 1082 
3 386 385 1082 
3 382 384 1082 
3 213 240 1083 
3 239 214 1083 
3 240 239 1083 
3 214 213 1083 
3 625 543 1084 
3 541 623 1084 
3 623 625 1084 
3 543 541 1084 
3 566 568 1004 
3 686 685 731 
3 526 464 1070 
3 1065 1085 1086 
3 1085 1087 1086 
3 1062 1065 1086 
3 900 1065 1088 
3 1062 894 1088 
3 1065 1062 1088 
3 435 1089 1028 
3 1089 1027 1028 
3 1026 1030 1090 
3 1031 1049 1091 
3 1030 656 433 
3 431 1030 433 
3 656 655 433 
3 929 1059 1092 
3 478 654 1093 
3 1091 944 1094 
3 1028 1026 1090 
3 940 944 1091 
3 1049 940 1091 
3 894 900 1088 
3 716 900 1095 
3 894 715 1095 
3 900 894 1095 
3 715 716 1095 
3 614 616 1096 
3 615 612 1096 
3 616 615 1096 
3 1045 1027 1089 
3 1044 1045 1097 
3 1097 1045 1098 
3 1098 1089 1099 
3 435 1090 438 
3 654 1094 1093 
3 1049 1051 940 
3 1051 1050 1100 
3 1100 1101 1102 
3 1053 1044 1097 
3 1052 1053 938 
3 1050 1055 1100 
3 1055 1054 928 
3 1103 1104 1105 
3 938 819 1057 
3 1052 938 1057 
3 899 893 1064 
3 929 928 1059 
3 928 1054 1059 
3 1106 819 821 
3 1061 688 1107 
3 499 929 822 
3 929 1092 823 
3 494 447 495 
3 1057 819 1106 
3 446 471 495 
3 679 678 449 
3 444 688 449 
3 446 1060 476 
3 471 446 476 
3 1060 642 476 
3 612 614 1096 
3 347 350 1108 
3 349 341 1108 
3 350 349 1108 
3 341 347 1108 
3 284 224 226 
3 1107 688 1109 
3 1060 1062 1110 
3 1111 1061 1107 
3 1087 642 1112 
3 1062 1086 1110 
3 1110 1087 1112 
3 732 828 830 
3 1075 1063 1113 
3 246 166 223 
3 1065 1077 1085 
3 1074 1075 1114 
3 1075 1113 1115 
3 1078 1074 1114 
3 1077 1076 1116 
3 1076 1079 1116 
3 1085 1077 1117 
3 1117 1118 1119 
3 945 1078 930 
3 1078 1114 1120 
3 1120 1121 1122 
3 425 566 427 
3 1113 1123 1124 
3 566 1125 427 
3 946 809 1125 
3 1070 464 1068 
3 1126 935 1069 
3 1067 1070 1068 
3 1079 1066 933 
3 194 255 215 
3 1116 1079 1127 
3 558 583 684 
3 566 425 482 
3 483 463 482 
3 1101 1100 1128 
3 463 483 553 
3 1126 464 553 
3 825 434 1022 
3 995 1129 816 
3 1129 1089 816 
3 434 995 815 
3 825 430 1021 
3 655 430 432 
3 431 434 436 
3 874 1130 994 
3 121 655 479 
3 113 825 1021 
3 655 121 814 
3 944 943 487 
3 1045 1089 1098 
3 1089 1129 1099 
3 1131 1132 1133 
3 1131 1134 1135 
3 122 839 841 
3 430 655 814 
3 1129 995 1136 
3 995 850 1136 
3 1101 941 1137 
3 1102 1101 1137 
3 943 941 1138 
3 839 943 1138 
3 1100 1139 1128 
3 1104 1140 1141 
3 939 938 1142 
3 938 1143 1142 
3 198 939 1144 
3 682 506 1019 
3 928 927 1145 
3 1146 928 1145 
3 927 1103 1105 
3 1087 1085 1147 
3 819 503 505 
3 929 499 498 
3 506 682 820 
3 678 154 818 
3 154 682 1019 
3 682 154 788 
3 1131 198 1144 
3 682 821 820 
3 234 233 851 
3 491 234 492 
3 1097 1132 1143 
3 678 443 445 
3 443 678 818 
3 155 792 795 
3 642 470 472 
3 1123 444 1008 
3 444 1036 1008 
3 113 115 117 
3 642 1087 880 
3 866 642 880 
3 1007 1148 1124 
3 1123 1007 1124 
3 1148 1113 1124 
3 1089 435 816 
3 1113 1148 1149 
3 1115 1113 1149 
3 1150 1151 1147 
3 1151 1087 1147 
3 1085 1150 1147 
3 1118 1150 1119 
3 111 1018 489 
3 867 1151 1152 
3 1121 1114 1153 
3 1154 1148 1155 
3 941 1140 1156 
3 1157 1158 1159 
3 1035 1140 1160 
3 1161 1150 1162 
3 235 491 1017 
3 1121 931 1122 
3 1163 931 1164 
3 315 1163 1164 
3 1010 906 908 
3 873 424 811 
3 931 1013 1165 
3 809 424 426 
3 810 873 811 
3 874 993 875 
3 935 1126 998 
3 1126 919 998 
3 933 932 1166 
3 1127 933 1166 
3 932 936 1167 
3 936 917 1167 
3 1168 1158 1169 
3 316 1148 1170 
3 447 446 495 
3 480 483 481 
3 1114 1075 1115 
3 480 984 484 
3 485 1126 778 
3 919 1126 485 
3 984 485 484 
3 984 766 971 
3 1158 1118 1159 
3 434 825 996 
3 110 824 296 
3 487 943 1020 
3 850 825 824 
3 1114 1154 1153 
3 943 839 1020 
3 116 122 842 
3 233 283 1003 
3 1171 198 1172 
3 848 1005 1173 
3 1174 1171 1172 
3 1015 799 849 
3 742 796 798 
3 839 130 843 
3 742 1015 1175 
3 111 41 109 
3 1015 110 108 
3 41 111 1176 
3 972 1035 989 
3 1140 941 1141 
3 130 737 843 
3 859 86 1177 
3 86 73 1177 
3 84 86 859 
3 1140 1035 131 
3 737 130 132 
3 1178 787 786 
3 1140 131 1156 
3 1103 1035 1160 
3 939 198 200 
3 1079 933 1127 
3 796 915 806 
3 287 789 791 
3 807 915 808 
3 198 1171 199 
3 1179 988 990 
3 87 738 89 
3 131 1035 1016 
3 848 797 1005 
3 988 780 973 
3 1179 990 1180 
3 927 1179 1180 
3 136 847 1181 
3 847 136 846 
3 233 235 827 
3 424 993 844 
3 1015 742 799 
3 857 1179 1182 
3 782 1179 1023 
3 1179 857 1023 
3 915 740 808 
3 155 506 1001 
3 939 136 1181 
3 793 792 1183 
3 783 1184 1185 
3 793 1183 1186 
3 499 233 858 
3 1179 927 1182 
3 512 491 1000 
3 1002 283 245 
3 779 1002 1187 
3 245 284 226 
3 133 793 128 
3 129 852 855 
3 680 682 788 
3 133 128 677 
3 128 793 127 
3 793 125 127 
3 491 512 1017 
3 857 233 1003 
3 491 470 1000 
3 512 1038 513 
3 514 142 1188 
3 932 1168 1169 
3 1008 1036 1009 
3 988 1179 782 
3 1077 1116 1117 
3 853 790 1189 
3 790 853 856 
3 790 1148 1189 
3 129 126 1190 
3 1191 910 914 
3 871 276 878 
3 1150 1161 1192 
3 267 1193 999 
3 1151 1150 1152 
3 142 1038 1194 
3 288 287 791 
3 134 129 855 
3 948 316 789 
3 1036 855 854 
3 930 1078 1120 
3 268 267 897 
3 1130 874 1014 
3 1161 1195 896 
3 157 145 1196 
3 267 157 1196 
3 789 316 1170 
3 1163 315 317 
3 764 1197 521 
3 160 765 770 
3 1168 1195 1198 
3 1168 932 1199 
3 1002 245 1187 
3 1195 764 969 
3 153 268 1037 
3 952 1013 1200 
3 766 765 920 
3 1013 874 1165 
3 777 1130 1014 
3 1130 507 994 
3 1013 774 777 
3 833 1201 834 
3 993 424 875 
3 981 993 510 
3 1130 72 1202 
3 69 60 1203 
3 507 1130 1204 
3 766 984 983 
3 480 993 981 
3 970 1195 969 
3 160 770 1205 
3 766 982 767 
3 1158 1161 1162 
3 519 1197 918 
3 825 850 996 
3 896 1195 992 
3 163 833 1206 
3 160 163 1206 
3 163 1201 833 
3 1161 896 1192 
3 1207 1178 889 
3 72 777 776 
3 1195 970 992 
3 984 981 983 
3 947 907 979 
3 133 795 794 
3 852 914 911 
3 836 1208 837 
3 44 39 38 
3 1209 736 1210 
3 86 77 76 
3 76 78 75 
3 1211 428 1212 
3 315 1154 1155 
3 78 49 75 
3 86 82 77 
3 738 87 739 
3 84 87 85 
3 85 83 82 
3 738 972 89 
3 799 742 798 
3 1208 836 986 
3 1035 990 989 
3 915 807 806 
3 44 33 980 
3 33 44 34 
3 58 273 53 
3 273 32 53 
3 58 53 52 
3 1213 985 1214 
3 987 985 1213 
3 88 87 90 
3 138 137 784 
3 1215 1208 987 
3 518 785 1216 
3 1216 1208 1215 
3 972 988 973 
3 785 1208 1216 
3 988 782 781 
3 1178 1207 787 
3 1184 1183 1185 
3 1024 35 748 
3 743 747 744 
3 1126 553 778 
3 1195 1168 764 
3 518 1178 786 
3 1038 512 869 
3 35 743 748 
3 469 1217 746 
3 1218 1207 1219 
3 1207 1218 1220 
3 1034 96 1221 
3 1222 1218 1223 
3 142 144 1224 
3 1225 126 751 
3 143 148 144 
3 49 41 74 
3 1038 1226 1194 
3 64 161 158 
3 1227 1228 1225 
3 1229 1230 1228 
3 1163 948 952 
3 1033 1229 1231 
3 147 151 146 
3 148 1232 1233 
3 151 957 1232 
3 1193 1196 1226 
3 1010 287 289 
3 1010 910 1234 
3 1229 1234 1230 
3 1036 853 1009 
3 907 947 909 
3 1227 1229 1228 
3 977 1235 978 
3 1034 1221 1236 
3 1015 108 1175 
3 96 1235 1221 
3 485 984 971 
3 157 150 147 
3 151 148 146 
3 268 970 1037 
3 953 1237 1238 
3 157 153 150 
3 152 1239 266 
3 907 775 979 
3 70 72 1039 
3 775 72 776 
3 224 1218 1240 
3 523 93 92 
3 94 523 92 
3 91 61 71 
3 92 93 67 
3 295 159 161 
3 64 295 161 
3 232 163 162 
3 1241 1242 1243 
3 1244 954 1245 
3 970 520 252 
3 1237 923 1238 
3 953 956 967 
3 1201 253 968 
3 253 1201 231 
3 231 1201 232 
3 1201 163 232 
3 953 1246 954 
3 952 948 951 
3 953 1238 1246 
3 70 91 71 
3 1218 1219 1240 
3 1241 1247 1248 
3 295 162 159 
3 125 750 752 
3 764 1168 1199 
3 1047 228 1048 
3 1249 1043 1250 
3 1251 1249 1250 
3 227 428 831 
3 1046 227 203 
3 828 732 1252 
3 139 828 1252 
3 887 243 864 
3 937 886 888 
3 733 1253 1254 
3 736 733 1254 
3 736 168 1255 
3 168 1256 1255 
3 876 275 1257 
3 275 249 1257 
3 501 500 250 
3 249 501 250 
3 956 1258 1259 
3 1258 1260 1259 
3 962 1260 1261 
3 960 962 1261 
3 508 1204 1203 
3 60 508 1203 
3 224 284 1188 
3 284 514 1188 
3 275 773 1262 
3 249 275 1262 
3 1034 236 966 
3 960 1263 959 
3 1264 1265 1266 
3 1247 1264 1266 
3 1267 1268 1269 
3 8 1267 1269 
3 167 259 1270 
3 204 167 1270 
3 1271 1272 1273 
3 1260 1271 1273 
3 1274 242 1275 
3 242 1276 1275 
3 1277 1267 10 
3 1267 8 10 
3 243 242 1272 
3 242 1278 1272 
3 771 1242 881 
3 773 771 891 
3 1276 1279 208 
3 1279 206 208 
3 49 1280 1281 
3 1214 1282 1280 
3 1209 273 274 
3 1209 439 441 
3 274 58 169 
3 1283 8 1269 
3 1220 1218 1284 
3 169 58 259 
3 1211 773 862 
3 985 1282 1214 
3 1282 204 1285 
3 1286 1287 1288 
3 1281 1282 1285 
3 66 1289 1290 
3 1201 519 834 
3 1288 1287 1291 
3 985 836 1286 
3 1292 835 838 
3 1043 835 1293 
3 249 1211 1212 
3 35 37 469 
3 1235 96 978 
3 1209 274 1294 
3 1256 735 1255 
3 735 736 1255 
3 139 735 1256 
3 140 139 205 
3 1287 1046 1295 
3 1296 1242 1297 
3 1287 1249 1251 
3 1043 1047 1250 
3 1046 1287 1251 
3 1204 1130 1202 
3 1279 1298 1299 
3 835 1043 1300 
3 836 835 1300 
3 787 1207 1301 
3 1298 1302 1299 
3 1217 439 1303 
3 1283 1217 1304 
3 1305 97 1306 
3 1279 1299 206 
3 1307 736 1254 
3 883 1308 1253 
3 961 953 967 
3 207 1276 208 
3 1043 1298 1042 
3 1279 886 1040 
3 149 207 1222 
3 207 1284 1222 
3 106 1271 1309 
3 773 1211 1262 
3 1217 1303 1304 
3 1310 1227 1311 
3 937 228 1312 
3 1267 237 1310 
3 237 1231 1310 
3 238 237 1277 
3 1283 1304 1313 
3 9 1277 10 
3 259 51 1270 
3 1296 8 1314 
3 8 1296 1297 
3 1315 276 1316 
3 887 1276 244 
3 1317 1318 1319 
3 148 1233 1317 
3 106 1320 1321 
3 149 148 1317 
3 207 1319 1322 
3 1318 1274 1275 
3 1268 1283 1269 
3 1276 207 1322 
3 237 1267 1277 
3 1229 1227 1231 
3 965 1034 966 
3 1242 1241 1323 
3 1323 1241 1248 
3 1263 1324 1274 
3 960 1278 1324 
3 1271 243 1272 
3 1278 1260 1273 
3 151 266 957 
3 1260 1278 1261 
3 1247 964 1325 
3 523 96 965 
3 439 1209 1210 
3 964 236 1325 
3 1326 1327 1328 
3 93 1327 1329 
3 93 1329 1289 
3 1326 1247 1266 
3 98 1326 1265 
3 100 98 1265 
3 100 112 99 
3 1330 1305 1306 
3 97 1305 1331 
3 956 1244 1332 
3 1258 1305 1333 
3 1320 1260 1334 
3 1305 1330 1333 
3 1278 242 1324 
3 1237 953 961 
3 954 1244 955 
3 1211 249 1262 
3 1260 962 1259 
3 962 956 1259 
3 66 93 1289 
3 97 66 1290 
3 295 64 1335 
3 1245 295 1336 
3 1335 64 1337 
3 64 66 1337 
3 66 97 1338 
3 1337 66 1338 
3 1304 1308 1313 
3 1308 8 1313 
3 1330 877 1321 
3 877 106 1321 
3 1319 1318 1322 
3 1318 1276 1322 
3 9 238 1277 
3 1276 1318 1275 
3 9 1339 238 
3 1339 236 238 
3 243 1271 1340 
3 1271 106 1340 
3 1324 242 1274 
3 1263 960 1324 
3 106 105 1340 
3 958 961 963 
3 1263 957 959 
3 1041 886 1312 
3 228 1041 1312 
3 8 1308 1314 
3 1308 883 1314 
3 149 1317 1319 
3 207 149 1319 
3 1233 1318 1317 
3 883 1296 1314 
3 1263 1318 1233 
3 861 732 830 
3 1232 1263 1233 
3 877 1330 871 
3 276 876 878 
3 1299 1341 206 
3 1341 207 206 
3 112 1330 1306 
3 97 112 1306 
3 1303 1308 1304 
3 1267 1311 1268 
3 1267 1310 1311 
3 750 1283 1268 
3 1231 1227 1310 
3 1311 750 1268 
3 428 501 1212 
3 501 249 1212 
3 439 1307 1303 
3 1307 1308 1303 
3 877 248 107 
3 248 105 107 
3 1264 100 1265 
3 958 1237 961 
3 100 1264 1316 
3 1264 1315 1316 
3 1276 887 1342 
3 887 886 1342 
3 73 41 1176 
3 489 73 1176 
3 204 140 205 
3 139 167 205 
3 1249 836 1300 
3 1043 1249 1300 
3 1298 1043 1293 
3 1302 1298 1293 
3 1204 69 1203 
3 1343 1337 1338 
3 97 1343 1338 
3 1343 97 1331 
3 1344 1343 1331 
3 1260 1258 1334 
3 1258 1333 1334 
3 1330 1320 1333 
3 1327 964 1328 
3 964 1247 1328 
3 1247 1339 1248 
3 1339 1323 1248 
3 8 1283 1313 
3 1333 1320 1334 
3 886 1041 1040 
3 45 974 976 
3 1318 1263 1274 
3 1343 1335 1337 
3 835 1302 1293 
3 1279 1276 1342 
3 1343 1336 1335 
3 861 883 1345 
3 732 861 1345 
3 236 1339 1325 
3 1339 1247 1325 
3 733 732 1345 
3 274 168 1294 
3 168 736 1294 
3 771 1315 1243 
3 1242 771 1243 
3 1244 1245 1336 
3 1343 1244 1336 
3 736 1307 1210 
3 1307 439 1210 
3 964 523 965 
3 960 958 963 
3 1047 1046 1251 
3 1244 1343 1344 
3 1332 1244 1344 
3 1258 956 1332 
3 1305 1258 1332 
3 1305 1332 1344 
3 1302 1341 1299 
3 1292 1341 1302 
3 835 1292 1302 
3 9 1242 1323 
3 1253 1307 1254 
3 732 735 1252 
3 140 1046 203 
3 204 1287 1295 
3 283 233 827 
3 1047 1251 1250 
3 228 227 1048 
3 228 1047 1346 
3 227 1046 1048 
3 1043 1041 1346 
3 1298 1040 1042 
3 1041 228 1346 
3 1339 9 1323 
3 765 160 1206 
3 833 765 1206 
3 160 60 158 
3 161 160 158 
3 1242 9 1297 
3 9 8 1297 
3 51 204 1270 
3 440 974 442 
3 974 273 442 
3 1219 225 1240 
3 225 224 1240 
3 773 275 772 
3 907 1235 977 
3 449 678 445 
3 438 431 436 
3 73 488 1177 
3 488 859 1177 
3 1047 1043 1346 
3 883 733 1345 
3 881 1296 882 
3 72 69 1202 
3 1308 1307 1253 
3 69 1204 1202 
3 785 1292 838 
3 1208 785 838 
3 118 279 217 
3 737 84 860 
3 1184 125 1186 
3 1183 1184 1186 
3 126 1191 1190 
3 501 428 429 
3 249 248 1257 
3 1191 914 1190 
3 733 883 1253 
3 500 937 863 
3 1336 295 1335 
3 886 937 1312 
3 937 500 502 
3 780 1178 885 
3 1298 1279 1040 
3 880 1151 879 
3 1242 1296 881 
3 1315 1241 1243 
3 982 770 767 
3 428 1211 829 
3 275 277 772 
3 914 129 1190 
3 500 248 250 
3 1276 242 244 
3 248 876 1257 
3 12 197 181 
3 167 139 1256 
3 168 167 1256 
3 957 1263 1232 
3 864 937 888 
3 243 105 864 
3 106 877 107 
3 266 958 957 
3 1244 956 955 
3 148 151 1232 
3 1239 958 266 
3 1237 958 1239 
3 735 139 1252 
3 923 1237 1239 
3 243 887 244 
3 954 230 1245 
3 230 295 1245 
3 152 923 1239 
3 1246 230 954 
3 1238 251 1246 
3 251 230 1246 
3 923 251 1238 
3 789 287 949 
3 832 917 921 
3 144 149 1224 
3 149 224 1224 
3 149 1222 1223 
3 224 149 1223 
3 1284 1218 1222 
3 224 142 1224 
3 207 1341 1284 
3 1341 1220 1284 
3 736 1209 1294 
3 1247 1241 1347 
3 1247 1326 1328 
3 1315 1264 1347 
3 886 1279 1342 
3 1264 1247 1347 
3 276 100 1316 
3 112 100 872 
3 1330 112 871 
3 1178 780 890 
3 105 243 1340 
3 1320 106 1309 
3 1320 1330 1321 
3 1271 1260 1309 
3 1289 98 1290 
3 1272 1278 1273 
3 98 97 1290 
3 1260 1320 1309 
3 1329 98 1289 
3 1327 1326 1329 
3 1326 98 1329 
3 93 523 1327 
3 523 964 1327 
3 39 742 1175 
3 108 39 1175 
3 237 1033 1231 
3 1227 750 1311 
3 236 1034 1032 
3 1034 1236 1033 
3 1221 906 1236 
3 906 1229 1236 
3 1235 906 1221 
3 1236 1229 1033 
3 508 60 1205 
3 770 508 1205 
3 1046 140 1295 
3 140 204 1295 
3 96 1034 965 
3 273 1209 442 
3 889 225 1219 
3 51 1281 1285 
3 1265 1326 1266 
3 204 51 1285 
3 1280 1282 1281 
3 1207 889 1219 
3 78 1214 1280 
3 49 78 1280 
3 51 49 1281 
3 78 1213 1214 
3 83 987 1213 
3 78 83 1213 
3 871 112 872 
3 83 1215 987 
3 775 907 977 
3 907 906 1235 
3 204 1282 1291 
3 1282 1288 1291 
3 1305 1344 1331 
3 1241 1315 1347 
3 985 1286 1288 
3 1282 985 1288 
3 836 1249 1286 
3 1249 1287 1286 
3 111 489 1176 
3 1287 204 1291 
3 884 518 517 
3 1197 917 918 
3 72 1130 777 
3 895 1150 1192 
3 896 895 1192 
3 932 1197 1199 
3 1197 764 1199 
3 203 227 831 
3 832 765 833 
3 1218 224 1223 
3 1341 1301 1220 
3 1292 787 1301 
3 1341 1292 1301 
3 1163 952 1200 
3 931 1163 1200 
3 1183 845 1185 
3 845 783 1185 
3 520 253 252 
3 1037 922 925 
3 919 766 920 
3 765 832 920 
3 1226 145 1194 
3 145 142 1194 
3 1196 145 1226 
3 1038 1193 1226 
3 1193 267 1196 
3 936 998 997 
3 896 268 897 
3 779 225 889 
3 1197 519 521 
3 519 1201 968 
3 889 1178 890 
3 1178 518 885 
3 225 779 1187 
3 245 225 1187 
3 1158 1168 1198 
3 1161 1158 1198 
3 940 1051 1102 
3 982 508 770 
3 60 160 1205 
3 740 915 991 
3 792 155 892 
3 867 1193 868 
3 512 866 869 
3 1292 785 787 
3 1301 1207 1220 
3 36 35 1025 
3 915 45 991 
3 88 1216 1215 
3 83 88 1215 
3 88 518 1216 
3 1296 883 882 
3 90 884 517 
3 440 37 975 
3 33 32 46 
3 508 507 1204 
3 1278 960 1261 
3 254 251 950 
3 152 925 924 
3 792 845 1183 
3 1013 931 1200 
3 506 819 505 
3 796 33 916 
3 125 793 1186 
3 1195 1161 1198 
3 774 1013 952 
3 948 947 951 
3 288 852 911 
3 852 129 914 
3 948 1163 317 
3 316 948 317 
3 1171 807 898 
3 155 847 892 
3 1121 315 1164 
3 931 1121 1164 
3 931 930 1122 
3 930 1120 1122 
3 1114 1121 1120 
3 909 1010 908 
3 1171 1005 1006 
3 199 1171 898 
3 1002 779 782 
3 780 988 781 
3 853 1036 854 
3 688 444 1109 
3 444 1123 1109 
3 681 1106 821 
3 681 1056 1106 
3 1123 1107 1109 
3 1123 1111 1107 
3 682 681 821 
3 1036 134 855 
3 1148 790 1170 
3 790 789 1170 
3 287 947 949 
3 1158 1157 1169 
3 1157 932 1169 
3 1193 1038 869 
3 982 510 509 
3 1150 1118 1162 
3 1118 1158 1162 
3 917 1197 1167 
3 1197 932 1167 
3 920 832 921 
3 33 45 916 
3 136 939 200 
3 199 136 200 
3 284 511 514 
3 142 224 1188 
3 1157 1127 1166 
3 932 1157 1166 
3 1157 1116 1127 
3 1038 142 514 
3 137 136 199 
3 1104 1103 1160 
3 1140 1104 1160 
3 1116 1157 1159 
3 1118 1116 1159 
3 917 936 997 
3 936 935 998 
3 84 859 860 
3 797 848 799 
3 783 845 138 
3 137 740 784 
3 156 133 135 
3 1036 443 870 
3 130 941 1156 
3 131 130 1156 
3 929 823 822 
3 1148 316 1155 
3 316 315 1155 
3 488 840 859 
3 198 1131 1172 
3 1131 1174 1172 
3 850 848 1136 
3 848 1129 1136 
3 1056 1057 1106 
3 944 478 1093 
3 1094 944 1093 
3 1031 1091 1094 
3 654 1031 1094 
3 751 126 752 
3 126 125 752 
3 1227 1225 751 
3 750 1227 751 
3 1228 1191 1225 
3 1191 126 1225 
3 1230 1191 1228 
3 1234 910 1230 
3 910 1191 1230 
3 906 1010 1234 
3 1229 906 1234 
3 156 155 795 
3 60 69 68 
3 69 71 68 
3 125 1184 749 
3 1184 748 749 
3 595 594 1348 
3 590 596 1348 
3 596 595 1348 
3 594 590 1348 
3 326 325 1349 
3 322 327 1349 
3 327 326 1349 
3 325 322 1349 
3 743 125 749 
3 447 494 823 
3 1092 447 823 
3 1058 447 1092 
3 1059 1058 1092 
3 1184 1024 748 
3 1184 783 1024 
3 1113 1063 1111 
3 1123 1113 1111 
3 1063 1061 1111 
3 532 663 1350 
3 659 533 1350 
3 533 532 1350 
3 663 659 1350 
3 663 613 1351 
3 610 659 1351 
3 659 663 1351 
3 613 610 1351 
3 613 531 1352 
3 528 610 1352 
3 610 613 1352 
3 531 528 1352 
3 344 343 1353 
3 340 345 1353 
3 345 344 1353 
3 343 340 1353 
3 741 36 1025 
3 750 125 745 
3 1030 431 438 
3 744 750 745 
3 1283 750 744 
3 747 1283 744 
3 746 1217 747 
3 1217 1283 747 
3 743 35 746 
3 35 469 746 
3 1090 1030 438 
3 435 1028 1090 
3 37 440 469 
3 439 1217 468 
3 763 1049 1354 
3 1031 760 1354 
3 1049 1031 1354 
3 760 763 1354 
3 703 763 1355 
3 760 699 1355 
3 763 760 1355 
3 699 703 1355 
3 646 703 1356 
3 699 645 1356 
3 703 699 1356 
3 645 646 1356 
3 189 192 1357 
3 191 187 1357 
3 192 191 1357 
3 187 189 1357 
3 26 255 27 
3 182 180 181 
3 202 297 185 
3 168 274 169 
3 228 937 229 
3 1315 771 277 
3 276 1315 277 
3 895 867 1152 
3 1150 895 1152 
3 990 1103 1180 
3 1103 927 1180 
3 937 864 863 
3 1035 1103 990 
3 488 73 489 
3 487 122 486 
3 1150 1085 1119 
3 1085 1117 1119 
3 1116 1118 1117 
3 1007 853 1189 
3 1148 1007 1189 
3 288 790 856 
3 233 499 851 
3 1174 1129 1173 
3 1005 1174 1173 
3 1171 1174 1005 
3 1129 848 1173 
3 268 153 269 
3 1154 1115 1149 
3 1148 1154 1149 
3 987 1208 986 
3 1154 1114 1115 
3 993 480 844 
3 488 116 842 
3 7 4 1358 
3 4 2 1358 
3 840 488 842 
3 1174 1131 1135 
3 1129 1174 1135 
3 57 54 1359 
3 54 28 1359 
3 874 873 1165 
3 873 931 1165 
3 176 179 1360 
3 175 176 1360 
3 1134 1129 1135 
3 315 1121 1153 
3 1154 315 1153 
3 489 1018 490 
3 807 1171 1006 
3 1007 1123 1008 
3 1129 1134 1099 
3 1134 1098 1099 
3 1134 1097 1098 
3 122 121 486 
3 478 944 487 
3 1151 867 879 
3 1087 1151 880 
3 430 825 1022 
3 433 655 432 
3 939 1132 1144 
3 1132 1131 1144 
3 847 155 1001 
3 1143 1132 1142 
3 1132 939 1142 
3 938 1053 1143 
3 1053 1097 1143 
3 233 857 858 
3 497 929 498 
3 1132 1097 1133 
3 1097 1134 1133 
3 496 857 1182 
3 927 496 1182 
3 1134 1131 1133 
3 847 504 1181 
3 504 939 1181 
3 771 881 891 
3 136 138 846 
3 464 1126 1069 
3 1068 464 1069 
3 935 1067 1068 
3 1101 1104 1141 
3 941 1101 1141 
3 130 839 1138 
3 941 130 1138 
3 842 122 841 
3 1208 838 837 
3 1139 1104 1128 
3 643 698 1361 
3 700 647 1361 
3 698 700 1361 
3 647 643 1361 
3 571 643 1362 
3 647 578 1362 
3 643 647 1362 
3 578 571 1362 
3 413 571 1363 
3 578 419 1363 
3 571 578 1363 
3 419 413 1363 
3 368 413 1364 
3 419 369 1364 
3 413 419 1364 
3 369 368 1364 
3 1211 830 829 
3 427 809 426 
3 827 511 826 
3 1104 1101 1128 
3 1125 809 427 
3 248 877 876 
3 276 275 876 
3 105 248 500 
3 830 1211 862 
3 1018 116 490 
3 850 1015 849 
3 234 493 492 
3 1004 946 1125 
3 566 1004 1125 
3 1139 927 1105 
3 993 507 510 
3 483 482 481 
3 1193 867 999 
3 642 866 470 
3 491 471 470 
3 1217 469 468 
3 1104 1139 1105 
3 1139 1146 1145 
3 927 1139 1145 
3 1055 928 1146 
3 1100 1055 1146 
3 1060 1110 1112 
3 642 1060 1112 
3 1086 1087 1110 
3 1139 1100 1146 
3 940 1102 1137 
3 941 940 1137 
3 1051 1100 1102 
3 655 477 479 
3 1193 869 868 
3 1036 444 443 
3 995 816 815 
3 442 1209 441 
3 229 501 429 
3 1365 1366 1367 
3 1368 1369 1370 
3 1371 1372 1373 
3 1374 1375 1376 
3 1377 1368 1378 
3 1379 1377 1378 
3 1380 1381 1382 
3 1383 1384 1385 
3 1384 1386 1385 
3 1387 1383 1385 
3 1388 1384 1383 
3 1388 1383 1389 
3 1375 1390 1391 
3 1390 1392 1391 
3 1393 1394 1395 
3 1394 1376 1395 
3 1396 1393 1395 
3 1397 1398 1399 
3 1366 1378 1400 
3 1401 1402 1403 
3 1404 1389 1405 
3 1405 1406 1404 
3 1407 1396 1408 
3 1396 1391 1408 
3 1409 1407 1408 
3 1410 1411 1412 
3 1413 1414 1415 
3 1414 1393 1415 
3 1416 1413 1415 
3 1366 1379 1378 
3 1417 1405 1418 
3 1405 1419 1418 
3 1420 1417 1418 
3 1421 1422 1423 
3 1424 1407 1425 
3 1407 1409 1425 
3 1426 1424 1425 
3 1427 1413 1428 
3 1413 1416 1428 
3 1429 1427 1428 
3 1378 1368 1400 
3 1401 1430 1399 
3 1430 1397 1399 
3 1398 1401 1399 
3 1431 1420 1432 
3 1420 1430 1432 
3 1401 1431 1432 
3 1433 1434 1435 
3 1436 1437 1438 
3 1439 1437 1436 
3 1440 1441 1442 
3 1443 1444 1442 
3 1376 1396 1395 
3 1445 1431 1403 
3 1431 1401 1403 
3 1402 1445 1403 
3 1409 1426 1425 
3 1446 1447 1448 
3 1449 1431 1448 
3 1445 1446 1448 
3 1450 1373 1451 
3 1452 1453 1454 
3 1455 1456 1457 
3 1450 1446 1371 
3 1379 1414 1458 
3 1391 1409 1408 
3 1430 1401 1432 
3 1431 1445 1448 
3 1459 1460 1461 
3 1462 1463 1435 
3 1463 1433 1435 
3 1434 1462 1435 
3 1416 1429 1428 
3 1459 1464 1460 
3 1465 1464 1459 
3 1455 1466 1461 
3 1466 1459 1461 
3 1460 1455 1461 
3 1419 1420 1418 
3 1467 1434 1468 
3 1434 1469 1468 
3 1470 1467 1468 
3 1471 1462 1472 
3 1473 1462 1471 
3 1455 1474 1456 
3 1460 1474 1455 
3 1475 1455 1457 
3 1456 1476 1457 
3 1393 1416 1415 
3 1381 1380 1412 
3 1380 1410 1412 
3 1446 1463 1371 
3 1470 1380 1382 
3 1369 1368 1477 
3 1469 1470 1468 
3 1467 1478 1479 
3 1467 1479 1472 
3 1411 1480 1481 
3 1411 1482 1480 
3 1483 1381 1484 
3 1485 1486 1365 
3 1439 1417 1449 
3 1406 1487 1404 
3 1375 1488 1376 
3 1489 1490 1398 
3 1491 1492 1493 
3 1379 1458 1377 
3 1387 1385 1477 
3 1494 1387 1377 
3 1387 1495 1383 
3 1488 1375 1391 
3 1492 1426 1443 
3 1426 1492 1496 
3 1475 1497 1455 
3 1407 1416 1498 
3 1458 1499 1377 
3 1497 1500 1466 
3 1499 1458 1414 
3 1495 1387 1501 
3 1502 1394 1485 
3 1503 1504 1505 
3 1506 1501 1499 
3 1504 1500 1507 
3 1495 1501 1419 
3 1463 1473 1372 
3 1447 1449 1448 
3 1506 1499 1397 
3 1463 1462 1473 
3 1508 1397 1413 
3 1496 1491 1424 
3 1417 1406 1405 
3 1420 1509 1417 
3 1439 1510 1406 
3 1439 1406 1417 
3 1482 1476 1480 
3 1426 1421 1444 
3 1488 1396 1376 
3 1511 1512 1469 
3 1413 1427 1508 
3 1508 1398 1397 
3 1506 1397 1430 
3 1490 1513 1402 
3 1387 1494 1501 
3 1398 1514 1401 
3 1515 1516 1429 
3 1417 1509 1449 
3 1412 1411 1517 
3 1449 1509 1431 
3 1505 1493 1518 
3 1492 1443 1441 
3 1519 1520 1410 
3 1475 1410 1520 
3 1381 1412 1517 
3 1398 1427 1489 
3 1516 1521 1427 
3 1491 1505 1522 
3 1519 1523 1524 
3 1524 1525 1526 
3 1490 1514 1398 
3 1490 1489 1521 
3 1527 1490 1521 
3 1521 1489 1427 
3 1402 1528 1445 
3 1514 1490 1402 
3 1527 1525 1490 
3 1437 1447 1450 
3 1447 1446 1450 
3 1450 1371 1373 
3 1500 1504 1503 
3 1453 1518 1492 
3 1500 1497 1520 
3 1529 1518 1453 
3 1501 1494 1499 
3 1530 1505 1518 
3 1515 1521 1516 
3 1503 1505 1466 
3 1525 1512 1511 
3 1505 1491 1493 
3 1504 1522 1505 
3 1441 1443 1442 
3 1515 1504 1531 
3 1532 1527 1521 
3 1532 1507 1519 
3 1449 1437 1439 
3 1507 1532 1504 
3 1525 1513 1490 
3 1532 1526 1525 
3 1521 1515 1531 
3 1422 1421 1533 
3 1513 1511 1402 
3 1513 1525 1511 
3 1511 1528 1402 
3 1528 1433 1445 
3 1396 1488 1391 
3 1501 1506 1430 
3 1530 1518 1459 
3 1505 1530 1466 
3 1427 1398 1508 
3 1466 1530 1459 
3 1387 1477 1377 
3 1437 1449 1447 
3 1500 1503 1466 
3 1520 1519 1500 
3 1526 1532 1519 
3 1502 1376 1394 
3 1519 1507 1500 
3 1527 1532 1525 
3 1504 1515 1522 
3 1421 1409 1533 
3 1531 1532 1521 
3 1526 1519 1524 
3 1525 1524 1512 
3 1511 1433 1528 
3 1512 1524 1469 
3 1427 1429 1516 
3 1396 1498 1393 
3 1497 1466 1455 
3 1416 1393 1498 
3 1419 1383 1495 
3 1523 1519 1410 
3 1532 1531 1504 
3 1394 1486 1485 
3 1499 1494 1377 
3 1524 1523 1380 
3 1498 1396 1407 
3 1523 1410 1380 
3 1462 1434 1534 
3 1478 1467 1470 
3 1462 1534 1472 
3 1534 1467 1472 
3 1475 1457 1482 
3 1492 1491 1496 
3 1410 1475 1482 
3 1376 1502 1374 
3 1453 1441 1454 
3 1420 1431 1509 
3 1522 1515 1491 
3 1518 1493 1492 
3 1453 1492 1441 
3 1470 1382 1535 
3 1486 1366 1365 
3 1386 1369 1477 
3 1535 1382 1483 
3 1382 1381 1483 
3 1444 1423 1536 
3 1454 1441 1440 
3 1444 1536 1442 
3 1478 1470 1535 
3 1371 1463 1372 
3 1510 1487 1406 
3 1411 1410 1482 
3 1452 1529 1453 
3 1444 1421 1423 
3 1393 1414 1537 
3 1379 1394 1537 
3 1414 1379 1537 
3 1394 1393 1537 
3 1426 1496 1424 
3 1430 1420 1538 
3 1419 1501 1538 
3 1420 1419 1538 
3 1501 1430 1538 
3 1419 1405 1539 
3 1389 1383 1539 
3 1405 1389 1539 
3 1383 1419 1539 
3 1391 1392 1533 
3 1409 1391 1533 
3 1392 1422 1533 
3 1380 1470 1540 
3 1469 1524 1540 
3 1470 1469 1540 
3 1524 1380 1540 
3 1434 1467 1534 
3 1443 1426 1444 
3 1377 1477 1368 
3 1457 1476 1482 
3 1402 1401 1514 
3 1421 1426 1409 
3 1413 1397 1541 
3 1499 1414 1541 
3 1397 1499 1541 
3 1414 1413 1541 
3 1469 1434 1542 
3 1433 1511 1542 
3 1434 1433 1542 
3 1511 1469 1542 
3 1394 1379 1486 
3 1510 1439 1436 
3 1379 1366 1486 
3 1424 1429 1543 
3 1416 1407 1543 
3 1429 1416 1543 
3 1407 1424 1543 
3 1433 1463 1544 
3 1446 1445 1544 
3 1463 1446 1544 
3 1445 1433 1544 
3 1497 1475 1520 
3 1491 1515 1545 
3 1429 1424 1545 
3 1515 1429 1545 
3 1424 1491 1545 
3 1465 1459 1529 
3 1385 1386 1477 
3 1459 1518 1529 
3 1452 1465 1529 
3 1368 1370 1400 
3 1367 1366 1400 
3 1437 1450 1546 
3 1450 1451 1546 
3 1438 1437 1546 
3 1484 1381 1517 
3 1411 1481 1517 

