ply
format ascii 1.0
element vertex 6234
property float32 x
property float32 y
property float32 z
property uchar red
property uchar green
property uchar blue
property uchar alpha
element face 10748
property list uint8 int32 vertex_indices
end_header
-0.489000400394677 0.631953491006498 -0.303700056430945 255 0 0 255 
-0.505245038396458 0.621913752586371 -0.264120580871416 255 0 0 255 
-0.475267107869499 0.640441132564554 -0.275254929991819 255 0 0 255 
-0.368743907638718 0.706276090897536 -0.411969443784848 255 0 0 255 
-0.320674874610903 0.735984387115067 -0.338644745561776 255 0 0 255 
-0.291272363587512 0.754156138282116 -0.414226778898235 255 0 0 255 
-0.26099341918754 0.772869555065157 0.21532308900023 255 0 0 255 
-0.215035397981764 0.801273174225625 0.236863891789834 255 0 0 255 
-0.223798834098462 0.795857072847267 0.196356808797004 255 0 0 255 
-0.206639543503682 0.806462097657678 -0.218851431722203 255 0 0 255 
-0.261722685121065 0.772418843930772 -0.216053957226532 255 0 0 255 
-0.236940836333648 0.787734868785619 -0.187461359138518 255 0 0 255 
-0.142369032196444 0.846183458119885 -0.12656382946937 255 0 0 255 
-0.180287631134914 0.822748475170135 -0.16442809816967 255 0 0 255 
-0.184877928756958 0.819911515221234 -0.129274677458926 255 0 0 255 
-0.186758264705483 0.818749403694228 -0.0811154266438883 255 0 0 255 
-0.189282521796327 0.817189327016293 0.185718695599317 255 0 0 255 
-0.21662693589905 0.800289549699427 0.156263733548886 255 0 0 255 
-0.15164272515113 0.840452000672659 -0.192469593086743 255 0 0 255 
-0.215909808616381 0.800732758731605 -0.154980485698901 255 0 0 255 
-0.0827265688976541 0.883044527611306 -0.190074644138492 255 0 0 255 
-0.277905212211373 0.762417492165335 -0.254299997083641 255 0 0 255 
-0.318830119465245 0.737124508495906 -0.258464233854065 255 0 0 255 
-0.28900672129038 0.755556382228089 -0.239621812268651 255 0 0 255 
-0.246665174660923 0.781724897181336 -0.259936119696575 255 0 0 255 
-0.213756820654726 0.80206337847098 -0.313051603823368 255 0 0 255 
-0.273301611813663 0.765262673681742 -0.297423608627132 255 0 0 255 
-0.487707614763214 0.632752476466909 0.304131836028592 255 0 0 255 
-0.442721226002457 0.660555593752008 0.281909860406982 255 0 0 255 
-0.473698636555648 0.641410501146835 0.275701134077805 255 0 0 255 
-0.379445599900844 0.6996620813424 0.331963146231513 255 0 0 255 
-0.380028502790333 0.699301827544437 0.279936130162745 255 0 0 255 
-0.412071653651079 0.679498071205974 0.307071459974514 255 0 0 255 
-0.656198584029209 0.528619330662241 0.0421184976871795 255 0 0 255 
-0.706408823464787 0.497587696108653 0.093887878430162 255 0 0 255 
-0.664043612732628 0.523770836281679 0.0920719400934047 255 0 0 255 
-0.670119572768755 0.520015686465066 0.130376142945655 255 0 0 255 
-0.644560991136678 0.535811758617929 0.163963765444117 255 0 0 255 
-0.638211420843366 0.53973600887229 0.114804917610441 255 0 0 255 
-0.623195509087467 0.549016352710341 0.148382433255351 255 0 0 255 
-0.697372527264749 0.503172434292688 0.187151547673901 255 0 0 255 
-0.633967125472718 0.542359127670507 0.223765662063725 255 0 0 255 
-0.604499791382797 0.56057094169633 0.179301889115631 255 0 0 255 
-0.657056029334652 0.528089400320925 -0.0347549422372881 255 0 0 255 
-0.717636468104806 0.490648630107516 -0.0102116847335443 255 0 0 255 
-0.677515189483172 0.51544494396779 0.0072118833624896 255 0 0 255 
-0.697827706593564 0.502891117996504 0.0351886740784926 255 0 0 255 
-0.731376495470966 0.482156826188875 0.0429333371144659 255 0 0 255 
-0.760522869995242 0.464143376084039 0.0752056480557317 255 0 0 255 
-0.774484246843372 0.455514770662148 0.0205933926191388 255 0 0 255 
-0.81654763329859 0.429518168150901 0.072570860665092 255 0 0 255 
-0.672281750850959 0.518679386920534 -0.126720111229117 255 0 0 255 
-0.70949423786602 0.495680805139312 -0.0911686843559971 255 0 0 255 
-0.665927382835821 0.522606602330915 -0.0870779965321103 255 0 0 255 
-0.699396422633323 0.501921598165236 -0.184944345801805 255 0 0 255 
-0.646537032291878 0.534590498020847 -0.160621892012134 255 0 0 255 
-0.635597339082291 0.541351600250868 -0.221739420150304 255 0 0 255 
-0.606623527517569 0.559258400580859 -0.176201258214855 255 0 0 255 
-0.59519476840432 0.566321762162724 0.217480093175194 255 0 0 255 
-0.583092247817743 0.573801531234731 0.206310876774281 255 0 0 255 
-0.291234028649713 0.754179830576632 0.414273371060199 255 0 0 255 
-0.32028096519631 0.736227836521774 0.338636638914019 255 0 0 255 
-0.368380975670231 0.706500395189665 0.411990368020263 255 0 0 255 
-0.381581086715831 0.698342277908789 -0.280219348028971 255 0 0 255 
-0.413384338533566 0.678686787332079 -0.30708371081838 255 0 0 255 
-0.412904957084064 0.678983061361455 -0.283373328645406 255 0 0 255 
-0.595533919912429 0.566112155003376 0.24820115609382 255 0 0 255 
-0.558880174007032 0.588765415787908 0.229819890462909 255 0 0 255 
-0.577350269189626 0.577350269189626 -0.577350269189626 255 0 0 255 
-0.615689209580373 0.553655500935488 -0.515316560544741 255 0 0 255 
-0.527974237282938 0.607866335137558 -0.558490303230871 255 0 0 255 
-0.426549112196605 0.670550509754121 -0.519749352761101 255 0 0 255 
-0.44669542050748 0.658099406470166 -0.461899534331686 255 0 0 255 
-0.37450001901696 0.702718618422752 -0.499868368250087 255 0 0 255 
-0.478598205376251 0.63838240108549 -0.539630337272115 255 0 0 255 
-0.265412515050459 0.770138403621939 -0.458200649482772 255 0 0 255 
-0.31994037519352 0.736438332719727 -0.479028438723621 255 0 0 255 
-0.654244132846052 0.529827247923654 -0.452933384267228 255 0 0 255 
-0.575477372419001 0.578507783051292 -0.429243325326222 255 0 0 255 
-0.618543198500916 0.551891638779077 -0.354056361026336 255 0 0 255 
-0.692799056111731 0.50599899491182 -0.390550207989715 255 0 0 255 
-0.525025094422731 0.609689005662845 -0.486940435456843 255 0 0 255 
-0.447735672038825 0.657456495666946 -0.358076686409448 255 0 0 255 
-0.505715932862269 0.621622723801473 -0.417062116387362 255 0 0 255 
-0.26197806511484 0.772261010414811 -0.360143919430487 255 0 0 255 
-0.157378454002934 0.83690712529199 -0.416935310105299 255 0 0 255 
-0.150638590992999 0.841072589711649 -0.355202229849015 255 0 0 255 
-0.103872253098471 0.869975776059829 -0.396497759968674 255 0 0 255 
-0.210884654907398 0.803838474524151 -0.437372860241924 255 0 0 255 
-0.265412515050449 0.770138403621945 0.458200649482768 255 0 0 255 
-0.210884654907385 0.80383847452416 0.437372860241919 255 0 0 255 
-0.317476148168075 0.737961308776797 0.257742019003749 255 0 0 255 
-0.273857075941922 0.764919377970947 0.298152529258987 255 0 0 255 
-0.2778191080808 0.762470707444601 0.254762676722804 255 0 0 255 
-0.38038829341814 0.699079464707737 -0.332039787892594 255 0 0 255 
-0.845127648148281 0.411854747574816 -0.00544451211052581 255 0 0 255 
-0.934172358962716 0.35682208977309 1.04657627427458E-17 255 0 0 255 
-0.893032271268433 0.382248062268308 0.0665660601895002 255 0 0 255 
-0.732047213022937 0.481742299944906 -0.327045356111595 255 0 0 255 
-0.681575058046615 0.512935807205725 -0.288691992337567 255 0 0 255 
-0.771820660873322 0.457160957323596 -0.2626905656399 255 0 0 255 
-0.533644970702303 0.604361629143251 -0.349148542392432 255 0 0 255 
-0.620818176644802 0.550485624962492 -0.279817613667424 255 0 0 255 
-0.597132268760157 0.565124321089602 -0.246591214515659 255 0 0 255 
-0.444311634387513 0.659572667314536 -0.281709094404249 255 0 0 255 
-0.527797978973592 0.607975268763533 -0.293890504516307 255 0 0 255 
-0.539856282589696 0.600522827282115 -0.264473977315959 255 0 0 255 
-0.571243018834033 0.581124757487187 -0.288009080307254 255 0 0 255 
-0.0717478879529879 0.88982972558675 -0.304926202245638 255 0 0 255 
-0.146192022858863 0.843820719951837 -0.262429284144243 255 0 0 255 
-2.38199217295065E-16 0.934172358962716 -0.35682208977309 255 0 0 255 
-0.0519361265492355 0.902074067511273 -0.376659924870882 255 0 0 255 
-2.3819921815347E-16 0.934172358962716 -0.267093975499664 255 0 0 255 
-0.0386186142126606 0.910304742780872 -0.234629012632648 255 0 0 255 
-0.778462368298242 0.453056156391663 -0.142981987974806 255 0 0 255 
-0.811594108723707 0.432579614702287 -0.198335775168205 255 0 0 255 
-0.560905418782957 0.587513745680658 -0.228082563424934 255 0 0 255 
-0.534089595535784 0.60408683588391 -0.248266677668599 255 0 0 255 
-0.64005312316646 0.53859777424075 -0.109787902077055 255 0 0 255 
-0.199065832907998 0.811142908226822 -0.119285041792528 255 0 0 255 
-0.773797150898493 0.455939419309616 0.1460427714498 255 0 0 255 
-0.852312774748511 0.407414095122403 0.132451589563518 255 0 0 255 
-2.38199218719068E-16 0.934172358962716 -0.176421228646798 255 0 0 255 
-0.0387943110252668 0.910196156178966 -0.135130678566291 255 0 0 255 
-0.349068205009938 0.718436343874658 0.295923914314392 255 0 0 255 
-0.348109808993807 0.719028665187358 0.271341637259934 255 0 0 255 
-0.82892621143163 0.421867786132286 -0.0797871394459005 255 0 0 255 
-0.852313355980851 0.407413735901061 -0.132450649109836 255 0 0 255 
-0.775689031274796 0.454770172934411 -0.051499528930446 255 0 0 255 
-0.0724506752034127 0.889395379179128 -0.088025852453694 255 0 0 255 
-0.13783969874769 0.848982740137597 -0.0405584521154756 255 0 0 255 
-2.38199219172472E-16 0.934172358962716 -0.0860009890261812 255 0 0 255 
-2.38199219244585E-16 0.934172358962716 0.0934522452545069 255 0 0 255 
-0.0703764253445268 0.890677336093079 0.0952347325912222 255 0 0 255 
-0.0356604349922939 0.912132998083872 0.140582413258736 255 0 0 255 
-0.658854788631651 0.526977705937726 0.00371611779240162 255 0 0 255 
-0.649278527888816 0.532896160561877 0.0791708271388597 255 0 0 255 
-0.179109184041711 0.823476795527686 -0.0401847236528704 255 0 0 255 
-0.17667760129485 0.824979596310864 0.00162445162569101 255 0 0 255 
-0.0698514210798619 0.89100180657288 0.00364007495429929 255 0 0 255 
-0.137661938981298 0.84909260171506 0.0467161061719663 255 0 0 255 
-0.187300029845667 0.818414574423973 0.0832179717837393 255 0 0 255 
-0.179448589663191 0.823267031317626 0.0428782393272279 255 0 0 255 
-0.142140073567264 0.846324962334736 0.140975592004641 255 0 0 255 
-0.0722653146246482 0.889509938316978 0.192089720140045 255 0 0 255 
-0.0357739052506284 0.912062869607509 0.236538118387746 255 0 0 255 
-2.38199218996021E-16 0.934172358962716 0.18155295504917 255 0 0 255 
-0.811593278228588 0.432580127976498 0.198337118937536 255 0 0 255 
-0.771819786935926 0.457161497446611 0.262691979700311 255 0 0 255 
-0.618019291926494 0.552215430848999 0.354380582767821 255 0 0 255 
-0.569947817478004 0.581925235947488 0.289004055514025 255 0 0 255 
-0.61967897648359 0.55118968938211 0.280934861228496 255 0 0 255 
-0.187017644524186 0.818589098150823 0.13743025416015 255 0 0 255 
-0.15107701440284 0.840801629142903 0.246421407405756 255 0 0 255 
-0.625270030500615 0.547734227966752 -0.144338314599669 255 0 0 255 
-0.680926727628306 0.513336497440181 0.28932284970309 255 0 0 255 
-0.732482356317725 0.48147336659875 0.326341279470651 255 0 0 255 
-0.411320036172016 0.67996259635457 0.283329560741786 255 0 0 255 
-0.538262439510764 0.601507876477629 0.265533778570933 255 0 0 255 
-0.446842903389618 0.658008257036246 0.358218602329542 255 0 0 255 
-0.287974781786131 0.756194155916011 0.238851142355879 255 0 0 255 
-0.216267273568134 0.800511833243337 0.313618265172707 255 0 0 255 
-0.248794454951997 0.780408929589877 0.263744090388912 255 0 0 255 
-0.262504799652693 0.77193547056737 0.360410732929566 255 0 0 255 
-0.0708303063778647 0.890396822187627 0.303322275950637 255 0 0 255 
-0.151718326059601 0.840405276741644 0.35236131314083 255 0 0 255 
-0.693144925699524 0.50578523575089 0.389990579240992 255 0 0 255 
-0.532773394469812 0.604900292878716 0.349547310640875 255 0 0 255 
-0.654470919086114 0.529687086319115 0.452566436422627 255 0 0 255 
-0.575191544923627 0.578684434158352 0.429296768599892 255 0 0 255 
-0.505219759517912 0.621929375792598 0.417191345524493 255 0 0 255 
-0.503726030766487 0.622852550930099 0.264808858230963 255 0 0 255 
-0.526483497394804 0.60878766305681 0.294605250485383 255 0 0 255 
-0.446422601319131 0.658268018001349 0.461942479689134 255 0 0 255 
-0.319940375193513 0.736438332719731 0.479028438723618 255 0 0 255 
-0.157378454002922 0.836907125291998 0.416935310105294 255 0 0 255 
-0.103872253098459 0.869975776059836 0.39649775996867 255 0 0 255 
-0.199738661513003 0.8107270772803 0.120975277864167 255 0 0 255 
-0.532274314583911 0.60520874121131 0.249430106810602 255 0 0 255 
-0.0519361265492297 0.902074067511276 0.37665992487088 255 0 0 255 
-2.38199217295065E-16 0.934172358962716 0.35682208977309 255 0 0 255 
-0.597096786554737 0.565146250298547 -0.21530701413187 255 0 0 255 
-0.585224786110234 0.572483550087671 -0.203920276553385 255 0 0 255 
-0.237055895628269 0.787663758230872 0.187614634046754 255 0 0 255 
-0.350209880971259 0.717730749326423 -0.29624479275214 255 0 0 255 
-0.349574981622526 0.718123138703369 -0.271855539712063 255 0 0 255 
-0.615796912472704 0.55358893688734 0.515142293604262 255 0 0 255 
-0.524867234066349 0.609786568728565 0.486948983666337 255 0 0 255 
-0.527974237282938 0.607866335137558 0.55849030323087 255 0 0 255 
-0.47859820537625 0.63838240108549 0.539630337272115 255 0 0 255 
-0.374500019016956 0.702718618422755 0.499868368250085 255 0 0 255 
-0.426549112196603 0.670550509754123 0.5197493527611 255 0 0 255 
-0.577350269189626 0.577350269189626 0.577350269189626 255 0 0 255 
-0.650750699877302 0.531986308235807 -0.0729591601453489 255 0 0 255 
-2.38199218368302E-16 0.934172358962716 0.26918752241113 255 0 0 255 
-2.38199219180357E-16 0.934172358962716 0.00441925059443606 255 0 0 255 
-0.0350569616060973 0.912505965147848 0.0491865758486161 255 0 0 255 
-0.0355755240708188 0.91218547591936 -0.041491878982785 255 0 0 255 
-0.893032603237994 0.382247857099836 -0.0665655230514675 255 0 0 255 
0.638338431571066 0.539657511927413 0.114467299425206 255 0 0 255 
0.670237118706669 0.519943039080196 0.130171984445961 255 0 0 255 
0.664114317501174 0.523727138331551 0.0918775011648424 255 0 0 255 
0.644781134751443 0.535675702381598 0.1636647202331 255 0 0 255 
0.697504662455798 0.50309077025351 0.187049038723653 255 0 0 255 
0.706446623567461 0.497564334360422 0.0938006862268441 255 0 0 255 
0.656212833071159 0.528610524271062 0.0420068753779343 255 0 0 255 
0.697835102632576 0.502886546993012 0.0351381437611378 255 0 0 255 
0.677519333425266 0.515442382870729 0.00720745650728401 255 0 0 255 
0.623416656217663 0.548879676267375 0.147958502019336 255 0 0 255 
0.731372374767693 0.482159372923555 0.0428931981958217 255 0 0 255 
0.760508706182273 0.464152129801864 0.0751839462374016 255 0 0 255 
0.774445532934332 0.455538697173773 0.0205585766252447 255 0 0 255 
0.717621813979719 0.490657686854895 -0.0102209963856583 255 0 0 255 
0.816498255721658 0.429548685171728 0.0725926650469108 255 0 0 255 
0.665972862647821 0.522578494261297 -0.0869046740157794 255 0 0 255 
0.640175940708411 0.538521868824811 -0.109443629764391 255 0 0 255 
0.650806584991201 0.531951769335877 -0.0727120940595194 255 0 0 255 
0.773777835102036 0.455951357128346 0.14607058947536 255 0 0 255 
0.657070393184588 0.528080522973188 -0.0346180016297148 255 0 0 255 
0.658854648394661 0.526977792609018 0.00372866937491254 255 0 0 255 
0.672330936474188 0.518648988533621 -0.126594923156593 255 0 0 255 
0.646627888275215 0.534534345935063 -0.160478457115626 255 0 0 255 
0.699397894613698 0.501920688431334 -0.18499262590641 255 0 0 255 
0.635716429686667 0.541277998209623 -0.221739883943165 255 0 0 255 
0.60674502562759 0.559183310620495 -0.176021149707543 255 0 0 255 
0.264821323790641 0.770503779913904 0.219094815519752 255 0 0 255 
0.284568998164685 0.758299045952434 0.257135704896672 255 0 0 255 
0.291250354605809 0.754169740580889 0.241267855139081 255 0 0 255 
0.256789392336069 0.775467786548593 0.266547982080087 255 0 0 255 
0.220423727893639 0.797943003197489 0.240539479894599 255 0 0 255 
0.333275926586942 0.728196508699871 -0.289906295987684 255 0 0 255 
0.316929420224916 0.738299205229494 -0.257447028798976 255 0 0 255 
0.347996322929694 0.719098803432196 -0.271301335640283 255 0 0 255 
0.380388505628917 0.699079333554094 -0.280002886050135 255 0 0 255 
0.334079557082171 0.727699837739423 -0.343451088361978 255 0 0 255 
0.281000376235917 0.760504575597411 -0.253878201494238 255 0 0 255 
0.261095273180037 0.772806605835554 -0.215425521662425 255 0 0 255 
0.287777849051587 0.756315867039541 -0.238703086385486 255 0 0 255 
0.28698600525474 0.75680525341973 -0.29732885175429 255 0 0 255 
0.25221349287471 0.778295847944816 -0.260486384425881 255 0 0 255 
0.220061901447148 0.798166624239449 -0.313881847890725 255 0 0 255 
0.211924105332349 0.803196058831911 -0.221917353281184 255 0 0 255 
0.45170749160499 0.655001776177874 0.360833075493176 255 0 0 255 
0.444386674565738 0.659526289932061 0.281699311434803 255 0 0 255 
0.416825052900559 0.676560308907697 0.30969361144255 255 0 0 255 
0.392591251232695 0.691537622015061 0.342226551538001 255 0 0 255 
0.335721003840737 0.726685367851906 0.344325305596522 255 0 0 255 
0.376513175591057 0.701474419235286 0.415953076985455 255 0 0 255 
0.489791431288046 0.631464607028245 0.304510884236596 255 0 0 255 
0.504812189608492 0.622181267849327 0.264318120402681 255 0 0 255 
0.475078291735327 0.640557827353063 0.275309337157757 255 0 0 255 
0.528300927608499 0.607664429412565 -0.294281402830609 255 0 0 255 
0.505204835866684 0.62193859911641 -0.264138975751936 255 0 0 255 
0.540045418179243 0.600405935059293 -0.264595399847742 255 0 0 255 
0.489710651964178 0.631514531395983 -0.304377486377249 255 0 0 255 
0.59721474713711 0.565073346649308 -0.215250082393199 255 0 0 255 
0.597321776260146 0.565007199013486 -0.24665062400891 255 0 0 255 
0.621059606329897 0.55033641321121 -0.279964203956948 255 0 0 255 
0.681648069563262 0.512890683606867 -0.288822044513517 255 0 0 255 
0.560966746895283 0.587475842823532 -0.228029359778167 255 0 0 255 
0.534104087663994 0.60407787925611 -0.24825729379523 255 0 0 255 
0.559566769152846 0.588341076650723 0.229235150260935 255 0 0 255 
0.595706088965267 0.566005748676912 0.217050786353356 255 0 0 255 
0.583593775854197 0.573491569861897 0.205753903168964 255 0 0 255 
0.474942672401529 0.640641644710866 -0.275348298673736 255 0 0 255 
0.451231851365213 0.655295738012474 -0.360682062462938 255 0 0 255 
0.443690439528088 0.659956586850894 -0.28178900480262 255 0 0 255 
0.534893012703547 0.603590296767094 -0.350024835364827 255 0 0 255 
0.527939751283254 0.607887648657499 0.294648251329296 255 0 0 255 
0.570979584573394 0.581287568814063 0.288951346885838 255 0 0 255 
0.539291375164635 0.6008719592713 0.265203972258567 255 0 0 255 
0.534824104763593 0.603632884216081 0.350256709714229 255 0 0 255 
0.533158399106637 0.604662346927409 0.24886645466622 255 0 0 255 
0.59617953924182 0.565713140314019 0.247922504968904 255 0 0 255 
0.620290753005028 0.550811590698343 0.280849852609359 255 0 0 255 
0.618763114050797 0.551755723494595 0.35453882050245 255 0 0 255 
0.681177245436602 0.513181668919867 0.289311582974515 255 0 0 255 
0.382189508948004 0.697966252289105 0.280327015688781 255 0 0 255 
0.335673298607998 0.72671485130718 0.291116743981677 255 0 0 255 
0.350471469313155 0.717569078840048 0.272164124894023 255 0 0 255 
0.391476550236557 0.692226545117967 -0.341873088224694 255 0 0 255 
0.415755356064079 0.6772214179103 -0.309539352872565 255 0 0 255 
0.375927481042331 0.701836398373423 -0.415690051375853 255 0 0 255 
0.604835897977299 0.560363216396405 0.178817079962835 255 0 0 255 
0.634353617404769 0.542120262520122 0.223523652260817 255 0 0 255 
0.271341483278391 0.766474099738859 -0.362250837904285 255 0 0 255 
0.450619649381465 0.65567409964641 0.463818246199529 255 0 0 255 
0.481199313695177 0.636774827735973 0.540623872241525 255 0 0 255 
0.526912913706074 0.608522269181122 0.487814072212151 255 0 0 255 
0.526832601722849 0.608571904716459 -0.487816322835187 255 0 0 255 
0.615689209580373 0.553655500935488 -0.515316560544741 255 0 0 255 
0.529274791442402 0.6070625484628 -0.558987070715575 255 0 0 255 
0.577350269189626 0.577350269189626 -0.577350269189626 255 0 0 255 
0.450436075588832 0.6557875544897 -0.463746490003984 255 0 0 255 
0.430365095828615 0.668192102169026 -0.521206928808015 255 0 0 255 
0.379530877962053 0.699609376602078 -0.501789985374506 255 0 0 255 
0.481199313695178 0.636774827735973 -0.540623872241525 255 0 0 255 
0.178637031642201 0.823768601758455 -0.0360977323472037 255 0 0 255 
0.139178866256904 0.848155089100273 -0.0388294601307133 255 0 0 255 
0.176737666057349 0.82494247424673 0.00653147083781713 255 0 0 255 
0.273223870665989 0.765310720353329 0.363455452542678 255 0 0 255 
0.216419079028536 0.800418012309131 0.439486822148041 255 0 0 255 
0.299845787058082 0.748857471177358 0.41749576668936 255 0 0 255 
0.654244132846052 0.529827247923654 -0.452933384267228 255 0 0 255 
0.576430955429683 0.577918436339596 -0.429807807802158 255 0 0 255 
0.618960709806833 0.551633602601332 -0.354338857434343 255 0 0 255 
0.692799056111731 0.505998994911821 -0.390550207989716 255 0 0 255 
0.325576250876697 0.732955169991154 -0.481181151678226 255 0 0 255 
0.507965135194064 0.620232640312849 -0.418415868553035 255 0 0 255 
0.271621623791342 0.766300963380229 -0.460572317981945 255 0 0 255 
0.299160892358786 0.749280759380238 -0.417105424477765 255 0 0 255 
0.216419079028536 0.800418012309131 -0.439486822148041 255 0 0 255 
0.154014402009555 0.83898622376382 -0.355882211354598 255 0 0 255 
0.161564718468654 0.83431987156628 -0.418534320845308 255 0 0 255 
0.106710357908771 0.868221730823429 -0.397581819542574 255 0 0 255 
0.731957944370408 0.481797471006299 -0.327189795825516 255 0 0 255 
0.771642123568266 0.457271299446381 -0.262979445067741 255 0 0 255 
0.571650135663663 0.580873145449084 -0.288269518146009 255 0 0 255 
0.0717947461689055 0.889800765616661 -0.305988275804596 255 0 0 255 
0.0533551789543855 0.901197044893072 -0.377201954657832 255 0 0 255 
-2.38199217295065E-16 0.934172358962716 -0.35682208977309 255 0 0 255 
-2.3819921815347E-16 0.934172358962716 -0.267093975499664 255 0 0 255 
0.0369075747085376 0.911362223350513 -0.236601524536451 255 0 0 255 
0.14753591241155 0.84299015053115 -0.25982023077459 255 0 0 255 
0.778335755102052 0.453134407650333 -0.143182512068547 255 0 0 255 
0.811326302766123 0.432745127886464 -0.198769094309966 255 0 0 255 
0.625400564674266 0.547653553410621 -0.144078672022456 255 0 0 255 
0.0758355526652452 0.887303409859961 -0.196902618194747 255 0 0 255 
-2.38199218719068E-16 0.934172358962716 -0.176421228646798 255 0 0 255 
0.0397725047561565 0.909591599205694 -0.138892636645696 255 0 0 255 
0.151585058067114 0.840487640890613 -0.16434916713613 255 0 0 255 
0.852090184349531 0.407551663554542 -0.132811748394637 255 0 0 255 
0.709479621315842 0.495689838664121 -0.0911555545343744 255 0 0 255 
0.77562113764942 0.454812133502513 -0.0515833293804901 255 0 0 255 
0.828791239963769 0.421951203086936 -0.0799881250699044 255 0 0 255 
0.147935302855807 0.842743313661817 -0.0999532250799033 255 0 0 255 
0.179697270134622 0.823113338333948 -0.12243365976709 255 0 0 255 
0.0832544663593813 0.882718269037383 -0.0962457107150552 255 0 0 255 
-2.38199219172472E-16 0.934172358962716 -0.0860009890261812 255 0 0 255 
0.038996937222433 0.910070926302106 -0.0445731700196941 255 0 0 255 
0.214913171676439 0.801348714237364 -0.153171519826865 255 0 0 255 
0.845050909305229 0.41190217478808 -0.00551402396251773 255 0 0 255 
0.0804216437845942 0.8844690496727 0.0922303114532855 255 0 0 255 
0.146579047856933 0.843581525348534 0.148727672185646 255 0 0 255 
0.141619627371142 0.846646615773255 0.0827792818721465 255 0 0 255 
0.0727332825303512 0.88922071824561 -0.000465230931975857 255 0 0 255 
-2.38199219180357E-16 0.934172358962716 0.00441925059443606 255 0 0 255 
0.0382887315787362 0.910508621460935 0.0474091440925632 255 0 0 255 
0.128994076526995 0.854449635321628 0.0323320126378965 255 0 0 255 
0.649335713092174 0.532860818162621 0.078939373945857 255 0 0 255 
0.811497581378203 0.432639271882653 0.198491959694075 255 0 0 255 
0.85223302737319 0.407463381710865 0.132580623527301 255 0 0 255 
0.188829480884887 0.817469321698186 0.0888610330330796 255 0 0 255 
0.163273887802448 0.833263546825466 0.0517453800508251 255 0 0 255 
-2.38199219244585E-16 0.934172358962716 0.0934522452545069 255 0 0 255 
0.0391164548419945 0.909997060350963 0.140168284020978 255 0 0 255 
0.271621623791342 0.76630096338023 0.460572317981945 255 0 0 255 
0.77175598903567 0.457200926717381 0.262795206871337 255 0 0 255 
0.190072389323701 0.816701162037766 0.143243897703354 255 0 0 255 
0.219601891187798 0.798450926215021 0.161431332253325 255 0 0 255 
0.201996665440733 0.809331554106193 0.126446539185114 255 0 0 255 
0.227741653990858 0.793420276142247 0.200785888499424 255 0 0 255 
0.240506793296138 0.785530986180405 0.192110636664331 255 0 0 255 
0.290010463184928 0.75493603562133 0.299702053545176 255 0 0 255 
0.319974047753115 0.736417521933424 0.259065220183884 255 0 0 255 
0.0760441755833843 0.887174473805719 0.193437624326948 255 0 0 255 
-2.38199218996021E-16 0.934172358962716 0.18155295504917 255 0 0 255 
0.0373051019351632 0.911116538013005 0.237154663250424 255 0 0 255 
0.155712115778053 0.83793697895172 0.249787966674434 255 0 0 255 
0.193354861248351 0.814672482821215 0.190752911859604 255 0 0 255 
0.732442482630064 0.481498009892982 0.326405796452543 255 0 0 255 
0.224123020217659 0.795656714806922 0.316267314734292 255 0 0 255 
-2.38199218368302E-16 0.934172358962716 0.26918752241113 255 0 0 255 
0.0731762321572692 0.88894696032087 0.304440551214446 255 0 0 255 
0.15628425392649 0.837583378129725 0.354349799193183 255 0 0 255 
0.236064710619598 0.788276344255364 -0.186286881132281 255 0 0 255 
0.693128976224459 0.505795093068582 0.390016386033749 255 0 0 255 
0.180188910516378 0.822809487867846 0.0482228970228077 255 0 0 255 
0.185960853460754 0.819242230946448 -0.077908127650528 255 0 0 255 
0.508108593116103 0.620143978441073 0.418506212394244 255 0 0 255 
0.576478190003925 0.57788924376727 0.429806525480457 255 0 0 255 
0.654462944348582 0.529692014977961 0.452579339819006 255 0 0 255 
0.198092198306083 0.811744647503359 -0.116786355429192 255 0 0 255 
0.161564718468654 0.83431987156628 0.418534320845308 255 0 0 255 
0.325576250876697 0.732955169991154 0.481181151678226 255 0 0 255 
0.106710357908771 0.868221730823429 0.397581819542575 255 0 0 255 
0.413250285818014 0.67876963646661 0.28338123874031 255 0 0 255 
0.615796912472704 0.553588936887341 0.515142293604262 255 0 0 255 
0.529274791442402 0.6070625484628 0.558987070715575 255 0 0 255 
0.379530877962053 0.699609376602079 0.501789985374506 255 0 0 255 
0.430365095828615 0.668192102169026 0.521206928808015 255 0 0 255 
0.411989378373059 0.679548920124252 -0.283349540063295 255 0 0 255 
0.577350269189626 0.577350269189626 0.577350269189626 255 0 0 255 
0.585322523241049 0.572423145218927 -0.203809301046207 255 0 0 255 
-2.38199217295065E-16 0.934172358962716 0.35682208977309 255 0 0 255 
0.0533551789543856 0.901197044893072 0.377201954657832 255 0 0 255 
0.892968473368177 0.382287491539077 0.0666692873605263 255 0 0 255 
0.934172358962716 0.35682208977309 1.76536716992292E-18 255 0 0 255 
0.892854065932938 0.38235819922262 -0.066854402479308 255 0 0 255 
-0.778463488537738 -0.453055464045579 -0.142991545351937 255 0 0 255 
-0.828925876839813 -0.421867992921402 -0.0797964159111106 255 0 0 255 
-0.852313355980852 -0.40741373590106 -0.132450649109834 255 0 0 255 
-0.709496272349385 -0.495679547759444 -0.0912089675486303 255 0 0 255 
-0.672305402432844 -0.518664769439042 -0.126677112501313 255 0 0 255 
-0.665941322532795 -0.522597987124392 -0.0870852011731231 255 0 0 255 
-0.657032206358447 -0.528104123729533 -0.0349808611890101 255 0 0 255 
-0.646562147836993 -0.53457497576032 -0.160563572702446 255 0 0 255 
-0.640122771718807 -0.538554729067955 -0.109592825039394 255 0 0 255 
-0.656195174750491 -0.5286214377147 0.0421451604834937 255 0 0 255 
-0.677507579586287 -0.515449647142716 0.00713351063388338 255 0 0 255 
-0.658855892651797 -0.526977023615777 0.00361578330875463 255 0 0 255 
-0.699403990144397 -0.501916921186181 -0.184935185689968 255 0 0 255 
-0.264047416498806 -0.770982080924854 0.354009793580493 255 0 0 255 
-0.210884654907399 -0.803838474524151 0.437372860241924 255 0 0 255 
-0.291731089157154 -0.753872630288569 0.412438456597201 255 0 0 255 
-0.26541251505046 -0.770138403621938 0.458200649482773 255 0 0 255 
-0.349420579959413 -0.718218564179098 0.295046646294042 255 0 0 255 
-0.379799314342876 -0.699443473794557 0.279893289917851 255 0 0 255 
-0.348235330155887 -0.718951088842813 0.271386129476168 255 0 0 255 
-0.558887367783849 -0.588760969789015 0.229813786256168 255 0 0 255 
-0.569964355824542 -0.581915014687209 0.288963678195601 255 0 0 255 
-0.595536109662769 -0.566110801663239 0.248193031473458 255 0 0 255 
-0.488935396931561 -0.63199366535609 -0.303711496006243 255 0 0 255 
-0.505245108235366 -0.621913709423702 -0.264120548908815 255 0 0 255 
-0.527775239736487 -0.607989322384942 -0.293893995060064 255 0 0 255 
-0.321427715494356 -0.735519105860973 0.335037706738955 255 0 0 255 
-0.368673871410708 -0.70631937566689 0.410981122553213 255 0 0 255 
-0.379714604503251 -0.699495827354983 0.330932411913639 255 0 0 255 
-0.412047212320963 -0.679513176778716 0.306784263992336 255 0 0 255 
-0.442640024921425 -0.660605778780564 0.281919774384162 255 0 0 255 
-0.411163243946411 -0.680059499279192 0.283324564511527 255 0 0 255 
-0.187445557311721 -0.818324633503906 0.182633477015592 255 0 0 255 
-0.216907601987605 -0.800116088515875 0.156761871826793 255 0 0 255 
-0.186583903075027 -0.818857165108733 0.136588648751303 255 0 0 255 
-0.141522536541447 -0.846706621206003 0.139422327436872 255 0 0 255 
-0.176674414928849 -0.824981565595297 0.000717903563369988 255 0 0 255 
-0.137521153484968 -0.849179611936915 0.0461349611828345 255 0 0 255 
-0.17937530931038 -0.823312321066365 0.0423115230797868 255 0 0 255 
-0.278286989491143 -0.762181540830305 -0.254590351496636 255 0 0 255 
-0.262136214188193 -0.772163268911901 -0.216465789798006 255 0 0 255 
-0.289463455012707 -0.755274105263923 -0.239960160696428 255 0 0 255 
-0.246953859665149 -0.781546480036682 -0.260193203988055 255 0 0 255 
-0.206876955651739 -0.806315368880836 -0.219126469274384 255 0 0 255 
-0.381228288440944 -0.698560319233659 -0.280156060808729 255 0 0 255 
-0.38031696287486 -0.69912354940792 -0.332063010766103 255 0 0 255 
-0.350266011446755 -0.717696058784761 -0.296314097997861 255 0 0 255 
-0.487726757152417 -0.632740645819756 0.304037049640387 255 0 0 255 
-0.503790279257531 -0.622812843180413 0.264780026770209 255 0 0 255 
-0.473692380594146 -0.641414367543688 0.275702887659152 255 0 0 255 
-0.444134318102865 -0.659682254805276 -0.28173209969142 255 0 0 255 
-0.475180519242528 -0.640494647279013 -0.275279903965706 255 0 0 255 
-0.413196141030865 -0.678803099785346 -0.307081428313037 255 0 0 255 
-0.41263738008365 -0.679148433042371 -0.283366799470102 255 0 0 255 
-0.187240195451007 -0.818451554114173 0.0829886167304949 255 0 0 255 
-0.650748938726683 -0.531987396686643 -0.0729669315680964 255 0 0 255 
-0.44668000744723 -0.658108932265271 -0.461906149004809 255 0 0 255 
-0.505687660543218 -0.621640197055588 -0.417067789734996 255 0 0 255 
-0.525015625484654 -0.609694857788414 -0.486942774015637 255 0 0 255 
-0.539849636063829 -0.600526935061009 -0.264474704208736 255 0 0 255 
-0.426549112196605 -0.670550509754122 -0.519749352761101 255 0 0 255 
-0.374500019016959 -0.702718618422753 -0.499868368250086 255 0 0 255 
-0.47859820537625 -0.63838240108549 -0.539630337272115 255 0 0 255 
-0.527974237282938 -0.607866335137558 0.558490303230871 255 0 0 255 
-0.524886975109048 -0.609774368093204 0.48686975148801 255 0 0 255 
-0.478598205376251 -0.63838240108549 0.539630337272115 255 0 0 255 
-0.0717771518024263 -0.889811639533156 -0.304806662474398 255 0 0 255 
-2.38212770683236E-16 -0.934172358962716 -0.26656909485112 255 0 0 255 
-0.0386396800792611 -0.91029172335931 -0.23430179603177 255 0 0 255 
-0.150687039412973 -0.841042646941403 -0.355209930073245 255 0 0 255 
-0.157378454002934 -0.836907125291991 -0.416935310105299 255 0 0 255 
-0.10387225309847 -0.86997577605983 -0.396497759968674 255 0 0 255 
-0.217713092210593 -0.799618268180729 0.301328154667661 255 0 0 255 
-0.278480530724527 -0.762061925769849 0.283871789656725 255 0 0 255 
-0.319940375193519 -0.736438332719727 -0.479028438723621 255 0 0 255 
-0.368745274690503 -0.706275246013069 -0.411994534594061 255 0 0 255 
-0.210884654907397 -0.803838474524152 -0.437372860241924 255 0 0 255 
-2.38212771326006E-16 -0.934172358962716 -0.175912136379368 255 0 0 255 
-0.265412515050458 -0.77013840362194 -0.458200649482772 255 0 0 255 
-0.29131314529735 -0.754130933799317 -0.414261965741287 255 0 0 255 
-0.447663695551745 -0.657500979582352 -0.358088864777211 255 0 0 255 
-0.0706037055210525 -0.890536869219017 0.302193229578216 255 0 0 255 
-2.38212770912268E-16 -0.934172358962716 0.269330892471626 255 0 0 255 
-2.38212769822221E-16 -0.934172358962716 0.35682208977309 255 0 0 255 
-0.654244132846053 -0.529827247923654 -0.452933384267227 255 0 0 255 
-0.615689209580373 -0.553655500935488 -0.51531656054474 255 0 0 255 
-0.575464432677913 -0.57851578025109 -0.42924550430629 255 0 0 255 
-0.618534918020361 -0.551896756397503 -0.354056520209947 255 0 0 255 
-0.692799056111732 -0.505998994911819 -0.390550207989713 255 0 0 255 
-0.527974237282938 -0.607866335137558 -0.55849030323087 255 0 0 255 
-0.320802355530032 -0.735905599574128 -0.338742815231064 255 0 0 255 
-0.262093844761275 -0.772189454658109 -0.360232268153773 255 0 0 255 
-0.595185573170033 -0.566327445130048 0.217491906347108 255 0 0 255 
-0.538293280977936 -0.601488815402654 0.265501671751388 255 0 0 255 
-0.213908222055091 -0.80196980725961 -0.313174032916809 255 0 0 255 
-0.146301926625038 -0.843752795688849 -0.26247271002279 255 0 0 255 
-0.179196040137776 -0.823423115508184 -0.0408912782991832 255 0 0 255 
-0.137859629949921 -0.848970421977181 -0.0409433360903599 255 0 0 255 
-0.319320729008359 -0.736821295123077 -0.25872301247305 255 0 0 255 
-0.273560916939452 -0.765102414300547 -0.297609376454439 255 0 0 255 
-0.533613500720577 -0.604381078661582 -0.349153563634244 255 0 0 255 
-0.681575028082089 -0.512935825724821 -0.288688594406624 255 0 0 255 
-0.62081480588424 -0.550487708207087 -0.279813990038779 255 0 0 255 
-0.633958690410507 -0.54236434082565 0.223774420466481 255 0 0 255 
-0.618028841655228 -0.552209528792058 0.354344756167092 255 0 0 255 
-0.532803349979875 -0.604881779355347 0.349426482910098 255 0 0 255 
-0.893032271268433 -0.382248062268308 0.0665660601895007 255 0 0 255 
-0.816545500803336 -0.42951948610545 0.0725624786269305 255 0 0 255 
-0.85231277474851 -0.407414095122403 0.132451589563519 255 0 0 255 
-0.732047213022939 -0.481742299944905 -0.327045356111592 255 0 0 255 
-0.771820660873324 -0.457160957323595 -0.262690565639897 255 0 0 255 
-0.0827815685146179 -0.883010535978654 -0.189919290422193 255 0 0 255 
-0.0388128979987648 -0.910184668797596 -0.134677707896079 255 0 0 255 
-0.151781038489318 -0.840366518328562 -0.192599673104345 255 0 0 255 
-0.142471989591082 -0.846119826950606 -0.126756546068991 255 0 0 255 
-0.180472752064111 -0.822634064143862 -0.164723349733368 255 0 0 255 
-0.216179633040206 -0.80056599806867 -0.15546509680125 255 0 0 255 
-0.185054559724277 -0.819802351279965 -0.129668761546509 255 0 0 255 
-0.199263224290446 -0.811020913643324 -0.119783929105437 255 0 0 255 
-0.597130375899963 -0.565125490941537 -0.246587617977319 255 0 0 255 
-0.560905469236983 -0.587513714497988 -0.228082519669272 255 0 0 255 
-0.597097225865608 -0.565145978789497 -0.215303962316986 255 0 0 255 
-0.635601320056951 -0.54134913987322 -0.221727844422838 255 0 0 255 
-0.81159410872371 -0.432579614702285 -0.198335775168201 255 0 0 255 
-2.38212771636895E-16 -0.934172358962716 -0.0850531961327257 255 0 0 255 
-0.0724700234804409 -0.8893834212863 -0.0878262086500274 255 0 0 255 
-0.0697983994818104 -0.891034575722614 0.00363249757818083 255 0 0 255 
-2.38212771836445E-16 -0.934172358962716 0.00498442516250354 255 0 0 255 
-0.0349940421504336 -0.912544851510001 0.0493280760402696 255 0 0 255 
-0.186885548129339 -0.818670738213428 -0.0816147184062659 255 0 0 255 
-0.237283417127854 -0.787523142210944 -0.187917069559074 255 0 0 255 
-0.775687751451248 -0.454770963908864 -0.0515257697910299 255 0 0 255 
-0.717630331908404 -0.490652422485454 -0.0102756592648178 255 0 0 255 
-0.845126627741359 -0.411855378220976 -0.00545433360573601 255 0 0 255 
-0.774481020462648 -0.455516764675096 0.0205690825119169 255 0 0 255 
-2.38212771837594E-16 -0.934172358962716 0.0938802790175148 255 0 0 255 
-0.0701777691199237 -0.89080011239196 0.0948151024028794 255 0 0 255 
-0.638196437317316 -0.539745269202211 0.114844668356541 255 0 0 255 
-0.670109272817168 -0.52002205218523 0.130396141688043 255 0 0 255 
-0.66403503154712 -0.523776139745987 0.0920962079977448 255 0 0 255 
-0.706403080861575 -0.497591245232622 0.0938891450104034 255 0 0 255 
-0.773794599128159 -0.455940996390413 0.146041084725738 255 0 0 255 
-0.760519161924255 -0.464145667797941 0.0751939521324979 255 0 0 255 
-0.811593278228587 -0.432580127976499 0.198337118937538 255 0 0 255 
-0.731371608365555 -0.482159846586126 0.0429079697875004 255 0 0 255 
-0.071891751063815 -0.889740813294532 0.190938770719258 255 0 0 255 
-0.149797662464771 -0.841592312124203 0.241856559692061 255 0 0 255 
-2.38212771556797E-16 -0.934172358962716 0.181839695170161 255 0 0 255 
-0.035623864146217 -0.912155600109745 0.236075646984815 255 0 0 255 
-0.207698854562859 -0.805807407418448 0.227115846421413 255 0 0 255 
-0.261374578878973 -0.772633985420528 0.215705819925896 255 0 0 255 
-0.22216338194833 -0.796867837863023 0.194055220805856 255 0 0 255 
-0.644545107864242 -0.535821575020147 0.163991459706617 255 0 0 255 
-0.697366281069658 -0.503176294653554 0.187158664383743 255 0 0 255 
-0.771819786935925 -0.457161497446612 0.262691979700313 255 0 0 255 
-0.15170830370087 -0.840411470899986 0.349363979042306 255 0 0 255 
-0.288394539919174 -0.755934731122796 0.239165666888442 255 0 0 255 
-0.446918873890878 -0.657961304684325 0.3578512792345 255 0 0 255 
-0.619683154294073 -0.551187107353233 0.280919108521794 255 0 0 255 
-0.680926680970682 -0.513336526276178 0.289317858307153 255 0 0 255 
-0.0519361265492353 -0.902074067511273 -0.376659924870882 255 0 0 255 
-2.38212769822221E-16 -0.934172358962716 -0.35682208977309 255 0 0 255 
-0.319940375193521 -0.736438332719726 0.479028438723621 255 0 0 255 
-0.732482356317723 -0.481473366598751 0.326341279470654 255 0 0 255 
-0.103872253098472 -0.869975776059829 0.396497759968674 255 0 0 255 
-0.0519361265492358 -0.902074067511272 0.376659924870882 255 0 0 255 
-0.157378454002935 -0.83690712529199 0.416935310105299 255 0 0 255 
-0.505260426463334 -0.621904242238109 0.417017515744857 255 0 0 255 
-0.575208123423229 -0.578674188082116 0.429228338105003 255 0 0 255 
-0.317925826888201 -0.737683392044999 0.257983192902434 255 0 0 255 
-0.526515634271113 -0.608767801374959 0.294541846884199 255 0 0 255 
-0.446483945635831 -0.658230105128612 0.461709720970951 255 0 0 255 
-0.693144925699521 -0.505785235750891 0.389990579240995 255 0 0 255 
-0.654470919086112 -0.529687086319116 0.45256643642263 255 0 0 255 
-0.697822117345623 -0.502894572341703 0.0351606638222795 255 0 0 255 
-0.623172465155246 -0.549030594643692 0.148426511804563 255 0 0 255 
-0.649270157349758 -0.532901333839517 0.0792046447878821 255 0 0 255 
-0.534089657329518 -0.604086797693311 -0.248266637659461 255 0 0 255 
-0.571232387361837 -0.581131328098354 -0.288009373177167 255 0 0 255 
-0.606623552086816 -0.559258385396385 -0.176201221824029 255 0 0 255 
-0.625315850582038 -0.547705909598961 -0.144247246737134 255 0 0 255 
-0.199803624083378 -0.810686928203746 0.121136950746765 255 0 0 255 
-0.237390420983499 -0.787457010191293 0.188059005944791 255 0 0 255 
-0.374500019016961 -0.702718618422752 0.499868368250087 255 0 0 255 
-0.349661721379735 -0.718069530585272 -0.271885590710358 255 0 0 255 
-0.615796912472703 -0.553588936887341 0.515142293604264 255 0 0 255 
-0.426549112196606 -0.670550509754121 0.519749352761101 255 0 0 255 
-0.532308478737977 -0.605187626602931 0.249408429405025 255 0 0 255 
-0.585224823625724 -0.572483526901843 -0.203920233980488 255 0 0 255 
-0.577350269189626 -0.577350269189626 0.577350269189626 255 0 0 255 
-0.583076901822566 -0.573811015581368 0.206327869049056 255 0 0 255 
-0.604467500415261 -0.560590898610067 0.179348351540329 255 0 0 255 
-0.0355173800459348 -0.912221410902981 0.140368461827453 255 0 0 255 
-0.0355671057405629 -0.912190678733587 -0.0410656205105172 255 0 0 255 
-0.577350269189626 -0.577350269189626 -0.577350269189626 255 0 0 255 
-0.934172358962716 -0.35682208977309 -1.02967088603516E-17 255 0 0 255 
-0.893032603237995 -0.382247857099835 -0.0665655230514657 255 0 0 255 
0.66407132406171 -0.523753709738433 0.0919371992873891 255 0 0 255 
0.638154157008052 -0.539771399869059 0.114956747334158 255 0 0 255 
0.649315187142855 -0.532873503896932 0.0790225358968556 255 0 0 255 
0.65625828472713 -0.528582433602273 0.0416487790643851 255 0 0 255 
0.706456432573527 -0.497558272061278 0.0937420772296344 255 0 0 255 
0.670171783899139 -0.519983418211898 0.130314583801684 255 0 0 255 
0.697491329524107 -0.503099010458465 0.187074147541009 255 0 0 255 
0.644685254330813 -0.535734959740403 0.163862025347998 255 0 0 255 
0.634298652883921 -0.542154232462181 0.223602818184685 255 0 0 255 
0.604737972842754 -0.560423737456933 0.178958555399974 255 0 0 255 
0.139147790038275 -0.848174295259627 -0.0384531283501171 255 0 0 255 
0.185860801093097 -0.819304066711511 -0.0774955314052696 255 0 0 255 
0.178600510825773 -0.823791172864229 -0.035761790237808 255 0 0 255 
0.57093079863986 -0.58131772017916 0.288990936800312 255 0 0 255 
0.527891263886632 -0.607917615516637 0.294677587701354 255 0 0 255 
0.539225647164741 -0.600912581409248 0.265248781989894 255 0 0 255 
0.48975237035527 -0.631488748012333 0.30452745066447 255 0 0 255 
0.504749392533719 -0.622220078576314 0.26434668554388 255 0 0 255 
0.264850144469184 -0.770485967755073 0.21912261645864 255 0 0 255 
0.220444975725611 -0.797929871315143 0.240596961155187 255 0 0 255 
0.227771580238268 -0.793401780704192 0.200843626018318 255 0 0 255 
0.14659856019817 -0.843569466058449 0.148897623683508 255 0 0 255 
0.188867138391906 -0.817446048079043 0.0889950023385963 255 0 0 255 
0.190104918087347 -0.816681058156221 0.143356088938934 255 0 0 255 
0.219640201769974 -0.798427248972307 0.161496306666738 255 0 0 255 
0.240542225179208 -0.785509088072483 0.192155809311573 255 0 0 255 
0.202038456147111 -0.809305726029206 0.126545045920267 255 0 0 255 
0.147878423941902 -0.842778466763854 -0.0995726811962658 255 0 0 255 
0.179614168245803 -0.823164698125767 -0.122120972015702 255 0 0 255 
0.0832324606491285 -0.882731869314266 -0.0957414937972574 255 0 0 255 
0.214814649640831 -0.801409604202818 -0.152991046511403 255 0 0 255 
0.211888598492638 -0.803218003265685 -0.221793961819842 255 0 0 255 
0.23600481497165 -0.78831336180157 -0.186206110291848 255 0 0 255 
0.505204909583999 -0.621938553556513 -0.264138942031278 255 0 0 255 
0.52830458328655 -0.607662170079279 -0.294276458438678 255 0 0 255 
0.540047782269667 -0.600404473971059 -0.264591944999719 255 0 0 255 
0.606745050725345 -0.559183295109264 -0.176021112472773 255 0 0 255 
0.646622855227034 -0.534537456529906 -0.160519693100126 255 0 0 255 
0.625352737619698 -0.547683112155965 -0.144173876969994 255 0 0 255 
0.597333690038698 -0.564999835893406 -0.246635611880975 255 0 0 255 
0.635738525615769 -0.541264342174425 -0.221715499675031 255 0 0 255 
0.597221556752899 -0.5650691380753 -0.215242159219308 255 0 0 255 
0.621081890021454 -0.550322641132433 -0.279933332230243 255 0 0 255 
0.618974244670229 -0.551625237595721 -0.354319024390562 255 0 0 255 
0.681703595012817 -0.512856366991802 -0.288738730027041 255 0 0 255 
0.571658466701875 -0.580867996584307 -0.288257758420787 255 0 0 255 
0.197979569764068 -0.81181425577046 -0.116493127173588 255 0 0 255 
0.596117625653192 -0.565751405016157 0.247987937570573 255 0 0 255 
0.559476785939912 -0.58839668933517 0.229312031296588 255 0 0 255 
0.595625826514869 -0.566055353599279 0.217144972307053 255 0 0 255 
0.620254994473307 -0.550833690686334 0.280886887826283 255 0 0 255 
0.681177566847846 -0.513181470276793 0.289305201299906 255 0 0 255 
0.618749522447363 -0.55176412356748 0.35454596746226 255 0 0 255 
0.380388615632288 -0.699079265568354 -0.280002906348137 255 0 0 255 
0.415755690252295 -0.677221211370624 -0.309538109031581 255 0 0 255 
0.411989490077696 -0.679548851086967 -0.283349543215122 255 0 0 255 
0.334078113202122 -0.727700730106369 -0.343441955662756 255 0 0 255 
0.375927445663471 -0.701836420238761 -0.415686791946889 255 0 0 255 
0.391476600452386 -0.692226514082878 -0.341869784089335 255 0 0 255 
0.451690493109804 -0.655012281825657 0.360840168833233 255 0 0 255 
0.392586064735647 -0.691540827446519 0.342230808593294 255 0 0 255 
0.416812209676995 -0.676568246456385 0.309696657562341 255 0 0 255 
0.444355061838794 -0.659545827672795 0.281703436115417 255 0 0 255 
0.376509925072863 -0.70147642816601 0.415956762648021 255 0 0 255 
0.33572452782592 -0.726683189909287 0.344332796368636 255 0 0 255 
0.413236237501051 -0.67877831880396 0.283380928301994 255 0 0 255 
0.382193167992781 -0.69796399087546 0.280327657554239 255 0 0 255 
0.335683325226951 -0.726708654515875 0.291124802674235 255 0 0 255 
0.284589794564407 -0.758286193070562 0.257156838890352 255 0 0 255 
0.291274952853794 -0.754154538027496 0.241285679644954 255 0 0 255 
0.256808313922044 -0.77545609236534 0.26658017174143 255 0 0 255 
0.290023047570645 -0.754928258043229 0.299720465703907 255 0 0 255 
0.319992789425765 -0.736405938942616 0.259074996781296 255 0 0 255 
0.508096411721769 -0.620151506956802 0.418512350240296 255 0 0 255 
0.534797349033663 -0.603649420166571 0.350272180046081 255 0 0 255 
0.534897947453693 -0.603587246923778 -0.350017464189326 255 0 0 255 
0.430365095828614 -0.668192102169027 -0.521206928808015 255 0 0 255 
0.450436754999614 -0.655787134590745 -0.463744781474864 255 0 0 255 
0.379530877962052 -0.699609376602079 -0.501789985374505 255 0 0 255 
0.481199313695177 -0.636774827735974 -0.540623872241525 255 0 0 255 
0.141635439561355 -0.846636843302267 0.0830093050913715 255 0 0 255 
0.163291270029023 -0.833252804018642 0.0519675680427053 255 0 0 255 
0.533079994823659 -0.604710803439086 0.248916668607335 255 0 0 255 
0.560966799381969 -0.587475810385325 -0.228029314229921 255 0 0 255 
0.534104152394378 -0.604077839250581 -0.248257251877931 255 0 0 255 
0.316929533084595 -0.738299135477501 -0.257447089892892 255 0 0 255 
0.333274830221999 -0.72819718629067 -0.289899698021518 255 0 0 255 
0.347996439051865 -0.71909873166469 -0.271301376914703 255 0 0 255 
-2.38212771636895E-16 -0.934172358962716 -0.0850531961327257 255 0 0 255 
0.038989433099438 -0.910075564105173 -0.0439572986603795 255 0 0 255 
0.161564718468653 -0.83431987156628 -0.418534320845308 255 0 0 255 
0.154008070620676 -0.838990136777344 -0.355805963804318 255 0 0 255 
0.106710357908771 -0.868221730823429 -0.397581819542574 255 0 0 255 
-2.38212770683236E-16 -0.934172358962716 -0.26656909485112 255 0 0 255 
0.0369021281823094 -0.911365589488843 -0.23619762611892 255 0 0 255 
-2.38212771326006E-16 -0.934172358962716 -0.175912136379368 255 0 0 255 
0.216419079028535 -0.800418012309132 -0.439486822148041 255 0 0 255 
0.27162162379134 -0.76630096338023 -0.460572317981945 255 0 0 255 
0.299160030894174 -0.749281291794648 -0.417099772814389 255 0 0 255 
0.325576250876696 -0.732955169991155 -0.481181151678225 255 0 0 255 
0.271337788571436 -0.766476383193336 -0.362229367280527 255 0 0 255 
0.529274791442401 -0.6070625484628 -0.558987070715575 255 0 0 255 
0.526833721888795 -0.608571212415831 -0.487814463136101 255 0 0 255 
0.451233137511716 -0.65529494313022 -0.360679157457313 255 0 0 255 
0.50796749551708 -0.620231181553 -0.418411961585381 255 0 0 255 
0.576434624543977 -0.577916168702254 -0.4298022936096 255 0 0 255 
0.615689209580373 -0.553655500935488 -0.51531656054474 255 0 0 255 
0.654244132846053 -0.529827247923654 -0.452933384267227 255 0 0 255 
0.692799056111732 -0.50599899491182 -0.390550207989714 255 0 0 255 
0.180217146330569 -0.822792037174975 0.0484147531805673 255 0 0 255 
0.0717887657251443 -0.889804461734173 -0.305790754523426 255 0 0 255 
0.220050290550799 -0.798173800168032 -0.313812991629574 255 0 0 255 
0.147515478197091 -0.84300277957022 -0.259629110715152 255 0 0 255 
0.261095355900136 -0.772806554710372 -0.215425604806078 255 0 0 255 
0.252202609364367 -0.778302574324124 -0.2604404019062 255 0 0 255 
0.280997351738747 -0.760506444839461 -0.253864289986403 255 0 0 255 
0.489712499530176 -0.6315133895374 -0.304375091994134 255 0 0 255 
0.732047213022938 -0.481742299944905 -0.327045356111593 255 0 0 255 
0.771820660873324 -0.457160957323596 -0.262690565639898 255 0 0 255 
0.0758197470040939 -0.887313178295768 -0.196518518721766 255 0 0 255 
-2.38212771556797E-16 -0.934172358962716 0.181839695170161 255 0 0 255 
0.0760507150997078 -0.887170432162361 0.19364379368085 255 0 0 255 
0.0373075901286812 -0.911115000224841 0.237334435658977 255 0 0 255 
0.151537646595956 -0.840516942791245 -0.164052540682484 255 0 0 255 
0.155725257992719 -0.837928856616369 0.249885424121772 255 0 0 255 
0.193380652248998 -0.814656543106211 0.190846194295673 255 0 0 255 
0.474942764758974 -0.640641587630827 -0.275348272174075 255 0 0 255 
0.585322561971868 -0.572423121281948 -0.203809257044499 255 0 0 255 
0.699461041532398 -0.501881661489292 -0.184917858794749 255 0 0 255 
0.672335072135547 -0.518646432554336 -0.126643266610589 255 0 0 255 
0.778479431720388 -0.453045610616813 -0.142977956079525 255 0 0 255 
0.81159410872371 -0.432579614702286 -0.198335775168202 255 0 0 255 
0.286981450138931 -0.756808068636123 -0.297305161289101 255 0 0 255 
0.709524470230308 -0.495662120510622 -0.0911423841613739 255 0 0 255 
0.665960941217263 -0.522585862110577 -0.0869919418943431 255 0 0 255 
0.657063872453712 -0.528084553006742 -0.0346802364923163 255 0 0 255 
0.775706630298654 -0.454759296139498 -0.051517396652852 255 0 0 255 
0.82893421581567 -0.421862839150891 -0.0797933494844296 255 0 0 255 
0.893032603237995 -0.382247857099835 -0.0665655230514659 255 0 0 255 
0.852313355980852 -0.407413735901061 -0.132450649109834 255 0 0 255 
0.717660086260552 -0.490634033284513 -0.0102742668997154 255 0 0 255 
0.731409527890912 -0.482136411030618 0.0428304043927982 255 0 0 255 
0.697866498456341 -0.502867143306821 0.035000001754212 255 0 0 255 
0.072725271748624 -0.889225669180994 -1.89298740383703E-05 255 0 0 255 
-2.38212771836445E-16 -0.934172358962716 0.00498442516250354 255 0 0 255 
-2.38212771837594E-16 -0.934172358962716 0.0938802790175148 255 0 0 255 
0.0804262118324848 -0.884466226463841 0.0925472506985203 255 0 0 255 
0.039119231733048 -0.909995344137909 0.140477754641762 255 0 0 255 
0.128994768257412 -0.854449207808719 0.0326386307941037 255 0 0 255 
0.176742626334883 -0.824939408627224 0.00677971915618068 255 0 0 255 
0.583497059132687 -0.573551344083108 0.205861560937644 255 0 0 255 
0.845135460159198 -0.411849919486549 -0.00546051858901317 255 0 0 255 
0.774504273175143 -0.455502393708444 0.0205412581168166 255 0 0 255 
0.934172358962716 -0.35682208977309 1.27700192206508E-17 255 0 0 255 
0.893032271268433 -0.382248062268308 0.0665660601895005 255 0 0 255 
0.677541948300345 -0.515428406109279 0.00704336110991479 255 0 0 255 
0.760552758926012 -0.464124903708935 0.0751311657014132 255 0 0 255 
0.816561175515531 -0.429509798600549 0.0725381607482689 255 0 0 255 
-2.38212770912268E-16 -0.934172358962716 0.269330892471626 255 0 0 255 
0.773826790921743 -0.45592110076782 0.145995177060242 255 0 0 255 
0.771819786935926 -0.457161497446611 0.262691979700311 255 0 0 255 
0.811593278228588 -0.432580127976499 0.198337118937537 255 0 0 255 
0.576470103351225 -0.577894241593494 0.429809550599618 255 0 0 255 
0.0731796454150175 -0.888944850811569 0.304523361313273 255 0 0 255 
0.0533551789543858 -0.901197044893072 0.377201954657832 255 0 0 255 
-2.38212769822221E-16 -0.934172358962716 0.35682208977309 255 0 0 255 
0.156288827382664 -0.837580551578364 0.354385913711043 255 0 0 255 
0.224133905482288 -0.795649987343405 0.316303734295288 255 0 0 255 
0.273229447271105 -0.765307273821826 0.363468794532845 255 0 0 255 
0.29984676352393 -0.748856867688275 0.417499870282448 255 0 0 255 
0.526908670946079 -0.608524891351005 0.487816057839187 255 0 0 255 
0.732482356317725 -0.481473366598751 0.326341279470652 255 0 0 255 
0.287777950016442 -0.756315804639759 -0.238703162372924 255 0 0 255 
0.106710357908772 -0.868221730823429 0.397581819542575 255 0 0 255 
0.161564718468654 -0.83431987156628 0.418534320845308 255 0 0 255 
0.216419079028536 -0.800418012309131 0.439486822148041 255 0 0 255 
0.325576250876698 -0.732955169991154 0.481181151678226 255 0 0 255 
0.271621623791342 -0.766300963380229 0.460572317981945 255 0 0 255 
0.650775579622574 -0.531970931707563 -0.0728492784815721 255 0 0 255 
0.450614398333766 -0.655677344972364 0.463820875140683 255 0 0 255 
0.693144925699523 -0.50578523575089 0.389990579240992 255 0 0 255 
0.654470919086114 -0.529687086319115 0.452566436422627 255 0 0 255 
0.35048309331973 -0.717561894808923 0.272168096963099 255 0 0 255 
0.379530877962053 -0.699609376602078 0.501789985374506 255 0 0 255 
0.430365095828615 -0.668192102169026 0.521206928808015 255 0 0 255 
0.481199313695178 -0.636774827735973 0.540623872241525 255 0 0 255 
0.615796912472704 -0.553588936887341 0.515142293604262 255 0 0 255 
0.529274791442402 -0.6070625484628 0.558987070715575 255 0 0 255 
0.443690545114935 -0.65995652159527 -0.281788991382992 255 0 0 255 
0.623257153770735 -0.548978254200909 0.148264430248002 255 0 0 255 
0.640103221111951 -0.538566812008013 -0.109647624901909 255 0 0 255 
0.658856957427841 -0.526976365547937 0.00351630375525218 255 0 0 255 
0.475030142658954 -0.640587585118802 0.275323180907009 255 0 0 255 
-2.38212769822221E-16 -0.934172358962716 -0.35682208977309 255 0 0 255 
0.0382878708952771 -0.910509153392567 0.0478482562511251 255 0 0 255 
0.0397630519133055 -0.909597441383866 -0.138306336257779 255 0 0 255 
0.0533551789543852 -0.901197044893073 -0.377201954657832 255 0 0 255 
0.577350269189626 -0.577350269189626 -0.577350269189626 255 0 0 255 
0.577350269189626 -0.577350269189626 0.577350269189626 255 0 0 255 
0.852312774748511 -0.407414095122403 0.132451589563519 255 0 0 255 
-0.137976448187495 -0.141943292853391 0.84644657950424 255 0 0 255 
-0.184488590076446 -0.189283500305252 0.817188722264519 255 0 0 255 
-0.135628594633433 -0.186635380588904 0.818825350255501 255 0 0 255 
-0.155392096798355 -0.216138910336387 0.800591166082874 255 0 0 255 
0.338561161161872 -0.319262540253103 0.736857257751666 255 0 0 255 
0.411403932799652 -0.364606567678564 0.708833107615924 255 0 0 255 
0.414226571026808 -0.29052412384856 0.754618575872522 255 0 0 255 
-0.0347052981719441 -0.657061243185081 0.528086177984078 255 0 0 255 
0.00267719922444907 -0.719483277698724 0.489507239007725 255 0 0 255 
0.0123121666239764 -0.676539743286177 0.51604780287173 255 0 0 255 
0.0478532865286833 -0.691089522157636 0.507055545000373 255 0 0 255 
0.0852995621859147 -0.673793458732076 0.517745100068943 255 0 0 255 
0.042035806923748 -0.65620914356694 0.528612804509651 255 0 0 255 
-0.2168435233383 -0.262517166366376 0.771927827517345 255 0 0 255 
-0.255477930248852 -0.278787350539571 0.76187230069573 255 0 0 255 
-0.239774756749575 -0.289212899012135 0.755428957388366 255 0 0 255 
-0.26417363770345 -0.249571373475297 0.779928767535988 255 0 0 255 
-0.236698179490533 -0.215575034740715 0.800939660367014 255 0 0 255 
-0.313447752032966 -0.216668318052991 0.800263974120695 255 0 0 255 
-0.298400628491377 -0.274309298083568 0.764639889316944 255 0 0 255 
-0.25819688670868 -0.31832631893354 0.737435874346254 255 0 0 255 
-0.338633822216572 -0.319856123552184 0.736490403097681 255 0 0 255 
-0.296081556804679 -0.349429197075536 0.718213238508449 255 0 0 255 
-0.331594129574963 -0.378072558220591 0.700510667768767 255 0 0 255 
-0.196305235313522 -0.224187677992852 0.795616754104217 255 0 0 255 
-0.244930338478514 -0.151222172251238 0.84071191665886 255 0 0 255 
0.15688681187789 -0.216978199219845 0.800072457027282 255 0 0 255 
0.137942294238273 -0.187222221834324 0.818462662419831 255 0 0 255 
0.121589258178663 -0.199985932228004 0.810574255573973 255 0 0 255 
0.141294014705203 -0.142201589705943 0.846286943270176 255 0 0 255 
0.0838019825060212 -0.18745320299291 0.818319908214507 255 0 0 255 
-0.149110079705741 -0.777465667248616 0.453672151516955 255 0 0 255 
-0.157378454002935 -0.83690712529199 0.416935310105299 255 0 0 255 
-0.0861329784738376 -0.837322925880155 0.416678331209271 255 0 0 255 
0.0589851168600843 -0.844244087687976 0.4124008179704 255 0 0 255 
0.0349461151806623 -0.789529710314354 0.446216162860587 255 0 0 255 
-0.0056603322034868 -0.855757028623876 0.405285429161544 255 0 0 255 
-0.356563900793258 -0.440831555713605 0.661723474218215 255 0 0 255 
-0.306691988257545 -0.411540350420449 0.679826434660836 255 0 0 255 
-0.281709094403196 -0.444311634386836 0.659572667314951 255 0 0 255 
-0.411374161349145 -0.365197035847647 0.708468178218156 255 0 0 255 
-0.271763457652275 -0.349309937972174 0.718286944687846 255 0 0 255 
0.257986101669561 -0.317931264987335 0.737680031114713 255 0 0 255 
0.295919017872858 -0.348615572018298 0.718716086447921 255 0 0 255 
0.331597116120725 -0.377141738996292 0.701085945686766 255 0 0 255 
0.279981742283051 -0.380274099030447 0.699150040720438 255 0 0 255 
0.271468498299354 -0.348468363109202 0.718807066557231 255 0 0 255 
0.356962489297094 -0.439782291980445 0.66237195486847 255 0 0 255 
0.306754353309823 -0.410309363016797 0.680587226716016 255 0 0 255 
0.281894914575711 -0.442843138555895 0.660480247650266 255 0 0 255 
-0.301958623657888 -0.476954091629852 0.639398519262136 255 0 0 255 
-0.332144612229097 -0.519115121783135 0.613341569626698 255 0 0 255 
-0.264120580871992 -0.505245038396653 0.621913752586267 255 0 0 255 
-0.275254929991895 -0.475267107869145 0.640441132564737 255 0 0 255 
-0.274737613796656 -0.540617338798318 0.600052468677838 255 0 0 255 
0.226196488372933 -0.638944899718264 0.539282693998435 255 0 0 255 
0.252457369552387 -0.601564091340671 0.562385304102735 255 0 0 255 
0.218757886803342 -0.597446909608726 0.564929862350937 255 0 0 255 
0.179155177846014 -0.604601662691739 0.560507981764631 255 0 0 255 
0.30355405089793 -0.582033013914354 0.574456173789105 255 0 0 255 
0.229765661852754 -0.558944062871476 0.588725930298731 255 0 0 255 
0.284012161772238 -0.630451264821906 0.544532049052417 255 0 0 255 
0.289806359050854 -0.687638465630913 0.509188415230985 255 0 0 255 
-0.221721163665656 -0.639959968856987 0.538655346769774 255 0 0 255 
-0.185352556404163 -0.701314017556626 0.50073645932598 255 0 0 255 
-0.160584401735398 -0.647777722991432 0.533823708998996 255 0 0 255 
0.264810322954335 -0.503722765373288 0.622854569055647 255 0 0 255 
0.333396561195615 -0.517718800523606 0.6142045436243 255 0 0 255 
0.302549835736917 -0.475564709363415 0.640257204726159 255 0 0 255 
0.481806279590395 -0.545466151293007 0.597055737751045 255 0 0 255 
0.40101010234807 -0.584530592124835 0.572912585565466 255 0 0 255 
0.481199313695178 -0.636774827735973 0.540623872241525 255 0 0 255 
0.11468010316821 -0.638258427701373 0.539706957037478 255 0 0 255 
0.079065143287166 -0.649304661749683 0.532880008947553 255 0 0 255 
-0.280219348028581 -0.381581086714377 0.698342277909678 255 0 0 255 
-0.2833733286454 -0.412904957082981 0.678983061362106 255 0 0 255 
0.479148949557731 -0.320255876653233 0.736243342094123 255 0 0 255 
-0.427827572826779 -0.500348432778898 0.624940021287615 255 0 0 255 
-0.480662168748565 -0.546294279566685 0.596543926330867 255 0 0 255 
-0.39872991082604 -0.586077761932959 0.571956382037678 255 0 0 255 
-0.558501807967793 -0.528004357075235 0.607847720082185 255 0 0 255 
-0.527974237282938 -0.607866335137558 0.558490303230871 255 0 0 255 
-0.478598205376251 -0.63838240108549 0.539630337272115 255 0 0 255 
-0.0423308425229979 -0.13734586781814 0.849287944436755 255 0 0 255 
-0.0808861979628257 -0.186700112817792 0.818785343539217 255 0 0 255 
-0.0399629131592617 -0.179082235735148 0.823493450497035 255 0 0 255 
-0.35682208977309 -1.87328936980504E-16 0.934172358962716 255 0 0 255 
-0.376674178918619 -0.0519734441306874 0.902051003977557 255 0 0 255 
-0.301829886643051 -0.0708897268366317 0.890360098324482 255 0 0 255 
0.174296641382836 -0.773351035732983 0.456215133644798 255 0 0 255 
0.0969413196922591 -0.729421624797806 0.483365002708499 255 0 0 255 
0.105574264460089 -0.80651492378515 0.435718723629462 255 0 0 255 
0.0466758435703219 -0.137534225650903 0.84917153289406 255 0 0 255 
0.0432835040683111 -0.179501605160141 0.823234265938561 255 0 0 255 
-0.0519361265492358 -0.902074067511272 0.376659924870882 255 0 0 255 
-2.38212769822221E-16 -0.934172358962716 0.35682208977309 255 0 0 255 
0.276187135886133 -0.538945218454138 0.601085895883822 255 0 0 255 
0.24940908253003 -0.532307449588518 0.605188262652223 255 0 0 255 
-0.0897685485086551 -0.710981270601702 0.494761768366278 255 0 0 255 
-0.0866581357250914 -0.666455027085827 0.522280500250443 255 0 0 255 
-0.426549112196606 -0.670550509754121 0.519749352761101 255 0 0 255 
-0.249384432189726 -0.603176343000874 0.561388877778311 255 0 0 255 
-0.215861971675051 -0.599178043120476 0.563859963001612 255 0 0 255 
0.428701341405744 -0.499452893945035 0.625493494725187 255 0 0 255 
-0.0488413548466707 -0.781756744551613 0.45102011989535 255 0 0 255 
0.215756729220123 -0.261425400316312 0.772602576045565 255 0 0 255 
0.196826753972 -0.224121555219566 0.795657620225537 255 0 0 255 
0.188144460915287 -0.237454913899485 0.787417151377118 255 0 0 255 
-0.103872253098472 -0.869975776059829 0.396497759968674 255 0 0 255 
0.0533551789543858 -0.901197044893072 0.377201954657832 255 0 0 255 
0.106710357908772 -0.868221730823429 0.397581819542575 255 0 0 255 
-0.24826667766875 -0.534089595535483 0.604086835884096 255 0 0 255 
0.161564718468654 -0.83431987156628 0.418534320845308 255 0 0 255 
0.00183336534313709 -0.176678685364529 0.824978926319983 255 0 0 255 
0.216419079028536 -0.800418012309131 0.439486822148041 255 0 0 255 
0.131221207309472 -0.67847693699123 0.514850551319215 255 0 0 255 
0.193658842856135 -0.703130818559301 0.499613614555532 255 0 0 255 
0.165525900013421 -0.647780130715325 0.533822220943795 255 0 0 255 
0.00369932105447699 -0.658854975558806 0.52697759041039 255 0 0 255 
-0.109592853545192 -0.640122761550384 0.538554735352562 255 0 0 255 
-0.126391298004032 -0.673330228903084 0.518031391847863 255 0 0 255 
-0.228082563424896 -0.560905418782129 0.587513745680644 255 0 0 255 
-0.280182448116037 -0.632106357698495 0.543509145400147 255 0 0 255 
-0.176201258216434 -0.60662352751842 0.559258400580516 255 0 0 255 
-0.284480365056416 -0.689542652641487 0.508011562937514 255 0 0 255 
-0.344252644879841 -0.644121304499295 0.536083499904231 255 0 0 255 
-0.203920276553639 -0.585224786110021 0.572483550087805 255 0 0 255 
-0.301073634788545 -0.583731519493834 0.573406439610905 255 0 0 255 
0.237206349881329 -0.215257019765472 0.801136204430646 255 0 0 255 
0.298319518649284 -0.273807801309683 0.764949831368453 255 0 0 255 
0.264029335177355 -0.248988820924235 0.780288804812777 255 0 0 255 
0.255056104572751 -0.278115656669519 0.762287430337456 255 0 0 255 
0.313807779291194 -0.216338457761406 0.800467838992433 255 0 0 255 
0.246678277934023 -0.151175410273713 0.840740817150351 255 0 0 255 
0.186139223693278 -0.189492474097995 0.817059569357846 255 0 0 255 
0.275684890661829 -0.473756550384018 0.641374708432398 255 0 0 255 
-0.319940375193521 -0.736438332719726 0.479028438723621 255 0 0 255 
-0.26541251505046 -0.770138403621938 0.458200649482773 255 0 0 255 
-0.374500019016961 -0.702718618422752 0.499868368250087 255 0 0 255 
-0.210884654907399 -0.803838474524151 0.437372860241924 255 0 0 255 
0.271621623791342 -0.766300963380229 0.460572317981945 255 0 0 255 
0.325576250876698 -0.732955169991154 0.481181151678226 255 0 0 255 
0.379530877962053 -0.699609376602078 0.501789985374506 255 0 0 255 
0.348046540987083 -0.642075853505331 0.537347658140823 255 0 0 255 
-0.0728327829182139 -0.650779311132486 0.531968625507549 255 0 0 255 
-0.119399640142041 -0.199111086632037 0.811114939887206 255 0 0 255 
-0.437566140527442 -0.211390669264241 0.803525740452827 255 0 0 255 
-0.351891098340319 -0.151964425571547 0.840253178878646 255 0 0 255 
-0.417046204295795 -0.157668778762808 0.836727694722613 255 0 0 255 
-0.577350269189626 -0.577350269189626 0.577350269189626 255 0 0 255 
-0.14424728057691 -0.625315833563052 0.547705920117216 255 0 0 255 
0.148243580527764 -0.623268038630242 0.548971526987796 255 0 0 255 
0.430365095828615 -0.668192102169026 0.521206928808015 255 0 0 255 
-0.539653346745961 -0.478658444960843 0.638345170974744 255 0 0 255 
-0.458562436308196 -0.266359685256099 0.769553020241722 255 0 0 255 
-0.414316209061278 -0.291011400411528 0.754317422394686 255 0 0 255 
0.206214163734403 -0.583179539744002 0.573747581857305 255 0 0 255 
0.55849030323087 -0.527974237282938 0.607866335137558 255 0 0 255 
0.539630337272115 -0.478598205376251 0.63838240108549 255 0 0 255 
-0.459210689493085 -0.431113249124103 0.66772971800362 255 0 0 255 
-0.519832764419897 -0.426767486754393 0.670415546855131 255 0 0 255 
0.283335318116684 -0.411505579518552 0.679847924260061 255 0 0 255 
0.459401103141249 -0.430621133331247 0.668033862290005 255 0 0 255 
0.529274791442402 -0.6070625484628 0.558987070715575 255 0 0 255 
0.239188606987953 -0.288425230268662 0.755915763443709 255 0 0 255 
-0.188103611948756 -0.237424078622001 0.787436208626686 255 0 0 255 
-0.500012182093834 -0.374876528547942 0.702485922735517 255 0 0 255 
0.519779618448336 -0.426628348794479 0.670501538843482 255 0 0 255 
0.499928899624556 -0.374658492212707 0.702620676601475 255 0 0 255 
-0.479287309201015 -0.320618106902021 0.73601947148862 255 0 0 255 
0.360475683838365 -0.262210745931006 0.772117205761891 255 0 0 255 
-0.360472950333241 -0.262647136393132 0.771847501623931 255 0 0 255 
0.437463105388796 -0.211120919769231 0.803692454809191 255 0 0 255 
0.352480780400445 -0.151809886341195 0.840348689375599 255 0 0 255 
0.416980432678733 -0.157496586433846 0.836834115434513 255 0 0 255 
-0.396526268064148 -0.103946888261375 0.869929648992399 255 0 0 255 
-0.188179982310356 -0.0722318358350468 0.889530629346854 255 0 0 255 
-0.0893904975322022 -0.0701846315555245 0.890795871173513 255 0 0 255 
0.00339095026734005 -0.069297890750359 0.891343907130317 255 0 0 255 
0.0954577480380813 -0.0702612077280545 0.890748544496161 255 0 0 255 
0.192362504554895 -0.0722726850493172 0.889505383144021 255 0 0 255 
0.303457098739726 -0.0708559903954853 0.89038094859177 255 0 0 255 
0.39649775996867 -0.10387225309846 0.869975776059835 255 0 0 255 
-0.175602903116325 -1.63675323353462E-16 0.934172358962716 255 0 0 255 
-0.26656909485112 -1.65065586066497E-16 0.934172358962716 255 0 0 255 
-0.233045466730213 -0.0357803906679197 0.912058861399192 255 0 0 255 
0.0940211761829768 -7.22269734397987E-17 0.934172358962716 255 0 0 255 
0.140942153257527 -0.035633473194343 0.912149661391403 255 0 0 255 
-0.0847622554910951 -1.12521019054385E-16 0.934172358962716 255 0 0 255 
-0.134483909612495 -0.035604116847643 0.91216780461145 255 0 0 255 
0.37665992487088 -0.0519361265492301 0.902074067511276 255 0 0 255 
0.35682208977309 7.01727478977747E-18 0.934172358962716 255 0 0 255 
0.2367803561406 -0.0357821688612006 0.912057762415305 255 0 0 255 
0.181927184254156 -1.75455394586103E-17 0.934172358962716 255 0 0 255 
0.269374637013623 8.36056274150163E-18 0.934172358962716 255 0 0 255 
0.458306027473264 -0.265688398211232 0.769967898451657 255 0 0 255 
0.00519805748837322 -1.02710900295289E-16 0.934172358962716 255 0 0 255 
-0.041390936316896 -0.034870630576471 0.912621124057315 255 0 0 255 
0.0495169829941928 -0.0348897746196034 0.912609292387977 255 0 0 255 
0.577350269189626 -0.577350269189626 0.577350269189626 255 0 0 255 
0.264221749585124 0.505023665781071 0.622050568387054 255 0 0 255 
0.275902265689002 0.540100518608486 0.600371881121227 255 0 0 255 
0.248770691573088 0.533307732776469 0.60457005364377 255 0 0 255 
0.240854709258716 0.220674083101449 0.797788275169801 255 0 0 255 
0.219755432137385 0.265508639685257 0.770078995331035 255 0 0 255 
0.201162003039054 0.22805774162317 0.793224923242055 255 0 0 255 
0.280497856482566 0.383177366608885 0.697355722678611 255 0 0 255 
0.3417917343526 0.390228809252543 0.692997691455245 255 0 0 255 
0.309364721394912 0.415460001066988 0.67740395733725 255 0 0 255 
0.344242278107574 0.334890700383907 0.727198523609204 255 0 0 255 
0.229156721765208 0.5596584736224 0.588284400172744 255 0 0 255 
0.252174823506567 0.601569633923619 0.562381878598088 255 0 0 255 
0.218369983930041 0.597495796014167 0.564899648890786 255 0 0 255 
0.303479064468648 0.582720591283111 0.574031227605318 255 0 0 255 
0.283875086040954 0.630193252737878 0.544691509289854 255 0 0 255 
0.348042304691525 0.642167573561639 0.537290972028574 255 0 0 255 
0.289686118142863 0.686728545975837 0.509750776504854 255 0 0 255 
0.17881707996256 0.604835897977092 0.560363216396687 255 0 0 255 
0.165862421520519 0.645540160467404 0.535206598690799 255 0 0 255 
0.14812741560566 0.623328645422946 0.548934069929912 255 0 0 255 
-0.223043880485696 0.64012318670306 0.53855447259333 255 0 0 255 
-0.249956839679027 0.603379764099558 0.561263156625295 255 0 0 255 
-0.216172184521484 0.599307504097241 0.563779951717754 255 0 0 255 
-0.176021149707946 0.606745025626796 0.559183310619959 255 0 0 255 
-0.280977686483581 0.63233678300214 0.543366734730627 255 0 0 255 
-0.301561087126059 0.584164599801041 0.573138781261192 255 0 0 255 
-0.228029359778317 0.56096674689428 0.587475842823523 255 0 0 255 
-0.28558730124039 0.689638229548747 0.507952493160288 255 0 0 255 
-0.254199713276601 0.281387070155211 0.760265585612044 255 0 0 255 
-0.21592142708741 0.261590007663767 0.772500843108905 255 0 0 255 
-0.239139644615299 0.288359738466554 0.755956239603369 255 0 0 255 
-0.260689400755935 0.252399812323608 0.778180696192631 255 0 0 255 
-0.222007510859104 0.21204701373341 0.803120097262552 255 0 0 255 
-0.297443067675898 0.286992638169296 0.75680115405309 255 0 0 255 
-0.257804998001071 0.317593338879708 0.737888880934355 255 0 0 255 
-0.29005140752909 0.333533105742396 0.728037563240602 255 0 0 255 
-0.343297781049263 0.33315571790094 0.728270801753563 255 0 0 255 
0.333883101052943 0.519792129579701 0.612923155797771 255 0 0 255 
0.28161890668388 0.444995494611398 0.659150018452712 255 0 0 255 
0.302886585367692 0.478027970508661 0.638734825615231 255 0 0 255 
0.275191645869867 0.475485906978806 0.640305907278222 255 0 0 255 
0.359517363428292 0.444842658045612 0.659244476644681 255 0 0 255 
-0.281737387354533 0.444093391753723 0.659707548679686 255 0 0 255 
-0.359132343189471 0.444419771378373 0.659505834978424 255 0 0 255 
-0.309145307272237 0.414268413071106 0.678140399219291 255 0 0 255 
-0.341341804502304 0.389042110908567 0.693731111366215 255 0 0 255 
-0.414984511410973 0.372177067202414 0.70415428159837 255 0 0 255 
0.114829605559331 0.638202115603513 0.539741759828111 255 0 0 255 
0.134244534852361 0.671001491751224 0.519470630558577 255 0 0 255 
0.0944983366098832 0.664662483876356 0.523388352880199 255 0 0 255 
0.102869015786039 0.708509259187818 0.496289555440636 255 0 0 255 
0.0416110055660649 0.656263055949397 0.528579484824049 255 0 0 255 
-0.0261969741946466 0.708559208702525 0.496258684942825 255 0 0 255 
-0.0346180016300483 0.657070393184368 0.528080522973134 255 0 0 255 
0.00220000842717491 0.679667696075994 0.514114621732418 255 0 0 255 
-0.096787286779813 0.717098714652809 0.490980980018418 255 0 0 255 
-0.0284550112923613 0.771369944502991 0.457439515359747 255 0 0 255 
0.00352856156687396 0.658856827831369 0.526976445642942 255 0 0 255 
-0.203809301046523 0.585322523240727 0.572423145219097 255 0 0 255 
-0.171056362274753 0.769257075075059 0.45874534048 255 0 0 255 
-0.105379567495686 0.786227043672653 0.448257323098668 255 0 0 255 
0.0789374124103964 0.649336196954279 0.532860519119321 255 0 0 255 
0.429856758319888 0.502267849417932 0.623753756566119 255 0 0 255 
-0.271562111329642 0.348734248771965 0.718642740180461 255 0 0 255 
-0.35682208977309 -1.87328936980504E-16 0.934172358962716 255 0 0 255 
-0.26656909485112 -1.65065586066497E-16 0.934172358962716 255 0 0 255 
-0.305764258062404 0.0717793800749497 0.889810262385 255 0 0 255 
-0.0519361265492297 0.902074067511276 0.37665992487088 255 0 0 255 
0.00769901657935154 0.852451480642447 0.407328370165511 255 0 0 255 
-2.38199217295065E-16 0.934172358962716 0.35682208977309 255 0 0 255 
0.0481875318053714 0.180183718358405 0.822812696797873 255 0 0 255 
0.0518083222630413 0.163241852704635 0.833283345604747 255 0 0 255 
0.0884673807846809 0.188719193393562 0.817537483116847 255 0 0 255 
0.19259416450649 0.240886858166728 0.785296093172489 255 0 0 255 
-0.481200051353223 0.325625730868216 0.732924589674632 255 0 0 255 
-0.416931810379671 0.298257899624215 0.749838839581796 255 0 0 255 
0.193680793434586 0.0760507039951625 0.887170439025348 255 0 0 255 
0.181927184254156 -1.75455394586103E-17 0.934172358962716 255 0 0 255 
0.23738257190254 0.0373061319356475 0.911115901437697 255 0 0 255 
0.269374637013623 8.36056274150163E-18 0.934172358962716 255 0 0 255 
0.225992686841362 0.637779532388183 0.540002930617804 255 0 0 255 
0.193163206301839 0.698093279661619 0.50272698481395 255 0 0 255 
0.190950042044318 0.193484866059407 0.814592135429281 255 0 0 255 
-0.0383455908844977 0.139137946772315 0.848180378732551 255 0 0 255 
0.00687405219856145 0.176744559762153 0.824938213704336 255 0 0 255 
-0.0356213591613447 0.17858534717719 0.823800544514507 255 0 0 255 
0.482396920135636 0.547015670978678 0.596098081919064 255 0 0 255 
0.481199313695177 0.636774827735973 0.540623872241525 255 0 0 255 
0.401317585706015 0.585561572601906 0.572275404588899 255 0 0 255 
-0.0886095003773686 0.668020376095065 0.521313061358478 255 0 0 255 
-0.129486239267858 0.67494983382032 0.517030420960664 255 0 0 255 
-0.190495695412261 0.701332688686787 0.500724919932932 255 0 0 255 
-0.162094877777006 0.648121206703334 0.533611424390459 255 0 0 255 
-0.280149079589575 0.381189584989726 0.69858423928098 255 0 0 255 
-0.283365789555467 0.412597227348595 0.679173248797258 255 0 0 255 
-0.332973057573052 0.520286456637262 0.61261764487464 255 0 0 255 
-0.264138975752389 0.505204835866433 0.62193859911633 255 0 0 255 
-0.274991954805065 0.540945345372545 0.599849749466432 255 0 0 255 
-0.186602304658684 0.236299051538618 0.788131513602518 255 0 0 255 
-0.0994951817830475 0.14788588495411 0.842773855604719 255 0 0 255 
-0.0773139526891096 0.185816951410733 0.819331167305769 255 0 0 255 
-0.122131553145076 0.179646912416995 0.823144461115037 255 0 0 255 
-0.0956074906375423 0.0832393899326233 0.882727586781549 255 0 0 255 
0.0326471323768687 0.128974310394182 0.854461851463532 255 0 0 255 
0.0828655141497239 0.141587481615801 0.84666648294265 255 0 0 255 
0.0925828300530204 0.0804147463020834 0.884473312551328 255 0 0 255 
0.0680248059259763 0.781161845906909 0.451387787477638 255 0 0 255 
0.161865341240881 0.770791764613085 0.457796850183321 255 0 0 255 
0.119394939383783 0.80673912027961 0.435580162575727 255 0 0 255 
-0.157378454002922 0.836907125291998 0.416935310105294 255 0 0 255 
-0.210884654907385 0.80383847452416 0.437372860241919 255 0 0 255 
-0.302654694568248 0.477828799373463 0.638857920146361 255 0 0 255 
-0.0732204190827194 0.836501035886285 0.417186287160496 255 0 0 255 
0.161564718468654 0.83431987156628 0.418534320845308 255 0 0 255 
0.216419079028536 0.800418012309131 0.439486822148041 255 0 0 255 
-0.275291708971796 0.475139541231467 0.640519973082629 255 0 0 255 
-0.153233157987444 0.214946857665886 0.801327895150396 255 0 0 255 
-0.116538225967478 0.197996869965799 0.811803563657709 255 0 0 255 
0.143255624330173 0.190099140023931 0.816684629195801 255 0 0 255 
0.161655667248362 0.219734261102961 0.798369117107586 255 0 0 255 
0.126383246837345 0.201969835598829 0.809348135860409 255 0 0 255 
0.257584841021132 0.285127558561551 0.757953836642401 255 0 0 255 
0.241830882882872 0.292030554239481 0.753687550689237 255 0 0 255 
0.266904323376523 0.257115522351917 0.775266227114048 255 0 0 255 
0.249949743630933 0.155757672775427 0.837908823178917 255 0 0 255 
0.316405791712226 0.224121528468426 0.795657636758651 255 0 0 255 
0.299920010554685 0.290147009584717 0.754851645305219 255 0 0 255 
0.291330804815622 0.336091147537742 0.726456606466436 255 0 0 255 
0.148821784736157 0.146587543964969 0.843576274464995 255 0 0 255 
-0.319940375193513 0.736438332719731 0.479028438723618 255 0 0 255 
-0.374500019016956 0.702718618422755 0.499868368250085 255 0 0 255 
-0.344738931976825 0.64437786093675 0.535924939305851 255 0 0 255 
-0.265412515050449 0.770138403621945 0.458200649482768 255 0 0 255 
-0.109443629765205 0.640175940708842 0.538521868824696 255 0 0 255 
0.0266754508276305 0.717588994711639 0.490677970278055 255 0 0 255 
0.271621623791342 0.76630096338023 0.460572317981945 255 0 0 255 
0.325576250876697 0.732955169991154 0.481181151678226 255 0 0 255 
0.379530877962053 0.699609376602079 0.501789985374506 255 0 0 255 
-0.103872253098459 0.869975776059836 0.39649775996867 255 0 0 255 
0.35682208977309 7.01727478977747E-18 0.934172358962716 255 0 0 255 
0.304547672907794 0.0731738237474275 0.888948448800011 255 0 0 255 
0.417360538438714 0.298971181807275 0.749398006949096 255 0 0 255 
0.415336122845796 0.372773480896611 0.703785677664 255 0 0 255 
-0.418473396834173 0.161405217336771 0.834418448687027 255 0 0 255 
-0.35578558267806 0.153916825056523 0.839046529637313 255 0 0 255 
-0.439364974125774 0.216100076764779 0.800615166550621 255 0 0 255 
0.259512986301173 0.320836861075603 0.735884273972713 255 0 0 255 
0.558987070715575 0.529274791442401 0.6070625484628 255 0 0 255 
0.529274791442402 0.6070625484628 0.558987070715575 255 0 0 255 
-0.481308189018426 0.547659632319275 0.595700091923134 255 0 0 255 
-0.540623872241524 0.481199313695176 0.636774827735974 255 0 0 255 
-0.42907398480945 0.502583632738413 0.623558591740982 255 0 0 255 
-0.461147651031612 0.435078275632866 0.665279196854909 255 0 0 255 
-0.248257293795506 0.534104087663625 0.604077879256339 255 0 0 255 
0.283397427594078 0.414055738125527 0.678271839564207 255 0 0 255 
0.540623872241524 0.481199313695176 0.636774827735974 255 0 0 255 
0.461400845589811 0.435195520280364 0.665206735677757 255 0 0 255 
0.521231609648297 0.430429711107342 0.66815216773058 255 0 0 255 
-0.558987070715575 0.529274791442401 0.6070625484628 255 0 0 255 
-0.47859820537625 0.63838240108549 0.539630337272115 255 0 0 255 
-0.577350269189626 0.577350269189626 0.577350269189626 255 0 0 255 
-0.527974237282938 0.607866335137558 0.55849030323087 255 0 0 255 
-0.399257811949332 0.586858022634894 0.571474154403796 255 0 0 255 
-0.144078672023067 0.62540056467398 0.547653553410818 255 0 0 255 
0.205708053128303 0.583634933767918 0.573466132872369 255 0 0 255 
0.577350269189626 0.577350269189626 0.577350269189626 255 0 0 255 
-0.426549112196603 0.670550509754123 0.5197493527611 255 0 0 255 
-0.521231609648297 0.430429711107343 0.66815216773058 255 0 0 255 
0.430365095828615 0.668192102169026 0.521206928808015 255 0 0 255 
0.27248050112726 0.351404239278849 0.716992595297601 255 0 0 255 
-0.0727120940600321 0.650806584991168 0.531951769336007 255 0 0 255 
-0.501839347055069 0.37966010851951 0.699529507725185 255 0 0 255 
0.501839347055069 0.379660108519509 0.699529507725186 255 0 0 255 
0.481200051353222 0.325625730868214 0.732924589674634 255 0 0 255 
-0.362182610213244 0.270897706964354 0.766748368584336 255 0 0 255 
-0.313875284880662 0.219982331896243 0.798215800926377 255 0 0 255 
-0.259653762622774 0.147523586357633 0.842997768451418 255 0 0 255 
-0.164077321559012 0.151588224238229 0.840485684089249 255 0 0 255 
0.363458718587794 0.27284609940182 0.765544195834559 255 0 0 255 
0.439364974125772 0.216100076764774 0.800615166550624 255 0 0 255 
0.354387233125578 0.15621144616693 0.837628375799778 255 0 0 255 
-0.460560755651376 0.271591353216922 0.76631967162408 255 0 0 255 
0.460560755651375 0.271591353216919 0.766319671624082 255 0 0 255 
-0.23608724121743 0.0369019176532515 0.911365719602956 255 0 0 255 
-0.175602903116325 -1.63675323353462E-16 0.934172358962716 255 0 0 255 
-0.19641270883987 0.0758282905380566 0.887307898101395 255 0 0 255 
-0.397581819542571 0.106710357908763 0.868221730823434 255 0 0 255 
-0.377201954657831 0.0533551789543814 0.901197044893075 255 0 0 255 
9.74279857443543E-05 0.0727197435972665 0.889229085766427 255 0 0 255 
0.00519805748837322 -1.02710900295289E-16 0.934172358962716 255 0 0 255 
-0.04376856516363 0.0389897833824724 0.910075347618352 255 0 0 255 
-0.0847622554910951 -1.12521019054385E-16 0.934172358962716 255 0 0 255 
0.39758181954257 0.106710357908759 0.868221730823436 255 0 0 255 
0.418473396834171 0.161405217336766 0.83441844868703 255 0 0 255 
0.0861248404381321 0.840682044631489 0.414602281648699 255 0 0 255 
0.0533551789543856 0.901197044893072 0.377201954657832 255 0 0 255 
0.106710357908771 0.868221730823429 0.397581819542575 255 0 0 255 
0.0479748729275287 0.0382836224748375 0.910511779060797 255 0 0 255 
0.0940211761829768 -7.22269734397987E-17 0.934172358962716 255 0 0 255 
-0.138096339521208 0.0397669201176699 0.909595050702094 255 0 0 255 
0.37720195465783 0.0533551789543794 0.901197044893076 255 0 0 255 
0.140552995981185 0.0391163625743114 0.909997117375527 255 0 0 255 
-0.0874084908678045 -0.0724768469342071 -0.889379204159952 255 0 0 255 
-0.0847622554910951 1.00697848359246E-16 -0.934172358962716 255 0 0 255 
-0.0406931566068218 -0.0355900710433931 -0.912176485395875 255 0 0 255 
-0.189676753828237 -0.0827761938447846 -0.883013857707289 255 0 0 255 
-0.304751452212563 -0.0717973365730631 -0.889799164658847 255 0 0 255 
-0.234150051002061 -0.0386433826044619 -0.910289435072892 255 0 0 255 
-0.175602903116325 1.29715700074586E-16 -0.934172358962716 255 0 0 255 
0.00420005588374945 -0.0698839498593682 -0.890981702681533 255 0 0 255 
0.00519805748837322 9.93992646687354E-17 -0.934172358962716 255 0 0 255 
0.0497798079527134 -0.035086472102171 -0.912487726658249 255 0 0 255 
0.192471683455299 -0.0724678947312623 -0.889384736925646 255 0 0 255 
0.181927184254156 1.74185563164629E-17 -0.934172358962716 255 0 0 255 
0.236846400384461 -0.0359274103989855 -0.911967998208376 255 0 0 255 
-0.26656909485112 1.85608420219281E-16 -0.934172358962716 255 0 0 255 
0.0940211761829768 7.16786572034673E-17 -0.934172358962716 255 0 0 255 
0.0956997474661259 -0.0704629502551527 -0.890623860757438 255 0 0 255 
0.35682208977309 -8.64357804850572E-18 -0.934172358962716 255 0 0 255 
0.376731485639692 -0.0521234750742414 -0.901958279755076 255 0 0 255 
0.303611766813949 -0.0712423022985794 -0.890142194705399 255 0 0 255 
0.141030045945726 -0.0357324956933433 -0.91208846212137 255 0 0 255 
0.269374637013623 -9.23720594193945E-18 -0.934172358962716 255 0 0 255 
0.396979994356706 -0.105134759116882 -0.86919550442945 255 0 0 255 
-0.228082519669845 -0.560905469236924 -0.587513714499628 255 0 0 255 
-0.274804743562498 -0.54061239048636 -0.600055526902815 255 0 0 255 
-0.248266637660027 -0.53408965732862 -0.604086797693842 255 0 0 255 
-0.355209493780153 -0.150748182311604 -0.841004858551879 255 0 0 255 
-0.41699807866471 -0.157542784224896 -0.836805563629439 255 0 0 255 
-0.396526268064148 -0.103946888261375 -0.869929648992398 255 0 0 255 
-0.262382744368865 -0.146292327873903 -0.8437587280433 255 0 0 255 
-0.313128208881517 -0.213771607289256 -0.802054239828261 255 0 0 255 
-0.437469889265272 -0.211138680188418 -0.803681478266479 255 0 0 255 
-0.192408527557727 -0.151765154964437 -0.840376334886799 255 0 0 255 
-0.219121751410708 -0.20689602151146 -0.806303585531504 255 0 0 255 
-0.164515347885699 -0.180437172854371 -0.822656053304774 255 0 0 255 
-0.126346040295124 -0.142424058737668 -0.846149449847125 255 0 0 255 
-0.0402182568960229 -0.137852251715647 -0.84897498197674 255 0 0 255 
-0.0808862588440248 -0.186700128239808 -0.818785334007214 255 0 0 255 
-0.155392184694322 -0.216138959352355 -0.800591135790259 255 0 0 255 
0.0470425172264219 -0.137720039267111 -0.849056693763671 255 0 0 255 
0.00183335008702837 -0.176678685279932 -0.824978926372094 255 0 0 255 
0.141352531808675 -0.142350734170366 -0.846194766921928 255 0 0 255 
0.0833699430411466 -0.187339775744619 -0.818390010107705 255 0 0 255 
0.246833564827125 -0.151560284265908 -0.840502951941788 255 0 0 255 
0.18619601668321 -0.189651808755991 -0.816961095123618 255 0 0 255 
0.156938264891063 -0.217007295869595 -0.800054474308522 255 0 0 255 
0.137853935730063 -0.187252874681017 -0.818443717918723 255 0 0 255 
0.352833934309725 -0.152725084603005 -0.839783065743356 255 0 0 255 
0.314053653199265 -0.216965329050231 -0.800080411229368 255 0 0 255 
0.196881943364556 -0.22422169982054 -0.795595727458346 255 0 0 255 
0.417501540339337 -0.158860864001103 -0.835990945527859 255 0 0 255 
0.438023086321967 -0.212586968885324 -0.802786386626269 255 0 0 255 
-0.258196943396151 -0.31832642543261 -0.73743580852884 255 0 0 255 
-0.254485623371804 -0.277968596803481 -0.762378318333049 255 0 0 255 
-0.239774828014646 -0.289212995189202 -0.755428897947679 255 0 0 255 
-0.297413881119089 -0.272963256542559 -0.765471788739557 255 0 0 255 
-0.260198613344949 -0.246823345590817 -0.781627142170629 255 0 0 255 
0.0267908973771329 -0.717561372965172 -0.4906950414562 255 0 0 255 
-0.0261704907667931 -0.708538646006657 -0.496271393387772 255 0 0 255 
0.00231341662300148 -0.679646650653823 -0.514127628518627 255 0 0 255 
0.0419805853369121 -0.656216183537341 -0.528608453568886 255 0 0 255 
-0.0284303334489321 -0.771352510682877 -0.457450290053132 255 0 0 255 
-0.129307956928328 -0.184962198957271 -0.819859433373202 255 0 0 255 
-0.0968211509042041 -0.717071451003287 -0.490997829880479 255 0 0 255 
-0.0347052834809636 -0.657061244728218 -0.528086177030574 255 0 0 255 
-0.216843601941627 -0.262517245807127 -0.771927778420445 255 0 0 255 
-0.188103699600481 -0.237424144773973 -0.787436167742549 255 0 0 255 
-0.49997140338873 -0.374769768511964 -0.702551904066392 255 0 0 255 
-0.479148477220816 -0.320254640059136 -0.736244106351306 255 0 0 255 
-0.411264585797935 -0.364932832739838 -0.708631464718715 255 0 0 255 
-0.338373620683824 -0.319348776908577 -0.736803960567507 255 0 0 255 
-0.360099307335566 -0.261541558238597 -0.772530786500653 255 0 0 255 
-0.280219366013624 -0.381581187476392 -0.698342215635193 255 0 0 255 
-0.331515298113574 -0.377899086188001 -0.700617879381005 255 0 0 255 
-0.296013775965167 -0.349293100600439 -0.718297350755808 255 0 0 255 
0.264145229948696 -0.249268689300269 -0.780115836644012 255 0 0 255 
0.298462334847894 -0.274159956859372 -0.764732187269419 255 0 0 255 
0.255115418651211 -0.278251039600109 -0.762203759084856 255 0 0 255 
0.360761391498745 -0.262938218274692 -0.771667603127617 255 0 0 255 
0.338707506291121 -0.319599836253909 -0.736648797358899 255 0 0 255 
0.279894261063058 -0.379804494105411 -0.699440272526877 255 0 0 255 
0.33165292073447 -0.37716493076538 -0.70107161238521 255 0 0 255 
0.306763652905356 -0.410124190819701 -0.680701669427593 255 0 0 255 
0.41456037683348 -0.291379000324626 -0.75409023315413 255 0 0 255 
0.411598634318889 -0.365069073636401 -0.708547263213982 255 0 0 255 
0.458764654636727 -0.266889099713343 -0.76922582411301 255 0 0 255 
0.479506222951487 -0.321191230541362 -0.735665261599751 255 0 0 255 
0.295926742863952 -0.348550218159894 -0.71875647735371 255 0 0 255 
0.500194776332758 -0.375354566471598 -0.702190479050787 255 0 0 255 
0.0861393209839029 -0.840675388054114 -0.414606395639766 255 0 0 255 
0.106710357908771 -0.868221730823429 -0.397581819542574 255 0 0 255 
0.0533551789543852 -0.901197044893073 -0.377201954657832 255 0 0 255 
-0.458309183243044 -0.265696660123777 -0.769962792308893 255 0 0 255 
-0.414110936728129 -0.290485470264175 -0.754642465101459 255 0 0 255 
0.257989576571943 -0.317937762737516 -0.737676015284611 255 0 0 255 
-0.119399718720681 -0.199111117679953 -0.811114920698493 255 0 0 255 
0.121412922226217 -0.199914758864476 -0.81061824313178 255 0 0 255 
0.237315013994457 -0.215519292470561 -0.80097411098458 255 0 0 255 
0.0430600610789831 -0.17947231188975 -0.823252370175301 255 0 0 255 
-0.0732145888880875 -0.836494698254564 -0.417190204032308 255 0 0 255 
0.00771240191467764 -0.852444373835826 -0.407332762413554 255 0 0 255 
-0.176201221824575 -0.606623552087757 -0.55925838539754 255 0 0 255 
-0.223086239928629 -0.639995998792121 -0.538633079045248 255 0 0 255 
-0.216244764568081 -0.599187303697319 -0.563854239650367 255 0 0 255 
-0.249933607436298 -0.603186674745582 -0.561382492408918 255 0 0 255 
-0.301343042449307 -0.583728902256199 -0.573408057152719 255 0 0 255 
-0.280910781402156 -0.632115184786619 -0.543503689959665 255 0 0 255 
-0.285572119004135 -0.689543538591545 -0.508011015390266 255 0 0 255 
-0.332210969124702 -0.519092815376471 -0.613355355744183 255 0 0 255 
-0.109592825038988 -0.640122771718072 -0.538554729068939 255 0 0 255 
-0.162205583525888 -0.648038855113249 -0.533662320472159 255 0 0 255 
-0.144247246737424 -0.625315850581901 -0.547705909599047 255 0 0 255 
-0.281709081570063 -0.444311732966108 -0.659572606389216 255 0 0 255 
-0.356547494670677 -0.44074934151483 -0.661774285387416 255 0 0 255 
-0.306672945550215 -0.411489277888122 -0.679857999221706 255 0 0 255 
-0.27176349533713 -0.349310046213937 -0.718286877790737 255 0 0 255 
-0.459183905766963 -0.431022890900174 -0.667785562457171 255 0 0 255 
-0.519812375067346 -0.426714106736404 -0.670448537520568 255 0 0 255 
-0.539653346745961 -0.478658444960843 -0.638345170974744 255 0 0 255 
-0.427854012220734 -0.500312820836902 -0.624962030678174 255 0 0 255 
-0.264120548908609 -0.505245108233892 -0.621913709424206 255 0 0 255 
-0.301968599839174 -0.476933238562609 -0.639411407166461 255 0 0 255 
-0.27525490492182 -0.475267194721541 -0.640441078886961 255 0 0 255 
0.357026726964442 -0.439841771617527 -0.662335194431115 255 0 0 255 
0.45954103583048 -0.430952381414659 -0.667829139715748 255 0 0 255 
0.428759668924082 -0.499550920648321 -0.625432910890752 255 0 0 255 
0.519953728258489 -0.427084174195234 -0.67021982325288 255 0 0 255 
0.539712680184219 -0.478813781918871 -0.638249167454974 255 0 0 255 
-0.426549112196605 -0.670550509754122 -0.519749352761101 255 0 0 255 
-0.34461889819241 -0.644120809547648 -0.536083805801172 255 0 0 255 
-0.374500019016959 -0.702718618422753 -0.499868368250086 255 0 0 255 
-0.39883782661972 -0.586067746179141 -0.57196257211396 255 0 0 255 
-0.47859820537625 -0.63838240108549 -0.539630337272115 255 0 0 255 
-0.19053421629446 -0.701275765253327 -0.500760100549567 255 0 0 255 
-0.129571751331253 -0.674899192247226 -0.51706171917408 255 0 0 255 
-0.088704797035204 -0.667986877458416 -0.521333764654504 255 0 0 255 
0.10297871618269 -0.708469151946964 -0.496314343078678 255 0 0 255 
0.114654549590405 -0.63826804400346 -0.539701013835057 255 0 0 255 
0.165956608456264 -0.645427374496933 -0.535276304254004 255 0 0 255 
0.134282243271658 -0.670960071578575 -0.519496229633094 255 0 0 255 
0.33341013946777 -0.517696992652122 -0.6142180216301 255 0 0 255 
0.264780026770255 -0.50379027925649 -0.622812843180563 255 0 0 255 
0.302567775947203 -0.475533066643496 -0.640276761002566 255 0 0 255 
0.0945842361160416 -0.664645672213212 -0.523398743059429 255 0 0 255 
0.148231653418346 -0.623274264380368 -0.54896767926252 255 0 0 255 
0.303542755453146 -0.581779752513991 -0.574612697942567 255 0 0 255 
0.34803067389976 -0.64171282131261 -0.537572024374935 255 0 0 255 
0.283985639964209 -0.629698059545195 -0.54499755551393 255 0 0 255 
0.193236970588141 -0.697989946790518 -0.502790848040445 255 0 0 255 
0.22617908973458 -0.637470234145473 -0.54019408744446 255 0 0 255 
0.289737438555705 -0.686533890248646 -0.509871080360363 255 0 0 255 
0.430365095828614 -0.668192102169027 -0.521206928808015 255 0 0 255 
0.379530877962052 -0.699609376602079 -0.501789985374505 255 0 0 255 
0.401021907146626 -0.584463528032267 -0.572954033454098 255 0 0 255 
0.481845008927405 -0.545537016777936 -0.597011940472729 255 0 0 255 
0.481199313695177 -0.636774827735974 -0.540623872241525 255 0 0 255 
-0.558501807967793 -0.528004357075234 -0.607847720082185 255 0 0 255 
-0.480689039786092 -0.546285154027522 -0.596549566224235 255 0 0 255 
-0.203920233981057 -0.585224823625234 -0.572483526902155 255 0 0 255 
0.276170498998385 -0.538919109667388 -0.601102032001438 255 0 0 255 
0.229740771888437 -0.558973371965999 -0.588707816281377 255 0 0 255 
0.249378801412315 -0.53235515194831 -0.605158780972543 255 0 0 255 
0.558531474686922 -0.528082025554249 -0.6077997183223 255 0 0 255 
-0.35682208977309 1.85735615067159E-16 -0.934172358962716 255 0 0 255 
0.0680732915477916 -0.781142308303134 -0.45139986238083 255 0 0 255 
-2.38212769822221E-16 -0.934172358962716 -0.35682208977309 255 0 0 255 
-0.157378454002934 -0.836907125291991 -0.416935310105299 255 0 0 255 
-0.10387225309847 -0.86997577605983 -0.396497759968674 255 0 0 255 
-0.210884654907397 -0.803838474524152 -0.437372860241924 255 0 0 255 
-0.17106895405704 -0.769240805047021 -0.458755395910325 255 0 0 255 
0.161902042993376 -0.770766665874757 -0.457812362056682 255 0 0 255 
0.216419079028535 -0.800418012309132 -0.439486822148041 255 0 0 255 
0.161564718468653 -0.83431987156628 -0.418534320845308 255 0 0 255 
-0.265412515050458 -0.77013840362194 -0.458200649482772 255 0 0 255 
-0.319940375193519 -0.736438332719727 -0.479028438723621 255 0 0 255 
-0.105382733182784 -0.786213610587433 -0.448265625201908 255 0 0 255 
-0.376674178918619 -0.0519734441306873 -0.902051003977557 255 0 0 255 
0.27162162379134 -0.76630096338023 -0.460572317981945 255 0 0 255 
0.325576250876696 -0.732955169991155 -0.481181151678225 255 0 0 255 
-0.0399629529602505 -0.17908224055701 -0.823493447517012 255 0 0 255 
0.00367141165163407 -0.658855284283657 -0.526977399607943 255 0 0 255 
-0.0728327606214948 -0.650779316175716 -0.53196862239079 255 0 0 255 
0.215779491512235 -0.261448132550371 -0.772588526752706 255 0 0 255 
0.281919456401403 -0.442642633547234 -0.660604166560714 255 0 0 255 
0.275702530132146 -0.47369365614415 -0.641413579210403 255 0 0 255 
0.079024914734952 -0.649314599655072 -0.532873866984372 255 0 0 255 
0.179155144134454 -0.604601686082852 -0.560507967307881 255 0 0 255 
0.218742625360696 -0.597046360591064 -0.565177415258012 255 0 0 255 
0.252438242177855 -0.600993599505255 -0.562737887447326 255 0 0 255 
0.206199567417618 -0.583192706634589 -0.573739444271477 255 0 0 255 
0.188180692203395 -0.237482273485444 -0.787400242223112 255 0 0 255 
0.283324691286984 -0.411167176386843 -0.680057068897338 255 0 0 255 
0.271389241582747 -0.348244119261529 -0.718945656876863 255 0 0 255 
0.529274791442401 -0.6070625484628 -0.558987070715575 255 0 0 255 
-0.283373331101602 -0.412905060512229 -0.678982997439341 255 0 0 255 
0.239200275943632 -0.288440845473304 -0.755906112716442 255 0 0 255 
0.119419901346482 -0.80672640682704 -0.43558801992153 255 0 0 255 
-0.0519361265492353 -0.902074067511273 -0.376659924870882 255 0 0 255 
-0.134362600825865 -0.0388132601947479 -0.910184444948168 255 0 0 255 
0.577350269189626 -0.577350269189626 -0.577350269189626 255 0 0 255 
-0.577350269189626 -0.577350269189626 -0.577350269189626 255 0 0 255 
-0.527974237282938 -0.607866335137558 -0.55849030323087 255 0 0 255 
-0.397541114815552 0.106603791549924 -0.868287592455254 255 0 0 255 
-0.305760530219264 0.0714312234761226 -0.890025434996483 255 0 0 255 
-0.377181602294321 0.0533018957749621 -0.901229975708985 255 0 0 255 
0.00519805748837322 9.93992646687354E-17 -0.934172358962716 255 0 0 255 
9.57978540391E-05 0.0726551804996426 -0.889268987955178 255 0 0 255 
0.0479941123661109 0.0382390921287186 -0.910539300328229 255 0 0 255 
-0.196435254323277 0.0754739201949824 -0.88752691101802 255 0 0 255 
-0.236091945627496 0.0367262859177763 -0.911474265984983 255 0 0 255 
-0.0956554805536414 0.0830845787103172 -0.882823265378774 255 0 0 255 
-0.0847622554910951 1.00697848359246E-16 -0.934172358962716 255 0 0 255 
-0.138113973371085 0.0396396247263249 -0.909673723580556 255 0 0 255 
-0.175602903116325 1.29715700074586E-16 -0.934172358962716 255 0 0 255 
0.377201954657832 0.0533551789543849 -0.901197044893073 255 0 0 255 
0.35682208977309 -8.64357804850572E-18 -0.934172358962716 255 0 0 255 
0.304574780666378 0.0728811765835418 -0.889129314694004 255 0 0 255 
-0.043780970175581 0.03893493980249 -0.910109242814846 255 0 0 255 
0.0926614179390544 0.0803011880152317 -0.884543495432307 255 0 0 255 
0.0940211761829768 7.16786572034673E-17 -0.934172358962716 255 0 0 255 
0.193745123512433 0.0757534837140753 -0.887354131261205 255 0 0 255 
0.181927184254156 1.74185563164629E-17 -0.934172358962716 255 0 0 255 
0.140588725472155 0.0390136679323267 -0.910060586154736 255 0 0 255 
0.397581819542574 0.10671035790877 -0.86822173082343 255 0 0 255 
-0.26656909485112 1.85608420219281E-16 -0.934172358962716 255 0 0 255 
-0.249459353419676 0.603272890985518 -0.561329207842255 255 0 0 255 
-0.221945424755905 0.639947527631804 -0.538663035869799 255 0 0 255 
-0.215891851343382 0.599225015900265 -0.563830932227156 255 0 0 255 
-0.176184210109108 0.606635036483094 -0.559251287649289 255 0 0 255 
-0.28030135341171 0.632207666585959 -0.543446533064332 255 0 0 255 
-0.284608964463275 0.689561726967627 -0.507999774355647 255 0 0 255 
-0.274736857258089 0.540870511935654 -0.599895999073926 255 0 0 255 
-0.301154261656574 0.583986878808743 -0.573248618874947 255 0 0 255 
-0.228003337049907 0.560996728533579 -0.587457313152738 255 0 0 255 
-0.26403159746009 0.505439215305383 -0.62179374465671 255 0 0 255 
-0.332319751054099 0.519699181247156 -0.612980601026481 255 0 0 255 
-0.248175339069776 0.534230555783873 -0.6039997176595 255 0 0 255 
0.333122760768944 0.519658745174232 -0.61300559189392 255 0 0 255 
0.263771939745085 0.506003017986477 -0.621445295437 255 0 0 255 
0.275423141273392 0.540565238365131 -0.600084668516376 255 0 0 255 
0.217687482540576 0.598424713385754 -0.564325546382406 255 0 0 255 
0.228834888245211 0.560033838864794 -0.588052411693803 255 0 0 255 
0.204989730869049 0.584277224496838 -0.573069175371252 255 0 0 255 
0.225320563421751 0.63966178202068 -0.538839636369609 255 0 0 255 
0.251670358527881 0.602491572034933 -0.561812089509772 255 0 0 255 
0.177621053193898 0.605658632435776 -0.559854738536749 255 0 0 255 
0.28346434873946 0.631178889252969 -0.544082352422975 255 0 0 255 
0.248342452634871 0.533972484988961 -0.604159214182292 255 0 0 255 
0.289476663022387 0.687970272382161 -0.508983347381017 255 0 0 255 
0.00677592068293461 0.176742548974193 -0.824939456439457 255 0 0 255 
-0.0384512772963879 0.139095125965224 -0.848206843446759 255 0 0 255 
-0.0358257427918337 0.178607436468968 -0.823786892581473 255 0 0 255 
-0.0776158933871701 0.185889928658198 -0.819286064885723 255 0 0 255 
-0.099637623046198 0.147753710847489 -0.842855543695044 255 0 0 255 
-0.1223066194821 0.179573716904732 -0.82318969842944 255 0 0 255 
0.237405542194903 0.0371584910011318 -0.911207148553359 255 0 0 255 
0.297163504620574 0.35204880830124 -0.716594229733653 255 0 0 255 
0.259923767071423 0.321636544411384 -0.735390042491394 255 0 0 255 
0.272608666227994 0.351786172405826 -0.716756547643697 255 0 0 255 
0.280484629493916 0.383099855706948 -0.697403627050021 255 0 0 255 
0.332528308254217 0.380487040636615 -0.699018435570425 255 0 0 255 
-0.355780076068812 0.153033519402026 -0.839592442554247 255 0 0 255 
0.174018521865598 0.773447222612912 -0.45615568688373 255 0 0 255 
0.0961957854113644 0.729600209901855 -0.483254631044312 255 0 0 255 
0.105297938598639 0.806571559936604 -0.435683720562871 255 0 0 255 
-0.259663424427503 0.14631130673762 -0.843746998460455 255 0 0 255 
-0.164159144389912 0.151125831098277 -0.840771458765905 255 0 0 255 
0.0327038982117837 0.128932819756809 -0.854487494087644 255 0 0 255 
-0.185823190047153 0.701210291422003 -0.500800565602699 255 0 0 255 
-0.161347607516179 0.647518127721583 -0.533984147699082 255 0 0 255 
0.149033420642894 0.146281001587847 -0.843765728073049 255 0 0 255 
0.250023932135485 0.154640197855735 -0.838599460660862 255 0 0 255 
0.354442729892128 0.155432315292283 -0.838109905161994 255 0 0 255 
-0.41848651121221 0.161439551224214 -0.834397229177622 255 0 0 255 
-0.439431907608868 0.216275310898504 -0.80050686589999 255 0 0 255 
-0.313797060677404 0.216140194612992 -0.80059037235687 255 0 0 255 
-0.222048652556916 0.210663537376453 -0.803975132673784 255 0 0 255 
-0.153366956339751 0.215020046916446 -0.801282661705977 255 0 0 255 
0.0831079271571432 0.141536190257218 -0.846698182745583 255 0 0 255 
0.0520333488621703 0.163267118876128 -0.833267730251999 255 0 0 255 
0.191053180562996 0.192850897108762 -0.814983949788592 255 0 0 255 
0.161744094658288 0.219786513388371 -0.798336823419424 255 0 0 255 
0.143534249383886 0.189987108501923 -0.816753868484213 255 0 0 255 
0.316454704014982 0.220378361908467 -0.797971040918258 255 0 0 255 
0.300691542264928 0.27777760785627 -0.762496355993901 255 0 0 255 
0.267060494465582 0.252841963791357 -0.777907431557387 255 0 0 255 
0.418534320845307 0.161564718468652 -0.834319871566281 255 0 0 255 
0.43948682214804 0.216419079028533 -0.800418012309132 255 0 0 255 
0.113111184639798 0.63884410296785 -0.53934498981693 255 0 0 255 
0.164311859304088 0.648435511487522 -0.533417173351004 255 0 0 255 
0.146668980139231 0.62408401365963 -0.5484672266856 255 0 0 255 
-0.36110758341866 0.264395931962029 -0.770766686522977 255 0 0 255 
-0.297781619929681 0.274192241976344 -0.764712233969799 255 0 0 255 
0.201119117908184 0.227507465476574 -0.793565012603849 255 0 0 255 
0.192466844639913 0.240786609726751 -0.78535805011578 255 0 0 255 
0.12673300092544 0.202118307374375 -0.809256375256782 255 0 0 255 
0.219468014253653 0.265208970831224 -0.770264200868188 255 0 0 255 
0.240863240556814 0.218904642828646 -0.798881849399457 255 0 0 255 
0.362612736280448 0.266634556433286 -0.769383140511693 255 0 0 255 
-0.460354247663065 0.271050708284576 -0.766653808568115 255 0 0 255 
-0.415583504652406 0.294403942646609 -0.752220715985137 255 0 0 255 
-0.215924168568069 0.261592750673254 -0.772499147836832 255 0 0 255 
-0.260766342967905 0.248110633929222 -0.780831554224174 255 0 0 255 
-0.254280213107454 0.277964445007409 -0.762380884284136 255 0 0 255 
-0.280140963377715 0.381144640238627 -0.698612016664081 255 0 0 255 
-0.331888048289275 0.37885481037455 -0.700027209349848 255 0 0 255 
-0.306818776640249 0.411746838842782 -0.679698817797551 255 0 0 255 
-0.356974130804332 0.441912910361994 -0.661055160291618 255 0 0 255 
-0.186663759891021 0.236344790540478 -0.788103245344748 255 0 0 255 
0.257824756368274 0.281940542033234 -0.759923521179609 255 0 0 255 
0.24197972958976 0.292237930082274 -0.753559385369986 255 0 0 255 
0.340271947774172 0.323234575101224 -0.734402405211029 255 0 0 255 
0.460572317981944 0.271621623791339 -0.766300963380231 255 0 0 255 
0.416158460918971 0.295363305028459 -0.751627797425625 255 0 0 255 
0.481181151678225 0.325576250876695 -0.732955169991155 255 0 0 255 
0.41282531500864 0.368694163040855 -0.706306834749772 255 0 0 255 
-0.481276587717263 0.325826105670648 -0.732800751236241 255 0 0 255 
-0.412386927277208 0.367907434277999 -0.706793059865144 255 0 0 255 
-0.501809375383301 0.379581641664122 -0.699578002908805 255 0 0 255 
-0.338943774229375 0.320968164785895 -0.735803123818355 255 0 0 255 
-0.296063717406774 0.349448873739416 -0.718201077661386 255 0 0 255 
0.357358244523264 0.442650040237698 -0.66059958897431 255 0 0 255 
0.501789985374505 0.379530877962051 -0.69960937660208 255 0 0 255 
0.0891075501298137 0.188898823050506 -0.817426465883615 255 0 0 255 
-0.281724137690061 0.444195823032766 -0.659644242667415 255 0 0 255 
-0.302058331958635 0.477311773143741 -0.639177459929405 255 0 0 255 
-0.275242042784591 0.475311735771193 -0.640413551004455 255 0 0 255 
0.00180121617751056 0.719500621950648 -0.489496519670527 255 0 0 255 
0.0467482022525946 0.691235943500034 -0.506965051634093 255 0 0 255 
0.0110889503345334 0.676582953937441 -0.516021097220573 255 0 0 255 
-0.0360163728189634 0.656921006618926 -0.528172848948606 255 0 0 255 
0.0840559346947708 0.674106388766743 -0.517551698671418 255 0 0 255 
0.130137388534797 0.678891819257775 -0.51459413997716 255 0 0 255 
0.193011985895054 0.703472718583371 -0.499402308719902 255 0 0 255 
-0.145141411955083 0.62486426486665 -0.547985004919863 255 0 0 255 
-0.00583865257858228 0.855762331313381 -0.405282151919198 255 0 0 255 
-0.0862852636250997 0.837314309691536 -0.416683656306691 255 0 0 255 
-0.0519361265492355 0.902074067511273 -0.376659924870882 255 0 0 255 
0.303043664972848 0.583158104810997 -0.573760829374546 255 0 0 255 
0.269374637013623 -9.23720594193945E-18 -0.934172358962716 255 0 0 255 
-0.46023254143942 0.433804460511426 -0.666066457895343 255 0 0 255 
-0.257794777518196 0.317574309324306 -0.737900641846319 255 0 0 255 
0.307065237669731 0.413195138374025 -0.678803719461352 255 0 0 255 
0.281553753126737 0.445478899878055 -0.65885125756701 255 0 0 255 
0.460488377838789 0.434017318103339 -0.665934904668777 255 0 0 255 
-0.521223247541131 0.430407818826565 -0.668165697904192 255 0 0 255 
-0.54063711969896 0.481233995989007 -0.636753392899579 255 0 0 255 
-0.428364265529029 0.501782899376907 -0.624053472174319 255 0 0 255 
0.302156155386424 0.478004596859926 -0.63874927132459 255 0 0 255 
0.429125921076783 0.501664417855643 -0.624126697781499 255 0 0 255 
0.521206928808015 0.430365095828613 -0.668192102169027 255 0 0 255 
0.540623872241525 0.481199313695176 -0.636774827735974 255 0 0 255 
0.400978566957183 0.585565203478547 -0.572273160583726 255 0 0 255 
-0.481102322400242 0.547456248450063 -0.59582579006707 255 0 0 255 
-0.344338762763118 0.644269308536101 -0.535992028379013 255 0 0 255 
0.0344929392929227 0.78957304290466 -0.446189381846957 255 0 0 255 
0.0588036424664821 0.844265261212252 -0.412387732012736 255 0 0 255 
0.347809869580424 0.642612324782629 -0.537016100657464 255 0 0 255 
0.482182948937249 0.546895710841548 -0.596172221361105 255 0 0 255 
-0.558993694444293 0.529292132589317 -0.607051831044602 255 0 0 255 
-0.478598205376251 0.63838240108549 -0.539630337272115 255 0 0 255 
-0.527974237282938 0.607866335137558 -0.558490303230871 255 0 0 255 
-0.577350269189626 0.577350269189626 -0.577350269189626 255 0 0 255 
-0.398918326952678 0.586589813209592 -0.571639916944736 255 0 0 255 
0.558987070715575 0.529274791442401 -0.6070625484628 255 0 0 255 
0.481199313695178 0.636774827735973 -0.540623872241525 255 0 0 255 
0.577350269189626 0.577350269189626 -0.577350269189626 255 0 0 255 
0.529274791442402 0.6070625484628 -0.558987070715575 255 0 0 255 
-0.426549112196605 0.670550509754121 -0.519749352761101 255 0 0 255 
-0.37450001901696 0.702718618422752 -0.499868368250087 255 0 0 255 
-0.12746363574897 0.673025795762237 -0.518219541876208 255 0 0 255 
-0.0906008011644168 0.710850200238854 -0.494842774305436 255 0 0 255 
-0.0880188106268968 0.666124685367301 -0.522484662660394 255 0 0 255 
0.0405988608483806 0.656389255340354 -0.528501489312229 255 0 0 255 
0.00231246863123347 0.658867487753656 -0.526969857448694 255 0 0 255 
0.430365095828615 0.668192102169026 -0.521206928808015 255 0 0 255 
0.379530877962053 0.699609376602078 -0.501789985374506 255 0 0 255 
-0.31994037519352 0.736438332719727 -0.479028438723621 255 0 0 255 
-0.265412515050459 0.770138403621939 -0.458200649482772 255 0 0 255 
-0.149383801203498 0.777428284859522 -0.453695255103996 255 0 0 255 
-0.0493022943178776 0.781738273113221 -0.451031535872097 255 0 0 255 
0.271621623791342 0.766300963380229 -0.460572317981945 255 0 0 255 
0.325576250876697 0.732955169991154 -0.481181151678226 255 0 0 255 
-0.210884654907398 0.803838474524151 -0.437372860241924 255 0 0 255 
-0.157378454002934 0.83690712529199 -0.416935310105299 255 0 0 255 
0.216419079028536 0.800418012309131 -0.439486822148041 255 0 0 255 
0.161564718468654 0.83431987156628 -0.418534320845308 255 0 0 255 
-0.103872253098471 0.869975776059829 -0.396497759968674 255 0 0 255 
-2.38199217295065E-16 0.934172358962716 -0.35682208977309 255 0 0 255 
0.106710357908771 0.868221730823429 -0.397581819542574 255 0 0 255 
-0.35682208977309 1.85735615067159E-16 -0.934172358962716 255 0 0 255 
-0.116753755901761 0.198079660029585 -0.811752396584277 255 0 0 255 
0.0533551789543855 0.901197044893072 -0.377201954657832 255 0 0 255 
-0.271550934931481 0.348702446227798 -0.718662395233702 255 0 0 255 
0.283401027359172 0.414259842448061 -0.678145696155665 255 0 0 255 
-0.11152783886226 0.639425460210363 -0.538985691280535 255 0 0 255 
0.0775438477851748 0.649676665000374 -0.532650098294784 255 0 0 255 
-0.0744854045398746 0.650400964006134 -0.532202456891197 255 0 0 255 
0.0484712847574636 0.180225488210427 -0.822786881609659 255 0 0 255 
0.274973853176741 0.476232268060663 -0.639844630761768 255 0 0 255 
-0.20386637743928 0.585272269314434 -0.572454203853656 255 0 0 255 
-0.283366514352036 0.41262601246003 -0.679155458620099 255 0 0 255 
-0.23913418169808 0.288352434184488 -0.755960753897952 255 0 0 255 
0.415279474387315 -0.0765005633997366 -0.839586323763474 255 0 0 255 
0.396979994356706 -0.105134759116882 -0.86919550442945 255 0 0 255 
0.376731485639692 -0.0521234750742414 -0.901958279755076 255 0 0 255 
0.397581819542574 0.10671035790877 -0.86822173082343 255 0 0 255 
0.417970358815973 0.0879991377499268 -0.835232381298108 255 0 0 255 
0.377201954657832 0.0533551789543849 -0.901197044893073 255 0 0 255 
0.559418399363697 -0.176584028126394 -0.606364644050994 255 0 0 255 
0.532677924398563 -0.165428377817951 -0.64963164141872 255 0 0 255 
0.547926504517802 -0.144954606401258 -0.624958920505625 255 0 0 255 
0.406539564948625 0.00353070100850116 -0.853727794293871 255 0 0 255 
0.417501540339337 -0.158860864001103 -0.835990945527859 255 0 0 255 
0.457010493069935 -0.172753771365943 -0.772064117149838 255 0 0 255 
0.438023086321967 -0.212586968885324 -0.802786386626269 255 0 0 255 
0.484933846738117 -0.0961322484487118 -0.726883181834836 255 0 0 255 
0.444774837861296 -0.108443788305761 -0.79186182315204 255 0 0 255 
0.449149959845858 -0.0379710135322671 -0.784782727076093 255 0 0 255 
0.35682208977309 -8.64357804850572E-18 -0.934172358962716 255 0 0 255 
0.773348180694864 0.351202324030324 -0.260218986650157 255 0 0 255 
0.802226659753934 0.296903884300117 -0.213492625989179 255 0 0 255 
0.762943511301497 0.282324818942524 -0.277054095370329 255 0 0 255 
0.418534320845307 0.161564718468652 -0.834319871566281 255 0 0 255 
0.45534215026027 0.15287792642146 -0.774763552520763 255 0 0 255 
0.43948682214804 0.216419079028533 -0.800418012309132 255 0 0 255 
0.452623045534436 0.0499560314643078 -0.779163156386132 255 0 0 255 
0.479506222951487 -0.321191230541362 -0.735665261599751 255 0 0 255 
0.458764654636727 -0.266889099713343 -0.76922582411301 255 0 0 255 
0.50120265292249 -0.287299020478821 -0.700559700472135 255 0 0 255 
0.500194776332758 -0.375354566471598 -0.702190479050787 255 0 0 255 
0.818641537866607 -0.0817992073273164 -0.18693279527763 255 0 0 255 
0.844744606944215 -0.134752135048746 -0.144697142303431 255 0 0 255 
0.818601948655913 -0.134102948046352 -0.186996851970178 255 0 0 255 
0.498064992522168 -0.193609658841415 -0.705636541645011 255 0 0 255 
0.490749363650317 -0.000236136798098354 -0.717473477808747 255 0 0 255 
0.519215015266428 0.130484547515118 -0.671415085981966 255 0 0 255 
0.539599610486824 0.114217499205342 -0.638432118068558 255 0 0 255 
0.523222543159472 0.0915356775641274 -0.664930769640157 255 0 0 255 
0.528538450938611 0.0410816887714825 -0.656329450173271 255 0 0 255 
0.495987204533825 0.0935355849487348 -0.708998473231566 255 0 0 255 
0.535044869671654 0.164084537748689 -0.645801843517347 255 0 0 255 
0.502220981962365 0.189049309498725 -0.698912009473887 255 0 0 255 
0.532772682771909 0.0783589563191379 -0.649478319149873 255 0 0 255 
0.528214137306986 -0.0366241814084756 -0.656854200650166 255 0 0 255 
0.507600603321352 -0.0445140246842163 -0.690207599268441 255 0 0 255 
0.516414429665197 -0.00760853082212595 -0.675946528673161 255 0 0 255 
0.517691717164426 -0.0819688081378723 -0.673879834086002 255 0 0 255 
0.532179491996802 -0.0743248434583651 -0.650438121985848 255 0 0 255 
0.53984571620064 0.223628598791496 -0.638033910658676 255 0 0 255 
0.560492437507784 0.179118925269843 -0.604626813827607 255 0 0 255 
0.514431862378311 -0.12955938755582 -0.679154389928327 255 0 0 255 
0.526969593108506 0.00225000000867799 -0.658867915465047 255 0 0 255 
0.538790831068002 -0.110657844533152 -0.639740750656893 255 0 0 255 
0.460572317981944 0.271621623791339 -0.766300963380231 255 0 0 255 
0.573374187388297 0.295605369435933 -0.583783704686226 255 0 0 255 
0.61075014069819 0.323061204451997 -0.52330814186889 255 0 0 255 
0.600147302693668 0.272499535900144 -0.540463894137416 255 0 0 255 
0.565000200206635 0.21755836648075 -0.59733310056751 255 0 0 255 
0.562254554341106 0.249163890572202 -0.601775648899007 255 0 0 255 
0.544365736902463 0.279313715045977 -0.630720363533273 255 0 0 255 
0.588687362119639 0.229712656953625 -0.559006467494858 255 0 0 255 
0.509541232812533 0.287111446924285 -0.68706759479214 255 0 0 255 
0.605136283718143 0.24935568315538 -0.532391553270515 255 0 0 255 
0.59900799516976 -0.268351719719058 -0.542307332434737 255 0 0 255 
0.58762717712877 -0.228241575286837 -0.560721882843131 255 0 0 255 
0.604159390336355 -0.248342636936347 -0.533972199965674 255 0 0 255 
0.571678592316147 -0.282267067142559 -0.586527235144121 255 0 0 255 
0.609638019316232 -0.318769677602286 -0.525107592064514 255 0 0 255 
0.565757282247527 -0.22569601552443 -0.596108116093075 255 0 0 255 
0.537435669785193 -0.237204187503657 -0.641933447673334 255 0 0 255 
0.572626816063253 -0.204182984355187 -0.58499297689233 255 0 0 255 
0.818586820207736 0.0821437001296436 -0.187021330314519 255 0 0 255 
0.848357085989964 0.0450899083466213 -0.138852028423763 255 0 0 255 
0.823367626744437 0.0416087677231343 -0.179285822843596 255 0 0 255 
0.703488038072236 -0.407824630306041 -0.373255071872483 255 0 0 255 
0.656666348519793 -0.34843294554323 -0.449014156979032 255 0 0 255 
0.698247698810069 -0.328092963288887 -0.381734118911251 255 0 0 255 
0.481181151678225 0.325576250876695 -0.732955169991155 255 0 0 255 
0.501789985374505 0.379530877962051 -0.69960937660208 255 0 0 255 
0.771642123568266 0.457271299446381 -0.262979445067741 255 0 0 255 
0.811326302766123 0.432745127886464 -0.198769094309966 255 0 0 255 
0.754616812427265 0.410752199684939 -0.290526977162924 255 0 0 255 
0.806099370926887 -0.223352570803413 -0.207226447682729 255 0 0 255 
0.772337566062835 -0.216185131628928 -0.261854195473846 255 0 0 255 
0.796933471889512 -0.192278761626721 -0.222057183862652 255 0 0 255 
0.841075062617094 -0.232845596895177 -0.150634589747937 255 0 0 255 
0.80214103413991 -0.296670438619254 -0.213631171142977 255 0 0 255 
0.800289774236778 0.156263088224015 -0.216626572586908 255 0 0 255 
0.818474281002649 0.135063257784787 -0.187203422572424 255 0 0 255 
0.810852910503528 0.120466851537622 -0.199535059080896 255 0 0 255 
0.800600840718988 -0.155364021270274 -0.216123256446953 255 0 0 255 
0.787619858658505 -0.187709146041446 -0.237126926628542 255 0 0 255 
0.737075903148833 -0.258505820332912 -0.318908764568916 255 0 0 255 
0.717397814180883 -0.294400526369432 -0.350748581352792 255 0 0 255 
0.718097578260522 -0.271869873264798 -0.349616339287921 255 0 0 255 
0.698342277908675 -0.280219348028434 -0.381581086716179 255 0 0 255 
0.762581789459704 -0.282589281008734 -0.277639373604825 255 0 0 255 
0.755488783343744 -0.239702991999458 -0.289116098582879 255 0 0 255 
0.772757673572254 0.215505064361806 -0.26117444724556 255 0 0 255 
0.806188650407147 0.22378465646722 -0.207081990449171 255 0 0 255 
0.796959157588452 0.192606173999393 -0.222015623528742 255 0 0 255 
0.841055479745684 0.234149583822536 -0.150666275499476 255 0 0 255 
0.737693085927624 0.257974802742263 -0.317910141855607 255 0 0 255 
0.756007814904193 0.239077205611482 -0.288276287876754 255 0 0 255 
0.735627593004909 0.333285430308895 -0.321252179608125 255 0 0 255 
0.718083797174206 0.294191806293444 -0.34963863755389 255 0 0 255 
0.698908959234056 0.328340145585834 -0.380664177069824 255 0 0 255 
0.519953728258489 -0.427084174195234 -0.67021982325288 255 0 0 255 
0.533250013169726 -0.329544878541101 -0.648705982342396 255 0 0 255 
0.569034659403278 -0.368060255454737 -0.590805208461117 255 0 0 255 
0.568203372164847 -0.448219687803939 -0.592150259467313 255 0 0 255 
0.787615157807684 0.187719261540362 -0.237134532764937 255 0 0 255 
0.844697313316788 0.13668385362376 -0.14477366500006 255 0 0 255 
0.818009432109223 -0.178782774227014 -0.18795556388162 255 0 0 255 
0.53681331624729 0.341058708642788 -0.64294043685068 255 0 0 255 
0.521206928808015 0.430365095828613 -0.668192102169027 255 0 0 255 
0.570601826197928 0.374425746659868 -0.588269479321334 255 0 0 255 
0.569118216998228 0.451122191000038 -0.590670009432471 255 0 0 255 
0.558531474686922 -0.528082025554249 -0.6077997183223 255 0 0 255 
0.610502830227994 -0.484803364382628 -0.52370829861544 255 0 0 255 
0.539712680184219 -0.478813781918871 -0.638249167454974 255 0 0 255 
0.615689209580373 -0.553655500935488 -0.51531656054474 255 0 0 255 
0.61148486022818 -0.402474525317913 -0.522119340697167 255 0 0 255 
0.735225612671471 -0.33331429266598 -0.321902597450436 255 0 0 255 
0.754566231730168 -0.410629748125047 -0.29060881845 255 0 0 255 
0.888304261510356 -0.276143819156922 -0.0742161406772103 255 0 0 255 
0.880149557732081 -0.182233766086807 -0.0874107285586473 255 0 0 255 
0.909201932827142 -0.2101157409772 -0.0404029982009277 255 0 0 255 
0.622788641707185 0.264762442179084 -0.503829438063354 255 0 0 255 
0.612348619253262 0.405340576444283 -0.520721749236496 255 0 0 255 
0.621936796751088 -0.264137641627264 -0.50520775215612 255 0 0 255 
0.558987070715575 0.529274791442401 -0.6070625484628 255 0 0 255 
0.610940984773063 0.48612762192989 -0.522999349669194 255 0 0 255 
0.540623872241525 0.481199313695176 -0.636774827735974 255 0 0 255 
0.573721328516338 0.206167065461423 -0.583222018542162 255 0 0 255 
0.577350269189626 0.577350269189626 -0.577350269189626 255 0 0 255 
0.615689209580373 0.553655500935488 -0.515316560544741 255 0 0 255 
0.637657052978261 -0.29766305732841 -0.479771843267423 255 0 0 255 
0.654244132846053 -0.529827247923654 -0.452933384267227 255 0 0 255 
0.654864211000998 -0.446560284730881 -0.451930076736844 255 0 0 255 
0.692799056111732 -0.50599899491182 -0.390550207989714 255 0 0 255 
0.678366101507846 -0.304366036820208 -0.413903219096885 255 0 0 255 
0.638568574496603 0.29903327305442 -0.478296970469268 255 0 0 255 
0.66052157299926 0.281903121121234 -0.442776272736004 255 0 0 255 
0.641360595359024 0.275678480995429 -0.473779385816547 255 0 0 255 
0.657421921719179 0.349761116524357 -0.447791613861437 255 0 0 255 
0.679219944961022 0.304654239680405 -0.412521671368575 255 0 0 255 
0.655258907477051 0.447544517194213 -0.451291444423351 255 0 0 255 
0.703798730159017 0.408211545431271 -0.372752361516036 255 0 0 255 
0.654244132846052 0.529827247923654 -0.452933384267228 255 0 0 255 
0.692799056111731 0.505998994911821 -0.390550207989716 255 0 0 255 
0.90921112696784 -0.148964693311249 -0.040388121768781 255 0 0 255 
0.732047213022938 -0.481742299944905 -0.327045356111593 255 0 0 255 
0.773221757017329 -0.351156693807475 -0.26042354445739 255 0 0 255 
0.699301827544125 0.279936130162315 -0.380028502790847 255 0 0 255 
0.731957944370408 0.481797471006299 -0.327189795825516 255 0 0 255 
0.81159410872371 -0.432579614702286 -0.198335775168202 255 0 0 255 
0.81101293635255 -0.119816463600077 -0.199276131818143 255 0 0 255 
0.817944281375601 0.179758575852247 -0.188060979983012 255 0 0 255 
0.848076785670929 -0.337983535565751 -0.139305563867019 255 0 0 255 
0.893032603237995 -0.382247857099835 -0.0665655230514659 255 0 0 255 
0.852313355980852 -0.407413735901061 -0.132450649109834 255 0 0 255 
0.848375290538021 -0.0429204900876015 -0.138822572846257 255 0 0 255 
0.888359216592871 -0.0905801629111528 -0.074127221485847 255 0 0 255 
0.824982013448467 0.000179958220771153 -0.176673690285467 255 0 0 255 
0.823395285110353 -0.0412527288657998 -0.179241070667371 255 0 0 255 
0.890147101357673 0.00267085404775917 -0.0712343631684289 255 0 0 255 
0.888343130944468 0.0952624952122337 -0.0741532486116934 255 0 0 255 
0.880120113951856 0.185319454218254 -0.0874583695958076 255 0 0 255 
0.847966198238163 0.33861494213769 -0.139484498091963 255 0 0 255 
0.888244496880768 0.277981194039862 -0.0743128418792095 255 0 0 255 
0.892854065932938 0.38235819922262 -0.066854402479308 255 0 0 255 
0.934172358962716 -0.35682208977309 1.27700192206508E-17 255 0 0 255 
0.912420395668446 -0.320558701145744 -0.0351954159321691 255 0 0 255 
0.934172358962716 -0.176215387777894 8.15391496580842E-18 255 0 0 255 
0.934172358962716 -0.267021038553128 9.8723774366206E-18 255 0 0 255 
0.934172358962716 -0.0856783279400302 6.86914205254347E-18 255 0 0 255 
0.909197889655349 0.154027764248399 -0.0404095401903107 255 0 0 255 
0.909181485454988 0.213811183076819 -0.0404360827440523 255 0 0 255 
0.934172358962716 0.269859103570566 2.76438384781607E-18 255 0 0 255 
0.912360820184784 0.321755146651535 -0.0352918110896294 255 0 0 255 
0.659584956336528 -0.28171168195202 -0.444291750331934 255 0 0 255 
0.678989242139331 -0.283373090900965 -0.412894956375358 255 0 0 255 
0.718887520160249 0.271422522667914 -0.348338186445006 255 0 0 255 
0.771820660873324 -0.457160957323596 -0.262690565639898 255 0 0 255 
0.548895633536135 0.148008083056121 -0.623390836814409 255 0 0 255 
0.679945500087881 0.283330429757491 -0.411347698512587 255 0 0 255 
0.64045914396833 -0.275263339917249 -0.475237964805928 255 0 0 255 
0.934172358962716 0.181868264101752 3.71913434015497E-18 255 0 0 255 
0.934172358962716 0.35682208977309 1.76536716992292E-18 255 0 0 255 
0.934172358962716 0.0938774246329383 4.67388483249387E-18 255 0 0 255 
0.911708737556893 0.0491673764476912 -0.0363469029450306 255 0 0 255 
0.934172358962716 0.00485873189783371 5.58436913927852E-18 255 0 0 255 
0.911712758968994 -0.0421822262263975 -0.036340396163569 255 0 0 255 
0.577350269189626 -0.577350269189626 -0.577350269189626 255 0 0 255 
0.852090184349531 0.407551663554542 -0.132811748394637 255 0 0 255 
0.587532763462493 -0.228109245152341 0.560874647364464 255 0 0 255 
0.571526031461604 -0.282286529003605 0.586774083792124 255 0 0 255 
0.598836436784078 -0.26844495627575 0.542584919733826 255 0 0 255 
0.609075929058014 -0.319400284719119 0.526017073207054 255 0 0 255 
0.621938599116427 -0.264138975752494 0.505204835866651 255 0 0 255 
0.604108860821303 -0.248289746751194 0.534053958438499 255 0 0 255 
0.637247070604604 -0.298348084212298 0.480435208682788 255 0 0 255 
0.654622639101377 -0.35106364314256 0.452320948281158 255 0 0 255 
0.811497581378203 0.432639271882653 0.198491959694075 255 0 0 255 
0.847695241009406 0.339349537453126 0.139922916097589 255 0 0 255 
0.85223302737319 0.407463381710865 0.132580623527301 255 0 0 255 
0.610119529875756 0.31966594957936 0.524328491613261 255 0 0 255 
0.622167527240229 0.264308001428138 0.50483442238056 255 0 0 255 
0.637789596460659 0.297953009485578 0.479557383407915 255 0 0 255 
0.659419683964459 0.281676717951684 0.444559166647592 255 0 0 255 
0.64049857822636 0.275281736865998 0.475174158836147 255 0 0 255 
0.697768623880108 0.28038285473555 0.382509278431549 255 0 0 255 
0.697945643361421 0.328431211573475 0.38222285489365 255 0 0 255 
0.678098540529386 0.304542039312091 0.414336141854097 255 0 0 255 
0.496814030322567 -0.0269761815742671 0.707660641002607 255 0 0 255 
0.528104538476686 -0.0349872056544457 0.657031535283951 255 0 0 255 
0.514467152669789 0.0016954074744094 0.679097289037241 255 0 0 255 
0.491836727369752 0.0250042661073404 0.715714086352567 255 0 0 255 
0.458599566359341 -0.0287283359295883 0.769492942556965 255 0 0 255 
0.528604603913445 0.0419316641768881 0.656222412409876 255 0 0 255 
0.81752212758246 0.0885562353631228 0.188744039168499 255 0 0 255 
0.817119475190525 0.140045963631162 0.189395544424596 255 0 0 255 
0.809349187551561 0.126379231209821 0.201968133926764 255 0 0 255 
0.491062541094781 -0.0978648933876645 0.716966746059094 255 0 0 255 
0.521340332392757 -0.0895593319513185 0.667976250634693 255 0 0 255 
0.516800655238442 -0.131390968447584 0.675321602568326 255 0 0 255 
0.801276732063907 -0.153384483031431 0.215029641278803 255 0 0 255 
0.803049984419107 -0.216054708827901 0.212160458697154 255 0 0 255 
0.836136317029299 -0.141531856954665 0.158625647970778 255 0 0 255 
0.49959171405039 -0.193748356247436 0.703166254320991 255 0 0 255 
0.533310327652816 -0.165539338940848 0.648608391458742 255 0 0 255 
0.537694393675023 -0.237054241020066 0.641514823625888 255 0 0 255 
0.559271224545211 -0.176231987247602 0.606602777908716 255 0 0 255 
0.456489610851079 0.157262284814214 0.772906922284083 255 0 0 255 
0.439364974125772 0.216100076764774 0.800615166550624 255 0 0 255 
0.418473396834171 0.161405217336766 0.83441844868703 255 0 0 255 
0.843775275766594 0.140101157812974 0.146265553095177 255 0 0 255 
0.847563325828314 0.0485801915591257 0.140136359344229 255 0 0 255 
0.822872908911997 0.0475189163255776 0.18008629311126 255 0 0 255 
0.757298293610525 -0.298787696231273 0.286188249468214 255 0 0 255 
0.779042984289242 -0.258901613285037 0.251004600875197 255 0 0 255 
0.760732539035051 -0.253879120429165 0.280631523645622 255 0 0 255 
0.539669527597797 0.114519056458695 0.638318989807842 255 0 0 255 
0.523403274695262 0.0942504681746712 0.66463833987241 255 0 0 255 
0.532859392753805 0.0789300236729177 0.649338019452002 255 0 0 255 
0.519196227540083 0.134630932848133 0.671445485161762 255 0 0 255 
0.496686621671377 0.101240663716723 0.707866792530693 255 0 0 255 
0.534794228570847 0.168402091705808 0.646207389337431 255 0 0 255 
0.548913415587873 0.148063307007744 0.623362064850363 255 0 0 255 
0.772765292041624 -0.215492685240338 0.261162120302748 255 0 0 255 
0.788214720149065 -0.186421205918066 0.23616442051797 255 0 0 255 
0.819183850678989 -0.0782955102241561 0.186055314717656 255 0 0 255 
0.811673485841009 -0.117085213543231 0.198207340294458 255 0 0 255 
0.756281535960431 -0.238744880587078 0.287833397904358 255 0 0 255 
0.727921317824212 -0.290383949259572 0.333721194777152 255 0 0 255 
0.738274521748837 -0.257468643731981 0.316969358933138 255 0 0 255 
0.719085797899508 -0.271308814060232 0.348017366323545 255 0 0 255 
0.699079333554344 -0.280002886049845 0.380388505629417 255 0 0 255 
0.725868630803926 -0.344351570767556 0.337042512144241 255 0 0 255 
0.736240139522379 0.2592146938471 0.32026105852159 255 0 0 255 
0.734741456168088 0.333941844395946 0.322685979128784 255 0 0 255 
0.716815156974105 0.29484787458766 0.351691340517148 255 0 0 255 
0.770358206680015 0.219321767472905 0.265056866230314 255 0 0 255 
0.761547665287102 0.284110980814636 0.279312621664682 255 0 0 255 
0.754006990535054 0.241458426078452 0.291513689711708 255 0 0 255 
0.717379966590622 0.27226843762789 0.350777459360447 255 0 0 255 
0.816550663634317 0.183621468633415 0.190315900855733 255 0 0 255 
0.804693730392924 0.226938136807674 0.209500821842646 255 0 0 255 
0.795087882539187 0.196751581211693 0.225043410160753 255 0 0 255 
0.79839984524201 0.161571459437154 0.219684541939301 255 0 0 255 
0.801244873210902 0.298676115634476 0.215081189985502 255 0 0 255 
0.840226823277665 0.236319534415465 0.152007069829728 255 0 0 255 
0.785436768330975 0.192304855050854 0.240659240978916 255 0 0 255 
0.846729527536797 -0.0416515294920254 0.141485473319664 255 0 0 255 
0.823717506201368 -0.0368467266503125 0.178719705990135 255 0 0 255 
0.572661916164857 0.283923379494577 0.584936183734961 255 0 0 255 
0.588375347447437 0.229282536277048 0.559511317840671 255 0 0 255 
0.599599760015439 0.269211779608349 0.54134983680108 255 0 0 255 
0.565704776691973 -0.225526301340455 0.596193071866559 255 0 0 255 
0.572499470315031 -0.203949504278663 0.585199026641292 255 0 0 255 
0.767879087404102 -0.376234629809476 0.269068165482252 255 0 0 255 
0.8013688123399 -0.310293855696508 0.214880652262247 255 0 0 255 
0.824954755184408 0.00542415474573089 0.176717795084412 255 0 0 255 
0.539630337272115 -0.478598205376251 0.63838240108549 255 0 0 255 
0.567903099824012 -0.448305932677366 0.592636110320666 255 0 0 255 
0.519779618448336 -0.426628348794479 0.670501538843482 255 0 0 255 
0.77175598903567 0.457200926717381 0.262795206871337 255 0 0 255 
0.754439876125246 0.410895496120025 0.290813266113434 255 0 0 255 
0.888186775374947 -0.279951403166527 0.0744062372375089 255 0 0 255 
0.893032271268433 -0.382248062268308 0.0665660601895005 255 0 0 255 
0.912390941142203 -0.321510648440263 0.0352430743567523 255 0 0 255 
0.934172358962716 -0.35682208977309 1.27700192206508E-17 255 0 0 255 
0.39649775996867 -0.10387225309846 0.869975776059835 255 0 0 255 
0.41762458095119 -0.0720225062493015 0.835791861635883 255 0 0 255 
0.37665992487088 -0.0519361265492301 0.902074067511276 255 0 0 255 
0.84817310068305 -0.343140765591337 0.13914972290378 255 0 0 255 
0.878352303604398 -0.187169437787152 0.0903187468236582 255 0 0 255 
0.908641530210198 -0.212212768548249 0.0413097486825276 255 0 0 255 
0.934172358962716 -0.267021038553128 9.8723774366206E-18 255 0 0 255 
0.934172358962716 -0.176215387777894 8.15391496580842E-18 255 0 0 255 
0.908323700046847 -0.15070659090603 0.0418240086894789 255 0 0 255 
0.842544573616982 -0.246357004455602 0.148256871003277 255 0 0 255 
0.886279948494207 -0.0922570324768219 0.0774915479412086 255 0 0 255 
0.934172358962716 0.00485873189783371 5.58436913927852E-18 255 0 0 255 
0.934172358962716 0.0938774246329383 4.67388483249387E-18 255 0 0 255 
0.911358281891441 0.0497120742474869 0.0369139521232826 255 0 0 255 
0.889270830441573 0.00336594569777922 0.0726521992940314 255 0 0 255 
0.887817579198758 0.0967461947613963 0.0750036091990988 255 0 0 255 
0.934172358962716 0.181868264101752 3.71913434015497E-18 255 0 0 255 
0.908954944361299 0.154747061450522 0.0408026339334906 255 0 0 255 
0.879626935653988 0.186838516327133 0.0882563488442718 255 0 0 255 
0.908985489028316 0.21440490742939 0.0407532116240822 255 0 0 255 
0.888000667448299 0.278711429536221 0.0747073661884013 255 0 0 255 
0.934172358962716 0.269859103570566 2.76438384781607E-18 255 0 0 255 
0.912328464685477 0.321920028604739 0.0353441633872319 255 0 0 255 
0.811593278228588 -0.432580127976499 0.198337118937537 255 0 0 255 
0.852312774748511 -0.407414095122403 0.132451589563519 255 0 0 255 
0.892968473368177 0.382287491539077 0.0666692873605263 255 0 0 255 
0.772694289971123 0.352052767456476 0.261277004066098 255 0 0 255 
0.640641644710792 -0.275348298673701 0.474942672401646 255 0 0 255 
0.771819786935926 -0.457161497446611 0.262691979700311 255 0 0 255 
0.732482356317725 -0.481473366598751 0.326341279470652 255 0 0 255 
0.739325711002249 -0.414232895281434 0.315268498994021 255 0 0 255 
0.698578647670419 -0.41194315459396 0.381198632406666 255 0 0 255 
0.732442482630064 0.481498009892982 0.326405796452543 255 0 0 255 
0.703507421934536 0.408039886372249 0.373223708124448 255 0 0 255 
0.610675429594631 -0.403317832626879 0.523429026973784 255 0 0 255 
0.693144925699523 -0.50578523575089 0.389990579240992 255 0 0 255 
0.653608332794945 -0.447818785602892 0.453962130359967 255 0 0 255 
0.659956586851069 -0.281789004802682 0.443690439528329 255 0 0 255 
0.676841091675598 -0.307016214435322 0.41637073683864 255 0 0 255 
0.690998068561076 -0.338875493797849 0.39346426705999 255 0 0 255 
0.539132520903311 0.239492960422166 0.63918788489037 255 0 0 255 
0.560425999154509 0.178963838788051 0.604734313340761 255 0 0 255 
0.56682776980713 0.227501874489214 0.594376030837103 255 0 0 255 
0.573543065365646 0.205846657464228 0.583510454378818 255 0 0 255 
0.656742730092554 0.34883244011866 0.448890568998191 255 0 0 255 
0.693128976224459 0.505795093068582 0.390016386033749 255 0 0 255 
0.655110968237242 0.446884242094364 0.451530815141632 255 0 0 255 
0.458665000618083 -0.171920989006379 0.769387067702291 255 0 0 255 
0.448586424340426 -0.105606662201356 0.785694546677749 255 0 0 255 
0.615796912472704 -0.553588936887341 0.515142293604262 255 0 0 255 
0.654470919086114 -0.529687086319115 0.452566436422627 255 0 0 255 
0.610157481432011 -0.485115547213013 0.524267084705314 255 0 0 255 
0.55849030323087 -0.527974237282938 0.607866335137558 255 0 0 255 
0.604674479348979 0.248879031262623 0.533138768435986 255 0 0 255 
0.611950456377174 0.403466464580479 0.521365990303063 255 0 0 255 
0.61087334754226 0.4854793519642 0.523108789007538 255 0 0 255 
0.568931876568699 0.449969291440788 0.590971514580926 255 0 0 255 
0.654462944348582 0.529692014977961 0.452579339819006 255 0 0 255 
0.679548920124175 -0.283349540063262 0.411989378373189 255 0 0 255 
0.615796912472704 0.553588936887341 0.515142293604262 255 0 0 255 
0.558987070715575 0.529274791442401 0.6070625484628 255 0 0 255 
0.455850056926409 0.0608629198073959 0.773941742271837 255 0 0 255 
0.42306440005634 0.0948936447701701 0.8269900494311 255 0 0 255 
0.568685428966108 -0.368201424770635 0.591370275178364 255 0 0 255 
0.533152997313316 -0.32926804189027 0.648862957295515 255 0 0 255 
0.538698494643431 -0.110242771951247 0.639890154129626 255 0 0 255 
0.547805607319521 -0.144567516909622 0.625154536281634 255 0 0 255 
0.532035660541571 -0.0733106434843075 0.65067084616909 255 0 0 255 
0.569924902887366 0.369966115855129 0.589364764245601 255 0 0 255 
0.534654334525495 0.332341327924041 0.646433742657634 255 0 0 255 
0.521231609648297 0.430429711107342 0.66815216773058 255 0 0 255 
0.540623872241524 0.481199313695176 0.636774827735974 255 0 0 255 
0.577350269189626 0.577350269189626 0.577350269189626 255 0 0 255 
0.678616130783587 0.283386568373342 0.413498663230567 255 0 0 255 
0.526976289679243 0.00350465324585169 0.65885708018601 255 0 0 255 
0.499928899624556 -0.374658492212707 0.702620676601475 255 0 0 255 
0.501303735259786 -0.286779023718594 0.700396145814728 255 0 0 255 
0.479148949557731 -0.320255876653233 0.736243342094123 255 0 0 255 
0.458306027473264 -0.265688398211232 0.769967898451657 255 0 0 255 
0.501427860066078 0.194742312533929 0.700195307659301 255 0 0 255 
0.503135710494073 0.290575692145522 0.697431947619104 255 0 0 255 
0.460560755651375 0.271591353216919 0.766319671624082 255 0 0 255 
0.501839347055069 0.379660108519509 0.699529507725186 255 0 0 255 
0.481200051353222 0.325625730868214 0.732924589674634 255 0 0 255 
0.437463105388796 -0.211120919769231 0.803692454809191 255 0 0 255 
0.416980432678733 -0.157496586433846 0.836834115434513 255 0 0 255 
0.408423618806985 0.0155050445041788 0.850679331114409 255 0 0 255 
0.39758181954257 0.106710357908759 0.868221730823436 255 0 0 255 
0.401567897376826 0.0676160442497061 0.861772121405806 255 0 0 255 
0.934172358962716 0.35682208977309 1.76536716992292E-18 255 0 0 255 
0.910973874215303 -0.0424276707053098 0.0375359368088101 255 0 0 255 
0.934172358962716 -0.0856783279400302 6.86914205254347E-18 255 0 0 255 
0.37720195465783 0.0533551789543794 0.901197044893076 255 0 0 255 
0.35682208977309 7.01727478977747E-18 0.934172358962716 255 0 0 255 
0.577350269189626 -0.577350269189626 0.577350269189626 255 0 0 255 
-0.396526268064148 -0.103946888261375 -0.869929648992398 255 0 0 255 
-0.41699807866471 -0.157542784224896 -0.836805563629439 255 0 0 255 
-0.424301078131308 -0.106958954904691 -0.824989062272661 255 0 0 255 
-0.445114684137443 -0.055301509414969 -0.791311940326284 255 0 0 255 
-0.402914698001435 -0.00369359353060917 -0.85959295221912 255 0 0 255 
-0.409106181450591 -0.0643748780484664 -0.849574921557604 255 0 0 255 
-0.411355747857924 0.0589533437629259 -0.845935046650588 255 0 0 255 
-0.377181602294321 0.0533018957749621 -0.901229975708985 255 0 0 255 
-0.444149664741425 0.0335380792531402 -0.792873374508845 255 0 0 255 
-0.397541114815552 0.106603791549924 -0.868287592455254 255 0 0 255 
-0.434992289766414 0.105015765065075 -0.80769031846614 255 0 0 255 
-0.564779455192109 0.217845598482089 -0.597690273503862 255 0 0 255 
-0.560505601003521 0.179149626259911 -0.60460551484194 255 0 0 255 
-0.573745123499724 0.206209754431104 -0.58318351745031 255 0 0 255 
-0.41848651121221 0.161439551224214 -0.834397229177622 255 0 0 255 
-0.482570786522654 0.0958480393804543 -0.730706693580917 255 0 0 255 
-0.455849913448721 0.173711785219789 -0.773941974423613 255 0 0 255 
-0.439431907608868 0.216275310898504 -0.80050686589999 255 0 0 255 
-0.458309183243044 -0.265696660123777 -0.769962792308893 255 0 0 255 
-0.479148477220816 -0.320254640059136 -0.736244106351306 255 0 0 255 
-0.50783236602798 -0.283170277784553 -0.689832599331792 255 0 0 255 
-0.49997140338873 -0.374769768511964 -0.702551904066392 255 0 0 255 
-0.453760386089955 -0.153628906241054 -0.77732290071052 255 0 0 255 
-0.500509503636338 -0.18636578036719 -0.701681239576407 255 0 0 255 
-0.437469889265272 -0.211138680188418 -0.803681478266479 255 0 0 255 
-0.53849283038295 -0.220850232376424 -0.640222925894597 255 0 0 255 
-0.542998794283633 -0.276447383208048 -0.632932123151212 255 0 0 255 
-0.561039547441901 -0.246885118076376 -0.603741571358486 255 0 0 255 
-0.493620757261164 -0.0923984057290227 -0.712827465351317 255 0 0 255 
-0.487950346484634 0.000405807776927387 -0.722002382717916 255 0 0 255 
-0.528178631276187 -0.0361021230505546 -0.656911650616524 255 0 0 255 
-0.522082889050062 -0.0881116576457739 -0.666774768724602 255 0 0 255 
-0.517750719855614 -0.127685839248047 -0.673784365726233 255 0 0 255 
-0.533801734435383 -0.161129555301052 -0.647813278582246 255 0 0 255 
-0.538738714894834 -0.110423797197196 -0.639825076396413 255 0 0 255 
-0.736926476956824 -0.258633419693504 -0.319150541225013 255 0 0 255 
-0.762521809463586 -0.282645683116427 -0.277736423277189 255 0 0 255 
-0.755384331181887 -0.239828239368807 -0.289285105730984 255 0 0 255 
-0.698416111547363 -0.280197987910831 -0.381461621378257 255 0 0 255 
-0.698276529761012 -0.328353248331942 -0.381687469452697 255 0 0 255 
-0.717373918668725 -0.294504444071485 -0.350787245103642 255 0 0 255 
-0.460354247663065 0.271050708284576 -0.766653808568115 255 0 0 255 
-0.499263945979573 0.192641051400768 -0.703696594200002 255 0 0 255 
-0.559424315487905 -0.176598155486908 -0.606355071561445 255 0 0 255 
-0.563843921787696 -0.215354553261067 -0.599203998349812 255 0 0 255 
-0.481276587717263 0.325826105670648 -0.732800751236241 255 0 0 255 
-0.508889405562567 0.287828505248114 -0.688122273437379 255 0 0 255 
-0.501809375383301 0.379581641664122 -0.699578002908805 255 0 0 255 
-0.637727661264754 -0.298456177847197 -0.479657596659989 255 0 0 255 
-0.659622042085302 -0.281719478774452 -0.444231744328628 255 0 0 255 
-0.640477238526252 -0.275271784117121 -0.475208687196212 255 0 0 255 
-0.656746395849175 -0.349293701211079 -0.448884637679383 255 0 0 255 
-0.609855876256448 -0.321858315441048 -0.524755092130559 255 0 0 255 
-0.678421254507242 -0.304587119663617 -0.413813979669281 255 0 0 255 
-0.622852507129553 0.264808826440837 -0.503726101638794 255 0 0 255 
-0.60014011579481 0.272590433439354 -0.540475522784042 255 0 0 255 
-0.605185975147388 0.249406733578941 -0.532311150849148 255 0 0 255 
-0.699162111302604 0.279978126265786 -0.380254568418228 255 0 0 255 
-0.679136523129088 0.304688682688442 -0.412656650728049 255 0 0 255 
-0.679856529031122 0.28333489192577 -0.411491656706342 255 0 0 255 
-0.844453601042727 0.1384154453116 -0.145167999742966 255 0 0 255 
-0.817561460352407 0.181191197021757 -0.188680397410148 255 0 0 255 
-0.818039174342709 0.136983340249494 -0.187907439936937 255 0 0 255 
-0.79969758235419 0.157954413040894 -0.217584759182016 255 0 0 255 
-0.610714855445346 0.323150306118716 -0.523365234607292 255 0 0 255 
-0.573223734864467 0.295823969375741 -0.584027141983476 255 0 0 255 
-0.660485220144132 0.281895903201505 -0.442835092892467 255 0 0 255 
-0.63856144582349 0.299069703123215 -0.47830850490466 255 0 0 255 
-0.641376065174056 0.275685506701044 -0.473754355130057 255 0 0 255 
-0.572231833582775 -0.293525319389556 -0.585632071970738 255 0 0 255 
-0.599163376004936 -0.271222584554604 -0.542055920962222 255 0 0 255 
-0.535397393982558 -0.33780596841333 -0.645231447200444 255 0 0 255 
-0.519812375067346 -0.426714106736404 -0.670448537520568 255 0 0 255 
-0.569537853502974 -0.372208362872508 -0.589991023304871 255 0 0 255 
-0.568283251271602 -0.449178998410799 -0.592021012357593 255 0 0 255 
-0.539653346745961 -0.478658444960843 -0.638345170974744 255 0 0 255 
-0.547894773063259 -0.144853143864535 -0.625010263077599 255 0 0 255 
-0.517422322939816 0.0844741515622925 -0.674315723097794 255 0 0 255 
-0.506413305045709 0.0464650262296585 -0.692128688233216 255 0 0 255 
-0.528517353318772 0.0408068057991951 -0.656363586838859 255 0 0 255 
-0.51560589191418 0.0107900451507041 -0.677254770235493 255 0 0 255 
-0.526970126227504 0.00237430170329821 -0.658867052860364 255 0 0 255 
-0.514526878997171 0.130529206532767 -0.679000649809514 255 0 0 255 
-0.536600640767082 0.341334972282052 -0.64328455300623 255 0 0 255 
-0.543927324446784 0.279818895142845 -0.631429729787654 255 0 0 255 
-0.538994062580439 0.224545035462769 -0.639411915162804 255 0 0 255 
-0.521223247541131 0.430407818826565 -0.668165697904192 255 0 0 255 
-0.570530756804242 0.374549003434927 -0.588384472015877 255 0 0 255 
-0.569105567634783 0.451173166569573 -0.59069047653246 255 0 0 255 
-0.54063711969896 0.481233995989007 -0.636753392899579 255 0 0 255 
-0.558501807967793 -0.528004357075234 -0.607847720082185 255 0 0 255 
-0.610546715679293 -0.48532480972408 -0.523637290463628 255 0 0 255 
-0.615689209580373 -0.553655500935488 -0.51531656054474 255 0 0 255 
-0.611647408666243 -0.404163909095725 -0.521856331799564 255 0 0 255 
-0.587630979078412 -0.228246899530091 -0.560715731160793 255 0 0 255 
-0.612316941662035 0.405401801326216 -0.520773004655782 255 0 0 255 
-0.657378581224563 0.349807973153974 -0.447861740254814 255 0 0 255 
-0.558993694444293 0.529292132589317 -0.607051831044602 255 0 0 255 
-0.610931645658039 0.486154247251407 -0.523014460674727 255 0 0 255 
-0.615689209580373 0.553655500935488 -0.515316560544741 255 0 0 255 
-0.577350269189626 0.577350269189626 -0.577350269189626 255 0 0 255 
-0.621936753606705 -0.264137609692287 -0.505207821965232 255 0 0 255 
-0.604161437500788 -0.248344778720038 -0.533968887584066 255 0 0 255 
-0.848480616224008 -0.0405790725082422 -0.138652152306441 255 0 0 255 
-0.823630186235195 -0.038092075570884 -0.178860992663301 255 0 0 255 
-0.81906021241921 -0.0791091398686619 -0.186255365625521 255 0 0 255 
-0.654244132846053 -0.529827247923654 -0.452933384267227 255 0 0 255 
-0.654914922653775 -0.447116903827128 -0.451848023559025 255 0 0 255 
-0.692799056111732 -0.505998994911819 -0.390550207989713 255 0 0 255 
-0.703505826770153 -0.408092760096411 -0.373226289154638 255 0 0 255 
-0.679045225832753 -0.283370915254479 -0.412804372856594 255 0 0 255 
-0.73519567122345 -0.333443477038231 -0.321951043731006 255 0 0 255 
-0.698800243909809 0.328426073365361 -0.380840082159554 255 0 0 255 
-0.655240550299898 0.447574477135329 -0.451321146959921 255 0 0 255 
-0.703773014263846 0.408256152715091 -0.372793970708475 255 0 0 255 
-0.654244132846052 0.529827247923654 -0.452933384267228 255 0 0 255 
-0.692799056111731 0.50599899491182 -0.390550207989715 255 0 0 255 
-0.732047213022939 -0.481742299944905 -0.327045356111592 255 0 0 255 
-0.754561222002545 -0.410699007370159 -0.290616924359568 255 0 0 255 
-0.773203851401694 -0.351174935115529 -0.260452516352077 255 0 0 255 
-0.772274127716612 -0.216287382875697 -0.261956840875325 255 0 0 255 
-0.802146398300694 -0.296506644606795 -0.213622491748508 255 0 0 255 
-0.737306713045203 0.258307985963573 -0.318535306312434 255 0 0 255 
-0.717872829388158 0.29435231163495 -0.349979990602247 255 0 0 255 
-0.718616587020928 0.271576974031711 -0.348776565473038 255 0 0 255 
-0.735478464064219 0.333472169874495 -0.321493475302867 255 0 0 255 
-0.754667072898402 0.410769708506778 -0.290445654012332 255 0 0 255 
-0.732047213022937 0.481742299944906 -0.327045356111595 255 0 0 255 
-0.880027597816997 0.186524342424445 -0.087608063846517 255 0 0 255 
-0.909158870697943 0.155407581733789 -0.0404726741895982 255 0 0 255 
-0.909154877940565 0.214806103580724 -0.0404791346067458 255 0 0 255 
-0.81159410872371 -0.432579614702285 -0.198335775168201 255 0 0 255 
-0.841157544959351 -0.232184304227941 -0.150501130514693 255 0 0 255 
-0.818210266859133 -0.177789283609918 -0.187630606430142 255 0 0 255 
-0.80617624009945 -0.222893426843117 -0.207102070748836 255 0 0 255 
-0.844924112560545 -0.133236280549699 -0.144406696115038 255 0 0 255 
-0.818928742537761 -0.132466450485491 -0.186468088362032 255 0 0 255 
-0.824968941399557 0.00375855960622352 -0.176694841306878 255 0 0 255 
-0.818165915296847 0.0847425706785189 -0.187702368765184 255 0 0 255 
-0.810317312667214 0.1226130751947 -0.200401674584275 255 0 0 255 
-0.762640268870087 0.282785489025582 -0.277544751931182 255 0 0 255 
-0.75551352689787 0.239673288573451 -0.28907606267122 255 0 0 255 
-0.840886600061511 0.235109788420415 -0.150939528568477 255 0 0 255 
-0.80206490617917 0.297428064775041 -0.213754348770949 255 0 0 255 
-0.805832099899762 0.224806086290503 -0.207658901288825 255 0 0 255 
-0.79645850631376 0.193877012748666 -0.222825694307705 255 0 0 255 
-0.773288976442384 0.351407056480295 -0.260314781142948 255 0 0 255 
-0.811594108723707 0.432579614702287 -0.198335775168205 255 0 0 255 
-0.848096242527872 -0.3377805378539 -0.13927408201117 255 0 0 255 
-0.852313355980852 -0.40741373590106 -0.132450649109834 255 0 0 255 
-0.888333003123269 -0.275750893290099 -0.0741696357706251 255 0 0 255 
-0.893032603237995 -0.382247857099835 -0.0665655230514657 255 0 0 255 
-0.797092862661745 -0.191699518895234 -0.221799284175686 255 0 0 255 
-0.880216323722177 -0.181332950671697 -0.0873026989173786 255 0 0 255 
-0.800980931762891 -0.154255262866196 -0.21550825621974 255 0 0 255 
-0.811468189087236 -0.117942285532982 -0.198539517419846 255 0 0 255 
-0.888414186299856 -0.089192587280882 -0.0740382786315928 255 0 0 255 
-0.848227368635113 0.0474704161122972 -0.139061915512842 255 0 0 255 
-0.823115492253887 0.0447210759159488 -0.179693785018921 255 0 0 255 
-0.890139306019527 0.00434759999391065 -0.0712469762905023 255 0 0 255 
-0.888266929562981 0.0968863205405711 -0.0742765450369297 255 0 0 255 
-0.848022462907614 0.338883092357899 -0.139393459944425 255 0 0 255 
-0.888243203262451 0.278519493248752 -0.074314934997614 255 0 0 255 
-0.893032603237994 0.382247857099836 -0.0665655230514675 255 0 0 255 
-0.934172358962716 -0.35682208977309 -1.02967088603516E-17 255 0 0 255 
-0.912427581071674 -0.320397486332827 -0.0351837897055227 255 0 0 255 
-0.909240476308775 -0.148089764663017 -0.0403406335376 255 0 0 255 
-0.934172358962716 -0.175774783041288 -1.32193336264948E-17 255 0 0 255 
-0.909226904215931 -0.209543499366877 -0.0403625936451207 255 0 0 255 
-0.934172358962716 -0.0846049273665956 -1.25292935075366E-17 255 0 0 255 
-0.934172358962716 0.00603839844123955 -9.9419443301732E-18 255 0 0 255 
-0.911724552561204 -0.0408528790530819 -0.0363213137305238 255 0 0 255 
-0.911687738376985 0.0506619725052511 -0.036380880331858 255 0 0 255 
-0.934172358962716 0.095375571045283 -6.36463081110855E-18 255 0 0 255 
-0.934172358962716 0.183445370406726 -1.04969540397511E-18 255 0 0 255 
-0.934172358962716 0.270133730089908 4.70803366938536E-18 255 0 0 255 
-0.912405131106469 0.321930792552896 -0.0352201145122704 255 0 0 255 
-0.588723506388078 0.229762331682537 -0.55894798484198 255 0 0 255 
-0.533663227860409 0.164971933847423 -0.648037386928219 255 0 0 255 
-0.772189026592545 0.216424368486634 -0.262094537387209 255 0 0 255 
-0.572631936547942 -0.204192360835534 -0.584984691774129 255 0 0 255 
-0.787822519348763 -0.187272126110885 -0.236799014743502 255 0 0 255 
-0.771820660873322 0.457160957323596 -0.2626905656399 255 0 0 255 
-0.539714111683456 0.114710856472897 -0.638246851240672 255 0 0 255 
-0.561929478017207 0.249559637858236 -0.602301633440014 255 0 0 255 
-0.548975165629408 0.148254858308656 -0.623262151184351 255 0 0 255 
-0.787012169148172 0.189008804399078 -0.238110188910863 255 0 0 255 
-0.934172358962716 -0.266769105168286 -1.26000341720439E-17 255 0 0 255 
-0.532125821183815 -0.0739481392049563 -0.650524963185302 255 0 0 255 
-0.718054836394165 -0.271893820547613 -0.349685497080263 255 0 0 255 
-0.532791701698691 0.0784845993888205 -0.649447545879946 255 0 0 255 
-0.771820660873324 -0.457160957323595 -0.262690565639897 255 0 0 255 
-0.852313355980851 0.407413735901061 -0.132450649109836 255 0 0 255 
-0.934172358962716 0.35682208977309 1.04657627427458E-17 255 0 0 255 
-0.376674178918619 -0.0519734441306873 -0.902051003977557 255 0 0 255 
-0.35682208977309 1.85735615067159E-16 -0.934172358962716 255 0 0 255 
-0.577350269189626 -0.577350269189626 -0.577350269189626 255 0 0 255 
-0.517633401778084 -0.128126984992033 0.673974190363172 255 0 0 255 
-0.494455620123627 -0.0909399373786512 0.711476628863907 255 0 0 255 
-0.522162870759356 -0.0874460122360246 0.666645355600486 255 0 0 255 
-0.559252941397735 -0.176188173960545 0.606632360662778 255 0 0 255 
-0.533419735415087 -0.163802100783488 0.648431365980755 255 0 0 255 
-0.547725203579689 -0.144309301869923 0.625284632265416 255 0 0 255 
-0.540623872241524 0.481199313695176 0.636774827735974 255 0 0 255 
-0.56889445373438 0.449978029301317 0.591032065998811 255 0 0 255 
-0.521231609648297 0.430429711107343 0.66815216773058 255 0 0 255 
-0.698840738364874 -0.327783888183386 0.380774560754903 255 0 0 255 
-0.699153764948053 -0.27998062713105 0.38026807310324 255 0 0 255 
-0.718205928605363 -0.293892635062883 0.349441024747183 255 0 0 255 
-0.610009398411131 0.319673726660033 0.524506688066255 255 0 0 255 
-0.622115222344955 0.264269455602613 0.504919053479184 255 0 0 255 
-0.599494167376254 0.269196211545632 0.541520689280244 255 0 0 255 
-0.798088722696942 0.162421073610368 0.220187948790986 255 0 0 255 
-0.816350318809928 0.184407705414838 0.190640065591066 255 0 0 255 
-0.816885778986027 0.141076830046521 0.189773672826515 255 0 0 255 
-0.843649534040508 0.141140519455355 0.146469007481788 255 0 0 255 
-0.847518577886393 0.0499312423676245 0.140208763035182 255 0 0 255 
-0.824935817657624 0.00705945443020387 0.176748436644207 255 0 0 255 
-0.822735003157479 0.0490364035995244 0.180309429309284 255 0 0 255 
-0.571747379897344 -0.281735284463603 0.586415934499741 255 0 0 255 
-0.537777970319625 -0.235741272666989 0.641379593774256 255 0 0 255 
-0.565757288139012 -0.225136661032676 0.596108106560452 255 0 0 255 
-0.587523431028902 -0.228096152975235 0.560889747560025 255 0 0 255 
-0.572484718051321 -0.203922421097009 0.585222896305374 255 0 0 255 
-0.678921575891471 -0.30423566964564 0.4130044426643 255 0 0 255 
-0.679606962855705 -0.283346868646162 0.411895463260725 255 0 0 255 
-0.45352687674186 -0.150124437823296 0.777700726772427 255 0 0 255 
-0.437566140527442 -0.211390669264241 0.803525740452827 255 0 0 255 
-0.417046204295795 -0.157668778762808 0.836727694722613 255 0 0 255 
-0.450871460809283 -0.0493337365280734 0.781997280005605 255 0 0 255 
-0.416645016855193 -0.0864726621567017 0.837376829637366 255 0 0 255 
-0.836982283458436 -0.138799289475423 0.157256845535093 255 0 0 255 
-0.807608903780939 -0.205088144130161 0.204783972217739 255 0 0 255 
-0.801137954627679 -0.153793887822121 0.215254187887031 255 0 0 255 
-0.482972954450211 0.0975218210064983 0.730055972204946 255 0 0 255 
-0.446043662500298 0.0349187795279774 0.789808821760372 255 0 0 255 
-0.435541407323126 0.105724487331723 0.806801827595561 255 0 0 255 
-0.846892167615075 -0.0403395155124903 0.141222316145078 255 0 0 255 
-0.823764035409818 -0.0361653109208727 0.178644420149402 255 0 0 255 
-0.754895075129244 -0.410341517260675 0.290076738653319 255 0 0 255 
-0.732482356317723 -0.481473366598751 0.326341279470654 255 0 0 255 
-0.703907414486569 -0.407543024686504 0.372576506580013 255 0 0 255 
-0.528121630317229 -0.0352475735482943 0.657003880104293 255 0 0 255 
-0.532016512474611 -0.0731744871605408 0.650701828392224 255 0 0 255 
-0.848765830881169 -0.339191353263056 0.138190665297066 255 0 0 255 
-0.893032271268433 -0.382248062268308 0.0665660601895007 255 0 0 255 
-0.85231277474851 -0.407414095122403 0.132451589563519 255 0 0 255 
-0.735846494869267 -0.332781639663286 0.320897988951393 255 0 0 255 
-0.396526268064148 -0.103946888261375 0.869929648992399 255 0 0 255 
-0.376674178918619 -0.0519734441306874 0.902051003977557 255 0 0 255 
-0.908938195055086 0.155965514194124 0.0408297348802307 255 0 0 255 
-0.879579875689186 0.187738292546462 0.088332493466831 255 0 0 255 
-0.908970663586784 0.215283791851695 0.0407771996923776 255 0 0 255 
-0.811593278228587 -0.432580127976499 0.198337118937538 255 0 0 255 
-0.771819786935925 -0.457161497446612 0.262691979700313 255 0 0 255 
-0.934172358962716 0.00603839844123955 -9.9419443301732E-18 255 0 0 255 
-0.934172358962716 -0.0846049273665956 -1.25292935075366E-17 255 0 0 255 
-0.911060838026997 -0.0411056275813925 0.0373952264056969 255 0 0 255 
-0.888610685518527 -0.277797845235266 0.0737203362170207 255 0 0 255 
-0.908543940344462 -0.149267134390118 0.0414676524022453 255 0 0 255 
-0.934172358962716 -0.175774783041288 -1.32193336264948E-17 255 0 0 255 
-0.908885737166975 -0.210833115465129 0.0409146135261723 255 0 0 255 
-0.843991822635185 -0.240077340851994 0.145915172901639 255 0 0 255 
-0.878929214673974 -0.18455675675472 0.0893852851045989 255 0 0 255 
-0.886560031955929 -0.090566089322857 0.0770383633804554 255 0 0 255 
-0.889338602226629 0.004710107922643 0.0725425422423321 255 0 0 255 
-0.887795454917674 0.0979842530162026 0.0750394070378702 255 0 0 255 
-0.934172358962716 0.095375571045283 -6.36463081110855E-18 255 0 0 255 
-0.887990529264219 0.279136052021254 0.0747237701148264 255 0 0 255 
-0.934172358962716 0.270133730089908 4.70803366938536E-18 255 0 0 255 
-0.912341879614521 0.32208498353814 0.0353224575760817 255 0 0 255 
-0.840133562514891 0.236918113109479 0.152157968913713 255 0 0 255 
-0.893032271268433 0.382248062268308 0.0665660601895002 255 0 0 255 
-0.934172358962716 0.35682208977309 1.04657627427458E-17 255 0 0 255 
-0.847702305455647 0.339544449239296 0.13991148558346 255 0 0 255 
-0.852312774748511 0.407414095122403 0.132451589563518 255 0 0 255 
-0.934172358962716 0.183445370406726 -1.04969540397511E-18 255 0 0 255 
-0.756060525180431 -0.239013334101446 0.288191000858324 255 0 0 255 
-0.763216786319761 -0.281812946169103 0.276611927102502 255 0 0 255 
-0.738138494437436 -0.257587574587416 0.317189455747691 255 0 0 255 
-0.772480065994516 -0.215955025216732 0.261623625738383 255 0 0 255 
-0.819145824710991 -0.0785467235887515 0.186116842029055 255 0 0 255 
-0.803054017498066 -0.295030656253337 0.212153933038318 255 0 0 255 
-0.773721119937394 -0.350509447192397 0.259615558280004 255 0 0 255 
-0.817283050273325 0.089927060747386 0.189130874381293 255 0 0 255 
-0.801151416709238 0.298970244937832 0.215232405781664 255 0 0 255 
-0.804510358661243 0.227488799102459 0.209797523537082 255 0 0 255 
-0.794832901925953 0.197399624576049 0.225455977459438 255 0 0 255 
-0.811593278228588 0.432580127976498 0.198337118937536 255 0 0 255 
-0.772646541830682 0.352168851379951 0.26135426218023 255 0 0 255 
-0.761389547026674 0.284341886187676 0.279568462384296 255 0 0 255 
-0.736040266087494 0.259382490688298 0.320584460535188 255 0 0 255 
-0.75376276547097 0.241743373927972 0.291908854166251 255 0 0 255 
-0.734652698715894 0.33403804871791 0.322829591703189 255 0 0 255 
-0.703479778987852 0.408058885840493 0.373268435351733 255 0 0 255 
-0.732482356317725 0.48147336659875 0.326341279470651 255 0 0 255 
-0.754445740169444 0.410913462993369 0.290803777890608 255 0 0 255 
-0.611884356077853 0.403478232610429 0.521472942834033 255 0 0 255 
-0.656677828413143 0.348840954362796 0.448995582121405 255 0 0 255 
-0.489333299716814 0.00240394426195833 0.719764717383397 255 0 0 255 
-0.506887379551657 0.0478641201600289 0.691361619569392 255 0 0 255 
-0.934172358962716 -0.266769105168286 -1.26000341720439E-17 255 0 0 255 
-0.693144925699521 -0.505785235750891 0.389990579240995 255 0 0 255 
-0.65513330587406 -0.446364948919685 0.451494672086032 255 0 0 255 
-0.65700928468333 -0.348269632752384 0.448459274610457 255 0 0 255 
-0.69786994867477 0.328471100670937 0.382345331469418 255 0 0 255 
-0.637718204704465 0.29793990445961 0.479672897695954 255 0 0 255 
-0.65935086417699 0.281662054182175 0.444670519401945 255 0 0 255 
-0.64043771017579 0.275253331490434 0.475272645410784 255 0 0 255 
-0.716697084810829 0.294929079295522 0.351882385290454 255 0 0 255 
-0.611639756294058 -0.402253926419755 0.521868713597853 255 0 0 255 
-0.609759664340198 -0.318553039426775 0.524910766281174 255 0 0 255 
-0.678025214444574 0.304553786819918 0.414454785951584 255 0 0 255 
-0.693144925699524 0.50578523575089 0.389990579240992 255 0 0 255 
-0.655085155282338 0.44688885406755 0.451572581380016 255 0 0 255 
-0.719050202939212 -0.271329269227333 0.348074960179187 255 0 0 255 
-0.809057269109719 0.127487791004656 0.20244046788762 255 0 0 255 
-0.517549188104465 0.0854978911752752 0.674110450949404 255 0 0 255 
-0.539650490471103 0.11443704196347 0.638349792525367 255 0 0 255 
-0.53284713893477 0.0788495925468969 0.649357846547721 255 0 0 255 
-0.528598556169016 0.0418546915502978 0.656232197866037 255 0 0 255 
-0.515983147184899 0.012042009432649 0.676644358385036 255 0 0 255 
-0.51433891259795 0.132459759873449 0.679304785832198 255 0 0 255 
-0.533288062584258 0.16834500618862 0.648644417096431 255 0 0 255 
-0.52697521068693 0.00333455705259257 0.658858826032223 255 0 0 255 
-0.49823399994112 0.196496875847222 0.705363081896797 255 0 0 255 
-0.538587450089187 -0.109741151068303 0.640069827994522 255 0 0 255 
-0.499541445326609 -0.188705720143133 0.703247590824642 255 0 0 255 
-0.678540318422683 0.283389089521781 0.413621330207249 255 0 0 255 
-0.697687112535324 0.2804057353619 0.382641166557926 255 0 0 255 
-0.637874944940073 -0.297624547755781 0.479419286667336 255 0 0 255 
-0.621944398331187 -0.264143267724749 0.505195452540729 255 0 0 255 
-0.640664473592592 -0.275358893461638 0.474905734495057 255 0 0 255 
-0.412318739242594 0.0589840703679035 0.84437689385932 255 0 0 255 
-0.654470919086112 -0.529687086319116 0.45256643642263 255 0 0 255 
-0.615796912472703 -0.553588936887341 0.515142293604264 255 0 0 255 
-0.61062764893795 -0.484650463318557 0.5235063377003 255 0 0 255 
-0.558501807967793 -0.528004357075235 0.607847720082185 255 0 0 255 
-0.56822350555489 -0.448002681929099 0.592117682957915 255 0 0 255 
-0.588331084078674 0.229221328217204 0.559582937475327 255 0 0 255 
-0.604625829324301 0.248828583380663 0.533217485829462 255 0 0 255 
-0.78800700478457 -0.186872719474665 0.236500511037915 255 0 0 255 
-0.811592082802329 -0.117425958424016 0.198339053177955 255 0 0 255 
-0.538225474087379 0.239809409251663 0.640655517467937 255 0 0 255 
-0.560392321363773 0.178885139571932 0.604788805150146 255 0 0 255 
-0.572389394880433 0.283987686906729 0.585377132435816 255 0 0 255 
-0.566568420259175 0.227535910525545 0.594795667220662 255 0 0 255 
-0.599016275983587 -0.268163005131948 0.54229393379651 255 0 0 255 
-0.65999712860545 -0.281797331515219 0.443624841592208 255 0 0 255 
-0.548887177044054 0.147981810623983 0.623404519706033 255 0 0 255 
-0.604106506320449 -0.248287281069377 0.534057768100968 255 0 0 255 
-0.610853123429545 0.485482729521577 0.523141512309303 255 0 0 255 
-0.654470919086114 0.529687086319115 0.452566436422627 255 0 0 255 
-0.615796912472704 0.55358893688734 0.515142293604262 255 0 0 255 
-0.558987070715575 0.529274791442401 0.6070625484628 255 0 0 255 
-0.770083593346002 0.219748307474094 0.265501199939401 255 0 0 255 
-0.717235433551888 0.272347813595851 0.351011318729608 255 0 0 255 
-0.785131328368124 0.19293199269556 0.241153453220433 255 0 0 255 
-0.934172358962716 -0.35682208977309 -1.02967088603516E-17 255 0 0 255 
-0.912496918678098 -0.320909275611237 0.0350715991016304 255 0 0 255 
-0.577350269189626 -0.577350269189626 0.577350269189626 255 0 0 255 
-0.539653346745961 -0.478658444960843 0.638345170974744 255 0 0 255 
-0.519832764419897 -0.426767486754393 0.670415546855131 255 0 0 255 
-0.56908570896368 -0.367681413045812 0.590722608537276 255 0 0 255 
-0.533311908255487 -0.328774671417912 0.648605833989898 255 0 0 255 
-0.573503826885278 0.205775988680198 0.583573943573877 255 0 0 255 
-0.569786690293484 0.370003397430977 0.589588396920175 255 0 0 255 
-0.534311236430355 0.332472221414144 0.646988887037047 255 0 0 255 
-0.577350269189626 0.577350269189626 0.577350269189626 255 0 0 255 
-0.500012182093834 -0.374876528547942 0.702485922735517 255 0 0 255 
-0.501415443838544 -0.28584604302873 0.700215397537464 255 0 0 255 
-0.479287309201015 -0.320618106902021 0.73601947148862 255 0 0 255 
-0.458562436308196 -0.266359685256099 0.769553020241722 255 0 0 255 
-0.455857871368911 0.174806677842426 0.773929098238266 255 0 0 255 
-0.502395087707109 0.290942716481288 0.698630300461255 255 0 0 255 
-0.460560755651376 0.271591353216922 0.76631967162408 255 0 0 255 
-0.501839347055069 0.37966010851951 0.699529507725185 255 0 0 255 
-0.481200051353223 0.325625730868216 0.732924589674632 255 0 0 255 
-0.405225112301455 -0.00578868743397091 0.855854623353595 255 0 0 255 
-0.377201954657831 0.0533551789543814 0.901197044893075 255 0 0 255 
-0.35682208977309 -1.87328936980504E-16 0.934172358962716 255 0 0 255 
-0.418473396834173 0.161405217336771 0.834418448687027 255 0 0 255 
-0.439364974125774 0.216100076764779 0.800615166550621 255 0 0 255 
-0.771819786935926 0.457161497446611 0.262691979700311 255 0 0 255 
-0.397581819542571 0.106710357908763 0.868221730823434 255 0 0 255 
-0.911369693767434 0.0510270826063421 0.0368954873200506 255 0 0 255 
-0.360933352604622 0.543990403345839 0.0360706869969249 255 255 255 255 
-0.397736209198275 0.525776937826353 0.0239639954085055 255 255 255 255 
-0.384861647689071 0.535160110221996 0.0558696105642828 255 255 255 255 
-0.261722685121065 0.772418843930772 -0.216053957226532 255 255 255 255 
-0.28900672129038 0.755556382228089 -0.239621812268651 255 255 255 255 
-0.262551101792052 0.74285743954654 -0.204002136767728 255 255 255 255 
-0.236441518600544 0.751676345892651 -0.170339622116301 255 255 255 255 
-0.236940836333648 0.787734868785619 -0.187461359138518 255 255 255 255 
-0.204340550566528 0.736637816291756 -0.0787981255256898 255 255 255 255 
-0.193002201517363 0.776025773309436 -0.0788833074525231 255 255 255 255 
-0.202844530976389 0.758865308583682 -0.0990942871724822 255 255 255 255 
-0.251778340158468 0.705840962388458 -0.162726725669361 255 255 255 255 
-0.23307285137666 0.724899685528305 -0.145044122692924 255 255 255 255 
-0.312245825405506 0.680313602436019 -0.218881860001059 255 255 255 255 
-0.277053589163357 0.710562006964475 -0.202570030612563 255 255 255 255 
-0.301827560042161 0.71706912750734 -0.233501892733269 255 255 255 255 
-0.380028502790333 0.699301827544437 0.279936130162745 255 255 255 255 
-0.336338820141547 0.690349900630251 0.24684849345914 255 255 255 255 
-0.36756642191992 0.672755853247808 0.256587832374511 255 255 255 255 
-0.379458820133831 0.623387042259857 0.222386144395203 255 255 255 255 
-0.411989573365132 0.619747517826695 0.237163514871998 255 255 255 255 
-0.386696931990591 0.636348018030902 0.239256788444044 255 255 255 255 
-0.426763670070711 0.594270208787181 0.21673586131777 255 255 255 255 
-0.438649976024696 0.604887109242435 0.233488928937681 255 255 255 255 
-0.254225988531152 0.727980693180851 0.18367637493527 255 255 255 255 
-0.228658705016983 0.756874284463262 0.159542936245612 255 255 255 255 
-0.238089707525103 0.727502353818693 0.156833926524913 255 255 255 255 
-0.454684933058461 0.62080399269611 0.254210310124723 255 255 255 255 
-0.215909808616381 0.800732758731605 -0.154980485698901 255 255 255 255 
-0.202248646432526 0.781942133020829 -0.114622041194277 255 255 255 255 
-0.199065832907998 0.811142908226822 -0.119285041792528 255 255 255 255 
-0.462381549386977 0.588031453839794 0.222526195170851 255 255 255 255 
-0.508277413102465 0.587411886119379 0.230001387414125 255 255 255 255 
-0.482056067961265 0.603604844416889 0.244050777956474 255 255 255 255 
-0.394764786209485 0.533338284083642 -0.0682684657813918 255 255 255 255 
-0.360866517671505 0.547474093092596 -0.0583399076285926 255 255 255 255 
-0.379081590607933 0.544328230365545 -0.0846191234665275 255 255 255 255 
-0.522785579419407 0.521597173534136 -0.119226797534114 255 255 255 255 
-0.510429271322612 0.510607063920719 -0.0814622952129667 255 255 255 255 
-0.501659410379293 0.520870467268232 -0.114740924739151 255 255 255 255 
-0.471703748527819 0.52376245517407 -0.1128053568762 255 255 255 255 
-0.201466025121822 0.785596980372714 0.114543235591904 255 255 255 255 
-0.187300029845667 0.818414574423973 0.0832179717837393 255 255 255 255 
-0.191085395445972 0.787434217757364 0.08072116814003 255 255 255 255 
-0.502326787377374 0.532712861441917 -0.14445656612961 255 255 255 255 
-0.54272783449336 0.533478349651955 0.147012730301414 255 255 255 255 
-0.526946413164983 0.516543467683286 0.104263166816577 255 255 255 255 
-0.558538961554996 0.522426275051922 0.117014104941727 255 255 255 255 
-0.579607356921963 0.507189949734492 0.0403978816727111 255 255 255 255 
-0.610063638755815 0.512046309249471 0.0271112179470345 255 255 255 255 
-0.596186537850295 0.512163675980395 0.0544287993975732 255 255 255 255 
-0.378666596843592 0.533538890415644 -0.0176652158059362 255 255 255 255 
-0.35121999220037 0.547260272791269 -0.000227940447789881 255 255 255 255 
-0.353673676388804 0.546996307870346 -0.0262713369876102 255 255 255 255 
-0.186480317637293 0.780688161233813 0.0501410655216885 255 255 255 255 
-0.183876327937896 0.776167111462795 0.00935336464115948 255 255 255 255 
-0.189530545874859 0.75933727946191 0.0336306214432752 255 255 255 255 
-0.195402827391127 0.747436618114773 0.0522499305484543 255 255 255 255 
-0.405750607318133 0.557459093217731 -0.148806238593345 255 255 255 255 
-0.401178813642488 0.541687819645969 -0.10737130228323 255 255 255 255 
-0.382190614378899 0.558302811847095 -0.128174780858132 255 255 255 255 
-0.361645799463731 0.559468832879494 -0.103870435306126 255 255 255 255 
-0.212507105050717 0.703097424195709 -0.0511734327558599 255 255 255 255 
-0.235134842498702 0.66869714553431 -0.0703325861169744 255 255 255 255 
-0.225282454838775 0.674147168032813 -0.03281873386483 255 255 255 255 
-0.201119723794341 0.720777988901573 -0.0161399299204606 255 255 255 255 
-0.213179715269773 0.695006207051724 -0.0242153342652851 255 255 255 255 
-0.62956460559527 0.516466568364062 -0.00628485291782845 255 255 255 255 
-0.657056029334652 0.528089400320925 -0.0347549422372881 255 255 255 255 
-0.658854788631651 0.526977705937726 0.00371611779240162 255 255 255 255 
-0.187997161809763 0.766703765610341 -0.0372649006888648 255 255 255 255 
-0.553760529876121 0.55766542193659 0.18940410525433 255 255 255 255 
-0.573123330691938 0.544557492459071 0.16297502748702 255 255 255 255 
-0.605934522749526 0.511051334568008 -0.0271957777763599 255 255 255 255 
-0.605715518082907 0.509916293216156 -0.00157638755912895 255 255 255 255 
-0.620750048214267 0.520688864873061 0.067797622664247 255 255 255 255 
-0.656198584029209 0.528619330662241 0.0421184976871795 255 255 255 255 
-0.649278527888816 0.532896160561877 0.0791708271388597 255 255 255 255 
-0.580813766788866 0.507053152211864 -0.0375040244442172 255 255 255 255 
-0.597051629794783 0.511597110112181 -0.0495577790901888 255 255 255 255 
-0.271189790621154 0.66551037819305 -0.153074285138315 255 255 255 255 
-0.310855083344606 0.638763312473606 -0.177290669095852 255 255 255 255 
-0.288376378082157 0.633339565592671 -0.137617418957831 255 255 255 255 
-0.317143159424152 0.602128319271857 -0.131254098648028 255 255 255 255 
-0.328283684176307 0.577813562934087 -0.0952593864745429 255 255 255 255 
-0.302180613262522 0.589007828997037 -0.0637818611769628 255 255 255 255 
-0.305488360705314 0.596591674326297 -0.0971961257857515 255 255 255 255 
-0.276481260727117 0.616517239536866 0.0745384701676139 255 255 255 255 
-0.2567830123629 0.629075662354873 0.0327318547266309 255 255 255 255 
-0.277256092383132 0.608185460502237 0.0443927883700428 255 255 255 255 
-0.295927634253361 0.592088106938728 0.0532512065463878 255 255 255 255 
-0.279359600828084 0.603744850798608 -0.0289573228870854 255 255 255 255 
-0.283453476557179 0.598594268798281 0.0164026880325363 255 255 255 255 
-0.263130309611303 0.619283722467987 -0.00317649047917688 255 255 255 255 
-0.472074402709513 0.513687984068126 -0.0779551960162991 255 255 255 255 
-0.471534015792133 0.507314018633974 -0.041018575984717 255 255 255 255 
-0.435992209926115 0.520877118262031 -0.0754734573052703 255 255 255 255 
-0.437973833088693 0.514159764284754 -0.0396539687759097 255 255 255 255 
-0.409959985675546 0.522450487115684 -0.037169818701945 255 255 255 255 
-0.391676356138421 0.595839311136782 0.198998550964247 255 255 255 255 
-0.55419573008173 0.555109980251674 -0.18532507776875 255 255 255 255 
-0.560905418782957 0.587513745680658 -0.228082563424934 255 255 255 255 
-0.585224786110234 0.572483550087671 -0.203920276553385 255 255 255 255 
-0.240727925429994 0.692529309853751 0.12755694920188 255 255 255 255 
-0.254372178988198 0.661929383545061 0.115102359788425 255 255 255 255 
-0.253360038576243 0.681017409741842 0.139780214526401 255 255 255 255 
-0.27278856994335 0.669402455672314 0.160215807611289 255 255 255 255 
-0.2961085062962 0.684364135090248 0.205236939147444 255 255 255 255 
-0.268051007756351 0.69803376809299 0.181132555986363 255 255 255 255 
-0.363969541670113 0.567948598277138 0.128111883697932 255 255 255 255 
-0.36473938551176 0.550724422481125 0.0813991831801028 255 255 255 255 
-0.393099528719824 0.546638038550264 0.111736739179397 255 255 255 255 
-0.40664626996827 0.556353546712807 0.147336085741249 255 255 255 255 
-0.248926647172293 0.702310552594565 0.154513613339732 255 255 255 255 
-0.224763529506281 0.724902100075677 0.126908536288943 255 255 255 255 
-0.371585989407419 0.536608268755329 0.0107965025743898 255 255 255 255 
-0.321394444470063 0.567564697141244 0.0246734653752249 255 255 255 255 
-0.326571057007747 0.56432491501059 -0.0292019733965036 255 255 255 255 
-0.300114332368109 0.596082276095296 0.0824131729726772 255 255 255 255 
-0.431657807795549 0.569415235829445 0.185894502773833 255 255 255 255 
-0.435574018670283 0.551277867800012 0.157313511708586 255 255 255 255 
-0.324238742397465 0.574157950704409 0.0738412121636212 255 255 255 255 
-0.336662844249628 0.599874320973104 0.154480883809962 255 255 255 255 
-0.314654492030811 0.59493492543726 0.112053771365378 255 255 255 255 
-0.338259638579062 0.583019318325876 0.125410654073287 255 255 255 255 
-0.340308119056145 0.572862294148114 0.10465111093504 255 255 255 255 
-0.499017981176254 0.538883803269901 0.156804793221833 255 255 255 255 
-0.513172009017813 0.526719702820054 0.131950399007034 255 255 255 255 
-0.350682227954164 0.621032622614253 0.197821578527435 255 255 255 255 
-0.363132104238689 0.598232848928979 0.179851984690169 255 255 255 255 
-0.376320342162622 0.580552578094587 0.164995053964639 255 255 255 255 
-0.531747111606235 0.569461354663807 -0.208317783409588 255 255 255 255 
-0.415942988010991 0.575533620938997 -0.186432564201514 255 255 255 255 
-0.430581476415244 0.558467537383474 -0.167557402079187 255 255 255 255 
-0.456451972764048 0.562740586992352 -0.186569304245993 255 255 255 255 
-0.179109184041711 0.823476795527686 -0.0401847236528704 255 255 255 255 
-0.185210332254923 0.795976226638568 -0.0596346258068829 255 255 255 255 
-0.287045126970316 0.675708285629657 -0.186879946053789 255 255 255 255 
-0.318830119465245 0.737124508495906 -0.258464233854065 255 255 255 255 
-0.318139621107469 0.705507486950625 -0.241535068079398 255 255 255 255 
-0.342889840197927 0.689906449628041 -0.251456398647252 255 255 255 255 
-0.397375373881391 0.655649122869025 0.260766460880666 255 255 255 255 
-0.426231575925687 0.638206462770208 0.259744571314967 255 255 255 255 
-0.280358089242189 0.729841807851804 0.218397035333277 255 255 255 255 
-0.306282432652926 0.709795924714286 0.233457017105789 255 255 255 255 
-0.21662693589905 0.800289549699427 0.156263733548886 255 255 255 255 
-0.213875365555284 0.775007368900752 0.139728534677365 255 255 255 255 
-0.212769542603694 0.758365706566526 0.126643262729881 255 255 255 255 
-0.26099341918754 0.772869555065157 0.21532308900023 255 255 255 255 
-0.237055895628269 0.787663758230872 0.187614634046754 255 255 255 255 
-0.247086865520663 0.758088548738214 0.190498325275456 255 255 255 255 
-0.507531520672203 0.585761683965575 -0.228040625005582 255 255 255 255 
-0.504421060142227 0.555855158418537 -0.187460413061064 255 255 255 255 
-0.482051829668324 0.571969649787316 -0.207192982858024 255 255 255 255 
-0.46089554965624 0.588885280083402 -0.223103469382171 255 255 255 255 
-0.455748909869204 0.620731594434107 -0.254439868023094 255 255 255 255 
-0.482125182911584 0.60312347376395 -0.243574919828914 255 255 255 255 
-0.505245038396458 0.621913752586371 -0.264120580871416 255 255 255 255 
-0.508001096090876 0.559796241036325 0.193879517234869 255 255 255 255 
-0.487674043204248 0.573785700260862 0.210706837637671 255 255 255 255 
-0.472642879970376 0.563798120735298 0.193383492610852 255 255 255 255 
-0.558880174007032 0.588765415787908 0.229819890462909 255 255 255 255 
-0.532244967536829 0.572084011268004 0.211797330601542 255 255 255 255 
-0.359745708401372 0.649388261666468 0.233328594592025 255 255 255 255 
-0.329034488610291 0.66174930494416 0.219377893850915 255 255 255 255 
-0.439768773061345 0.579409048394092 -0.203809675723772 255 255 255 255 
-0.427359708002161 0.594161527995505 -0.216878574124422 255 255 255 255 
-0.301324924894039 0.582247548545682 -0.0100773637632391 255 255 255 255 
-0.301588521932002 0.5838773569439 -0.033045799854027 255 255 255 255 
-0.44303040622101 0.536133159981655 0.1293802230154 255 255 255 255 
-0.462420915210703 0.54805531765594 0.164096885947912 255 255 255 255 
-0.293442224669035 0.607421301114735 0.0968570058193682 255 255 255 255 
-0.284922159555162 0.624911240527237 0.116416046502678 255 255 255 255 
-0.26520354050321 0.636996774414715 0.0947488164053674 255 255 255 255 
-0.249076686923281 0.648307870027642 0.070849589482234 255 255 255 255 
-0.433275476255832 0.515219864673388 0.0379214638425441 255 255 255 255 
-0.468709962084173 0.506777596611841 0.0316196568003315 255 255 255 255 
-0.447599426501886 0.514209979810642 0.0565951287036743 255 255 255 255 
-0.470519976737697 0.513405790663812 0.0756143410627845 255 255 255 255 
-0.318708175187991 0.645522734311836 0.193814284367692 255 255 255 255 
-0.325992078098869 0.62406575114586 0.176814960168884 255 255 255 255 
-0.508788766507362 0.507774751991983 0.0681833330084894 255 255 255 255 
-0.497511347926978 0.514063128401829 0.0917190199177551 255 255 255 255 
-0.202197721428199 0.751614918963007 0.0895434962515448 255 255 255 255 
-0.296198152097792 0.657372415617452 0.180161269882779 255 255 255 255 
-0.277229696456889 0.646542677486663 0.138155410058754 255 255 255 255 
-0.308475067190949 0.612324965445575 0.13601692374512 255 255 255 255 
-0.401052314613781 0.574425141518951 0.175084489419351 255 255 255 255 
-0.259556655695897 0.624669638400917 -0.0241592544445476 255 255 255 255 
-0.227569145330705 0.69597965004395 0.09836805552866 255 255 255 255 
-0.209995493807374 0.713999991223141 0.0643239730372343 255 255 255 255 
-0.223914907801622 0.689517125314799 0.0737761140358067 255 255 255 255 
-0.23512144423744 0.673647724942303 0.0819507742314707 255 255 255 255 
-0.405087401532362 0.522214192394694 -0.00863043419198567 255 255 255 255 
-0.341963226360277 0.557803301685032 0.0544949722693406 255 255 255 255 
-0.419276116344326 0.526994425805208 0.0800867024622978 255 255 255 255 
-0.484212699624647 0.523567392539035 0.117442158205792 255 255 255 255 
-0.45389729990302 0.523373631416897 0.10114125211734 255 255 255 255 
-0.637550780441352 0.519682019442793 0.0213546843632839 255 255 255 255 
-0.631413784238621 0.519360229871703 0.039720591937287 255 255 255 255 
-0.339031588187591 0.643826066915267 0.21181787954124 255 255 255 255 
-0.331752849433833 0.566826774949345 -0.0656989472413238 255 255 255 255 
-0.196424564671686 0.734217843764879 0.0223732555898095 255 255 255 255 
-0.209832641938822 0.702994891039165 0.0300979504324103 255 255 255 255 
-0.242388749328213 0.645523588927653 -0.0118291715381002 255 255 255 255 
-0.235484995300259 0.656508606420159 0.0237906935713261 255 255 255 255 
-0.217941349038897 0.684059790084044 0.0035908739109612 255 255 255 255 
-0.19086414587746 0.748992583203236 -0.00545162174889939 255 255 255 255 
-0.525837979824153 0.546142674494519 0.172553716256428 255 255 255 255 
-0.335355175531718 0.648900843240159 -0.213433723543912 255 255 255 255 
-0.337914978922519 0.666555098206865 -0.230941268761595 255 255 255 255 
-0.179448589663191 0.823267031317626 0.0428782393272279 255 255 255 255 
-0.185126762394146 0.802292137282652 0.0644213930369483 255 255 255 255 
-0.341657367188838 0.578576016851911 -0.120798030851077 255 255 255 255 
-0.357646649954316 0.615146958208864 -0.196940473611964 255 255 255 255 
-0.335859746662314 0.607405186998243 -0.165167891164621 255 255 255 255 
-0.526029622595999 0.542710156531129 -0.166350430860903 255 255 255 255 
-0.216255967102678 0.742455144103326 -0.122551347829485 255 255 255 255 
-0.216189272553468 0.768753536464897 -0.141338906235145 255 255 255 255 
-0.476333661579693 0.544355338151679 -0.161996841990649 255 255 255 255 
-0.473808027642172 0.534817136974117 -0.141608916817906 255 255 255 255 
-0.579728600311676 0.512247008928104 -0.0711838451078649 255 255 255 255 
-0.621080393962128 0.519651501298407 -0.0620320335152726 255 255 255 255 
-0.221447361718538 0.701569173329691 -0.0876702078314577 255 255 255 255 
-0.234382687398164 0.683381828675972 -0.0981691593665582 255 255 255 255 
-0.595191643016663 0.532709386389545 -0.12879629982224 255 255 255 255 
-0.556494675787506 0.519070823101834 -0.107741897755215 255 255 255 255 
-0.567209744280342 0.530193570977119 -0.134486735732817 255 255 255 255 
-0.573520813288902 0.540391767328035 -0.154775553382854 255 255 255 255 
-0.180246211282164 0.801064194544409 0.02610270148399 255 255 255 255 
-0.363863310202348 0.649889857823462 -0.236630208226867 255 255 255 255 
-0.371363434113918 0.672599394456773 -0.25878236801833 255 255 255 255 
-0.400011617592141 0.65561188513099 -0.262019898337227 255 255 255 255 
-0.396500707434995 0.601549324411942 -0.209160113798055 255 255 255 255 
-0.384224208931546 0.588041461503794 -0.183063178433557 255 255 255 255 
-0.383896916312673 0.623857329715946 -0.225716146848368 255 255 255 255 
-0.414530194352687 0.620790445296704 -0.239371195810961 255 255 255 255 
-0.439267963782525 0.605313730277016 -0.234166270204167 255 255 255 255 
-0.445895363694771 0.542852520039875 -0.146241126177362 255 255 255 255 
-0.434765467323024 0.532724665057894 -0.114665683083205 255 255 255 255 
-0.421561890382364 0.542686933267111 -0.129641910219766 255 255 255 255 
-0.381581086715831 0.698342277908789 -0.280219348028971 255 255 255 255 
-0.349574981622526 0.718123138703369 -0.271855539712063 255 255 255 255 
-0.391722999679543 0.574308298736663 -0.1678589979115 255 255 255 255 
-0.362839933401821 0.580046420429155 -0.150796979853594 255 255 255 255 
-0.390150803089684 0.636867702033228 -0.24169146293603 255 255 255 255 
-0.250871516294641 0.683485716993085 -0.137869629774468 255 255 255 255 
-0.251933205582555 0.663313785239663 -0.111532713351643 255 255 255 255 
-0.205354751764572 0.710084924725606 0.0100109982660896 255 255 255 255 
-0.17667760129485 0.824979596310864 0.00162445162569101 255 255 255 255 
-0.64005312316646 0.53859777424075 -0.109787902077055 255 255 255 255 
-0.650750699877302 0.531986308235807 -0.0729591601453489 255 255 255 255 
-0.604426608080324 0.523116196493442 -0.0950162983390744 255 255 255 255 
-0.543301698455465 0.532764887150657 -0.145395376810082 255 255 255 255 
-0.547740415101139 0.509533016599685 -0.0751946988307244 255 255 255 255 
-0.385603828896791 0.533143700635387 -0.0453164544744093 255 255 255 255 
-0.345112667655102 0.561987832487769 -0.080936171669883 255 255 255 255 
-0.271477146162142 0.645301033543465 -0.125245322392529 255 255 255 255 
-0.217749082406026 0.720191762419663 -0.103089799244196 255 255 255 255 
-0.628720016052206 0.517742384920065 -0.0326384324792335 255 255 255 255 
-0.54391673191292 0.503306871027809 -0.039006056412005 255 255 255 255 
-0.50558312291171 0.501237833482899 -0.0021520975801468 255 255 255 255 
-0.5077423927382 0.503539484783102 -0.0411112518084048 255 255 255 255 
-0.540749845255831 0.503003179501998 0.0376239791876411 255 255 255 255 
-0.541710870862072 0.501016751229835 -0.000820616100516981 255 255 255 255 
-0.436084186686316 0.512355548170284 -0.00444361328209599 255 255 255 255 
-0.470154167662515 0.505113732741027 -0.00391568934604952 255 255 255 255 
-0.278105647952617 0.61086375961683 -0.0606943222647329 255 255 255 255 
-0.200007893836231 0.731151025775618 -0.0460889036061429 255 255 255 255 
-0.226125178875214 0.676599667145167 0.0494215035144151 255 255 255 255 
-0.241089421481891 0.651901481211453 0.0444726085623093 255 255 255 255 
-0.186758264705483 0.818749403694228 -0.0811154266438883 255 255 255 255 
-0.180183662074541 0.797565828639103 -0.0167016375411845 255 255 255 255 
-0.254309428176385 0.645919390844343 -0.0831583800405684 255 255 255 255 
-0.590547694185225 0.533256975209183 0.132514019530592 255 255 255 255 
-0.638211420843366 0.53973600887229 0.114804917610441 255 255 255 255 
-0.623195509087467 0.549016352710341 0.148382433255351 255 255 255 255 
-0.576375275714704 0.504334236243327 -2.40119889677211E-05 255 255 255 255 
-0.625270030500615 0.547734227966752 -0.144338314599669 255 255 255 255 
-0.502088348475424 0.503527379980772 0.0380308454161256 255 255 255 255 
-0.537479490724507 0.508614890084647 0.0733035211645782 255 255 255 255 
-0.573358803702862 0.51363294678955 0.0815509900752398 255 255 255 255 
-0.606168737670399 0.524952956927262 0.0997531852772522 255 255 255 255 
-0.584142955924337 0.52066790779743 -0.100991790977501 255 255 255 255 
-0.604499791382797 0.56057094169633 0.179301889115631 255 255 255 255 
-0.606623527517569 0.559258400580859 -0.176201258214855 255 255 255 255 
-0.503726030766487 0.622852550930099 0.264808858230963 255 255 255 255 
-0.273803625779546 0.709560992150106 0.197803451412561 255 255 255 255 
-0.256653585324393 0.633075707800274 -0.0525200932397761 255 255 255 255 
-0.255896806714908 0.727249733831567 -0.18563841852971 255 255 255 255 
-0.233064052311196 0.702271657691067 -0.121776926190905 255 255 255 255 
-0.270871572273001 0.68872459821719 -0.17699298692542 255 255 255 255 
-0.214872935759265 0.721030116802977 0.0952138147148801 255 255 255 255 
-0.301266396660643 0.633635095641576 0.158176395049666 255 255 255 255 
-0.442721226002457 0.660555593752008 0.281909860406982 255 255 255 255 
-0.473698636555648 0.641410501146835 0.275701134077805 255 255 255 255 
-0.411320036172016 0.67996259635457 0.283329560741786 255 255 255 255 
-0.471908213978481 0.535548359683579 0.142525585348318 255 255 255 255 
-0.317476148168075 0.737961308776797 0.257742019003749 255 255 255 255 
-0.278610633443332 0.622433710186464 -0.0966872541958163 255 255 255 255 
-0.532274314583911 0.60520874121131 0.249430106810602 255 255 255 255 
-0.348109808993807 0.719028665187358 0.271341637259934 255 255 255 255 
-0.259867733460168 0.746877355773363 0.202602404793084 255 255 255 255 
-0.475267107869499 0.640441132564554 -0.275254929991819 255 255 255 255 
-0.534089595535784 0.60408683588391 -0.248266677668599 255 255 255 255 
-0.199738661513003 0.8107270772803 0.120975277864167 255 255 255 255 
-0.428196436792232 0.638237643022629 -0.260514172941927 255 255 255 255 
-0.412904957084064 0.678983061361455 -0.283373328645406 255 255 255 255 
-0.287974781786131 0.756194155916011 0.238851142355879 255 255 255 255 
-0.444311634387513 0.659572667314536 -0.281709094404249 255 255 255 255 
-0.583092247817743 0.573801531234731 0.206310876774281 255 255 255 255 
-0.487323134926261 0.50692979111038 0.0536720559910849 255 255 255 255 
-0.485356132919617 0.551773839628558 0.177601854216958 255 255 255 255 
-0.238865683806708 0.654582312671068 -0.0420163187408117 255 255 255 255 
-0.415025995402891 0.540163698908792 0.11765259029201 255 255 255 255 
0.554393307293509 0.557524857495257 0.189091658996618 255 255 255 255 
0.604835897977299 0.560363216396405 0.178817079962835 255 255 255 255 
0.570765513115827 0.543497864444324 0.161644584739769 255 255 255 255 
0.62493783319558 0.523608856299942 0.0755088610112331 255 255 255 255 
0.638338431571066 0.539657511927413 0.114467299425206 255 255 255 255 
0.649335713092174 0.532860818162621 0.078939373945857 255 255 255 255 
0.593601999021193 0.533620963841227 0.131854542586055 255 255 255 255 
0.623416656217663 0.548879676267375 0.147958502019336 255 255 255 255 
0.608087499854128 0.514881070215468 0.0545537198634596 255 255 255 255 
0.627946520998749 0.519534401056523 0.0491318125788417 255 255 255 255 
0.606080392299595 0.511210061164101 -0.0287049180973473 255 255 255 255 
0.630299775248462 0.516849812063746 -0.0119285191154364 255 255 255 255 
0.628984024355926 0.518003919222062 -0.0344221333849173 255 255 255 255 
0.621035638562776 0.51964220293998 -0.0620511916284943 255 255 255 255 
0.581124432020451 0.515537047794101 0.0844413855584246 255 255 255 255 
0.609890255326383 0.526606058424622 0.102040377591906 255 255 255 255 
0.575498219463148 0.504219659239812 -0.00294855072709759 255 255 255 255 
0.606414139484632 0.510078888565212 -0.00100823997773563 255 255 255 255 
0.60674502562759 0.559183310620495 -0.176021149707543 255 255 255 255 
0.556032393608798 0.556076362492383 -0.186568293626114 255 255 255 255 
0.575590620563815 0.543818326523002 -0.160834876542023 255 255 255 255 
0.306693723274106 0.684913635734158 0.216918906277398 255 255 255 255 
0.268493064531598 0.712179659649989 0.192754579324299 255 255 255 255 
0.294758470504333 0.721862266628868 0.22927091037962 255 255 255 255 
0.291250354605809 0.754169740580889 0.241267855139081 255 255 255 255 
0.275147506542909 0.740057639713987 0.217892192762876 255 255 255 255 
0.244143256639772 0.748128382525746 -0.180824312107709 255 255 255 255 
0.275318331945395 0.712573006269995 -0.201811694650857 255 255 255 255 
0.26581659689128 0.746940613721249 -0.210210942397187 255 255 255 255 
0.316929420224916 0.738299205229494 -0.257447028798976 255 255 255 255 
0.300731356514004 0.718772538146386 -0.233416434351132 255 255 255 255 
0.317206644397227 0.707355849894881 -0.241834863578551 255 255 255 255 
0.264821323790641 0.770503779913904 0.219094815519752 255 255 255 255 
0.444386674565738 0.659526289932061 0.281699311434803 255 255 255 255 
0.445713352237478 0.634603020796575 0.263477725046939 255 255 255 255 
0.427417904038468 0.642812622173291 0.263889752515734 255 255 255 255 
0.504812189608492 0.622181267849327 0.264318120402681 255 255 255 255 
0.463031939999954 0.610679398903498 0.246946424276298 255 255 255 255 
0.475078291735327 0.640557827353063 0.275309337157757 255 255 255 255 
0.219601891187798 0.798450926215021 0.161431332253325 255 255 255 255 
0.205292395371116 0.776945079201569 0.119943713046083 255 255 255 255 
0.201996665440733 0.809331554106193 0.126446539185114 255 255 255 255 
0.560966746895283 0.587475842823532 -0.228029359778167 255 255 255 255 
0.585322523241049 0.572423145218927 -0.203809301046207 255 255 255 255 
0.507872868971817 0.585852798719684 -0.228173392941496 255 255 255 255 
0.534104087663994 0.60407787925611 -0.24825729379523 255 255 255 255 
0.512983473609005 0.510255395843718 -0.0804267421676657 255 255 255 255 
0.544390658161393 0.503348685054238 -0.0391542653402598 255 255 255 255 
0.548887555588213 0.509004796090279 -0.0724001480074441 255 255 255 255 
0.559566769152846 0.588341076650723 0.229235150260935 255 255 255 255 
0.512747347426751 0.590885642492483 0.234208198960604 255 255 255 255 
0.533158399106637 0.604662346927409 0.24886645466622 255 255 255 255 
0.621609935402452 0.514880330519445 0.023778928947225 255 255 255 255 
0.658854648394661 0.526977792609018 0.00372866937491254 255 255 255 255 
0.583593775854197 0.573491569861897 0.205753903168964 255 255 255 255 
0.235021344165024 0.655747625831885 -0.00076174771612343 255 255 255 255 
0.254039918396322 0.631843749943444 -0.0284141944114285 255 255 255 255 
0.231034052544586 0.66513423745115 -0.0351744935896833 255 255 255 255 
0.379087995723367 0.626030015406716 -0.224813913693863 255 255 255 255 
0.362609450957398 0.653094891960281 -0.238459605716457 255 255 255 255 
0.358683432929047 0.633358788707078 -0.217667753872316 255 255 255 255 
0.306918733647725 0.586533840929006 -0.0697378702495611 255 255 255 255 
0.293406912982443 0.609250058821175 -0.101247936381104 255 255 255 255 
0.286931011669557 0.605879458283036 -0.0745754531375361 255 255 255 255 
0.341025943860831 0.690415586117179 0.250417000968418 255 255 255 255 
0.314720668119705 0.707798118385602 0.239932702007285 255 255 255 255 
0.267969624396988 0.673819707110594 -0.157447696334381 255 255 255 255 
0.307054952221554 0.637191558290037 -0.17063377642019 255 255 255 255 
0.293311135719689 0.671821075192915 -0.191052037698418 255 255 255 255 
0.252140402304834 0.693088087674452 0.151069892950197 255 255 255 255 
0.274633619159522 0.678403313682847 0.172571288485612 255 255 255 255 
0.272343739128935 0.654975229554802 0.141442239346993 255 255 255 255 
0.249961123921503 0.676585165103671 0.127090776415954 255 255 255 255 
0.240477425809566 0.753919218665783 0.178250761579221 255 255 255 255 
0.242863671506826 0.721596658950399 0.160720370717782 255 255 255 255 
0.248876317136848 0.660350932902107 0.098170157884443 255 255 255 255 
0.412817768601665 0.621767421809158 -0.239505683064866 255 255 255 255 
0.455083019305362 0.621063243108902 -0.254555292358074 255 255 255 255 
0.427135839255066 0.638925044036214 -0.260674457693383 255 255 255 255 
0.382189508948004 0.697966252289105 0.280327015688781 255 255 255 255 
0.350471469313155 0.717569078840048 0.272164124894023 255 255 255 255 
0.322417810404406 0.619700022587562 0.166809579762753 255 255 255 255 
0.298328766254803 0.616607087656443 0.126537385378238 255 255 255 255 
0.297213391069988 0.63542362170279 0.154780196709895 255 255 255 255 
0.460530747223198 0.589078566183207 -0.223223821632473 255 255 255 255 
0.481952238254168 0.603249155096646 -0.243671566190258 255 255 255 255 
0.400578195731252 0.656088941210486 0.262645059679408 255 255 255 255 
0.36145783473182 0.648011238060251 0.233348440938417 255 255 255 255 
0.370516485029395 0.672211596193069 0.258007494273866 255 255 255 255 
0.456671523928658 0.562650718063233 -0.186511986940788 255 255 255 255 
0.446760164028723 0.541855577599599 -0.14459977462724 255 255 255 255 
0.478198174050152 0.543925149655827 -0.161740502336008 255 255 255 255 
0.2355355970076 0.704820428163572 -0.130460964365738 255 255 255 255 
0.242360848245713 0.674438718961097 -0.105596368804927 255 255 255 255 
0.251951428424777 0.674008105437796 -0.127835989859539 255 255 255 255 
0.413245126504627 0.576490172016085 -0.186233317438629 255 255 255 255 
0.395373267967989 0.602491670308578 -0.209580234453995 255 255 255 255 
0.384243470948663 0.591544465820282 -0.188003060229964 255 255 255 255 
0.360794615273822 0.612447459155739 -0.196354568167033 255 255 255 255 
0.557660057206805 0.516653259777367 -0.099630216358782 255 255 255 255 
0.589149987104121 0.531686449832176 -0.129382318303739 255 255 255 255 
0.557110597455062 0.525039953587045 -0.124470475050358 255 255 255 255 
0.53170673439392 0.521622187253502 -0.119182458593635 255 255 255 255 
0.366151694298503 0.539336094854707 -0.0108424429028856 255 255 255 255 
0.332384036276196 0.559057786221238 0.00950882261960656 255 255 255 255 
0.358792021780489 0.543696772541934 0.020262280641489 255 255 255 255 
0.389184899258917 0.529582175521829 0.0277500408300868 255 255 255 255 
0.409768352522024 0.541027945052222 -0.114831706895984 255 255 255 255 
0.372268114581131 0.55758463865036 -0.114286169605237 255 255 255 255 
0.38698910898876 0.543811954910727 -0.0953969317441177 255 255 255 255 
0.352397395147174 0.589376535952686 0.15553513153906 255 255 255 255 
0.388517983419684 0.563168201430052 0.145004510377596 255 255 255 255 
0.36007771829558 0.570809940690224 0.129414226038022 255 255 255 255 
0.37170768157301 0.552969193210745 0.100808922470549 255 255 255 255 
0.187211707326894 0.783264503159424 0.0579974003865284 255 255 255 255 
0.18383294639044 0.777472593825208 0.0158301355022424 255 255 255 255 
0.180645918532922 0.801918793593362 0.0322707283017768 255 255 255 255 
0.180188910516378 0.822809487867846 0.0482228970228077 255 255 255 255 
0.337521956260789 0.572021406295453 -0.0971749451282484 255 255 255 255 
0.350094066634977 0.575331788541877 -0.125901015025167 255 255 255 255 
0.323858650370233 0.597537293322294 -0.132970138364692 255 255 255 255 
0.213699220897448 0.696995967409778 -0.0390677452078603 255 255 255 255 
0.220815923826237 0.679483475592627 -0.0151152950462641 255 255 255 255 
0.244657367497944 0.654233546130965 -0.0701270930967461 255 255 255 255 
0.506103937008646 0.556031373650308 -0.187920628705882 255 255 255 255 
0.187006420950072 0.768220545711009 -0.0311582315504954 255 255 255 255 
0.190487239056718 0.750106257426193 0.00152933097487962 255 255 255 255 
0.200790420479613 0.720852815385319 -0.00812575772718301 255 255 255 255 
0.275719919032411 0.61837304704271 0.0777267324186453 255 255 255 255 
0.272490539810192 0.636368039701279 0.111589011985968 255 255 255 255 
0.221141102478293 0.698438752645955 -0.0809716995296542 255 255 255 255 
0.335318701232892 0.563528870653117 -0.0616774405476155 255 255 255 255 
0.319664182858434 0.56931946133515 -0.0298176768164173 255 255 255 255 
0.349482474624848 0.550735329710885 -0.0385632396571508 255 255 255 255 
0.269241351842632 0.612552013248526 0.00468685860223937 255 255 255 255 
0.27276035845695 0.609796696630928 -0.0222507226539018 255 255 255 255 
0.36785501620067 0.546621081266913 -0.0717012090978083 255 255 255 255 
0.347742233505776 0.608177786920076 0.17896031115198 255 255 255 255 
0.309995094947353 0.575061275069244 -0.00289482984434713 255 255 255 255 
0.369978956381995 0.579280550025037 -0.156842114493428 255 255 255 255 
0.249345094817487 0.646419645011918 0.0663355211095422 255 255 255 255 
0.25015771640045 0.637536472818648 0.0337873284270099 255 255 255 255 
0.551399935827749 0.531104305675795 0.140467590983817 255 255 255 255 
0.54890386802709 0.542265777191827 0.163895381081789 255 255 255 255 
0.519322901440865 0.540623854715904 0.162302873834693 255 255 255 255 
0.53458444794222 0.517528287958958 0.107009368056094 255 255 255 255 
0.526613364807878 0.527848979708442 0.135270843327536 255 255 255 255 
0.501973024928398 0.526294835904939 0.129339693949432 255 255 255 255 
0.216506302637648 0.687160458297786 0.0122850576016716 255 255 255 255 
0.205040017634771 0.711584227104381 0.0178243624993999 255 255 255 255 
0.429222537484041 0.544201067479886 0.138833178099807 255 255 255 255 
0.467634323125614 0.534754131627233 0.139046944385215 255 255 255 255 
0.447923223308403 0.530470988336472 0.118028874829913 255 255 255 255 
0.472363263188742 0.520604846785527 0.10354484996454 255 255 255 255 
0.424042465178537 0.527729664140551 0.0887769885980212 255 255 255 255 
0.402647397960841 0.545377296933095 0.118989421945597 255 255 255 255 
0.228513189066097 0.673958092453416 0.0542327425491992 255 255 255 255 
0.210056752486311 0.704187336125275 0.0373918436786294 255 255 255 255 
0.43831320555505 0.60574622452521 -0.234264496739392 255 255 255 255 
0.42607267098839 0.594715869170893 -0.21694585042755 255 255 255 255 
0.462040503075076 0.514076931465582 0.0718438008266307 255 255 255 255 
0.444779406448015 0.515488622507267 0.0601093214792065 255 255 255 255 
0.426440160447478 0.518003741760337 0.0445784253206868 255 255 255 255 
0.420233999371164 0.623557884232153 0.244538673866776 255 255 255 255 
0.597228994218083 0.511655970959999 -0.0497046585030872 255 255 255 255 
0.279302032666941 0.606898287845202 -0.0485532444529595 255 255 255 255 
0.291668947853975 0.59094976266203 -0.0164398943739105 255 255 255 255 
0.298714826135043 0.587455134401226 -0.0411295892462597 255 255 255 255 
0.338090914703529 0.608807660749324 -0.169714608303008 255 255 255 255 
0.334381539278942 0.624924170788477 -0.186903253230445 255 255 255 255 
0.334379256118259 0.645003682308336 -0.208791107940414 255 255 255 255 
0.312477117596239 0.683032616472587 -0.221194203294508 255 255 255 255 
0.310984637601659 0.658527744769934 -0.198677326643334 255 255 255 255 
0.250068912068661 0.712886555026812 -0.16592577246792 255 255 255 255 
0.235775150979588 0.729670064480763 -0.154237479919748 255 255 255 255 
0.218262351443082 0.754987842964938 -0.137155234175291 255 255 255 255 
0.214996973375094 0.729734849268658 -0.106412526790533 255 255 255 255 
0.214913171676439 0.801348714237364 -0.153171519826865 255 255 255 255 
0.198092198306083 0.811744647503359 -0.116786355429192 255 255 255 255 
0.206316156986592 0.786163382768958 -0.127731978687182 255 255 255 255 
0.176737666057349 0.82494247424673 0.00653147083781713 255 255 255 255 
0.179850598220978 0.798312763767656 -0.0112871251712269 255 255 255 255 
0.178637031642201 0.823768601758455 -0.0360977323472037 255 255 255 255 
0.299098302049239 0.585055804692763 0.0244307885884171 255 255 255 255 
0.481924161591493 0.589786561831037 0.229195977217093 255 255 255 255 
0.490505233792824 0.602618256161969 0.244415610283426 255 255 255 255 
0.210708142736603 0.716360835008531 0.0722961397365924 255 255 255 255 
0.200747416883424 0.755429425110904 0.0884222031199638 255 255 255 255 
0.213847064479 0.7319190710093 0.105504101224462 255 255 255 255 
0.27555888120821 0.608979742598091 0.0388452166733831 255 255 255 255 
0.289874516095644 0.597464781064928 0.0526165534673458 255 255 255 255 
0.312590952512866 0.581548116626843 0.0682276605876846 255 255 255 255 
0.30334582980847 0.59844909369693 0.0971549347003492 255 255 255 255 
0.345093606779245 0.626014636117482 0.198516200317223 255 255 255 255 
0.373644051765428 0.601015894812512 0.192488794518228 255 255 255 255 
0.379277579373881 0.581309863782217 0.168839623088512 255 255 255 255 
0.261231857596124 0.743759747070157 0.202766973086855 255 255 255 255 
0.223350330691458 0.738834725477176 0.136246198602785 255 255 255 255 
0.323025686344311 0.637402507568007 0.18956706616438 255 255 255 255 
0.452195715471796 0.582075641579131 0.212037556184801 255 255 255 255 
0.32726432093402 0.652161887759179 0.209076735192048 255 255 255 255 
0.333315419622415 0.668121399647084 0.228383922899199 255 255 255 255 
0.299843262363345 0.654356465300518 0.181502645211241 255 255 255 255 
0.527571342775095 0.570929284986177 0.210362741275668 255 255 255 255 
0.519105933323445 0.556945731857887 0.190245722809973 255 255 255 255 
0.478704614650035 0.54904554893204 0.171238944244536 255 255 255 255 
0.491803279409057 0.536703948275616 0.150951221312553 255 255 255 255 
0.220729513513228 0.766606032304196 0.149701370958686 255 255 255 255 
0.23103729959759 0.701193193943304 0.115403545685421 255 255 255 255 
0.387500766747562 0.535902405784164 0.0657709259432004 255 255 255 255 
0.597073155278666 0.50831205781422 0.0146455712769376 255 255 255 255 
0.404778662433422 0.575775897934865 0.179761754937404 255 255 255 255 
0.341457223568232 0.553582021573539 -0.0171251254091538 255 255 255 255 
0.331527225638539 0.582643443939701 0.113828393191611 255 255 255 255 
0.340568859196295 0.565889642328126 0.0844157474482078 255 255 255 255 
0.228330662891431 0.687095846068412 0.0854561121954508 255 255 255 255 
0.38718776202705 0.620181322069705 0.224030256969944 255 255 255 255 
0.366316517283672 0.62305008110038 0.212802480972288 255 255 255 255 
0.584034676429075 0.507652946996315 0.0381203553781371 255 255 255 255 
0.231441846991633 0.662848167595904 0.0249799230530646 255 255 255 255 
0.251212805818215 0.633546686641589 0.00234517419578908 255 255 255 255 
0.395677968916422 0.525788212044485 -0.00710446784842805 255 255 255 255 
0.399300555115846 0.526985852437977 -0.0419083591779235 255 255 255 255 
0.195587863960641 0.749937610603587 0.0579852351434488 255 255 255 255 
0.189755887062433 0.761298366669461 0.0404572529154027 255 255 255 255 
0.582685902250913 0.519630813971529 -0.0983967235296548 255 255 255 255 
0.196461608537554 0.735721282542479 0.0295431567089464 255 255 255 255 
0.21220780605773 0.695585823963348 -0.0125692948434725 255 255 255 255 
0.437305110297649 0.521275324313029 -0.0786932825337349 255 255 255 255 
0.434142307484664 0.515388108779549 -0.0413571413542419 255 255 255 255 
0.470977912021392 0.507470515670128 -0.0415857402701157 255 255 255 255 
0.562569261806843 0.507270223362175 0.0568570539124572 255 255 255 255 
0.189642193301323 0.780786393701091 -0.0682876431966685 255 255 255 255 
0.183925304153493 0.797762918391257 -0.0535878786336203 255 255 255 255 
0.198928457449778 0.777662651131686 -0.101846717210909 255 255 255 255 
0.201280534366895 0.742992272331893 -0.0751096679411969 255 255 255 255 
0.207245535822839 0.750969167916481 -0.105501223932679 255 255 255 255 
0.579889376543954 0.511919085665073 -0.06948166981306 255 255 255 255 
0.602993989114777 0.522553368840846 -0.0942471114918375 255 255 255 255 
0.506451841883073 0.532714563315806 -0.145068445333313 255 255 255 255 
0.474866839225542 0.523234616610933 -0.112745124634092 255 255 255 255 
0.506418838245203 0.520530157553901 -0.114662077403261 255 255 255 255 
0.549496033776882 0.53457055322763 -0.148420014887106 255 255 255 255 
0.319974047753115 0.736417521933424 0.259065220183884 255 255 255 255 
0.529498876238914 0.543421056202792 -0.167617670153982 255 255 255 255 
0.236064710619598 0.788276344255364 -0.186286881132281 255 255 255 255 
0.227068330393958 0.772829236621756 -0.165058613182132 255 255 255 255 
0.473735344552133 0.513627472482524 -0.0788144100688561 255 255 255 255 
0.266515763518709 0.645906080613614 -0.11570220185147 255 255 255 255 
0.270833070665376 0.623870471340011 -0.0780875611589235 255 255 255 255 
0.314647793675416 0.590178694683089 -0.100489356031458 255 255 255 255 
0.443690439528088 0.659956586850894 -0.28178900480262 255 255 255 255 
0.398744897018805 0.656881957900835 -0.262351164985619 255 255 255 255 
0.657070393184588 0.528080522973188 -0.0346180016297148 255 255 255 255 
0.656212833071159 0.528610524271062 0.0420068753779343 255 255 255 255 
0.532760422118075 0.569800758784604 -0.208743475248707 255 255 255 255 
0.409441587758231 0.557357991860205 -0.151512607786288 255 255 255 255 
0.389827098225222 0.557569312242046 -0.134660074429844 255 255 255 255 
0.380388505628917 0.699079333554094 -0.280002886050135 255 255 255 255 
0.370192495883652 0.674328472589797 -0.259264677059754 255 255 255 255 
0.341839783777059 0.691593140792962 -0.251763058750193 255 255 255 255 
0.29345571310413 0.625550474469831 -0.133708558808099 255 255 255 255 
0.282693022185532 0.644722203275674 -0.145003091183356 255 255 255 255 
0.337062713998248 0.667370917866859 -0.230895468327637 255 255 255 255 
0.411989378373059 0.679548920124252 -0.283349540063295 255 255 255 255 
0.35051334203283 0.552250611665523 0.0524981491429109 255 255 255 255 
0.482557183484515 0.571999486131565 -0.207338979719284 255 255 255 255 
0.287777849051587 0.756315867039541 -0.238703086385486 255 255 255 255 
0.387857349079635 0.638676312065709 -0.241986855819659 255 255 255 255 
0.261095273180037 0.772806605835554 -0.215425521662425 255 255 255 255 
0.640175940708411 0.538521868824811 -0.109443629764391 255 255 255 255 
0.438801859418521 0.579701798448221 -0.203788957151886 255 255 255 255 
0.226607780483649 0.677938342246746 -0.0565299612870543 255 255 255 255 
0.185960853460754 0.819242230946448 -0.077908127650528 255 255 255 255 
0.580943262918235 0.507139508406565 -0.0380999371903301 255 255 255 255 
0.430703069236822 0.513814119342369 -0.00327353065660559 255 255 255 255 
0.508488755005482 0.503513636819828 -0.0412126832635445 255 255 255 255 
0.468553197264406 0.505368655656076 -0.00330470611500878 255 255 255 255 
0.540252675603641 0.502499607213608 0.0328613045972408 255 255 255 255 
0.541581119798749 0.501022825242129 -0.00300843531627229 255 255 255 255 
0.208125706887249 0.716253692592046 -0.0597011042015533 255 255 255 255 
0.261389678695719 0.628297351327998 -0.0564140649582331 255 255 255 255 
0.467739298461523 0.507180975100409 0.034138295136076 255 255 255 255 
0.50569702526437 0.501239578962417 -0.00322926312464885 255 255 255 255 
0.504140453077084 0.502959817100793 0.0338351598910821 255 255 255 255 
0.544330819680244 0.508411320739262 0.0708955851741453 255 255 255 255 
0.2864844904673 0.681795924520284 0.191700501393055 255 255 255 255 
0.236524538401919 0.71320894747498 0.141312747469577 255 255 255 255 
0.188829480884887 0.817469321698186 0.0888610330330796 255 255 255 255 
0.194121359617791 0.782968625437184 0.089185728465255 255 255 255 255 
0.209947811736422 0.750435937134985 0.112862246948886 255 255 255 255 
0.322729644690129 0.568229942829875 0.039100625818288 255 255 255 255 
0.505204835866684 0.62193859911641 -0.264138975751936 255 255 255 255 
0.436941692752021 0.602107490004803 0.229875309490591 255 255 255 255 
0.41390473351347 0.595991290719923 0.212469741674715 255 255 255 255 
0.200599183389579 0.728372323579203 -0.0428625837095536 255 255 255 255 
0.325255353868544 0.600974433633417 0.141319419264364 255 255 255 255 
0.565150740777968 0.52300950734931 0.116607335762542 255 255 255 255 
0.503280951112994 0.508531130241611 0.0703570616243645 255 255 255 255 
0.502960146522069 0.51691668922314 0.102970970933728 255 255 255 255 
0.492311308944214 0.568040150024787 0.203750662712018 255 255 255 255 
0.465532562279664 0.563990055012977 0.191577000426215 255 255 255 255 
0.440343216095301 0.560883694336855 0.176759516993948 255 255 255 255 
0.413250285818014 0.67876963646661 0.28338123874031 255 255 255 255 
0.502296960255559 0.552847589336553 0.18238443812576 255 255 255 255 
0.391853314933972 0.636176241566506 0.242027675324551 255 255 255 255 
0.240506793296138 0.785530986180405 0.192110636664331 255 255 255 255 
0.347996322929694 0.719098803432196 -0.271301335640283 255 255 255 255 
0.625400564674266 0.547653553410621 -0.144078672022456 255 255 255 255 
0.474942672401529 0.640641644710866 -0.275348298673736 255 255 255 255 
0.650806584991201 0.531951769335877 -0.0727120940595194 255 255 255 255 
0.399671407358609 0.534261100807414 -0.0806629022259644 255 255 255 255 
0.406295788349016 0.526635580766883 0.0570029449139776 255 255 255 255 
0.44176793050104 0.530217260222225 -0.113015597885886 255 255 255 255 
0.415108826684514 0.560001431843839 0.160579107920725 255 255 255 255 
0.431150915260208 0.558428368544374 -0.167811298889503 255 255 255 255 
0.427476981724526 0.577769007863153 0.195912349846411 255 255 255 255 
0.453560329890949 0.546232476748117 0.156910348849449 255 255 255 255 
0.476355712648417 0.534273668828054 -0.141306671865583 255 255 255 255 
0.370143792543397 0.539813504878627 -0.0408993490976876 255 255 255 255 
-0.605898562130181 -0.511084974602103 -0.0277168632503128 255 255 255 255 
-0.629548371633014 -0.516468518361226 -0.00664632857472603 255 255 255 255 
-0.628713389343383 -0.517775939763096 -0.0329995824155573 255 255 255 255 
-0.621109792514636 -0.5197148935088 -0.0623243739870709 255 255 255 255 
-0.637551969506302 -0.519667052534395 0.0211151423875032 255 255 255 255 
-0.610045265306956 -0.512002159260878 0.0266123287397323 255 255 255 255 
-0.631439418597565 -0.519336522521778 0.0394537443881505 255 255 255 255 
-0.319440041526389 -0.635278705236108 -0.183190751385323 255 255 255 255 
-0.295196100124044 -0.670561641836187 -0.192149682144024 255 255 255 255 
-0.296134056910297 -0.648303577969802 -0.169825765406984 255 255 255 255 
-0.253192990222773 -0.704114302317224 -0.163554347274271 255 255 255 255 
-0.233928790937196 -0.699878852847334 -0.120909978025473 255 255 255 255 
-0.2527292342512 -0.681094709562685 -0.138638753759243 255 255 255 255 
-0.229370145053436 -0.75865000128251 0.161882762202897 255 255 255 255 
-0.225295778353585 -0.725908426463789 0.129143131393152 255 255 255 255 
-0.21308782669682 -0.759247081773015 0.128060668621589 255 255 255 255 
-0.186385708513409 -0.78128060547588 0.0503236724076065 255 255 255 255 
-0.183677406036255 -0.777135062209983 0.00973124987573213 255 255 255 255 
-0.180172852751281 -0.80144977833803 0.0258601629581113 255 255 255 255 
-0.23770914105786 -0.750485316350485 -0.171785384704478 255 255 255 255 
-0.2566628557328 -0.726267284606713 -0.186094095623461 255 255 255 255 
-0.336190275488959 -0.649602621658035 -0.214834582589923 255 255 255 255 
-0.36574431314972 -0.650271631060119 -0.238227642105893 255 255 255 255 
-0.340718713167854 -0.666373015384578 -0.233049581105252 255 255 255 255 
-0.277130455396087 -0.710147290338973 -0.202377061207099 255 255 255 255 
-0.297416372485099 -0.692298134593088 -0.212830473333199 255 255 255 255 
-0.319320729008359 -0.736821295123077 -0.25872301247305 255 255 255 255 
-0.289463455012707 -0.755274105263923 -0.239960160696428 255 255 255 255 
-0.302472241219121 -0.712140055473905 -0.231236346411164 255 255 255 255 
-0.34478291825893 -0.689612776968297 -0.252635119464375 255 255 255 255 
-0.349661721379735 -0.718069530585272 -0.271885590710358 255 255 255 255 
-0.17937530931038 -0.823312321066365 0.0423115230797868 255 255 255 255 
-0.503790279257531 -0.622812843180413 0.264780026770209 255 255 255 255 
-0.460619582958169 -0.611334830898734 0.246958198296574 255 255 255 255 
-0.473692380594146 -0.641414367543688 0.275702887659152 255 255 255 255 
-0.442640024921425 -0.660605778780564 0.281919774384162 255 255 255 255 
-0.398446985120235 -0.65747341317364 0.26264280878451 255 255 255 255 
-0.411163243946411 -0.680059499279192 0.283324564511527 255 255 255 255 
-0.443568605634996 -0.635499899022631 0.263551529578131 255 255 255 255 
-0.425183455958565 -0.643876586265194 0.263883667400989 255 255 255 255 
-0.360608262497092 -0.650533149291816 0.234919916279894 255 255 255 255 
-0.338128251742158 -0.690859199846582 0.248539350263928 255 255 255 255 
-0.368461569141602 -0.673700230501436 0.257788253902259 255 255 255 255 
-0.455959066286373 -0.621095186172466 -0.254825583382163 255 255 255 255 
-0.444134318102865 -0.659682254805276 -0.28173209969142 255 255 255 255 
-0.428629407403167 -0.638685824683819 -0.261040427213457 255 255 255 255 
-0.329188912837865 -0.64107879639342 0.199876801318457 255 255 255 255 
-0.356979272534374 -0.628965535246207 0.211845359460036 255 255 255 255 
-0.46086232355549 -0.589343823500738 -0.223630722259279 255 255 255 255 
-0.507558757895313 -0.585907661188431 -0.228212251143254 255 255 255 255 
-0.482187467914352 -0.603372799126685 -0.243839162570151 255 255 255 255 
-0.202703781139791 -0.774824628136184 -0.111372051405345 255 255 255 255 
-0.216179633040206 -0.80056599806867 -0.15546509680125 255 255 255 255 
-0.199263224290446 -0.811020913643324 -0.119783929105437 255 255 255 255 
-0.580811656299846 -0.507132748551923 -0.0382292590030157 255 255 255 255 
-0.597108583865571 -0.511696530438973 -0.0501523081374931 255 255 255 255 
-0.427339345949695 -0.595215896271966 -0.218110215351559 255 255 255 255 
-0.439194274879917 -0.580224732347852 -0.204648755719674 255 255 255 255 
-0.187366031169952 -0.768618462854028 -0.0357738212433168 255 255 255 255 
-0.190854610265483 -0.779885792640639 -0.0731439748552612 255 255 255 255 
-0.184727221994745 -0.797369966862757 -0.0581162528921811 255 255 255 255 
-0.400705352383134 -0.655976014905923 -0.262621941579807 255 255 255 255 
-0.391650270062276 -0.637378290499616 -0.242975638536483 255 255 255 255 
-0.38083941429412 -0.532994428845779 -0.0245116392833918 255 255 255 255 
-0.352839497855389 -0.54644657200723 -0.00826270580060545 255 255 255 255 
-0.372982374113344 -0.535763381693657 0.00370561332305694 255 255 255 255 
-0.398918659565483 -0.524886764518562 0.0172159699868363 255 255 255 255 
-0.379799314342876 -0.699443473794557 0.279893289917851 255 255 255 255 
-0.348235330155887 -0.718951088842813 0.271386129476168 255 255 255 255 
-0.364707499864845 -0.546981768793029 -0.0660038689009076 255 255 255 255 
-0.356011271205803 -0.546465701814073 -0.0341554762935507 255 255 255 255 
-0.543666596178369 -0.532934160403236 -0.14572045164539 255 255 255 255 
-0.554324090797949 -0.555193212979064 -0.185437997472717 255 255 255 255 
-0.526304624411023 -0.542786472946012 -0.166490906864776 255 255 255 255 
-0.50294294031694 -0.532742122252366 -0.144619385036351 255 255 255 255 
-0.556855992222372 -0.519294782637127 -0.108325555899691 255 255 255 255 
-0.595342547668474 -0.532820079508592 -0.128987890298285 255 255 255 255 
-0.567475003924682 -0.53038141993209 -0.134851645663068 255 255 255 255 
-0.573706918486671 -0.540528939041423 -0.154992735890019 255 255 255 255 
-0.372579839614121 -0.565587340574734 0.133354816444223 255 255 255 255 
-0.393038084210529 -0.580862713320573 0.179184106783326 255 255 255 255 
-0.40469600553257 -0.561186947695395 0.155116653997338 255 255 255 255 
-0.422326860596561 -0.542770022407858 0.130449156430577 255 255 255 255 
-0.516369713546284 -0.539825296626849 0.160623365291396 255 255 255 255 
-0.552738931885219 -0.557212126949972 0.188849987896473 255 255 255 255 
-0.546604211953262 -0.541576784374741 0.162903534049433 255 255 255 255 
-0.568868307147462 -0.542877744032211 0.160981127105852 255 255 255 255 
-0.474593830526015 -0.548319001142498 0.168761538214957 255 255 255 255 
-0.488093850768106 -0.535686436266436 0.147921874226619 255 255 255 255 
-0.498724101831437 -0.525279526213596 0.126111657490121 255 255 255 255 
-0.523395084185081 -0.521793669705899 -0.119781156009467 255 255 255 255 
-0.502675813763232 -0.521023403900751 -0.115387293288415 255 255 255 255 
-0.605647023218186 -0.509903180644913 -0.00212164209361805 255 255 255 255 
-0.473492626504513 -0.523513869010374 -0.112927248876693 255 255 255 255 
-0.195894225967262 -0.735911003712014 0.0232896063686303 255 255 255 255 
-0.190324125966179 -0.750726203041741 -0.00415052928824301 255 255 255 255 
-0.199971155581054 -0.723378449168413 -0.0134980481604699 255 255 255 255 
-0.327926259474594 -0.597611504446573 -0.139083970856848 255 255 255 255 
-0.369866384392313 -0.580314050136734 -0.158506226402255 255 255 255 255 
-0.338879936922195 -0.607861078008464 -0.169232931686526 255 255 255 255 
-0.361083713424229 -0.61609902051905 -0.200939525547735 255 255 255 255 
-0.195151893484132 -0.748544106996325 0.0528356105758843 255 255 255 255 
-0.189340723036799 -0.76019175982548 0.0340391931852829 255 255 255 255 
-0.215400170412371 -0.688911551276113 0.00592615726427347 255 255 255 255 
-0.204165725867541 -0.712946220536253 0.011539014661064 255 255 255 255 
-0.367791902109035 -0.558895651142212 -0.111508448930359 255 255 255 255 
-0.3493879425541 -0.577280677001202 -0.129119548608967 255 255 255 255 
-0.220563175487197 -0.681639012426039 -0.0284173061649723 255 255 255 255 
-0.210719319658079 -0.69938592228563 -0.0196597266967183 255 255 255 255 
-0.251789976815743 -0.63494862845482 0.0304766135959488 255 255 255 255 
-0.2747678792578 -0.617184222697002 0.0707870689770851 255 255 255 255 
-0.273055386217585 -0.611302405451364 0.0369772845003664 255 255 255 255 
-0.296661798594048 -0.589351566811297 0.0418324750807111 255 255 255 255 
-0.236043520943703 -0.654362973641689 -0.00722395069880505 255 255 255 255 
-0.252989578402092 -0.631306227417079 0.000102956990728405 255 255 255 255 
-0.25455359415353 -0.630986505049683 -0.0266523470768426 255 255 255 255 
-0.43630953223651 -0.5123792420686 -0.00872516449378021 255 255 255 255 
-0.406525298647018 -0.521886382608231 -0.0142802801020927 255 255 255 255 
-0.412270038233518 -0.522241250019934 -0.0421158724097445 255 255 255 255 
-0.366572995816452 -0.548735972490658 0.0775636893254636 255 255 255 255 
-0.324312082916139 -0.573780513177743 0.0726169010976176 255 255 255 255 
-0.342900544816175 -0.570988367449071 0.104220452924902 255 255 255 255 
-0.315176428855407 -0.593563761348571 0.109877093239438 255 255 255 255 
-0.423404261616601 -0.523883600014664 0.0724734932346341 255 255 255 255 
-0.395237192460028 -0.543102022366721 0.104331592391564 255 255 255 255 
-0.275193180071759 -0.668637002084487 0.163100333946387 255 255 255 255 
-0.304173599006323 -0.631099910767905 0.158775538900887 255 255 255 255 
-0.278551887977575 -0.645488832912332 0.138964006082345 255 255 255 255 
-0.285211471499419 -0.62406761225707 0.115370523633864 255 255 255 255 
-0.463496363117444 -0.533331101156155 0.133921766124161 255 255 255 255 
-0.448109698900662 -0.545306286047602 0.152445527676748 255 255 255 255 
-0.470486983032587 -0.519111708746534 0.097621266301147 255 255 255 255 
-0.444454323630612 -0.528226028153349 0.109253580109844 255 255 255 255 
-0.358720875877217 -0.607815429529645 0.188781778205957 255 255 255 255 
-0.335719606330315 -0.597706248933545 0.149715321622235 255 255 255 255 
-0.331068591457458 -0.61837247482273 0.175080777992587 255 255 255 255 
-0.300828671242952 -0.68322937810957 0.209496913541707 255 255 255 255 
-0.30115662781357 -0.654974870553562 0.183785821992819 255 255 255 255 
-0.219942162828157 -0.739994591203532 -0.129415300864708 255 255 255 255 
-0.234897131925715 -0.723010915279119 -0.14704983393798 255 255 255 255 
-0.215430473146567 -0.724892735221134 -0.101972645820428 255 255 255 255 
-0.209041039211132 -0.745100535924285 -0.1051976126723 255 255 255 255 
-0.548348647646762 -0.530220469476938 0.138970662425722 255 255 255 255 
-0.530349358689636 -0.516835934613732 0.105101388524088 255 255 255 255 
-0.523440392980153 -0.526971733512812 0.133141312585716 255 255 255 255 
-0.364215846810253 -0.586751638078652 0.163615546331084 255 255 255 255 
-0.350230388576958 -0.56140510659621 -0.0896460821896325 255 255 255 255 
-0.335995772473674 -0.56636162947131 -0.0753668604954625 255 255 255 255 
-0.237390420983499 -0.787457010191293 0.188059005944791 255 255 255 255 
-0.245460766922045 -0.762592384027555 0.190247858092 255 255 255 255 
-0.258025885076629 -0.733125712899323 0.192410403442617 255 255 255 255 
-0.255375780810043 -0.659686272214032 -0.113756497706054 255 255 255 255 
-0.237286898678328 -0.674397070672152 -0.0907444526479954 255 255 255 255 
-0.247541815482975 -0.656321968016125 -0.0857147423187985 255 255 255 255 
-0.413645024491352 -0.577216987287398 -0.187538407954974 255 255 255 255 
-0.40874526612432 -0.557799034350964 -0.151829345981929 255 255 255 255 
-0.430667320793427 -0.558879038059947 -0.168321447354164 255 255 255 255 
-0.271441464522362 -0.698744979855746 0.186444078463126 255 255 255 255 
-0.278787128956091 -0.709249466249343 0.203775193856188 255 255 255 255 
-0.288257603452662 -0.724053100472667 0.223784166198871 255 255 255 255 
-0.456121650184468 -0.563003045762923 -0.186850976680994 255 255 255 255 
-0.263153691361813 -0.742264185578288 -0.204463781908028 255 255 255 255 
-0.415373055254895 -0.621600742405984 -0.240535167023986 255 255 255 255 
-0.439605720772051 -0.606025071944966 -0.235033329663281 255 255 255 255 
-0.273648707383993 -0.663465065765084 -0.154647854802835 255 255 255 255 
-0.273552179132694 -0.68635145145457 -0.178637921732478 255 255 255 255 
-0.385934764260261 -0.624694995466933 -0.227817803844984 255 255 255 255 
-0.482035094621246 -0.572211400742629 -0.207514226849498 255 255 255 255 
-0.27826434033997 -0.607641100063416 -0.0469731683270044 255 255 255 255 
-0.306370033522451 -0.58883711149984 -0.0763826245783993 255 255 255 255 
-0.283137875920422 -0.610826233122712 -0.0783115244820853 255 255 255 255 
-0.263322662477854 -0.633827350382134 -0.0814210883667875 255 255 255 255 
-0.59110691537472 -0.532621894878753 0.130704301932597 255 255 255 255 
-0.388101410829087 -0.558184764987566 -0.134244846461763 255 255 255 255 
-0.20192165100174 -0.742175473323926 -0.0766846437130784 255 255 255 255 
-0.299862321859266 -0.627091275981948 -0.14664387158354 255 255 255 255 
-0.320915724720209 -0.616281259599669 -0.160067397374476 255 255 255 255 
-0.489228831456301 -0.567843728474953 0.202947626440436 255 255 255 255 
-0.448209444155929 -0.582676368753179 0.211376656038171 255 255 255 255 
-0.479310072602213 -0.590098623061407 0.229036341724287 255 255 255 255 
-0.257436597201608 -0.632195980808657 -0.0528728814058792 255 255 255 255 
-0.579478716922568 -0.507079897404033 0.0396260536547686 255 255 255 255 
-0.573867915737469 -0.513509823949625 0.0807391155115038 255 255 255 255 
-0.596306916234643 -0.512090900291509 0.0538167680885222 255 255 255 255 
-0.620860871397494 -0.520647270222092 0.067438814649705 255 255 255 255 
-0.561044846134268 -0.521783399386634 0.114451594616626 255 255 255 255 
-0.317925826888201 -0.737683392044999 0.257983192902434 255 255 255 255 
-0.310205546447248 -0.708233011106769 0.236148050107593 255 255 255 255 
-0.656195174750491 -0.5286214377147 0.0421451604834937 255 255 255 255 
-0.658855892651797 -0.526977023615777 0.00361578330875463 255 255 255 255 
-0.27365635734752 -0.607868073578019 0.00385508786910448 255 255 255 255 
-0.29900230856419 -0.584547430337012 -0.0168238475841458 255 255 255 255 
-0.331186258119807 -0.665476889179839 0.224416843041666 255 255 255 255 
-0.382032674494378 -0.619875676989864 0.220439555817405 255 255 255 255 
-0.41098667793058 -0.597483280538442 0.212696774031718 255 255 255 255 
-0.385685276941538 -0.600716584962555 0.201047377570822 255 255 255 255 
-0.239605685974224 -0.729695607203026 0.161251604111077 255 255 255 255 
-0.340872715817809 -0.580939725312174 0.124833108598501 255 255 255 255 
-0.254508744313499 -0.662200807814535 0.115866407984884 255 255 255 255 
-0.241394673125241 -0.693111733172628 0.129746788984884 255 255 255 255 
-0.254543737688468 -0.681254676566154 0.142345911375707 255 255 255 255 
-0.417352195667407 -0.624423472325641 0.244080320597848 255 255 255 255 
-0.433913740010066 -0.603042399205282 0.229694679735506 255 255 255 255 
-0.525663667545768 -0.570812734528177 0.210215717513653 255 255 255 255 
-0.516570357247119 -0.556496953839035 0.189445481459223 255 255 255 255 
-0.511010648686129 -0.591118955020428 0.234364086546075 255 255 255 255 
-0.558887367783849 -0.588760969789015 0.229813786256168 255 255 255 255 
-0.606453516835479 -0.524794923213296 0.0990042195931872 255 255 255 255 
-0.179196040137776 -0.823423115508184 -0.0408912782991832 255 255 255 255 
-0.176674414928849 -0.824981565595297 0.000717903563369988 255 255 255 255 
-0.180077006377919 -0.798248875581585 -0.0166516253309423 255 255 255 255 
-0.299813583080297 -0.595082079206322 0.0783957572565564 255 255 255 255 
-0.386767396054604 -0.533264983686636 0.0495512252017897 255 255 255 255 
-0.201600751118526 -0.785947546946652 0.115121661910875 255 255 255 255 
-0.214232736266666 -0.775728361785108 0.140909151021855 255 255 255 255 
-0.216907601987605 -0.800116088515875 0.156761871826793 255 255 255 255 
-0.33805903742025 -0.559146383895159 0.0480037800624006 255 255 255 255 
-0.322707819567568 -0.56589261264514 0.0139396075723909 255 255 255 255 
-0.319772958844502 -0.571144059507792 0.0442404390826038 255 255 255 255 
-0.227439731807356 -0.696954913587574 0.0994978611038674 255 255 255 255 
-0.209504484336172 -0.715475729615926 0.0650262867592913 255 255 255 255 
-0.223201833785096 -0.691064905278475 0.0742184295905059 255 255 255 255 
-0.23432909728423 -0.675061555416476 0.0821783426681829 255 255 255 255 
-0.247190010006679 -0.650586177789164 0.0699213703506942 255 255 255 255 
-0.264375956159488 -0.637488756585319 0.0935704127377399 255 255 255 255 
-0.208609856615743 -0.705852932273692 0.031107625932439 255 255 255 255 
-0.191071762403123 -0.787792353868131 0.080944019838105 255 255 255 255 
-0.185070348661379 -0.802540714420561 0.0643091214547681 255 255 255 255 
-0.187240195451007 -0.818451554114173 0.0829886167304949 255 255 255 255 
-0.504525298319682 -0.555925836637498 -0.187583326841607 255 255 255 255 
-0.41263738008365 -0.679148433042371 -0.283366799470102 255 255 255 255 
-0.372534295016564 -0.672627944817236 -0.259496811711648 255 255 255 255 
-0.439616919053328 -0.514152070887842 -0.0430458527343304 255 255 255 255 
-0.472449616329553 -0.507453387680708 -0.0433198874764236 255 255 255 255 
-0.397675844353884 -0.603328185724276 -0.211974924776717 255 255 255 255 
-0.328447485718199 -0.564151845843081 -0.0386977419933833 255 255 255 255 
-0.288430665260822 -0.616791786842153 -0.10723085367227 255 255 255 255 
-0.297099482453926 -0.585863807947805 0.0107434786526009 255 255 255 255 
-0.237691163375587 -0.659828557132688 -0.0558556744422049 255 255 255 255 
-0.511207637405243 -0.510834009801 -0.0825446067575406 255 255 255 255 
-0.473848772791394 -0.513805127109359 -0.0796442709429604 255 255 255 255 
-0.231938867976161 -0.662028414720499 0.024651772799211 255 255 255 255 
-0.640122771718807 -0.538554729067955 -0.109592825039394 255 255 255 255 
-0.604532336718329 -0.523217471484479 -0.095277368296158 255 255 255 255 
-0.218693536671576 -0.700513516844972 -0.0754103504978393 255 255 255 255 
-0.421017141202319 -0.579569359240709 0.195063662024821 255 255 255 255 
-0.318254554032756 -0.679485434006304 -0.223955112622405 255 255 255 255 
-0.47638856409965 -0.544122255777869 -0.161572149245247 255 255 255 255 
-0.311940110241509 -0.596858704770054 -0.11127881952821 255 255 255 255 
-0.217576346873226 -0.765990664867945 -0.142735071939212 255 255 255 255 
-0.30208293482278 -0.585176983814401 -0.0447788038850704 255 255 255 255 
-0.398930646739776 -0.532893938579888 -0.0738391067943131 255 255 255 255 
-0.384380218519985 -0.543729459748234 -0.0912097069940657 255 255 255 255 
-0.657032206358447 -0.528104123729533 -0.0349808611890101 255 255 255 255 
-0.334732609620477 -0.576859574355436 -0.105156703209485 255 255 255 255 
-0.316611380809854 -0.658015893198817 -0.204109596641229 255 255 255 255 
-0.385088106196451 -0.593007385279032 -0.190628988960901 255 255 255 255 
-0.320429277998775 -0.703698427567129 -0.242396688691209 255 255 255 255 
-0.560905469236983 -0.587513714497988 -0.228082519669272 255 255 255 255 
-0.531829939331526 -0.569553839343548 -0.208440155250547 255 255 255 255 
-0.606623552086816 -0.559258385396385 -0.176201221824029 255 255 255 255 
-0.445645423989254 -0.542064335710719 -0.14443223829724 255 255 255 255 
-0.474372332024381 -0.534547335341645 -0.141212145575178 255 255 255 255 
-0.237283417127854 -0.787523142210944 -0.187917069559074 255 255 255 255 
-0.220977685105315 -0.68618106995917 -0.0507449886817829 255 255 255 255 
-0.22444405566341 -0.679628403306723 0.0497739548836657 255 255 255 255 
-0.276495779096282 -0.639957094342568 -0.126451206597181 255 255 255 255 
-0.270177092859971 -0.636991122716655 -0.107432220374876 255 255 255 255 
-0.650748938726683 -0.531987396686643 -0.0729669315680964 255 255 255 255 
-0.579867029038851 -0.512402230111445 -0.071813660382115 255 255 255 255 
-0.408443011986642 -0.540852353775081 -0.11299742965678 255 255 255 255 
-0.441223965525565 -0.530159093292239 -0.112443775962212 255 255 255 255 
-0.584337095850602 -0.520835928487929 -0.101427233478433 255 255 255 255 
-0.544001314493236 -0.503432398767162 -0.0400696362668479 255 255 255 255 
-0.548061767616254 -0.509736842053632 -0.076019796157032 255 255 255 255 
-0.306320240505231 -0.60903604825379 -0.126416680546092 255 255 255 255 
-0.439349662826985 -0.520589886406247 -0.0780899034605722 255 255 255 255 
-0.388653350210716 -0.532746792871339 -0.0514463228173363 255 255 255 255 
-0.238054713804546 -0.656167135516568 0.0437994389595512 255 255 255 255 
-0.199992082721084 -0.731150099252515 -0.0459746152950422 255 255 255 255 
-0.361621299920444 -0.542878332279516 0.0290529260539839 255 255 255 255 
-0.576172263706596 -0.504305635211366 -0.000843367468711788 255 255 255 255 
-0.508078245126845 -0.503702140727577 -0.0426027970978711 255 255 255 255 
-0.505276888244893 -0.501270158632553 -0.00384529937605438 255 255 255 255 
-0.541328539202057 -0.5010043139567 -0.00201226873011404 255 255 255 255 
-0.466260148805144 -0.507219455300883 0.0319078401644146 255 255 255 255 
-0.469739823821125 -0.505210062463831 -0.00597216166283108 255 255 255 255 
-0.202197666000617 -0.752339437166353 0.0903381621368676 255 255 255 255 
-0.25065539586583 -0.703502461652044 0.158684323079471 255 255 255 255 
-0.604467500415261 -0.560590898610067 0.179348351540329 255 255 255 255 
-0.50290123539586 -0.503019588411971 0.0336352739215772 255 255 255 255 
-0.430606132663328 -0.515029222535768 0.0284497700817327 255 255 255 255 
-0.539670713377061 -0.502838503178044 0.0365005189870098 255 255 255 255 
-0.638196437317316 -0.539745269202211 0.114844668356541 255 255 255 255 
-0.649270157349758 -0.532901333839517 0.0792046447878821 255 255 255 255 
-0.501096326078228 -0.50838248267945 0.0688877388074291 255 255 255 255 
-0.536264780425536 -0.508564569518597 0.0732533073164558 255 255 255 255 
-0.464935367342206 -0.512768213344302 0.0681118888877362 255 255 255 255 
-0.186885548129339 -0.818670738213428 -0.0816147184062659 255 255 255 255 
-0.500069181238378 -0.516164003664277 0.0998000139941965 255 255 255 255 
-0.505245108235366 -0.621913709423702 -0.264120548908815 255 255 255 255 
-0.381228288440944 -0.698560319233659 -0.280156060808729 255 255 255 255 
-0.262136214188193 -0.772163268911901 -0.216465789798006 255 255 255 255 
-0.261374578878973 -0.772633985420528 0.215705819925896 255 255 255 255 
-0.273139350021904 -0.746050697097449 0.218531962069954 255 255 255 255 
-0.288394539919174 -0.755934731122796 0.239165666888442 255 255 255 255 
-0.389088758543612 -0.637286395329394 0.241463236259361 255 255 255 255 
-0.214788004604422 -0.72212342569965 0.0964110771520592 255 255 255 255 
-0.433539617223435 -0.561249114612311 0.173917761972354 255 255 255 255 
-0.210125766472406 -0.705361257284006 -0.0422399354835986 255 255 255 255 
-0.623172465155246 -0.549030594643692 0.148426511804563 255 255 255 255 
-0.199803624083378 -0.810686928203746 0.121136950746765 255 255 255 255 
-0.534089657329518 -0.604086797693311 -0.248266637659461 255 255 255 255 
-0.488545436437772 -0.603065204447558 0.24457840105654 255 255 255 255 
-0.625315850582038 -0.547705909598961 -0.144247246737134 255 255 255 255 
-0.532308478737977 -0.605187626602931 0.249408429405025 255 255 255 255 
-0.583076901822566 -0.573811015581368 0.206327869049056 255 255 255 255 
-0.475180519242528 -0.640494647279013 -0.275279903965706 255 255 255 255 
-0.585224823625724 -0.572483526901843 -0.203920233980488 255 255 255 255 
-0.293003164149026 -0.60671378838756 0.093981022150601 255 255 255 255 
-0.309199170645342 -0.610620712470868 0.134162108633049 255 255 255 255 
-0.206966487320642 -0.719301570316024 -0.0603033302930694 255 255 255 255 
-0.499070629310948 -0.552277093797647 0.18100371576144 255 255 255 255 
-0.461079252678949 -0.563944858783343 0.19005219165492 255 255 255 255 
0.249043496680501 -0.714988281549028 -0.165950722457919 255 255 255 255 
0.264008625838526 -0.693267858690006 -0.170973528157943 255 255 255 255 
0.253702385645203 -0.693775468070264 -0.154565518743504 255 255 255 255 
0.606794554598517 -0.512523497749473 0.0399829978624266 255 255 255 255 
0.630676314162111 -0.517502950792935 0.0223385221520374 255 255 255 255 
0.628781651088446 -0.519100471851185 0.0442149384745034 255 255 255 255 
0.539441600542296 -0.521030937701925 0.116887823915922 255 255 255 255 
0.575383068890415 -0.515864581214093 0.0891788388998284 255 255 255 255 
0.565276025801378 -0.525435050571902 0.123170250845543 255 255 255 255 
0.621119520853952 -0.514093063101279 -0.011398929369148 255 255 255 255 
0.658856957427841 -0.526976365547937 0.00351630375525218 255 255 255 255 
0.557626764923009 -0.55742585703707 0.188419200875464 255 255 255 255 
0.552415579714661 -0.53539440836718 0.149670776899598 255 255 255 255 
0.577276933472022 -0.545636723206613 0.163735873173701 255 255 255 255 
0.221547183715064 -0.757992995076452 0.146241811188368 255 255 255 255 
0.202328310890529 -0.779097611541752 0.113096278381386 255 255 255 255 
0.210071132405438 -0.755335708532338 0.117361871804728 255 255 255 255 
0.504749392533719 -0.622220078576314 0.26434668554388 255 255 255 255 
0.509367966970082 -0.58579135649362 0.228214193778757 255 255 255 255 
0.533079994823659 -0.604710803439086 0.248916668607335 255 255 255 255 
0.511754078687312 -0.556151265660349 0.188612464834195 255 255 255 255 
0.534596344953759 -0.570550889190381 0.209679381276319 255 255 255 255 
0.216820238609484 -0.737013055892989 0.118998039662681 255 255 255 255 
0.250644460520744 -0.71893107710664 0.171689389634379 255 255 255 255 
0.247154050579869 -0.749784999502828 0.18633547539141 255 255 255 255 
0.237688006508556 -0.73479392867319 0.161580793231417 255 255 255 255 
0.214814649640831 -0.801409604202818 -0.152991046511403 255 255 255 255 
0.200083469097127 -0.779160892975177 -0.106502603694092 255 255 255 255 
0.197979569764068 -0.81181425577046 -0.116493127173588 255 255 255 255 
0.195439969023079 -0.757824108627237 -0.0692167942807462 255 255 255 255 
0.184423899557845 -0.783526217045616 -0.0387772600319946 255 255 255 255 
0.188467606703156 -0.788392802220605 -0.0698374440186996 255 255 255 255 
0.215804284268034 -0.718191813686037 -0.0943396847049365 255 255 255 255 
0.204502062194987 -0.722518336046884 -0.0537956041493989 255 255 255 255 
0.204531443549889 -0.735823291266435 -0.0783926924589435 255 255 255 255 
0.292425608677102 -0.593656216288381 -0.0449702314169465 255 255 255 255 
0.330487799753956 -0.562155014078556 -0.0339149769745617 255 255 255 255 
0.306748822829429 -0.5778089590943 -0.0102020719002101 255 255 255 255 
0.235312549533079 -0.714389411391042 0.139963888927419 255 255 255 255 
0.235425360016524 -0.753861068219188 -0.169865583627624 255 255 255 255 
0.23600481497165 -0.78831336180157 -0.186206110291848 255 255 255 255 
0.505204909583999 -0.621938553556513 -0.264138942031278 255 255 255 255 
0.507727099881863 -0.585352545693425 -0.227580068050084 255 255 255 255 
0.48161376522048 -0.602763603737951 -0.243116419624912 255 255 255 255 
0.625867208060623 -0.521767052557708 -0.065637165266416 255 255 255 255 
0.584756041185968 -0.511963121078988 -0.0656255151468297 255 255 255 255 
0.605629328488698 -0.522999281958281 -0.093598890339587 255 255 255 255 
0.560966799381969 -0.587475810385325 -0.228029314229921 255 255 255 255 
0.532779620557294 -0.569342873040919 -0.208125356599793 255 255 255 255 
0.638154157008052 -0.539771399869059 0.114956747334158 255 255 255 255 
0.620282543807652 -0.521530861022129 0.0723884454537321 255 255 255 255 
0.649315187142855 -0.532873503896932 0.0790225358968556 255 255 255 255 
0.590235172732656 -0.531490050150561 -0.128357456303184 255 255 255 255 
0.559892926122933 -0.516040569604137 -0.0967933809154371 255 255 255 255 
0.55839785874503 -0.524455658738046 -0.122595301839768 255 255 255 255 
0.532931350586767 -0.520764386981941 -0.116718060134833 255 255 255 255 
0.218365660940061 -0.699293577880357 -0.071536481639977 255 255 255 255 
0.233479020922145 -0.682773325719243 -0.0943708960212953 255 255 255 255 
0.224804156238557 -0.677013425814163 -0.0423441449298994 255 255 255 255 
0.338650309961244 -0.601252293486256 -0.159063365507905 255 255 255 255 
0.372663081536101 -0.573712911266885 -0.149584688960749 255 255 255 255 
0.34611999327558 -0.583773091384846 -0.137898985399259 255 255 255 255 
0.24073137104475 -0.697080137125232 -0.133008257362022 255 255 255 255 
0.248770998983754 -0.674001660958967 -0.120781515379373 255 255 255 255 
0.263554970006537 -0.671540004698112 -0.147251453376189 255 255 255 255 
0.604737972842754 -0.560423737456933 0.178958555399974 255 255 255 255 
0.583497059132687 -0.573551344083108 0.205861560937644 255 255 255 255 
0.264176900304566 -0.683637097178885 0.161851211185552 255 255 255 255 
0.275923782010488 -0.715856447335674 0.204760294154359 255 255 255 255 
0.183181750781977 -0.778819762557875 0.00048570322494372 255 255 255 255 
0.194343164767601 -0.738664236159413 -0.011875857808314 255 255 255 255 
0.190119846676952 -0.752517238335376 0.0153258260489281 255 255 255 255 
0.20050176554554 -0.723986264141804 0.0261144666291778 255 255 255 255 
0.410090477520536 -0.554623458010277 -0.146611907699438 255 255 255 255 
0.391202453304704 -0.554326628769157 -0.128817780419173 255 255 255 255 
0.373523768805915 -0.55454375043605 -0.107951539562289 255 255 255 255 
0.412266021890579 -0.574306685279682 -0.182372144097709 255 255 255 255 
0.378867003524433 -0.590036057825053 -0.181688979892674 255 255 255 255 
0.550257412606286 -0.533932704542045 -0.146928905608853 255 255 255 255 
0.319992789425765 -0.736405938942616 0.259074996781296 255 255 255 255 
0.342274891441681 -0.691533273712577 0.252042506861452 255 255 255 255 
0.35048309331973 -0.717561894808923 0.272168096963099 255 255 255 255 
0.302099242793004 -0.719244116995561 0.234991634932913 255 255 255 255 
0.311126951666233 -0.685584655456149 0.221806716499876 255 255 255 255 
0.318095286406088 -0.707640764301261 0.242766330410656 255 255 255 255 
0.268659902794241 -0.747097665227697 0.213754859325599 255 255 255 255 
0.354949373917796 -0.577319997920709 0.136469285796775 255 255 255 255 
0.352007507512359 -0.560646759226527 0.0906518653599351 255 255 255 255 
0.369654217558318 -0.558981509174991 0.114319827247162 255 255 255 255 
0.388491505069925 -0.566501150431399 0.151407602717174 255 255 255 255 
0.383209983662907 -0.557815695743461 0.128200330604427 255 255 255 255 
0.415058854695256 -0.547824248706486 0.136190037117041 255 255 255 255 
0.416802643055377 -0.570356851714401 0.179080670369093 255 255 255 255 
0.375670985708342 -0.585726829487647 0.172618781956761 255 255 255 255 
0.507080091966168 -0.531629400203204 -0.142749713099493 255 255 255 255 
0.50743586309056 -0.519431282441631 -0.111619485389721 255 255 255 255 
0.475928420781835 -0.521852380901189 -0.109138838373007 255 255 255 255 
0.514767345197387 -0.509232047343133 -0.0762431993428145 255 255 255 255 
0.271268083577151 -0.629147344762889 0.0931921816637619 255 255 255 255 
0.28463795924089 -0.606892417985599 0.0703984286840956 255 255 255 255 
0.292069493780973 -0.606084076463265 0.0899408792976582 255 255 255 255 
0.304050703301051 -0.606809785069887 0.117895511835525 255 255 255 255 
0.264283779848279 -0.622530764736665 0.0458970385686547 255 255 255 255 
0.28930308921496 -0.59653713573033 0.0450336693189693 255 255 255 255 
0.278137415871707 -0.603297169887912 0.00367955392601852 255 255 255 255 
0.314755160205153 -0.572661804629055 0.0266694867421945 255 255 255 255 
0.454581897222104 -0.620618938851232 -0.254014031568139 255 255 255 255 
0.361500909169166 -0.652240398303596 -0.236984703353235 255 255 255 255 
0.398112166622302 -0.656479369284036 -0.261745786977627 255 255 255 255 
0.386592947563595 -0.638121309999067 -0.240773303117164 255 255 255 255 
0.261526787841555 -0.64739580913563 -0.106693394015588 255 255 255 255 
0.244061047246626 -0.65529273311793 -0.0706908551054603 255 255 255 255 
0.263824459766369 -0.626419766062297 -0.0602108389496745 255 255 255 255 
0.346511188050875 -0.550125654929857 0.00805301046449952 255 255 255 255 
0.359327758918054 -0.543771876698515 -0.0252040740878955 255 255 255 255 
0.367020496120127 -0.544935790951981 -0.0620424733976425 255 255 255 255 
0.475497218838799 -0.512376995474671 -0.0744807591751502 255 255 255 255 
0.473135574674717 -0.506599171067263 -0.0369077271394076 255 255 255 255 
0.435100670876781 -0.51258969314013 -0.000897497574367964 255 255 255 255 
0.404068439278986 -0.524494996285406 -0.036339789384995 255 255 255 255 
0.437386458980456 -0.514031584068288 -0.0371849445933641 255 255 255 255 
0.399564967150933 -0.525546309968495 0.0298189368463494 255 255 255 255 
0.404069146865043 -0.522492609675444 -0.00325005412940885 255 255 255 255 
0.362434207585394 -0.544833408680423 0.0480607847188218 255 255 255 255 
0.371361012942978 -0.537189060793129 0.0202880580060689 255 255 255 255 
0.390461480597205 -0.543717287664171 0.0999696987395245 255 255 255 255 
0.246666091319565 -0.650387055415577 0.0672096974099671 255 255 255 255 
0.251574394061311 -0.653965329315567 0.0930210528856604 255 255 255 255 
0.256673613575962 -0.663004207963291 0.122052512633851 255 255 255 255 
0.283348920765002 -0.63635820634728 0.13352735315432 255 255 255 255 
0.4553906913832 -0.53862221150078 0.14209285681457 255 255 255 255 
0.470688472178571 -0.521677248241185 0.106050481075587 255 255 255 255 
0.479811450332678 -0.530202757475206 0.133057999949854 255 255 255 255 
0.488814507982357 -0.539391907910791 0.155740364822718 255 255 255 255 
0.529228208798586 -0.52883032115606 0.137547607524656 255 255 255 255 
0.52038941435474 -0.537144894285932 0.155516906188902 255 255 255 255 
0.248515797915538 -0.63775930259142 -0.018134948193399 255 255 255 255 
0.269488904112597 -0.614141450424258 -0.0300541918627574 255 255 255 255 
0.326199694489936 -0.609225465417039 0.156208249358348 255 255 255 255 
0.353100302490964 -0.614231356129263 0.191844849234491 255 255 255 255 
0.326029603890625 -0.628410087343198 0.18228650398954 255 255 255 255 
0.411537889250593 -0.621056774922545 -0.238215212915699 255 255 255 255 
0.377221461855238 -0.625463624551811 -0.223014833656009 255 255 255 255 
0.426511657052783 -0.638555055222564 -0.260136293586221 255 255 255 255 
0.3065666556473 -0.634931950516351 -0.167129636490574 255 255 255 255 
0.33304327030058 -0.643493653735973 -0.206051714156138 255 255 255 255 
0.333153919751559 -0.622157301073307 -0.182221683976649 255 255 255 255 
0.312848476647254 -0.679739870374947 -0.219021539567087 255 255 255 255 
0.308756208038699 -0.657271629629764 -0.195003549290736 255 255 255 255 
0.286358306907543 -0.674193595652306 -0.184563030456738 255 255 255 255 
0.459924203634418 -0.588112545440797 -0.221907889231616 255 255 255 255 
0.424811491802947 -0.593533542091852 -0.214955673630924 255 255 255 255 
0.437401417720789 -0.60496136149826 -0.233097749436108 255 255 255 255 
0.35188111036336 -0.595630752855232 0.165048320754627 255 255 255 255 
0.534104152394378 -0.604077839250581 -0.248257251877931 255 255 255 255 
0.192036925919276 -0.752693232827992 -0.0394018209460579 255 255 255 255 
0.187621624542493 -0.763040578871663 -0.0225038241429623 255 255 255 255 
0.585235074120307 -0.519488136321452 -0.0963875674541297 255 255 255 255 
0.188244154035667 -0.770292124532102 0.0463145231897706 255 255 255 255 
0.180526076378248 -0.798902426771126 0.0256044586525431 255 255 255 255 
0.180217146330569 -0.822792037174975 0.0484147531805673 255 255 255 255 
0.392995564521377 -0.601465166405763 -0.20685209752803 255 255 255 255 
0.456363316068102 -0.561184178047519 -0.184111864938597 255 255 255 255 
0.447270587004417 -0.540035631756255 -0.140933168796746 255 255 255 255 
0.431083199981109 -0.556372040737594 -0.164139512790905 255 255 255 255 
0.341370307059868 -0.567549106862331 -0.0914577507460739 255 255 255 255 
0.324910080341444 -0.590325853739854 -0.120007629765394 255 255 255 255 
0.350882753847156 -0.572952131572206 -0.121702491857494 255 255 255 255 
0.315040674847593 -0.610331313252782 -0.142674734685455 255 255 255 255 
0.294049180686897 -0.618860002660672 -0.122867835680356 255 255 255 255 
0.455716139341783 -0.620007277550428 0.253774437811125 255 255 255 255 
0.462822357864654 -0.587038307764189 0.221474463927492 255 255 255 255 
0.482990415622031 -0.602544275666313 0.243138605123926 255 255 255 255 
0.215242672523198 -0.689223208210405 0.00616918064201013 255 255 255 255 
0.211928602229356 -0.698985614664427 0.0320258303651116 255 255 255 255 
0.323926674595466 -0.564697290311502 -0.0023568020696603 255 255 255 255 
0.504916507539221 -0.525058144512338 0.126712941288365 255 255 255 255 
0.497219430162573 -0.517271755527732 0.102691241739376 255 255 255 255 
0.427349359115575 -0.591420243497533 0.213589664827585 255 255 255 255 
0.441987731435887 -0.575977236765839 0.200103661295393 255 255 255 255 
0.462169228811669 -0.559271441064859 0.18318829468536 255 255 255 255 
0.274714565234451 -0.656484216931604 0.147614457172255 255 255 255 255 
0.341453981184787 -0.690512141197407 -0.250793832253792 255 255 255 255 
0.336396568057359 -0.665788742648181 -0.229081747611245 255 255 255 255 
0.329039758325397 -0.583321605098313 0.111119793153672 255 255 255 255 
0.486339156889279 -0.570718209398957 0.206363790202016 255 255 255 255 
0.439317829649341 -0.519637781517362 -0.0739129263291631 255 255 255 255 
0.382193167992781 -0.69796399087546 0.280327657554239 255 255 255 255 
0.370389302865393 -0.67370770132078 0.258959570535438 255 255 255 255 
0.398875515660685 -0.655968475740318 0.261737362667293 255 255 255 255 
0.188867138391906 -0.817446048079043 0.0889950023385963 255 255 255 255 
0.186162715308466 -0.798006016762723 0.0664968405711886 255 255 255 255 
0.192245335049472 -0.782257078264826 0.0812990416733282 255 255 255 255 
0.535552048977463 -0.545497976234285 0.171129478026839 255 255 255 255 
0.429187985012214 -0.522774942917335 0.0753448171665462 255 255 255 255 
0.437142853417485 -0.531756461814732 0.113835478506277 255 255 255 255 
0.289941533403644 -0.677993523903858 0.192594747322328 255 255 255 255 
0.306548722697608 -0.663733291896885 0.198798697706267 255 255 255 255 
0.436957451801796 -0.552745493596454 0.160846699295438 255 255 255 255 
0.240542225179208 -0.785509088072483 0.192155809311573 255 255 255 255 
0.231162502951234 -0.77260432281955 0.172157139233074 255 255 255 255 
0.235163585743545 -0.676631054704889 0.0882475946219301 255 255 255 255 
0.229726751193714 -0.672311655278959 0.055466790012672 255 255 255 255 
0.214484989013474 -0.702091847518203 0.0596329272102845 255 255 255 255 
0.327945868934932 -0.593324718565298 0.131012522659599 255 255 255 255 
0.202038456147111 -0.809305726029206 0.126545045920267 255 255 255 255 
0.210352271211201 -0.785938582296075 0.137289892222445 255 255 255 255 
0.390210492401988 -0.534860732296429 0.0664137748985259 255 255 255 255 
0.219995452438859 -0.712247743655519 0.0993493738403915 255 255 255 255 
0.23782046816236 -0.690052981452547 0.117540627408383 255 255 255 255 
0.311065033397656 -0.585015511487181 0.0765268822431857 255 255 255 255 
0.593456364565245 -0.534880692392675 0.134916730052725 255 255 255 255 
0.60720019010507 -0.526345453767938 0.103386780200379 255 255 255 255 
0.272207521745734 -0.714742515167945 -0.19938586952933 255 255 255 255 
0.29154767002773 -0.695150944898062 -0.20851356770248 255 255 255 255 
0.369596589320225 -0.673792293946533 -0.258540280561142 255 255 255 255 
0.58019918131868 -0.505093080181785 0.011094410281115 255 255 255 255 
0.609874705552151 -0.511272440116062 0.0155620968273532 255 255 255 255 
0.253453632721503 -0.731830461934876 -0.185058637977745 255 255 255 255 
0.298362574927568 -0.714140293009067 -0.228404088177431 255 255 255 255 
0.280673573070385 -0.644668074300619 -0.141484684075954 255 255 255 255 
0.216928968935839 -0.743433789446736 -0.125082961359505 255 255 255 255 
0.215204515640105 -0.769043595316436 -0.139332320944253 255 255 255 255 
0.22996496219128 -0.663651559587465 -0.00732567528212977 255 255 255 255 
0.279725082347353 -0.618522363206037 -0.0899856559126246 255 255 255 255 
0.203427083904463 -0.714195276072347 -3.32695472458039E-05 255 255 255 255 
0.206994498221816 -0.707515432512135 -0.0204752324636815 255 255 255 255 
0.179461414801923 -0.802568203842668 -0.0168925978890888 255 255 255 255 
0.178600510825773 -0.823791172864229 -0.035761790237808 255 255 255 255 
0.412656840953525 -0.619783636996 0.237517490704216 255 255 255 255 
0.427520264796042 -0.637774508145555 0.259881338842325 255 255 255 255 
0.657063872453712 -0.528084553006742 -0.0346802364923163 255 255 255 255 
0.628866039869175 -0.518418955777963 -0.0385380696609273 255 255 255 255 
0.61021116578482 -0.513604459266863 -0.0419866538437599 255 255 255 255 
0.589164882528689 -0.507592505929432 -0.0280563345885735 255 255 255 255 
0.205425891421404 -0.746440315721897 -0.0951038317816993 255 255 255 255 
0.386804802600844 -0.637625228581033 0.240457029189946 255 255 255 255 
0.376125653053938 -0.625316187663116 0.222131752203216 255 255 255 255 
0.392890979020793 -0.599379981876171 0.204246103513749 255 255 255 255 
0.321201666780413 -0.582015934549485 -0.0922117702168247 255 255 255 255 
0.320017213700923 -0.57611645599656 -0.069373491870737 255 255 255 255 
0.339013796341807 -0.561692575512131 -0.0643411506187648 255 255 255 255 
0.203270291959076 -0.748350817563892 0.0897425837963666 255 255 255 255 
0.65625828472713 -0.528582433602273 0.0416487790643851 255 255 255 255 
0.226062801391015 -0.716979593199675 -0.121782222779212 255 255 255 255 
0.232502843824974 -0.724699213922887 -0.143712833574328 255 255 255 255 
0.220666941667619 -0.682858853347738 0.0358010019770891 255 255 255 255 
0.439561925514936 -0.603600108350988 0.232466821092734 255 255 255 255 
0.606745050725345 -0.559183295109264 -0.176021112472773 255 255 255 255 
0.625352737619698 -0.547683112155965 -0.144173876969994 255 255 255 255 
0.358117295932774 -0.612575542282359 -0.194231244420912 255 255 255 255 
0.361397526269654 -0.593628963385533 -0.171564109801161 255 255 255 255 
0.443690545114935 -0.65995652159527 -0.281788991382992 255 255 255 255 
0.316492877001191 -0.705094219213538 -0.239859626288156 255 255 255 255 
0.287777950016442 -0.756315804639759 -0.238703162372924 255 255 255 255 
0.261095355900136 -0.772806554710372 -0.215425604806078 255 255 255 255 
0.260588583289004 -0.745353952038601 -0.202760971234779 255 255 255 255 
0.28348432837074 -0.655686294132394 -0.160640387072045 255 255 255 255 
0.244306109658856 -0.648156957363393 -0.0479187677431341 255 255 255 255 
0.478460388658045 -0.542621638150952 -0.159322029263672 255 255 255 255 
0.5298687176892 -0.542672035050927 -0.166228623937299 255 255 255 255 
0.556238630462835 -0.555670270777373 -0.185891833539478 255 255 255 255 
0.57606974405628 -0.543506424834396 -0.16008856863706 255 255 255 255 
0.301075300380689 -0.596931444525058 -0.0875000038364114 255 255 255 255 
0.283522753721141 -0.608141669648258 -0.0708832051144666 255 255 255 255 
0.476977157117354 -0.532937381499038 -0.138496318611748 255 255 255 255 
0.410850793986974 -0.538688491370523 -0.109462437801181 255 255 255 255 
0.442764718894471 -0.528501080518346 -0.108793981690017 255 255 255 255 
0.547920642981389 -0.502790953791987 -0.0316408960930559 255 255 255 255 
0.551926687999538 -0.508300767119579 -0.0678987560447651 255 255 255 255 
0.373272025537177 -0.545044816022237 0.0765585029288841 255 255 255 255 
0.176742626334883 -0.824939408627224 0.00677971915618068 255 255 255 255 
0.379528937877942 -0.532697420884894 -0.00552880143570165 255 255 255 255 
0.236984904196131 -0.654450316992393 0.0251196058949794 255 255 255 255 
0.255766903522449 -0.628353331512282 0.014253345833287 255 255 255 255 
0.400936396181768 -0.532221653134818 -0.074358267743126 255 255 255 255 
0.334938320089197 -0.562567631856091 0.0557332389999471 255 255 255 255 
0.339057784972283 -0.556637756591733 0.0347763472279035 255 255 255 255 
0.506682711600458 -0.501191232059782 0.00389396652725169 255 255 255 255 
0.5104477499757 -0.502781551315566 -0.0354033734336772 255 255 255 255 
0.540340799039051 -0.503985888580278 0.0459346323348702 255 255 255 255 
0.543824324241713 -0.501196867275559 0.00738774263242387 255 255 255 255 
0.467180478216891 -0.507743672034036 0.0385554034064139 255 255 255 255 
0.470128491563119 -0.505097825164645 0.001218358566174 255 255 255 255 
0.37697927311046 -0.535489307065846 -0.0323437551711319 255 255 255 255 
0.595777309709252 -0.513588511758949 0.0631073562951063 255 255 255 255 
0.380388615632288 -0.699079265568354 -0.280002906348137 255 255 255 255 
0.201655179065231 -0.732920779872401 0.060120129818772 255 255 255 255 
0.209049128740908 -0.723299513547054 0.0774220195753561 255 255 255 255 
0.506194116929437 -0.555107737933573 -0.18647412513961 255 255 255 255 
0.417542001195593 -0.53537323983936 0.106748166589905 255 255 255 255 
0.579912961216068 -0.508520942385324 0.0501146888849358 255 255 255 255 
0.482269098726287 -0.571056556716739 -0.2060051160635 255 255 255 255 
0.432165499438628 -0.51531215657737 0.0359647709525345 255 255 255 255 
0.498844685370087 -0.509860221891008 0.0750925844289186 255 255 255 255 
0.503070495832606 -0.503814785812466 0.0411250524430386 255 255 255 255 
0.466109766139065 -0.513835782819092 0.0741682794647714 255 255 255 255 
0.533747191922347 -0.511539569400681 0.0862514352429138 255 255 255 255 
0.329591594718111 -0.647992643574394 0.207265428768645 255 255 255 255 
0.354326080108753 -0.634464872908791 0.215369348603852 255 255 255 255 
0.291274952853794 -0.754154538027496 0.241285679644954 255 255 255 255 
0.264850144469184 -0.770485967755073 0.21912261645864 255 255 255 255 
0.360799642819722 -0.653236433075266 0.237329254136143 255 255 255 255 
0.640103221111951 -0.538566812008013 -0.109647624901909 255 255 255 255 
0.219640201769974 -0.798427248972307 0.161496306666738 255 255 255 255 
0.302255562157795 -0.623799107784216 0.145248010378674 255 255 255 255 
0.514725932737707 -0.515974401719476 0.101836088251156 255 255 255 255 
0.623257153770735 -0.548978254200909 0.148264430248002 255 255 255 255 
0.444355061838794 -0.659545827672795 0.281703436115417 255 255 255 255 
0.228301276047837 -0.703400707286111 -0.111143602383023 255 255 255 255 
0.559476785939912 -0.58839668933517 0.229312031296588 255 255 255 255 
0.335143075869432 -0.668815106003596 0.230460360561053 255 255 255 255 
0.475030142658954 -0.640587585118802 0.275323180907009 255 255 255 255 
0.298721307137356 -0.646079770863554 0.170637742199724 255 255 255 255 
0.316929533084595 -0.738299135477501 -0.257447089892892 255 255 255 255 
0.474942764758974 -0.640641587630827 -0.275348272174075 255 255 255 255 
0.347996439051865 -0.71909873166469 -0.271301376914703 255 255 255 255 
0.411989490077696 -0.679548851086967 -0.283349543215122 255 255 255 255 
0.650775579622574 -0.531970931707563 -0.0728492784815721 255 255 255 255 
0.413236237501051 -0.67877831880396 0.283380928301994 255 255 255 255 
0.585322561971868 -0.572423121281948 -0.203809257044499 255 255 255 255 
0.185860801093097 -0.819304066711511 -0.0774955314052696 255 255 255 255 
0.18339906475629 -0.803600714879438 -0.0556332459288816 255 255 255 255 
0.356805109502011 -0.632813180354083 -0.215663565462559 255 255 255 255 
0.387569721547281 -0.541557094829746 -0.088727145881348 255 255 255 255 
0.438022875893222 -0.578295583336596 -0.201568590571365 255 255 255 255 
0.247635924075573 -0.687160140712786 0.135771381306546 255 255 255 255 
-0.0126712991561004 -0.195861776984646 0.734350937691631 255 255 255 255 
-0.0207401538830695 -0.209152629406788 0.702840422044257 255 255 255 255 
2.82929835705326E-05 -0.205705817602492 0.708933448550765 255 255 255 255 
-0.155392096798355 -0.216138910336387 0.800591166082874 255 255 255 255 
-0.134081350723326 -0.215741894074376 0.758841897650474 255 255 255 255 
-0.128563182680261 -0.206095662976643 0.788968657687524 255 255 255 255 
-0.178087025716115 -0.241507784024975 0.750640253715702 255 255 255 255 
-0.164602994659736 -0.226505296746736 0.774036413074319 255 255 255 255 
-0.119399640142041 -0.199111086632037 0.811114939887206 255 255 255 255 
-0.188103611948756 -0.237424078622001 0.787436208626686 255 255 255 255 
-0.103569984534622 -0.19766051648128 0.786285114218271 255 255 255 255 
-0.0808861979628257 -0.186700112817792 0.818785343539217 255 255 255 255 
-0.2168435233383 -0.262517166366376 0.771927827517345 255 255 255 255 
-0.206191595995052 -0.264033461802853 0.743415713537184 255 255 255 255 
-0.239774756749575 -0.289212899012135 0.755428957388366 255 255 255 255 
-0.25819688670868 -0.31832631893354 0.737435874346254 255 255 255 255 
-0.233086813972395 -0.300819948687579 0.718040455377384 255 255 255 255 
-0.0366944937424712 -0.284428882582905 0.599798764011499 255 255 255 255 
0.00276683424288057 -0.285694914978974 0.595945157274639 255 255 255 255 
-0.0135339139456347 -0.27240798524123 0.609519668591715 255 255 255 255 
0.00493589992224742 -0.265806431584062 0.616311743446723 255 255 255 255 
0.154925544963024 -0.33234155840296 0.603469587319031 255 255 255 255 
0.116399094107374 -0.315420848211403 0.5962478921226 255 255 255 255 
0.134024972659229 -0.338704741802246 0.586911460681308 255 255 255 255 
0.0671946692271635 -0.619945964406279 0.52033514412165 255 255 255 255 
0.0318666947772242 -0.605354527937807 0.511321137652082 255 255 255 255 
0.0384303020588033 -0.628046200806065 0.518153087291196 255 255 255 255 
-0.129185538070475 -0.595347105313666 0.532901362648384 255 255 255 255 
-0.176201258216434 -0.60662352751842 0.559258400580516 255 255 255 255 
-0.14424728057691 -0.625315833563052 0.547705920117216 255 255 255 255 
-0.253852167408205 -0.456227660844453 0.619938113939564 255 255 255 255 
-0.237880372488822 -0.414774269544707 0.619130814678722 255 255 255 255 
-0.259855019062027 -0.42824524836964 0.637409453457431 255 255 255 255 
0.281894914575711 -0.442843138555895 0.660480247650266 255 255 255 255 
0.25407695573971 -0.452393975825619 0.621376812874341 255 255 255 255 
0.275684890661829 -0.473756550384018 0.641374708432398 255 255 255 255 
0.257986101669561 -0.317931264987335 0.737680031114713 255 255 255 255 
0.21947512914621 -0.28115366687182 0.73018280030612 255 255 255 255 
0.234584863696387 -0.306982437438626 0.710583113825183 255 255 255 255 
0.279981742283051 -0.380274099030447 0.699150040720438 255 255 255 255 
0.247845647136036 -0.336143366172588 0.692129447701093 255 255 255 255 
0.256998022404456 -0.366324761475419 0.674464452879626 255 255 255 255 
-0.217683269308005 -0.309663734439747 0.682042141415456 255 255 255 255 
-0.182058203223815 -0.304509194057517 0.649614310153192 255 255 255 255 
-0.183447073091855 -0.283770358628216 0.676575637393804 255 255 255 255 
-0.261260199916126 -0.399606417222157 0.654855840906679 255 255 255 255 
-0.227331224265511 -0.50861443310597 0.585080603371316 255 255 255 255 
-0.264120580871992 -0.505245038396653 0.621913752586267 255 255 255 255 
-0.24826667766875 -0.534089595535483 0.604086835884096 255 255 255 255 
-0.275254929991895 -0.475267107869145 0.640441132564737 255 255 255 255 
-0.00127994001655641 -0.183457944565109 0.777524612456942 255 255 255 255 
-0.0435397242680141 -0.185361586591707 0.781709684899487 255 255 255 255 
-0.0254783549532817 -0.188585730050035 0.76018620323846 255 255 255 255 
-0.0439353740393428 -0.19380856355299 0.748684614633834 255 255 255 255 
0.0475437952101525 -0.187732971469503 0.773211513065942 255 255 255 255 
0.0201226398177917 -0.191524067460141 0.748666835753079 255 255 255 255 
-0.234510225317771 -0.362225186473217 0.64873308624702 255 255 255 255 
-0.207557726866753 -0.331006848053307 0.646929795685382 255 255 255 255 
-0.228514251407507 -0.335344189467161 0.666167593433234 255 255 255 255 
0.13225404783319 -0.593426931895744 0.533749967683371 255 255 255 255 
0.179155177846014 -0.604601662691739 0.560507981764631 255 255 255 255 
0.157400354117741 -0.571619371380042 0.541426947394297 255 255 255 255 
0.00183336534313709 -0.176678685364529 0.824978926319983 255 255 255 255 
-0.0399629131592617 -0.179082235735148 0.823493450497035 255 255 255 255 
-0.020833926196783 -0.179797626039007 0.801702154359533 255 255 255 255 
0.156561603277929 -0.249097904985746 0.704149842177271 255 255 255 255 
0.116875528910016 -0.232465230720828 0.699537494743744 255 255 255 255 
0.139359191812546 -0.252103929593014 0.682700873430434 255 255 255 255 
0.108057609526519 -0.406852915256165 0.539698195669619 255 255 255 255 
0.101013190084006 -0.366898103270927 0.555577240018178 255 255 255 255 
0.0864989872609468 -0.385884589099687 0.541683374465875 255 255 255 255 
-0.228082563424896 -0.560905418782129 0.587513745680644 255 255 255 255 
-0.184283206877261 -0.557652396415272 0.554811779027109 255 255 255 255 
-0.207423842259409 -0.533464556016231 0.568843172707024 255 255 255 255 
0.11910496637219 -0.257492074194219 0.659963038637787 255 255 255 255 
0.0959584491914758 -0.23846253615101 0.67524059972662 255 255 255 255 
-0.111678312572391 -0.467108732094931 0.524167468713887 255 255 255 255 
-0.147231806743833 -0.448155386894575 0.542746924097829 255 255 255 255 
-0.140384481346855 -0.473732388730204 0.534283410912139 255 255 255 255 
-0.160510747927855 -0.477922699114671 0.543322554776754 255 255 255 255 
0.147228970028759 -0.541442895277177 0.533512399681211 255 255 255 255 
0.1372570224783 -0.565468633783823 0.531148947399182 255 255 255 255 
0.110410505354577 -0.554969533315678 0.519811519522433 255 255 255 255 
0.0510024587926837 -0.341282119573126 0.557602487514224 255 255 255 255 
0.0110070862844892 -0.334422156338303 0.557769044683535 255 255 255 255 
0.0324471639233628 -0.358370989609337 0.544974883642821 255 255 255 255 
0.0041791085959522 -0.371823636058418 0.536334051140523 255 255 255 255 
0.00151546613430614 -0.432606195913026 0.513270528335556 255 255 255 255 
0.036760011198108 -0.401801505759138 0.525396824142513 255 255 255 255 
0.00240912560873389 -0.399686809761243 0.52414348843882 255 255 255 255 
-0.0330582495512548 -0.395586427039026 0.52743336902983 255 255 255 255 
0.0411734550783269 -0.306076392804972 0.581287576117331 255 255 255 255 
-0.0247298473093278 -0.256279747975944 0.628649914179445 255 255 255 255 
-0.0552036029702551 -0.267619584987236 0.620800853423304 255 255 255 255 
-0.0915315928137614 -0.285206443055179 0.613438137761595 255 255 255 255 
-0.0632545736902325 -0.305030515943323 0.586472637878194 255 255 255 255 
-0.145467009644551 -0.292622723315962 0.633856370751207 255 255 255 255 
-0.153896174216318 -0.325913052960905 0.607980845654101 255 255 255 255 
-0.126501281235024 -0.306497046025622 0.608919862649999 255 255 255 255 
-0.0880942441353786 -0.376215324219237 0.546702731669707 255 255 255 255 
-0.129764553436066 -0.370305055049425 0.56516192686048 255 255 255 255 
-0.108078435546575 -0.393844525247679 0.54499580680094 255 255 255 255 
-0.129195222498067 -0.412545536088088 0.545695697127133 255 255 255 255 
-0.0961179801003834 -0.351378008609926 0.56279263285909 255 255 255 255 
-0.112416098241987 -0.326923201701413 0.585437619367428 255 255 255 255 
-0.159135982501075 -0.530756901410263 0.538961090017574 255 255 255 255 
-0.143256299515253 -0.556344772457887 0.532782224736327 255 255 255 255 
-0.138764286322392 -0.530839612291487 0.529374640441275 255 255 255 255 
-0.110705835450344 -0.533916998973356 0.518721283823638 255 255 255 255 
-0.0708028252918739 -0.332500452682977 0.567545046869593 255 255 255 255 
-0.0848970290943506 -0.311509004642058 0.587209385794704 255 255 255 255 
-0.118886698660148 -0.268582397358247 0.645125891666702 255 255 255 255 
-0.0965016166344033 -0.261212790606227 0.642762627901729 255 255 255 255 
-0.118405869680302 -0.436360215965856 0.533644668118114 255 255 255 255 
0.146173487987933 -0.366575128676438 0.575327935448552 255 255 255 255 
0.116785486044515 -0.34288557525958 0.576008022355597 255 255 255 255 
-0.172240333392844 -0.382483601778677 0.581739264654149 255 255 255 255 
-0.158580097791304 -0.354881130004517 0.589571057708801 255 255 255 255 
0.190739666358524 -0.352483848498856 0.613788474230455 255 255 255 255 
0.20007981277878 -0.325481610449373 0.644815423640322 255 255 255 255 
0.177348170762522 -0.32749712510985 0.62316253893669 255 255 255 255 
0.0229509756424705 -0.180250278557293 0.799501552653891 255 255 255 255 
0.0432835040683111 -0.179501605160141 0.823234265938561 255 255 255 255 
-0.152223517742227 -0.232961274869245 0.733972519699627 255 255 255 255 
-0.16491700320048 -0.25012777313014 0.711563851402473 255 255 255 255 
0.0265784096668371 -0.202866206435282 0.718167447821974 255 255 255 255 
0.00702850054597414 -0.218912103309008 0.682387039189314 255 255 255 255 
0.040361540223642 -0.215332624467072 0.694050281743448 255 255 255 255 
0.0434812365191815 -0.228181083674979 0.671560432721059 255 255 255 255 
0.0226623823068988 -0.245942725706093 0.641593698316139 255 255 255 255 
0.0733682778389531 -0.247034205458792 0.652042827583636 255 255 255 255 
0.119495136181114 -0.2857154703477 0.625676578418691 255 255 255 255 
0.160731109095929 -0.302466629973926 0.634275020470805 255 255 255 255 
0.141085206529116 -0.278862962923747 0.646564842613382 255 255 255 255 
0.162577748889095 -0.27390970409918 0.669945373931814 255 255 255 255 
0.183707664509327 -0.29878686719284 0.657653907611736 255 255 255 255 
0.0653699696735067 -0.203227221913546 0.731411520081995 255 255 255 255 
0.0786945847567124 -0.19743433387464 0.758301538055765 255 255 255 255 
0.0895060949863491 -0.194127456202614 0.783362812817227 255 255 255 255 
0.0828043161733013 -0.509106360087798 0.510993535733053 255 255 255 255 
0.120706964963908 -0.521162623528044 0.522155819773531 255 255 255 255 
0.115398419224647 -0.50025754436552 0.521205361902473 255 255 255 255 
0.111724252210065 -0.470773568721854 0.523546299224089 255 255 255 255 
0.207769861297124 -0.297512427781834 0.685581377941906 255 255 255 255 
0.223580315999441 -0.327873699447542 0.667991873316018 255 255 255 255 
0.141768037748711 -0.230843884565592 0.726379546595084 255 255 255 255 
0.161300431307153 -0.240182004820013 0.728405652289307 255 255 255 255 
0.185259996845969 -0.255066036932093 0.728506833295448 255 255 255 255 
0.0662797971389055 -0.185918375149512 0.799325451222839 255 255 255 255 
0.183185250801997 -0.268956088130909 0.698961154965739 255 255 255 255 
0.0727727386717181 -0.221982780387154 0.692723358311659 255 255 255 255 
0.0919280755552582 -0.215594192561672 0.71699333548907 255 255 255 255 
-0.223420247111231 -0.383269476219692 0.621984948465586 255 255 255 255 
-0.240060739746686 -0.38945700175868 0.635475976929448 255 255 255 255 
0.0835387501350557 -0.330900230759909 0.572150889331117 255 255 255 255 
0.0798860882595563 -0.300477505946091 0.594957582378753 255 255 255 255 
-0.014810702984029 -0.23589204728841 0.65501349193421 255 255 255 255 
-0.134117639459864 -0.243881089471698 0.692306173080258 255 255 255 255 
-0.107047280838872 -0.245566057749259 0.670238996169665 255 255 255 255 
-0.116158014397562 -0.234619632755556 0.694890022934255 255 255 255 255 
-0.0928035543787021 -0.222702256575595 0.702121306223161 255 255 255 255 
-0.129096043299208 -0.229093148502629 0.717083858300981 255 255 255 255 
0.125706171400617 -0.385835485063345 0.555477686265244 255 255 255 255 
0.145259341700688 -0.405340324166094 0.555852942306967 255 255 255 255 
0.111005404704675 -0.210423642056292 0.74692521146814 255 255 255 255 
0.159740816279507 -0.229018791141371 0.756074541803046 255 255 255 255 
0.133321997132084 -0.210312998261444 0.778286048066595 255 255 255 255 
0.0121199376997575 -0.629409596012907 0.516579140760125 255 255 255 255 
0.00615893715631895 -0.605608445212228 0.509943193011497 255 255 255 255 
-0.155143282875285 -0.401456015758657 0.562577445815214 255 255 255 255 
-0.183715812205969 -0.421183336439844 0.571691558736592 255 255 255 255 
-0.157311807565575 -0.42392478930963 0.555035403076099 255 255 255 255 
0.0389056623675792 -0.434399610957015 0.515024667637086 255 255 255 255 
0.0408914743702283 -0.469781185361852 0.507580126101744 255 255 255 255 
-0.181416387117319 -0.325020894651704 0.628606886819664 255 255 255 255 
-0.166178812373233 -0.311411811283347 0.62940018212133 255 255 255 255 
0.187538063819871 -0.501670829399691 0.556116298635174 255 255 255 255 
0.184388042692821 -0.452184647245729 0.562394035289315 255 255 255 255 
0.160399612312505 -0.473419497086385 0.543998791722989 255 255 255 255 
0.144665296170026 -0.500361311974254 0.532958621912638 255 255 255 255 
0.228514442368648 -0.504913763184327 0.586363488163817 255 255 255 255 
0.209417599557927 -0.529419393241289 0.57023920806104 255 255 255 255 
0.187067414555388 -0.552059615851173 0.556011041343588 255 255 255 255 
0.181209359789819 -0.407727882088987 0.575444693545308 255 255 255 255 
0.205117310498424 -0.388605831904795 0.602409904268865 255 255 255 255 
0.17909855244835 -0.37356499435145 0.591287778769146 255 255 255 255 
0.0376126000976943 -0.273759916955562 0.610659539507251 255 255 255 255 
-0.193781214978533 -0.35625727759303 0.613527506813658 255 255 255 255 
-0.214998306412528 -0.429282496988 0.591858627482851 255 255 255 255 
-0.232964236270963 -0.440348713622137 0.603795566062987 255 255 255 255 
-0.185589817892344 -0.4596740122547 0.561353592582191 255 255 255 255 
-0.185332172043375 -0.506692663480873 0.554357839351537 255 255 255 255 
-0.140374449777124 -0.502540223775666 0.530874016593147 255 255 255 255 
-0.20601977903401 -0.48414759990045 0.570781799424049 255 255 255 255 
-0.222022292453702 -0.462625360127385 0.587546711616245 255 255 255 255 
-0.243001009544747 -0.482921434563183 0.60242139658182 255 255 255 255 
0.00172780867538671 -0.30735176492788 0.577141255689791 255 255 255 255 
-0.0304718400610549 -0.317385793394504 0.571073099782802 255 255 255 255 
-0.0539153804264388 -0.362122140543925 0.545978466033977 255 255 255 255 
-0.0448265485169101 -0.339444187565268 0.557755328208826 255 255 255 255 
-0.0235653472086019 -0.348057343186641 0.55002362021986 255 255 255 255 
-0.0597881090323911 -0.184190006185296 0.802953271981471 255 255 255 255 
-0.0740726464876936 -0.189367781466205 0.788417755764385 255 255 255 255 
0.141342761183382 -0.442610769734757 0.541436913866424 255 255 255 255 
0.140046756845864 -0.471578525635834 0.534495145309095 255 255 255 255 
-0.109592853545192 -0.640122761550384 0.538554735352562 255 255 255 255 
-0.0631284002702456 -0.622374134180754 0.520234508260599 255 255 255 255 
-0.0961286941581337 -0.608949483898529 0.524561899068332 255 255 255 255 
-0.109800927498371 -0.500995597843253 0.519241830419931 255 255 255 255 
-0.0266783850929875 -0.368830517867208 0.538929029690005 255 255 255 255 
-0.0833346467148719 -0.41927927310473 0.527814406087117 255 255 255 255 
-0.0648527457525453 -0.38750189585678 0.535711440949597 255 255 255 255 
0.0753819735750031 -0.435920068415177 0.520875832817595 255 255 255 255 
0.0781502067191098 -0.471065832630402 0.51389532969107 255 255 255 255 
0.264810322954335 -0.503722765373288 0.622854569055647 255 255 255 255 
0.243615158831856 -0.479229518325977 0.603690778869482 255 255 255 255 
-0.0729550418587827 -0.459256071299616 0.514855289002203 255 255 255 255 
-0.034899395482022 -0.467505032396014 0.507297119228032 255 255 255 255 
-0.0584240446556478 -0.443812936298869 0.51542544613081 255 255 255 255 
-0.0418696460460975 -0.43112154667942 0.516291775473783 255 255 255 255 
0.206662822561036 -0.478643984742141 0.572131006171856 255 255 255 255 
-0.0226152520760711 -0.610666827284288 0.511866991349339 255 255 255 255 
-0.0379425163838934 -0.580440508763619 0.507041659217075 255 255 255 255 
-0.0512352186637395 -0.597677980456338 0.511978990060426 255 255 255 255 
0.237309841796836 -0.40828723154544 0.621760061701694 255 255 255 255 
0.214344873039917 -0.421222514034467 0.59445902798452 255 255 255 255 
0.220737313069978 -0.372652423709566 0.626280681611752 255 255 255 255 
0.0748817160568399 -0.578531946129162 0.512856787492836 255 255 255 255 
0.0992091359619577 -0.602935398323334 0.524005671340356 255 255 255 255 
0.104543107072698 -0.582643075350726 0.52151289317861 255 255 255 255 
0.215756729220123 -0.261425400316312 0.772602576045565 255 255 255 255 
0.188144460915287 -0.237454913899485 0.787417151377118 255 255 255 255 
0.19122432748981 -0.247633774539665 0.757940898378612 255 255 255 255 
-0.104706164463122 -0.214019042377755 0.730766678038777 255 255 255 255 
0.0539360595946451 -0.596123429603316 0.512071684490853 255 255 255 255 
0.138430964849939 -0.308158647631116 0.614009538351803 255 255 255 255 
-0.116454816405599 -0.565619378007341 0.523011979791734 255 255 255 255 
-0.158986320919193 -0.57923031210843 0.543468150376228 255 255 255 255 
-0.0339859861997397 -0.632306658351207 0.519008522617295 255 255 255 255 
-0.0151403538761872 -0.637996114285541 0.519490214420515 255 255 255 255 
0.00369932105447699 -0.658854975558806 0.52697759041039 255 255 255 255 
-0.168880173326626 -0.43783216351538 0.556961751879853 255 255 255 255 
-0.0665917439319559 -0.249688267977353 0.646039254821412 255 255 255 255 
-0.205645619223141 -0.396964079085211 0.598403052171788 255 255 255 255 
-0.0415252103750157 -0.224916359543647 0.676621668446508 255 255 255 255 
-0.075306007929438 -0.231560705218585 0.676602605621598 255 255 255 255 
0.0513959181907053 -0.209992285784856 0.708638649934575 255 255 255 255 
0.0838019825060212 -0.18745320299291 0.818319908214507 255 255 255 255 
0.260913742060767 -0.395664868020063 0.65698410664571 255 255 255 255 
0.259786855838318 -0.424358635729137 0.639145700696927 255 255 255 255 
0.239115144442635 -0.382760114979105 0.638794154751159 255 255 255 255 
-0.0157294458532419 -0.298089792626782 0.585260502965933 255 255 255 255 
0.234084731876545 -0.356256888695779 0.653210118783408 255 255 255 255 
-0.0805138886152027 -0.57620425597485 0.513797761031137 255 255 255 255 
-0.257906813940358 -0.370469122160361 0.672107284814569 255 255 255 255 
0.0778315563475301 -0.275378276929314 0.618776474393018 255 255 255 255 
0.0593224429068742 -0.288141293910997 0.60058696440137 255 255 255 255 
0.00314268262862312 -0.576099382616326 0.504308259893123 255 255 255 255 
0.11468010316821 -0.638258427701373 0.539706957037478 255 255 255 255 
0.167405248005118 -0.523859177365435 0.543287865236539 255 255 255 255 
-0.250563734923266 -0.341598681766467 0.689986366630409 255 255 255 255 
-0.280219348028581 -0.381581086714377 0.698342277909678 255 255 255 255 
-0.281709094403196 -0.444311634386836 0.659572667314951 255 255 255 255 
-0.0810805152513101 -0.199346631053305 0.753701746644503 255 255 255 255 
0.15688681187789 -0.216978199219845 0.800072457027282 255 255 255 255 
0.121589258178663 -0.199985932228004 0.810574255573973 255 255 255 255 
-0.150494476915009 -0.265639730887665 0.671196396795275 255 255 255 255 
-0.176078378344504 -0.267981619070042 0.692342237792811 255 255 255 255 
-0.188605441626648 -0.2571111805958 0.729113489897103 255 255 255 255 
-0.202718040120256 -0.27607439295655 0.712531588882853 255 255 255 255 
-0.24083875611573 -0.316779516741117 0.706304265817729 255 255 255 255 
0.239188606987953 -0.288425230268662 0.755915763443709 255 255 255 255 
-0.0728327829182139 -0.650779311132486 0.531968625507549 255 255 255 255 
0.042035806923748 -0.65620914356694 0.528612804509651 255 255 255 255 
-0.203920276553639 -0.585224786110021 0.572483550087805 255 255 255 255 
-0.0743456121988873 -0.500889403610653 0.5095414131939 255 255 255 255 
0.199613296032846 -0.274823629075339 0.71029423743521 255 255 255 255 
0.0978645097937408 -0.265374391002498 0.638196306182221 255 255 255 255 
0.212143514251777 -0.351224682675788 0.633757665436362 255 255 255 255 
0.222087936084699 -0.456721171700187 0.589089005389505 255 255 255 255 
0.148243580527764 -0.623268038630242 0.548971526987796 255 255 255 255 
0.229765661852754 -0.558944062871476 0.588725930298731 255 255 255 255 
0.24940908253003 -0.532307449588518 0.605188262652223 255 255 255 255 
-0.0374727958449017 -0.540151011901113 0.502961498677664 255 255 255 255 
0.0412227476190509 -0.542927080491702 0.503512530787514 255 255 255 255 
0.041192860419416 -0.580021352575044 0.507349602351091 255 255 255 255 
0.079065143287166 -0.649304661749683 0.532880008947553 255 255 255 255 
-0.0761923327398364 -0.537821060718573 0.509258714749208 255 255 255 255 
0.00241249209255944 -0.540994588468492 0.500992108801127 255 255 255 255 
-0.036209087149517 -0.50309266335094 0.503265715630478 255 255 255 255 
0.0777450686569124 -0.546466837709601 0.510025304339541 255 255 255 255 
0.0421688429112147 -0.506438318529113 0.503736443121913 255 255 255 255 
0.00257829626538637 -0.468225223908739 0.505416938041635 255 255 255 255 
0.0615729637895347 -0.37195813642109 0.542328506085173 255 255 255 255 
0.0338844105714768 -0.375411001507491 0.536396594273808 255 255 255 255 
0.10971235464036 -0.438562469836127 0.529925338453242 255 255 255 255 
0.271468498299354 -0.348468363109202 0.718807066557231 255 255 255 255 
-0.0347052981719441 -0.657061243185081 0.528086177984078 255 255 255 255 
-0.077405048314783 -0.355088040469833 0.555033825427381 255 255 255 255 
0.0530911199286284 -0.259413089518335 0.629843100554679 255 255 255 255 
0.206214163734403 -0.583179539744002 0.573747581857305 255 255 255 255 
0.163718879850164 -0.426564004757618 0.557628602370723 255 255 255 255 
-0.202198846789914 -0.442794418526868 0.577269881415262 255 255 255 255 
0.232808545081842 -0.434369400741729 0.605797343947169 255 255 255 255 
0.0987297689216675 -0.293493784589797 0.608126054088262 255 255 255 255 
0.16832664408913 -0.355768146989785 0.595153780239909 255 255 255 255 
-0.0558003072473617 -0.207508995763124 0.716036506091834 255 255 255 255 
-0.0371115647296636 -0.24080220350901 0.650805245975589 255 255 255 255 
0.283335318116684 -0.411505579518552 0.679847924260061 255 255 255 255 
-0.271763457652275 -0.349309937972174 0.718286944687846 255 255 255 255 
-0.2833733286454 -0.412904957082981 0.678983061362106 255 255 255 255 
0.0740448667639092 -0.39982361983067 0.532586882243552 255 255 255 255 
0.00264795825020335 -0.504595666872672 0.501299579255391 255 255 255 255 
0.0400055237844164 -0.195289862885974 0.742446654679626 255 255 255 255 
0.201261041324987 -0.43413749347634 0.579349127065874 255 255 255 255 
-0.0838601043114877 -0.209905747514331 0.725264118559584 255 255 255 255 
-0.139205148398034 -0.343770231857274 0.586052689096044 255 255 255 255 
0.203534399472936 -0.260538983118101 0.746983634439122 255 255 255 255 
-0.0665606898365662 -0.220746872838129 0.692365343578211 255 255 255 255 
0.11423014327835 -0.202632276356708 0.779526855315298 255 255 255 255 
-0.165909207698467 -0.285851102923469 0.657178029933073 255 255 255 255 
0.0745201468264945 -0.352204731819996 0.555972436126936 255 255 255 255 
-0.206411971055164 0.333646448995444 0.643292229079851 255 255 255 255 
-0.194696621834941 0.358470497899932 0.612707301659638 255 255 255 255 
-0.216039942639981 0.357370628172018 0.632748328721342 255 255 255 255 
-0.227509517826585 0.507183540070841 0.585329480770882 255 255 255 255 
-0.228029359778317 0.56096674689428 0.587475842823523 255 255 255 255 
-0.248257293795506 0.534104087663625 0.604077879256339 255 255 255 255 
0.234394041489971 0.512949449350066 0.591043292261201 255 255 255 255 
0.264221749585124 0.505023665781071 0.622050568387054 255 255 255 255 
0.248770691573088 0.533307732776469 0.60457005364377 255 255 255 255 
0.253508921842738 0.347470822189567 0.687996280040162 255 255 255 255 
0.259512986301173 0.320836861075603 0.735884273972713 255 255 255 255 
0.27248050112726 0.351404239278849 0.716992595297601 255 255 255 255 
0.219755432137385 0.265508639685257 0.770078995331035 255 255 255 255 
0.181872895954041 0.24583443748321 0.745388748496446 255 255 255 255 
0.19259416450649 0.240886858166728 0.785296093172489 255 255 255 255 
0.212926770186648 0.452425128217922 0.582717191084334 255 255 255 255 
0.213099277689699 0.412175302998165 0.597285901423297 255 255 255 255 
0.23094115978435 0.437219084352923 0.602998225772789 255 255 255 255 
0.264720045935404 0.403867257504852 0.656814541831796 255 255 255 255 
0.246434761406404 0.421926738129213 0.62483105653407 255 255 255 255 
0.246231130362044 0.396064029110674 0.638385224649201 255 255 255 255 
0.280497856482566 0.383177366608885 0.697355722678611 255 255 255 255 
0.261118265821788 0.375725121044303 0.672281938041439 255 255 255 255 
0.229298672094553 0.389608101704042 0.623951348689677 255 255 255 255 
0.28161890668388 0.444995494611398 0.659150018452712 255 255 255 255 
0.275191645869867 0.475485906978806 0.640305907278222 255 255 255 255 
0.26409279691865 0.446956083110596 0.634897501493515 255 255 255 255 
0.18913747860373 0.55407548460497 0.557523513928939 255 255 255 255 
0.162442248734175 0.51862917336479 0.540711978432144 255 255 255 255 
0.190559376291803 0.518852581077029 0.557154965250333 255 255 255 255 
0.131108717758365 0.59167883012153 0.532906567463187 255 255 255 255 
0.17881707996256 0.604835897977092 0.560363216396687 255 255 255 255 
0.14812741560566 0.623328645422946 0.548934069929912 255 255 255 255 
-0.176021149707946 0.606745025626796 0.559183310619959 255 255 255 255 
-0.184809805541006 0.554380254988069 0.55480530409556 255 255 255 255 
-0.154386436779411 0.573871736565398 0.540252180106874 255 255 255 255 
-0.128458431941635 0.595524256288301 0.532645543788577 255 255 255 255 
0.204246165889327 0.492412016340384 0.568386142522263 255 255 255 255 
0.210589192366752 0.52755998615454 0.571099655111561 255 255 255 255 
-0.281737387354533 0.444093391753723 0.659707548679686 255 255 255 255 
-0.254028190400413 0.454694615611869 0.620599738704744 255 255 255 255 
-0.275291708971796 0.475139541231467 0.640519973082629 255 255 255 255 
-0.237248351021941 0.362089210906343 0.652069469589222 255 255 255 255 
-0.229411107747736 0.337062261440605 0.665516780076307 255 255 255 255 
-0.251075054855989 0.342141397927217 0.690163632316096 255 255 255 255 
-0.260183663821375 0.426863876010753 0.638448709623551 255 255 255 255 
0.0676389085278274 0.621131472544444 0.520766359970663 255 255 255 255 
0.0270655432989015 0.610394312249161 0.512125183162929 255 255 255 255 
0.0544529652451746 0.596745655032749 0.512284425165444 255 255 255 255 
0.114829605559331 0.638202115603513 0.539741759828111 255 255 255 255 
0.0993832329348696 0.606825940219494 0.525002836046382 255 255 255 255 
0.0405146317444298 0.580101409084414 0.507281567705006 255 255 255 255 
-0.00632117752183204 0.629741285586455 0.516522200582464 255 255 255 255 
0.0211400767351722 0.637708523165928 0.519721576384103 255 255 255 255 
-0.221932195844698 0.459557508205796 0.588225286360235 255 255 255 255 
-0.233174764673815 0.437405372446878 0.605033030431426 255 255 255 255 
0.264944422855859 0.429337953083229 0.643255505394971 255 255 255 255 
0.177747648104387 0.441012635704646 0.561291942326879 255 255 255 255 
0.192433371342382 0.465889114057048 0.564489432793174 255 255 255 255 
0.191027433998717 0.295195388174382 0.669372570703019 255 255 255 255 
0.176896140412692 0.317791373369258 0.631632953929788 255 255 255 255 
0.165123545985879 0.292845130796472 0.648170354321459 255 255 255 255 
0.171788420805271 0.478658706645771 0.549365350488268 255 255 255 255 
0.229752423492282 0.48232887311816 0.590208742722992 255 255 255 255 
0.00752130398693195 0.213753363866251 0.692178998299284 255 255 255 255 
0.029002133427231 0.236621046889899 0.655524576287213 255 255 255 255 
-0.00585343902021118 0.22908063471495 0.66500536265647 255 255 255 255 
-0.0177863654498207 0.247616472048177 0.638905933131203 255 255 255 255 
-4.86745113608646E-05 0.182961930462736 0.779874500611418 255 255 255 255 
0.0447370588280492 0.187722981631791 0.771599563631498 255 255 255 255 
0.0144283604689537 0.18944977461151 0.754699339065416 255 255 255 255 
0.0250971094354354 0.198811762684061 0.728201332800143 255 255 255 255 
0.142218947620148 0.223228149304803 0.746892780101841 255 255 255 255 
0.119534293795136 0.205065087068068 0.777269250826679 255 255 255 255 
0.147739595481386 0.21817491221141 0.772662374431895 255 255 255 255 
0.165826362035359 0.22842666636386 0.769338544896471 255 255 255 255 
0.161451179245997 0.569815898280957 0.543258472160743 255 255 255 255 
0.140213257182409 0.549648712100782 0.530856826355165 255 255 255 255 
0.163842651391457 0.548038395309992 0.542173952329323 255 255 255 255 
0.129292292634359 0.500812445531502 0.526363030104315 255 255 255 255 
0.135265262722468 0.525024855758881 0.527846208163977 255 255 255 255 
0.107096707184248 0.531612813815711 0.517490635318942 255 255 255 255 
-0.0164114746714514 0.376272143995538 0.534592775157916 255 255 255 255 
0.0286022685053437 0.396837037091212 0.52650851296459 255 255 255 255 
-0.00660987138839948 0.404585612031354 0.522352045928679 255 255 255 255 
-0.0363314448845729 0.410797762567965 0.522062386046037 255 255 255 255 
-0.00253274435349064 0.436851962066374 0.512133331857932 255 255 255 255 
-0.0399076034215232 0.473082497583409 0.506942346750323 255 255 255 255 
-0.0383769296547286 0.439556523975901 0.513603109014661 255 255 255 255 
-0.144653188279551 0.543842204879407 0.53245677409057 255 255 255 255 
-0.134086242824553 0.567701548220427 0.530089797031789 255 255 255 255 
-0.107249027263523 0.557170401877978 0.518974434139936 255 255 255 255 
-0.238367240010998 0.411861588791085 0.621053790630593 255 255 255 255 
-0.261852666222618 0.398650618437286 0.656270435583377 255 255 255 255 
-0.240980338912051 0.387069369651874 0.638044605634959 255 255 255 255 
-0.223315277178863 0.377680541790517 0.625459077589343 255 255 255 255 
0.212274902741898 0.343529836001051 0.640312840674163 255 255 255 255 
0.201543684544283 0.318302656845932 0.653537695740808 255 255 255 255 
-0.203182615728072 0.261025405713866 0.745068074619734 255 255 255 255 
-0.170210907258445 0.235667364083707 0.753742247709042 255 255 255 255 
-0.185452075437926 0.253821399551886 0.731601927939989 255 255 255 255 
0.161655667248362 0.219734261102961 0.798369117107586 255 255 255 255 
-0.147310721684086 0.263808744749192 0.671217743538893 255 255 255 255 
-0.171194944108819 0.264364191706473 0.692918046930767 255 255 255 255 
-0.15484803525598 0.253974134298161 0.693583208309975 255 255 255 255 
-0.0860165368054275 0.297099123278876 0.599994531600491 255 255 255 255 
-0.121030269094353 0.2953387757945 0.616618662427969 255 255 255 255 
-0.0890176011586457 0.27863701068851 0.619306105101344 255 255 255 255 
-0.167238957062692 0.307150021484902 0.634425374931887 255 255 255 255 
-0.141201517012876 0.281116792448157 0.643948205066141 255 255 255 255 
0.223582910814642 0.320667084136573 0.676124516867864 255 255 255 255 
0.232254916588888 0.304552014979611 0.710517083971239 255 255 255 255 
0.243186283035455 0.322570218265793 0.702036936347737 255 255 255 255 
0.182156974300436 0.407847381915334 0.576019668699326 255 255 255 255 
0.194175036521845 0.392812837099601 0.591558571190114 255 255 255 255 
-0.133175183094982 0.240810911183412 0.697077211316723 255 255 255 255 
-0.143996884945584 0.232657726348321 0.724663159438345 255 255 255 255 
-0.122040534071072 0.226155508412239 0.717007380876922 255 255 255 255 
-0.0943693960297758 0.233227443855605 0.68321120388119 255 255 255 255 
-0.1112940579853 0.22826880837184 0.703580041350172 255 255 255 255 
0.201039889841085 0.371725095012597 0.609062088856146 255 255 255 255 
0.221619427235527 0.368439291749193 0.630096704521467 255 255 255 255 
0.0753506600240134 0.230871571375386 0.677792110953467 255 255 255 255 
0.0953238284142099 0.219655043743123 0.710184413424491 255 255 255 255 
0.104385668800225 0.23231424958488 0.690931752101119 255 255 255 255 
0.0475634827964872 0.267136341456104 0.619638991143475 255 255 255 255 
0.0673264416564163 0.248460445032333 0.647948742681446 255 255 255 255 
-0.120763233446977 0.248737515869938 0.674041666220698 255 255 255 255 
0.0980116636431097 0.371863357122409 0.55195626912814 255 255 255 255 
0.146922733997259 0.387779748927211 0.564498520875143 255 255 255 255 
0.117693637827277 0.40234722376452 0.544996389588826 255 255 255 255 
0.138695625704644 0.429219614343464 0.544139708703929 255 255 255 255 
0.161977989047915 0.41606046881461 0.560417314314626 255 255 255 255 
0.178068657338972 0.381066558710199 0.586333347217727 255 255 255 255 
0.00687405219856145 0.176744559762153 0.824938213704336 255 255 255 255 
-0.0170183364590578 0.179409134553985 0.802990929213178 255 255 255 255 
-0.0356213591613447 0.17858534717719 0.823800544514507 255 255 255 255 
0.114980740169922 0.248655994325414 0.670348815879485 255 255 255 255 
0.0883150705208588 0.247867065082616 0.657022247226922 255 255 255 255 
-0.153233157987444 0.214946857665886 0.801327895150396 255 255 255 255 
-0.106633475461109 0.200089097825467 0.779330541682262 255 255 255 255 
-0.139613286581208 0.215337981182435 0.769016045675183 255 255 255 255 
-0.125315964746519 0.216977146758643 0.743567206181484 255 255 255 255 
-0.228776768708036 0.298952749906875 0.713783118476615 255 255 255 255 
-0.219352283895459 0.313457326419536 0.679407077212452 255 255 255 255 
-0.240232284843064 0.317185457894304 0.704715345139637 255 255 255 255 
-0.0945096998907062 0.215679881282992 0.718604790299384 255 255 255 255 
-0.0715749009991511 0.21800804620738 0.700040223555245 255 255 255 255 
-0.0539114371686112 0.204099658013375 0.723580887945084 255 255 255 255 
0.0408987447375714 0.218762262625339 0.687563659504109 255 255 255 255 
-0.143295184542389 0.315739404892798 0.610089022144979 255 255 255 255 
-0.0952682904805092 0.205341834669168 0.746849730688991 255 255 255 255 
-0.207798880314749 0.531738452052327 0.569077483608975 255 255 255 255 
-0.186177959717653 0.504294920772739 0.555052674027865 255 255 255 255 
-0.184135390604941 0.455302445332596 0.561455440440594 255 255 255 255 
-0.141050259952713 0.445608691202324 0.540513384241854 255 255 255 255 
-0.159372168247102 0.476296664588242 0.542987441365437 255 255 255 255 
0.102708665793597 0.471845301686261 0.520427778560216 255 255 255 255 
0.0844362199518081 0.423960344291235 0.526593351138092 255 255 255 255 
0.116731839704813 0.447674437823192 0.530056308715837 255 255 255 255 
0.119807060702493 0.32317885764281 0.5915777445025 255 255 255 255 
0.162239535755398 0.348409396952896 0.596219398403549 255 255 255 255 
0.127537961007771 0.354198677936236 0.573503388148874 255 255 255 255 
0.0823416095571828 0.331681557572523 0.571250325682817 255 255 255 255 
0.107310938124618 0.344578386803444 0.571065306815367 255 255 255 255 
0.136367490882628 0.29239975312987 0.628253901128491 255 255 255 255 
0.0970086306100011 0.294515363665282 0.606461121317355 255 255 255 255 
0.0621440485012075 0.299579329270932 0.590855719194336 255 255 255 255 
0.090637518815263 0.311500907126617 0.589135494360914 255 255 255 255 
-0.0614195674600831 0.361678335431042 0.547642024330944 255 255 255 255 
-0.0278379430887509 0.350422579133059 0.549002060324043 255 255 255 255 
0.00310213024065785 0.340793984152508 0.553516772120197 255 255 255 255 
-0.106330872520935 0.261384736385185 0.647390533863239 255 255 255 255 
-0.070459462325657 0.243541201009877 0.655960494682024 255 255 255 255 
-0.0601759121592141 0.262701803704612 0.62772830497747 255 255 255 255 
0.000910262241114521 0.276726651728106 0.604691563500326 255 255 255 255 
0.0149991534340657 0.25564264436152 0.628553431103668 255 255 255 255 
0.153942171542393 0.270606455647288 0.667039214271124 255 255 255 255 
0.168585312929084 0.255303602749123 0.705916726531152 255 255 255 255 
0.180284646574432 0.274137386100583 0.687255449673666 255 255 255 255 
-0.0706559504267381 0.316179164888627 0.579365500822868 255 255 255 255 
-0.0362351445566554 0.325863222426 0.565624772754287 255 255 255 255 
-0.0655623705244793 0.334865843006367 0.564692726427919 255 255 255 255 
-0.0461922805635245 0.289823002246563 0.596262056806906 255 255 255 255 
-0.0703733755310727 0.281489131569757 0.610040245504769 255 255 255 255 
-0.0930409533124315 0.338356519203164 0.570054758956671 255 255 255 255 
-0.123347745663442 0.325155505550337 0.591701470277377 255 255 255 255 
-0.0960688399604144 0.316388406215085 0.58712394165069 255 255 255 255 
-0.108036302049985 0.371176079199963 0.555793386470348 255 255 255 255 
-0.108721242910548 0.408987406576784 0.539121357808072 255 255 255 255 
-0.128768256661739 0.389724315767165 0.554980574100483 255 255 255 255 
-0.146681998243496 0.409001070278421 0.555086113702695 255 255 255 255 
-0.159992875765445 0.338909292314263 0.601653042600821 255 255 255 255 
-0.123258468158897 0.3498439849165 0.574297649311788 255 255 255 255 
0.14952649069283 0.319379478938086 0.610732422094126 255 255 255 255 
-0.074132950225986 0.439242958648816 0.519706545673132 255 255 255 255 
-0.0270993782958444 0.606231756554902 0.511113962131479 255 255 255 255 
-0.00155025171277986 0.605987644810386 0.509980167292372 255 255 255 255 
0.000102142307358839 0.576761855298274 0.504391002978194 255 255 255 255 
-0.0766000258390214 0.474111202950665 0.513059604350958 255 255 255 255 
-0.110250360550018 0.473669956370515 0.522573844728092 255 255 255 255 
0.0859837906894439 0.203047079104779 0.745856712257533 255 255 255 255 
0.114370782549229 0.217103831134076 0.731619192674324 255 255 255 255 
-0.118271360030403 0.523669468010921 0.521245837199312 255 255 255 255 
-0.142847559747775 0.503042681179933 0.531934932099188 255 255 255 255 
-0.113400823603262 0.502930799453864 0.520317039341865 255 255 255 255 
0.130554349049915 0.23410097533265 0.707796248529646 255 255 255 255 
0.156398879470311 0.238503102364307 0.725993434271274 255 255 255 255 
-0.030883921345774 0.268105166902415 0.615757096742937 255 255 255 255 
0.0156101751152699 0.36657997710866 0.539319411512999 255 255 255 255 
-0.0135878292685408 0.303288785629689 0.580771608928052 255 255 255 255 
0.0198035493234529 0.309360434783424 0.576257751910227 255 255 255 255 
-0.00659348861383071 0.319353446863449 0.568047225233369 255 255 255 255 
0.0466637611097628 0.355076358203495 0.548658344265461 255 255 255 255 
0.048335357433866 0.324747393606762 0.568216323710592 255 255 255 255 
0.0296718265746384 0.33211458577997 0.560595256024421 255 255 255 255 
0.0648140661786492 0.386064484112052 0.536338273052346 255 255 255 255 
0.0406571410441816 0.434511037577548 0.515202012136073 255 255 255 255 
0.0575967843716464 0.447460711865907 0.514412269700913 255 255 255 255 
0.0703671337534134 0.462832008727665 0.513616434318947 255 255 255 255 
0.20468110756689 0.279494725262077 0.709323931952775 255 255 255 255 
0.241830882882872 0.292030554239481 0.753687550689237 255 255 255 255 
0.213613977577742 0.299205953456857 0.690790178187993 255 255 255 255 
0.191570266468012 0.2612453205801 0.724761574978627 255 255 255 255 
0.208920174787622 0.267598746957185 0.7401065067232 255 255 255 255 
-0.041964833222925 0.224025027609223 0.678277981774673 255 255 255 255 
-0.0202452215347259 0.206023091046349 0.709665304605259 255 255 255 255 
-0.166273047708323 0.249324272803854 0.714810708287578 255 255 255 255 
0.0481875318053714 0.180183718358405 0.822812696797873 255 255 255 255 
0.0250342836478002 0.180388871296913 0.799542870161104 255 255 255 255 
-0.264138975752389 0.505204835866433 0.62193859911633 255 255 255 255 
-0.243111848977107 0.481444770447778 0.602789256617407 255 255 255 255 
-0.205939877635265 0.481366450608542 0.571150283113495 255 255 255 255 
0.0884673807846809 0.188719193393562 0.817537483116847 255 255 255 255 
0.0659069629608893 0.186021840490347 0.798173356025242 255 255 255 255 
0.0813308805545795 0.192376097877079 0.781660067321837 255 255 255 255 
-0.0477830960291002 0.243369332037125 0.649433013704565 255 255 255 255 
0.0328481314010397 0.287215581431697 0.596620609587502 255 255 255 255 
-0.203809301046523 0.585322523240727 0.572423145219097 255 255 255 255 
-0.186602304658684 0.236299051538618 0.788131513602518 255 255 255 255 
0.0946828860013209 0.266881343248115 0.634938156303345 255 255 255 255 
0.125503839280956 0.268456944954427 0.649258680314606 255 255 255 255 
0.0394797867463184 0.631638164230916 0.519403102320047 255 255 255 255 
0.00352856156687396 0.658856827831369 0.526976445642942 255 255 255 255 
0.0416110055660649 0.656263055949397 0.528579484824049 255 255 255 255 
-0.0346180016300483 0.657070393184368 0.528080522973134 255 255 255 255 
-0.182593082716793 0.41177867936018 0.574653327906485 255 255 255 255 
-0.207127624462567 0.39311364673048 0.601631220651829 255 255 255 255 
-0.182061462635453 0.378701152204241 0.590389757269738 255 255 255 255 
0.0817044338575583 0.57456685465661 0.513843065360836 255 255 255 255 
0.115605564243275 0.561942622750514 0.522285036667798 255 255 255 255 
-0.165360454851166 0.526390239518461 0.542177980500887 255 255 255 255 
0.241497470266436 0.370419923281437 0.650507343615533 255 255 255 255 
-0.150156348514549 0.371956813023179 0.574414431424009 255 255 255 255 
-0.172248537041902 0.361512048839934 0.594013825937918 255 255 255 255 
-0.0694182486528677 0.19532025544732 0.758402379924413 255 255 255 255 
-0.0784778919852368 0.204287226131873 0.736567292316801 255 255 255 255 
0.188758567967102 0.34440087169504 0.618294300100712 255 255 255 255 
-0.0692064826046508 0.397800477149825 0.532304746020744 255 255 255 255 
-0.0871492822851032 0.384370260700654 0.542556484672694 255 255 255 255 
-0.18276333217974 0.333733587072258 0.622102094099624 255 255 255 255 
-0.160632356767609 0.283903346051327 0.65516020111492 255 255 255 255 
-0.215109660843129 0.424743324168548 0.593689137091905 255 255 255 255 
0.24755291048976 0.46365449195356 0.611142875838589 255 255 255 255 
-0.239139644615299 0.288359738466554 0.755956239603369 255 255 255 255 
-0.21592142708741 0.261590007663767 0.772500843108905 255 255 255 255 
-0.258746954793168 0.370278415052697 0.673494176074179 255 255 255 255 
-0.184847835214309 0.286860499439581 0.67381159263709 255 255 255 255 
-0.195266312053576 0.309323000711575 0.656902010435745 255 255 255 255 
-0.199761374741901 0.272676504660455 0.714420272842706 255 255 255 255 
-0.20889684838696 0.292124879231043 0.694797561065271 255 255 255 255 
-0.0709637397547874 0.580241762992248 0.512283054892281 255 255 255 255 
-0.0618439976654608 0.621311442523412 0.519682954335123 255 255 255 255 
-0.0947476638234569 0.604754145100795 0.523117236853825 255 255 255 255 
0.151132810983021 0.491104687840278 0.536867628136734 255 255 255 255 
0.182773986486786 0.502059981879286 0.553105269892973 255 255 255 255 
0.229156721765208 0.5596584736224 0.588284400172744 255 255 255 255 
-0.0389583485153425 0.184323177170163 0.784146154117645 255 255 255 255 
-0.0229013107287571 0.187344284968674 0.764222310864521 255 255 255 255 
0.0331803100844458 0.209343330381159 0.704713018216572 255 255 255 255 
-0.0325683202579866 0.628901219922271 0.517791628860979 255 255 255 255 
-0.109443629765205 0.640175940708842 0.538521868824696 255 255 255 255 
-0.0727120940600321 0.650806584991168 0.531951769336007 255 255 255 255 
0.0380737474728683 0.540744653679145 0.503051925552918 255 255 255 255 
-0.0123032579173346 0.193691133523485 0.740659524793657 255 255 255 255 
-0.116538225967478 0.197996869965799 0.811803563657709 255 255 255 255 
-0.0699041387737319 0.188421028460512 0.7887208572418 255 255 255 255 
-8.04214834403559E-05 0.202244163337591 0.71702376206128 255 255 255 255 
-0.280149079589575 0.381189584989726 0.69858423928098 255 255 255 255 
-0.283365789555467 0.412597227348595 0.679173248797258 255 255 255 255 
-0.257804998001071 0.317593338879708 0.737888880934355 255 255 255 255 
-0.271562111329642 0.348734248771965 0.718642740180461 255 255 255 255 
0.0789374124103964 0.649336196954279 0.532860519119321 255 255 255 255 
0.205708053128303 0.583634933767918 0.573466132872369 255 255 255 255 
0.283397427594078 0.414055738125527 0.678271839564207 255 255 255 255 
0.0338281970382301 0.470477938194114 0.506699154981462 255 255 255 255 
0.233520942643243 0.344852657863694 0.662898433844621 255 255 255 255 
-0.0458830094623356 0.386103053799639 0.533005164949511 255 255 255 255 
-0.0805763332838929 0.51167438465569 0.510342326342641 255 255 255 255 
-0.00255959554542122 0.471422282065916 0.504899453403293 255 255 255 255 
-0.0385898306707115 0.544713590639093 0.503303013659105 255 255 255 255 
-0.0404315906711075 0.50893528751721 0.503399909502598 255 255 255 255 
0.0713128734899551 0.502284933630475 0.508795940332169 255 255 255 255 
0.0355949035553414 0.504869348684106 0.503091044185837 255 255 255 255 
0.138903627038382 0.467287728140556 0.534755013405803 255 255 255 255 
0.115881120622016 0.211149582546279 0.750102177655301 255 255 255 255 
0.126383246837345 0.201969835598829 0.809348135860409 255 255 255 255 
-0.0747091582530717 0.548530585532245 0.509478233713922 255 255 255 255 
-0.100675411899444 0.584582785047381 0.520649381033273 255 255 255 255 
-0.000516976101099868 0.542278696761735 0.501042584509684 255 255 255 255 
-0.0373396149446259 0.581280312214254 0.507110360188248 255 255 255 255 
-0.0494291686759731 0.59742468797176 0.511657020111804 255 255 255 255 
0.0749814398551506 0.537289893454836 0.508972336318343 255 255 255 255 
-0.055636742866897 0.183368658991279 0.803826631568667 255 255 255 255 
0.142578721217953 0.251082101792324 0.687129466068052 255 255 255 255 
0.157400425159674 0.453623953424768 0.546470493695455 255 255 255 255 
0.244730335249677 0.490912598462144 0.602871200403164 255 255 255 255 
-0.139585103670366 0.345956066486362 0.58476186198332 255 255 255 255 
-0.106801839218525 0.308000818095798 0.598288199782442 255 255 255 255 
0.0756407663139883 0.281086901905611 0.612055576043357 255 255 255 255 
0.0588350877382201 0.209564444207112 0.712531039483693 255 255 255 255 
-0.108980712611677 0.441408089673869 0.528916706702329 255 255 255 255 
-0.0773139526891096 0.185816951410733 0.819331167305769 255 255 255 255 
-0.144078672023067 0.62540056467398 0.547653553410818 255 255 255 255 
-0.20165361141375 0.437523642442276 0.578519841174472 255 255 255 255 
-0.00175109798693409 0.506760203581575 0.501169709742831 255 255 255 255 
-0.039682696883441 0.191752724709602 0.753781203669325 255 255 255 255 
0.0538555873065991 0.198428517848798 0.738970069190046 255 255 255 255 
-0.138788596485044 0.474446785328473 0.533463728994541 255 255 255 255 
-0.164259535254996 0.430047376267407 0.556774256427138 255 255 255 255 
0.102987911009437 0.501548406547167 0.517021242909869 255 255 255 255 
0.197186392802172 0.428033337847807 0.57848785827232 255 255 255 255 
0.00114206192576698 -0.576435244160679 -0.504344893461071 255 255 255 255 
-0.038083960060182 -0.544009781763231 -0.503209443195016 255 255 255 255 
0.000618852964690844 -0.541505655536408 -0.501007017042964 255 255 255 255 
0.23409221524757 -0.359136363015305 -0.650783291402643 255 255 255 255 
0.199725566315106 -0.350080959586663 -0.623149770825988 255 255 255 255 
0.212923182889417 -0.338699820781148 -0.645265769343145 255 255 255 255 
0.169520029489004 -0.37756415455913 -0.582677839025917 255 255 255 255 
0.157211469414605 -0.338229217964458 -0.600395751314406 255 255 255 255 
0.1831013486864 -0.362638561797015 -0.600901501769122 255 255 255 255 
0.260997079448125 -0.396670384032773 -0.656424515113026 255 255 255 255 
0.237560795807815 -0.410094632851405 -0.621101090517926 255 255 255 255 
0.239890779134293 -0.385413562606065 -0.637898841533894 255 255 255 255 
0.128363805120289 -0.409056326288448 -0.546661124503387 255 255 255 255 
0.130534093607697 -0.368756529514652 -0.566362520126574 255 255 255 255 
0.154256614758485 -0.39777639290222 -0.563714427540242 255 255 255 255 
0.0552672040508356 -0.302524761207973 -0.58678633353717 255 255 255 255 
0.0781190012009106 -0.280364334563331 -0.613601096006183 255 255 255 255 
0.086377899270599 -0.304135606536868 -0.593874075715809 255 255 255 255 
0.161234092090671 -0.273584314571081 -0.669196792044992 255 255 255 255 
0.15986912635765 -0.302376174627081 -0.633730467361244 255 255 255 255 
0.139531338659993 -0.278559130201656 -0.645865513746357 255 255 255 255 
0.138499662469998 -0.310372197341876 -0.612033161641537 255 255 255 255 
0.0512451208680458 -0.32738478926034 -0.56686801501246 255 255 255 255 
0.0811176868928025 -0.327705621686049 -0.573692641814388 255 255 255 255 
0.0639934841390313 -0.342569130701182 -0.559349379329116 255 255 255 255 
0.106484774260514 -0.388476167493882 -0.546805332778342 255 255 255 255 
0.00766414071742036 -0.216895181196891 -0.686146617771814 255 255 255 255 
-0.0126282324065567 -0.201208786442927 -0.720167905701952 255 255 255 255 
0.0130083199892678 -0.205188653735939 -0.710710406806544 255 255 255 255 
0.0500900307071245 -0.226238395763854 -0.676595927139546 255 255 255 255 
0.0323250437476163 -0.209715520490388 -0.703718043475554 255 255 255 255 
-0.043831649535415 -0.214108028204323 -0.697452113610774 255 255 255 255 
-0.0465154226512435 -0.201230542784533 -0.728030679673685 255 255 255 255 
-0.0838600204212064 -0.220873062569685 -0.70055395095702 255 255 255 255 
-0.077153668627718 -0.202046182070813 -0.74213639697319 255 255 255 255 
-0.0629933681359662 -0.208704994724108 -0.716388838828567 255 255 255 255 
-0.0349753780586081 -0.187553890639588 -0.767507018433418 255 255 255 255 
0.160241117933448 -0.22908843092638 -0.756704526795966 255 255 255 255 
0.184303736328996 -0.25468578393912 -0.727904880326055 255 255 255 255 
0.157563974576438 -0.238544868604109 -0.727372037059475 255 255 255 255 
-0.0174184233040538 -0.212703495709759 -0.695054182763095 255 255 255 255 
0.0656054347222644 -0.210274122208909 -0.713965716071707 255 255 255 255 
-0.0209431639276224 -0.221505818807188 -0.678870847955137 255 255 255 255 
-0.116462811073874 -0.263446353547311 -0.650293330184412 255 255 255 255 
-0.0774033809000964 -0.241812881354197 -0.661180085377374 255 255 255 255 
-0.0821197589792609 -0.266039445200042 -0.630840473476785 255 255 255 255 
-0.156299859009908 -0.268791512770752 -0.671618977773855 255 255 255 255 
-0.131656586731985 -0.250499789853643 -0.679144941355972 255 255 255 255 
-0.0434616893652559 -0.256575541595073 -0.631182449782096 255 255 255 255 
-0.0427384754985295 -0.231563838086913 -0.665883285230377 255 255 255 255 
0.051054980621502 -0.186608063091226 -0.780729805986844 255 255 255 255 
0.0905063715630757 -0.202477594115749 -0.751576291926663 255 255 255 255 
0.0536361883664869 -0.195602928061112 -0.74750750324663 255 255 255 255 
0.127803545453579 -0.225238510201497 -0.724672834236468 255 255 255 255 
0.099219033025913 -0.228159713888022 -0.695387012056239 255 255 255 255 
0.096275920811415 -0.215290413606965 -0.720814296618279 255 255 255 255 
0.128404098448663 -0.241411291560926 -0.691985666813847 255 255 255 255 
0.115842575383281 -0.255613729509366 -0.660605820676445 255 255 255 255 
0.140776081919341 -0.25422496169486 -0.680455317691356 255 255 255 255 
0.0813604448638175 -0.19124418823053 -0.787413353002372 255 255 255 255 
0.115171114512625 -0.201708819073313 -0.785495854655118 255 255 255 255 
-0.000965755952329982 -0.505375493901648 -0.501244574689238 255 255 255 255 
0.0402446813623268 -0.539913808627046 -0.503261665254837 255 255 255 255 
-0.0710099976832718 -0.190435709593954 -0.779696081416483 255 255 255 255 
-0.0569391048741332 -0.18457376460995 -0.79708213675538 255 255 255 255 
-0.0399629529602505 -0.17908224055701 -0.823493447517012 255 255 255 255 
-0.0156518978529601 -0.180102689232673 -0.797773484416177 255 255 255 255 
0.254137123496429 -0.453394955699085 -0.621125639938345 255 255 255 255 
0.281919456401403 -0.442642633547234 -0.660604166560714 255 255 255 255 
0.275702530132146 -0.47369365614415 -0.641413579210403 255 255 255 255 
-0.204917605245356 -0.277615077306005 -0.713001949551399 255 255 255 255 
-0.167401496249303 -0.252214738468396 -0.710416959376677 255 255 255 255 
-0.18013012777001 -0.270957014425771 -0.692084430408629 255 255 255 255 
-0.221425608267018 -0.311896248015135 -0.684081450734243 255 255 255 255 
-0.234507418796669 -0.301828356045876 -0.718840997062733 255 255 255 255 
-0.239774828014646 -0.289212995189202 -0.755428897947679 255 255 255 255 
-0.10591852477074 -0.215247720632689 -0.728661752607415 255 255 255 255 
-0.132030716961325 -0.217998867917798 -0.748823721300078 255 255 255 255 
-0.104890703823265 -0.207861543593008 -0.74839193266648 255 255 255 255 
-0.129150503982227 -0.233607489266649 -0.707528705612189 255 255 255 255 
-0.151403311996856 -0.234289700798083 -0.729659317396779 255 255 255 255 
-0.174122563746418 -0.237846830205459 -0.754193703785176 255 255 255 255 
-0.216843601941627 -0.262517245807127 -0.771927778420445 255 255 255 255 
-0.188103699600481 -0.237424144773973 -0.787436167742549 255 255 255 255 
-0.189322780161759 -0.289027432431944 -0.675641514500637 255 255 255 255 
-0.103214486190093 -0.199927625074986 -0.775160029641068 255 255 255 255 
-0.132405829871827 -0.209330525742001 -0.780941661490528 255 255 255 255 
-0.149085105750445 -0.219298972708272 -0.770819892163755 255 255 255 255 
-0.188859988095893 -0.256842121608066 -0.730107804911946 255 255 255 255 
-0.280219366013624 -0.381581187476392 -0.698342215635193 255 255 255 255 
-0.262262644969254 -0.398776323355623 -0.65674158561175 255 255 255 255 
-0.283373331101602 -0.412905060512229 -0.678982997439341 255 255 255 255 
0.205967874583284 -0.296486833723165 -0.684746331431264 255 255 255 255 
0.247194270936981 -0.336388559421253 -0.690824683598341 255 255 255 255 
0.220163469661218 -0.328956099413006 -0.662747532698748 255 255 255 255 
-0.208222945877172 -0.332613745464273 -0.6460808019813 255 255 255 255 
-0.23832265453843 -0.361831130174968 -0.65357440628305 255 255 255 255 
-0.230905762669011 -0.336349257751008 -0.668121243617084 255 255 255 255 
0.19509609696502 -0.318967170075717 -0.646478858222543 255 255 255 255 
0.279894261063058 -0.379804494105411 -0.699440272526877 255 255 255 255 
0.271389241582747 -0.348244119261529 -0.718945656876863 255 255 255 255 
-0.119399718720681 -0.199111117679953 -0.811114920698493 255 255 255 255 
-0.155392184694322 -0.216138959352355 -0.800591135790259 255 255 255 255 
-0.205962766356134 -0.263458261759728 -0.744385617253161 255 255 255 255 
0.0351390438900997 -0.189669708636498 -0.759393037812919 255 255 255 255 
-0.00307200130473283 -0.190815203844364 -0.749054070252482 255 255 255 255 
0.233884559872955 -0.306632598335984 -0.709960176428486 255 255 255 255 
0.127433064449174 -0.213128433254412 -0.758236635999029 255 255 255 255 
0.140424021291609 -0.214221123086005 -0.774870725369282 255 255 255 255 
0.181894744348077 -0.268581304471581 -0.698045833317232 255 255 255 255 
0.198495803399424 -0.274291019024675 -0.709663945072274 255 255 255 255 
0.0430600610789831 -0.17947231188975 -0.823252370175301 255 255 255 255 
0.0267951443224222 -0.180290617963662 -0.801124196935912 255 255 255 255 
0.0245267504257973 -0.196522349776703 -0.734375147483071 255 255 255 255 
0.0107802036797003 -0.183874217279071 -0.776369918084524 255 255 255 255 
-0.186550034205278 -0.503970884249628 -0.555311042622674 255 255 255 255 
-0.143227397397684 -0.502493549972168 -0.53214503393005 255 255 255 255 
-0.165615376273247 -0.526022954079937 -0.542314203372773 255 255 255 255 
-0.184922700272753 -0.454909571295958 -0.562054369913751 255 255 255 255 
-0.206340281027871 -0.481158995436759 -0.571478791774819 255 255 255 255 
-0.184986919870815 -0.554161326718447 -0.55489489146356 255 255 255 255 
-0.264120548908609 -0.505245108233892 -0.621913709424206 255 255 255 255 
-0.254265067135083 -0.454745489854211 -0.620845853952763 255 255 255 255 
-0.243315426736476 -0.481416591378124 -0.602994138012755 255 255 255 255 
-0.24178291710317 -0.387033834993162 -0.638981050675316 255 255 255 255 
-0.252030457766949 -0.342176102925034 -0.691628146578518 255 255 255 255 
-0.259353048216158 -0.370402366457475 -0.674273436923154 255 255 255 255 
-0.224450287425442 -0.377432067356511 -0.626754712367474 255 255 255 255 
-0.242403111329938 -0.317768673809066 -0.70749929466917 255 255 255 255 
-0.169210443895465 -0.304722233747368 -0.63846480184465 255 255 255 255 
0.178769524053827 -0.326564414035247 -0.62509796832574 255 255 255 255 
0.024213818686003 -0.233894669495446 -0.658960480632062 255 255 255 255 
0.0162423610656856 -0.314611349663281 -0.571967059978375 255 255 255 255 
-0.0330778070514999 -0.32454602493394 -0.566168085897846 255 255 255 255 
-0.0136236620269752 -0.30071580560849 -0.582914916718334 255 255 255 255 
-0.281709081570063 -0.444311732966108 -0.659572606389216 255 255 255 255 
-0.26047467988607 -0.426993321109144 -0.638745665033817 255 255 255 255 
0.228310999982586 -0.506262787976491 -0.586084991130638 255 255 255 255 
0.222302839125908 -0.459179518985917 -0.588634905842304 255 255 255 255 
0.243582523409441 -0.480402368795254 -0.603440656217936 255 255 255 255 
0.214433605899573 -0.424167478381266 -0.593351261203456 255 255 255 255 
0.232931116486193 -0.436332873313361 -0.605189915599403 255 255 255 255 
-0.125371237596821 -0.293691541043556 -0.62056454140309 255 255 255 255 
-0.1462101987604 -0.314078656379633 -0.613320204008894 255 255 255 255 
-0.152790808951686 -0.37111816012317 -0.576333831525991 255 255 255 255 
-0.183984558438139 -0.411311521923938 -0.575772945227549 255 255 255 255 
-0.183932678005534 -0.37811231105744 -0.592044042131934 255 255 255 255 
-0.108135976965037 -0.240727176540891 -0.678664276348137 255 255 255 255 
-0.14653551381677 -0.250500278324712 -0.691668635391413 255 255 255 255 
0.256856480000458 -0.367174056869783 -0.673494355146325 255 255 255 255 
-0.102861228635315 -0.277572152622728 -0.626292393164878 255 255 255 255 
0.0745692464009764 -0.224349583793489 -0.689069244195453 255 255 255 255 
0.181416009194581 -0.296852760512752 -0.657770193012247 255 255 255 255 
-0.0621574941389472 -0.226129722710487 -0.680723019609954 255 255 255 255 
-0.142480092883103 -0.281559262104333 -0.644302726722062 255 255 255 255 
0.0275639490833208 -0.254137894038203 -0.63161347682297 255 255 255 255 
0.00371183276242868 -0.280624240641152 -0.600833187172468 255 255 255 255 
-0.00857511850692151 -0.258488052854872 -0.624802154121667 255 255 255 255 
0.0415999656211097 -0.278254075097173 -0.606674254135956 255 255 255 255 
0.0542828487151926 -0.265251895440274 -0.623265782429638 255 255 255 255 
0.0428184428737295 -0.240585607349773 -0.652260732844983 255 255 255 255 
0.0688829786781447 -0.251554302843199 -0.644296228796136 255 255 255 255 
0.0958487893483739 -0.267576063028351 -0.634620763660598 255 255 255 255 
-0.162338078385747 -0.337606498501631 -0.604164544926898 255 255 255 255 
0.0840144846715623 -0.363830664562407 -0.551937214007384 255 255 255 255 
0.0822035821891569 -0.23597677225021 -0.672367344165383 255 255 255 255 
0.0421605322035735 -0.580075262474597 -0.507475630277555 255 255 255 255 
0.0842178576275508 -0.575179746564516 -0.514552333187227 255 255 255 255 
0.0559511089791673 -0.596987259281657 -0.51257975828186 255 255 255 255 
-0.0347052834809636 -0.657061244728218 -0.528086177030574 255 255 255 255 
-0.0617109753677972 -0.621168692742157 -0.519616937390202 255 255 255 255 
-0.0323159416849865 -0.62880982393611 -0.517738719230655 255 255 255 255 
-0.109592825038988 -0.640122771718072 -0.538554729068939 255 255 255 255 
-0.0947024366664502 -0.60454529909147 -0.523053841911069 255 255 255 255 
-0.0595430273004446 -0.35958593392741 -0.548408508758587 255 255 255 255 
-0.0890176805503264 -0.378181297748806 -0.546011833779314 255 255 255 255 
-0.0891530995475786 -0.361494215858002 -0.55471506068446 255 255 255 255 
-0.142232821253624 -0.444712728115798 -0.54128719379512 255 255 255 255 
-0.165480689928025 -0.429433754421636 -0.557661115425096 255 255 255 255 
-0.128537481525773 -0.59530589658885 -0.532629637344504 255 255 255 255 
-0.144247246737424 -0.625315850581901 -0.547705909599047 255 255 255 255 
-0.0728327606214948 -0.650779316175716 -0.53196862239079 255 255 255 255 
-0.00588490277201558 -0.629691379696146 -0.516498701244094 255 255 255 255 
-0.0265974180791024 -0.60604594042942 -0.511030276427048 255 255 255 255 
-0.000825020185353779 -0.605881111625657 -0.509952559279935 255 255 255 255 
0.114654549590405 -0.63826804400346 -0.539701013835057 255 255 255 255 
0.132751512795827 -0.593633529046096 -0.534002268759803 255 255 255 255 
0.148231653418346 -0.623274264380368 -0.54896767926252 255 255 255 255 
-0.228082519669845 -0.560905469236924 -0.587513714499628 255 255 255 255 
-0.203920233981057 -0.585224823625234 -0.572483526902155 255 255 255 255 
0.145749607858092 -0.554558580489756 -0.533750147455675 255 255 255 255 
0.161771048723651 -0.577331527291299 -0.544599301332535 255 255 255 255 
0.119457583442567 -0.564123760444224 -0.523915609279996 255 255 255 255 
-0.159953600003343 -0.47574414623082 -0.54337869916012 255 255 255 255 
0.0387818815337682 -0.430103182059794 -0.516209087483864 255 255 255 255 
0.0805960406886172 -0.415274640175628 -0.528465076155358 255 255 255 255 
0.0567875960835954 -0.442199997370524 -0.515542285929973 255 255 255 255 
0.112886046617484 -0.532432097030439 -0.51942303584452 255 255 255 255 
0.0786988302496538 -0.536892064907738 -0.509796107269325 255 255 255 255 
0.0344587504466332 -0.46729957417584 -0.507287516937192 255 255 255 255 
0.0375696399912108 -0.502961823939064 -0.503418779779352 255 255 255 255 
0.147077711552385 -0.444994784326178 -0.543486695638621 255 255 255 255 
0.111678445959741 -0.464647527853727 -0.524619030082945 255 255 255 255 
0.11752991302191 -0.432993248763835 -0.534286448403963 255 255 255 255 
0.186372654621954 -0.55559124193339 -0.555907519613108 255 255 255 255 
0.160937277308767 -0.528736656237036 -0.539861234078712 255 255 255 255 
0.140708126436969 -0.529018719153837 -0.530197356514517 255 255 255 255 
0.229740771888437 -0.558973371965999 -0.588707816281377 255 255 255 255 
0.20890956939784 -0.531264075011702 -0.569890807398132 255 255 255 255 
-0.227706593624319 -0.507073767287437 -0.585506299255886 255 255 255 255 
-0.14864388724534 -0.408085610072809 -0.556432300040848 255 255 255 255 
-0.110921206453649 -0.407033643133182 -0.54063887823451 255 255 255 255 
-0.208358540814058 -0.39282168874082 -0.602816582210692 255 255 255 255 
-0.21592865022038 -0.424583097262109 -0.594440158486567 255 255 255 255 
0.0280005074787286 -0.610396715247211 -0.512201835495137 255 255 255 255 
-0.080668433491233 -0.510882040288149 -0.510397801159115 255 255 255 255 
-0.107256583491292 -0.556737916992022 -0.51893616690649 255 255 255 255 
-0.118434417856414 -0.52312743183651 -0.521308267042846 255 255 255 255 
-0.0936512703661282 -0.339661472708027 -0.569390201710742 255 255 255 255 
-0.110913274152346 -0.472760401889666 -0.522943088768579 255 255 255 255 
-0.113619417713818 -0.502208248377236 -0.520442839338945 255 255 255 255 
-0.0376760036481543 -0.409311263191863 -0.522737805369761 255 255 255 255 
-0.0701139166452732 -0.395408135153008 -0.533475840286547 255 255 255 255 
-0.0465545309360086 -0.384711732605633 -0.533718307256057 255 255 255 255 
0.0722826688400794 -0.457414947986081 -0.515079478373597 255 255 255 255 
-0.00381910607955365 -0.43465190263956 -0.512730711244264 255 255 255 255 
0.0245183103497115 -0.394017538779987 -0.527308285544061 255 255 255 255 
0.186482182953263 -0.504181180049618 -0.555252778790594 255 255 255 255 
0.14156189214816 -0.50037903606528 -0.531562258054176 255 255 255 255 
0.161088537423888 -0.475120851813118 -0.544074415486591 255 255 255 255 
0.20198868405834 -0.438710359305673 -0.578386304436897 255 255 255 255 
-0.113818825179108 -0.370072018479823 -0.558562599753617 255 255 255 255 
-0.125985398137899 -0.349261422143154 -0.575903418963503 255 255 255 255 
-0.0751589407637364 -0.437701565684328 -0.520344991603749 255 255 255 255 
0.140813527358611 -0.471062963060024 -0.534924749891107 255 255 255 255 
-0.0186296898397321 -0.376166796483538 -0.534765623284853 255 255 255 255 
-0.125745544036127 -0.323731224075219 -0.593971819369099 255 255 255 255 
-0.0696768057953446 -0.313722862718638 -0.581025800386727 255 255 255 255 
-0.0641442412815802 -0.333730187407635 -0.565131700024174 255 255 255 255 
-0.14199459594875 -0.344912561158152 -0.5867527478254 255 255 255 255 
0.108478084885098 -0.342968611711847 -0.572567415204341 255 255 255 255 
0.128454861866934 -0.34115619223822 -0.582450421675023 255 255 255 255 
-0.139445260085738 -0.473766833439933 -0.533862656457164 255 255 255 255 
-0.0403018722322164 -0.471650254448675 -0.507210828256237 255 255 255 255 
-0.0393349802189248 -0.437939800382062 -0.514131202809271 255 255 255 255 
0.0294152117181057 -0.293277072337466 -0.590651068527628 255 255 255 255 
0.118629876224316 -0.287178925986646 -0.623671058245529 255 255 255 255 
0.0999706058805388 -0.29664065236835 -0.605653993656313 255 255 255 255 
-0.100612192685432 -0.584293845489653 -0.520578705708992 255 255 255 255 
-0.0285288719726097 -0.351147929384612 -0.548646146516738 255 255 255 255 
-0.217492211900697 -0.356886503632831 -0.634575275383475 255 255 255 255 
-0.110219815971063 -0.440168503772013 -0.529666957948095 255 255 255 255 
0.155375486236268 -0.2495347557995 -0.702077489641709 255 255 255 255 
0.185763238408345 -0.456263827963139 -0.562265101896198 255 255 255 255 
0.206696037506592 -0.481242793217666 -0.571728708904192 255 255 255 255 
0.0216567109342113 -0.63770413465146 -0.519753499362548 255 255 255 255 
0.0401574464931664 -0.631690505282788 -0.51950131568817 255 255 255 255 
0.0685292543385016 -0.621331733258051 -0.521008179831908 255 255 255 255 
0.00367141165163407 -0.658855284283657 -0.526977399607943 255 255 255 255 
-0.0367963236166373 -0.580929595035508 -0.50699522778913 255 255 255 255 
0.259863500961391 -0.425199920065535 -0.638838532285775 255 255 255 255 
-0.0745332544084905 -0.547974387346062 -0.509403052763145 255 255 255 255 
-0.0401989219069673 -0.507861311053084 -0.503426504929343 255 255 255 255 
0.188180692203395 -0.237482273485444 -0.787400242223112 255 255 255 255 
0.215779491512235 -0.261448132550371 -0.772588526752706 255 255 255 255 
0.191096460041641 -0.247551792662243 -0.757923200887734 255 255 255 255 
-0.00262342083408878 -0.469428727753851 -0.505218963876301 255 255 255 255 
-0.202533353512366 -0.437243413791184 -0.579265164001318 255 255 255 255 
-0.0707140160194361 -0.57988780918666 -0.51217395522743 255 255 255 255 
-0.0490482668183995 -0.597163472061963 -0.511546568515513 255 255 255 255 
0.156681041499817 -0.420144056424035 -0.556028295797122 255 255 255 255 
0.168529114363398 -0.434127934462525 -0.557893578799804 255 255 255 255 
0.182770735430965 -0.416387069377612 -0.572912192767234 255 255 255 255 
0.05722551995067 -0.380832772810041 -0.537234613601605 255 255 255 255 
-0.23903762043921 -0.411810431096195 -0.621777274604623 255 255 255 255 
-0.0634761527778713 -0.274166921546251 -0.615733299319761 255 255 255 255 
0.218891082419015 -0.28081681109493 -0.729805124973371 255 255 255 255 
-0.0413775719875463 -0.287152033236626 -0.597929777062617 255 255 255 255 
0.110978691340528 -0.499162264776194 -0.519776472056202 255 255 255 255 
-0.00804815605797473 -0.237244768412026 -0.652633494264178 255 255 255 255 
-0.0866770956243882 -0.290177190082456 -0.606721656942743 255 255 255 255 
-0.0971579393959525 -0.313701323292972 -0.589683945584627 255 255 255 255 
0.0384659947447023 -0.353518278745269 -0.548387500506635 255 255 255 255 
-0.00243584993416899 -0.346918935707595 -0.54978493756895 255 255 255 255 
0.0105199839022016 -0.367047614227203 -0.538867426120916 255 255 255 255 
-0.0771846925851421 -0.472958626846585 -0.513371120216665 255 255 255 255 
-0.131891706265043 -0.388651054312828 -0.556858984826749 255 255 255 255 
-0.207971350019962 -0.531564722998988 -0.569201191981761 255 255 255 255 
-0.00883958526162286 -0.403066741317734 -0.522969081872977 255 255 255 255 
0.115504135086317 -0.31744218759114 -0.594185374624737 255 255 255 255 
-0.174403281237436 -0.360637259400679 -0.59603832773062 255 255 255 255 
0.179155144134454 -0.604601686082852 -0.560507967307881 255 255 255 255 
-0.144814133586862 -0.543458958514124 -0.532508402854624 255 255 255 255 
-0.134149625929652 -0.567381516104745 -0.530074574499981 255 255 255 255 
-0.154505852109371 -0.573620210460307 -0.540272690689041 255 255 255 255 
-0.109021037387387 -0.304751525627429 -0.602090079834977 255 255 255 255 
0.22379753115814 -0.377778312423007 -0.625873954317647 255 255 255 255 
0.202900728368318 -0.387414372385278 -0.601251983300672 255 255 255 255 
0.264780026770255 -0.50379027925649 -0.622812843180563 255 255 255 255 
-0.258196943396151 -0.31832642543261 -0.73743580852884 255 255 255 255 
-0.222410097657721 -0.459430985565243 -0.588662179440743 255 255 255 255 
-0.176201221824575 -0.606623552087757 -0.55925838539754 255 255 255 255 
-0.248266637660027 -0.53408965732862 -0.604086797693842 255 255 255 255 
-0.197847038257008 -0.308653498043927 -0.660298873976931 255 255 255 255 
0.257989576571943 -0.317937762737516 -0.737676015284611 255 255 255 255 
0.156938264891063 -0.217007295869595 -0.800054474308522 255 255 255 255 
0.0833699430411466 -0.187339775744619 -0.818390010107705 255 255 255 255 
0.0649062502276233 -0.185218900053919 -0.802291609476919 255 255 255 255 
-0.0808862588440248 -0.186700128239808 -0.818785334007214 255 255 255 255 
-0.196443373301271 -0.35770772197191 -0.614688647297664 255 255 255 255 
-0.184750268417725 -0.332357463436507 -0.624876650586483 255 255 255 255 
-0.233679283571297 -0.437387142566799 -0.6055195466302 255 255 255 255 
0.079024914734952 -0.649314599655072 -0.532873866984372 255 255 255 255 
0.203153692994089 -0.26033627341642 -0.746755877711397 255 255 255 255 
0.239200275943632 -0.288440845473304 -0.755906112716442 255 255 255 255 
0.0419805853369121 -0.656216183537341 -0.528608453568886 255 255 255 255 
0.100587613106417 -0.607542949142435 -0.525552430299447 255 255 255 255 
0.249378801412315 -0.53235515194831 -0.605158780972543 255 255 255 255 
0.206199567417618 -0.583192706634589 -0.573739444271477 255 255 255 255 
0.283324691286984 -0.411167176386843 -0.680057068897338 255 255 255 255 
0.121412922226217 -0.199914758864476 -0.81061824313178 255 255 255 255 
-0.27176349533713 -0.349310046213937 -0.718286877790737 255 255 255 255 
0.00183335008702837 -0.176678685279932 -0.824978926372094 255 255 255 255 
-0.27525490492182 -0.475267194721541 -0.640441078886961 255 255 255 255 
-0.0224476317460019 -0.269900618322412 -0.61285496677208 255 255 255 255 
0.0755462766892574 -0.499838813013107 -0.509883513962754 255 255 255 255 
0.112640796800794 0.202461098628928 -0.77779101646293 255 255 255 255 
0.0891075501298137 0.188898823050506 -0.817426465883615 255 255 255 255 
0.0804668786406063 0.192255835366605 -0.781229477072221 255 255 255 255 
0.00330824784650692 0.214742655800262 -0.690104131237279 255 255 255 255 
0.0322083198577914 0.220574711524479 -0.682299404116576 255 255 255 255 
0.0286177993574943 0.211625059998245 -0.698932617020335 255 255 255 255 
0.060114207757221 0.256170418035314 -0.63565472878134 255 255 255 255 
0.0927185466369003 0.281758445067094 -0.61745430571734 255 255 255 255 
0.0963940328404429 0.262049072776419 -0.641653266354956 255 255 255 255 
0.0181506174364997 0.23665307071382 -0.654170679423077 255 255 255 255 
0.0551566735701598 0.231141323427559 -0.669889646153606 255 255 255 255 
0.0484712847574636 0.180225488210427 -0.822786881609659 255 255 255 255 
0.0448157899794199 0.188194871694417 -0.76965184929411 255 255 255 255 
0.065961733194923 0.186125377468448 -0.797575439806073 255 255 255 255 
-0.107331014890074 0.200693257150518 -0.777640904365881 255 255 255 255 
-0.0711487246774374 0.196121646270655 -0.756866699890879 255 255 255 255 
-0.0752584721043195 0.190402610081403 -0.784386503499011 255 255 255 255 
-0.0436249706399326 0.184726723262267 -0.784978373365816 255 255 255 255 
-0.0417888491092051 0.192259798065014 -0.752923766070248 255 255 255 255 
-0.0542433698663638 0.20465194924379 -0.722331565863592 255 255 255 255 
-0.0923880810605216 0.216104591709738 -0.716129953696993 255 255 255 255 
-0.0783844642156387 0.204924235967541 -0.734724866546575 255 255 255 255 
0.0247630010607947 0.180478384562003 -0.798811172041347 255 255 255 255 
0.0397230755111989 0.537402336754159 -0.503108206952657 255 255 255 255 
-0.00263605583105824 0.500328110952579 -0.501583853826998 255 255 255 255 
-4.47880648475438E-05 0.537992028631891 -0.5008656343948 255 255 255 255 
-0.0398389384779423 0.539653196473187 -0.503204359891001 255 255 255 255 
-0.00147376805570778 0.183134478163959 -0.779059088088438 255 255 255 255 
-0.0138597441280196 0.194341338694876 -0.738897841668713 255 255 255 255 
0.0132862127353778 0.19008882809408 -0.752326173973897 255 255 255 255 
0.254096786189965 0.455653157005577 -0.620381610552956 255 255 255 255 
0.222070447879573 0.459382701205202 -0.588386429246219 255 255 255 255 
0.242970323381703 0.481791084550683 -0.602588929110036 255 255 255 255 
-0.215980518853802 0.458089911895448 -0.583673124812869 255 255 255 255 
-0.247977095799337 0.465683510351419 -0.611064403310201 255 255 255 255 
-0.229863998274426 0.485217438548592 -0.589842095784545 255 255 255 255 
-0.244618003703188 0.492701877793666 -0.602515559054121 255 255 255 255 
-0.228003337049907 0.560996728533579 -0.587457313152738 255 255 255 255 
-0.233714345065864 0.514828779824967 -0.590345710320938 255 255 255 255 
-0.248175339069776 0.534230555783873 -0.6039997176595 255 255 255 255 
0.18455247526471 0.503895273084036 -0.554064261106043 255 255 255 255 
0.138529628111441 0.50057525947174 -0.530218716930334 255 255 255 255 
0.158791686824843 0.528943771002732 -0.538761598826897 255 255 255 255 
0.227254832641204 0.507046518363934 -0.585120909852038 255 255 255 255 
0.228834888245211 0.560033838864794 -0.588052411693803 255 255 255 255 
0.248342452634871 0.533972484988961 -0.604159214182292 255 255 255 255 
-0.0186084845565349 0.179494450766522 -0.802965395090684 255 255 255 255 
-0.123931881907681 0.217539265305147 -0.740384429957694 255 255 255 255 
-0.139207333998558 0.215728017187621 -0.766868952954243 255 255 255 255 
-0.0776158933871701 0.185889928658198 -0.819286064885723 255 255 255 255 
-0.116753755901761 0.198079660029585 -0.811752396584277 255 255 255 255 
0.0682692152316361 0.619481430806255 -0.520423323127506 255 255 255 255 
0.0405988608483806 0.656389255340354 -0.528501489312229 255 255 255 255 
0.0775438477851748 0.649676665000374 -0.532650098294784 255 255 255 255 
0.252146991946704 0.343962729616197 -0.68977150709021 255 255 255 255 
0.219911580451635 0.311822744889013 -0.682180908333646 255 255 255 255 
0.23095594049027 0.337673027669017 -0.666820695407485 255 255 255 255 
-0.0358257427918337 0.178607436468968 -0.823786892581473 255 255 255 255 
0.161744094658288 0.219786513388371 -0.798336823419424 255 255 255 255 
0.146132178561598 0.222090579856785 -0.756057925129892 255 255 255 255 
0.172407035441357 0.231547064344466 -0.771710576750945 255 255 255 255 
0.143985576862995 0.554701945710408 -0.532957804877841 255 255 255 255 
0.110976393653299 0.532236655312282 -0.518774448905528 255 255 255 255 
0.11798686365985 0.563827076246113 -0.523346977758893 255 255 255 255 
-0.169189355782299 0.236352568335076 -0.749977970469179 255 255 255 255 
-0.215924168568069 0.261592750673254 -0.772499147836832 255 255 255 255 
-0.204166394612591 0.264547542021981 -0.738404534372892 255 255 255 255 
0.0234413588925179 0.20035574957789 -0.723838442454913 255 255 255 255 
-0.0252622144780658 0.18767458820751 -0.763589869002331 255 255 255 255 
0.0878568314957011 0.203622591039281 -0.745639962210863 255 255 255 255 
-0.0219369537317969 0.20679400222608 -0.708180144726032 255 255 255 255 
-0.00227479827963018 0.203191647133189 -0.714771748819795 255 255 255 255 
0.12673300092544 0.202118307374375 -0.809256375256782 255 255 255 255 
0.137290788821988 0.210528765954852 -0.785086181630242 255 255 255 255 
-0.161934182169453 0.250846349625562 -0.70672135343067 255 255 255 255 
-0.140801102424694 0.233462160834076 -0.719296669967583 255 255 255 255 
-0.246380251956157 0.423384927640498 -0.624107148169978 255 255 255 255 
-0.264346308277883 0.403213225351819 -0.656716807408611 255 255 255 255 
-0.264912539899329 0.429248373374111 -0.643256432034006 255 255 255 255 
-0.186663759891021 0.236344790540478 -0.788103245344748 255 255 255 255 
-0.281724137690061 0.444195823032766 -0.659644242667415 255 255 255 255 
-0.283366514352036 0.41262601246003 -0.679155458620099 255 255 255 255 
-0.264199700670696 0.447292048398414 -0.634905978870239 255 255 255 255 
-0.275242042784591 0.475311735771193 -0.640413551004455 255 255 255 255 
0.186694346464663 0.247878372240713 -0.748459439146089 255 255 255 255 
0.205098380699685 0.276955475268836 -0.714469544060305 255 255 255 255 
0.214265635201424 0.269455196569099 -0.746186016767882 255 255 255 255 
-0.23993342155462 0.370103063431537 -0.648878997429939 255 255 255 255 
-0.208767716194169 0.344193403987988 -0.636267737188383 255 255 255 255 
-0.230862689127961 0.343596293056296 -0.660836882483693 255 255 255 255 
0.24197972958976 0.292237930082274 -0.753559385369986 255 255 255 255 
0.235143298564238 0.303255281017038 -0.717563867911734 255 255 255 255 
0.0433285844666603 0.576904464509904 -0.50713381929152 255 255 255 255 
0.0325700549750567 0.603960982024633 -0.511063884320077 255 255 255 255 
0.0571242897280078 0.593759369090411 -0.512111339786674 255 255 255 255 
-0.128575593501535 0.593671702670246 -0.532291902537715 255 255 255 255 
-0.176184210109108 0.606635036483094 -0.559251287649289 255 255 255 255 
-0.145141411955083 0.62486426486665 -0.547985004919863 255 255 255 255 
-0.0951797190030785 0.373945753995182 -0.549981511366666 255 255 255 255 
-0.116704655231953 0.339255437544742 -0.578425081722067 255 255 255 255 
-0.125389864961858 0.37248157701048 -0.562047340330901 255 255 255 255 
-0.121489602997576 0.403978713871071 -0.545828516049891 255 255 255 255 
0.112004071603493 0.273561749773351 -0.635323846179717 255 255 255 255 
-0.023309305715766 0.610030873815862 -0.511755210202811 255 255 255 255 
0.01153161944233 0.628906273085762 -0.516402535488069 255 255 255 255 
0.0058687776353953 0.604553532738971 -0.50969247738373 255 255 255 255 
0.0573507677666197 0.201684343568821 -0.731467834615523 255 255 255 255 
0.074101667427022 0.209507881333864 -0.720221474242487 255 255 255 255 
-0.0253710198757408 0.298732726721824 -0.585456456267613 255 255 255 255 
0.0212149975961939 0.31608651468876 -0.571188706010327 255 255 255 255 
0.0117721613821486 0.288365204675783 -0.593709487813697 255 255 255 255 
0.0940830709451386 0.331231075505738 -0.575299920358339 255 255 255 255 
0.129218462063988 0.318824785703299 -0.599668017804717 255 255 255 255 
0.098754999918958 0.305183130618625 -0.597459106578349 255 255 255 255 
0.0622166636533442 0.300224165468139 -0.590313135749721 255 255 255 255 
-0.146115595101814 0.432522946523706 -0.546574385829053 255 255 255 255 
-0.123215129966573 0.447592613425193 -0.532511834365548 255 255 255 255 
-0.120595450332727 0.42916203905463 -0.53659483963546 255 255 255 255 
-0.0901219731845834 0.433706589120054 -0.525213384081092 255 255 255 255 
-0.0918370609093929 0.400592416153346 -0.536953085989402 255 255 255 255 
-0.0589601807771672 0.392914389669474 -0.532243183882314 255 255 255 255 
-0.106164194399318 0.539636410592724 -0.517430451077902 255 255 255 255 
-0.13794099103163 0.55185309753671 -0.530042129631305 255 255 255 255 
-0.113658234446237 0.565635586006865 -0.522033342738437 255 255 255 255 
0.183920104737141 0.453619096909875 -0.561733428577235 255 255 255 255 
0.140501420379731 0.441577996063962 -0.541332842612119 255 255 255 255 
0.157446093240404 0.473773854637593 -0.542411986789391 255 255 255 255 
-0.181798268380602 0.293044233688427 -0.662751350609373 255 255 255 255 
-0.171463023567483 0.32119293347328 -0.624234013424337 255 255 255 255 
-0.15530987998542 0.295014909824619 -0.638168161583625 255 255 255 255 
0.132226784910443 0.290065512779416 -0.628214744189551 255 255 255 255 
0.113474035327774 0.298487173196244 -0.609852478770539 255 255 255 255 
-0.118615544475136 0.2267833248477 -0.712590773967064 255 255 255 255 
-0.107050611995194 0.228785759360822 -0.699443586478559 255 255 255 255 
-0.0900705501689926 0.257172140026451 -0.64507022925767 255 255 255 255 
-0.0489929010382675 0.250275976502357 -0.640355387788021 255 255 255 255 
-0.0678067100098925 0.239913294917562 -0.66036043695148 255 255 255 255 
0.139936353444577 0.237226733551787 -0.710354548487054 255 255 255 255 
0.117646427875703 0.217707266959424 -0.733259885274 255 255 255 255 
-0.165215241831009 0.267578118095998 -0.681650939879866 255 255 255 255 
-0.136294874694498 0.269158340446863 -0.655473658130965 255 255 255 255 
-0.148108862572596 0.256615201384338 -0.682899827976862 255 255 255 255 
-0.196145952365549 0.318182386612039 -0.648289023642099 255 255 255 255 
-0.251787732700427 0.345151275747625 -0.687881461245106 255 255 255 255 
-0.161089233853256 0.353536966803745 -0.592001557327271 255 255 255 255 
-0.185503437369295 0.347565339842749 -0.613278880118444 255 255 255 255 
-0.128457032579438 0.301408985273947 -0.614688154127823 255 255 255 255 
-0.145151921593729 0.327862405705177 -0.601093410786439 255 255 255 255 
-0.213460013566611 0.417411092417967 -0.595304776583224 255 255 255 255 
-0.231832236429033 0.440834523361129 -0.602565372726393 255 255 255 255 
-0.00607548627908754 0.262932832004036 -0.619566078361027 255 255 255 255 
-0.0178182544681318 0.238748881699471 -0.651092021947971 255 255 255 255 
0.262214108758597 0.400595759043803 -0.655497267316663 255 255 255 255 
0.239525519113222 0.413758178970466 -0.621326610030917 255 255 255 255 
0.260474167182896 0.428441896956844 -0.638076075978969 255 255 255 255 
0.0628647072840255 0.277754781271578 -0.611787316127972 255 255 255 255 
-0.0420640608475686 0.223799403804632 -0.678697738302974 255 255 255 255 
-0.00965191434209725 0.227452098543189 -0.667794387601512 255 255 255 255 
0.163741905394148 0.266998414597992 -0.68110441454985 255 255 255 255 
0.172364874924758 0.252229399071887 -0.716534579459359 255 255 255 255 
-0.228100037363168 0.3912541330021 -0.621770238965999 255 255 255 255 
-0.245462867396427 0.396597462737641 -0.63717368703235 255 255 255 255 
0.259923767071423 0.321636544411384 -0.735390042491394 255 255 255 255 
0.242704781305073 0.319393443373305 -0.70567096289691 255 255 255 255 
0.201990254923548 0.359120335028789 -0.618399251041284 255 255 255 255 
0.237298616712076 0.364136089334361 -0.650459861709281 255 255 255 255 
0.210719518345313 0.333692108790162 -0.647627888983969 255 255 255 255 
-0.260211347889751 0.374232106130343 -0.672218452503087 255 255 255 255 
-0.19757755514931 0.374331012417952 -0.604599757731049 255 255 255 255 
0.259215408805072 0.372239881771289 -0.672471645585109 255 255 255 255 
0.210339622398104 0.394117518213128 -0.603800438393703 255 255 255 255 
0.227161443545177 0.383688217857973 -0.625436477643748 255 255 255 255 
0.192555932190621 0.288594202188179 -0.679804974552678 255 255 255 255 
0.216227689660751 0.424806801309772 -0.594604192065808 255 255 255 255 
0.233768638895879 0.438104635578425 -0.60534727377125 255 255 255 255 
0.166807475641411 0.335776009834058 -0.608592292315098 255 255 255 255 
0.154191349535561 0.368765868248425 -0.578461646288207 255 255 255 255 
0.177941299386632 0.359771212957716 -0.599067410960779 255 255 255 255 
-0.182573169750641 0.438648092489849 -0.565022403988172 255 255 255 255 
-0.194798483032308 0.466041582143861 -0.566062138479814 255 255 255 255 
-0.121054000478628 0.5089484475475 -0.5226808842157 255 255 255 255 
-0.160133782362299 0.514559583144694 -0.539632531257723 255 255 255 255 
-0.131745542565596 0.52875909067859 -0.5264071602108 255 255 255 255 
0.00250024127243599 0.574206535554581 -0.504033033106261 255 255 255 255 
0.125617717722761 0.261942451964916 -0.657944472783726 255 255 255 255 
0.137275886162626 0.251155445094227 -0.682533188347196 255 255 255 255 
0.184500202081875 0.410247797374342 -0.576564545567305 255 255 255 255 
0.202269713578242 0.43660219158571 -0.579278373323125 255 255 255 255 
-0.0696963602544085 0.218184396888874 -0.698804058902586 255 255 255 255 
-0.139192523750795 0.362307980609754 -0.57421216883225 255 255 255 255 
-0.06848538425994 0.317013314490116 -0.578168454619434 255 255 255 255 
-0.0430348987347473 0.350133077685009 -0.550962090189741 255 255 255 255 
-0.0383115738803835 0.322727901342264 -0.568123075693651 255 255 255 255 
-0.0789270057987508 0.348388233066187 -0.559412021435091 255 255 255 255 
0.00756569037385764 0.356228187501669 -0.544527436367324 255 255 255 255 
-0.0156752597332881 0.327729282852412 -0.562467599543258 255 255 255 255 
0.035993188279744 0.275441841958371 -0.608659544791035 255 255 255 255 
0.0732492644772077 0.429301369932048 -0.522267114976013 255 255 255 255 
0.0370095471550456 0.390767885592161 -0.529846785770016 255 255 255 255 
0.034417088680706 0.424951010349111 -0.517245896729598 255 255 255 255 
0.186432260925329 0.377608675212542 -0.594130330083495 255 255 255 255 
-0.151838964267936 0.385953020849433 -0.567972521016349 255 255 255 255 
-0.175601980406423 0.472610200154674 -0.55258686690758 255 255 255 255 
-0.145620443578206 0.469275637987861 -0.537429694994879 255 255 255 255 
-0.162913349611451 0.453082488947001 -0.549517253148422 255 255 255 255 
0.0346884598126127 0.461852771156315 -0.508282193681147 255 255 255 255 
0.0726104761864351 0.464189199521287 -0.513841794604222 255 255 255 255 
0.148338740499778 0.405533670804375 -0.557311085218052 255 255 255 255 
0.131387394565758 0.385798131547252 -0.557980151303043 255 255 255 255 
-0.0197466966578531 0.380330971011626 -0.532894821882832 255 255 255 255 
0.107111771250011 0.467220622201481 -0.522620945337586 255 255 255 255 
0.108141204166418 0.499799679822906 -0.518787823401167 255 255 255 255 
0.10824322743358 0.435115107911832 -0.530381947086596 255 255 255 255 
-0.187487371445849 0.555375977757253 -0.556593556291112 255 255 255 255 
-0.161679660701397 0.548387254075561 -0.541060132544238 255 255 255 255 
-0.127208037030329 0.242117941973621 -0.689772950848582 255 255 255 255 
-0.111344099693052 0.47473028014528 -0.522776737096751 255 255 255 255 
-0.134932310309745 0.491787971715334 -0.529494872934364 255 255 255 255 
-0.00783803051900043 0.420088002655979 -0.517067087675297 255 255 255 255 
-0.00528875366931078 0.461221798671861 -0.506687761553133 255 255 255 255 
-0.0508590393027339 0.427111240952919 -0.518705814215418 255 255 255 255 
-0.0417853410349809 0.502097752095375 -0.503958654462487 255 255 255 255 
0.0739855103435156 0.499636538084244 -0.509556660842665 255 255 255 255 
0.0366605428645072 0.499685892544786 -0.503551901505297 255 255 255 255 
0.131351871408169 0.593732813055241 -0.533440382061591 255 255 255 255 
0.205382115642294 0.480726431532073 -0.570842364413062 255 255 255 255 
-0.0161360368151316 0.637687952780826 -0.519432913085264 255 255 255 255 
-0.0349482504496399 0.631977163335686 -0.519002807617226 255 255 255 255 
-0.0640153681872922 0.622073300246011 -0.520317317130259 255 255 255 255 
0.00231246863123347 0.658867487753656 -0.526969857448694 255 255 255 255 
-0.159146471601591 0.571417009210017 -0.542291927526848 255 255 255 255 
-0.20386637743928 0.585272269314434 -0.572454203853656 255 255 255 255 
0.0684740530417127 0.361535747252605 -0.549235503139467 255 255 255 255 
0.0569752403092416 0.32993626847355 -0.56618956109065 255 255 255 255 
-0.0452716715217534 0.464206219849091 -0.509087983400632 255 255 255 255 
0.184824341103113 0.556153998506765 -0.554991526543325 255 255 255 255 
0.160197051647252 0.577818686333646 -0.5438548024198 255 255 255 255 
-0.23913418169808 0.288352434184488 -0.755960753897952 255 255 255 255 
-0.216682751692307 0.280180764217684 -0.727145295258384 255 255 255 255 
-0.0360163728189634 0.656921006618926 -0.528172848948606 255 255 255 255 
0.0835695003642984 0.573775630080419 -0.514187046703435 255 255 255 255 
0.0996115206648522 0.606905937378829 -0.525092529859704 255 255 255 255 
-0.0801160791332267 0.576721423032901 -0.513780800697402 255 255 255 255 
-0.0516750933961006 0.597456499576008 -0.511998843177371 255 255 255 255 
-0.0386843391044369 0.579923745430591 -0.50704248423456 255 255 255 255 
-0.219061502602032 0.31802862043222 -0.673530134728695 255 255 255 255 
-0.226028005184413 0.297419164837846 -0.71178038097104 255 255 255 255 
-0.239800259010932 0.318558524310559 -0.70207303532058 255 255 255 255 
-0.194208771366888 0.274055844888202 -0.704218185660227 255 255 255 255 
-0.206103981863092 0.294700476824071 -0.687414800635182 255 255 255 255 
0.161869077374029 0.23881555780817 -0.732422780860616 255 255 255 255 
-0.257794777518196 0.317574309324306 -0.737900641846319 255 255 255 255 
-0.271550934931481 0.348702446227798 -0.718662395233702 255 255 255 255 
0.0951460875879498 0.222101150086609 -0.70485619880548 255 255 255 255 
0.219468014253653 0.265208970831224 -0.770264200868188 255 255 255 255 
0.138472143036328 0.529134489198852 -0.5292260385732 255 255 255 255 
-0.0949898690372336 0.205961209102629 -0.744706795283323 255 255 255 255 
0.127053689152399 0.344850956982292 -0.57928439637289 255 255 255 255 
0.0383760506184758 0.627533533459394 -0.517989500490443 255 255 255 255 
-0.0817080607610216 0.469057899107697 -0.515073783313624 255 255 255 255 
-0.0765309635865937 0.540256011346394 -0.509429415536546 255 255 255 255 
0.0775024547195625 0.535831961641931 -0.509489054412124 255 255 255 255 
0.118011808155811 0.241691369010042 -0.68363393055127 255 255 255 255 
0.281553753126737 0.445478899878055 -0.65885125756701 255 255 255 255 
-0.0889092949510677 0.232803316285608 -0.680979232360607 255 255 255 255 
-0.183046699875902 0.255458965619888 -0.724369881481701 255 255 255 255 
0.207541896595035 0.531829333032819 -0.568889964976983 255 255 255 255 
-0.145709831031934 0.40855385452776 -0.554782365553539 255 255 255 255 
-0.26403159746009 0.505439215305383 -0.62179374465671 255 255 255 255 
0.0552462082468943 0.214036593061958 -0.701337770528624 255 255 255 255 
0.176832696026955 0.30376313619994 -0.645808392621863 255 255 255 255 
0.15028236351727 0.279657201520106 -0.652250098327694 255 255 255 255 
0.136364374898871 0.470598062531597 -0.533058138251456 255 255 255 255 
0.11162987015365 0.367259950321711 -0.559230728453529 255 255 255 255 
-0.219337001593589 0.369441460163005 -0.627122679421101 255 255 255 255 
-0.0844292566164149 0.285671076411986 -0.610353326293899 255 255 255 255 
-0.110342259727223 0.277160197140958 -0.630339469685138 255 255 255 255 
0.0897291579844328 0.241410674693324 -0.667318958774829 255 255 255 255 
-0.202595475678169 0.49547718595717 -0.566855506793817 255 255 255 255 
-0.209484990149894 0.530147241327458 -0.570300069625148 255 255 255 255 
-0.19066021879948 0.523894539492289 -0.557145598912206 255 255 255 255 
0.0384438620727629 0.344738212630962 -0.553558836390839 255 255 255 255 
0.189886272836067 0.332317918552622 -0.629213368105749 255 255 255 255 
-0.0569563698032873 0.293192763284004 -0.595343369643602 255 255 255 255 
0.076488965214947 0.392728363626581 -0.536072190048486 255 255 255 255 
-0.0692618107058193 0.36583927435038 -0.54710937494849 255 255 255 255 
0.00421107820793541 0.386356399232204 -0.529625955376429 255 255 255 255 
0.0328096399457303 0.294469130544999 -0.589995051835833 255 255 255 255 
0.110908678424252 0.404019724690311 -0.541805210649342 255 255 255 255 
-0.0486234788145605 0.274863127799568 -0.611483478326787 255 255 255 255 
-0.173459880114944 0.378124433252939 -0.584899160483958 255 255 255 255 
0.151904980580508 0.311398534683237 -0.619379489065534 255 255 255 255 
-0.100037094840968 0.309724737949413 -0.594069776368322 255 255 255 255 
-0.111075406132329 0.249246171119679 -0.667025288466959 255 255 255 255 
-0.280140963377715 0.381144640238627 -0.698612016664081 255 255 255 255 
-0.181059848791423 0.400611736818052 -0.578506594597835 255 255 255 255 
-0.11152783886226 0.639425460210363 -0.538985691280535 255 255 255 255 
-0.0965718896827833 0.6084266319127 -0.524559837717819 255 255 255 255 
0.192466844639913 0.240786609726751 -0.78535805011578 255 255 255 255 
0.113111184639798 0.63884410296785 -0.53934498981693 255 255 255 255 
0.146668980139231 0.62408401365963 -0.5484672266856 255 255 255 255 
0.280484629493916 0.383099855706948 -0.697403627050021 255 255 255 255 
-0.153366956339751 0.215020046916446 -0.801282661705977 255 255 255 255 
0.177621053193898 0.605658632435776 -0.559854738536749 255 255 255 255 
0.263771939745085 0.506003017986477 -0.621445295437 255 255 255 255 
0.116434638766107 0.210493307920844 -0.752834134417342 255 255 255 255 
0.242260910821642 0.390100677385529 -0.63754511565041 255 255 255 255 
0.0271655546305296 0.256611507566866 -0.628532211455592 255 255 255 255 
0.274973853176741 0.476232268060663 -0.639844630761768 255 255 255 255 
0.283401027359172 0.414259842448061 -0.678145696155665 255 255 255 255 
-0.0744854045398746 0.650400964006134 -0.532202456891197 255 255 255 255 
0.00677592068293461 0.176742548974193 -0.824939456439457 255 255 255 255 
0.204989730869049 0.584277224496838 -0.573069175371252 255 255 255 255 
0.272608666227994 0.351786172405826 -0.716756547643697 255 255 255 255 
-0.078515525855405 0.504687001992925 -0.51022099527944 255 255 255 255 
0.144556521286114 0.341567038151918 -0.590483542898726 255 255 255 255 
0.0740478602976167 0.226248974630564 -0.685340906317642 255 255 255 255 
-0.161978161838261 0.412900263018495 -0.561631302818716 255 255 255 255 
-0.0682595051050455 0.266119075274245 -0.626057330512494 255 255 255 255 
0.0918193014262217 0.381000995438474 -0.545491162901985 255 255 255 255 
0.0379302854724335 0.362805607076751 -0.54321533016082 255 255 255 255 
0.164701862322198 0.427207194904196 -0.557962690581223 255 255 255 255 
0.533014174110315 -0.129524145818942 -0.595232653378752 255 255 255 255 
0.559418399363697 -0.176584028126394 -0.606364644050994 255 255 255 255 
0.547926504517802 -0.144954606401258 -0.624958920505625 255 255 255 255 
0.690368029822438 -0.251967268580099 -0.343188167935813 255 255 255 255 
0.737075903148833 -0.258505820332912 -0.318908764568916 255 255 255 255 
0.718097578260522 -0.271869873264798 -0.349616339287921 255 255 255 255 
0.657269771488092 0.262622550994583 -0.398714694713659 255 255 255 255 
0.66052157299926 0.281903121121234 -0.442776272736004 255 255 255 255 
0.679945500087881 0.283330429757491 -0.411347698512587 255 255 255 255 
0.744879589596938 -0.140141612589442 -0.222955984831751 255 255 255 255 
0.726098485225199 -0.111304016823215 -0.218163014549304 255 255 255 255 
0.746830480433407 -0.11249677579326 -0.210983888228297 255 255 255 255 
0.745020754703607 -0.181594701035032 -0.24579244683292 255 255 255 255 
0.710314490891125 -0.166846815563987 -0.251928522398609 255 255 255 255 
0.725125125944107 -0.155880001688525 -0.238599211889277 255 255 255 255 
0.686275486802712 0.00687685136108073 -0.216808043085899 255 255 255 255 
0.653042750261821 -0.00781224590146392 -0.236957802771147 255 255 255 255 
0.659651139618257 0.0240727519626203 -0.23343053196827 255 255 255 255 
0.513465023480486 0.0803198925086266 -0.57425390416531 255 255 255 255 
0.520569471270276 0.066711692197147 -0.621103335719655 255 255 255 255 
0.524702806380096 0.0984539263055901 -0.606754099014896 255 255 255 255 
0.51199398017514 0.0258102737323947 -0.610261476480236 255 255 255 255 
0.519286337740412 0.0385388466405264 -0.631619472744338 255 255 255 255 
0.560492437507784 0.179118925269843 -0.604626813827607 255 255 255 255 
0.532534209590022 0.130344382306277 -0.591398239308316 255 255 255 255 
0.548895633536135 0.148008083056121 -0.623390836814409 255 255 255 255 
0.539599610486824 0.114217499205342 -0.638432118068558 255 255 255 255 
0.532772682771909 0.0783589563191379 -0.649478319149873 255 255 255 255 
0.504353811193835 -0.00143650370183136 -0.576488635860199 255 255 255 255 
0.511185908944296 -0.0286157473904948 -0.6060101322388 255 255 255 255 
0.50994938917714 -0.00296598978699672 -0.605816977768399 255 255 255 255 
0.516516222861531 -0.00778670738229995 -0.629622622682934 255 255 255 255 
0.517888750402927 -0.034182479593377 -0.628692128422973 255 255 255 255 
0.519642794557466 0.0200595967488513 -0.637674434305159 255 255 255 255 
0.519890322434406 -0.0633711030356469 -0.621028563583358 255 255 255 255 
0.519410057150214 -0.108624126393898 -0.557041875578568 255 255 255 255 
0.520996890401328 -0.101942382196534 -0.584348900305324 255 255 255 255 
0.528214137306986 -0.0366241814084756 -0.656854200650166 255 255 255 255 
0.532179491996802 -0.0743248434583651 -0.650438121985848 255 255 255 255 
0.611209182114983 0.246905979270118 -0.460884022549766 255 255 255 255 
0.590006531308867 0.228988618273336 -0.479592478135129 255 255 255 255 
0.602985359994034 0.244526101088596 -0.488733658476515 255 255 255 255 
0.591051672145188 0.234301618435559 -0.511203893557613 255 255 255 255 
0.567755904448189 0.202895619257588 -0.48962237313103 255 255 255 255 
0.570742590488377 0.21012223807628 -0.525917225534156 255 255 255 255 
0.588687362119639 0.229712656953625 -0.559006467494858 255 255 255 255 
0.605136283718143 0.24935568315538 -0.532391553270515 255 255 255 255 
0.58573291352223 -0.228007111714006 -0.507530397661216 255 255 255 255 
0.58762717712877 -0.228241575286837 -0.560721882843131 255 255 255 255 
0.569526966564047 -0.208403074287025 -0.531858444823985 255 255 255 255 
0.555248636245258 -0.185526915507492 -0.554319927010114 255 255 255 255 
0.78762729717599 0.0804163021076518 -0.190975596265588 255 255 255 255 
0.818586820207736 0.0821437001296436 -0.187021330314519 255 255 255 255 
0.802448389096988 0.0636761611560438 -0.184964515636453 255 255 255 255 
0.533239179038768 0.134062266741126 -0.464272457619339 255 255 255 255 
0.548237706411086 0.168788720025242 -0.475167451584211 255 255 255 255 
0.545178630392021 0.152578099006027 -0.448876234615688 255 255 255 255 
0.542582990217061 0.130796874916369 -0.423328002099636 255 255 255 255 
0.510816933107484 -0.0825579311938114 -0.511690982729942 255 255 255 255 
0.507319444146558 -0.0429254580204977 -0.472996119879317 255 255 255 255 
0.51364408706102 -0.0792581482238824 -0.474305284514727 255 255 255 255 
0.523318258469673 -0.112612574037208 -0.474041558472173 255 255 255 255 
0.521819303000748 -0.119858551473455 -0.52378979115442 255 255 255 255 
0.520908184031522 -0.115139987573712 -0.503090772728053 255 255 255 255 
0.823367626744437 0.0416087677231343 -0.179285822843596 255 255 255 255 
0.71741307546408 -0.234008582196398 -0.302151842075357 255 255 255 255 
0.706006139680952 -0.242287975853129 -0.318669631920559 255 255 255 255 
0.769763995340363 -0.162355868139582 -0.226402036415725 255 255 255 255 
0.556898868910579 -0.151201059773574 -0.410197404493487 255 255 255 255 
0.540738605422976 -0.11323580471937 -0.40897461763077 255 255 255 255 
0.557419071006887 -0.135035020409453 -0.390525004725414 255 255 255 255 
0.558738160042795 -0.116394541885934 -0.371655428196438 255 255 255 255 
0.587139617472332 0.0457194558744805 -0.299962239960682 255 255 255 255 
0.56434662927997 0.0189629733322416 -0.325305757714386 255 255 255 255 
0.569702704930864 0.0476581601990651 -0.322514816142446 255 255 255 255 
0.596925006832753 0.149954847582976 -0.336954097284801 255 255 255 255 
0.607301775146953 0.188809659495793 -0.359501871252094 255 255 255 255 
0.617656903231962 0.175127109070748 -0.331967503963684 255 255 255 255 
0.640492511797508 0.199811847820798 -0.329749694990531 255 255 255 255 
0.563374713820065 -0.0322201521781986 -0.328413329585299 255 255 255 255 
0.579964580206791 -0.0701028701660025 -0.315220890307967 255 255 255 255 
0.563710636213229 -0.0646574573382992 -0.336034641873914 255 255 255 255 
0.547110785117832 -0.0610330275014524 -0.362518294457704 255 255 255 255 
0.577882712704223 -0.157697464851505 -0.373320234633071 255 255 255 255 
0.577025358288176 -0.128936584799397 -0.349650249508753 255 255 255 255 
0.776291174035505 0.00906072472271494 -0.183841439780512 255 255 255 255 
0.734350767895432 0.0231743928595561 -0.196432997782926 255 255 255 255 
0.759477857844052 0.033770949484208 -0.189506460930969 255 255 255 255 
0.747618343758593 0.0526219527966928 -0.195405149888396 255 255 255 255 
0.635415698964706 -0.168226583687055 -0.306930599715702 255 255 255 255 
0.67270863586732 -0.157217752895309 -0.268594647521116 255 255 255 255 
0.6702925224212 -0.190448734535508 -0.293998144654613 255 255 255 255 
0.772337566062835 -0.216185131628928 -0.261854195473846 255 255 255 255 
0.745384038412651 -0.210962318668185 -0.267054079414893 255 255 255 255 
0.77636988301677 -0.114744670943168 -0.203526201198334 255 255 255 255 
0.818641537866607 -0.0817992073273164 -0.18693279527763 255 255 255 255 
0.81101293635255 -0.119816463600077 -0.199276131818143 255 255 255 255 
0.675566340449132 -0.108408700453838 -0.242724075519218 255 255 255 255 
0.702372233515977 -0.132747505076851 -0.237822160989688 255 255 255 255 
0.67385032232365 -0.128771397064659 -0.252492177415199 255 255 255 255 
0.601407598703213 -0.209059210387209 -0.396610745808362 255 255 255 255 
0.575844103744907 -0.185960275555155 -0.414375595783306 255 255 255 255 
0.590298041376763 -0.187654761736376 -0.386081095556366 255 255 255 255 
0.610366039194643 -0.195057532437748 -0.362281460084407 255 255 255 255 
0.622299545865904 0.11619022763298 -0.287287131436911 255 255 255 255 
0.63010967038464 0.158774185358658 -0.305158302081861 255 255 255 255 
0.644052628507179 0.139050240291781 -0.279799774629198 255 255 255 255 
0.667710494653951 0.162902763536589 -0.275740049766523 255 255 255 255 
0.519040121370974 0.0978381190174609 -0.471306349859014 255 255 255 255 
0.528108559997358 0.109599556490002 -0.445391612223369 255 255 255 255 
0.698570147145004 -0.0863465529348883 -0.222555015958679 255 255 255 255 
0.654228390640193 0.183694673599471 -0.301734458770436 255 255 255 255 
0.548204481004184 0.0789932532078827 -0.368294505761436 255 255 255 255 
0.572534084664543 0.0747419646927857 -0.326822271895289 255 255 255 255 
0.558106532604269 0.0506702622533133 -0.340392580641212 255 255 255 255 
0.592333062816836 0.110964086092154 -0.317263095533033 255 255 255 255 
0.593182692943507 0.0807675450533175 -0.302825811118824 255 255 255 255 
0.69680909178836 -0.0455589587478471 -0.214673066856594 255 255 255 255 
0.665624804684801 -0.0430534118645351 -0.23177230260026 255 255 255 255 
0.678588320796275 -0.0216380540144402 -0.22171418003378 255 255 255 255 
0.631191052987025 -0.042003485645548 -0.256337120039221 255 255 255 255 
0.524621018846095 0.0189303684168656 -0.399849352096838 255 255 255 255 
0.542293182311013 0.0317174250604597 -0.363220868103946 255 255 255 255 
0.535365748894424 0.00636836147237898 -0.373893121961977 255 255 255 255 
0.545869480062468 -0.00440498697113346 -0.353716758020912 255 255 255 255 
0.53291523192183 0.0511258114367226 -0.388143849352921 255 255 255 255 
0.609497757089859 0.134524232008422 -0.310676614678405 255 255 255 255 
0.714208779039257 0.0650283774820939 -0.210049495994507 255 255 255 255 
0.703860101361387 0.0314437202641153 -0.209560618876743 255 255 255 255 
0.723884301745068 0.223692179800409 -0.288260984526618 255 255 255 255 
0.737693085927624 0.257974802742263 -0.317910141855607 255 255 255 255 
0.756007814904193 0.239077205611482 -0.288276287876754 255 255 255 255 
0.772757673572254 0.215505064361806 -0.26117444724556 255 255 255 255 
0.787615157807684 0.187719261540362 -0.237134532764937 255 255 255 255 
0.762584387983656 0.190000334560231 -0.245295418116927 255 255 255 255 
0.682780283084216 0.209381315992603 -0.30105589929068 255 255 255 255 
0.708019471840871 0.236099792977973 -0.310293906416879 255 255 255 255 
0.785892712065388 0.114626634035401 -0.201436302208394 255 255 255 255 
0.759026391781887 0.127734666685557 -0.213019070114179 255 255 255 255 
0.775645779755255 0.140502127349284 -0.214068798235146 255 255 255 255 
0.650176286186872 0.234879225087786 -0.360983682443254 255 255 255 255 
0.665059522358664 0.224345417435286 -0.331501844913823 255 255 255 255 
0.800289774236778 0.156263088224015 -0.216626572586908 255 255 255 255 
0.810852910503528 0.120466851537622 -0.199535059080896 255 255 255 255 
0.69061111637465 0.248520285841345 -0.338314558642344 255 255 255 255 
0.512555991522127 -0.0724235732418443 -0.580014819358328 255 255 255 255 
0.523429366455564 -0.0960594594520599 -0.604462987576086 255 255 255 255 
0.533000483972488 -0.145841710283419 -0.543854769674176 255 255 255 255 
0.540666081865766 -0.155274232364221 -0.573682984959843 255 255 255 255 
0.503489404114735 -0.0403816539418368 -0.544393411894463 255 255 255 255 
0.50724210500063 -0.0388853733781098 -0.581033826335962 255 255 255 255 
0.502834154278047 0.0362634354999691 -0.540171970629334 255 255 255 255 
0.507072239609218 0.0390803747563733 -0.57982816757999 255 255 255 255 
0.557133022050502 0.188685296268888 -0.553028879364221 255 255 255 255 
0.542804452237695 0.160763508981484 -0.569155934595227 255 255 255 255 
0.573721328516338 0.206167065461423 -0.583222018542162 255 255 255 255 
0.532765483773529 -0.0215357262590204 -0.380868650065946 255 255 255 255 
0.582512150848661 0.211343580950326 -0.448688583971502 255 255 255 255 
0.561074002701731 0.174011687750453 -0.434269611171457 255 255 255 255 
0.56382041728604 0.190044814069665 -0.46161172810656 255 255 255 255 
0.525229979253614 0.126114474626951 -0.499341279257577 255 255 255 255 
0.535622588969125 0.147936226648542 -0.488689327099764 255 255 255 255 
0.555745778260525 -0.187325624607701 -0.504751751021681 255 255 255 255 
0.532623045183022 -0.144421462190193 -0.503352928266164 255 255 255 255 
0.543867582975411 -0.161263067603964 -0.476963544469396 255 255 255 255 
0.562390896570889 -0.186062676610962 -0.456543659266124 255 255 255 255 
0.523706387724767 0.0732290212633597 -0.424514234744324 255 255 255 255 
0.542815482539025 0.105083663786238 -0.396522614771415 255 255 255 255 
0.67962665798182 -0.0631457426500935 -0.226961376075952 255 255 255 255 
0.542772963401206 -0.166464880509334 -0.526553392754488 255 255 255 255 
0.588776415131618 -0.22292731338136 -0.460729457340162 255 255 255 255 
0.60307728442587 -0.24351103958824 -0.48203072482757 255 255 255 255 
0.571817128193284 -0.207013256051347 -0.482173212397682 255 255 255 255 
0.603752393592529 -0.163981350598823 -0.339582543913448 255 255 255 255 
0.622232702298413 -0.184493406010605 -0.335238718660812 255 255 255 255 
0.643106766768045 -0.207711516562021 -0.335254350569368 255 255 255 255 
0.68147356792798 -0.221050890680573 -0.31356239375607 255 255 255 255 
0.656762105572638 -0.197615858291526 -0.311592970990038 255 255 255 255 
0.530530739753451 -0.135181321701723 -0.567553976002538 255 255 255 255 
0.509833389007917 -0.0763558639076758 -0.548386546754664 255 255 255 255 
0.597252514411076 -0.0396802545767005 -0.287582456812124 255 255 255 255 
0.616035311764787 -0.0625440856632539 -0.273652144115723 255 255 255 255 
0.631388999677226 -0.0776418142029309 -0.264204807622001 255 255 255 255 
0.511827607991706 -0.0509198447998895 -0.597187450558323 255 255 255 255 
0.628543353588052 0.211829070221433 -0.357514812232987 255 255 255 255 
0.619504425426844 0.220379970571322 -0.382538869900563 255 255 255 255 
0.501234667170013 -0.00380408770996701 -0.505884470132214 255 255 255 255 
0.50367900178991 -0.0426383091602384 -0.508627310115839 255 255 255 255 
0.501027117691975 -0.00229627243794929 -0.541793554714401 255 255 255 255 
0.516799760382961 0.104962492071357 -0.530864632170494 255 255 255 255 
0.508345465401376 0.0689422125709809 -0.501772324310772 255 255 255 255 
0.508540036660903 0.0730613354641354 -0.53678828866162 255 255 255 255 
0.507132352079832 0.032388604502324 -0.467028058546506 255 255 255 255 
0.502983693880655 0.0337019191210148 -0.503555491210096 255 255 255 255 
0.530154601069126 0.138748619837655 -0.548774584305707 255 255 255 255 
0.521719779181489 0.11413516985353 -0.561473818386395 255 255 255 255 
0.516123420448727 0.0998315106835858 -0.500729187848797 255 255 255 255 
0.552187540451908 0.180924954043491 -0.49954258946636 255 255 255 255 
0.556434936029044 0.189365161533201 -0.516907503405957 255 255 255 255 
0.748981101563137 -0.00496200167874954 -0.190860018620757 255 255 255 255 
0.719916124596458 -0.0143704954694852 -0.201382640065866 255 255 255 255 
0.541508693871123 0.162727531681167 -0.546965600274551 255 255 255 255 
0.660143641028763 0.115606035039538 -0.255838052073311 255 255 255 255 
0.634524361389184 0.0940170232957122 -0.26698382565254 255 255 255 255 
0.677058331204795 0.0495036804329155 -0.225872749718685 255 255 255 255 
0.672670813602919 0.0816969900809991 -0.2356471186262 255 255 255 255 
0.689409515655034 0.0741230075359831 -0.224057405470346 255 255 255 255 
0.636987024730626 0.241405975621245 -0.389455866740759 255 255 255 255 
0.625435177324369 -0.00678408621649098 -0.25790300359612 255 255 255 255 
0.613209667609884 -0.0202798683443779 -0.269390651748559 255 255 255 255 
0.582607774681783 0.0167393721813679 -0.301292422228511 255 255 255 255 
0.580553387095232 -0.00574387015888428 -0.303212818520561 255 255 255 255 
0.641360595359024 0.275678480995429 -0.473779385816547 255 255 255 255 
0.63536594102515 0.26350798952125 -0.443780118479568 255 255 255 255 
0.62419419981542 0.244027301154348 -0.417712221449874 255 255 255 255 
0.565112490428009 0.13385780274172 -0.37390898711005 255 255 255 255 
0.710545038734203 0.01184055863231 -0.205215629667711 255 255 255 255 
0.767225762473302 -0.0376218795859412 -0.187907406768915 255 255 255 255 
0.62074453816295 -0.254387698435494 -0.455517112002112 255 255 255 255 
0.605284190708118 -0.234000419667934 -0.438903544254933 255 255 255 255 
0.579372212797732 -0.203576717017301 -0.439334098961618 255 255 255 255 
0.597173932961584 0.212635743288176 -0.411557935240427 255 255 255 255 
0.600266505424737 0.200972760135419 -0.386383882038446 255 255 255 255 
0.541676588635409 -0.144001371085611 -0.446367791397512 255 255 255 255 
0.558003808407743 -0.167266105898788 -0.431498510324116 255 255 255 255 
0.522030760811423 -0.0405182511607758 -0.412297714579983 255 255 255 255 
0.520374697305051 -0.0774761951820854 -0.439619965037095 255 255 255 255 
0.513930433493129 -0.0421572493306198 -0.440044733483144 255 255 255 255 
0.594132803165295 -0.21661349008917 -0.426851847728656 255 255 255 255 
0.624696109565776 -0.224227658224776 -0.3802442351046 255 255 255 255 
0.651765107695134 -0.238103130419748 -0.363708344093994 255 255 255 255 
0.63763506428145 -0.241664182262853 -0.38890013686397 255 255 255 255 
0.534324434871341 -0.14094214876456 -0.475006994165465 255 255 255 255 
0.529919350390418 -0.112213065095752 -0.441829026950595 255 255 255 255 
0.532942337097555 -0.0722460984047416 -0.397895950452124 255 255 255 255 
0.505097677921678 -0.00546833167100792 -0.470385548624727 255 255 255 255 
0.51270582239927 0.0685499553122449 -0.465780381547513 255 255 255 255 
0.514869993393652 0.0294626634746251 -0.431480405135781 255 255 255 255 
0.560906746129305 0.155348145489384 -0.405667245366156 255 255 255 255 
0.58045963820838 0.179226870242604 -0.39391889508505 255 255 255 255 
0.643704271366436 0.263840207990541 -0.425424205691041 255 255 255 255 
0.620993495726191 -0.23917639136966 -0.41369463337734 255 255 255 255 
0.656092742956443 -0.262230852550159 -0.399706752726437 255 255 255 255 
0.526925745659717 0.13303705122917 -0.523934786675648 255 255 255 255 
0.718887520160249 0.271422522667914 -0.348338186445006 255 255 255 255 
0.602820189659473 0.229625623420016 -0.434341520220335 255 255 255 255 
0.512055468017334 0.0532258618068888 -0.596584503982464 255 255 255 255 
0.732895504233581 0.192228669331333 -0.257996491572828 255 255 255 255 
0.746009124314243 0.218397348948457 -0.273040162668981 255 255 255 255 
0.631781492257112 -0.216970883820545 -0.359840009144109 255 255 255 255 
0.645029790269989 0.067918828448085 -0.250763787396467 255 255 255 255 
0.633157556068545 0.0280881434189715 -0.252953287854727 255 255 255 255 
0.625242792358516 0.0534472016614945 -0.263367580048805 255 255 255 255 
0.673311687823158 -0.259268093507154 -0.371358536772318 255 255 255 255 
0.586256215544483 0.163821200899542 -0.36523776823859 255 255 255 255 
0.66586138839483 -0.230597163187894 -0.338173604667222 255 255 255 255 
0.570208320651292 0.105394501635258 -0.344778051583337 255 255 255 255 
0.823395285110353 -0.0412527288657998 -0.179241070667371 255 255 255 255 
0.797652735849496 -0.017508424705853 -0.180210259817374 255 255 255 255 
0.622788641707185 0.264762442179084 -0.503829438063354 255 255 255 255 
0.644261093421124 -0.143072506441038 -0.281941154427242 255 255 255 255 
0.59735640891554 -0.128047810690384 -0.320924604919039 255 255 255 255 
0.602243593000673 0.00762881130373441 -0.279285060011433 255 255 255 255 
0.569060583701228 -0.0950046238672401 -0.340849888559385 255 255 255 255 
0.587537104749679 -0.0961320031439149 -0.315898281160326 255 255 255 255 
0.546140314365217 -0.0297295766761834 -0.35576196396996 255 255 255 255 
0.608343122489733 -0.0904646812602354 -0.289927959433387 255 255 255 255 
0.660051560382702 -0.076944177187545 -0.242444119353044 255 255 255 255 
0.580184997382195 0.125538317855552 -0.342459794542098 255 255 255 255 
0.539758816800408 0.160521415301556 -0.516840396813526 255 255 255 255 
0.52164200771326 -0.0125759745363886 -0.407008519632733 255 255 255 255 
0.673460730974888 0.25778366138663 -0.368723913554283 255 255 255 255 
0.758512708029 0.161576868495818 -0.22924589151624 255 255 255 255 
0.725404750489828 0.128886573227746 -0.225395173158136 255 255 255 255 
0.72935744754776 0.161007387558348 -0.239611308930961 255 255 255 255 
0.780842063566972 0.0498434514982577 -0.186404765523008 255 255 255 255 
0.801121706297271 0.0252595491157752 -0.180175294300773 255 255 255 255 
0.614214677583152 0.0748924574398969 -0.278771447627843 255 255 255 255 
0.611332156474381 0.0421684725115129 -0.27384144819958 255 255 255 255 
0.647407515616452 -0.114779018190742 -0.26492861799539 255 255 255 255 
0.680148946753894 0.142101379803204 -0.255109026823805 255 255 255 255 
0.692128410860377 0.1294412802798 -0.241802239946856 255 255 255 255 
0.695608223937742 0.0992776702466297 -0.228063946968967 255 255 255 255 
0.800600840718988 -0.155364021270274 -0.216123256446953 255 255 255 255 
0.772607407692924 -0.143617044715251 -0.216242223658145 255 255 255 255 
0.787619858658505 -0.187709146041446 -0.237126926628542 255 255 255 255 
0.625104784621839 -0.129576460522004 -0.291553973913704 255 255 255 255 
0.545530729740733 -0.0908916966376629 -0.380333598005044 255 255 255 255 
0.699301827544125 0.279936130162315 -0.380028502790847 255 255 255 255 
0.512183562276185 -0.00777380843665978 -0.436964613730288 255 255 255 255 
0.698342277908675 -0.280219348028434 -0.381581086716179 255 255 255 255 
0.588091312805505 -0.144945047771403 -0.345305381069222 255 255 255 255 
0.755488783343744 -0.239702991999458 -0.289116098582879 255 255 255 255 
0.710841956972458 -0.202188848455334 -0.276586265421017 255 255 255 255 
0.741383300403431 -0.082269685582337 -0.203562971948688 255 255 255 255 
0.702843887247222 0.158464714495161 -0.250881974711935 255 255 255 255 
0.653150076941198 0.0425194535670233 -0.239924259226233 255 255 255 255 
0.751907064464678 0.0901034173329966 -0.202263884678666 255 255 255 255 
0.698259831981282 0.186280896863503 -0.271612207303895 255 255 255 255 
0.708939573650766 0.203634771638426 -0.278848942371689 255 255 255 255 
0.779668177100509 -0.0755927323112884 -0.191444999810646 255 255 255 255 
0.796966097700728 -0.0593144277889984 -0.184996977494572 255 255 255 255 
0.824982013448467 0.000179958220771153 -0.176673690285467 255 255 255 255 
0.579341127039248 0.195085992120018 -0.421651755354694 255 255 255 255 
0.727423332766308 -0.0494272492155259 -0.201891744074181 255 255 255 255 
0.715455282205772 -0.0660970290589315 -0.209735301293078 255 255 255 255 
0.621936796751088 -0.264137641627264 -0.50520775215612 255 255 255 255 
0.721167742160436 0.0962399024407974 -0.215131664682719 255 255 255 255 
0.528538450938611 0.0410816887714825 -0.656329450173271 255 255 255 255 
0.526969593108506 0.00225000000867799 -0.658867915465047 255 255 255 255 
0.64045914396833 -0.275263339917249 -0.475237964805928 255 255 255 255 
0.638377673872505 -0.260505470161305 -0.427868880414196 255 255 255 255 
0.659584956336528 -0.28171168195202 -0.444291750331934 255 255 255 255 
0.678989242139331 -0.283373090900965 -0.412894956375358 255 255 255 255 
0.538790831068002 -0.110657844533152 -0.639740750656893 255 255 255 255 
0.694937941336129 -0.0187140474455357 -0.212836101813933 255 255 255 255 
0.604159390336355 -0.248342636936347 -0.533972199965674 255 255 255 255 
0.572626816063253 -0.204182984355187 -0.58499297689233 255 255 255 255 
0.554216782018081 -0.0909305881590722 -0.363378113475799 255 255 255 255 
0.532637333409642 -0.0487874173584291 -0.387936998810345 255 255 255 255 
0.604788343198702 0.0959843347682219 -0.295864507959622 255 255 255 255 
0.62035220959895 -0.254325206850628 0.456584567933987 255 255 255 255 
0.621938599116427 -0.264138975752494 0.505204835866651 255 255 255 255 
0.640641644710792 -0.275348298673701 0.474942672401646 255 255 255 255 
0.592630968586594 0.212642403871989 0.422246956989203 255 255 255 255 
0.620842753972433 0.236303981493841 0.408050669935999 255 255 255 255 
0.604455037714434 0.231697223132814 0.435154960110458 255 255 255 255 
0.533344695731352 -0.131245732861538 0.593490897384327 255 255 255 255 
0.538698494643431 -0.110242771951247 0.639890154129626 255 255 255 255 
0.547805607319521 -0.144567516909622 0.625154536281634 255 255 255 255 
0.656842251081398 0.260837802814423 0.395723867122494 255 255 255 255 
0.697768623880108 0.28038285473555 0.382509278431549 255 255 255 255 
0.678616130783587 0.283386568373342 0.413498663230567 255 255 255 255 
0.620319445345064 0.253409770527983 0.453405795553608 255 255 255 255 
0.638311937975418 0.259332235842676 0.424939269294335 255 255 255 255 
0.539669527597797 0.114519056458695 0.638318989807842 255 255 255 255 
0.532557915551929 0.131749419453108 0.588651713068471 255 255 255 255 
0.548913415587873 0.148063307007744 0.623362064850363 255 255 255 255 
0.514425953237181 -0.0840058837100566 0.574678617725491 255 255 255 255 
0.503519901642121 -0.0420086399287796 0.54107411632573 255 255 255 255 
0.507827797133194 -0.0451193537418023 0.57992176534241 255 255 255 255 
0.517179449373991 -0.0161879205691341 0.630777787311547 255 255 255 255 
0.511947319577892 -0.0344727165093601 0.60691964892505 255 255 255 255 
0.511050835545744 -0.00992037065166801 0.609834885614122 255 255 255 255 
0.559271224545211 -0.176231987247602 0.606602777908716 255 255 255 255 
0.544338553021049 -0.161326580497322 0.577175612885327 255 255 255 255 
0.556620018401212 -0.187138090295104 0.557750320753849 255 255 255 255 
0.822872908911997 0.0475189163255776 0.18008629311126 255 255 255 255 
0.81752212758246 0.0885562353631228 0.188744039168499 255 255 255 255 
0.801513601555841 0.0686933589948295 0.186074289225385 255 255 255 255 
0.526976289679243 0.00350465324585169 0.65885708018601 255 255 255 255 
0.528104538476686 -0.0349872056544457 0.657031535283951 255 255 255 255 
0.58773326269319 0.220972085582159 0.458309293853844 255 255 255 255 
0.602704094854564 0.242854214937102 0.480517645617611 255 255 255 255 
0.769603696843436 0.168527545377241 0.229876701698681 255 255 255 255 
0.743102617756271 0.147834627797802 0.227271216113889 255 255 255 255 
0.772075590108529 0.150424339195117 0.219629081325973 255 255 255 255 
0.778222392840772 0.121708839946231 0.205666926516511 255 255 255 255 
0.809349187551561 0.126379231209821 0.201968133926764 255 255 255 255 
0.785911060316765 0.0846222909164514 0.192342700646298 255 255 255 255 
0.656382228346822 0.233619913126076 0.352003005545324 255 255 255 255 
0.694617608374755 0.252614822585658 0.340422202687166 255 255 255 255 
0.675557824338142 0.258108656223672 0.366915594830931 255 255 255 255 
0.588375347447437 0.229282536277048 0.559511317840671 255 255 255 255 
0.585653857584314 0.227831548879352 0.506511293726587 255 255 255 255 
0.604674479348979 0.248879031262623 0.533138768435986 255 255 255 255 
0.507928910642967 0.0328775342264182 0.588665749433435 255 255 255 255 
0.512659293999604 0.0698962547138308 0.583836617905818 255 255 255 255 
0.514112607327542 0.0473181287173689 0.609415244102928 255 255 255 255 
0.503111837949745 0.0351841573269007 0.547611220092092 255 255 255 255 
0.522574072585476 0.071128676098144 0.624758213890728 255 255 255 255 
0.532859392753805 0.0789300236729177 0.649338019452002 255 255 255 255 
0.717433249118422 -0.232582400004767 0.300656659726464 255 255 255 255 
0.680152099061797 -0.21767033713579 0.311138907084671 255 255 255 255 
0.705862362394946 -0.240535037494344 0.316735414424362 255 255 255 255 
0.746357420384146 -0.174520657186034 0.240835641039769 255 255 255 255 
0.772765292041624 -0.215492685240338 0.261162120302748 255 255 255 255 
0.788214720149065 -0.186421205918066 0.23616442051797 255 255 255 255 
0.819183850678989 -0.0782955102241561 0.186055314717656 255 255 255 255 
0.784800834628478 -0.113589310353006 0.201291210852143 255 255 255 255 
0.811673485841009 -0.117085213543231 0.198207340294458 255 255 255 255 
0.778200544004501 -0.0776692667922769 0.192236818027133 255 255 255 255 
0.762439444709172 -0.0995454113582014 0.20198821041812 255 255 255 255 
0.747601760210098 -0.126529161593858 0.216100259419673 255 255 255 255 
0.703573024603437 -0.119998775148943 0.231675982100369 255 255 255 255 
0.704940087154239 -0.163003337395381 0.252421218910006 255 255 255 255 
0.724976221425973 -0.146687662875037 0.233860202706733 255 255 255 255 
0.741641851620582 -0.204559973300909 0.26348644644326 255 255 255 255 
0.689930485715656 -0.250644747006985 0.341757775220927 255 255 255 255 
0.522279952995964 0.109736235764196 0.474442322768794 255 255 255 255 
0.532221258236554 0.143891332916912 0.505783532700977 255 255 255 255 
0.520014753500796 0.113161837762708 0.506386921606956 255 255 255 255 
0.521503445236463 0.118853961005837 0.531710184562696 255 255 255 255 
0.664081979892133 -0.151878621281794 0.271516721014619 255 255 255 255 
0.641979017033949 -0.17783348836133 0.308173455564969 255 255 255 255 
0.675976231610801 -0.18617222455767 0.286296997917507 255 255 255 255 
0.738274521748837 -0.257468643731981 0.316969358933138 255 255 255 255 
0.719085797899508 -0.271308814060232 0.348017366323545 255 255 255 255 
0.736240139522379 0.2592146938471 0.32026105852159 255 255 255 255 
0.717379966590622 0.27226843762789 0.350777459360447 255 255 255 255 
0.721232307970439 0.229937797945743 0.29577576681305 255 255 255 255 
0.710749096171563 0.243222962384124 0.316518059232699 255 255 255 255 
0.692692113962628 0.227954103344414 0.312222382472694 255 255 255 255 
0.701658807761665 0.213736256266588 0.2920257494994 255 255 255 255 
0.754006990535054 0.241458426078452 0.291513689711708 255 255 255 255 
0.678039760518757 0.197273868154397 0.293807747385656 255 255 255 255 
0.702651249247384 0.155948003789979 0.249549377352426 255 255 255 255 
0.716620336374593 0.19682745983904 0.269226173307395 255 255 255 255 
0.689801961890854 0.177795777742968 0.270748151886731 255 255 255 255 
0.664712093831208 0.157899926069509 0.274744244355929 255 255 255 255 
0.677473451518629 0.13603804959756 0.253695724454431 255 255 255 255 
0.652384228152135 0.111309362857639 0.259647311567388 255 255 255 255 
0.620539315243869 0.119817007381951 0.29080008930273 255 255 255 255 
0.625120230778201 0.0952456341754229 0.275602689604354 255 255 255 255 
0.631799129325232 0.159815534196788 0.30422955994276 255 255 255 255 
0.601494170304892 0.136818107666114 0.321520987170085 255 255 255 255 
0.740924151651564 0.219544325118684 0.276210872223614 255 255 255 255 
0.785436768330975 0.192304855050854 0.240659240978916 255 255 255 255 
0.75048332692254 0.187276966624452 0.247533676048966 255 255 255 255 
0.770358206680015 0.219321767472905 0.265056866230314 255 255 255 255 
0.612445676620317 -0.0169234580974682 0.269856315035294 255 255 255 255 
0.584851698824068 -0.00468752141286687 0.298071584496982 255 255 255 255 
0.594544581540393 -0.0320272187882144 0.289333443253738 255 255 255 255 
0.823717506201368 -0.0368467266503125 0.178719705990135 255 255 255 255 
0.796975151969219 -0.0573663634574314 0.18466216856733 255 255 255 255 
0.721421683481158 -0.0163590053301723 0.200873887742465 255 255 255 255 
0.767910242485971 -0.0357042246404329 0.187531160754577 255 255 255 255 
0.749052597365109 -0.00379200866674232 0.190823028916404 255 255 255 255 
0.776027207689857 0.0121593441260826 0.183995148874651 255 255 255 255 
0.756281535960431 -0.238744880587078 0.287833397904358 255 255 255 255 
0.518482698730912 -0.0382443969503001 0.629180196468075 255 255 255 255 
0.780342207208279 0.053205767239411 0.187019070795426 255 255 255 255 
0.800825631896969 0.0297294598913091 0.180573740756748 255 255 255 255 
0.693261300297038 0.116145541646782 0.235491976388302 255 255 255 255 
0.67444240912281 0.085760784484182 0.235738546894213 255 255 255 255 
0.710214510320578 0.071247963760662 0.213158922289044 255 255 255 255 
0.512620253824226 -0.0577896783033358 0.59570037170658 255 255 255 255 
0.549194400228566 -0.040433979138537 0.352557420894636 255 255 255 255 
0.55544376779451 -0.0904682702474638 0.360903034160017 255 255 255 255 
0.564287655110714 -0.0665546003451571 0.335818949163252 255 255 255 255 
0.577512207716744 -0.0469838211109317 0.311984005947359 255 255 255 255 
0.550977750035259 -0.141617498036151 0.413300945486472 255 255 255 255 
0.57362700711018 -0.143242023718762 0.366861554977231 255 255 255 255 
0.550356959071904 -0.115965131005096 0.388342275325565 255 255 255 255 
0.580122880847996 -0.0874211540108328 0.321593456916128 255 255 255 255 
0.603169073368213 -0.125709736742772 0.312541400975613 255 255 255 255 
0.601314230305428 -0.0904413711141348 0.297363800012078 255 255 255 255 
0.572346043647727 -0.183734937837947 0.419486439026488 255 255 255 255 
0.569593896519392 -0.162525318924102 0.394992697643074 255 255 255 255 
0.586033701301502 -0.17888633267128 0.38263161302978 255 255 255 255 
0.527403028237596 -0.02878342034307 0.394649506375085 255 255 255 255 
0.538419786371685 -0.0616043694087494 0.380071609913292 255 255 255 255 
0.54713740232824 0.000441559387326275 0.351434189056391 255 255 255 255 
0.538144820834996 -0.0146903895804492 0.368810112186136 255 255 255 255 
0.607331834720085 -0.059731228623676 0.28133786876368 255 255 255 255 
0.631059882915294 -0.106416044085466 0.274821863531056 255 255 255 255 
0.638179617964789 -0.0678111952787127 0.255994879754446 255 255 255 255 
0.674104850963763 -0.0752658619925169 0.233042583221297 255 255 255 255 
0.647066330707371 -0.028602895070566 0.242472864479759 255 255 255 255 
0.7328315154738 0.0247542915716796 0.197088693562953 255 255 255 255 
0.698980744211317 0.0310242403377635 0.211830350484164 255 255 255 255 
0.592645737807569 0.0359269000338708 0.291973456785028 255 255 255 255 
0.599661912099416 0.0809456422715704 0.295617277343532 255 255 255 255 
0.579336969526914 0.0561070161035521 0.311860114538982 255 255 255 255 
0.56585044819971 0.0772337160855461 0.337519242257744 255 255 255 255 
0.666976820782595 -0.114346678145197 0.250615311977633 255 255 255 255 
0.606363846312205 -0.163004154474242 0.335327525489349 255 255 255 255 
0.594134713719785 -0.171664425379039 0.360713481988591 255 255 255 255 
0.681941299447076 -0.000471221997665054 0.219076779759594 255 255 255 255 
0.666015489853596 0.0486177207973388 0.232394928896794 255 255 255 255 
0.646367687899661 0.0138188276259166 0.241869443869819 255 255 255 255 
0.540326681868679 0.141133210471291 0.446482431219037 255 255 255 255 
0.560819296720763 0.182992529499866 0.454939664805424 255 255 255 255 
0.542929267931552 0.159555682729135 0.477260113882234 255 255 255 255 
0.586435954361371 0.107850668253619 0.323101538048769 255 255 255 255 
0.614459076751286 0.188538771437565 0.349190472072002 255 255 255 255 
0.5858374814864 0.169779378334728 0.372274718943011 255 255 255 255 
0.596051321142202 0.158630360609175 0.345410537016095 255 255 255 255 
0.518694353298673 -0.110790315127346 0.531246365729375 255 255 255 255 
0.527368828574965 -0.131742852850878 0.500579923794789 255 255 255 255 
0.518608007255758 -0.107613573311133 0.499906761607571 255 255 255 255 
0.523773549764114 -0.110768235528271 0.467579105997281 255 255 255 255 
0.534827499886613 0.149077139788657 0.548788523560691 255 255 255 255 
0.544580994757869 0.162645429480488 0.574390473762469 255 255 255 255 
0.587928461032527 -0.222814244763292 0.463837812405116 255 255 255 255 
0.592482098252256 -0.215980312267579 0.429807070095182 255 255 255 255 
0.577469098315654 -0.202783899240488 0.443570029419237 255 255 255 255 
0.564143899791365 0.0294281919959856 0.326864893613194 255 255 255 255 
0.562861303385722 -0.0124605090882765 0.326929863268673 255 255 255 255 
0.659956586851069 -0.281789004802682 0.443690439528329 255 255 255 255 
0.655382385888757 -0.261755859138543 0.399817993678902 255 255 255 255 
0.637922751357987 -0.260355973163234 0.428460659227413 255 255 255 255 
0.684202751516001 -0.137819713356913 0.250411713990841 255 255 255 255 
0.516849598158014 0.0999161046347088 0.558799588159458 255 255 255 255 
0.52042016332153 0.1002152434222 0.584080285794193 255 255 255 255 
0.525349114959811 0.125302483362233 0.557005637525699 255 255 255 255 
0.537637043290166 -0.156397582370559 0.517845738923536 255 255 255 255 
0.528576039749428 -0.136993264001656 0.524901023120064 255 255 255 255 
0.53419425500746 -0.147530406444927 0.550021625070971 255 255 255 255 
0.545200098176783 -0.170670138746754 0.534190863509968 255 255 255 255 
0.541100385207435 -0.158661694867241 0.486936755405169 255 255 255 255 
0.514256526665563 0.0173292981537778 0.620802573000601 255 255 255 255 
0.528604603913445 0.0419316641768881 0.656222412409876 255 255 255 255 
0.556605525157058 -0.189279415538436 0.511216489002742 255 255 255 255 
0.585851555256832 -0.228322145233188 0.509908547335411 255 255 255 255 
0.571528623043763 -0.207510585185734 0.486613817930932 255 255 255 255 
0.560908639768028 -0.185825089901968 0.462339379951925 255 255 255 255 
0.6393117246777 0.238478972202283 0.380943089378878 255 255 255 255 
0.626554347629334 0.219344791912467 0.370268452446679 255 255 255 255 
0.555531364247627 0.186995556458625 0.504822368105405 255 255 255 255 
0.556601272716637 0.187611357046056 0.554659459806845 255 255 255 255 
0.543416608216854 0.167629535490234 0.528467002946823 255 255 255 255 
0.532421687710702 -0.137323148743553 0.477021979556576 255 255 255 255 
0.509722547271796 0.0783069769805006 0.514071860300234 255 255 255 255 
0.512577835267368 0.0748750651945701 0.474737097942961 255 255 255 255 
0.506720706359194 0.0378657129113954 0.473021789140156 255 255 255 255 
0.619865808966243 -0.238970788809706 0.415589175718123 255 255 255 255 
0.604307963037139 -0.233787656460988 0.441122990472107 255 255 255 255 
0.541040229363614 -0.146655979052228 0.454083968514631 255 255 255 255 
0.534657242445544 -0.121758748831236 0.437284103188648 255 255 255 255 
0.602829933222135 -0.243545397379797 0.483654357670091 255 255 255 255 
0.680562294824363 -0.0367160929807578 0.222050645045313 255 255 255 255 
0.697301922730446 -0.0265896737575463 0.212239312341081 255 255 255 255 
0.571051772083964 0.205704617131861 0.480898206696913 255 255 255 255 
0.669080538293533 0.218812033852474 0.321639145417295 255 255 255 255 
0.644197711095505 0.196842216004162 0.322925144179936 255 255 255 255 
0.570004423158667 0.20905943594876 0.531366599558459 255 255 255 255 
0.648866595557473 -0.235862040556107 0.364014603093041 255 255 255 255 
0.62288664739599 -0.225523383073809 0.38515127476352 255 255 255 255 
0.636063833862684 -0.241284503224953 0.390696972424788 255 255 255 255 
0.600456375212065 0.202256684054859 0.38790883750106 255 255 255 255 
0.572571557330302 0.178859208740569 0.410921210107649 255 255 255 255 
0.540488741955268 0.061936758931858 0.375853393756793 255 255 255 255 
0.552623494009637 0.0500222078821909 0.349159600757745 255 255 255 255 
0.54402569709975 0.0310534620441533 0.359849456579429 255 255 255 255 
0.63045936442092 -0.0014235266040265 0.253676519083956 255 255 255 255 
0.599904826268537 -0.20817680255347 0.398103249379082 255 255 255 255 
0.614585049559179 -0.198800984035549 0.360651960582519 255 255 255 255 
0.512677389455206 0.00122164505686087 0.43477796097779 255 255 255 255 
0.51393666767892 0.0370008091471992 0.437671316563982 255 255 255 255 
0.523696355233243 0.036244558491155 0.406202380989042 255 255 255 255 
0.532597991913202 0.00913521266072718 0.379926606547577 255 255 255 255 
0.534386231803549 0.0347335156728223 0.37988770119629 255 255 255 255 
0.529425893944641 -0.0854788957936688 0.416150490028117 255 255 255 255 
0.507336122597343 -0.0365100628033599 0.468267716298416 255 255 255 255 
0.5151982494269 -0.0739906374103171 0.458671688574115 255 255 255 255 
0.515822638854847 -0.0597190712035949 0.443125244011966 255 255 255 255 
0.516422503058702 -0.0420800802694471 0.430753710674051 255 255 255 255 
0.522759154288212 0.00447270313323917 0.403391183551355 255 255 255 255 
0.626116141109366 -0.187867886739963 0.333924333463941 255 255 255 255 
0.644968004243962 -0.209065968562247 0.334718010779545 255 255 255 255 
0.590779244909564 -0.0713129455197654 0.302390040403118 255 255 255 255 
0.619456034281846 0.0251885445592321 0.264169429784699 255 255 255 255 
0.60146100560367 0.0099609899671256 0.280159898649184 255 255 255 255 
0.55540786932332 0.161066560626193 0.428833382518628 255 255 255 255 
0.552945543373631 0.138619587355517 0.404668379597844 255 255 255 255 
0.625356532143668 -0.0432860078264849 0.261404021880181 255 255 255 255 
0.613059197316683 0.164886971848873 0.328595339413792 255 255 255 255 
0.65388208401456 0.178729488405314 0.298051866036019 255 255 255 255 
0.727704348489575 0.172713035589454 0.247245250099599 255 255 255 255 
0.641445258468999 0.137874021235821 0.281346595084197 255 255 255 255 
0.744303092827817 0.206344636226001 0.263792083901614 255 255 255 255 
0.62524359360217 0.178028705284605 0.325737693143926 255 255 255 255 
0.665228606104616 -0.22918528663905 0.337070805478092 255 255 255 255 
0.699079333554344 -0.280002886049845 0.380388505629417 255 255 255 255 
0.672448687270228 -0.258291099572075 0.370715913110161 255 255 255 255 
0.619764407676972 -0.153106678173531 0.311839048026099 255 255 255 255 
0.630786801303114 -0.143776407527198 0.294456031224189 255 255 255 255 
0.579030254908906 -0.117489024093596 0.338865908925013 255 255 255 255 
0.74657004189123 0.0552333866943702 0.196160987491308 255 255 255 255 
0.75864000921898 0.0364859732295706 0.190018755181849 255 255 255 255 
0.727011989939237 0.113393932401393 0.218558101136668 255 255 255 255 
0.771518293313214 -0.156462030732659 0.222815813722631 255 255 255 255 
0.776027123744251 -0.137928189467459 0.212829977180658 255 255 255 255 
0.679548920124175 -0.283349540063262 0.411989378373189 255 255 255 255 
0.677727149927768 0.233889602302443 0.331069707901526 255 255 255 255 
0.518921985011479 0.0445563495773628 0.62805764571344 255 255 255 255 
0.520518738517408 -0.0668900131057319 0.620802362312958 255 255 255 255 
0.63204848165239 0.0669577539540989 0.260722278404252 255 255 255 255 
0.609965219883592 0.0524700577888754 0.277100179732938 255 255 255 255 
0.555106786277179 -0.165135234493502 0.436938740010994 255 255 255 255 
0.560425999154509 0.178963838788051 0.604734313340761 255 255 255 255 
0.710229362878061 -0.202192526793878 0.276934006509552 255 255 255 255 
0.725361931804676 -0.186699956744145 0.257503925642383 255 255 255 255 
0.724688083770968 -0.103281164617165 0.215946682149784 255 255 255 255 
0.709297504756152 -0.0863631833991247 0.217412049919441 255 255 255 255 
0.551906619448689 0.0972116249405924 0.371452761165773 255 255 255 255 
0.57132158169353 0.129631610930114 0.359385602465214 255 255 255 255 
0.552316718915946 0.116316641059294 0.38442573326532 255 255 255 255 
0.740557326725043 -0.078947310492374 0.203013360098476 255 255 255 255 
0.601240475089055 0.111712761704031 0.30706528366369 255 255 255 255 
0.688201171291776 -0.17646969976796 0.270841801863104 255 255 255 255 
0.716028742325623 0.133876486100054 0.231700525600858 255 255 255 255 
0.523952754826071 0.0979824640647761 0.60426657263308 255 255 255 255 
0.824954755184408 0.00542415474573089 0.176717795084412 255 255 255 255 
0.797845567842321 -0.0137786501599446 0.18001192639974 255 255 255 255 
0.622167527240229 0.264308001428138 0.50483442238056 255 255 255 255 
0.79839984524201 0.161571459437154 0.219684541939301 255 255 255 255 
0.523552746500138 -0.118972865854617 0.562504949599996 255 255 255 255 
0.504964831217652 -0.00625378245929795 0.580156248017864 255 255 255 255 
0.801276732063907 -0.153384483031431 0.215029641278803 255 255 255 255 
0.753403924290519 0.0889129424305445 0.201481929840029 255 255 255 255 
0.7500676110333 0.11839530709378 0.212098250838131 255 255 255 255 
0.659419683964459 0.281676717951684 0.444559166647592 255 255 255 255 
0.524967197560492 -0.0986251006727627 0.607604643733854 255 255 255 255 
0.640139948865917 0.0389684950912742 0.248843708236734 255 255 255 255 
0.589626887885703 -0.137822797919176 0.337658282294851 255 255 255 255 
0.707335121013608 -0.0526165972808367 0.210783326838305 255 255 255 255 
0.634614877462035 0.21034520628586 0.348014003328089 255 255 255 255 
0.569454923244797 0.154803584368204 0.386215075530107 255 255 255 255 
0.519426746970113 0.0719268814545344 0.438454855978721 255 255 255 255 
0.537577956105956 0.0986935696423527 0.404302250237981 255 255 255 255 
0.528876790851781 0.0674468868394376 0.405679460246238 255 255 255 255 
0.530207436121941 0.109182033076923 0.436875449120133 255 255 255 255 
0.570243304655036 -0.209252654886047 0.534948394449404 255 255 255 255 
0.501148255081339 -0.00120940925475495 0.507116532174504 255 255 255 255 
0.503503003219506 -0.0389889989070801 0.504091810931532 255 255 255 255 
0.505039366099916 0.00037575246697749 0.470480865110725 255 255 255 255 
0.503036232979746 0.0377787467570863 0.51034042395376 255 255 255 255 
0.57742165358102 0.199603186999665 0.436263817968193 255 255 255 255 
0.64049857822636 0.275281736865998 0.475174158836147 255 255 255 255 
0.572499470315031 -0.203949504278663 0.585199026641292 255 255 255 255 
0.587532763462493 -0.228109245152341 0.560874647364464 255 255 255 255 
0.509747359653751 -0.0784865567952506 0.536897985810506 255 255 255 255 
0.501147585118478 -0.00358686815359203 0.544024043163654 255 255 255 255 
0.508905865947769 0.0711714449053035 0.551128351559532 255 255 255 255 
0.573543065365646 0.205846657464228 0.583510454378818 255 255 255 255 
0.733668117368066 -0.0460308839632067 0.19908725754398 255 255 255 255 
0.532035660541571 -0.0733106434843075 0.65067084616909 255 255 255 255 
0.604108860821303 -0.248289746751194 0.534053958438499 255 255 255 255 
0.509806324713672 -0.0754640193745156 0.500626934117509 255 255 255 255 
0.651757323295821 -0.0911398620369428 0.252537211839353 255 255 255 255 
0.539275595982447 0.122236091805521 0.422756285186027 255 255 255 255 
0.533353488881519 0.139034713945136 0.475813586389021 255 255 255 255 
0.708208901557307 0.00992725637106721 0.20618181581319 255 255 255 255 
0.655450242580743 0.0784719193168068 0.24601894398678 255 255 255 255 
-0.683669399117816 0.133614294108817 -0.248667167550456 255 255 255 255 
-0.694436409260125 0.103991223702465 -0.230294339003098 255 255 255 255 
-0.702175817095102 0.131749047528553 -0.237464975629654 255 255 255 255 
-0.690095432804378 0.248482998557996 -0.338706592843247 255 255 255 255 
-0.737306713045203 0.258307985963573 -0.318535306312434 255 255 255 255 
-0.718616587020928 0.271576974031711 -0.348776565473038 255 255 255 255 
-0.507083603321671 -0.0424917276128425 -0.577267785586639 255 255 255 255 
-0.510895560047381 -0.0305761019400395 -0.604034836421313 255 255 255 255 
-0.511946017203944 -0.0555138335601758 -0.59426780839768 255 255 255 255 
-0.520081256590198 -0.0656777315727469 -0.620125005054179 255 255 255 255 
-0.517723394912101 -0.0352413216830289 -0.627796711741264 255 255 255 255 
-0.713408944363837 -0.20230807757697 -0.275259332239335 255 255 255 255 
-0.683714409501979 -0.221732257137766 -0.312501084019044 255 255 255 255 
-0.718590658195597 -0.234200564644788 -0.301654758478862 255 255 255 255 
-0.736926476956824 -0.258633419693504 -0.319150541225013 255 255 255 255 
-0.707117677522935 -0.24257281946048 -0.318230105824252 255 255 255 255 
-0.533089851751648 -0.129960533244859 -0.594762254669115 255 255 255 255 
-0.559424315487905 -0.176598155486908 -0.606355071561445 255 255 255 255 
-0.543534284424939 -0.159233276624716 -0.57887435577523 255 255 255 255 
-0.691334257959642 -0.252184303422335 -0.342642844121269 255 255 255 255 
-0.718054836394165 -0.271893820547613 -0.349685497080263 255 255 255 255 
-0.659622042085302 -0.281719478774452 -0.444231744328628 255 255 255 255 
-0.620585379298794 -0.254174904376162 -0.455268240052245 255 255 255 255 
-0.640477238526252 -0.275271784117121 -0.475208687196212 255 255 255 255 
-0.561128204502828 -0.183830497335582 -0.455852573856482 255 255 255 255 
-0.588064085819723 -0.221972173421001 -0.460335643036839 255 255 255 255 
-0.578555537412994 -0.202057405045258 -0.438341361009613 255 255 255 255 
-0.653296508814006 -0.238542654371444 -0.362486870262713 255 255 255 255 
-0.673976015681013 -0.259375153787616 -0.37077774096413 255 255 255 255 
-0.638475659464448 -0.260475180130803 -0.427576200217824 255 255 255 255 
-0.656544286706772 -0.262316504066434 -0.399189775200563 255 255 255 255 
-0.626398102095108 -0.224738926179238 -0.378411260109144 255 255 255 255 
-0.63856784669239 -0.241895897013932 -0.387864537556998 255 255 255 255 
-0.679045225832753 -0.283370915254479 -0.412804372856594 255 255 255 255 
-0.570875340285478 0.210298936115555 -0.525943095142029 255 255 255 255 
-0.557282832607288 0.188936194239936 -0.552903622374084 255 255 255 255 
-0.556639991605814 0.189684213670081 -0.516925504781752 255 255 255 255 
-0.540070605053516 0.161112445299535 -0.516636207575836 255 255 255 255 
-0.525711216500076 0.127228701864518 -0.498765966672679 255 255 255 255 
-0.527288912869257 0.133907206415078 -0.523292952999785 255 255 255 255 
-0.517094293900392 0.105941443293826 -0.529788483150831 255 255 255 255 
-0.591140643946608 0.234403282784413 -0.511254386309887 255 255 255 255 
-0.622852507129553 0.264808826440837 -0.503726101638794 255 255 255 255 
-0.605185975147388 0.249406733578941 -0.532311150849148 255 255 255 255 
-0.758873473732755 0.162659918883975 -0.229726599250093 255 255 255 255 
-0.727298990349012 0.13039753049011 -0.22526345489555 255 255 255 255 
-0.759655159457664 0.129233341460106 -0.213451533316185 255 255 255 255 
-0.54203887089993 -0.157557387421302 -0.476392063374462 255 255 255 255 
-0.540500718458893 -0.140669226545413 -0.444990227541441 255 255 255 255 
-0.532664307514543 -0.136645327624925 -0.473648104108833 255 255 255 255 
-0.522304383392886 -0.108085193026409 -0.470902139258185 255 255 255 255 
-0.507908262822267 -0.0394901685084585 -0.466840755735891 255 255 255 255 
-0.521017224697857 -0.0754413687210464 -0.435452097875537 255 255 255 255 
-0.51552189011641 -0.0398156898787463 -0.432977034032528 255 255 255 255 
-0.52603362424277 -0.0401252655922129 -0.401177321160678 255 255 255 255 
-0.736609557600437 0.0228672438159943 -0.195622520459859 255 255 255 255 
-0.778442337876462 0.0104321037012636 -0.183419692496674 255 255 255 255 
-0.761055188531706 0.034774544157019 -0.189184895400416 255 255 255 255 
-0.748807203345383 0.0536496941763409 -0.195201854058621 255 255 255 255 
-0.703142224774226 -0.0936327719818878 -0.222458756336654 255 255 255 255 
-0.701944583255385 -0.051705748436686 -0.21314036658097 255 255 255 255 
-0.683950964799173 -0.0693151125505798 -0.225886856993993 255 255 255 255 
-0.669328107438918 -0.0483340109018213 -0.230289237084952 255 255 255 255 
-0.737767235975559 -0.0581859239976842 -0.199584370090243 255 255 255 255 
-0.722344216286976 -0.0753836024117523 -0.208942963792723 255 255 255 255 
-0.553636596263989 0.0119935276714316 -0.340964467099777 255 255 255 255 
-0.543427130202398 0.0441555221638422 -0.363978518796358 255 255 255 255 
-0.539041813079891 0.0183390944075212 -0.367416514934306 255 255 255 255 
-0.526814026043279 0.0265420232969827 -0.395633996765985 255 255 255 255 
-0.513824969240463 -0.00401224821497252 -0.430692930470684 255 255 255 255 
-0.660485220144132 0.281895903201505 -0.442835092892467 255 255 255 255 
-0.641376065174056 0.275685506701044 -0.473754355130057 255 255 255 255 
-0.635281132720341 0.26351088842994 -0.444012604440884 255 255 255 255 
-0.532777724440741 -0.143297505161342 -0.556104250568351 255 255 255 255 
-0.55471341249276 -0.184190755189321 -0.557271933839807 255 255 255 255 
-0.538614645428121 -0.158460587749553 -0.530596824583253 255 255 255 255 
-0.503944683680077 -0.00213389108449682 -0.573588291557421 255 255 255 255 
-0.509557498467966 -0.00383873762401679 -0.604093207840094 255 255 255 255 
-0.590067349752879 0.229108388652114 -0.479844214711144 255 255 255 255 
-0.603034503207835 0.244592372293544 -0.488842945418305 255 255 255 255 
-0.627845503657212 0.157304737476157 -0.306384318736139 255 255 255 255 
-0.618650913394547 0.113329846700908 -0.289442317237826 255 255 255 255 
-0.640796402756997 0.136295103044454 -0.281017456312081 255 255 255 255 
-0.666517663343297 0.160469121889231 -0.275042768095547 255 255 255 255 
-0.575190031737046 -0.183628745217411 -0.412144825638135 255 255 255 255 
-0.602416447839218 -0.208597385018973 -0.3939478308425 255 255 255 255 
-0.591760783169714 -0.184028189894103 -0.37872913871267 255 255 255 255 
-0.614721996897055 -0.197106494279859 -0.358439074537718 255 255 255 255 
-0.609284227408724 -0.090984443752334 -0.289163987186669 255 255 255 255 
-0.584255575272666 -0.0644561314572347 -0.308063965057034 255 255 255 255 
-0.59252516728799 -0.0983967860489679 -0.310814323755574 255 255 255 255 
-0.632803365544914 -0.085779873054834 -0.26556903755581 255 255 255 255 
-0.615191876451437 -0.0655595610421986 -0.275209585410985 255 255 255 255 
-0.519452351912347 0.0198478964936368 -0.637147643463198 255 255 255 255 
-0.511658759550395 0.0255637386337571 -0.608983055738057 255 255 255 255 
-0.519085968688125 0.0384090246483327 -0.63103782569527 255 255 255 255 
-0.520420595826723 0.066860331319498 -0.620481852650966 255 255 255 255 
-0.516252421639941 -0.00828709893181067 -0.628731320641445 255 255 255 255 
-0.526970126227504 0.00237430170329821 -0.658867052860364 255 255 255 255 
-0.582998738514866 -0.0101676555673759 -0.300433557112116 255 255 255 255 
-0.564819748769023 -0.0262640442851887 -0.325454290306335 255 255 255 255 
-0.582592911987492 -0.0350015251637056 -0.30342533749142 255 255 255 255 
-0.553827575751475 -0.184362169709602 -0.505567804639477 255 255 255 255 
-0.568637788308864 -0.207165431569978 -0.53288236994919 255 255 255 255 
-0.543049175291396 0.132434518855572 -0.424033847879046 255 255 255 255 
-0.524828719124952 0.0769733983096036 -0.423676900425708 255 255 255 255 
-0.543140802992324 0.107846828243299 -0.398033585747133 255 255 255 255 
-0.547742291356964 0.0838925402521053 -0.371755555546369 255 255 255 255 
-0.547894773063259 -0.144853143864535 -0.625010263077599 255 255 255 255 
-0.575944394128855 -0.152142992917111 -0.371170781856599 255 255 255 255 
-0.604866415307269 -0.163450628949831 -0.337651543767017 255 255 255 255 
-0.587583780543349 -0.142610933258501 -0.344188112818581 255 255 255 255 
-0.682336676555196 -0.0264031487590409 -0.219997197132454 255 255 255 255 
-0.688829475508987 0.00368440592763441 -0.215408245752734 255 255 255 255 
-0.655608834923182 -0.0121678242791324 -0.235368282794703 255 255 255 255 
-0.634053289060094 -0.0463544800566084 -0.254738904084924 255 255 255 255 
-0.558651865605734 0.0458127414611395 -0.33828029148915 255 255 255 255 
-0.553688108593643 0.062441672055789 -0.351334459218106 255 255 255 255 
-0.534154484800663 0.0581755128487824 -0.388087779976805 255 255 255 255 
-0.748437664647797 -0.0968849428530694 -0.205316098266079 255 255 255 255 
-0.784221047649651 -0.0810314773367614 -0.191783531541515 255 255 255 255 
-0.760474282214637 -0.0685914363665716 -0.194576451890773 255 255 255 255 
-0.677095294342583 0.0476961680638079 -0.225558563226098 255 255 255 255 
-0.714655903229902 0.0658832880330882 -0.210033823345901 255 255 255 255 
-0.688662286039733 0.074843320673444 -0.224636117159657 255 255 255 255 
-0.670677606087361 0.0808052048003547 -0.23662876805432 255 255 255 255 
-0.538738714894834 -0.110423797197196 -0.639825076396413 255 255 255 255 
-0.524738207791808 -0.0976920736111393 -0.607811777014238 255 255 255 255 
-0.750044563991332 -0.142667780759446 -0.222376059534199 255 255 255 255 
-0.726320741689678 -0.117926498305489 -0.220550222283059 255 255 255 255 
-0.654496144722359 0.1112552802852 -0.258064135177659 255 255 255 255 
-0.642967770742568 0.0643229230262781 -0.251449655468017 255 255 255 255 
-0.503273562443586 -0.0408449986594672 -0.53840924721724 255 255 255 255 
-0.502822982625476 0.0371392828146482 -0.537413463010317 255 255 255 255 
-0.506800793222185 0.0392327464968724 -0.577960976157922 255 255 255 255 
-0.532618612391014 0.130790579423677 -0.590918125137267 255 255 255 255 
-0.539714111683456 0.114710856472897 -0.638246851240672 255 255 255 255 
-0.524679188277849 0.0988889376060604 -0.60612688890717 255 255 255 255 
-0.560505601003521 0.179149626259911 -0.60460551484194 255 255 255 255 
-0.542945078266748 0.161105311367595 -0.568885049619991 255 255 255 255 
-0.724466145336071 -0.0174830735893275 -0.199737595377747 255 255 255 255 
-0.698936469769049 -0.0230275947780364 -0.211163966112015 255 255 255 255 
-0.596015521577122 -0.174766772261661 -0.361057355733072 255 255 255 255 
-0.589064130807691 0.1096934166044 -0.320695104342543 255 255 255 255 
-0.595033983004673 0.149493049780631 -0.339151727763254 255 255 255 255 
-0.57818859160708 0.125625650700036 -0.345501990352936 255 255 255 255 
-0.568140781238319 0.106409715740788 -0.348629285544223 255 255 255 255 
-0.600962413402526 0.0928456962175353 -0.29871705501822 255 255 255 255 
-0.588629285387805 0.0768638071041485 -0.306786651899289 255 255 255 255 
-0.585005967578593 -0.227175332180826 -0.507725917896871 255 255 255 255 
-0.570565068282231 -0.205331817824048 -0.48224751982711 255 255 255 255 
-0.530094722516253 -0.138652589299413 -0.502943937783376 255 255 255 255 
-0.509679898014556 -0.0754605576121055 -0.502395676650778 255 255 255 255 
-0.50961550660787 -0.0778279865520122 -0.537466847014003 255 255 255 255 
-0.601808560228452 -0.0386598256401725 -0.282661259133886 255 255 255 255 
-0.604515392000338 -0.111570734815175 -0.30331409849343 255 255 255 255 
-0.622776857372625 -0.12840105361446 -0.293165783886983 255 255 255 255 
-0.501519674764426 -0.0019230999375779 -0.501159721306695 255 255 255 255 
-0.503703150122421 -0.0395798091407505 -0.502050716063218 255 255 255 255 
-0.500860537024849 -0.00189048769121009 -0.53769740399004 255 255 255 255 
-0.518779071247117 -0.110867275065824 -0.534073619562338 255 255 255 255 
-0.508839742150424 0.0706368362032732 -0.499738182439954 255 255 255 255 
-0.508711220563271 0.0741014544276274 -0.535020501472438 255 255 255 255 
-0.508039222891506 0.0352878011762944 -0.463505132043592 255 255 255 255 
-0.503391371691134 0.035542905103247 -0.500283409928719 255 255 255 255 
-0.530393318579095 0.139390461992681 -0.548213090452881 255 255 255 255 
-0.521866404998995 0.114816416729067 -0.56063106285376 255 255 255 255 
-0.548975165629408 0.148254858308656 -0.623262151184351 255 255 255 255 
-0.533820745013026 0.135390898970959 -0.46418425646889 255 255 255 255 
-0.536048115958362 0.148806881441256 -0.488560451990792 255 255 255 255 
-0.548581809156371 0.169453959749636 -0.475335921375419 255 255 255 255 
-0.519787040228136 0.0998127222250875 -0.47035433517366 255 255 255 255 
-0.528897047503186 0.111708378937542 -0.445134862487001 255 255 255 255 
-0.70748548639788 0.236091610281378 -0.310639405759944 255 255 255 255 
-0.723511966130091 0.223822950609383 -0.288583475447435 255 255 255 255 
-0.649528461573627 0.234747183218699 -0.361586171297826 255 255 255 255 
-0.66423442066411 0.224068267445861 -0.331972649271201 255 255 255 255 
-0.63924268443883 0.19926772756341 -0.330541517377991 255 255 255 255 
-0.673084478634615 0.257768130343483 -0.369123993730766 255 255 255 255 
-0.657021055862276 0.262611740374956 -0.399071754912531 255 255 255 255 
-0.787012169148172 0.189008804399078 -0.238110188910863 255 255 255 255 
-0.772189026592545 0.216424368486634 -0.262094537387209 255 255 255 255 
-0.762459698266656 0.190857915452553 -0.245917631008924 255 255 255 255 
-0.733148060249332 0.192421582354107 -0.258024110281951 255 255 255 255 
-0.605033144650275 -0.233573691606508 -0.438465460989985 255 255 255 255 
-0.681987234482724 0.208855607347471 -0.301160557216785 255 255 255 255 
-0.513425891937171 0.0808880299804339 -0.573022573873546 255 255 255 255 
-0.511824148127811 0.0533587261539266 -0.595368319591327 255 255 255 255 
-0.706148619885962 -0.136586991641316 -0.237697934789005 255 255 255 255 
-0.728656245896562 -0.157248277155693 -0.237824345851192 255 255 255 255 
-0.676530884146259 -0.159905664857355 -0.267637271934792 255 255 255 255 
-0.713553045292628 -0.168070413786432 -0.251037574929482 255 255 255 255 
-0.621936753606705 -0.264137609692287 -0.505207821965232 255 255 255 255 
-0.604161437500788 -0.248344778720038 -0.533968887584066 255 255 255 255 
-0.81906021241921 -0.0791091398686619 -0.186255365625521 255 255 255 255 
-0.799732639740487 -0.0590988541203945 -0.184535177871813 255 255 255 255 
-0.823630186235195 -0.038092075570884 -0.178860992663301 255 255 255 255 
-0.818165915296847 0.0847425706785189 -0.187702368765184 255 255 255 255 
-0.787903992297616 0.0825090052198614 -0.191433189402493 255 255 255 255 
-0.802556122677891 0.0661049297089166 -0.185412086089022 255 255 255 255 
-0.823115492253887 0.0447210759159488 -0.179693785018921 255 255 255 255 
-0.593898845289577 -0.215809623460049 -0.425707935376924 255 255 255 255 
-0.602629496390222 -0.243053814992684 -0.48202445552954 255 255 255 255 
-0.54760216847699 -0.0368429987514358 -0.354546663897679 255 255 255 255 
-0.549736748003193 -0.0153446801865098 -0.347643299301007 255 255 255 255 
-0.518757885319868 -0.108656009184685 -0.502472580153024 255 255 255 255 
-0.556446755651641 -0.107670407547236 -0.369682854476592 255 255 255 255 
-0.555816671149231 -0.130047074792838 -0.389127342487029 255 255 255 255 
-0.582530515670369 0.211561852144439 -0.449225613169651 255 255 255 255 
-0.567940763958532 0.203187220938859 -0.489814764223447 255 255 255 255 
-0.563979782656737 0.190437037108492 -0.462064339591059 255 255 255 255 
-0.555709387419354 -0.14778625804793 -0.408817553665041 255 255 255 255 
-0.543613678143612 -0.0674879912617049 -0.371868927977504 255 255 255 255 
-0.542363743608664 -0.0909470112029513 -0.387211341453848 255 255 255 255 
-0.505937236594904 -0.0024832530050116 -0.465180415170619 255 255 255 255 
-0.623980262255067 0.24404810634329 -0.418209089619767 255 255 255 255 
-0.596902402930854 0.212771325572632 -0.41241690400616 255 255 255 255 
-0.618918504738326 0.220338210770802 -0.383424357760098 255 255 255 255 
-0.51356762679026 0.071114845937543 -0.46394432230555 255 255 255 255 
-0.51637733076154 0.0339839005562655 -0.427719190994532 255 255 255 255 
-0.533151161329056 -0.0771153801383236 -0.400243294836331 255 255 255 255 
-0.541711677603482 0.163143733893246 -0.546724815548858 255 255 255 255 
-0.643555290827738 0.263835019530808 -0.425718467465972 255 255 255 255 
-0.561213582451759 0.174649183004512 -0.435046189783575 255 255 255 255 
-0.539879070220701 -0.110528536298651 -0.408665449166651 255 255 255 255 
-0.580069088919759 0.179620566159769 -0.395262781396638 255 255 255 255 
-0.599691741554822 0.201042054986377 -0.387522433234182 255 255 255 255 
-0.621410687479668 -0.239084122103079 -0.412648179982491 255 255 255 255 
-0.698231541486103 0.185506099454613 -0.271062986604405 255 255 255 255 
-0.708685000846172 0.20339888114016 -0.278800748149577 255 255 255 255 
-0.602701152280542 0.229717966844743 -0.434898167860218 255 255 255 255 
-0.772809303985189 -0.0372455776965951 -0.186535789126684 255 255 255 255 
-0.800980931762891 -0.154255262866196 -0.21550825621974 255 255 255 255 
-0.771035900310267 -0.16669041841093 -0.228450485728026 255 255 255 255 
-0.611199429070793 0.246962584070968 -0.461136073383187 255 255 255 255 
-0.646222012797688 -0.209091349217514 -0.333404111335061 255 255 255 255 
-0.667868679144554 -0.231194546387681 -0.336946115461634 255 255 255 255 
-0.634489486726333 -0.218002632980216 -0.357656322079933 255 255 255 255 
-0.639684373227768 -0.171397278597118 -0.305240440796154 255 255 255 255 
-0.614877880287387 -0.148247311519348 -0.3137550261587 255 255 255 255 
-0.576716508782151 -0.125725733624186 -0.347818101285709 255 255 255 255 
-0.606628057335493 0.133080748979225 -0.313028476410394 255 255 255 255 
-0.775767126570436 0.142023036370508 -0.214729679095212 255 255 255 255 
-0.79969758235419 0.157954413040894 -0.217584759182016 255 255 255 255 
-0.610606513344868 0.0700948817475551 -0.280852685165459 255 255 255 255 
-0.630714186189515 0.090146734348843 -0.268823641387008 255 255 255 255 
-0.633931814390262 0.0234601292457968 -0.251901785727738 255 255 255 255 
-0.606379149998401 0.0015685108705445 -0.275074181836302 255 255 255 255 
-0.628472134071679 -0.0114793619067691 -0.255536994964013 255 255 255 255 
-0.560392009380896 -0.062825253638907 -0.340520914978058 255 255 255 255 
-0.524413602373734 -0.00681504014213318 -0.399149752261809 255 255 255 255 
-0.51408834315921 -0.0825943982783032 -0.57476041352523 255 255 255 255 
-0.557556740332769 -0.083764065244614 -0.353744343251261 255 255 255 255 
-0.567865516998782 0.0747712098930885 -0.333528757384919 255 255 255 255 
-0.564494690693127 0.135071700131317 -0.376164029677797 255 255 255 255 
-0.529107841847171 -0.138140997138585 -0.530945093400822 255 255 255 255 
-0.616045650850161 0.174517982534102 -0.333367150198649 255 255 255 255 
-0.545564773584068 0.153561376372144 -0.449301961422241 255 255 255 255 
-0.560797151497542 0.156203569322978 -0.407049594860395 255 255 255 255 
-0.799729825828711 -0.0153569763935459 -0.179795833757838 255 255 255 255 
-0.746693228843213 -0.179902836919963 -0.244079215390539 255 255 255 255 
-0.787822519348763 -0.187272126110885 -0.236799014743502 255 255 255 255 
-0.730584275310921 0.161403048798593 -0.239316930413679 255 255 255 255 
-0.652509058973351 -0.120190782154948 -0.263444964871257 255 255 255 255 
-0.646924192003703 -0.145653681653879 -0.281230660561416 255 255 255 255 
-0.595950832072668 -0.127420514613262 -0.322281033379952 255 255 255 255 
-0.628650912422168 -0.106671770067521 -0.277060286170877 255 255 255 255 
-0.653093264985372 0.0391433534324713 -0.239481544536949 255 255 255 255 
-0.66089248980997 0.0204842058694257 -0.232350509737202 255 255 255 255 
-0.752629997128308 -0.005382135538411 -0.189780292527802 255 255 255 255 
-0.609933815102201 0.0359216461332144 -0.274205836053612 255 255 255 255 
-0.580807716481407 0.0347344106965714 -0.305553396436418 255 255 255 255 
-0.678145609454987 -0.132957796327504 -0.251752680943936 255 255 255 255 
-0.679940772016211 -0.113688207442127 -0.242123857305693 255 255 255 255 
-0.781661854126372 0.0517453145129197 -0.186521815930471 255 255 255 255 
-0.801829533945192 0.0277697318052514 -0.180267184681325 255 255 255 255 
-0.824968941399557 0.00375855960622352 -0.176694841306878 255 255 255 255 
-0.713379708451356 0.00984332315980645 -0.20392409833412 255 255 255 255 
-0.70539754719824 0.0301376232826175 -0.208724465836976 255 255 255 255 
-0.777865923261994 -0.124032999973506 -0.206641508057828 255 255 255 255 
-0.523197589509603 -0.117151879580273 -0.565098948998192 255 255 255 255 
-0.652786261884705 0.182515049992469 -0.30203963311843 255 255 255 255 
-0.606256210975967 0.188645313210231 -0.360854714241205 255 255 255 255 
-0.579179969722599 0.195369630853511 -0.422608412804236 255 255 255 255 
-0.536504968296007 -0.0100807877364275 -0.371748097165852 255 255 255 255 
-0.573347285767551 -0.0962222317617449 -0.335089987287624 255 255 255 255 
-0.601999026448009 -0.0650814641716525 -0.288167027339418 255 255 255 255 
-0.78592961003638 0.116502830291194 -0.202098207391067 255 255 255 255 
-0.755384331181887 -0.239828239368807 -0.289285105730984 255 255 255 255 
-0.749884806162767 -0.20825901209509 -0.263101340988805 255 255 255 255 
-0.772274127716612 -0.216287382875697 -0.261956840875325 255 255 255 255 
-0.811468189087236 -0.117942285532982 -0.198539517419846 255 255 255 255 
-0.663844672453929 -0.0829698504752932 -0.241619388491044 255 255 255 255 
-0.56954242369968 0.00272654220483758 -0.317234968160195 255 255 255 255 
-0.705078597336201 0.157413548342078 -0.249091082155434 255 255 255 255 
-0.532125821183815 -0.0739481392049563 -0.650524963185302 255 255 255 255 
-0.75551352689787 0.239673288573451 -0.28907606267122 255 255 255 255 
-0.67362006614651 -0.191945701111368 -0.292671110962726 255 255 255 255 
-0.616990301817997 -0.0238013690549862 -0.266238795243734 255 255 255 255 
-0.660076227589302 -0.199209110745884 -0.310099344137371 255 255 255 255 
-0.625448089823663 -0.186028584494629 -0.332917468104108 255 255 255 255 
-0.588723506388078 0.229762331682537 -0.55894798484198 255 255 255 255 
-0.636547331701036 0.241354750305617 -0.390056553741867 255 255 255 255 
-0.513565868628048 -0.0748832982472979 -0.468580127395519 255 255 255 255 
-0.587630979078412 -0.228246899530091 -0.560715731160793 255 255 255 255 
-0.752623345967796 0.0917224849261594 -0.202501159334006 255 255 255 255 
-0.698416111547363 -0.280197987910831 -0.381461621378257 255 255 255 255 
-0.721609127033584 0.0984255225652167 -0.215633287247255 255 255 255 255 
-0.528517353318772 0.0408068057991951 -0.656363586838859 255 255 255 255 
-0.532791701698691 0.0784845993888205 -0.649447545879946 255 255 255 255 
-0.537502440438289 -0.038576123907165 -0.374238596339466 255 255 255 255 
-0.699162111302604 0.279978126265786 -0.380254568418228 255 255 255 255 
-0.679856529031122 0.28333489192577 -0.411491656706342 255 255 255 255 
-0.745713279760427 0.218853671037115 -0.273558183820589 255 255 255 255 
-0.810317312667214 0.1226130751947 -0.200401674584275 255 255 255 255 
-0.528178631276187 -0.0361021230505546 -0.656911650616524 255 255 255 255 
-0.763928684443411 -0.198419239154725 -0.250760061355537 255 255 255 255 
-0.573745123499724 0.206209754431104 -0.58318351745031 255 255 255 255 
-0.572631936547942 -0.204192360835534 -0.584984691774129 255 255 255 255 
-0.529427670972335 -0.109074152016654 -0.43960025020665 255 255 255 255 
-0.62365761158504 0.0486002749760959 -0.263791993441251 255 255 255 255 
-0.552465473768316 0.181383067528975 -0.499545447090883 255 255 255 255 
-0.556934540190949 -0.164644562736349 -0.430217124772365 255 255 255 255 
-0.58524827625913 0.164018855411109 -0.36711424344401 255 255 255 255 
-0.627608735712475 0.211582240926706 -0.358443368524211 255 255 255 255 
-0.516645849381391 0.101272480062039 -0.499566782104794 255 255 255 255 
-0.780259431592584 -0.105330216967223 -0.199463431415779 255 255 255 255 
-0.519368713701642 -0.0614533750086156 0.620471053348243 255 255 255 255 
-0.511692576052921 -0.0697059044610481 0.578156331621997 255 255 255 255 
-0.522709810288029 -0.0942876235100971 0.603606306125947 255 255 255 255 
-0.59990229159482 0.238843952287537 0.474949739552778 255 255 255 255 
-0.584943669872399 0.227356402459147 0.51128179304192 255 255 255 255 
-0.602100082777115 0.245630172917 0.50602438816656 255 255 255 255 
-0.765083382030324 -0.0375025088086985 0.188430389638835 255 255 255 255 
-0.823764035409818 -0.0361653109208727 0.178644420149402 255 255 255 255 
-0.795962437957423 -0.0584050779310808 0.184999503641955 255 255 255 255 
-0.776875612894324 -0.080317405507251 0.193155804996431 255 255 255 255 
-0.646367330126929 -0.207513122277524 0.331549329742712 255 255 255 255 
-0.683961430978818 -0.220435291046087 0.310968606237975 255 255 255 255 
-0.668215915173919 -0.230107176529081 0.335289002645146 255 255 255 255 
-0.657138808180765 -0.262024590511146 0.397683387589649 255 255 255 255 
-0.653747435821928 -0.237699030620816 0.360721316263881 255 255 255 255 
-0.674701997330277 -0.258931661932232 0.369217820833568 255 255 255 255 
-0.69198204417507 -0.251406752111765 0.341018177360447 255 255 255 255 
-0.738138494437436 -0.257587574587416 0.317189455747691 255 255 255 255 
-0.719050202939212 -0.271329269227333 0.348074960179187 255 255 255 255 
-0.65935086417699 0.281662054182175 0.444670519401945 255 255 255 255 
-0.628404793868439 0.262251452216092 0.459921653401518 255 255 255 255 
-0.64043771017579 0.275253331490434 0.475272645410784 255 255 255 255 
-0.588331084078674 0.229221328217204 0.559582937475327 255 255 255 255 
-0.604625829324301 0.248828583380663 0.533217485829462 255 255 255 255 
-0.752591477018996 0.178565477500012 0.241128340200607 255 255 255 255 
-0.798088722696942 0.162421073610368 0.220187948790986 255 255 255 255 
-0.765432993400266 0.149548603861315 0.220980166102593 255 255 255 255 
-0.585552293573846 -0.227684346157569 0.506170540113295 255 255 255 255 
-0.587523431028902 -0.228096152975235 0.560889747560025 255 255 255 255 
-0.569119185403882 -0.207885309745686 0.530593546912161 255 255 255 255 
-0.590694552852427 0.184092863159494 0.380705035290311 255 255 255 255 
-0.563016539957278 0.161000600760161 0.408064913914733 255 255 255 255 
-0.575022903157921 0.184307644470129 0.413659929078289 255 255 255 255 
-0.561977089112722 0.180499489077109 0.444568200247748 255 255 255 255 
-0.561442105853839 0.194276389791446 0.492339335153697 255 255 255 255 
-0.550803086204348 0.171962569218993 0.470774599216261 255 255 255 255 
-0.543663908746047 0.163833212227351 0.488078462257967 255 255 255 255 
-0.612989865513955 0.0747829949081098 0.279916588703844 255 255 255 255 
-0.581609590956655 0.0671085264293367 0.31215848039191 255 255 255 255 
-0.594573469535138 0.092918535536292 0.305980020430731 255 255 255 255 
-0.660319618525601 -0.0445978325745554 0.235412198665491 255 255 255 255 
-0.645500659463417 -0.013252012148452 0.242468335558229 255 255 255 255 
-0.672975898763062 -0.0252507774424124 0.225241470465545 255 255 255 255 
-0.680455194506741 0.00419055066177767 0.219927429484387 255 255 255 255 
-0.62205100686926 -0.238762358724349 0.410689090151424 255 255 255 255 
-0.639136021863752 -0.241266437634174 0.385902641598539 255 255 255 255 
-0.554702946111694 -0.184830812914531 0.553161632214882 255 255 255 255 
-0.572484718051321 -0.203922421097009 0.585222896305374 255 255 255 255 
-0.822735003157479 0.0490364035995244 0.180309429309284 255 255 255 255 
-0.824935817657624 0.00705945443020387 0.176748436644207 255 255 255 255 
-0.800416910494961 0.0302142139470954 0.180675092346049 255 255 255 255 
-0.774889189501195 0.0118112469752791 0.184233423175287 255 255 255 255 
-0.532121497322325 -0.142645203239134 0.499436169491302 255 255 255 255 
-0.521042287947165 -0.117582954697229 0.52003268767213 255 255 255 255 
-0.520440302121709 -0.112755378468263 0.498395307730248 255 255 255 255 
-0.523538566669563 -0.110307095507482 0.468025600925072 255 255 255 255 
-0.628749310798204 0.0289522631057729 0.256618697235652 255 255 255 255 
-0.620206287689445 -0.00652308272795206 0.262381966898741 255 255 255 255 
-0.631856288504077 -0.0540203631324748 0.257942467005987 255 255 255 255 
-0.624882819521833 -0.025927937621127 0.259542161803238 255 255 255 255 
-0.561013068856477 0.0687979663651126 0.341674545586111 255 255 255 255 
-0.550206103782595 0.0337414595376249 0.349394804444141 255 255 255 255 
-0.547394662639258 0.0624147184026899 0.362513119807805 255 255 255 255 
-0.532196501322007 0.0539623494778171 0.390916724263624 255 255 255 255 
-0.610165283865747 0.121866651323177 0.302537851002612 255 255 255 255 
-0.630754606843553 0.108806175079085 0.27611765729989 255 255 255 255 
-0.654909909386516 0.0953948123771458 0.251714086655937 255 255 255 255 
-0.539860829876158 0.146486579152156 0.459013262878772 255 255 255 255 
-0.542498518694582 0.129943796004576 0.422499449055966 255 255 255 255 
-0.531267317237119 0.118560315209428 0.445496224067323 255 255 255 255 
-0.522438279823616 0.108697624028672 0.471312708545524 255 255 255 255 
-0.616564496835134 -0.0915671083370841 0.282176059962142 255 255 255 255 
-0.640471094975351 -0.0857321203389418 0.259320730138472 255 255 255 255 
-0.653099335939967 -0.116652799851564 0.261410208604839 255 255 255 255 
-0.559431995559805 -0.111087051101054 0.366510290134216 255 255 255 255 
-0.580814363332273 -0.154157217125297 0.364722275879384 255 255 255 255 
-0.559075268405641 -0.132070470005673 0.384164536058799 255 255 255 255 
-0.558336568027644 -0.149142182172581 0.4040389003701 255 255 255 255 
-0.639868896218451 -0.168719347337917 0.303009834843757 255 255 255 255 
-0.63051840518225 -0.13059275387598 0.287011071674724 255 255 255 255 
-0.649131960772335 -0.143778409164181 0.27830855225774 255 255 255 255 
-0.676562030166574 -0.157114779129007 0.265908011742868 255 255 255 255 
-0.600627794896626 -0.128610263678765 0.3172895308088 255 255 255 255 
-0.610828318863414 -0.167189099728655 0.33329156715137 255 255 255 255 
-0.613745373884353 -0.19469865054262 0.357005741778574 255 255 255 255 
-0.574156109224679 -0.0921137340873587 0.331912275710096 255 255 255 255 
-0.577407902444096 -0.122033360621368 0.344220304544385 255 255 255 255 
-0.543491221999878 -0.0117895065105337 0.358357290844101 255 255 255 255 
-0.558086426673121 0.00609707454907964 0.333718330631091 255 255 255 255 
-0.576495387570849 0.0246968004737402 0.309562489736864 255 255 255 255 
-0.550746178481739 0.0920125239129489 0.370518649908373 255 255 255 255 
-0.578069206035995 0.105738328663832 0.333328731857878 255 255 255 255 
-0.542384631601021 -0.112083446846129 0.403627610062884 255 255 255 255 
-0.536266587695077 -0.0779860529841032 0.393138739254498 255 255 255 255 
-0.54573266471312 -0.0926285590086559 0.381007666417426 255 255 255 255 
-0.607708254435761 0.156343389637631 0.328156670418664 255 255 255 255 
-0.593480788828828 0.132912347091833 0.329013321746806 255 255 255 255 
-0.581738104618977 0.145147580462958 0.355090736894737 255 255 255 255 
-0.519475503920564 0.113087364073347 0.531576265809306 255 255 255 255 
-0.534215666401144 0.14714020580467 0.552537096045786 255 255 255 255 
-0.530437925518399 0.141292978661677 0.525793146621036 255 255 255 255 
-0.542905923429514 0.166606199599573 0.519776277192088 255 255 255 255 
-0.512077775774114 0.0287150555603119 0.609658147067088 255 255 255 255 
-0.520974860869643 0.0688744738632952 0.620968061364887 255 255 255 255 
-0.512565082162924 0.0568085619562496 0.596235218635285 255 255 255 255 
-0.507470600836232 0.0435260541218045 0.578955427821574 255 255 255 255 
-0.634363997236457 -0.216481231689441 0.355860892057832 255 255 255 255 
-0.504122711649635 0.00273394254455276 0.574831048513917 255 255 255 255 
-0.510730045051161 -0.0258556765244626 0.60501136608196 255 255 255 255 
-0.509729507318023 7.50563049301806E-06 0.60493127906933 255 255 255 255 
-0.516341331162666 -0.00563759977285985 0.629197971210189 255 255 255 255 
-0.539952374481832 -0.154186543777535 0.572560514299155 255 255 255 255 
-0.532315386859764 -0.128241285184781 0.594409581798436 255 255 255 255 
-0.529665564893611 -0.13363127452499 0.565870319270741 255 255 255 255 
-0.518448679436231 -0.106365641077437 0.554507768318042 255 255 255 255 
-0.510214576276703 -0.0789526827559266 0.506504937876986 255 255 255 255 
-0.555354965636477 -0.186385073855638 0.50204631702325 255 255 255 255 
-0.542090119005862 -0.165188880774359 0.524018027554422 255 255 255 255 
-0.508168944292828 -0.0366934987708085 0.463604145844543 255 255 255 255 
-0.522521479249177 -0.0754677514959883 0.430149932660807 255 255 255 255 
-0.514094248940999 -0.075809506716957 0.466717545808209 255 255 255 255 
-0.674886262928492 0.172920432938335 0.277325499371611 255 255 255 255 
-0.65059686064175 0.182987007336797 0.304384837807928 255 255 255 255 
-0.679022914637105 0.192563728916168 0.28916594899304 255 255 255 255 
-0.683271675465874 0.217844233025868 0.308871443181716 255 255 255 255 
-0.710084992823772 0.193213265404058 0.269977547966503 255 255 255 255 
-0.689467217998455 0.150400775065182 0.253886566357185 255 255 255 255 
-0.720736783896035 0.229823515302369 0.29594099469955 255 255 255 255 
-0.706659234072124 0.24041689710186 0.316050063561318 255 255 255 255 
-0.68904007745281 0.250523567161319 0.3423737726015 255 255 255 255 
-0.568088749330984 0.206516828642872 0.528810444688302 255 255 255 255 
-0.556270584340754 0.18931007490237 0.524324253375649 255 255 255 255 
-0.617144919811548 0.241787969850221 0.428193541652037 255 255 255 255 
-0.653247092964819 0.261889254607058 0.403478130672134 255 255 255 255 
-0.631252629411971 0.240092374613242 0.396424922281384 255 255 255 255 
-0.613529820935107 0.220408484674792 0.392713304251989 255 255 255 255 
-0.65999712860545 -0.281797331515219 0.443624841592208 255 255 255 255 
-0.639083751171848 -0.26037417209387 0.426008141733443 255 255 255 255 
-0.621055632704853 -0.25420549156525 0.453858840848449 255 255 255 255 
-0.588991052416301 -0.222340481559526 0.457916051966337 255 255 255 255 
-0.594993236929768 -0.215836123200582 0.422998575422091 255 255 255 255 
-0.605836225892556 -0.233501241069589 0.436048390069954 255 255 255 255 
-0.603132406445295 -0.243298273646395 0.480558213626616 255 255 255 255 
-0.571695119052955 -0.206244369721898 0.479395560264329 255 255 255 255 
-0.562711132589595 -0.184968677015378 0.45240082066329 255 255 255 255 
-0.534349060114531 -0.13913148063017 0.470092679722524 255 255 255 255 
-0.543754918601957 -0.159698948703872 0.472710751526402 255 255 255 255 
-0.801137954627679 -0.153793887822121 0.215254187887031 255 255 255 255 
-0.771380330857306 -0.159131597371319 0.224245911626955 255 255 255 255 
-0.775780107801424 -0.140566730553462 0.214065630455587 255 255 255 255 
-0.784327513150963 -0.115858531155348 0.202191282620205 255 255 255 255 
-0.542317694580071 -0.142291313888676 0.440973381241551 255 255 255 255 
-0.78800700478457 -0.186872719474665 0.236500511037915 255 255 255 255 
-0.558096197351814 0.130520909785205 0.38474851854337 255 255 255 255 
-0.566039989768027 0.118823444814449 0.360269119784441 255 255 255 255 
-0.534072227264728 0.133191373362118 0.593096237062662 255 255 255 255 
-0.524074585740094 0.120227002728534 0.563059903144635 255 255 255 255 
-0.556448788841156 0.18707607519178 0.556516072839539 255 255 255 255 
-0.544850402837067 0.162363130289389 0.576959287076955 255 255 255 255 
-0.626720204499906 -0.223726505175048 0.376394125606824 255 255 255 255 
-0.796870246930168 -0.013751362611641 0.180161218697453 255 255 255 255 
-0.697687112535324 0.2804057353619 0.382641166557926 255 255 255 255 
-0.670174514218688 0.257584451477534 0.372178002046724 255 255 255 255 
-0.588976004631667 0.208580023238052 0.423160789881568 255 255 255 255 
-0.595667815811229 0.226268609003722 0.446445614741283 255 255 255 255 
-0.580127297184533 0.212334528739469 0.460684376531625 255 255 255 255 
-0.519662526793871 0.0218126004749158 0.637404600162142 255 255 255 255 
-0.528598556169016 0.0418546915502978 0.656232197866037 255 255 255 255 
-0.51942719355264 0.0404353890101084 0.631352588698567 255 255 255 255 
-0.52697521068693 0.00333455705259257 0.658858826032223 255 255 255 255 
-0.572437023084871 0.155946728796563 0.381586367279217 255 255 255 255 
-0.652452545823961 0.211722255377973 0.329794552721672 255 255 255 255 
-0.666606626827552 0.228904915809952 0.335388582018738 255 255 255 255 
-0.587808655458373 -0.0598180711788065 0.30249177637682 255 255 255 255 
-0.604734856302733 -0.0298762719379628 0.278480727078438 255 255 255 255 
-0.609229973301541 -0.0589883156035756 0.27928363490386 255 255 255 255 
-0.558850067676079 -0.165641455726155 0.42615583463581 255 255 255 255 
-0.525191549124422 0.0867542418226182 0.430599770759976 255 255 255 255 
-0.541235933055859 0.105425092194541 0.400639206380907 255 255 255 255 
-0.536160706073261 0.0848574408989807 0.397687407499347 255 255 255 255 
-0.577080975081316 -0.184425705447285 0.408911997696454 255 255 255 255 
-0.579882771016466 -0.202465337326198 0.435218918803371 255 255 255 255 
-0.517284463767151 -0.0368306091893034 0.425679192972854 255 255 255 255 
-0.52976198149247 -0.0393810112322045 0.391643466338406 255 255 255 255 
-0.592494237012776 -0.186051509865079 0.379991548680512 255 255 255 255 
-0.532658827030395 0.0148604256383561 0.380265420064335 255 255 255 255 
-0.529433180007564 -0.00782245558527337 0.386957755780943 255 255 255 255 
-0.707721398018066 -0.24150916137748 0.316579232777042 255 255 255 255 
-0.719070722266469 -0.233158239898146 0.300289509673373 255 255 255 255 
-0.644576625280971 0.231811755714188 0.363568413004026 255 255 255 255 
-0.622049847534269 0.190949632049633 0.341938188606551 255 255 255 255 
-0.616737149214121 0.207896079253896 0.369003257863526 255 255 255 255 
-0.586160771092267 -0.0100553416278899 0.296724757851243 255 255 255 255 
-0.585767794920461 -0.0306234791428291 0.29901721373486 255 255 255 255 
-0.567574180126078 -0.0223734335667437 0.32111671374342 255 255 255 255 
-0.564696448080173 -0.0568575727815929 0.332088863994162 255 255 255 255 
-0.552390208477088 -0.0402203123070225 0.347061190083668 255 255 255 255 
-0.548863840763679 -0.0691891120201394 0.362521146211148 255 255 255 255 
-0.779935218607496 0.0523882579404962 0.186976369278474 255 255 255 255 
-0.785312283136039 0.0833351232993701 0.192135347237028 255 255 255 255 
-0.801173036981437 0.0688787126433935 0.186161276761534 255 255 255 255 
-0.817283050273325 0.089927060747386 0.189130874381293 255 255 255 255 
-0.736568868865314 0.135220099711946 0.223736351043981 255 255 255 255 
-0.719107256026261 0.160372288046563 0.243814416855754 255 255 255 255 
-0.712114354479363 0.068287922579915 0.21165403467141 255 255 255 255 
-0.697210793152904 0.113393449297252 0.232306356189849 255 255 255 255 
-0.728994845909391 0.103039498652391 0.21415016193184 255 255 255 255 
-0.73900370372318 0.218449004418637 0.276101473461184 255 255 255 255 
-0.770083593346002 0.219748307474094 0.265501199939401 255 255 255 255 
-0.74251632192139 0.203292296814354 0.26214208560186 255 255 255 255 
-0.75376276547097 0.241743373927972 0.291908854166251 255 255 255 255 
-0.736040266087494 0.259382490688298 0.320584460535188 255 255 255 255 
-0.649728233572804 0.140350427189282 0.275867396202099 255 255 255 255 
-0.59355086196868 -0.0934775581181393 0.30741582704284 255 255 255 255 
-0.566360616018249 0.0489217199278522 0.327524775534965 255 255 255 255 
-0.672039223698902 0.125575242685131 0.252182651600225 255 255 255 255 
-0.601630376292971 0.00761497830946827 0.279904269560269 255 255 255 255 
-0.627932696137619 0.15550455723792 0.305016420333826 255 255 255 255 
-0.510444446563019 0.0782930707903188 0.50063476847111 255 255 255 255 
-0.519187644421023 0.109548610174005 0.500605966034315 255 255 255 255 
-0.679433069260349 -0.11012748559936 0.241027015317046 255 255 255 255 
-0.704691025353367 -0.131787710767976 0.236200904649314 255 255 255 255 
-0.677865036707507 -0.129355904823744 0.250209557600374 255 255 255 255 
-0.701103168916208 -0.0915384577188984 0.22281822976248 255 255 255 255 
-0.712823134926417 -0.165225657060416 0.249680365539753 255 255 255 255 
-0.72734133212445 -0.152573091482446 0.235875588059359 255 255 255 255 
-0.747260785958784 -0.131826399739323 0.218432717067532 255 255 255 255 
-0.664205200016183 -0.0794909854081158 0.240390581575155 255 255 255 255 
-0.601212312930524 0.0376512294252662 0.283114497014941 255 255 255 255 
-0.560392321363773 0.178885139571932 0.604788805150146 255 255 255 255 
-0.573503826885278 0.205775988680198 0.583573943573877 255 255 255 255 
-0.559252941397735 -0.176188173960545 0.606632360662778 255 255 255 255 
-0.667454924399444 0.0492322378691666 0.231596015850054 255 255 255 255 
-0.698809678775965 0.031597446559209 0.211970259334725 255 255 255 255 
-0.654606873418378 0.0174473528278472 0.236313826085582 255 255 255 255 
-0.682006401933497 0.0820226609092755 0.230212335590299 255 255 255 255 
-0.722239637339105 -0.110486595673451 0.219457895308427 255 255 255 255 
-0.639830022428786 0.0624448247373448 0.253416514482092 255 255 255 255 
-0.673626417613115 -0.190061504604188 0.291127212852509 255 255 255 255 
-0.691838172504462 -0.0503520912336671 0.217927256387044 255 255 255 255 
-0.689854777966418 -0.0218912970592149 0.21562563373268 255 255 255 255 
-0.716036552171785 -0.0158960079468081 0.203045012380716 255 255 255 255 
-0.746380638863195 -0.00434572297391754 0.1916520100391 255 255 255 255 
-0.746540540631645 0.053303032891781 0.19585259078177 255 255 255 255 
-0.757964688370722 0.0355266820491719 0.190101646747892 255 255 255 255 
-0.761292556554421 -0.103654754900928 0.203596366054537 255 255 255 255 
-0.622115222344955 0.264269455602613 0.504919053479184 255 255 255 255 
-0.539650490471103 0.11443704196347 0.638349792525367 255 255 255 255 
-0.525571986843216 0.100986354622627 0.607128384717588 255 255 255 255 
-0.756060525180431 -0.239013334101446 0.288191000858324 255 255 255 255 
-0.713030308645445 -0.201130576433609 0.274519867776864 255 255 255 255 
-0.746506283137968 -0.209857212470242 0.265704443790374 255 255 255 255 
-0.746560145051661 -0.179187528910591 0.243672672613057 255 255 255 255 
-0.514678503974416 0.0852038659455152 0.574340904539257 255 255 255 255 
-0.776163860437589 0.118808600032768 0.205050256518673 255 255 255 255 
-0.538587450089187 -0.109741151068303 0.640069827994522 255 255 255 255 
-0.580716515755912 0.218972297691212 0.484662748084768 255 255 255 255 
-0.660172767175029 -0.197361137411484 0.308322056951199 255 255 255 255 
-0.699153764948053 -0.27998062713105 0.38026807310324 255 255 255 255 
-0.772480065994516 -0.215955025216732 0.261623625738383 255 255 255 255 
-0.73812830607489 -0.0851763601238699 0.20544424982638 255 255 255 255 
-0.819145824710991 -0.0785467235887515 0.186116842029055 255 255 255 255 
-0.731638761247148 0.0241322729505349 0.197472424425809 255 255 255 255 
-0.706256434897392 0.0111010555950893 0.207098044972432 255 255 255 255 
-0.724214319228003 -0.0520713613903305 0.203547332979114 255 255 255 255 
-0.713368455056514 -0.0699322877482878 0.211465252369887 255 255 255 255 
-0.753383701507942 0.0848273444143229 0.200395237113329 255 255 255 255 
-0.809057269109719 0.127487791004656 0.20244046788762 255 255 255 255 
-0.748474380105127 0.110858428394335 0.209866605780353 255 255 255 255 
-0.626873570919416 -0.185216126908796 0.330490915592066 255 255 255 255 
-0.710175725410684 0.140375204764988 0.237527099378494 255 255 255 255 
-0.599545030901997 0.169811418990879 0.350774058784569 255 255 255 255 
-0.626412421834719 0.171995947646286 0.319249781230928 255 255 255 255 
-0.592176335256997 0.0513065091212286 0.295386611685472 255 255 255 255 
-0.603137278107055 -0.208185369991368 0.391955538611778 255 255 255 255 
-0.517092599547609 0.00514865393530474 0.419842431412299 255 255 255 255 
-0.531050189643967 -0.110302001259303 0.435238498942093 255 255 255 255 
-0.509220026337198 0.0439173819214406 0.462514938097768 255 255 255 255 
-0.518797719213175 0.0478536227311732 0.425314191132204 255 255 255 255 
-0.528121630317229 -0.0352475735482943 0.657003880104293 255 255 255 255 
-0.517551868434691 -0.0321367134746079 0.628260755993425 255 255 255 255 
-0.532016512474611 -0.0731744871605408 0.650701828392224 255 255 255 255 
-0.547725203579689 -0.144309301869923 0.625284632265416 255 255 255 255 
-0.678540318422683 0.283389089521781 0.413621330207249 255 255 255 255 
-0.638764164965661 0.262937973667942 0.433711155816981 255 255 255 255 
-0.621944398331187 -0.264143267724749 0.505195452540729 255 255 255 255 
-0.640664473592592 -0.275358893461638 0.474905734495057 255 255 255 255 
-0.604106506320449 -0.248287281069377 0.534057768100968 255 255 255 255 
-0.785131328368124 0.19293199269556 0.241153453220433 255 255 255 255 
-0.811592082802329 -0.117425958424016 0.198339053177955 255 255 255 255 
-0.506666015917645 0.00411824758734833 0.46125241322814 255 255 255 255 
-0.503383550197003 -0.0371500763703508 0.502811181072992 255 255 255 255 
-0.529431844889641 0.136450827269131 0.499282118760001 255 255 255 255 
-0.503506484091782 0.0428296098201161 0.538238816006962 255 255 255 255 
-0.504161597377663 0.0424653868772251 0.500395019371411 255 255 255 255 
-0.515175524842875 0.0798903865831716 0.465949339930305 255 255 255 255 
-0.679606962855705 -0.283346868646162 0.411895463260725 255 255 255 255 
-0.717235433551888 0.272347813595851 0.351011318729608 255 255 255 255 
-0.53216073582389 -0.144279789445356 0.541460576783172 255 255 255 255 
-0.53284713893477 0.0788495925468969 0.649357846547721 255 255 255 255 
-0.50282915724764 -0.0359104826998332 0.540914532526748 255 255 255 255 
-0.508914681998712 -0.0730756604794579 0.545131312904522 255 255 255 255 
-0.500910313917976 0.00337804649618561 0.538776239749264 255 255 255 255 
-0.506587765047509 -0.0355141490750007 0.579204165590044 255 255 255 255 
-0.51015810026596 0.0803385985391449 0.536239457610866 255 255 255 255 
-0.548887177044054 0.147981810623983 0.623404519706033 255 255 255 255 
-0.511169406654106 -0.0482468884534335 0.595906717964524 255 255 255 255 
-0.501556536096185 0.00355785359575141 0.500820657367234 255 255 255 255 
-0.520139295723366 -0.0999861089651293 0.58287057338645 255 255 255 255 
-0.550800658614231 0.155019036036631 0.433216323201431 255 255 255 255 
-0.542652953779801 -0.0401735118706801 0.364413380536786 255 255 255 255 

3 0 1 2 
3 3 4 5 
3 6 7 8 
3 9 10 11 
3 12 13 14 
3 15 12 14 
3 16 17 8 
3 12 18 13 
3 9 19 13 
3 12 20 18 
3 21 22 23 
3 10 24 21 
3 25 26 24 
3 9 25 24 
3 27 28 29 
3 30 31 32 
3 33 34 35 
3 34 36 35 
3 37 38 36 
3 38 37 39 
3 40 41 37 
3 41 42 37 
3 43 44 45 
3 44 46 45 
3 44 47 46 
3 48 34 47 
3 34 33 46 
3 49 50 48 
3 47 34 46 
3 51 52 53 
3 52 43 53 
3 54 52 51 
3 55 54 51 
3 56 54 55 
3 57 56 55 
3 42 58 59 
3 60 61 62 
3 63 64 65 
3 66 67 58 
3 68 69 70 
3 71 72 73 
3 72 71 74 
3 75 76 5 
3 69 77 78 
3 77 79 78 
3 79 77 80 
3 70 81 74 
3 72 74 81 
3 73 72 3 
3 72 82 3 
3 82 72 83 
3 76 73 3 
3 76 3 5 
3 4 84 5 
3 85 86 87 
3 88 86 85 
3 89 90 60 
3 91 92 93 
3 3 82 94 
3 95 96 97 
3 80 98 99 
3 98 100 99 
3 79 80 99 
3 101 78 79 
3 99 56 102 
3 102 56 103 
3 104 82 0 
3 1 105 106 
3 82 101 0 
3 0 101 105 
3 82 104 64 
3 4 3 94 
3 101 107 105 
3 94 82 64 
3 88 84 25 
3 26 22 21 
3 86 88 25 
3 87 86 108 
3 86 109 108 
3 109 86 25 
3 110 111 108 
3 87 108 111 
3 112 108 113 
3 99 100 54 
3 100 114 54 
3 114 100 115 
3 56 99 54 
3 106 116 117 
3 118 55 51 
3 20 109 18 
3 10 9 24 
3 14 19 119 
3 109 25 9 
3 108 109 20 
3 109 9 18 
3 18 9 13 
3 120 50 121 
3 108 20 113 
3 122 20 123 
3 124 91 125 
3 126 114 127 
3 54 114 52 
3 114 128 52 
3 128 114 126 
3 120 34 48 
3 19 9 11 
3 13 19 14 
3 20 12 129 
3 12 130 129 
3 130 12 15 
3 129 131 123 
3 20 129 123 
3 131 122 123 
3 132 133 134 
3 118 51 53 
3 128 126 95 
3 52 128 44 
3 128 49 44 
3 49 128 95 
3 43 45 135 
3 43 52 44 
3 33 35 136 
3 137 130 15 
3 130 137 138 
3 129 130 139 
3 130 140 139 
3 140 130 138 
3 122 112 113 
3 50 95 97 
3 50 97 121 
3 49 95 50 
3 44 49 47 
3 49 48 47 
3 50 120 48 
3 46 33 45 
3 36 38 35 
3 141 140 142 
3 139 140 133 
3 140 143 133 
3 143 140 141 
3 144 145 146 
3 147 120 121 
3 34 120 40 
3 120 148 40 
3 148 120 147 
3 34 40 36 
3 40 37 36 
3 149 150 151 
3 143 141 152 
3 7 16 8 
3 133 143 144 
3 143 153 144 
3 153 143 16 
3 133 144 134 
3 146 132 134 
3 134 144 146 
3 55 118 154 
3 40 148 155 
3 148 156 155 
3 41 40 155 
3 155 149 151 
3 151 150 66 
3 28 32 157 
3 67 150 158 
3 28 159 32 
3 159 62 30 
3 91 93 160 
3 91 61 92 
3 161 7 162 
3 153 16 7 
3 61 163 92 
3 144 153 164 
3 153 165 164 
3 165 153 161 
3 82 83 101 
3 155 156 166 
3 149 155 166 
3 167 150 149 
3 149 168 169 
3 168 149 166 
3 170 159 167 
3 27 171 172 
3 159 30 32 
3 62 61 30 
3 159 173 62 
3 173 159 170 
3 30 61 124 
3 61 91 124 
3 174 60 62 
3 161 163 90 
3 165 161 90 
3 175 165 90 
3 172 171 158 
3 150 167 172 
3 167 27 172 
3 167 159 27 
3 159 28 27 
3 164 165 176 
3 165 175 176 
3 152 141 177 
3 158 171 178 
3 41 66 58 
3 42 41 58 
3 41 151 66 
3 41 155 151 
3 150 67 66 
3 31 30 124 
3 162 6 93 
3 7 6 162 
3 161 153 7 
3 92 161 162 
3 164 179 180 
3 103 56 181 
3 56 57 181 
3 116 107 103 
3 107 102 103 
3 79 99 102 
3 107 79 102 
3 105 107 106 
3 107 116 106 
3 1 0 105 
3 116 181 182 
3 16 143 152 
3 17 16 152 
3 6 8 183 
3 140 138 142 
3 22 4 184 
3 4 94 184 
3 184 63 185 
3 94 63 184 
3 63 94 64 
3 169 168 186 
3 173 170 187 
3 187 188 189 
3 187 186 188 
3 62 173 190 
3 173 191 190 
3 191 173 189 
3 174 62 190 
3 20 122 113 
3 116 103 181 
3 24 26 21 
3 163 161 92 
3 69 81 70 
3 189 173 187 
3 88 75 5 
3 31 124 125 
3 93 6 160 
3 37 42 39 
3 35 38 136 
3 45 33 135 
3 186 192 188 
3 53 43 193 
3 57 55 154 
3 17 152 177 
3 8 17 183 
3 15 14 119 
3 22 184 185 
3 64 104 65 
3 1 106 117 
3 181 57 182 
3 67 158 178 
3 58 67 59 
3 104 0 2 
3 32 31 157 
3 171 27 29 
3 25 84 26 
3 90 163 60 
3 84 88 5 
3 114 115 127 
3 150 172 158 
3 118 53 193 
3 194 164 180 
3 92 162 93 
3 107 101 79 
3 83 72 81 
3 169 167 149 
3 112 110 108 
3 174 89 60 
3 163 61 60 
3 10 21 23 
3 4 22 26 
3 84 4 26 
3 164 176 179 
3 194 146 145 
3 144 164 145 
3 164 194 145 
3 132 195 196 
3 139 133 196 
3 133 132 196 
3 195 139 196 
3 195 131 197 
3 129 139 197 
3 139 195 197 
3 131 129 197 
3 83 78 101 
3 69 78 81 
3 78 83 81 
3 169 186 187 
3 170 169 187 
3 169 170 167 
3 95 126 198 
3 96 95 198 
3 198 126 127 
3 199 200 201 
3 202 203 200 
3 203 204 200 
3 205 206 207 
3 202 199 208 
3 205 204 206 
3 204 209 206 
3 210 211 209 
3 211 212 209 
3 213 211 210 
3 209 212 206 
3 214 215 216 
3 204 217 210 
3 207 218 219 
3 220 215 214 
3 221 215 220 
3 222 223 221 
3 223 224 221 
3 225 226 227 
3 225 228 226 
3 225 229 228 
3 230 231 232 
3 233 234 230 
3 235 236 237 
3 234 238 230 
3 239 236 235 
3 238 240 239 
3 240 241 239 
3 242 243 244 
3 245 242 244 
3 246 247 245 
3 247 242 245 
3 248 249 250 
3 251 252 253 
3 254 252 251 
3 224 223 255 
3 223 256 255 
3 223 257 256 
3 223 258 257 
3 256 259 255 
3 259 253 260 
3 261 262 263 
3 252 254 264 
3 265 266 254 
3 267 265 254 
3 268 269 270 
3 271 269 268 
3 248 271 268 
3 242 271 248 
3 243 242 248 
3 270 261 272 
3 261 273 262 
3 269 274 273 
3 261 269 273 
3 275 276 274 
3 269 275 274 
3 246 277 278 
3 278 277 279 
3 265 280 281 
3 266 265 281 
3 282 234 280 
3 265 282 280 
3 283 284 202 
3 285 240 238 
3 200 204 201 
3 286 287 288 
3 289 290 291 
3 290 292 291 
3 293 294 295 
3 294 293 296 
3 297 298 299 
3 300 301 302 
3 289 291 296 
3 296 293 289 
3 303 290 304 
3 305 303 304 
3 303 305 306 
3 293 295 282 
3 295 307 282 
3 265 293 282 
3 293 265 308 
3 307 309 310 
3 309 311 310 
3 282 307 310 
3 285 234 310 
3 270 269 261 
3 312 313 314 
3 315 306 258 
3 306 305 258 
3 316 315 258 
3 308 265 267 
3 267 317 305 
3 258 305 257 
3 317 259 256 
3 234 233 280 
3 280 233 281 
3 285 311 240 
3 311 312 240 
3 238 239 235 
3 238 231 230 
3 312 314 318 
3 319 320 318 
3 318 314 319 
3 318 321 322 
3 323 312 318 
3 312 323 240 
3 316 258 222 
3 258 223 222 
3 324 316 222 
3 316 324 325 
3 257 317 256 
3 215 221 326 
3 231 235 237 
3 241 236 239 
3 231 238 235 
3 240 323 241 
3 323 318 327 
3 327 318 322 
3 327 328 329 
3 328 327 322 
3 330 323 327 
3 323 330 241 
3 325 324 331 
3 324 222 332 
3 332 222 220 
3 218 332 214 
3 333 324 332 
3 324 333 334 
3 222 221 220 
3 332 220 214 
3 330 335 336 
3 330 327 337 
3 338 337 329 
3 328 338 329 
3 337 327 329 
3 337 338 339 
3 340 330 336 
3 206 212 207 
3 334 333 341 
3 333 332 212 
3 332 218 212 
3 211 333 212 
3 333 211 341 
3 342 343 344 
3 298 337 345 
3 346 345 339 
3 338 346 339 
3 345 337 339 
3 345 346 347 
3 348 298 345 
3 298 348 299 
3 199 201 349 
3 322 321 328 
3 217 350 351 
3 341 211 213 
3 204 210 209 
3 212 218 207 
3 217 213 210 
3 344 352 353 
3 348 345 342 
3 354 342 347 
3 346 354 347 
3 342 345 347 
3 342 354 355 
3 343 352 344 
3 301 356 302 
3 213 217 351 
3 217 204 203 
3 204 205 201 
3 199 202 200 
3 357 217 203 
3 217 357 350 
3 284 203 202 
3 358 359 360 
3 359 361 362 
3 352 343 358 
3 363 364 226 
3 343 342 365 
3 366 365 355 
3 354 366 355 
3 365 342 355 
3 365 366 367 
3 368 343 365 
3 343 368 369 
3 357 203 276 
3 203 284 276 
3 370 357 276 
3 243 248 250 
3 284 283 262 
3 276 284 274 
3 363 246 278 
3 229 225 361 
3 371 363 228 
3 368 371 229 
3 226 364 227 
3 300 246 363 
3 364 363 278 
3 366 372 367 
3 368 365 373 
3 374 368 373 
3 368 374 371 
3 246 302 247 
3 304 267 305 
3 369 229 361 
3 359 369 361 
3 369 368 229 
3 343 369 358 
3 369 359 358 
3 241 340 375 
3 370 276 376 
3 276 275 376 
3 299 353 377 
3 348 344 353 
3 299 348 353 
3 353 352 377 
3 348 342 344 
3 335 378 336 
3 298 378 335 
3 337 298 335 
3 249 248 268 
3 269 271 275 
3 379 380 271 
3 380 379 288 
3 381 275 380 
3 275 381 376 
3 336 378 382 
3 330 337 335 
3 236 241 375 
3 277 246 245 
3 277 245 244 
3 286 242 247 
3 242 286 379 
3 300 371 301 
3 371 374 301 
3 374 383 301 
3 302 384 247 
3 374 373 385 
3 383 374 385 
3 244 243 386 
3 379 286 288 
3 381 380 387 
3 387 380 288 
3 387 288 388 
3 286 247 389 
3 247 384 389 
3 390 286 389 
3 286 390 287 
3 312 311 313 
3 371 300 363 
3 277 244 386 
3 364 278 279 
3 266 281 391 
3 317 267 251 
3 273 284 262 
3 388 288 287 
3 392 387 388 
3 249 270 272 
3 262 283 263 
3 201 205 349 
3 283 202 208 
3 205 207 219 
3 218 214 216 
3 221 224 326 
3 340 336 382 
3 233 230 232 
3 361 225 362 
3 352 358 360 
3 253 252 260 
3 224 255 393 
3 254 266 264 
3 320 321 318 
3 281 233 391 
3 229 371 228 
3 228 363 226 
3 293 308 289 
3 298 297 378 
3 274 284 273 
3 372 394 373 
3 340 241 330 
3 267 254 251 
3 255 259 393 
3 317 251 253 
3 234 282 310 
3 311 285 310 
3 271 380 275 
3 242 379 271 
3 305 317 257 
3 249 268 270 
3 356 384 302 
3 246 300 302 
3 234 285 238 
3 385 373 395 
3 394 395 373 
3 373 365 367 
3 372 373 367 
3 317 253 259 
3 304 308 267 
3 304 290 289 
3 308 304 289 
3 396 213 351 
3 341 213 396 
3 397 341 396 
3 334 341 398 
3 341 397 398 
3 334 398 331 
3 324 334 331 
3 399 400 401 
3 402 403 404 
3 405 402 404 
3 406 407 403 
3 408 409 410 
3 411 406 403 
3 412 413 414 
3 413 415 414 
3 416 417 418 
3 419 420 421 
3 422 423 424 
3 425 426 427 
3 428 429 430 
3 431 432 433 
3 434 431 433 
3 435 436 437 
3 438 439 440 
3 441 439 438 
3 442 439 441 
3 443 444 445 
3 446 447 448 
3 417 427 428 
3 422 449 450 
3 449 451 452 
3 444 443 451 
3 436 453 437 
3 404 407 454 
3 455 456 457 
3 424 423 458 
3 455 459 460 
3 459 455 461 
3 462 463 464 
3 465 466 467 
3 468 469 470 
3 471 412 472 
3 460 473 474 
3 468 475 469 
3 466 476 467 
3 477 475 478 
3 455 460 474 
3 479 455 474 
3 455 479 456 
3 480 481 482 
3 483 484 485 
3 486 483 485 
3 483 486 487 
3 457 488 461 
3 474 489 444 
3 475 490 478 
3 419 421 491 
3 492 420 419 
3 468 470 465 
3 475 468 493 
3 494 468 465 
3 468 494 493 
3 495 496 435 
3 489 497 445 
3 479 474 444 
3 444 489 445 
3 490 475 493 
3 497 498 438 
3 449 479 451 
3 479 444 451 
3 485 499 486 
3 487 486 500 
3 500 486 501 
3 421 502 491 
3 503 420 504 
3 505 506 507 
3 508 487 500 
3 509 508 500 
3 456 479 499 
3 510 465 467 
3 510 476 511 
3 494 465 510 
3 493 494 442 
3 512 513 514 
3 476 510 467 
3 497 438 440 
3 498 493 441 
3 493 442 441 
3 515 516 517 
3 518 519 520 
3 500 521 411 
3 411 521 406 
3 509 500 411 
3 399 509 411 
3 509 399 522 
3 427 417 416 
3 523 524 511 
3 524 510 511 
3 476 523 511 
3 525 526 527 
3 513 510 524 
3 513 528 516 
3 514 513 516 
3 496 513 524 
3 513 496 528 
3 510 513 512 
3 442 515 529 
3 402 411 403 
3 399 411 402 
3 530 399 402 
3 399 530 400 
3 496 524 525 
3 436 496 525 
3 496 436 435 
3 402 405 531 
3 403 407 404 
3 530 402 531 
3 400 530 532 
3 533 530 531 
3 530 533 532 
3 534 535 527 
3 535 525 527 
3 526 534 527 
3 436 525 535 
3 434 436 535 
3 436 434 453 
3 536 537 538 
3 531 405 409 
3 539 540 541 
3 540 542 507 
3 533 531 543 
3 541 533 543 
3 532 533 506 
3 540 506 541 
3 496 495 528 
3 434 535 544 
3 545 434 544 
3 434 545 431 
3 546 547 544 
3 453 434 433 
3 548 549 550 
3 536 551 537 
3 502 552 551 
3 506 540 507 
3 540 539 552 
3 553 540 552 
3 540 553 542 
3 545 544 480 
3 554 545 480 
3 545 554 471 
3 425 427 416 
3 549 472 555 
3 556 429 428 
3 429 446 448 
3 556 504 446 
3 557 502 421 
3 552 502 558 
3 558 502 557 
3 465 559 560 
3 561 426 414 
3 553 552 558 
3 562 553 558 
3 490 493 498 
3 474 473 478 
3 489 474 478 
3 563 480 564 
3 425 412 414 
3 554 480 563 
3 471 554 413 
3 565 554 563 
3 426 425 414 
3 412 471 413 
3 415 561 414 
3 566 567 504 
3 567 503 504 
3 556 566 504 
3 567 566 463 
3 427 556 428 
3 568 425 416 
3 447 446 569 
3 570 556 426 
3 556 570 566 
3 558 503 571 
3 572 503 567 
3 503 572 571 
3 562 558 571 
3 537 539 538 
3 539 408 538 
3 551 552 537 
3 552 539 537 
3 408 573 409 
3 408 539 573 
3 539 543 573 
3 539 541 543 
3 506 533 541 
3 543 531 573 
3 551 536 574 
3 536 538 575 
3 519 458 576 
3 519 577 458 
3 577 424 458 
3 577 499 424 
3 499 422 424 
3 499 479 422 
3 479 449 422 
3 447 569 492 
3 504 420 569 
3 446 504 569 
3 429 556 446 
3 406 578 579 
3 521 518 520 
3 578 521 520 
3 501 577 518 
3 577 519 518 
3 521 500 501 
3 472 568 555 
3 453 433 580 
3 550 549 581 
3 431 548 550 
3 432 431 550 
3 471 549 548 
3 545 471 548 
3 515 514 516 
3 515 442 514 
3 431 545 548 
3 442 512 514 
3 442 494 512 
3 494 510 512 
3 426 561 582 
3 439 442 529 
3 445 497 583 
3 584 567 463 
3 566 570 463 
3 570 426 582 
3 585 570 582 
3 570 585 464 
3 572 567 584 
3 584 463 462 
3 447 492 586 
3 499 577 486 
3 578 520 587 
3 569 420 492 
3 457 484 488 
3 588 584 462 
3 573 531 409 
3 521 501 518 
3 570 464 463 
3 432 550 581 
3 516 528 517 
3 443 445 583 
3 417 428 430 
3 420 503 557 
3 419 491 589 
3 458 423 576 
3 568 416 418 
3 451 443 452 
3 423 422 450 
3 433 432 580 
3 492 419 586 
3 590 551 574 
3 538 408 575 
3 409 405 410 
3 405 404 454 
3 420 557 421 
3 407 406 579 
3 520 519 587 
3 503 558 557 
3 591 546 544 
3 502 590 491 
3 521 578 406 
3 549 471 472 
3 426 556 427 
3 522 399 401 
3 461 455 457 
3 466 465 560 
3 412 425 472 
3 425 568 472 
3 486 577 501 
3 498 441 438 
3 497 489 498 
3 489 490 498 
3 490 489 478 
3 473 477 478 
3 546 481 547 
3 480 544 547 
3 481 480 547 
3 534 546 591 
3 544 535 591 
3 535 534 591 
3 523 526 592 
3 525 524 592 
3 526 525 592 
3 524 523 592 
3 465 470 559 
3 491 590 589 
3 485 456 499 
3 485 484 457 
3 456 485 457 
3 484 593 488 
3 532 506 505 
3 594 532 505 
3 400 532 595 
3 590 502 551 
3 532 594 595 
3 400 595 401 
3 554 565 413 
3 564 480 482 
3 596 597 598 
3 599 600 596 
3 600 601 596 
3 602 603 601 
3 600 602 601 
3 602 604 603 
3 604 605 603 
3 606 607 608 
3 609 610 611 
3 612 613 610 
3 614 615 616 
3 617 618 619 
3 616 620 621 
3 620 619 622 
3 607 623 624 
3 607 606 623 
3 606 625 623 
3 626 627 628 
3 629 630 631 
3 632 633 634 
3 635 636 637 
3 636 632 637 
3 638 636 635 
3 639 640 638 
3 641 639 638 
3 624 626 642 
3 643 644 645 
3 609 644 643 
3 646 609 643 
3 647 648 646 
3 648 609 646 
3 649 650 651 
3 652 653 654 
3 655 656 657 
3 658 655 657 
3 655 659 656 
3 659 660 656 
3 658 657 661 
3 662 660 663 
3 664 614 665 
3 666 614 664 
3 667 668 663 
3 669 655 670 
3 671 641 630 
3 672 673 674 
3 673 672 675 
3 618 676 677 
3 611 613 678 
3 679 635 637 
3 629 631 680 
3 681 682 683 
3 684 625 685 
3 686 687 688 
3 689 690 691 
3 692 687 686 
3 692 693 694 
3 695 653 694 
3 695 674 653 
3 652 696 694 
3 697 698 675 
3 674 673 653 
3 673 699 653 
3 699 673 700 
3 701 700 698 
3 702 701 698 
3 700 701 671 
3 702 703 701 
3 703 639 701 
3 639 703 704 
3 696 692 694 
3 644 609 611 
3 653 652 694 
3 677 705 618 
3 688 687 706 
3 687 692 707 
3 687 708 706 
3 708 687 707 
3 692 696 707 
3 709 710 711 
3 653 699 654 
3 654 699 650 
3 699 671 712 
3 639 641 671 
3 639 704 640 
3 640 636 638 
3 679 641 635 
3 704 713 640 
3 713 714 640 
3 706 708 715 
3 715 691 690 
3 716 717 718 
3 708 707 627 
3 708 719 715 
3 719 708 627 
3 627 707 710 
3 720 721 615 
3 712 629 722 
3 629 712 630 
3 673 675 698 
3 679 637 723 
3 636 640 724 
3 633 724 725 
3 640 714 724 
3 714 726 724 
3 726 714 727 
3 707 728 710 
3 715 719 625 
3 623 719 624 
3 627 626 719 
3 719 626 624 
3 625 719 623 
3 693 695 694 
3 627 709 628 
3 724 729 725 
3 725 729 730 
3 729 731 730 
3 724 726 729 
3 726 732 729 
3 732 726 733 
3 734 733 735 
3 736 737 738 
3 701 639 671 
3 739 740 685 
3 740 684 685 
3 625 739 685 
3 741 742 743 
3 625 606 739 
3 606 744 739 
3 744 606 745 
3 605 645 746 
3 731 729 736 
3 729 732 736 
3 732 733 747 
3 732 748 736 
3 748 732 747 
3 749 747 734 
3 747 733 734 
3 747 749 750 
3 742 744 676 
3 681 728 682 
3 739 744 742 
3 705 677 745 
3 676 744 677 
3 618 617 676 
3 731 736 751 
3 736 748 737 
3 748 752 737 
3 748 747 753 
3 748 753 752 
3 753 747 750 
3 754 716 718 
3 631 641 679 
3 717 716 743 
3 716 741 743 
3 742 717 743 
3 742 617 717 
3 620 721 619 
3 617 720 717 
3 720 617 721 
3 721 620 616 
3 615 721 616 
3 721 617 619 
3 605 604 645 
3 603 597 601 
3 600 755 602 
3 755 756 602 
3 756 755 757 
3 758 670 648 
3 759 754 718 
3 717 759 718 
3 760 761 759 
3 717 720 759 
3 720 762 759 
3 762 720 763 
3 667 763 666 
3 763 615 666 
3 764 660 765 
3 668 664 665 
3 660 667 663 
3 660 662 656 
3 656 662 657 
3 609 670 610 
3 669 758 766 
3 604 643 645 
3 610 613 611 
3 604 602 647 
3 604 647 646 
3 604 646 643 
3 602 756 647 
3 756 767 647 
3 711 681 768 
3 667 666 664 
3 733 726 735 
3 668 667 664 
3 759 769 760 
3 759 762 769 
3 770 762 771 
3 762 763 771 
3 762 770 769 
3 763 764 771 
3 771 764 765 
3 772 773 765 
3 772 765 659 
3 730 731 774 
3 615 614 666 
3 763 720 615 
3 655 775 659 
3 775 655 669 
3 670 609 648 
3 648 647 776 
3 648 777 758 
3 777 648 776 
3 647 767 776 
3 663 668 778 
3 652 649 682 
3 709 711 768 
3 728 681 711 
3 710 728 711 
3 709 627 710 
3 728 652 682 
3 699 700 671 
3 772 659 779 
3 702 698 697 
3 659 775 779 
3 775 780 779 
3 780 775 781 
3 758 782 766 
3 758 777 782 
3 766 783 781 
3 766 782 783 
3 649 654 650 
3 699 784 650 
3 649 652 654 
3 738 599 751 
3 597 603 785 
3 600 599 738 
3 737 600 738 
3 752 600 737 
3 753 755 752 
3 755 600 752 
3 786 725 730 
3 786 633 725 
3 636 724 633 
3 632 636 633 
3 731 751 787 
3 700 673 698 
3 641 638 635 
3 764 763 667 
3 784 699 712 
3 761 754 759 
3 619 618 622 
3 614 616 621 
3 607 624 642 
3 637 632 723 
3 677 744 745 
3 650 784 651 
3 599 596 598 
3 603 605 785 
3 751 599 787 
3 786 730 774 
3 657 662 661 
3 644 611 678 
3 612 658 788 
3 631 679 680 
3 784 712 722 
3 645 644 746 
3 633 786 634 
3 662 663 778 
3 682 649 683 
3 601 597 596 
3 655 658 612 
3 745 606 608 
3 670 612 610 
3 670 655 612 
3 707 696 728 
3 773 771 765 
3 726 727 735 
3 765 660 659 
3 617 742 676 
3 689 789 706 
3 630 641 631 
3 781 775 766 
3 775 669 766 
3 712 671 630 
3 696 652 728 
3 660 764 667 
3 739 742 790 
3 741 740 790 
3 742 741 790 
3 740 739 790 
3 715 625 791 
3 684 691 791 
3 625 684 791 
3 691 715 791 
3 706 715 690 
3 689 706 690 
3 688 706 792 
3 789 792 706 
3 758 669 670 
3 613 612 788 
3 793 702 697 
3 782 794 783 
3 753 750 795 
3 755 753 795 
3 757 755 795 
3 736 738 751 
3 796 797 798 
3 797 799 798 
3 800 801 802 
3 803 804 805 
3 804 806 805 
3 807 808 806 
3 809 810 811 
3 809 812 810 
3 813 814 812 
3 814 815 812 
3 816 817 818 
3 817 819 818 
3 797 813 820 
3 799 797 820 
3 797 821 813 
3 822 823 824 
3 825 826 823 
3 827 828 829 
3 830 831 832 
3 812 815 810 
3 819 833 834 
3 833 835 834 
3 836 833 819 
3 816 818 837 
3 809 813 812 
3 800 838 839 
3 840 800 839 
3 841 839 842 
3 843 840 844 
3 845 843 844 
3 843 801 840 
3 835 833 846 
3 833 847 846 
3 846 848 849 
3 847 848 846 
3 848 847 850 
3 851 852 853 
3 854 851 853 
3 855 856 852 
3 857 855 852 
3 851 858 857 
3 859 860 861 
3 862 863 864 
3 865 866 867 
3 807 868 869 
3 870 834 871 
3 801 872 802 
3 873 874 875 
3 876 877 878 
3 879 880 881 
3 833 873 847 
3 882 883 884 
3 885 886 887 
3 888 889 826 
3 886 807 806 
3 890 891 832 
3 856 892 893 
3 894 803 895 
3 896 875 878 
3 897 859 898 
3 899 866 865 
3 855 863 892 
3 900 827 829 
3 901 902 903 
3 832 829 890 
3 828 904 829 
3 830 832 905 
3 829 904 890 
3 906 830 905 
3 830 906 887 
3 848 850 907 
3 906 908 887 
3 909 879 881 
3 900 829 832 
3 831 830 887 
3 885 908 910 
3 804 886 806 
3 886 911 807 
3 886 912 911 
3 912 913 911 
3 851 854 913 
3 912 851 913 
3 805 808 914 
3 915 916 895 
3 861 860 916 
3 860 894 916 
3 917 897 898 
3 918 859 897 
3 859 919 898 
3 920 859 918 
3 921 920 918 
3 898 919 922 
3 917 923 897 
3 901 924 902 
3 925 926 927 
3 838 925 927 
3 928 924 926 
3 925 928 926 
3 928 929 924 
3 822 930 823 
3 843 845 864 
3 863 843 864 
3 864 845 931 
3 932 933 920 
3 934 932 920 
3 827 933 935 
3 933 827 860 
3 920 933 860 
3 827 900 894 
3 860 827 894 
3 831 900 832 
3 900 831 804 
3 894 900 804 
3 886 831 887 
3 804 831 886 
3 936 885 910 
3 885 936 912 
3 886 885 912 
3 936 937 858 
3 912 936 858 
3 858 937 938 
3 863 862 892 
3 921 934 920 
3 859 920 860 
3 915 861 916 
3 803 894 804 
3 806 808 805 
3 911 868 807 
3 851 912 858 
3 939 858 938 
3 915 895 940 
3 880 798 941 
3 923 918 897 
3 942 943 944 
3 908 885 887 
3 876 945 877 
3 921 896 934 
3 896 921 875 
3 875 874 878 
3 923 921 918 
3 875 921 923 
3 919 859 861 
3 919 861 946 
3 847 923 850 
3 913 868 911 
3 913 854 947 
3 939 855 857 
3 851 857 852 
3 948 939 938 
3 939 948 866 
3 855 939 866 
3 866 948 867 
3 874 876 878 
3 876 874 949 
3 949 874 873 
3 942 950 951 
3 854 853 952 
3 891 905 832 
3 899 843 863 
3 953 865 867 
3 865 953 954 
3 899 865 954 
3 955 956 949 
3 955 949 873 
3 844 841 957 
3 958 899 954 
3 959 953 867 
3 892 862 893 
3 852 856 853 
3 917 898 922 
3 861 915 946 
3 835 846 849 
3 850 917 907 
3 803 805 914 
3 845 844 957 
3 839 838 842 
3 895 803 940 
3 862 864 931 
3 853 856 952 
3 868 913 947 
3 798 799 941 
3 902 822 903 
3 838 927 960 
3 808 807 869 
3 799 820 961 
3 818 870 837 
3 834 835 871 
3 956 955 962 
3 833 955 873 
3 955 833 836 
3 962 955 836 
3 817 836 819 
3 870 819 834 
3 958 843 899 
3 843 958 801 
3 801 800 840 
3 840 841 844 
3 958 963 964 
3 801 958 964 
3 965 962 836 
3 819 870 818 
3 841 840 839 
3 872 801 964 
3 820 809 961 
3 927 901 960 
3 958 954 963 
3 951 965 836 
3 815 816 810 
3 810 816 811 
3 926 901 927 
3 800 966 925 
3 967 942 951 
3 838 800 925 
3 814 967 815 
3 942 967 814 
3 821 814 813 
3 813 809 820 
3 880 796 798 
3 930 825 823 
3 823 826 824 
3 966 928 925 
3 929 930 924 
3 924 930 902 
3 924 901 926 
3 968 966 802 
3 928 966 968 
3 943 942 814 
3 889 888 909 
3 930 822 902 
3 969 928 968 
3 970 969 968 
3 856 855 892 
3 828 827 935 
3 944 943 971 
3 821 943 814 
3 943 821 884 
3 971 943 884 
3 796 821 797 
3 821 796 972 
3 884 821 972 
3 879 796 880 
3 796 879 973 
3 972 796 973 
3 888 879 909 
3 879 888 974 
3 973 879 974 
3 825 888 826 
3 888 825 975 
3 974 888 975 
3 929 825 930 
3 825 929 976 
3 975 825 976 
3 969 929 928 
3 929 969 977 
3 976 929 977 
3 969 970 978 
3 977 969 978 
3 971 884 883 
3 979 980 981 
3 982 975 983 
3 973 984 985 
3 972 973 985 
3 984 979 985 
3 986 987 977 
3 988 989 976 
3 975 976 983 
3 989 982 983 
3 977 990 988 
3 976 977 988 
3 990 989 988 
3 979 972 985 
3 977 978 986 
3 923 917 850 
3 858 939 857 
3 991 968 802 
3 972 979 981 
3 916 894 895 
3 989 983 976 
3 987 990 977 
3 817 951 836 
3 872 991 802 
3 966 800 802 
3 817 967 951 
3 950 965 951 
3 967 817 815 
3 817 816 815 
3 992 984 993 
3 973 974 993 
3 974 992 993 
3 984 973 993 
3 982 992 994 
3 974 975 994 
3 975 982 994 
3 992 974 994 
3 884 972 981 
3 980 884 981 
3 855 866 863 
3 866 899 863 
3 875 923 847 
3 873 875 847 
3 995 953 959 
3 980 882 884 
3 996 997 998 
3 999 1000 1001 
3 1002 1003 1004 
3 1002 1005 1003 
3 1006 1007 1008 
3 1006 1009 1007 
3 1009 1010 1007 
3 1009 1011 1010 
3 1011 1012 1010 
3 1013 1014 1015 
3 1016 1017 1018 
3 1019 1016 1018 
3 1016 1020 1017 
3 1021 1022 1017 
3 1016 1023 1020 
3 1024 1025 1026 
3 1027 1025 1024 
3 1028 1025 1027 
3 1029 1030 1031 
3 1032 1029 1031 
3 1033 1009 997 
3 1034 1035 1036 
3 1034 1037 1035 
3 1037 1033 1035 
3 1038 1039 1040 
3 1039 1041 1040 
3 1042 1032 1041 
3 1039 1042 1041 
3 1043 1044 1045 
3 1043 1014 1044 
3 1046 1047 1045 
3 1048 1049 1050 
3 1051 1049 1048 
3 1052 1051 1048 
3 1047 1050 1053 
3 1019 1018 1054 
3 1055 1051 1056 
3 1045 1047 1057 
3 1037 1058 1033 
3 1031 1030 1059 
3 1060 1061 1062 
3 1063 1064 1065 
3 1066 1067 1068 
3 1001 1000 1069 
3 1070 1071 1042 
3 1072 1073 1074 
3 1073 1075 1074 
3 997 1009 1006 
3 1076 1077 1014 
3 1078 999 1001 
3 1079 1080 1081 
3 1082 1083 1084 
3 1049 1051 1085 
3 1051 1086 1085 
3 1051 1087 1086 
3 1087 1088 1086 
3 1016 1019 1088 
3 1087 1016 1088 
3 1040 1089 1090 
3 1091 1092 1093 
3 1025 1028 1094 
3 1095 1096 1097 
3 1098 1079 1095 
3 1079 1096 1095 
3 1099 1100 1067 
3 1099 1101 1100 
3 1099 1067 1080 
3 1102 1103 1104 
3 1096 1079 1081 
3 1055 1105 1106 
3 1092 1091 1107 
3 1108 1052 1064 
3 1109 1103 1110 
3 1107 1038 1111 
3 1112 1097 1113 
3 1114 1115 1116 
3 1000 1117 1118 
3 1000 1119 1117 
3 1000 999 1119 
3 1120 1121 999 
3 1121 1122 1119 
3 1005 1002 1123 
3 1068 1124 1114 
3 1078 1115 1114 
3 1125 1126 1023 
3 1126 1127 1023 
3 1128 1023 1087 
3 1023 1016 1087 
3 1055 1087 1051 
3 1088 1129 1086 
3 1086 1129 1085 
3 1047 1130 1050 
3 1130 1048 1050 
3 1044 1046 1045 
3 1102 1130 1046 
3 1122 1005 1123 
3 1130 1047 1046 
3 1103 1046 1077 
3 1077 1046 1044 
3 1014 1077 1044 
3 1131 1077 1012 
3 1077 1076 1012 
3 1132 1012 1133 
3 1012 1011 1133 
3 1128 1125 1023 
3 1128 1055 1106 
3 1055 1128 1087 
3 1051 1052 1056 
3 1105 1055 1056 
3 1052 1108 1056 
3 1052 1102 1064 
3 1102 1052 1130 
3 1108 1105 1056 
3 1103 1109 1104 
3 1103 1102 1046 
3 1103 1131 1110 
3 1131 1103 1077 
3 1132 1131 1012 
3 1105 1108 1134 
3 1075 1135 1136 
3 1005 1137 1138 
3 1139 1140 1141 
3 1122 1142 1117 
3 1030 1029 1024 
3 1143 1144 1083 
3 1145 1146 1147 
3 1146 1148 1147 
3 1147 1039 1091 
3 1039 1038 1107 
3 1043 1045 1057 
3 1022 1093 1149 
3 1050 1049 1053 
3 1068 1114 1116 
3 1035 996 1036 
3 1004 1034 1150 
3 996 1033 997 
3 1082 1058 1151 
3 1058 1152 1151 
3 1152 1153 1151 
3 1093 1092 1149 
3 1097 1096 1113 
3 1154 1145 1155 
3 1145 1154 1146 
3 1156 1154 1157 
3 1145 1147 1158 
3 1145 1158 1155 
3 1092 1107 1111 
3 1127 1158 1021 
3 1088 1019 1159 
3 1017 1022 1018 
3 1020 1021 1017 
3 1008 1013 1160 
3 1012 1076 1010 
3 1010 1076 1007 
3 1089 1031 1059 
3 1007 1076 1008 
3 1058 1082 1084 
3 1011 1009 1084 
3 1082 1143 1083 
3 1143 1082 1151 
3 1143 1161 1144 
3 1014 1043 1015 
3 1006 1008 1160 
3 1162 1127 1126 
3 1127 1162 1158 
3 1127 1021 1020 
3 1148 1146 1163 
3 1013 1076 1014 
3 1011 1164 1133 
3 1164 1011 1084 
3 1123 1002 1165 
3 1115 1001 1069 
3 1129 1088 1159 
3 1018 1022 1054 
3 997 1006 998 
3 1038 1040 1090 
3 1049 1085 1166 
3 1002 1004 1150 
3 1089 1032 1031 
3 1028 1112 1094 
3 1142 1122 1123 
3 1148 1167 1042 
3 1167 1070 1042 
3 1032 1089 1041 
3 1041 1089 1040 
3 1030 1024 1026 
3 1138 1037 1003 
3 1142 1123 1165 
3 1005 1138 1003 
3 1037 1034 1004 
3 1152 1138 1168 
3 1138 1169 1168 
3 1148 1163 1167 
3 1148 1039 1147 
3 1039 1148 1042 
3 1091 1039 1107 
3 1003 1037 1004 
3 1037 1152 1058 
3 1152 1037 1138 
3 1153 1152 1168 
3 1033 996 1035 
3 1137 1169 1138 
3 1085 1129 1166 
3 1170 1141 1171 
3 1141 1140 1171 
3 1029 1171 1027 
3 1171 1172 1028 
3 1028 1173 1112 
3 1173 1095 1097 
3 1067 1066 1080 
3 1100 1068 1067 
3 1124 1078 1114 
3 1078 1120 999 
3 1115 1078 1001 
3 999 1121 1119 
3 1174 1121 1175 
3 1121 1176 1175 
3 1177 1141 1071 
3 1032 1170 1029 
3 1029 1027 1024 
3 1112 1173 1097 
3 1171 1028 1027 
3 1121 1174 1122 
3 1119 1122 1117 
3 1117 1142 1118 
3 1174 1005 1122 
3 1175 1178 1137 
3 1005 1174 1137 
3 1178 1169 1137 
3 1071 1032 1042 
3 1158 1162 1155 
3 1174 1175 1137 
3 1022 1021 1093 
3 1179 1061 1180 
3 1180 1181 1179 
3 1140 1182 1062 
3 1183 1060 1062 
3 1062 1182 1183 
3 1172 1062 1181 
3 1173 1181 1098 
3 1079 1098 1184 
3 1185 1184 1186 
3 1187 1185 1186 
3 1184 1098 1186 
3 1099 1184 1101 
3 1124 1101 1072 
3 1098 1187 1186 
3 1120 1072 1136 
3 1075 1136 1074 
3 1136 1072 1074 
3 1176 1136 1188 
3 1140 1139 1182 
3 1140 1172 1171 
3 1172 1140 1062 
3 1172 1173 1028 
3 1173 1172 1181 
3 1173 1098 1095 
3 1079 1099 1080 
3 1099 1079 1184 
3 1101 1124 1100 
3 1124 1120 1078 
3 1120 1124 1072 
3 1120 1176 1121 
3 1176 1120 1136 
3 1189 1176 1188 
3 1023 1127 1020 
3 1021 1091 1093 
3 1124 1068 1100 
3 1157 1154 1155 
3 1076 1013 1008 
3 1175 1176 1189 
3 1102 1190 1064 
3 1141 1170 1071 
3 1134 1108 1063 
3 1108 1064 1063 
3 1064 1190 1191 
3 1065 1064 1191 
3 1190 1192 1191 
3 1104 1109 1190 
3 1102 1104 1190 
3 1109 1192 1190 
3 1170 1032 1071 
3 1070 1177 1071 
3 1101 1184 1193 
3 1185 1194 1193 
3 1194 1101 1193 
3 1184 1185 1193 
3 1098 1181 1195 
3 1180 1187 1195 
3 1187 1098 1195 
3 1181 1180 1195 
3 1188 1136 1196 
3 1135 1196 1136 
3 1181 1062 1179 
3 1062 1061 1179 
3 1072 1101 1197 
3 1194 1073 1197 
3 1073 1072 1197 
3 1101 1194 1197 
3 1084 1009 1033 
3 1058 1084 1033 
3 1021 1158 1091 
3 1158 1147 1091 
3 1130 1052 1048 
3 1083 1164 1084 
3 1170 1171 1029 
3 1198 1199 1200 
3 1201 1202 1203 
3 1204 1201 1203 
3 1205 1206 1207 
3 1208 1209 1210 
3 1206 1205 1200 
3 1205 1198 1200 
3 1199 1206 1200 
3 1202 1211 1203 
3 1212 1213 1207 
3 1213 1205 1207 
3 1206 1212 1207 
3 1214 1215 1216 
3 1209 1208 1217 
3 1208 1213 1217 
3 1212 1209 1217 
3 1218 1216 1210 
3 1216 1208 1210 
3 1209 1218 1210 
3 1219 1216 1215 
3 1213 1212 1217 
3 1220 1221 1222 
3 1223 1224 1225 
3 1223 1226 1227 
3 1226 1223 1202 
3 1223 1225 1202 
3 1228 1223 1227 
3 1226 1201 1229 
3 1230 1229 1231 
3 1226 1202 1201 
3 1227 1226 1230 
3 1232 1233 1234 
3 1233 1232 1198 
3 1232 1201 1198 
3 1235 1230 1231 
3 1233 1236 1237 
3 1236 1233 1205 
3 1233 1198 1205 
3 1236 1238 1239 
3 1238 1236 1213 
3 1236 1205 1213 
3 1238 1240 1241 
3 1240 1238 1208 
3 1238 1213 1208 
3 1241 1242 1243 
3 1240 1244 1245 
3 1244 1240 1216 
3 1240 1208 1216 
3 1242 1241 1246 
3 1247 1244 1219 
3 1244 1216 1219 
3 1245 1244 1248 
3 1249 1250 1251 
3 1249 1252 1250 
3 1252 1253 1250 
3 1227 1230 1253 
3 1252 1227 1253 
3 1254 1255 1256 
3 1257 1254 1256 
3 1254 1258 1255 
3 1231 1232 1259 
3 1232 1234 1259 
3 1260 1261 1255 
3 1229 1232 1231 
3 1201 1232 1229 
3 1262 1230 1263 
3 1264 1265 1266 
3 1267 1268 1252 
3 1269 1270 1271 
3 1250 1262 1251 
3 1272 1273 1274 
3 1275 1276 1273 
3 1277 1278 1279 
3 1276 1280 1281 
3 1276 1275 1280 
3 1282 1283 1280 
3 1276 1278 1284 
3 1281 1283 1285 
3 1286 1287 1288 
3 1249 1267 1252 
3 1289 1228 1290 
3 1268 1227 1252 
3 1276 1291 1273 
3 1268 1228 1227 
3 1253 1262 1250 
3 1235 1259 1292 
3 1230 1226 1229 
3 1230 1235 1263 
3 1243 1242 1293 
3 1241 1240 1294 
3 1245 1275 1273 
3 1241 1294 1246 
3 1238 1241 1243 
3 1275 1248 1280 
3 1275 1245 1248 
3 1237 1236 1295 
3 1296 1258 1297 
3 1298 1299 1300 
3 1299 1301 1300 
3 1302 1220 1301 
3 1303 1302 1301 
3 1299 1304 1303 
3 1302 1305 1221 
3 1220 1302 1221 
3 1306 1307 1308 
3 1309 1310 1311 
3 1310 1270 1311 
3 1269 1271 1312 
3 1270 1267 1271 
3 1267 1249 1271 
3 1310 1266 1270 
3 1266 1267 1270 
3 1313 1314 1264 
3 1313 1315 1314 
3 1313 1310 1316 
3 1310 1313 1266 
3 1313 1264 1266 
3 1315 1313 1316 
3 1317 1305 1318 
3 1317 1318 1319 
3 1320 1321 1322 
3 1321 1320 1281 
3 1291 1276 1284 
3 1323 1321 1285 
3 1321 1281 1285 
3 1322 1321 1324 
3 1236 1239 1295 
3 1325 1326 1327 
3 1326 1325 1328 
3 1328 1325 1329 
3 1326 1302 1303 
3 1299 1303 1301 
3 1326 1328 1302 
3 1327 1326 1304 
3 1304 1299 1330 
3 1260 1330 1331 
3 1330 1307 1331 
3 1331 1306 1332 
3 1258 1260 1255 
3 1254 1257 1333 
3 1334 1335 1336 
3 1337 1338 1339 
3 1334 1336 1340 
3 1335 1334 1341 
3 1342 1343 1344 
3 1345 1346 1347 
3 1343 1348 1349 
3 1348 1343 1350 
3 1343 1342 1350 
3 1347 1343 1349 
3 1350 1351 1352 
3 1353 1354 1329 
3 1354 1353 1315 
3 1354 1316 1328 
3 1354 1315 1316 
3 1305 1317 1221 
3 1300 1220 1355 
3 1304 1326 1303 
3 1343 1347 1344 
3 1356 1357 1358 
3 1322 1351 1350 
3 1351 1359 1352 
3 1359 1351 1324 
3 1351 1322 1324 
3 1211 1202 1360 
3 1361 1286 1297 
3 1235 1231 1259 
3 1280 1283 1281 
3 1255 1261 1256 
3 1297 1288 1362 
3 1363 1296 1364 
3 1365 1366 1363 
3 1297 1286 1288 
3 1367 1368 1369 
3 1370 1371 1304 
3 1371 1327 1304 
3 1370 1366 1365 
3 1366 1370 1330 
3 1370 1304 1330 
3 1260 1258 1372 
3 1202 1373 1360 
3 1366 1330 1260 
3 1258 1361 1297 
3 1361 1258 1254 
3 1367 1361 1333 
3 1361 1254 1333 
3 1367 1374 1368 
3 1374 1367 1345 
3 1367 1333 1345 
3 1375 1374 1347 
3 1374 1345 1347 
3 1375 1347 1349 
3 1248 1282 1280 
3 1233 1376 1234 
3 1224 1223 1228 
3 1266 1265 1290 
3 1305 1310 1318 
3 1310 1309 1318 
3 1256 1261 1377 
3 1332 1306 1378 
3 1260 1331 1332 
3 1261 1260 1332 
3 1307 1306 1331 
3 1299 1298 1307 
3 1330 1299 1307 
3 1379 1272 1274 
3 1379 1294 1272 
3 1380 1339 1381 
3 1380 1320 1339 
3 1320 1337 1339 
3 1334 1340 1382 
3 1336 1333 1340 
3 1333 1257 1340 
3 1345 1333 1336 
3 1335 1345 1336 
3 1383 1346 1335 
3 1346 1345 1335 
3 1342 1357 1356 
3 1337 1342 1356 
3 1346 1383 1384 
3 1385 1346 1384 
3 1344 1346 1385 
3 1357 1385 1384 
3 1347 1346 1344 
3 1357 1384 1386 
3 1338 1337 1356 
3 1242 1246 1387 
3 1239 1238 1243 
3 1294 1379 1246 
3 1240 1245 1294 
3 1277 1279 1388 
3 1320 1380 1279 
3 1278 1320 1279 
3 1284 1277 1389 
3 1278 1277 1284 
3 1281 1320 1278 
3 1276 1281 1278 
3 1218 1214 1216 
3 1342 1344 1385 
3 1316 1310 1305 
3 1230 1262 1253 
3 1320 1322 1337 
3 1294 1245 1272 
3 1359 1390 1352 
3 1354 1328 1329 
3 1244 1247 1248 
3 1348 1350 1352 
3 1311 1269 1391 
3 1274 1291 1392 
3 1376 1233 1237 
3 1257 1256 1377 
3 1339 1338 1381 
3 1259 1234 1292 
3 1261 1332 1378 
3 1307 1298 1308 
3 1338 1356 1358 
3 1384 1383 1386 
3 1271 1249 1312 
3 1309 1311 1391 
3 1291 1284 1389 
3 1279 1380 1388 
3 1379 1274 1392 
3 1298 1300 1355 
3 1221 1317 1222 
3 1383 1335 1341 
3 1340 1257 1382 
3 1246 1379 1387 
3 1239 1243 1293 
3 1318 1309 1319 
3 1270 1269 1311 
3 1245 1273 1272 
3 1324 1321 1323 
3 1301 1220 1300 
3 1267 1266 1290 
3 1367 1369 1393 
3 1362 1394 1297 
3 1366 1260 1372 
3 1364 1296 1394 
3 1296 1297 1394 
3 1361 1393 1286 
3 1369 1287 1286 
3 1393 1369 1286 
3 1268 1267 1290 
3 1265 1289 1290 
3 1204 1199 1395 
3 1198 1201 1395 
3 1199 1198 1395 
3 1201 1204 1395 
3 1202 1225 1373 
3 1350 1342 1337 
3 1322 1350 1337 
3 1302 1328 1305 
3 1328 1316 1305 
3 1258 1296 1372 
3 1363 1366 1372 
3 1296 1363 1372 
3 1228 1268 1290 
3 1359 1396 1390 
3 1273 1291 1274 
3 1397 1353 1398 
3 1398 1353 1329 
3 1361 1367 1393 
3 1357 1342 1385 
3 1203 1211 1204 
3 1399 1400 1401 
3 1402 1403 1404 
3 1400 1405 1406 
3 1407 1408 1409 
3 1408 1410 1409 
3 1405 1407 1409 
3 1411 1412 1413 
3 1403 1402 1414 
3 1402 1408 1414 
3 1407 1403 1414 
3 1415 1416 1404 
3 1416 1402 1404 
3 1403 1415 1404 
3 1417 1418 1419 
3 1418 1416 1419 
3 1415 1417 1419 
3 1408 1407 1414 
3 1410 1405 1409 
3 1413 1420 1411 
3 1416 1415 1419 
3 1421 1400 1406 
3 1422 1423 1424 
3 1423 1425 1424 
3 1426 1423 1422 
3 1427 1423 1426 
3 1428 1429 1430 
3 1431 1432 1428 
3 1428 1430 1433 
3 1432 1429 1428 
3 1434 1435 1436 
3 1437 1438 1439 
3 1440 1441 1437 
3 1442 1440 1437 
3 1440 1443 1441 
3 1438 1436 1444 
3 1440 1445 1443 
3 1446 1447 1448 
3 1447 1449 1448 
3 1449 1450 1451 
3 1447 1407 1450 
3 1449 1447 1450 
3 1418 1417 1452 
3 1453 1454 1455 
3 1456 1457 1453 
3 1399 1458 1400 
3 1459 1460 1461 
3 1400 1462 1405 
3 1405 1463 1407 
3 1407 1447 1403 
3 1403 1464 1415 
3 1423 1465 1466 
3 1415 1467 1417 
3 1417 1468 1413 
3 1413 1469 1420 
3 1470 1458 1399 
3 1471 1458 1470 
3 1462 1458 1472 
3 1458 1462 1400 
3 1458 1471 1472 
3 1463 1462 1473 
3 1462 1463 1405 
3 1462 1472 1473 
3 1407 1463 1450 
3 1463 1474 1451 
3 1450 1463 1451 
3 1473 1474 1463 
3 1464 1447 1446 
3 1447 1464 1403 
3 1415 1464 1475 
3 1475 1464 1476 
3 1468 1467 1477 
3 1467 1468 1417 
3 1478 1477 1479 
3 1469 1468 1480 
3 1468 1469 1413 
3 1481 1480 1482 
3 1469 1483 1420 
3 1469 1480 1484 
3 1485 1486 1487 
3 1472 1488 1489 
3 1471 1488 1472 
3 1490 1478 1491 
3 1478 1479 1492 
3 1493 1494 1490 
3 1480 1495 1484 
3 1471 1496 1497 
3 1498 1499 1500 
3 1501 1502 1503 
3 1502 1504 1503 
3 1473 1498 1505 
3 1480 1468 1494 
3 1480 1494 1482 
3 1506 1493 1507 
3 1508 1495 1481 
3 1509 1484 1510 
3 1495 1508 1510 
3 1454 1508 1481 
3 1511 1509 1510 
3 1512 1511 1510 
3 1497 1513 1514 
3 1513 1515 1514 
3 1516 1502 1517 
3 1514 1504 1502 
3 1457 1508 1453 
3 1518 1512 1457 
3 1511 1512 1519 
3 1520 1475 1476 
3 1467 1415 1475 
3 1520 1467 1475 
3 1521 1522 1523 
3 1504 1432 1522 
3 1521 1504 1522 
3 1524 1525 1526 
3 1527 1524 1526 
3 1524 1460 1525 
3 1460 1528 1525 
3 1529 1485 1528 
3 1486 1485 1529 
3 1440 1442 1486 
3 1530 1440 1486 
3 1425 1466 1531 
3 1460 1529 1528 
3 1532 1533 1534 
3 1443 1535 1441 
3 1536 1418 1452 
3 1412 1536 1413 
3 1429 1426 1422 
3 1515 1537 1514 
3 1538 1516 1517 
3 1504 1521 1503 
3 1512 1508 1457 
3 1518 1457 1539 
3 1540 1518 1539 
3 1512 1541 1519 
3 1542 1537 1515 
3 1543 1537 1542 
3 1504 1537 1544 
3 1537 1504 1514 
3 1537 1543 1544 
3 1432 1431 1522 
3 1522 1431 1523 
3 1434 1518 1545 
3 1541 1518 1546 
3 1518 1541 1512 
3 1541 1547 1519 
3 1541 1546 1548 
3 1549 1546 1434 
3 1535 1549 1434 
3 1477 1467 1479 
3 1543 1550 1544 
3 1430 1422 1424 
3 1551 1427 1426 
3 1552 1553 1461 
3 1445 1554 1443 
3 1546 1555 1548 
3 1550 1556 1557 
3 1556 1550 1543 
3 1556 1558 1557 
3 1556 1559 1558 
3 1544 1550 1560 
3 1560 1550 1557 
3 1560 1551 1429 
3 1535 1438 1441 
3 1535 1554 1549 
3 1561 1555 1562 
3 1555 1561 1548 
3 1555 1549 1562 
3 1563 1561 1564 
3 1551 1565 1566 
3 1565 1551 1560 
3 1429 1551 1426 
3 1430 1429 1422 
3 1551 1566 1427 
3 1425 1423 1466 
3 1466 1465 1567 
3 1423 1427 1465 
3 1465 1568 1567 
3 1568 1527 1569 
3 1567 1568 1569 
3 1525 1570 1526 
3 1527 1568 1524 
3 1526 1570 1571 
3 1460 1530 1529 
3 1530 1486 1529 
3 1554 1535 1443 
3 1440 1530 1445 
3 1572 1554 1573 
3 1554 1572 1549 
3 1554 1445 1573 
3 1441 1438 1437 
3 1566 1574 1427 
3 1427 1575 1465 
3 1465 1576 1568 
3 1568 1577 1524 
3 1524 1552 1460 
3 1460 1459 1530 
3 1530 1578 1445 
3 1445 1579 1573 
3 1574 1575 1427 
3 1576 1575 1580 
3 1575 1576 1465 
3 1576 1577 1568 
3 1576 1580 1581 
3 1552 1577 1532 
3 1577 1552 1524 
3 1577 1533 1532 
3 1460 1552 1461 
3 1578 1459 1582 
3 1459 1578 1530 
3 1459 1461 1583 
3 1578 1579 1445 
3 1533 1581 1584 
3 1533 1584 1534 
3 1534 1585 1532 
3 1461 1553 1586 
3 1583 1461 1586 
3 1546 1518 1434 
3 1565 1560 1557 
3 1401 1400 1587 
3 1555 1546 1549 
3 1549 1572 1562 
3 1449 1451 1588 
3 1535 1436 1438 
3 1508 1512 1510 
3 1585 1589 1532 
3 1454 1506 1507 
3 1454 1481 1506 
3 1481 1482 1506 
3 1494 1493 1482 
3 1477 1478 1490 
3 1494 1477 1490 
3 1468 1477 1494 
3 1467 1520 1479 
3 1538 1517 1590 
3 1500 1489 1538 
3 1502 1501 1517 
3 1474 1473 1505 
3 1516 1514 1502 
3 1499 1489 1500 
3 1472 1489 1499 
3 1473 1472 1499 
3 1498 1473 1499 
3 1540 1539 1591 
3 1435 1434 1545 
3 1457 1456 1539 
3 1592 1567 1569 
3 1592 1466 1567 
3 1570 1528 1593 
3 1528 1570 1525 
3 1504 1544 1432 
3 1482 1493 1506 
3 1518 1540 1545 
3 1483 1469 1484 
3 1564 1561 1562 
3 1569 1527 1594 
3 1595 1476 1446 
3 1476 1464 1446 
3 1476 1595 1520 
3 1516 1497 1514 
3 1539 1456 1591 
3 1435 1545 1596 
3 1528 1485 1593 
3 1527 1526 1571 
3 1424 1425 1597 
3 1431 1428 1433 
3 1436 1435 1444 
3 1442 1437 1439 
3 1501 1503 1598 
3 1479 1520 1492 
3 1493 1490 1491 
3 1517 1501 1590 
3 1456 1453 1455 
3 1451 1474 1588 
3 1592 1569 1594 
3 1466 1592 1531 
3 1486 1442 1487 
3 1577 1576 1533 
3 1545 1540 1596 
3 1508 1454 1453 
3 1541 1548 1547 
3 1500 1599 1498 
3 1400 1421 1587 
3 1535 1434 1436 
3 1586 1553 1589 
3 1553 1532 1589 
3 1516 1538 1489 
3 1576 1581 1533 
3 1488 1516 1489 
3 1516 1488 1497 
3 1496 1513 1497 
3 1417 1413 1452 
3 1413 1536 1452 
3 1560 1429 1432 
3 1544 1560 1432 
3 1430 1424 1597 
3 1582 1459 1583 
3 1495 1480 1481 
3 1553 1552 1532 
3 1405 1410 1406 
3 1599 1500 1538 
3 1484 1495 1510 
3 1503 1521 1598 
3 1488 1471 1497 
3 1410 1421 1406 
3 1600 1601 1602 
3 1603 1604 1605 
3 1606 1607 1608 
3 1604 1609 1605 
3 1610 1611 1612 
3 1600 1610 1601 
3 1609 1600 1602 
3 1613 1611 1614 
3 1609 1615 1600 
3 1616 1605 1609 
3 1617 1618 1619 
3 1603 1620 1604 
3 1621 1620 1622 
3 1621 1623 1604 
3 1624 1625 1626 
3 1627 1624 1626 
3 1628 1629 1630 
3 1625 1611 1631 
3 1611 1625 1612 
3 1626 1625 1631 
3 1631 1611 1613 
3 1615 1623 1632 
3 1623 1615 1609 
3 1613 1615 1632 
3 1633 1634 1635 
3 1623 1609 1604 
3 1636 1637 1635 
3 1638 1634 1633 
3 1637 1639 1633 
3 1623 1621 1637 
3 1632 1623 1637 
3 1635 1634 1640 
3 1641 1642 1643 
3 1613 1632 1642 
3 1644 1613 1642 
3 1644 1641 1645 
3 1646 1647 1638 
3 1632 1636 1643 
3 1648 1613 1644 
3 1641 1643 1649 
3 1650 1607 1648 
3 1631 1613 1648 
3 1620 1621 1604 
3 1621 1651 1639 
3 1651 1621 1622 
3 1637 1621 1639 
3 1652 1653 1654 
3 1647 1646 1655 
3 1646 1656 1655 
3 1657 1652 1656 
3 1652 1658 1656 
3 1646 1659 1657 
3 1658 1654 1660 
3 1661 1662 1663 
3 1664 1662 1661 
3 1665 1664 1661 
3 1662 1664 1666 
3 1664 1667 1666 
3 1662 1666 1668 
3 1669 1670 1671 
3 1672 1673 1674 
3 1651 1675 1659 
3 1639 1651 1659 
3 1659 1675 1676 
3 1677 1678 1679 
3 1680 1681 1682 
3 1683 1684 1680 
3 1684 1681 1680 
3 1685 1686 1687 
3 1688 1682 1689 
3 1690 1691 1692 
3 1674 1693 1691 
3 1681 1694 1695 
3 1696 1697 1698 
3 1618 1699 1697 
3 1696 1618 1697 
3 1700 1619 1701 
3 1702 1700 1703 
3 1704 1702 1703 
3 1705 1706 1707 
3 1706 1705 1627 
3 1708 1705 1707 
3 1696 1698 1709 
3 1710 1669 1686 
3 1706 1627 1626 
3 1706 1667 1664 
3 1667 1706 1626 
3 1707 1706 1664 
3 1667 1626 1631 
3 1667 1631 1607 
3 1607 1631 1648 
3 1641 1644 1642 
3 1642 1632 1643 
3 1636 1632 1637 
3 1637 1633 1635 
3 1639 1646 1638 
3 1639 1638 1633 
3 1711 1688 1630 
3 1646 1639 1659 
3 1659 1712 1657 
3 1712 1652 1657 
3 1656 1658 1655 
3 1712 1659 1676 
3 1712 1713 1714 
3 1713 1712 1676 
3 1652 1712 1714 
3 1713 1715 1714 
3 1716 1708 1717 
3 1708 1716 1718 
3 1719 1716 1717 
3 1720 1708 1707 
3 1717 1708 1720 
3 1672 1721 1722 
3 1720 1707 1665 
3 1673 1720 1665 
3 1723 1724 1725 
3 1653 1726 1654 
3 1707 1664 1665 
3 1727 1714 1715 
3 1728 1665 1661 
3 1715 1729 1730 
3 1729 1715 1731 
3 1727 1715 1730 
3 1655 1658 1732 
3 1733 1734 1729 
3 1730 1729 1734 
3 1673 1665 1735 
3 1736 1719 1717 
3 1736 1737 1738 
3 1737 1736 1717 
3 1737 1717 1720 
3 1737 1673 1672 
3 1673 1737 1720 
3 1738 1737 1672 
3 1721 1672 1674 
3 1693 1674 1739 
3 1740 1741 1742 
3 1743 1704 1744 
3 1653 1743 1740 
3 1743 1745 1746 
3 1745 1743 1727 
3 1667 1606 1666 
3 1745 1727 1730 
3 1745 1747 1748 
3 1747 1745 1730 
3 1746 1745 1748 
3 1747 1730 1734 
3 1724 1749 1725 
3 1615 1613 1614 
3 1708 1718 1705 
3 1750 1738 1672 
3 1690 1721 1691 
3 1751 1721 1694 
3 1721 1674 1691 
3 1681 1684 1694 
3 1752 1704 1703 
3 1741 1743 1744 
3 1617 1702 1679 
3 1679 1702 1746 
3 1753 1677 1679 
3 1753 1746 1748 
3 1678 1617 1679 
3 1754 1751 1684 
3 1711 1683 1680 
3 1711 1680 1682 
3 1628 1630 1755 
3 1629 1711 1630 
3 1721 1690 1694 
3 1756 1710 1686 
3 1619 1696 1701 
3 1699 1756 1697 
3 1697 1756 1698 
3 1618 1617 1678 
3 1757 1758 1759 
3 1754 1757 1759 
3 1757 1754 1684 
3 1757 1683 1723 
3 1683 1757 1684 
3 1758 1757 1723 
3 1688 1711 1682 
3 1683 1629 1724 
3 1629 1683 1711 
3 1723 1683 1724 
3 1629 1760 1761 
3 1760 1629 1628 
3 1724 1629 1761 
3 1670 1762 1671 
3 1760 1763 1762 
3 1760 1670 1764 
3 1670 1760 1762 
3 1761 1760 1764 
3 1670 1710 1765 
3 1710 1670 1669 
3 1764 1670 1765 
3 1710 1699 1766 
3 1699 1710 1756 
3 1765 1710 1766 
3 1756 1685 1698 
3 1699 1767 1768 
3 1767 1699 1618 
3 1766 1699 1768 
3 1767 1618 1678 
3 1768 1767 1769 
3 1650 1648 1644 
3 1770 1758 1771 
3 1772 1773 1725 
3 1773 1723 1725 
3 1724 1761 1749 
3 1749 1772 1725 
3 1774 1772 1749 
3 1761 1774 1749 
3 1775 1766 1776 
3 1777 1768 1778 
3 1652 1654 1658 
3 1751 1754 1722 
3 1763 1760 1628 
3 1750 1672 1722 
3 1665 1728 1735 
3 1685 1756 1686 
3 1739 1779 1780 
3 1674 1673 1739 
3 1673 1779 1739 
3 1703 1700 1781 
3 1754 1782 1722 
3 1743 1741 1740 
3 1638 1647 1783 
3 1741 1744 1784 
3 1704 1752 1744 
3 1746 1702 1704 
3 1743 1746 1704 
3 1726 1740 1742 
3 1726 1653 1740 
3 1735 1728 1785 
3 1779 1673 1735 
3 1773 1770 1771 
3 1727 1743 1653 
3 1643 1636 1649 
3 1650 1644 1645 
3 1630 1688 1755 
3 1786 1775 1776 
3 1654 1726 1660 
3 1647 1655 1732 
3 1728 1661 1663 
3 1666 1606 1668 
3 1634 1638 1783 
3 1693 1739 1780 
3 1779 1735 1785 
3 1607 1650 1608 
3 1698 1685 1709 
3 1752 1703 1781 
3 1686 1669 1687 
3 1682 1681 1689 
3 1691 1693 1692 
3 1636 1635 1640 
3 1744 1752 1784 
3 1694 1690 1695 
3 1753 1679 1746 
3 1723 1773 1771 
3 1731 1715 1713 
3 1646 1657 1656 
3 1769 1787 1778 
3 1787 1777 1778 
3 1768 1769 1778 
3 1758 1723 1771 
3 1721 1751 1722 
3 1782 1750 1722 
3 1702 1617 1619 
3 1700 1702 1619 
3 1768 1777 1776 
3 1777 1786 1776 
3 1766 1768 1776 
3 1788 1765 1775 
3 1786 1788 1775 
3 1765 1766 1775 
3 1765 1788 1789 
3 1790 1764 1789 
3 1788 1790 1789 
3 1764 1765 1789 
3 1764 1790 1791 
3 1774 1761 1791 
3 1790 1774 1791 
3 1761 1764 1791 
3 1714 1727 1653 
3 1652 1714 1653 
3 1602 1616 1609 
3 1600 1615 1614 
3 1611 1610 1614 
3 1610 1600 1614 
3 1684 1751 1694 
3 1719 1792 1716 
3 1606 1667 1607 
3 1767 1678 1793 
3 1769 1767 1793 
3 1618 1696 1619 
3 1794 1795 1796 
3 1795 1797 1796 
3 1796 1798 1799 
3 1798 1797 1800 
3 1797 1801 1800 
3 1802 1803 1804 
3 1805 1806 1807 
3 1808 1807 1809 
3 1810 1811 1812 
3 1813 1814 1815 
3 1816 1817 1813 
3 1818 1816 1815 
3 1819 1820 1821 
3 1814 1822 1823 
3 1822 1824 1823 
3 1825 1826 1827 
3 1822 1828 1824 
3 1828 1829 1824 
3 1828 1830 1829 
3 1830 1831 1829 
3 1832 1833 1834 
3 1819 1835 1820 
3 1836 1819 1837 
3 1838 1839 1840 
3 1841 1842 1843 
3 1844 1845 1842 
3 1845 1818 1842 
3 1841 1846 1844 
3 1846 1841 1847 
3 1848 1826 1849 
3 1827 1850 1851 
3 1840 1848 1852 
3 1839 1848 1840 
3 1826 1848 1839 
3 1853 1854 1855 
3 1856 1857 1853 
3 1858 1859 1860 
3 1859 1811 1860 
3 1861 1862 1863 
3 1858 1860 1864 
3 1865 1866 1867 
3 1868 1865 1867 
3 1869 1861 1866 
3 1870 1869 1866 
3 1867 1861 1871 
3 1872 1873 1850 
3 1822 1814 1813 
3 1874 1875 1876 
3 1831 1877 1878 
3 1879 1880 1838 
3 1841 1844 1842 
3 1826 1825 1849 
3 1881 1836 1837 
3 1882 1883 1884 
3 1802 1885 1886 
3 1887 1888 1889 
3 1888 1890 1889 
3 1891 1892 1893 
3 1894 1888 1887 
3 1895 1887 1896 
3 1887 1897 1896 
3 1898 1899 1896 
3 1900 1887 1895 
3 1827 1895 1901 
3 1902 1903 1904 
3 1872 1901 1905 
3 1906 1905 1904 
3 1905 1902 1904 
3 1903 1906 1904 
3 1903 1907 1908 
3 1836 1905 1906 
3 1909 1906 1908 
3 1906 1903 1908 
3 1910 1909 1908 
3 1835 1906 1909 
3 1911 1909 1910 
3 1912 1911 1910 
3 1911 1912 1913 
3 1870 1909 1911 
3 1894 1914 1915 
3 1803 1911 1916 
3 1873 1872 1881 
3 1914 1894 1880 
3 1879 1914 1880 
3 1900 1894 1887 
3 1894 1900 1880 
3 1880 1900 1826 
3 1838 1880 1839 
3 1827 1900 1895 
3 1900 1827 1826 
3 1825 1827 1851 
3 1872 1827 1901 
3 1827 1872 1850 
3 1836 1872 1905 
3 1872 1836 1881 
3 1835 1865 1820 
3 1835 1836 1906 
3 1836 1835 1819 
3 1865 1868 1820 
3 1870 1835 1909 
3 1835 1870 1865 
3 1803 1870 1911 
3 1870 1803 1869 
3 1869 1803 1802 
3 1917 1869 1802 
3 1798 1800 1918 
3 1879 1919 1914 
3 1920 1919 1921 
3 1879 1857 1921 
3 1857 1879 1838 
3 1869 1917 1862 
3 1857 1922 1921 
3 1854 1840 1852 
3 1866 1861 1867 
3 1862 1858 1863 
3 1859 1917 1886 
3 1885 1923 1886 
3 1924 1859 1886 
3 1925 1801 1797 
3 1926 1920 1922 
3 1927 1926 1922 
3 1928 1801 1929 
3 1801 1930 1929 
3 1880 1826 1839 
3 1857 1838 1853 
3 1859 1924 1811 
3 1931 1932 1933 
3 1875 1933 1934 
3 1806 1805 1876 
3 1924 1935 1811 
3 1811 1810 1860 
3 1935 1808 1812 
3 1919 1879 1921 
3 1924 1923 1936 
3 1937 1924 1936 
3 1805 1874 1876 
3 1795 1794 1877 
3 1830 1795 1877 
3 1831 1830 1877 
3 1938 1822 1939 
3 1940 1941 1942 
3 1943 1940 1942 
3 1927 1941 1926 
3 1941 1927 1942 
3 1942 1927 1925 
3 1883 1942 1925 
3 1801 1927 1922 
3 1927 1801 1925 
3 1801 1928 1800 
3 1797 1798 1796 
3 1808 1935 1807 
3 1876 1875 1944 
3 1811 1935 1812 
3 1935 1805 1807 
3 1937 1935 1924 
3 1935 1937 1945 
3 1945 1937 1946 
3 1947 1945 1946 
3 1948 1937 1936 
3 1937 1948 1946 
3 1930 1856 1929 
3 1801 1922 1930 
3 1922 1857 1930 
3 1928 1929 1949 
3 1857 1856 1930 
3 1946 1948 1950 
3 1951 1946 1950 
3 1889 1890 1897 
3 1897 1887 1889 
3 1935 1945 1805 
3 1952 1832 1953 
3 1832 1834 1953 
3 1883 1943 1942 
3 1943 1883 1882 
3 1897 1898 1896 
3 1925 1954 1883 
3 1884 1883 1954 
3 1795 1954 1797 
3 1954 1925 1797 
3 1955 1954 1795 
3 1956 1829 1957 
3 1823 1956 1958 
3 1932 1931 1846 
3 1874 1931 1933 
3 1820 1868 1821 
3 1814 1823 1958 
3 1829 1831 1957 
3 1959 1874 1805 
3 1945 1959 1805 
3 1960 1874 1959 
3 1961 1947 1962 
3 1951 1947 1946 
3 1947 1951 1962 
3 1947 1961 1959 
3 1875 1874 1933 
3 1917 1802 1886 
3 1950 1963 1951 
3 1933 1932 1934 
3 1806 1876 1944 
3 1907 1910 1908 
3 1929 1856 1949 
3 1812 1808 1964 
3 1800 1928 1918 
3 1794 1796 1799 
3 1877 1794 1878 
3 1860 1810 1864 
3 1868 1867 1871 
3 1856 1853 1855 
3 1842 1818 1843 
3 1932 1846 1847 
3 1815 1814 1965 
3 1807 1806 1809 
3 1955 1884 1954 
3 1884 1955 1966 
3 1810 1812 1964 
3 1966 1955 1967 
3 1968 1966 1967 
3 1830 1955 1795 
3 1955 1830 1967 
3 1967 1830 1828 
3 1969 1967 1828 
3 1829 1956 1824 
3 1824 1956 1823 
3 1938 1828 1822 
3 1838 1854 1853 
3 1817 1822 1813 
3 1816 1813 1815 
3 1818 1815 1965 
3 1816 1818 1845 
3 1952 1816 1845 
3 1846 1970 1844 
3 1832 1845 1970 
3 1931 1970 1846 
3 1970 1845 1844 
3 1970 1931 1971 
3 1972 1970 1971 
3 1960 1931 1874 
3 1931 1960 1971 
3 1971 1960 1973 
3 1974 1971 1973 
3 1961 1960 1959 
3 1960 1961 1973 
3 1969 1968 1967 
3 1938 1969 1828 
3 1969 1938 1975 
3 1861 1869 1862 
3 1938 1976 1975 
3 1892 1817 1977 
3 1952 1817 1816 
3 1817 1952 1977 
3 1977 1952 1953 
3 1832 1952 1845 
3 1972 1832 1970 
3 1832 1972 1833 
3 1974 1972 1971 
3 1976 1892 1891 
3 1892 1977 1893 
3 1959 1945 1947 
3 1953 1978 1979 
3 1953 1834 1978 
3 1980 1916 1913 
3 1916 1911 1913 
3 1859 1858 1862 
3 1917 1859 1862 
3 1902 1905 1981 
3 1901 1982 1981 
3 1905 1901 1981 
3 1982 1902 1981 
3 1982 1901 1899 
3 1901 1895 1899 
3 1898 1982 1899 
3 1977 1979 1983 
3 1892 1976 1939 
3 1817 1892 1939 
3 1976 1938 1939 
3 1980 1913 1912 
3 1865 1870 1866 
3 1899 1895 1896 
3 1822 1817 1939 
3 1854 1838 1840 
3 1983 1984 1977 
3 1984 1893 1977 
3 1979 1978 1983 
3 1985 1940 1943 
3 1977 1953 1979 
3 1888 1894 1915 
3 1922 1920 1921 
3 1803 1916 1804 
3 1907 1912 1910 
3 1923 1924 1886 
3 1986 1987 1988 
3 1989 1990 1991 
3 1990 1992 1993 
3 1994 1992 1990 
3 1995 1992 1996 
3 1997 1998 1999 
3 2000 1995 1996 
3 2001 2002 1996 
3 2002 2003 2000 
3 2004 2005 2006 
3 2005 2007 2006 
3 2008 2004 2009 
3 2004 2008 2010 
3 2004 2006 2009 
3 2008 1989 1988 
3 2011 2012 2013 
3 1989 2008 2014 
3 2008 2009 2014 
3 1994 1989 2015 
3 1989 1994 1990 
3 1989 2014 2015 
3 2016 2014 2017 
3 2014 2018 2017 
3 2019 2020 2018 
3 2021 2022 2023 
3 2024 2025 2026 
3 1994 2015 2001 
3 2027 2002 2028 
3 2002 2027 2003 
3 2002 2001 2028 
3 2029 2011 2030 
3 2031 2027 2032 
3 2027 2028 2032 
3 1988 1989 1991 
3 2031 2032 2033 
3 2034 2035 2036 
3 2037 2035 2034 
3 2038 2037 2034 
3 2025 2024 2039 
3 2035 2037 2039 
3 2040 2041 2042 
3 2043 2044 2045 
3 2046 2047 2048 
3 2047 2049 2048 
3 2050 2051 2041 
3 2052 2053 2054 
3 2050 2040 2053 
3 2055 2038 2056 
3 2057 2058 2059 
3 2058 2057 2007 
3 2058 2060 2059 
3 2061 2060 2058 
3 2007 2057 2006 
3 2006 2057 2012 
3 2057 2059 2055 
3 2006 2011 2009 
3 2014 2009 2018 
3 2018 2020 2017 
3 2019 2029 2062 
3 2057 2055 2012 
3 2014 2016 2015 
3 2063 2001 2064 
3 2065 2066 2067 
3 2001 2015 2064 
3 2064 2015 2066 
3 2028 2001 2068 
3 2051 2069 2070 
3 2028 2071 2032 
3 2069 2032 2070 
3 2032 2069 2033 
3 2072 2069 2073 
3 2069 2072 2033 
3 2069 2051 2073 
3 2074 2072 2073 
3 2074 2075 2072 
3 2060 2076 2077 
3 2076 2060 2061 
3 2076 2078 2077 
3 2011 2013 2030 
3 2060 2077 2079 
3 2059 2079 2038 
3 2013 2080 2030 
3 2055 2059 2038 
3 2073 2081 2074 
3 2082 2081 2050 
3 2083 2074 2084 
3 2074 2083 2075 
3 2074 2081 2084 
3 2085 2086 2083 
3 2083 2084 2085 
3 2056 2087 2088 
3 2089 2090 2091 
3 2078 2092 2077 
3 2093 2092 2094 
3 2092 2093 2077 
3 2077 2093 2079 
3 2037 2093 2095 
3 2093 2037 2079 
3 2093 2094 2095 
3 2035 2039 2096 
3 2095 2097 2025 
3 2087 2038 2034 
3 2053 2040 2054 
3 2098 2082 2044 
3 2082 2050 2053 
3 2099 2082 2100 
3 2082 2099 2081 
3 2081 2099 2084 
3 2101 2099 2102 
3 2099 2101 2084 
3 2099 2100 2102 
3 2084 2101 2085 
3 2011 2029 2019 
3 2037 2095 2025 
3 2055 2080 2013 
3 2094 2103 2095 
3 2079 2037 2038 
3 2095 2103 2104 
3 2037 2025 2039 
3 2097 2021 2026 
3 2097 2105 2022 
3 2025 2097 2026 
3 2022 2106 2023 
3 2107 2106 2022 
3 2108 2109 2110 
3 2108 2111 2109 
3 2111 2098 2109 
3 2111 2112 2100 
3 2100 2113 2102 
3 2009 2011 2019 
3 2114 2115 2116 
3 2117 2105 2104 
3 2105 2117 2107 
3 2118 2119 2120 
3 2121 2091 2122 
3 2090 2089 2123 
3 2124 2046 2048 
3 2124 2048 2125 
3 2126 2108 2127 
3 2128 2129 2130 
3 2047 2130 2131 
3 2132 2129 2133 
3 2021 2097 2022 
3 2134 2117 2135 
3 2117 2134 2107 
3 2118 2134 2136 
3 2134 2118 2107 
3 2134 2137 2136 
3 2106 2120 2138 
3 2121 2118 2139 
3 2118 2121 2119 
3 2118 2136 2139 
3 2140 2122 2141 
3 2089 2121 2142 
3 2121 2089 2091 
3 2121 2139 2142 
3 2123 2143 2144 
3 2143 2089 2145 
3 2089 2143 2123 
3 2089 2142 2145 
3 2046 2143 2146 
3 2143 2046 2124 
3 2143 2145 2146 
3 2128 2046 2114 
3 2046 2128 2047 
3 2046 2146 2114 
3 2049 2047 2131 
3 2147 2128 2148 
3 2128 2147 2129 
3 2128 2114 2148 
3 2129 2147 2133 
3 2147 2148 2149 
3 2137 2150 2151 
3 2142 2139 2152 
3 2153 2152 2154 
3 2153 2155 2152 
3 2155 2142 2152 
3 2155 2156 2157 
3 2142 2155 2157 
3 2156 2145 2157 
3 2146 2145 2158 
3 2156 2159 2158 
3 2145 2156 2158 
3 2159 2146 2158 
3 2114 2146 2115 
3 2159 2160 2115 
3 2146 2159 2115 
3 2145 2142 2157 
3 2148 2161 2162 
3 2136 2137 2151 
3 2115 2160 2116 
3 2041 2051 2163 
3 2055 2056 2080 
3 2164 2028 2068 
3 2052 2082 2053 
3 2165 2129 2126 
3 2009 2019 2018 
3 2129 2165 2130 
3 2029 2030 2166 
3 2097 2095 2104 
3 2138 2140 2167 
3 2038 2087 2056 
3 2133 2168 2112 
3 2065 2064 2066 
3 2065 2063 2064 
3 2015 2016 2066 
3 2169 2068 2063 
3 2169 2164 2068 
3 2143 2124 2144 
3 2130 2165 2131 
3 2047 2128 2130 
3 2122 2091 2141 
3 2119 2121 2122 
3 2140 2119 2122 
3 2119 2140 2138 
3 2120 2119 2138 
3 2107 2118 2120 
3 2106 2107 2120 
3 2043 2098 2044 
3 2082 2052 2044 
3 2170 2071 1997 
3 2071 1998 1997 
3 2070 2071 2170 
3 2032 2071 2070 
3 2163 2051 2170 
3 1998 2164 2171 
3 2071 2028 2164 
3 1998 2071 2164 
3 2049 2131 2172 
3 2098 2043 2109 
3 2111 2100 2098 
3 2100 2082 2098 
3 2150 2173 2151 
3 1987 2008 1988 
3 1996 2002 2000 
3 2017 2020 2174 
3 2026 2021 2175 
3 2012 2055 2013 
3 2051 2070 2170 
3 2163 2170 1997 
3 2066 2016 2067 
3 2169 2063 2176 
3 2063 2065 2176 
3 2039 2024 2096 
3 2087 2034 2036 
3 2109 2043 2110 
3 2024 2026 2175 
3 2106 2138 2167 
3 1994 2001 1996 
3 2016 2017 2174 
3 2131 2165 2172 
3 2041 2163 2042 
3 2164 2169 2171 
3 2163 1997 1999 
3 2030 2080 2166 
3 2020 2019 2062 
3 2080 2056 2088 
3 2044 2052 2045 
3 2048 2049 2125 
3 2177 2117 2104 
3 2126 2127 2165 
3 2133 2147 2178 
3 2129 2132 2126 
3 2132 2133 2112 
3 2068 2001 2063 
3 2011 2006 2012 
3 2179 2149 2162 
3 2161 2179 2162 
3 2149 2148 2162 
3 1991 1990 2180 
3 1986 1991 2180 
3 2168 2113 2112 
3 2111 2132 2112 
3 2105 2097 2104 
3 2103 2177 2104 
3 2132 2111 2126 
3 2111 2108 2126 
3 1986 1988 1991 
3 2136 2173 2154 
3 2173 2153 2154 
3 2139 2136 2154 
3 2161 2148 2116 
3 2160 2161 2116 
3 2148 2114 2116 
3 2081 2073 2050 
3 2073 2051 2050 
3 2040 2050 2041 
3 2181 2180 1990 
3 1993 2181 1990 
3 2173 2136 2151 
3 2008 1987 2010 
3 1992 1994 1996 
3 2152 2139 2154 
3 2060 2079 2059 
3 1992 1995 1993 
3 2105 2107 2022 
3 2112 2113 2100 
3 2182 2078 2076 
3 2137 2134 2135 
3 2147 2149 2178 
3 2183 2184 2185 
3 2186 2187 2188 
3 2189 2190 2191 
3 2192 2193 2194 
3 2195 2196 2197 
3 2198 2199 2200 
3 2199 2201 2200 
3 2202 2203 2204 
3 2205 2206 2207 
3 2208 2205 2207 
3 2208 2207 2209 
3 2193 2210 2211 
3 2212 2213 2214 
3 2215 2212 2216 
3 2206 2186 2207 
3 2217 2218 2219 
3 2220 2221 2222 
3 2223 2224 2203 
3 2225 2226 2227 
3 2185 2228 2229 
3 2230 2231 2232 
3 2233 2192 2194 
3 2216 2234 2235 
3 2236 2237 2238 
3 2239 2240 2225 
3 2241 2242 2243 
3 2231 2230 2244 
3 2245 2246 2247 
3 2244 2248 2249 
3 2249 2217 2250 
3 2250 2251 2243 
3 2242 2250 2243 
3 2251 2241 2243 
3 2250 2223 2251 
3 2251 2202 2252 
3 2252 2237 2236 
3 2253 2252 2236 
3 2252 2201 2237 
3 2237 2254 2238 
3 2254 2255 2238 
3 2255 2254 2256 
3 2237 2257 2254 
3 2254 2258 2256 
3 2258 2259 2256 
3 2258 2260 2261 
3 2254 2260 2258 
3 2262 2253 2236 
3 2263 2264 2265 
3 2264 2263 2266 
3 2224 2223 2267 
3 2230 2239 2268 
3 2230 2248 2244 
3 2248 2230 2268 
3 2239 2269 2268 
3 2248 2268 2218 
3 2248 2217 2249 
3 2217 2248 2218 
3 2268 2266 2218 
3 2217 2223 2250 
3 2223 2217 2267 
3 2223 2202 2251 
3 2202 2223 2203 
3 2202 2201 2252 
3 2201 2202 2270 
3 2201 2257 2237 
3 2257 2201 2199 
3 2257 2260 2254 
3 2260 2257 2271 
3 2272 2199 2273 
3 2199 2198 2273 
3 2260 2271 2274 
3 2271 2275 2274 
3 2275 2271 2276 
3 2240 2226 2225 
3 2233 2269 2225 
3 2212 2214 2216 
3 2262 2236 2238 
3 2277 2276 2278 
3 2279 2275 2276 
3 2277 2279 2276 
3 2280 2281 2282 
3 2283 2284 2195 
3 2285 2220 2286 
3 2246 2287 2247 
3 2226 2288 2227 
3 2288 2289 2227 
3 2227 2290 2192 
3 2265 2233 2194 
3 2192 2290 2210 
3 2233 2227 2192 
3 2280 2279 2291 
3 2292 2293 2294 
3 2284 2280 2291 
3 2291 2279 2295 
3 2290 2296 2297 
3 2279 2277 2295 
3 2293 2284 2298 
3 2281 2280 2299 
3 2280 2300 2299 
3 2265 2194 2301 
3 2200 2270 2302 
3 2303 2304 2305 
3 2266 2268 2264 
3 2286 2306 2307 
3 2303 2306 2286 
3 2228 2285 2307 
3 2285 2286 2307 
3 2220 2308 2303 
3 2309 2304 2308 
3 2228 2307 2310 
3 2220 2311 2308 
3 2312 2183 2185 
3 2313 2184 2183 
3 2187 2313 2183 
3 2196 2195 2292 
3 2293 2298 2314 
3 2291 2315 2298 
3 2316 2317 2318 
3 2221 2319 2222 
3 2320 2321 2322 
3 2320 2289 2288 
3 2289 2320 2322 
3 2321 2323 2322 
3 2289 2322 2296 
3 2289 2290 2227 
3 2290 2289 2296 
3 2322 2324 2296 
3 2297 2317 2316 
3 2186 2206 2187 
3 2279 2280 2282 
3 2325 2197 2326 
3 2218 2266 2327 
3 2267 2217 2328 
3 2217 2219 2328 
3 2219 2218 2327 
3 2311 2329 2309 
3 2329 2330 2309 
3 2331 2325 2332 
3 2329 2331 2332 
3 2205 2208 2333 
3 2297 2205 2333 
3 2317 2297 2333 
3 2290 2297 2316 
3 2334 2290 2316 
3 2284 2293 2292 
3 2284 2291 2298 
3 2331 2195 2197 
3 2193 2192 2210 
3 2195 2284 2292 
3 2284 2300 2280 
3 2290 2334 2210 
3 2300 2284 2283 
3 2309 2330 2335 
3 2317 2333 2336 
3 2325 2331 2197 
3 2300 2283 2337 
3 2300 2338 2299 
3 2338 2300 2337 
3 2283 2190 2337 
3 2338 2337 2339 
3 2315 2291 2295 
3 2337 2340 2339 
3 2255 2262 2238 
3 2276 2341 2278 
3 2295 2277 2342 
3 2273 2198 2343 
3 2341 2272 2273 
3 2341 2271 2272 
3 2271 2257 2272 
3 2257 2199 2272 
3 2344 2345 2287 
3 2271 2341 2276 
3 2244 2287 2345 
3 2321 2346 2323 
3 2323 2324 2322 
3 2324 2323 2347 
3 2348 2324 2347 
3 2349 2296 2324 
3 2324 2348 2349 
3 2260 2274 2261 
3 2349 2350 2205 
3 2330 2329 2332 
3 2330 2332 2351 
3 2307 2306 2310 
3 2312 2185 2229 
3 2283 2352 2190 
3 2331 2353 2352 
3 2190 2340 2337 
3 2340 2190 2189 
3 2191 2190 2352 
3 2315 2295 2342 
3 2194 2193 2301 
3 2354 2339 2340 
3 2306 2303 2305 
3 2341 2273 2343 
3 2298 2315 2314 
3 2196 2292 2294 
3 2187 2312 2188 
3 2198 2200 2302 
3 2197 2196 2326 
3 2207 2186 2209 
3 2348 2350 2349 
3 2350 2348 2355 
3 2332 2325 2351 
3 2304 2309 2335 
3 2210 2334 2211 
3 2333 2208 2336 
3 2334 2316 2318 
3 2350 2355 2356 
3 2350 2206 2205 
3 2206 2350 2356 
3 2355 2357 2356 
3 2206 2356 2313 
3 2206 2313 2187 
3 2312 2187 2183 
3 2356 2358 2313 
3 2184 2228 2185 
3 2313 2212 2184 
3 2228 2184 2285 
3 2184 2215 2285 
3 2220 2303 2286 
3 2285 2221 2220 
3 2270 2202 2204 
3 2311 2309 2308 
3 2308 2304 2303 
3 2220 2359 2311 
3 2329 2311 2360 
3 2329 2353 2331 
3 2353 2329 2360 
3 2311 2361 2360 
3 2353 2360 2362 
3 2353 2191 2352 
3 2191 2353 2362 
3 2360 2363 2362 
3 2357 2358 2356 
3 2358 2212 2313 
3 2212 2358 2213 
3 2212 2215 2184 
3 2215 2216 2364 
3 2215 2221 2285 
3 2221 2215 2364 
3 2269 2239 2225 
3 2319 2221 2364 
3 2365 2364 2366 
3 2367 2359 2222 
3 2359 2361 2311 
3 2361 2359 2368 
3 2369 2274 2282 
3 2359 2220 2222 
3 2361 2363 2360 
3 2216 2214 2234 
3 2364 2216 2235 
3 2222 2319 2370 
3 2367 2222 2370 
3 2201 2270 2200 
3 2319 2364 2365 
3 2370 2319 2365 
3 2344 2231 2345 
3 2231 2244 2345 
3 2281 2369 2282 
3 2275 2279 2282 
3 2233 2265 2264 
3 2269 2233 2264 
3 2287 2244 2247 
3 2244 2249 2247 
3 2250 2242 2245 
3 2249 2250 2245 
3 2242 2246 2245 
3 2252 2253 2371 
3 2241 2251 2371 
3 2251 2252 2371 
3 2253 2241 2371 
3 2352 2283 2195 
3 2331 2352 2195 
3 2296 2349 2297 
3 2349 2205 2297 
3 2256 2259 2255 
3 2274 2275 2282 
3 2249 2245 2247 
3 2233 2225 2227 
3 2364 2235 2366 
3 2268 2269 2264 
3 2359 2367 2368 
3 2239 2230 2232 
3 2372 2373 2374 
3 2375 2376 2377 
3 2375 2378 2379 
3 2380 2381 2382 
3 2378 2383 2384 
3 2385 2386 2387 
3 2388 2389 2390 
3 2391 2392 2393 
3 2392 2394 2395 
3 2396 2397 2398 
3 2399 2392 2395 
3 2400 2401 2402 
3 2403 2404 2405 
3 2406 2407 2408 
3 2409 2410 2411 
3 2410 2412 2411 
3 2413 2414 2415 
3 2412 2416 2411 
3 2417 2418 2419 
3 2420 2421 2422 
3 2423 2424 2425 
3 2407 2423 2425 
3 2426 2427 2428 
3 2429 2426 2428 
3 2430 2431 2432 
3 2431 2433 2432 
3 2434 2435 2436 
3 2437 2434 2438 
3 2439 2440 2441 
3 2380 2442 2381 
3 2443 2417 2444 
3 2445 2439 2446 
3 2447 2448 2449 
3 2445 2450 2451 
3 2452 2453 2454 
3 2453 2455 2454 
3 2456 2457 2458 
3 2455 2456 2458 
3 2459 2460 2461 
3 2462 2459 2461 
3 2463 2464 2465 
3 2464 2460 2465 
3 2412 2410 2466 
3 2410 2467 2466 
3 2468 2467 2469 
3 2470 2468 2469 
3 2421 2447 2422 
3 2471 2392 2391 
3 2472 2473 2474 
3 2475 2476 2477 
3 2476 2478 2477 
3 2478 2479 2480 
3 2481 2482 2483 
3 2484 2481 2483 
3 2485 2486 2475 
3 2424 2423 2487 
3 2423 2373 2487 
3 2488 2489 2424 
3 2459 2462 2490 
3 2491 2484 2492 
3 2488 2493 2462 
3 2494 2495 2496 
3 2495 2497 2496 
3 2417 2498 2499 
3 2418 2417 2499 
3 2500 2494 2501 
3 2494 2502 2501 
3 2473 2472 2503 
3 2430 2504 2505 
3 2504 2506 2505 
3 2442 2507 2508 
3 2381 2442 2508 
3 2386 2385 2509 
3 2387 2510 2511 
3 2510 2512 2511 
3 2513 2392 2514 
3 2392 2399 2514 
3 2515 2479 2516 
3 2479 2389 2516 
3 2517 2413 2518 
3 2413 2519 2518 
3 2520 2521 2522 
3 2523 2524 2525 
3 2524 2506 2525 
3 2526 2527 2528 
3 2523 2526 2528 
3 2529 2523 2528 
3 2530 2404 2531 
3 2532 2530 2531 
3 2533 2404 2534 
3 2443 2533 2534 
3 2535 2389 2536 
3 2526 2506 2537 
3 2538 2526 2537 
3 2489 2539 2540 
3 2457 2489 2540 
3 2541 2542 2492 
3 2542 2491 2492 
3 2490 2495 2543 
3 2495 2544 2543 
3 2489 2488 2539 
3 2459 2544 2545 
3 2546 2459 2545 
3 2547 2548 2549 
3 2548 2550 2549 
3 2500 2551 2552 
3 2494 2500 2552 
3 2550 2553 2554 
3 2486 2485 2398 
3 2485 2396 2398 
3 2413 2555 2519 
3 2555 2486 2519 
3 2551 2479 2556 
3 2479 2478 2556 
3 2476 2544 2557 
3 2478 2476 2557 
3 2495 2494 2558 
3 2544 2495 2558 
3 2459 2490 2543 
3 2488 2464 2539 
3 2495 2493 2497 
3 2493 2482 2497 
3 2502 2484 2559 
3 2484 2491 2559 
3 2494 2481 2502 
3 2481 2484 2502 
3 2463 2465 2560 
3 2561 2562 2563 
3 2564 2561 2563 
3 2476 2561 2564 
3 2546 2476 2564 
3 2544 2476 2545 
3 2460 2459 2546 
3 2478 2485 2477 
3 2373 2423 2565 
3 2423 2470 2565 
3 2482 2493 2566 
3 2493 2488 2566 
3 2567 2482 2374 
3 2373 2567 2374 
3 2464 2463 2539 
3 2460 2464 2461 
3 2568 2541 2569 
3 2550 2568 2569 
3 2421 2570 2571 
3 2447 2421 2571 
3 2439 2441 2570 
3 2421 2439 2570 
3 2500 2535 2572 
3 2489 2457 2573 
3 2407 2489 2573 
3 2539 2463 2540 
3 2562 2574 2575 
3 2576 2460 2577 
3 2578 2576 2577 
3 2427 2442 2579 
3 2442 2437 2579 
3 2498 2417 2580 
3 2417 2443 2580 
3 2581 2385 2582 
3 2385 2512 2582 
3 2583 2426 2584 
3 2426 2415 2584 
3 2433 2456 2585 
3 2456 2455 2585 
3 2453 2586 2587 
3 2455 2453 2587 
3 2504 2538 2537 
3 2524 2472 2588 
3 2416 2524 2588 
3 2589 2401 2590 
3 2378 2589 2590 
3 2591 2416 2592 
3 2416 2412 2592 
3 2506 2524 2591 
3 2524 2416 2591 
3 2526 2523 2525 
3 2593 2594 2451 
3 2450 2593 2451 
3 2435 2595 2596 
3 2597 2598 2599 
3 2600 2597 2599 
3 2426 2583 2601 
3 2427 2426 2601 
3 2394 2403 2395 
3 2403 2399 2395 
3 2381 2401 2382 
3 2401 2589 2382 
3 2453 2385 2581 
3 2586 2453 2581 
3 2602 2512 2603 
3 2604 2602 2603 
3 2479 2551 2536 
3 2605 2504 2606 
3 2586 2605 2606 
3 2586 2602 2607 
3 2538 2608 2609 
3 2608 2527 2609 
3 2610 2611 2612 
3 2527 2529 2528 
3 2608 2605 2607 
3 2506 2504 2537 
3 2613 2512 2614 
3 2512 2613 2603 
3 2504 2605 2538 
3 2526 2538 2609 
3 2610 2430 2505 
3 2504 2430 2615 
3 2605 2586 2607 
3 2616 2586 2606 
3 2589 2378 2384 
3 2613 2604 2603 
3 2608 2607 2617 
3 2512 2602 2582 
3 2602 2586 2581 
3 2602 2581 2582 
3 2378 2375 2377 
3 2383 2452 2618 
3 2452 2619 2618 
3 2378 2400 2379 
3 2443 2530 2580 
3 2530 2498 2580 
3 2574 2437 2620 
3 2460 2576 2465 
3 2575 2574 2620 
3 2583 2621 2601 
3 2594 2622 2623 
3 2597 2622 2624 
3 2416 2625 2409 
3 2598 2593 2626 
3 2610 2591 2592 
3 2625 2600 2599 
3 2622 2594 2624 
3 2472 2625 2588 
3 2610 2412 2611 
3 2616 2455 2587 
3 2586 2616 2587 
3 2616 2433 2585 
3 2423 2407 2627 
3 2433 2407 2628 
3 2407 2573 2628 
3 2452 2454 2629 
3 2527 2526 2609 
3 2595 2380 2630 
3 2401 2400 2590 
3 2574 2429 2428 
3 2397 2396 2522 
3 2594 2440 2631 
3 2412 2610 2592 
3 2400 2378 2590 
3 2632 2593 2450 
3 2440 2439 2631 
3 2632 2633 2634 
3 2635 2633 2636 
3 2594 2445 2451 
3 2633 2467 2634 
3 2633 2632 2636 
3 2637 2470 2469 
3 2467 2468 2466 
3 2548 2637 2638 
3 2437 2574 2579 
3 2457 2456 2573 
3 2407 2433 2408 
3 2457 2463 2639 
3 2625 2598 2409 
3 2437 2442 2640 
3 2546 2641 2642 
3 2574 2427 2579 
3 2434 2436 2438 
3 2507 2643 2508 
3 2427 2621 2644 
3 2621 2507 2644 
3 2435 2619 2645 
3 2407 2406 2627 
3 2646 2647 2648 
3 2625 2416 2588 
3 2472 2524 2503 
3 2524 2523 2503 
3 2523 2473 2503 
3 2415 2414 2584 
3 2635 2649 2420 
3 2622 2597 2650 
3 2570 2448 2571 
3 2548 2633 2651 
3 2418 2553 2652 
3 2373 2637 2547 
3 2541 2567 2569 
3 2637 2548 2547 
3 2482 2372 2374 
3 2653 2420 2422 
3 2447 2653 2422 
3 2439 2421 2446 
3 2421 2649 2446 
3 2646 2653 2654 
3 2372 2482 2566 
3 2373 2372 2487 
3 2653 2447 2654 
3 2447 2647 2654 
3 2562 2641 2563 
3 2578 2641 2575 
3 2470 2637 2565 
3 2641 2546 2564 
3 2594 2593 2624 
3 2593 2598 2655 
3 2646 2656 2444 
3 2656 2443 2444 
3 2657 2597 2600 
3 2472 2657 2600 
3 2418 2653 2419 
3 2653 2646 2419 
3 2641 2562 2575 
3 2485 2475 2477 
3 2427 2574 2428 
3 2641 2578 2577 
3 2658 2399 2405 
3 2404 2658 2405 
3 2535 2391 2393 
3 2513 2535 2393 
3 2535 2500 2391 
3 2574 2562 2429 
3 2396 2480 2659 
3 2414 2583 2584 
3 2389 2535 2390 
3 2535 2513 2390 
3 2491 2403 2394 
3 2515 2396 2659 
3 2507 2442 2644 
3 2442 2427 2644 
3 2506 2526 2525 
3 2497 2481 2496 
3 2641 2577 2642 
3 2660 2435 2645 
3 2376 2510 2387 
3 2598 2410 2409 
3 2378 2377 2661 
3 2662 2589 2384 
3 2383 2662 2384 
3 2452 2383 2663 
3 2509 2452 2663 
3 2589 2662 2630 
3 2662 2595 2630 
3 2383 2378 2661 
3 2376 2386 2377 
3 2589 2380 2382 
3 2621 2427 2601 
3 2647 2646 2654 
3 2646 2417 2419 
3 2567 2550 2569 
3 2567 2547 2549 
3 2649 2445 2446 
3 2417 2646 2444 
3 2553 2635 2652 
3 2561 2486 2664 
3 2392 2471 2394 
3 2399 2403 2405 
3 2471 2502 2559 
3 2403 2491 2532 
3 2491 2471 2559 
3 2665 2478 2557 
3 2665 2551 2556 
3 2641 2564 2563 
3 2544 2665 2557 
3 2665 2494 2552 
3 2562 2561 2664 
3 2397 2486 2398 
3 2442 2380 2640 
3 2486 2397 2519 
3 2478 2665 2556 
3 2481 2494 2496 
3 2555 2562 2664 
3 2486 2555 2664 
3 2666 2399 2667 
3 2551 2665 2552 
3 2666 2513 2514 
3 2500 2471 2391 
3 2386 2509 2663 
3 2383 2386 2663 
3 2386 2383 2661 
3 2377 2386 2661 
3 2513 2666 2668 
3 2542 2541 2669 
3 2670 2515 2516 
3 2513 2388 2390 
3 2480 2479 2659 
3 2479 2515 2659 
3 2454 2671 2629 
3 2671 2619 2629 
3 2573 2456 2628 
3 2456 2433 2628 
3 2433 2431 2408 
3 2431 2406 2408 
3 2470 2423 2627 
3 2406 2470 2627 
3 2619 2662 2618 
3 2662 2383 2618 
3 2607 2602 2617 
3 2602 2604 2617 
3 2439 2445 2631 
3 2445 2594 2631 
3 2578 2575 2620 
3 2437 2578 2620 
3 2502 2471 2501 
3 2550 2567 2549 
3 2521 2397 2522 
3 2625 2472 2600 
3 2471 2491 2394 
3 2530 2443 2534 
3 2403 2532 2531 
3 2658 2404 2672 
3 2519 2397 2518 
3 2404 2530 2534 
3 2464 2462 2461 
3 2670 2389 2673 
3 2522 2396 2674 
3 2598 2625 2599 
3 2529 2527 2675 
3 2473 2523 2676 
3 2389 2670 2516 
3 2414 2413 2677 
3 2385 2387 2511 
3 2386 2376 2387 
3 2527 2608 2678 
3 2399 2666 2514 
3 2604 2613 2679 
3 2568 2418 2499 
3 2389 2388 2673 
3 2520 2515 2680 
3 2656 2646 2648 
3 2647 2447 2449 
3 2448 2447 2571 
3 2441 2448 2570 
3 2440 2594 2623 
3 2597 2657 2650 
3 2413 2517 2677 
3 2517 2397 2521 
3 2401 2643 2402 
3 2512 2510 2614 
3 2681 2604 2679 
3 2523 2529 2676 
3 2657 2472 2474 
3 2404 2533 2672 
3 2533 2443 2682 
3 2527 2681 2675 
3 2388 2513 2668 
3 2399 2658 2667 
3 2635 2653 2652 
3 2653 2418 2652 
3 2653 2635 2420 
3 2512 2385 2511 
3 2604 2608 2617 
3 2643 2381 2508 
3 2608 2604 2678 
3 2633 2548 2638 
3 2467 2633 2638 
3 2553 2418 2554 
3 2635 2553 2651 
3 2553 2550 2683 
3 2567 2373 2547 
3 2453 2452 2509 
3 2431 2430 2612 
3 2611 2431 2612 
3 2576 2660 2560 
3 2465 2576 2560 
3 2430 2616 2615 
3 2616 2606 2615 
3 2460 2546 2642 
3 2577 2460 2642 
3 2542 2498 2684 
3 2619 2671 2645 
3 2671 2660 2645 
3 2662 2619 2596 
3 2595 2662 2596 
3 2660 2576 2685 
3 2576 2436 2685 
3 2389 2479 2536 
3 2535 2536 2572 
3 2561 2476 2475 
3 2671 2457 2639 
3 2660 2671 2639 
3 2578 2437 2438 
3 2436 2578 2438 
3 2598 2597 2655 
3 2597 2624 2655 
3 2536 2551 2572 
3 2551 2500 2572 
3 2484 2483 2686 
3 2541 2484 2686 
3 2530 2532 2684 
3 2498 2530 2684 
3 2550 2548 2683 
3 2548 2651 2683 
3 2392 2513 2393 
3 2443 2656 2682 
3 2463 2457 2540 
3 2567 2541 2686 
3 2491 2542 2532 
3 2484 2541 2492 
3 2404 2403 2531 
3 2482 2567 2483 
3 2471 2500 2501 
3 2396 2485 2480 
3 2606 2504 2615 
3 2498 2568 2499 
3 2532 2542 2684 
3 2498 2542 2669 
3 2483 2567 2686 
3 2462 2493 2490 
3 2665 2544 2558 
3 2544 2459 2543 
3 2520 2522 2674 
3 2515 2520 2674 
3 2651 2553 2683 
3 2681 2527 2678 
3 2604 2681 2678 
3 2418 2568 2554 
3 2568 2550 2554 
3 2541 2568 2669 
3 2568 2498 2669 
3 2482 2481 2497 
3 2436 2435 2685 
3 2434 2437 2640 
3 2380 2434 2640 
3 2555 2426 2429 
3 2562 2555 2429 
3 2426 2555 2415 
3 2555 2413 2415 
3 2464 2488 2462 
3 2485 2478 2480 
3 2660 2463 2560 
3 2493 2495 2490 
3 2632 2410 2626 
3 2410 2598 2626 
3 2372 2424 2487 
3 2397 2517 2518 
3 2486 2561 2475 
3 2494 2665 2558 
3 2476 2546 2545 
3 2467 2410 2634 
3 2410 2632 2634 
3 2445 2649 2450 
3 2649 2632 2450 
3 2649 2635 2636 
3 2632 2649 2636 
3 2624 2593 2655 
3 2468 2412 2466 
3 2671 2455 2458 
3 2468 2470 2406 
3 2431 2468 2406 
3 2637 2373 2565 
3 2467 2637 2469 
3 2372 2488 2424 
3 2616 2430 2432 
3 2619 2452 2629 
3 2457 2671 2458 
3 2424 2489 2425 
3 2468 2431 2611 
3 2412 2468 2611 
3 2416 2409 2411 
3 2610 2506 2591 
3 2430 2610 2612 
3 2643 2401 2381 
3 2593 2632 2626 
3 2434 2380 2595 
3 2435 2434 2595 
3 2380 2589 2630 
3 2489 2407 2425 
3 2435 2660 2685 
3 2619 2435 2596 
3 2576 2578 2436 
3 2463 2660 2639 
3 2385 2453 2509 
3 2455 2616 2585 
3 2605 2608 2538 
3 2455 2671 2454 
3 2637 2467 2638 
3 2506 2610 2505 
3 2433 2616 2432 
3 2396 2515 2674 
3 2488 2372 2566 
3 2649 2421 2420 
3 2633 2635 2651 
3 2515 2670 2680 
3 2687 2688 2689 
3 2690 2691 2692 
3 2691 2693 2694 
3 2695 2690 2696 
3 2697 2698 2699 
3 2700 2697 2699 
3 2701 2693 2702 
3 2697 2703 2704 
3 2705 2706 2707 
3 2708 2709 2710 
3 2711 2710 2712 
3 2713 2714 2715 
3 2716 2717 2718 
3 2719 2711 2712 
3 2688 2693 2689 
3 2720 2721 2722 
3 2723 2724 2725 
3 2726 2727 2728 
3 2729 2706 2730 
3 2731 2729 2732 
3 2733 2734 2735 
3 2736 2737 2738 
3 2739 2740 2698 
3 2687 2736 2741 
3 2742 2743 2744 
3 2745 2746 2747 
3 2748 2749 2750 
3 2751 2708 2752 
3 2708 2710 2752 
3 2753 2754 2755 
3 2756 2709 2757 
3 2756 2758 2759 
3 2760 2709 2761 
3 2758 2762 2759 
3 2763 2764 2765 
3 2766 2751 2767 
3 2768 2769 2770 
3 2771 2731 2772 
3 2773 2774 2775 
3 2776 2777 2778 
3 2779 2780 2781 
3 2753 2779 2781 
3 2782 2783 2784 
3 2783 2785 2784 
3 2786 2787 2788 
3 2789 2786 2788 
3 2790 2791 2792 
3 2793 2790 2792 
3 2794 2795 2796 
3 2773 2720 2722 
3 2797 2798 2799 
3 2798 2800 2799 
3 2801 2802 2803 
3 2804 2801 2803 
3 2805 2795 2806 
3 2807 2805 2806 
3 2744 2808 2809 
3 2743 2810 2744 
3 2811 2776 2778 
3 2812 2802 2813 
3 2814 2812 2813 
3 2769 2815 2816 
3 2815 2762 2816 
3 2779 2817 2780 
3 2818 2819 2820 
3 2743 2821 2822 
3 2823 2805 2818 
3 2805 2748 2818 
3 2797 2768 2824 
3 2791 2819 2825 
3 2826 2807 2806 
3 2762 2815 2827 
3 2815 2828 2827 
3 2689 2829 2830 
3 2829 2831 2830 
3 2829 2832 2833 
3 2831 2829 2833 
3 2834 2831 2833 
3 2835 2814 2836 
3 2837 2838 2839 
3 2838 2840 2839 
3 2841 2800 2842 
3 2837 2841 2842 
3 2843 2835 2844 
3 2764 2763 2845 
3 2763 2846 2845 
3 2841 2847 2848 
3 2849 2841 2848 
3 2724 2850 2721 
3 2725 2724 2721 
3 2720 2725 2721 
3 2697 2700 2851 
3 2783 2782 2846 
3 2763 2783 2846 
3 2852 2853 2854 
3 2748 2852 2854 
3 2855 2785 2856 
3 2785 2857 2856 
3 2858 2755 2859 
3 2857 2858 2859 
3 2779 2860 2861 
3 2862 2779 2861 
3 2779 2862 2863 
3 2817 2779 2863 
3 2864 2865 2866 
3 2862 2864 2866 
3 2867 2802 2868 
3 2869 2867 2868 
3 2754 2857 2859 
3 2870 2791 2825 
3 2853 2870 2825 
3 2871 2724 2872 
3 2873 2874 2875 
3 2819 2853 2825 
3 2876 2815 2877 
3 2815 2878 2877 
3 2815 2769 2879 
3 2878 2815 2879 
3 2880 2881 2824 
3 2881 2797 2824 
3 2798 2797 2882 
3 2719 2712 2883 
3 2760 2719 2883 
3 2884 2760 2761 
3 2880 2768 2885 
3 2724 2723 2872 
3 2886 2724 2871 
3 2887 2708 2888 
3 2708 2751 2888 
3 2889 2708 2887 
3 2878 2870 2877 
3 2798 2837 2842 
3 2890 2687 2891 
3 2687 2831 2891 
3 2737 2736 2890 
3 2736 2687 2890 
3 2769 2758 2770 
3 2758 2889 2770 
3 2838 2892 2893 
3 2834 2838 2893 
3 2760 2884 2894 
3 2884 2727 2894 
3 2887 2880 2885 
3 2895 2756 2759 
3 2762 2895 2759 
3 2800 2841 2896 
3 2704 2703 2897 
3 2898 2798 2882 
3 2791 2790 2899 
3 2900 2800 2901 
3 2878 2900 2901 
3 2828 2815 2876 
3 2895 2762 2902 
3 2873 2895 2902 
3 2769 2900 2879 
3 2870 2876 2877 
3 2774 2903 2904 
3 2739 2905 2695 
3 2843 2828 2906 
3 2835 2843 2906 
3 2821 2743 2907 
3 2828 2821 2907 
3 2821 2853 2822 
3 2742 2835 2906 
3 2790 2793 2908 
3 2909 2790 2908 
3 2801 2910 2911 
3 2802 2801 2911 
3 2787 2786 2912 
3 2913 2873 2844 
3 2814 2835 2914 
3 2703 2905 2897 
3 2739 2698 2704 
3 2790 2820 2899 
3 2915 2909 2916 
3 2917 2915 2916 
3 2701 2905 2918 
3 2812 2919 2920 
3 2869 2812 2920 
3 2867 2804 2803 
3 2921 2922 2923 
3 2924 2700 2925 
3 2926 2927 2928 
3 2789 2926 2928 
3 2787 2929 2788 
3 2929 2926 2789 
3 2710 2930 2752 
3 2930 2751 2752 
3 2723 2737 2872 
3 2737 2871 2872 
3 2929 2706 2931 
3 2926 2929 2931 
3 2932 2864 2933 
3 2864 2862 2933 
3 2733 2927 2934 
3 2917 2733 2934 
3 2749 2935 2936 
3 2748 2805 2937 
3 2805 2807 2937 
3 2853 2819 2854 
3 2810 2935 2780 
3 2764 2938 2765 
3 2938 2939 2765 
3 2721 2850 2722 
3 2850 2773 2722 
3 2698 2940 2699 
3 2940 2700 2699 
3 2739 2695 2696 
3 2941 2739 2696 
3 2811 2706 2942 
3 2731 2811 2942 
3 2779 2753 2860 
3 2943 2826 2944 
3 2826 2795 2944 
3 2783 2763 2745 
3 2785 2783 2745 
3 2939 2945 2946 
3 2945 2947 2946 
3 2935 2948 2949 
3 2753 2935 2949 
3 2807 2754 2948 
3 2858 2857 2950 
3 2947 2858 2950 
3 2755 2754 2859 
3 2754 2855 2856 
3 2807 2826 2855 
3 2826 2785 2855 
3 2764 2771 2772 
3 2945 2939 2951 
3 2947 2746 2946 
3 2952 2878 2901 
3 2846 2771 2845 
3 2731 2771 2953 
3 2819 2748 2854 
3 2771 2776 2953 
3 2771 2764 2845 
3 2746 2857 2747 
3 2754 2807 2855 
3 2785 2826 2784 
3 2749 2807 2948 
3 2795 2794 2944 
3 2706 2729 2942 
3 2746 2939 2946 
3 2714 2954 2715 
3 2857 2746 2950 
3 2948 2754 2949 
3 2753 2714 2860 
3 2746 2745 2955 
3 2729 2731 2942 
3 2690 2941 2696 
3 2939 2746 2955 
3 2713 2956 2932 
3 2733 2786 2789 
3 2925 2787 2912 
3 2786 2733 2735 
3 2957 2787 2925 
3 2935 2749 2948 
3 2754 2753 2949 
3 2771 2846 2958 
3 2782 2826 2943 
3 2749 2748 2937 
3 2805 2823 2795 
3 2706 2811 2931 
3 2922 2817 2863 
3 2713 2932 2933 
3 2812 2922 2919 
3 2744 2810 2959 
3 2935 2810 2936 
3 2922 2863 2923 
3 2919 2960 2920 
3 2701 2690 2695 
3 2821 2870 2853 
3 2700 2957 2925 
3 2857 2754 2856 
3 2961 2697 2851 
3 2909 2962 2916 
3 2734 2733 2963 
3 2915 2917 2934 
3 2927 2915 2934 
3 2793 2962 2908 
3 2733 2917 2963 
3 2917 2962 2964 
3 2734 2703 2961 
3 2965 2703 2966 
3 2703 2697 2961 
3 2703 2734 2966 
3 2749 2936 2750 
3 2743 2742 2907 
3 2807 2749 2937 
3 2817 2922 2967 
3 2828 2742 2906 
3 2936 2810 2968 
3 2698 2697 2704 
3 2910 2913 2911 
3 2802 2913 2813 
3 2913 2802 2911 
3 2962 2909 2908 
3 2927 2733 2928 
3 2835 2742 2809 
3 2812 2869 2868 
3 2962 2793 2849 
3 2969 2962 2849 
3 2952 2800 2896 
3 2970 2969 2971 
3 2841 2840 2847 
3 2703 2965 2905 
3 2832 2701 2972 
3 2905 2701 2695 
3 2690 2701 2702 
3 2742 2828 2907 
3 2843 2873 2902 
3 2800 2952 2901 
3 2843 2762 2827 
3 2800 2900 2799 
3 2751 2766 2775 
3 2766 2773 2775 
3 2708 2889 2973 
3 2889 2757 2973 
3 2758 2756 2757 
3 2889 2758 2757 
3 2761 2756 2974 
3 2873 2843 2844 
3 2762 2843 2902 
3 2873 2913 2910 
3 2975 2801 2804 
3 2975 2727 2976 
3 2870 2821 2876 
3 2960 2921 2865 
3 2756 2895 2974 
3 2727 2884 2977 
3 2878 2952 2978 
3 2731 2979 2772 
3 2979 2764 2772 
3 2811 2731 2953 
3 2776 2811 2953 
3 2724 2886 2980 
3 2850 2724 2980 
3 2850 2981 2903 
3 2981 2881 2903 
3 2814 2808 2982 
3 2913 2814 2813 
3 2858 2714 2755 
3 2714 2753 2755 
3 2710 2709 2712 
3 2954 2956 2715 
3 2956 2713 2715 
3 2858 2947 2718 
3 2717 2858 2718 
3 2714 2858 2717 
3 2954 2714 2717 
3 2711 2930 2710 
3 2706 2929 2707 
3 2929 2787 2707 
3 2693 2691 2702 
3 2769 2768 2983 
3 2800 2798 2842 
3 2841 2837 2839 
3 2693 2701 2984 
3 2787 2705 2707 
3 2691 2690 2702 
3 2740 2940 2698 
3 2693 2829 2689 
3 2829 2693 2984 
3 2832 2829 2984 
3 2793 2952 2896 
3 2768 2880 2824 
3 2768 2797 2983 
3 2985 2840 2986 
3 2881 2981 2898 
3 2892 2831 2893 
3 2987 2892 2988 
3 2987 2737 2890 
3 2987 2890 2891 
3 2884 2895 2875 
3 2726 2760 2894 
3 2889 2768 2770 
3 2757 2709 2973 
3 2831 2834 2893 
3 2892 2989 2988 
3 2989 2886 2988 
3 2840 2834 2986 
3 2834 2832 2986 
3 2987 2886 2871 
3 2727 2726 2894 
3 2886 2981 2980 
3 2737 2987 2871 
3 2880 2774 2904 
3 2720 2773 2990 
3 2892 2987 2991 
3 2751 2774 2888 
3 2903 2774 2992 
3 2774 2880 2887 
3 2712 2709 2883 
3 2774 2751 2775 
3 2774 2887 2888 
3 2884 2761 2974 
3 2895 2884 2974 
3 2760 2726 2993 
3 2936 2852 2750 
3 2852 2748 2750 
3 2852 2936 2968 
3 2743 2852 2968 
3 2808 2744 2959 
3 2817 2808 2959 
3 2924 2961 2851 
3 2700 2924 2851 
3 2846 2782 2958 
3 2782 2776 2958 
3 2776 2771 2958 
3 2863 2862 2923 
3 2862 2921 2923 
3 2924 2925 2912 
3 2786 2924 2912 
3 2745 2763 2955 
3 2763 2939 2955 
3 2709 2760 2883 
3 2716 2947 2994 
3 2801 2975 2976 
3 2884 2875 2977 
3 2709 2708 2973 
3 2811 2926 2931 
3 2787 2957 2995 
3 2716 2954 2717 
3 2895 2873 2875 
3 2802 2867 2803 
3 2802 2812 2868 
3 2865 2921 2866 
3 2921 2862 2866 
3 2713 2862 2861 
3 2860 2713 2861 
3 2862 2713 2933 
3 2764 2979 2996 
3 2957 2700 2997 
3 2832 2985 2986 
3 2969 2849 2848 
3 2915 2794 2998 
3 2773 2766 2990 
3 2751 2930 2767 
3 2939 2938 2951 
3 2737 2723 2738 
3 2688 2687 2741 
3 2941 2690 2692 
3 2693 2688 2694 
3 2739 2941 2740 
3 2700 2940 2997 
3 2705 2787 2995 
3 2947 2945 2994 
3 2719 2760 2993 
3 2727 2975 2728 
3 2979 2731 2732 
3 2706 2705 2730 
3 2938 2764 2996 
3 2969 2970 2964 
3 2970 2917 2964 
3 2985 2969 2847 
3 2840 2985 2847 
3 2847 2969 2848 
3 2793 2896 2999 
3 2794 2777 2943 
3 2794 2943 2944 
3 2777 2794 3000 
3 2927 2777 3000 
3 2823 2909 2998 
3 2874 2801 2976 
3 2727 2874 2976 
3 2801 2874 2910 
3 2874 2873 2910 
3 2965 2985 2972 
3 2985 2832 2972 
3 2985 2965 2971 
3 2969 2985 2971 
3 2972 2701 2918 
3 2989 2837 3001 
3 2746 2947 2950 
3 2849 2793 2999 
3 2709 2756 2761 
3 2701 2832 2984 
3 2777 2776 3002 
3 2905 2739 2897 
3 2739 2704 2897 
3 2896 2841 2999 
3 2841 2849 2999 
3 2981 2850 2980 
3 2965 2972 2918 
3 2905 2965 2918 
3 2831 2892 2991 
3 2891 2831 2991 
3 2947 2716 2718 
3 2857 2785 2747 
3 2785 2745 2747 
3 2853 2852 2822 
3 2852 2743 2822 
3 2820 2819 2899 
3 2819 2791 2899 
3 2889 2887 2885 
3 2768 2889 2885 
3 2881 2898 2882 
3 2797 2881 2882 
3 2989 2898 3003 
3 2798 2898 3001 
3 2837 2798 3001 
3 2837 2989 3004 
3 2870 2878 2978 
3 2791 2870 2978 
3 2982 2808 2967 
3 2808 2817 2967 
3 2778 2777 3005 
3 2777 2927 3005 
3 2909 2823 3006 
3 2823 2820 3006 
3 2823 2998 2796 
3 2795 2823 2796 
3 2809 2808 2914 
3 2808 2814 2914 
3 2913 2844 2836 
3 2814 2913 2836 
3 2892 2838 3004 
3 2838 2837 3004 
3 2981 2886 3003 
3 2898 2981 3003 
3 2782 2943 3002 
3 2776 2782 3002 
3 2831 2687 2830 
3 2840 2841 2839 
3 2774 2773 2992 
3 2886 2989 3003 
3 2989 2892 3004 
3 2838 2834 2840 
3 2832 2834 2833 
3 2687 2689 2830 
3 2886 2987 2988 
3 2828 2843 2827 
3 2797 2900 2983 
3 2900 2769 2983 
3 2875 2874 2977 
3 2874 2727 2977 
3 2773 2850 2992 
3 2850 2903 2992 
3 2881 2880 2904 
3 2903 2881 2904 
3 2900 2797 2799 
3 2900 2878 2879 
3 2821 2828 2876 
3 2758 2769 2816 
3 2970 2965 2966 
3 2734 2970 2966 
3 2791 2952 2792 
3 2820 2790 3006 
3 2810 2743 2968 
3 2952 2793 2792 
3 2748 2819 2818 
3 2762 2758 2816 
3 2823 2818 2820 
3 2922 2812 2982 
3 2812 2814 2982 
3 2844 2835 2836 
3 2734 2924 2735 
3 2924 2786 2735 
3 2835 2809 2914 
3 2742 2744 2809 
3 2924 2734 2961 
3 2970 2734 2963 
3 2917 2970 2963 
3 2962 2969 2964 
3 2926 2778 3005 
3 2794 2915 3000 
3 2960 2869 2920 
3 2795 2826 2806 
3 2998 2794 2796 
3 2790 2909 3006 
3 2929 2789 2788 
3 2733 2789 2928 
3 2927 2926 3005 
3 2952 2791 2978 
3 2780 2935 2781 
3 2714 2713 2860 
3 2817 2810 2780 
3 2935 2753 2781 
3 2810 2817 2959 
3 2826 2782 2784 
3 2926 2811 2778 
3 2943 2777 3002 
3 2909 2915 2998 
3 2915 2927 3000 
3 2962 2917 2916 
3 2939 2763 2765 
3 2987 2891 2991 
3 2965 2970 2971 
3 2922 2982 2967 
3 2921 2960 2919 
3 2922 2921 2919 
3 2898 2989 3001 
3 3007 3008 3009 
3 3010 3007 3009 
3 3011 3012 3013 
3 3014 3015 3016 
3 3017 3018 3019 
3 3020 3021 3022 
3 3023 3024 3025 
3 3026 3017 3027 
3 3028 3029 3030 
3 3031 3015 3032 
3 3033 3034 3035 
3 3033 3036 3037 
3 3038 3023 3025 
3 3039 3040 3041 
3 3042 3043 3044 
3 3042 3045 3046 
3 3042 3041 3045 
3 3047 3048 3049 
3 3050 3051 3052 
3 3053 3047 3054 
3 3055 3056 3057 
3 3058 3059 3060 
3 3061 3007 3062 
3 3055 3063 3064 
3 3065 3066 3067 
3 3068 3029 3069 
3 3070 3071 3072 
3 3073 3070 3072 
3 3074 3048 3075 
3 3070 3076 3077 
3 3071 3070 3077 
3 3078 3079 3080 
3 3081 3078 3080 
3 3082 3083 3084 
3 3083 3085 3084 
3 3086 3087 3088 
3 3089 3086 3088 
3 3090 3091 3092 
3 3091 3093 3092 
3 3094 3090 3095 
3 3090 3096 3095 
3 3097 3081 3098 
3 3008 3007 3099 
3 3081 3100 3098 
3 3078 3081 3097 
3 3082 3078 3097 
3 3024 3101 3102 
3 3101 3103 3102 
3 3104 3105 3106 
3 3105 3107 3106 
3 3108 3101 3109 
3 3101 3024 3109 
3 3110 3103 3111 
3 3112 3105 3113 
3 3105 3104 3113 
3 3110 3114 3115 
3 3116 3117 3118 
3 3117 3119 3118 
3 3120 3116 3121 
3 3122 3120 3121 
3 3073 3123 3124 
3 3123 3125 3124 
3 3126 3127 3128 
3 3127 3129 3128 
3 3130 3126 3131 
3 3089 3130 3131 
3 3132 3133 3134 
3 3133 3135 3134 
3 3094 3136 3137 
3 3136 3089 3137 
3 3136 3138 3139 
3 3089 3136 3139 
3 3140 3141 3142 
3 3053 3140 3142 
3 3143 3053 3144 
3 3132 3143 3144 
3 3035 3031 3032 
3 3145 3018 3146 
3 3018 3017 3146 
3 3147 3145 3148 
3 3145 3058 3148 
3 3149 3150 3151 
3 3090 3149 3151 
3 3087 3086 3152 
3 3076 3112 3153 
3 3154 3076 3153 
3 3020 3155 3156 
3 3157 3020 3156 
3 3158 3159 3160 
3 3161 3162 3163 
3 3143 3164 3165 
3 3166 3143 3165 
3 3167 3161 3163 
3 3017 3031 3027 
3 3031 3168 3027 
3 3169 3063 3170 
3 3050 3169 3170 
3 3017 3171 3172 
3 3171 3015 3172 
3 3173 3169 3069 
3 3169 3068 3069 
3 3055 3167 3174 
3 3175 3176 3177 
3 3178 3175 3177 
3 3179 3149 3093 
3 3162 3105 3180 
3 3105 3112 3180 
3 3058 3181 3148 
3 3014 3182 3183 
3 3130 3089 3139 
3 3184 3185 3186 
3 3175 3178 3187 
3 3188 3189 3190 
3 3189 3191 3190 
3 3189 3150 3192 
3 3179 3189 3192 
3 3193 3048 3194 
3 3166 3193 3194 
3 3122 3175 3187 
3 3191 3195 3013 
3 3195 3011 3013 
3 3196 3008 3011 
3 3195 3196 3011 
3 3175 3197 3198 
3 3143 3048 3199 
3 3053 3143 3199 
3 3200 3201 3202 
3 3021 3020 3203 
3 3020 3157 3203 
3 3141 3086 3204 
3 3086 3128 3204 
3 3141 3140 3152 
3 3140 3087 3152 
3 3185 3040 3186 
3 3205 3206 3207 
3 3132 3205 3207 
3 3208 3040 3209 
3 3040 3185 3209 
3 3210 3091 3211 
3 3091 3090 3211 
3 3212 3213 3210 
3 3213 3091 3210 
3 3143 3132 3164 
3 3189 3179 3214 
3 3191 3189 3214 
3 3215 3216 3217 
3 3216 3024 3217 
3 3129 3127 3218 
3 3127 3119 3218 
3 3130 3073 3219 
3 3126 3130 3219 
3 3022 3220 3221 
3 3220 3222 3221 
3 3127 3126 3223 
3 3224 3119 3225 
3 3226 3021 3206 
3 3205 3226 3206 
3 3227 3226 3228 
3 3226 3229 3228 
3 3226 3205 3229 
3 3205 3230 3229 
3 3117 3116 3230 
3 3205 3135 3231 
3 3101 3227 3232 
3 3233 3023 3234 
3 3023 3038 3234 
3 3038 3235 3234 
3 3236 3081 3080 
3 3068 3051 3237 
3 3029 3068 3238 
3 3106 3014 3183 
3 3125 3123 3239 
3 3123 3240 3239 
3 3107 3241 3173 
3 3050 3055 3057 
3 3242 3224 3071 
3 3076 3242 3077 
3 3176 3243 3177 
3 3119 3117 3218 
3 3197 3119 3244 
3 3242 3076 3154 
3 3176 3242 3154 
3 3178 3245 3187 
3 3245 3120 3122 
3 3240 3246 3247 
3 3246 3100 3247 
3 3116 3120 3248 
3 3120 3110 3248 
3 3169 3050 3052 
3 3249 3083 3250 
3 3010 3249 3250 
3 3178 3158 3160 
3 3251 3245 3159 
3 3201 3185 3252 
3 3068 3169 3052 
3 3253 3028 3030 
3 3036 3253 3030 
3 3045 3208 3046 
3 3208 3043 3046 
3 3015 3031 3172 
3 3171 3017 3019 
3 3158 3171 3019 
3 3236 3167 3254 
3 3081 3236 3254 
3 3243 3176 3255 
3 3058 3145 3256 
3 3145 3026 3256 
3 3198 3242 3257 
3 3076 3258 3259 
3 3008 3260 3009 
3 3260 3010 3009 
3 3120 3245 3114 
3 3110 3120 3114 
3 3261 3154 3153 
3 3014 3028 3262 
3 3105 3161 3263 
3 3107 3105 3263 
3 3253 3036 3264 
3 3035 3253 3264 
3 3167 3055 3064 
3 3168 3026 3027 
3 3014 3107 3028 
3 3015 3014 3262 
3 3079 3265 3266 
3 3265 3056 3266 
3 3055 3050 3170 
3 3236 3056 3174 
3 3167 3236 3174 
3 3079 3078 3085 
3 3078 3082 3084 
3 3083 3267 3085 
3 3268 3167 3163 
3 3268 3100 3269 
3 3031 3034 3168 
3 3059 3026 3270 
3 3029 3173 3069 
3 3063 3055 3170 
3 3036 3029 3238 
3 3029 3036 3030 
3 3241 3107 3263 
3 3161 3241 3263 
3 3241 3169 3173 
3 3107 3029 3028 
3 3026 3145 3146 
3 3018 3158 3019 
3 3169 3241 3063 
3 3267 3079 3085 
3 3241 3161 3063 
3 3162 3268 3163 
3 3243 3178 3177 
3 3056 3236 3266 
3 3103 3065 3102 
3 3114 3245 3271 
3 3065 3181 3066 
3 3110 3272 3248 
3 3026 3059 3256 
3 3224 3242 3198 
3 3181 3058 3066 
3 3018 3145 3147 
3 3273 3158 3274 
3 3249 3010 3275 
3 3276 3010 3250 
3 3167 3268 3254 
3 3246 3082 3097 
3 3277 3268 3162 
3 3268 3277 3278 
3 3158 3178 3274 
3 3176 3261 3255 
3 3276 3061 3062 
3 3276 3250 3279 
3 3246 3280 3281 
3 3243 3255 3282 
3 3158 3018 3159 
3 3100 3283 3247 
3 3261 3176 3154 
3 3215 3065 3067 
3 3065 3215 3217 
3 3065 3024 3102 
3 3070 3125 3284 
3 3112 3261 3153 
3 3197 3122 3121 
3 3272 3230 3285 
3 3197 3175 3122 
3 3254 3268 3269 
3 3065 3103 3286 
3 3283 3240 3247 
3 3116 3197 3121 
3 3224 3287 3071 
3 3283 3125 3239 
3 3280 3288 3061 
3 3246 3240 3289 
3 3280 3290 3291 
3 3292 3290 3293 
3 3087 3201 3252 
3 3235 3233 3234 
3 3020 3022 3221 
3 3294 3227 3108 
3 3135 3205 3134 
3 3029 3107 3173 
3 3086 3141 3152 
3 3227 3272 3232 
3 3230 3272 3229 
3 3021 3295 3206 
3 3295 3132 3207 
3 3296 3179 3093 
3 3091 3296 3093 
3 3290 3292 3297 
3 3073 3130 3298 
3 3126 3287 3223 
3 3073 3287 3219 
3 3130 3292 3298 
3 3240 3283 3239 
3 3288 3299 3188 
3 3191 3300 3301 
3 3299 3290 3297 
3 3299 3302 3303 
3 3138 3302 3304 
3 3012 3008 3099 
3 3288 3012 3099 
3 3181 3251 3147 
3 3222 3020 3221 
3 3066 3305 3067 
3 3305 3215 3067 
3 3290 3240 3293 
3 3150 3302 3306 
3 3295 3157 3164 
3 3056 3307 3057 
3 3307 3050 3057 
3 3201 3087 3202 
3 3208 3201 3200 
3 3024 3216 3025 
3 3216 3038 3025 
3 3021 3294 3022 
3 3294 3220 3022 
3 3034 3031 3035 
3 3048 3074 3049 
3 3074 3043 3049 
3 3041 3040 3045 
3 3040 3208 3045 
3 3031 3017 3172 
3 3051 3068 3052 
3 3308 3036 3238 
3 3068 3308 3238 
3 3309 3026 3168 
3 3034 3309 3168 
3 3132 3295 3164 
3 3043 3042 3046 
3 3287 3126 3219 
3 3185 3201 3209 
3 3023 3294 3108 
3 3235 3220 3233 
3 3302 3292 3304 
3 3302 3138 3306 
3 3184 3212 3210 
3 3184 3210 3211 
3 3201 3208 3209 
3 3138 3130 3139 
3 3205 3132 3134 
3 3129 3141 3204 
3 3133 3053 3142 
3 3206 3295 3207 
3 3096 3090 3151 
3 3272 3110 3232 
3 3245 3122 3187 
3 3251 3018 3147 
3 3133 3132 3144 
3 3157 3310 3311 
3 3310 3312 3311 
3 3200 3047 3313 
3 3036 3033 3264 
3 3157 3295 3203 
3 3295 3021 3203 
3 3140 3053 3054 
3 3200 3140 3054 
3 3171 3158 3273 
3 3182 3171 3273 
3 3294 3021 3314 
3 3227 3294 3314 
3 3138 3096 3306 
3 3096 3150 3306 
3 3015 3253 3032 
3 3253 3035 3032 
3 3315 3087 3252 
3 3185 3315 3252 
3 3277 3112 3259 
3 3258 3277 3259 
3 3043 3047 3049 
3 3125 3283 3258 
3 3258 3076 3284 
3 3076 3070 3284 
3 3316 3103 3115 
3 3114 3316 3115 
3 3100 3081 3269 
3 3081 3254 3269 
3 3250 3083 3279 
3 3083 3082 3279 
3 3007 3010 3062 
3 3150 3149 3192 
3 3300 3179 3317 
3 3012 3188 3190 
3 3008 3012 3011 
3 3220 3235 3318 
3 3236 3079 3266 
3 3056 3265 3319 
3 3212 3186 3320 
3 3267 3083 3321 
3 3193 3166 3312 
3 3164 3157 3165 
3 3048 3143 3194 
3 3155 3310 3156 
3 3047 3043 3313 
3 3150 3096 3151 
3 3242 3176 3257 
3 3181 3147 3148 
3 3026 3309 3270 
3 3059 3058 3256 
3 3212 3039 3322 
3 3296 3091 3323 
3 3039 3212 3320 
3 3191 3012 3190 
3 3149 3179 3192 
3 3196 3260 3008 
3 3020 3222 3155 
3 3305 3058 3060 
3 3036 3308 3037 
3 3047 3200 3054 
3 3051 3050 3324 
3 3043 3074 3044 
3 3091 3213 3323 
3 3307 3056 3319 
3 3012 3191 3013 
3 3048 3193 3075 
3 3308 3068 3237 
3 3050 3307 3324 
3 3222 3220 3318 
3 3213 3212 3322 
3 3179 3296 3317 
3 3195 3191 3301 
3 3010 3260 3275 
3 3083 3249 3321 
3 3265 3079 3325 
3 3093 3149 3092 
3 3161 3105 3162 
3 3277 3283 3278 
3 3283 3100 3278 
3 3277 3162 3180 
3 3112 3076 3259 
3 3280 3276 3281 
3 3276 3082 3281 
3 3276 3280 3061 
3 3010 3276 3062 
3 3290 3280 3289 
3 3240 3290 3289 
3 3299 3288 3291 
3 3288 3280 3291 
3 3112 3277 3180 
3 3179 3300 3214 
3 3150 3189 3303 
3 3189 3299 3303 
3 3299 3189 3188 
3 3056 3055 3174 
3 3149 3090 3092 
3 3024 3065 3217 
3 3310 3157 3156 
3 3230 3116 3285 
3 3116 3248 3285 
3 3253 3015 3262 
3 3028 3253 3262 
3 3104 3106 3183 
3 3182 3104 3183 
3 3104 3182 3282 
3 3255 3104 3282 
3 3135 3117 3231 
3 3117 3230 3231 
3 3135 3129 3326 
3 3129 3218 3326 
3 3157 3166 3165 
3 3141 3129 3327 
3 3129 3135 3327 
3 3178 3243 3274 
3 3243 3273 3274 
3 3119 3127 3225 
3 3127 3223 3225 
3 3087 3140 3202 
3 3140 3200 3202 
3 3245 3178 3160 
3 3159 3245 3160 
3 3171 3182 3016 
3 3015 3171 3016 
3 3101 3232 3111 
3 3103 3101 3111 
3 3135 3133 3327 
3 3086 3089 3131 
3 3047 3053 3199 
3 3176 3175 3257 
3 3175 3198 3257 
3 3251 3316 3271 
3 3316 3114 3271 
3 3316 3251 3328 
3 3286 3316 3328 
3 3211 3090 3329 
3 3090 3094 3329 
3 3185 3184 3330 
3 3184 3094 3330 
3 3224 3198 3244 
3 3119 3224 3244 
3 3161 3167 3064 
3 3063 3161 3064 
3 3143 3166 3194 
3 3017 3026 3146 
3 3212 3184 3186 
3 3141 3133 3142 
3 3186 3040 3320 
3 3040 3039 3320 
3 3218 3117 3326 
3 3315 3094 3137 
3 3227 3101 3108 
3 3107 3014 3106 
3 3294 3023 3233 
3 3220 3294 3233 
3 3123 3073 3298 
3 3292 3123 3298 
3 3223 3224 3225 
3 3208 3200 3313 
3 3043 3208 3313 
3 3312 3166 3311 
3 3166 3157 3311 
3 3302 3299 3297 
3 3292 3302 3297 
3 3292 3130 3304 
3 3130 3138 3304 
3 3136 3096 3138 
3 3136 3094 3095 
3 3087 3315 3088 
3 3240 3123 3293 
3 3123 3292 3293 
3 3287 3224 3223 
3 3053 3133 3144 
3 3272 3227 3228 
3 3048 3047 3199 
3 3128 3129 3204 
3 3086 3126 3128 
3 3117 3135 3326 
3 3198 3197 3244 
3 3242 3071 3077 
3 3300 3191 3214 
3 3021 3226 3314 
3 3229 3272 3228 
3 3133 3141 3327 
3 3230 3205 3231 
3 3197 3116 3118 
3 3094 3315 3330 
3 3104 3261 3113 
3 3070 3073 3124 
3 3125 3258 3284 
3 3100 3268 3278 
3 3248 3272 3285 
3 3280 3246 3289 
3 3251 3181 3328 
3 3103 3316 3286 
3 3023 3108 3109 
3 3094 3184 3329 
3 3226 3227 3314 
3 3246 3097 3098 
3 3119 3197 3118 
3 3096 3136 3095 
3 3079 3236 3080 
3 3100 3246 3098 
3 3261 3112 3113 
3 3261 3104 3255 
3 3012 3288 3188 
3 3288 3007 3061 
3 3082 3246 3281 
3 3283 3277 3258 
3 3182 3243 3282 
3 3058 3305 3066 
3 3082 3276 3279 
3 3024 3023 3109 
3 3315 3089 3088 
3 3085 3078 3084 
3 3018 3251 3159 
3 3033 3035 3264 
3 3182 3014 3016 
3 3184 3211 3329 
3 3071 3287 3072 
3 3302 3150 3303 
3 3290 3299 3291 
3 3315 3185 3330 
3 3089 3315 3137 
3 3126 3086 3131 
3 3181 3286 3328 
3 3125 3070 3124 
3 3287 3073 3072 
3 3007 3288 3099 
3 3079 3267 3325 
3 3243 3182 3273 
3 3232 3110 3111 
3 3181 3065 3286 
3 3103 3110 3115 
3 3245 3251 3271 
3 3331 3332 3333 
3 3334 3335 3336 
3 3337 3338 3339 
3 3340 3341 3335 
3 3342 3343 3344 
3 3345 3346 3347 
3 3348 3349 3350 
3 3351 3342 3352 
3 3353 3345 3347 
3 3354 3355 3356 
3 3357 3358 3359 
3 3360 3361 3362 
3 3363 3364 3365 
3 3366 3367 3368 
3 3369 3345 3353 
3 3370 3357 3371 
3 3372 3373 3374 
3 3375 3376 3377 
3 3373 3378 3379 
3 3380 3381 3382 
3 3383 3384 3385 
3 3384 3386 3385 
3 3364 3363 3387 
3 3363 3388 3387 
3 3388 3389 3387 
3 3390 3391 3392 
3 3388 3393 3394 
3 3393 3395 3394 
3 3342 3396 3397 
3 3398 3399 3354 
3 3400 3401 3402 
3 3401 3403 3402 
3 3391 3404 3405 
3 3406 3391 3405 
3 3407 3391 3408 
3 3386 3409 3385 
3 3410 3411 3412 
3 3413 3414 3415 
3 3399 3414 3413 
3 3355 3399 3416 
3 3417 3418 3419 
3 3420 3417 3421 
3 3422 3423 3420 
3 3423 3424 3420 
3 3425 3386 3426 
3 3427 3425 3426 
3 3414 3411 3415 
3 3384 3428 3386 
3 3429 3430 3431 
3 3432 3429 3431 
3 3433 3434 3430 
3 3429 3433 3430 
3 3435 3436 3434 
3 3433 3435 3434 
3 3437 3372 3374 
3 3438 3439 3440 
3 3349 3351 3352 
3 3388 3441 3442 
3 3441 3443 3442 
3 3444 3367 3445 
3 3367 3446 3445 
3 3427 3428 3447 
3 3428 3448 3447 
3 3449 3450 3451 
3 3448 3449 3451 
3 3449 3452 3453 
3 3450 3449 3453 
3 3452 3454 3455 
3 3454 3444 3455 
3 3456 3422 3421 
3 3457 3429 3458 
3 3429 3459 3458 
3 3429 3432 3460 
3 3459 3429 3460 
3 3461 3462 3463 
3 3464 3461 3463 
3 3337 3343 3465 
3 3343 3466 3465 
3 3467 3443 3468 
3 3469 3470 3471 
3 3472 3473 3440 
3 3439 3472 3440 
3 3437 3472 3474 
3 3472 3439 3474 
3 3475 3476 3477 
3 3390 3475 3477 
3 3478 3476 3479 
3 3480 3478 3479 
3 3481 3482 3483 
3 3470 3469 3484 
3 3373 3372 3485 
3 3486 3401 3487 
3 3376 3384 3488 
3 3400 3489 3490 
3 3489 3491 3490 
3 3492 3472 3482 
3 3493 3494 3495 
3 3496 3497 3498 
3 3390 3497 3499 
3 3497 3500 3499 
3 3366 3435 3468 
3 3435 3467 3468 
3 3501 3502 3503 
3 3502 3349 3503 
3 3403 3504 3505 
3 3367 3444 3506 
3 3368 3367 3506 
3 3436 3435 3368 
3 3435 3366 3368 
3 3507 3462 3508 
3 3509 3423 3510 
3 3423 3511 3510 
3 3459 3460 3512 
3 3478 3513 3514 
3 3476 3478 3514 
3 3418 3417 3515 
3 3482 3472 3483 
3 3472 3437 3483 
3 3351 3349 3516 
3 3511 3351 3516 
3 3517 3448 3451 
3 3518 3411 3519 
3 3520 3518 3519 
3 3521 3491 3522 
3 3523 3521 3522 
3 3342 3351 3524 
3 3351 3466 3524 
3 3351 3464 3466 
3 3343 3342 3524 
3 3466 3343 3524 
3 3351 3511 3464 
3 3525 3462 3526 
3 3414 3527 3528 
3 3511 3423 3529 
3 3423 3422 3529 
3 3349 3502 3516 
3 3502 3509 3510 
3 3355 3530 3531 
3 3345 3355 3531 
3 3457 3532 3533 
3 3532 3534 3533 
3 3433 3429 3457 
3 3432 3515 3535 
3 3424 3470 3484 
3 3511 3502 3510 
3 3536 3346 3537 
3 3346 3345 3537 
3 3525 3456 3538 
3 3452 3525 3538 
3 3369 3539 3540 
3 3421 3417 3419 
3 3434 3541 3430 
3 3380 3542 3543 
3 3381 3380 3543 
3 3480 3544 3545 
3 3439 3438 3546 
3 3438 3513 3546 
3 3334 3547 3548 
3 3335 3334 3548 
3 3331 3370 3549 
3 3544 3550 3545 
3 3475 3500 3551 
3 3552 3358 3553 
3 3370 3552 3553 
3 3389 3467 3554 
3 3504 3389 3554 
3 3389 3364 3387 
3 3443 3441 3555 
3 3441 3500 3555 
3 3403 3401 3556 
3 3401 3364 3557 
3 3361 3400 3558 
3 3559 3361 3558 
3 3520 3560 3561 
3 3560 3501 3561 
3 3436 3368 3506 
3 3375 3562 3563 
3 3564 3375 3563 
3 3565 3376 3564 
3 3376 3375 3564 
3 3552 3363 3566 
3 3358 3552 3566 
3 3560 3520 3567 
3 3568 3560 3567 
3 3569 3560 3568 
3 3470 3569 3568 
3 3497 3496 3570 
3 3496 3571 3570 
3 3446 3367 3572 
3 3367 3366 3571 
3 3500 3475 3499 
3 3444 3436 3506 
3 3475 3390 3499 
3 3476 3475 3479 
3 3573 3353 3347 
3 3346 3573 3347 
3 3335 3574 3336 
3 3574 3381 3336 
3 3437 3481 3483 
3 3363 3552 3575 
3 3552 3576 3575 
3 3496 3446 3572 
3 3571 3496 3572 
3 3391 3406 3498 
3 3533 3534 3577 
3 3401 3557 3556 
3 3560 3509 3578 
3 3501 3560 3578 
3 3383 3579 3580 
3 3581 3390 3477 
3 3391 3498 3392 
3 3581 3408 3582 
3 3439 3583 3474 
3 3513 3478 3584 
3 3478 3550 3584 
3 3544 3585 3550 
3 3475 3480 3479 
3 3472 3492 3473 
3 3492 3581 3473 
3 3586 3585 3587 
3 3586 3370 3371 
3 3552 3370 3576 
3 3395 3480 3588 
3 3473 3438 3440 
3 3476 3581 3477 
3 3442 3443 3589 
3 3407 3492 3482 
3 3492 3407 3408 
3 3494 3493 3590 
3 3409 3425 3591 
3 3409 3592 3593 
3 3357 3370 3553 
3 3355 3345 3356 
3 3358 3360 3362 
3 3566 3363 3365 
3 3500 3441 3551 
3 3497 3594 3500 
3 3594 3366 3595 
3 3494 3590 3596 
3 3594 3497 3570 
3 3494 3597 3404 
3 3571 3594 3570 
3 3494 3427 3598 
3 3446 3496 3406 
3 3427 3494 3596 
3 3597 3494 3598 
3 3377 3376 3488 
3 3376 3599 3600 
3 3383 3409 3593 
3 3418 3454 3601 
3 3400 3602 3558 
3 3364 3401 3486 
3 3364 3389 3557 
3 3403 3489 3402 
3 3603 3452 3455 
3 3389 3504 3557 
3 3366 3594 3571 
3 3443 3366 3468 
3 3467 3604 3554 
3 3604 3467 3605 
3 3547 3599 3565 
3 3604 3504 3554 
3 3555 3594 3595 
3 3450 3446 3606 
3 3607 3436 3608 
3 3448 3517 3447 
3 3599 3609 3610 
3 3547 3611 3612 
3 3340 3547 3565 
3 3609 3613 3614 
3 3599 3547 3612 
3 3603 3445 3615 
3 3381 3338 3616 
3 3384 3376 3600 
3 3602 3559 3558 
3 3491 3602 3490 
3 3489 3400 3402 
3 3346 3521 3523 
3 3513 3617 3546 
3 3617 3439 3546 
3 3502 3511 3516 
3 3489 3403 3618 
3 3534 3539 3619 
3 3618 3534 3619 
3 3500 3594 3555 
3 3534 3532 3539 
3 3493 3620 3590 
3 3620 3425 3590 
3 3541 3436 3607 
3 3532 3459 3540 
3 3454 3538 3601 
3 3418 3541 3607 
3 3526 3422 3621 
3 3491 3489 3522 
3 3338 3622 3616 
3 3542 3338 3543 
3 3367 3571 3572 
3 3502 3501 3578 
3 3481 3373 3623 
3 3493 3481 3623 
3 3539 3532 3540 
3 3613 3525 3624 
3 3625 3613 3626 
3 3613 3625 3627 
3 3625 3611 3628 
3 3422 3456 3621 
3 3410 3413 3415 
3 3411 3410 3415 
3 3629 3470 3630 
3 3631 3632 3416 
3 3632 3355 3416 
3 3414 3399 3527 
3 3399 3398 3527 
3 3381 3334 3336 
3 3410 3631 3413 
3 3604 3457 3533 
3 3633 3520 3519 
3 3338 3381 3543 
3 3634 3375 3377 
3 3383 3634 3377 
3 3592 3579 3593 
3 3579 3383 3593 
3 3620 3373 3379 
3 3592 3620 3379 
3 3620 3592 3591 
3 3425 3620 3591 
3 3345 3635 3537 
3 3635 3536 3537 
3 3399 3631 3416 
3 3530 3635 3531 
3 3436 3541 3434 
3 3539 3369 3353 
3 3460 3432 3636 
3 3629 3414 3528 
3 3399 3355 3354 
3 3635 3345 3531 
3 3462 3461 3526 
3 3450 3603 3615 
3 3470 3629 3471 
3 3461 3511 3529 
3 3569 3470 3424 
3 3637 3507 3508 
3 3461 3422 3526 
3 3511 3461 3464 
3 3462 3507 3463 
3 3542 3380 3638 
3 3625 3628 3637 
3 3343 3542 3344 
3 3373 3481 3374 
3 3481 3437 3374 
3 3438 3476 3514 
3 3501 3639 3561 
3 3569 3423 3509 
3 3585 3544 3587 
3 3573 3539 3353 
3 3360 3358 3566 
3 3388 3363 3640 
3 3331 3393 3576 
3 3480 3395 3332 
3 3370 3587 3549 
3 3369 3354 3356 
3 3345 3369 3356 
3 3369 3398 3354 
3 3342 3641 3352 
3 3641 3349 3352 
3 3396 3342 3344 
3 3542 3396 3344 
3 3542 3343 3339 
3 3343 3337 3339 
3 3341 3574 3335 
3 3414 3629 3642 
3 3541 3418 3515 
3 3411 3414 3642 
3 3470 3568 3630 
3 3633 3568 3567 
3 3501 3348 3643 
3 3639 3520 3561 
3 3349 3348 3503 
3 3422 3461 3529 
3 3629 3633 3642 
3 3633 3411 3642 
3 3587 3544 3549 
3 3544 3331 3549 
3 3544 3480 3332 
3 3331 3544 3332 
3 3573 3618 3619 
3 3539 3573 3619 
3 3628 3337 3637 
3 3337 3507 3637 
3 3644 3398 3512 
3 3460 3644 3512 
3 3467 3389 3589 
3 3389 3442 3589 
3 3443 3555 3595 
3 3366 3443 3595 
3 3525 3526 3621 
3 3456 3525 3621 
3 3340 3562 3341 
3 3622 3334 3616 
3 3334 3381 3616 
3 3445 3446 3615 
3 3446 3450 3615 
3 3454 3607 3608 
3 3444 3454 3608 
3 3454 3418 3607 
3 3383 3377 3488 
3 3384 3383 3488 
3 3590 3425 3596 
3 3425 3427 3596 
3 3551 3395 3588 
3 3585 3645 3550 
3 3372 3437 3646 
3 3645 3513 3584 
3 3436 3444 3608 
3 3348 3501 3503 
3 3562 3340 3563 
3 3513 3645 3647 
3 3583 3437 3474 
3 3439 3617 3648 
3 3562 3375 3649 
3 3340 3565 3564 
3 3338 3611 3622 
3 3520 3639 3650 
3 3411 3633 3519 
3 3592 3378 3651 
3 3378 3592 3379 
3 3432 3541 3515 
3 3521 3346 3536 
3 3355 3632 3530 
3 3358 3652 3359 
3 3579 3592 3651 
3 3583 3439 3648 
3 3381 3574 3382 
3 3396 3542 3638 
3 3375 3634 3649 
3 3518 3520 3650 
3 3349 3641 3350 
3 3639 3501 3643 
3 3378 3373 3485 
3 3437 3583 3646 
3 3641 3342 3397 
3 3634 3383 3580 
3 3547 3340 3548 
3 3411 3518 3412 
3 3617 3513 3647 
3 3361 3559 3653 
3 3449 3448 3614 
3 3613 3449 3614 
3 3525 3613 3627 
3 3462 3525 3627 
3 3449 3613 3624 
3 3452 3449 3624 
3 3652 3358 3362 
3 3361 3360 3486 
3 3360 3364 3486 
3 3611 3338 3628 
3 3338 3337 3628 
3 3609 3611 3626 
3 3613 3609 3626 
3 3611 3547 3622 
3 3547 3334 3622 
3 3568 3633 3630 
3 3633 3629 3630 
3 3475 3551 3588 
3 3480 3475 3588 
3 3469 3644 3636 
3 3644 3460 3636 
3 3515 3417 3535 
3 3417 3469 3535 
3 3550 3478 3545 
3 3478 3480 3545 
3 3644 3629 3528 
3 3527 3644 3528 
3 3441 3395 3551 
3 3393 3388 3640 
3 3575 3393 3640 
3 3438 3473 3654 
3 3476 3438 3654 
3 3489 3523 3522 
3 3538 3456 3601 
3 3456 3418 3601 
3 3408 3391 3582 
3 3391 3390 3582 
3 3498 3497 3392 
3 3497 3390 3392 
3 3629 3644 3471 
3 3644 3469 3471 
3 3418 3456 3419 
3 3456 3421 3419 
3 3417 3424 3484 
3 3469 3417 3484 
3 3340 3335 3548 
3 3395 3393 3333 
3 3332 3395 3333 
3 3504 3403 3556 
3 3557 3504 3556 
3 3577 3534 3505 
3 3534 3403 3505 
3 3652 3362 3653 
3 3559 3652 3653 
3 3466 3507 3465 
3 3606 3446 3655 
3 3446 3406 3655 
3 3364 3360 3365 
3 3360 3566 3365 
3 3435 3433 3605 
3 3467 3435 3605 
3 3400 3361 3487 
3 3361 3486 3487 
3 3482 3481 3656 
3 3481 3493 3656 
3 3369 3540 3657 
3 3398 3369 3657 
3 3507 3464 3463 
3 3631 3399 3413 
3 3540 3459 3657 
3 3432 3469 3636 
3 3532 3457 3458 
3 3603 3450 3453 
3 3625 3637 3508 
3 3462 3625 3508 
3 3404 3407 3495 
3 3407 3493 3495 
3 3425 3409 3386 
3 3370 3586 3587 
3 3454 3452 3538 
3 3459 3398 3657 
3 3459 3532 3458 
3 3604 3433 3457 
3 3338 3542 3339 
3 3398 3459 3512 
3 3464 3507 3466 
3 3520 3633 3567 
3 3423 3569 3424 
3 3430 3541 3431 
3 3393 3331 3333 
3 3581 3476 3654 
3 3444 3603 3455 
3 3573 3346 3523 
3 3489 3573 3523 
3 3391 3407 3404 
3 3422 3420 3421 
3 3560 3569 3509 
3 3469 3432 3535 
3 3541 3432 3431 
3 3599 3428 3600 
3 3428 3384 3600 
3 3340 3564 3563 
3 3599 3376 3565 
3 3428 3599 3610 
3 3448 3428 3610 
3 3611 3609 3612 
3 3609 3599 3612 
3 3517 3427 3447 
3 3450 3517 3451 
3 3401 3400 3487 
3 3406 3597 3655 
3 3597 3406 3405 
3 3433 3604 3605 
3 3443 3467 3589 
3 3389 3388 3442 
3 3525 3452 3624 
3 3625 3462 3627 
3 3373 3620 3623 
3 3407 3482 3656 
3 3507 3337 3465 
3 3428 3427 3426 
3 3409 3383 3385 
3 3517 3450 3606 
3 3597 3517 3606 
3 3452 3603 3453 
3 3603 3444 3445 
3 3427 3517 3598 
3 3517 3597 3598 
3 3386 3428 3426 
3 3581 3492 3408 
3 3404 3597 3405 
3 3406 3496 3498 
3 3390 3581 3582 
3 3597 3606 3655 
3 3363 3575 3640 
3 3609 3448 3610 
3 3494 3404 3495 
3 3592 3409 3591 
3 3611 3625 3626 
3 3448 3609 3614 
3 3493 3407 3656 
3 3441 3388 3394 
3 3370 3331 3576 
3 3513 3438 3514 
3 3395 3441 3394 
3 3473 3581 3654 
3 3398 3644 3527 
3 3620 3493 3623 
3 3424 3417 3420 
3 3576 3393 3575 
3 3362 3361 3653 
3 3602 3400 3490 
3 3509 3502 3578 
3 3550 3645 3584 
3 3358 3357 3553 
3 3403 3534 3618 
3 3573 3489 3618 
3 3504 3577 3505 
3 3604 3533 3577 
3 3504 3604 3577 
3 3658 3659 3660 
3 3661 3662 3663 
3 3664 3662 3665 
3 3666 3661 3663 
3 3667 3664 3665 
3 3668 3669 3666 
3 3664 3670 3671 
3 3670 3664 3667 
3 3672 3673 3674 
3 3675 3676 3677 
3 3676 3678 3677 
3 3679 3680 3681 
3 3682 3683 3684 
3 3685 3686 3687 
3 3688 3689 3690 
3 3691 3692 3693 
3 3694 3695 3696 
3 3697 3698 3699 
3 3700 3701 3702 
3 3689 3703 3690 
3 3704 3705 3706 
3 3705 3688 3707 
3 3708 3709 3710 
3 3709 3711 3710 
3 3712 3708 3713 
3 3714 3715 3716 
3 3717 3718 3719 
3 3720 3721 3722 
3 3723 3724 3725 
3 3726 3727 3728 
3 3729 3730 3731 
3 3732 3724 3733 
3 3734 3735 3736 
3 3735 3737 3736 
3 3719 3738 3739 
3 3738 3740 3739 
3 3740 3717 3739 
3 3741 3742 3743 
3 3742 3744 3743 
3 3745 3746 3747 
3 3748 3745 3747 
3 3749 3742 3741 
3 3675 3750 3751 
3 3675 3752 3753 
3 3754 3755 3756 
3 3757 3758 3759 
3 3758 3760 3759 
3 3758 3757 3761 
3 3762 3758 3761 
3 3763 3764 3765 
3 3764 3766 3765 
3 3767 3753 3768 
3 3769 3752 3770 
3 3735 3734 3771 
3 3760 3735 3771 
3 3727 3772 3773 
3 3774 3758 3775 
3 3776 3777 3778 
3 3708 3712 3779 
3 3712 3780 3779 
3 3662 3664 3781 
3 3664 3782 3781 
3 3783 3784 3785 
3 3784 3786 3785 
3 3784 3787 3786 
3 3787 3788 3786 
3 3789 3790 3791 
3 3790 3792 3791 
3 3790 3777 3793 
3 3792 3790 3793 
3 3712 3794 3795 
3 3796 3712 3795 
3 3797 3798 3799 
3 3800 3797 3799 
3 3797 3740 3798 
3 3698 3801 3802 
3 3801 3777 3802 
3 3803 3723 3804 
3 3723 3805 3804 
3 3780 3712 3806 
3 3792 3801 3807 
3 3808 3724 3809 
3 3794 3808 3809 
3 3689 3810 3811 
3 3703 3689 3811 
3 3812 3680 3813 
3 3749 3812 3813 
3 3787 3784 3814 
3 3750 3787 3814 
3 3815 3816 3817 
3 3816 3818 3817 
3 3819 3782 3815 
3 3772 3727 3820 
3 3821 3772 3820 
3 3822 3823 3824 
3 3825 3683 3826 
3 3827 3828 3829 
3 3746 3745 3830 
3 3745 3831 3830 
3 3755 3762 3756 
3 3701 3832 3833 
3 3834 3835 3836 
3 3837 3834 3836 
3 3838 3834 3839 
3 3834 3840 3839 
3 3841 3842 3843 
3 3842 3776 3843 
3 3787 3750 3678 
3 3844 3787 3678 
3 3676 3749 3844 
3 3758 3774 3827 
3 3760 3758 3827 
3 3845 3714 3810 
3 3846 3689 3847 
3 3689 3688 3847 
3 3848 3849 3737 
3 3849 3850 3737 
3 3849 3848 3851 
3 3704 3849 3851 
3 3688 3852 3847 
3 3852 3688 3853 
3 3704 3852 3853 
3 3742 3749 3854 
3 3855 3742 3854 
3 3701 3715 3832 
3 3714 3845 3715 
3 3767 3856 3857 
3 3856 3858 3857 
3 3709 3721 3859 
3 3860 3709 3859 
3 3669 3860 3859 
3 3861 3800 3862 
3 3863 3864 3865 
3 3685 3863 3865 
3 3734 3850 3866 
3 3850 3766 3866 
3 3744 3858 3867 
3 3748 3744 3867 
3 3742 3855 3858 
3 3744 3742 3858 
3 3757 3868 3869 
3 3868 3748 3869 
3 3800 3870 3871 
3 3870 3831 3871 
3 3872 3692 3873 
3 3838 3872 3873 
3 3874 3875 3876 
3 3875 3877 3876 
3 3835 3834 3878 
3 3834 3838 3878 
3 3879 3880 3881 
3 3864 3879 3881 
3 3882 3842 3883 
3 3842 3841 3883 
3 3776 3842 3884 
3 3842 3882 3884 
3 3885 3886 3887 
3 3888 3889 3890 
3 3819 3818 3891 
3 3682 3885 3892 
3 3789 3680 3893 
3 3680 3679 3893 
3 3766 3764 3894 
3 3764 3685 3894 
3 3764 3730 3895 
3 3685 3764 3895 
3 3767 3762 3761 
3 3730 3764 3763 
3 3879 3864 3896 
3 3897 3879 3896 
3 3825 3879 3897 
3 3898 3825 3897 
3 3848 3735 3899 
3 3735 3829 3899 
3 3735 3760 3829 
3 3760 3827 3829 
3 3900 3752 3751 
3 3752 3675 3751 
3 3900 3816 3770 
3 3816 3769 3770 
3 3762 3752 3756 
3 3752 3754 3756 
3 3753 3752 3768 
3 3752 3762 3768 
3 3822 3724 3803 
3 3689 3901 3810 
3 3755 3845 3775 
3 3900 3902 3903 
3 3783 3785 3904 
3 3796 3905 3806 
3 3905 3780 3806 
3 3906 3882 3907 
3 3882 3692 3907 
3 3737 3850 3736 
3 3882 3906 3908 
3 3884 3882 3908 
3 3831 3797 3871 
3 3754 3752 3769 
3 3818 3816 3903 
3 3816 3900 3903 
3 3808 3788 3733 
3 3724 3808 3733 
3 3828 3848 3899 
3 3854 3676 3909 
3 3910 3884 3908 
3 3911 3864 3881 
3 3703 3714 3912 
3 3712 3796 3806 
3 3724 3723 3803 
3 3813 3913 3914 
3 3879 3825 3826 
3 3915 3879 3826 
3 3683 3915 3826 
3 3916 3717 3886 
3 3682 3916 3886 
3 3709 3708 3722 
3 3721 3709 3722 
3 3840 3738 3719 
3 3738 3840 3917 
3 3837 3738 3917 
3 3849 3704 3731 
3 3730 3849 3731 
3 3695 3801 3696 
3 3801 3698 3696 
3 3910 3906 3699 
3 3698 3910 3699 
3 3918 3919 3912 
3 3919 3703 3912 
3 3703 3920 3690 
3 3920 3688 3690 
3 3750 3900 3751 
3 3834 3837 3917 
3 3921 3662 3891 
3 3922 3923 3824 
3 3823 3922 3824 
3 3702 3924 3925 
3 3924 3816 3815 
3 3782 3664 3926 
3 3672 3927 3671 
3 3924 3782 3925 
3 3927 3700 3702 
3 3918 3700 3928 
3 3700 3674 3928 
3 3927 3672 3674 
3 3683 3825 3684 
3 3918 3714 3716 
3 3700 3927 3674 
3 3661 3667 3665 
3 3662 3661 3665 
3 3668 3666 3663 
3 3662 3668 3663 
3 3782 3927 3925 
3 3927 3702 3925 
3 3927 3782 3926 
3 3671 3927 3926 
3 3673 3918 3928 
3 3888 3695 3929 
3 3864 3863 3930 
3 3931 3825 3898 
3 3686 3730 3932 
3 3850 3849 3763 
3 3933 3875 3874 
3 3730 3686 3895 
3 3849 3730 3763 
3 3685 3911 3894 
3 3695 3805 3934 
3 3823 3805 3890 
3 3805 3807 3934 
3 3788 3913 3935 
3 3691 3906 3907 
3 3777 3776 3936 
3 3913 3789 3935 
3 3838 3937 3878 
3 3718 3717 3938 
3 3937 3835 3878 
3 3838 3939 3940 
3 3880 3911 3881 
3 3911 3685 3865 
3 3941 3911 3880 
3 3885 3942 3943 
3 3885 3682 3886 
3 3885 3943 3892 
3 3916 3682 3944 
3 3740 3885 3887 
3 3889 3823 3890 
3 3766 3911 3945 
3 3911 3766 3894 
3 3933 3734 3866 
3 3941 3915 3946 
3 3933 3941 3947 
3 3915 3942 3946 
3 3875 3933 3947 
3 3885 3740 3948 
3 3797 3831 3949 
3 3738 3837 3798 
3 3734 3933 3874 
3 3868 3760 3771 
3 3831 3745 3950 
3 3868 3874 3876 
3 3942 3885 3948 
3 3748 3868 3877 
3 3746 3951 3952 
3 3797 3800 3871 
3 3861 3726 3953 
3 3760 3868 3759 
3 3748 3856 3869 
3 3856 3757 3869 
3 3858 3856 3867 
3 3951 3743 3952 
3 3698 3697 3954 
3 3955 3898 3897 
3 3792 3732 3791 
3 3761 3757 3956 
3 3844 3913 3957 
3 3911 3941 3945 
3 3858 3855 3857 
3 3864 3911 3865 
3 3840 3718 3958 
3 3704 3729 3731 
3 3848 3852 3851 
3 3852 3704 3851 
3 3735 3848 3737 
3 3939 3838 3839 
3 3835 3861 3836 
3 3861 3835 3959 
3 3688 3705 3853 
3 3828 3846 3960 
3 3845 3901 3774 
3 3828 3901 3846 
3 3852 3846 3847 
3 3901 3845 3810 
3 3774 3828 3827 
3 3836 3861 3862 
3 3821 3861 3959 
3 3726 3861 3821 
3 3692 3937 3873 
3 3937 3692 3961 
3 3845 3755 3832 
3 3754 3701 3833 
3 3757 3856 3956 
3 3676 3675 3909 
3 3680 3812 3773 
3 3913 3844 3914 
3 3749 3676 3854 
3 3913 3788 3957 
3 3772 3841 3843 
3 3789 3913 3962 
3 3843 3776 3963 
3 3906 3910 3908 
3 3883 3937 3961 
3 3818 3819 3817 
3 3782 3924 3815 
3 3676 3844 3678 
3 3659 3784 3660 
3 3784 3783 3660 
3 3902 3784 3659 
3 3964 3902 3659 
3 3831 3870 3830 
3 3870 3746 3830 
3 3822 3796 3795 
3 3872 3838 3940 
3 3900 3750 3965 
3 3723 3792 3807 
3 3730 3729 3932 
3 3863 3685 3687 
3 3705 3704 3853 
3 3688 3920 3707 
3 3729 3704 3706 
3 3864 3955 3896 
3 3955 3897 3896 
3 3906 3691 3966 
3 3694 3698 3954 
3 3955 3864 3930 
3 3692 3872 3693 
3 3939 3840 3958 
3 3717 3916 3938 
3 3922 3823 3889 
3 3695 3694 3929 
3 3682 3931 3944 
3 3919 3918 3967 
3 3920 3703 3968 
3 3810 3714 3811 
3 3724 3822 3809 
3 3906 3697 3699 
3 3726 3870 3953 
3 3870 3800 3953 
3 3870 3726 3969 
3 3746 3870 3969 
3 3714 3918 3912 
3 3918 3673 3967 
3 3703 3919 3968 
3 3701 3700 3715 
3 3715 3845 3832 
3 3727 3726 3820 
3 3848 3828 3960 
3 3841 3772 3821 
3 3969 3726 3728 
3 3709 3921 3711 
3 3921 3964 3711 
3 3721 3669 3859 
3 3669 3668 3860 
3 3797 3942 3948 
3 3740 3797 3948 
3 3942 3915 3943 
3 3915 3683 3943 
3 3970 3942 3949 
3 3831 3970 3949 
3 3910 3698 3802 
3 3697 3906 3966 
3 3819 3662 3781 
3 3670 3672 3671 
3 3819 3815 3817 
3 3783 3658 3660 
3 3662 3819 3891 
3 3662 3921 3668 
3 3877 3868 3876 
3 3792 3723 3725 
3 3658 3964 3659 
3 3783 3794 3971 
3 3714 3703 3811 
3 3822 3794 3809 
3 3805 3723 3807 
3 3713 3783 3971 
3 3823 3822 3803 
3 3823 3803 3804 
3 3805 3823 3804 
3 3658 3708 3710 
3 3777 3910 3802 
3 3841 3835 3972 
3 3941 3933 3945 
3 3933 3766 3945 
3 3964 3921 3973 
3 3755 3775 3974 
3 3805 3695 3975 
3 3937 3838 3873 
3 3868 3734 3874 
3 3818 3903 3976 
3 3845 3774 3775 
3 3762 3755 3974 
3 3762 3767 3768 
3 3855 3675 3753 
3 3766 3850 3765 
3 3923 3905 3796 
3 3777 3801 3793 
3 3732 3789 3791 
3 3794 3783 3904 
3 3782 3819 3781 
3 3788 3732 3733 
3 3796 3822 3977 
3 3708 3658 3713 
3 3752 3900 3770 
3 3924 3754 3769 
3 3679 3776 3778 
3 3745 3748 3877 
3 3875 3745 3877 
3 3875 3970 3950 
3 3970 3831 3950 
3 3942 3797 3949 
3 3745 3875 3950 
3 3901 3828 3774 
3 3754 3924 3978 
3 3924 3702 3978 
3 3788 3808 3786 
3 3822 3824 3977 
3 3680 3773 3681 
3 3812 3727 3773 
3 3883 3841 3972 
3 3850 3763 3765 
3 3840 3939 3839 
3 3784 3902 3814 
3 3964 3818 3976 
3 3750 3814 3965 
3 3921 3891 3973 
3 3786 3808 3785 
3 3798 3837 3799 
3 3890 3805 3975 
3 3773 3772 3681 
3 3772 3679 3681 
3 3772 3843 3963 
3 3679 3772 3963 
3 3921 3709 3860 
3 3708 3720 3722 
3 3794 3822 3795 
3 3780 3720 3779 
3 3829 3828 3899 
3 3734 3868 3771 
3 3678 3750 3677 
3 3750 3675 3677 
3 3701 3754 3978 
3 3702 3701 3978 
3 3840 3834 3917 
3 3740 3738 3798 
3 3812 3749 3741 
3 3812 3741 3979 
3 3856 3748 3867 
3 3855 3767 3857 
3 3901 3689 3846 
3 3675 3855 3909 
3 3855 3854 3909 
3 3679 3790 3893 
3 3790 3789 3893 
3 3832 3755 3833 
3 3755 3754 3833 
3 3746 3744 3747 
3 3951 3741 3743 
3 3744 3748 3747 
3 3717 3719 3739 
3 3837 3800 3799 
3 3686 3685 3895 
3 3970 3875 3947 
3 3941 3970 3947 
3 3879 3915 3880 
3 3915 3941 3880 
3 3942 3970 3946 
3 3970 3941 3946 
3 3808 3794 3904 
3 3785 3808 3904 
3 3913 3813 3962 
3 3850 3734 3736 
3 3813 3680 3962 
3 3680 3789 3962 
3 3891 3818 3973 
3 3818 3964 3973 
3 3790 3679 3778 
3 3777 3790 3778 
3 3775 3758 3974 
3 3758 3762 3974 
3 3824 3923 3977 
3 3923 3796 3977 
3 3902 3964 3976 
3 3903 3902 3976 
3 3888 3890 3975 
3 3695 3888 3975 
3 3902 3900 3965 
3 3814 3902 3965 
3 3846 3852 3960 
3 3852 3848 3960 
3 3700 3918 3716 
3 3715 3700 3716 
3 3712 3713 3971 
3 3794 3712 3971 
3 3835 3937 3972 
3 3937 3883 3972 
3 3732 3792 3725 
3 3724 3732 3725 
3 3951 3727 3979 
3 3741 3951 3979 
3 3951 3969 3728 
3 3727 3951 3728 
3 3664 3671 3926 
3 3788 3787 3957 
3 3787 3844 3957 
3 3856 3767 3956 
3 3767 3761 3956 
3 3692 3882 3961 
3 3882 3883 3961 
3 3910 3777 3936 
3 3884 3910 3936 
3 3841 3821 3959 
3 3835 3841 3959 
3 3837 3836 3862 
3 3800 3837 3862 
3 3776 3679 3963 
3 3844 3749 3914 
3 3749 3813 3914 
3 3743 3744 3952 
3 3744 3746 3952 
3 3717 3740 3887 
3 3886 3717 3887 
3 3943 3683 3892 
3 3683 3682 3892 
3 3732 3788 3935 
3 3789 3732 3935 
3 3807 3801 3934 
3 3801 3695 3934 
3 3766 3933 3866 
3 3727 3812 3979 
3 3931 3682 3684 
3 3825 3931 3684 
3 3801 3792 3793 
3 3868 3757 3759 
3 3720 3708 3779 
3 3718 3840 3719 
3 3726 3821 3820 
3 3658 3783 3713 
3 3668 3921 3860 
3 3964 3658 3711 
3 3776 3884 3936 
3 3951 3746 3969 
3 3800 3861 3953 
3 3692 3691 3907 
3 3816 3924 3769 
3 3698 3694 3696 
3 3674 3673 3928 
3 3711 3658 3710 
3 3767 3855 3753 
3 3980 3981 3982 
3 3983 3984 3985 
3 3986 3987 3988 
3 3989 3990 3991 
3 3992 3993 3994 
3 3995 3996 3997 
3 3998 3999 4000 
3 3989 4001 4002 
3 3999 4003 4000 
3 4004 4005 4006 
3 4007 4008 4009 
3 4010 4011 4012 
3 4013 4014 4015 
3 4016 4013 4015 
3 4017 3986 4018 
3 4019 4020 4021 
3 3980 4022 4023 
3 4022 4024 4023 
3 4020 4019 4025 
3 4026 4027 4028 
3 4010 4029 4030 
3 4027 4031 4028 
3 4032 4027 4033 
3 4034 4020 4035 
3 3998 4004 4036 
3 4037 3995 4038 
3 4039 4040 4041 
3 4042 4037 4038 
3 3986 4017 4043 
3 4044 4045 4046 
3 4045 4047 4046 
3 4048 4049 4050 
3 4049 4051 4050 
3 4052 4053 4054 
3 4055 4052 4054 
3 4056 4057 4058 
3 4057 4008 4058 
3 4059 4008 4060 
3 4061 4059 4060 
3 4062 4063 4064 
3 4065 4062 4064 
3 4066 4067 4068 
3 4065 4066 4068 
3 4015 4069 4070 
3 4069 4071 4070 
3 4072 4073 4074 
3 4075 4072 4074 
3 4076 4040 4077 
3 4078 4079 4080 
3 4081 3994 4055 
3 4053 4081 4054 
3 4082 4083 4084 
3 4085 4086 4087 
3 4086 4088 4089 
3 4090 4091 4092 
3 3989 4090 4092 
3 3996 4093 4094 
3 4095 4096 4097 
3 4098 4095 4099 
3 4003 4100 4101 
3 4102 4103 4104 
3 4105 4045 4106 
3 4045 4102 4106 
3 4095 4098 4107 
3 4082 4095 4107 
3 4108 4109 4110 
3 4109 4111 4110 
3 4111 4109 4112 
3 4109 4093 4112 
3 4093 4113 4094 
3 4114 4048 4115 
3 4116 4114 4115 
3 4102 4117 4118 
3 4119 4120 4121 
3 4079 4119 4121 
3 4122 4079 4121 
3 4123 4124 4125 
3 4124 4024 4125 
3 4098 4126 4127 
3 4126 4128 4127 
3 4102 4045 4129 
3 4045 4044 4129 
3 4088 4086 4130 
3 4126 4122 4131 
3 4017 4018 4009 
3 4010 4057 4056 
3 3984 3983 4132 
3 4014 3984 4132 
3 4133 4014 4132 
3 4073 4022 4074 
3 4134 4135 4136 
3 4137 4138 4139 
3 4138 4111 4139 
3 4140 4141 4142 
3 4108 4143 4144 
3 4142 4108 4144 
3 4145 4140 4146 
3 4143 4147 4148 
3 4062 4149 4150 
3 4151 4062 4150 
3 4152 4098 4153 
3 4154 4152 4153 
3 4105 4155 4156 
3 4157 4158 4159 
3 4160 4161 4162 
3 4161 4149 4162 
3 4163 4161 4160 
3 4087 4154 4164 
3 4165 4166 4167 
3 4168 4169 4170 
3 4169 4171 4170 
3 4155 4047 4156 
3 4172 4088 4130 
3 4165 4168 4173 
3 4166 4165 4173 
3 4040 4141 4174 
3 4175 4065 4068 
3 4032 4176 4177 
3 4176 4178 4177 
3 4175 4067 4179 
3 4180 4175 4179 
3 4103 4181 4182 
3 4183 4184 4185 
3 4184 4180 4185 
3 4071 4069 4183 
3 4069 4184 4183 
3 4186 4052 4187 
3 4158 4186 4187 
3 4155 4163 4188 
3 4039 4157 4159 
3 4062 4151 4189 
3 4063 4062 4189 
3 4190 4191 4192 
3 4149 4161 4150 
3 4143 4193 4194 
3 4191 4194 4195 
3 4193 4063 4189 
3 4193 4108 4196 
3 4063 4193 4196 
3 4197 4138 4198 
3 4138 4199 4198 
3 4200 4201 4091 
3 4090 4039 4202 
3 4158 3993 4203 
3 4201 4200 4204 
3 4044 4205 4206 
3 4205 4128 4206 
3 4095 4207 4096 
3 4208 4049 4209 
3 4049 4048 4209 
3 4210 4020 4211 
3 3983 4210 4211 
3 4034 4134 4212 
3 3983 4034 4212 
3 4208 4213 4214 
3 4213 4215 4214 
3 4082 4152 4089 
3 4039 4200 4202 
3 4200 4091 4202 
3 4047 4154 4216 
3 4154 4153 4216 
3 4200 4039 4159 
3 4158 4200 4159 
3 4154 4047 4188 
3 4163 4154 4188 
3 4200 4158 4203 
3 4204 4200 4203 
3 4147 4143 4194 
3 4191 4147 4194 
3 4140 4145 4174 
3 4141 4140 4174 
3 4145 4157 4041 
3 4157 4039 4041 
3 4109 4141 4113 
3 4093 4109 4113 
3 4105 4147 4217 
3 4147 4191 4217 
3 4045 4105 4156 
3 4047 4045 4156 
3 4166 4172 4130 
3 4086 4166 4130 
3 4014 4013 4218 
3 4017 4042 4038 
3 3995 4017 4038 
3 4119 4079 4219 
3 4145 4220 4221 
3 4027 4026 4222 
3 4033 4027 4222 
3 4223 4032 4033 
3 4224 4223 4033 
3 4223 4225 4032 
3 4226 4227 4228 
3 4227 3981 4228 
3 4010 4229 4230 
3 4229 4061 4230 
3 4133 4184 4231 
3 4073 4072 4025 
3 4072 4020 4025 
3 4003 4232 4000 
3 4232 3998 4000 
3 4172 4233 4234 
3 4085 4160 4167 
3 4131 4235 4236 
3 4141 4040 4237 
3 4149 4238 4239 
3 4233 4226 4228 
3 3981 3980 4240 
3 4082 4089 4241 
3 4031 4229 4028 
3 4229 4026 4028 
3 4242 4034 4035 
3 3995 4243 4043 
3 4244 4245 4078 
3 4245 4079 4078 
3 4024 4022 4246 
3 4022 4073 4246 
3 4124 3980 4023 
3 4024 4124 4023 
3 4247 4088 4248 
3 4172 3981 4240 
3 4244 4249 4123 
3 4249 4247 4250 
3 4251 4252 4253 
3 4229 4010 4030 
3 4026 4229 4030 
3 4014 4069 4015 
3 4069 4014 4231 
3 4184 4069 4231 
3 4008 4059 4254 
3 4042 4008 4254 
3 4009 4008 4255 
3 3986 4256 4018 
3 4256 4007 4018 
3 4243 3999 4006 
3 4005 4243 4006 
3 3999 4243 3997 
3 4243 3995 3997 
3 4257 4048 4258 
3 4100 4076 4101 
3 4232 3989 4002 
3 3998 4232 4002 
3 4044 4051 4259 
3 4088 3980 4248 
3 4032 4225 4260 
3 4224 4033 4222 
3 4261 4252 4262 
3 4178 4263 4031 
3 4261 4016 4253 
3 4051 4264 4050 
3 4225 4252 4260 
3 4134 4133 4212 
3 4020 4034 4211 
3 4079 4245 4219 
3 4120 4119 4265 
3 4095 4082 4084 
3 4257 4235 4266 
3 4207 4079 4096 
3 4051 4044 4267 
3 4249 4244 4078 
3 4082 4247 4083 
3 4017 3995 4043 
3 4019 4073 4025 
3 4268 4073 4269 
3 4270 4024 4271 
3 4081 4055 4054 
3 4133 3983 4212 
3 4224 4026 4272 
3 4011 4007 4273 
3 4004 3998 4274 
3 3993 3992 4204 
3 4199 4275 4198 
3 4076 4090 4276 
3 3996 4100 4003 
3 4201 3990 4091 
3 4091 4090 4202 
3 4065 4238 4277 
3 4108 4138 4196 
3 4138 4063 4196 
3 4151 4193 4189 
3 4111 4138 4110 
3 4278 4183 4185 
3 4067 4066 4279 
3 4280 4278 4281 
3 4278 4180 4179 
3 4275 4197 4198 
3 4275 4282 4283 
3 4138 4137 4199 
3 4063 4138 4197 
3 4282 4263 4283 
3 4152 4154 4087 
3 4111 4284 4139 
3 4284 4059 4137 
3 4284 4042 4254 
3 4163 4155 4190 
3 4052 4182 4285 
3 4040 4145 4041 
3 3993 4158 4187 
3 4081 4053 4286 
3 4071 4278 4287 
3 4251 4253 4288 
3 4178 4280 4289 
3 4251 4280 4290 
3 4263 4178 4289 
3 4278 4067 4281 
3 4252 4251 4291 
3 4282 4061 4292 
3 4027 4178 4031 
3 4008 4057 4060 
3 4061 4057 4230 
3 4252 4261 4253 
3 4027 4032 4177 
3 4029 4026 4030 
3 4257 4266 4293 
3 4071 4251 4288 
3 4268 4024 4246 
3 4157 4117 4294 
3 4251 4290 4291 
3 4178 4027 4177 
3 4086 4152 4087 
3 4129 4044 4259 
3 4090 3989 4276 
3 4284 4111 4295 
3 4171 4233 4170 
3 3987 3986 4296 
3 4233 4172 4297 
3 4168 4233 4173 
3 4247 4082 4241 
3 4085 4167 4298 
3 4155 4191 4190 
3 4205 4044 4046 
3 4098 4205 4153 
3 4220 4146 4299 
3 4155 4105 4217 
3 4300 4181 4103 
3 4220 4145 4146 
3 4141 4109 4142 
3 4105 4220 4299 
3 4233 4228 4234 
3 4227 4226 4242 
3 4227 4072 4075 
3 4053 4052 4285 
3 4165 4160 4162 
3 4226 4233 4171 
3 4169 4175 4301 
3 4062 4065 4277 
3 4175 4180 4301 
3 4145 4040 4174 
3 4141 4100 4113 
3 4042 4284 4295 
3 4059 4284 4254 
3 3996 3999 3997 
3 4284 4137 4139 
3 4040 4039 4077 
3 3999 3996 4003 
3 4034 3983 4211 
3 4184 4133 4136 
3 4067 4278 4179 
3 4026 4029 4272 
3 4007 4011 4056 
3 4026 4224 4222 
3 3981 4227 4075 
3 4053 4213 4286 
3 4008 4042 4255 
3 4210 3983 3985 
3 4302 4120 4265 
3 4020 4210 4021 
3 3983 4133 4132 
3 4018 4007 4009 
3 3986 4043 4296 
3 4024 4268 4271 
3 4029 4010 4012 
3 4007 4256 4273 
3 4013 4016 4303 
3 4011 4010 4056 
3 4001 3989 3991 
3 4016 4261 4303 
3 3984 4014 4218 
3 4256 3986 3988 
3 4073 4019 4269 
3 4252 4225 4262 
3 3998 4001 4274 
3 4226 4134 4304 
3 4128 4205 4127 
3 4220 4117 4221 
3 4275 4305 4279 
3 4305 4067 4279 
3 4235 4257 4306 
3 4128 4235 4306 
3 4116 4257 4293 
3 4120 4302 4266 
3 4229 4263 4292 
3 4061 4229 4292 
3 4263 4229 4031 
3 4242 4226 4304 
3 4040 4076 4237 
3 4235 4128 4236 
3 4205 4098 4127 
3 4128 4264 4206 
3 4264 4128 4306 
3 4300 4051 4307 
3 4181 4300 4307 
3 4264 4048 4050 
3 4186 4103 4182 
3 4180 4184 4308 
3 4152 4086 4089 
3 3981 4075 3982 
3 4270 4244 4123 
3 4079 4207 4080 
3 4153 4205 4216 
3 4122 4120 4131 
3 4120 4122 4121 
3 4280 4251 4287 
3 4300 4102 4129 
3 4251 4071 4287 
3 4102 4300 4103 
3 4134 4226 4309 
3 4123 4249 4250 
3 4052 3993 4187 
3 3994 3993 4055 
3 3992 4201 4204 
3 4073 4268 4246 
3 4048 4114 4209 
3 4270 4123 4125 
3 4001 3998 4002 
3 4004 4006 4036 
3 4091 3990 4092 
3 4180 4135 4301 
3 4135 4169 4301 
3 4175 4169 4238 
3 4065 4175 4238 
3 4169 4135 4171 
3 4173 4233 4297 
3 3987 4243 4005 
3 4233 4168 4170 
3 4053 4181 4215 
3 4181 4049 4215 
3 4098 4152 4107 
3 4079 4122 4096 
3 4052 4186 4182 
3 4117 4102 4104 
3 4106 4102 4118 
3 4220 4105 4106 
3 4137 4059 4310 
3 4096 4122 4097 
3 4161 4151 4150 
3 4095 4097 4099 
3 4191 4151 4192 
3 3993 4204 4203 
3 4071 4016 4070 
3 3990 3989 4092 
3 4184 4136 4308 
3 4014 4133 4231 
3 4278 4071 4183 
3 4072 4227 4242 
3 4086 4085 4298 
3 4158 4157 4294 
3 4257 4116 4115 
3 4138 4108 4110 
3 4037 4111 4112 
3 4122 4126 4097 
3 4108 4193 4143 
3 4151 4191 4195 
3 4109 4108 4142 
3 4085 4163 4160 
3 4154 4163 4164 
3 4205 4047 4216 
3 4152 4082 4107 
3 4076 4232 4101 
3 4232 4003 4101 
3 4140 4143 4148 
3 4146 4140 4148 
3 4247 4124 4250 
3 4124 4123 4250 
3 4039 4090 4077 
3 4090 4076 4077 
3 4089 4088 4241 
3 4088 4247 4241 
3 4161 4190 4192 
3 4151 4161 4192 
3 4126 4098 4099 
3 3993 4052 4055 
3 4097 4126 4099 
3 4143 4140 4144 
3 4140 4142 4144 
3 4113 4100 4094 
3 4100 3996 4094 
3 4093 3996 4311 
3 3996 3995 4311 
3 4193 4151 4195 
3 4194 4193 4195 
3 4166 4173 4297 
3 4172 4166 4297 
3 4075 4022 3982 
3 4022 3980 3982 
3 4228 3981 4234 
3 3981 4172 4234 
3 4167 4166 4298 
3 4166 4086 4298 
3 4017 4009 4255 
3 4016 4015 4070 
3 4180 4278 4185 
3 4042 4017 4255 
3 4263 4305 4283 
3 4305 4275 4283 
3 4066 4063 4197 
3 4275 4066 4197 
3 4137 4282 4199 
3 4282 4275 4199 
3 4133 4134 4136 
3 4263 4282 4292 
3 4235 4120 4266 
3 4306 4257 4258 
3 4048 4257 4115 
3 4049 4208 4214 
3 4213 4053 4215 
3 4114 4208 4209 
3 4178 4176 4290 
3 4280 4178 4290 
3 4067 4305 4281 
3 4305 4280 4281 
3 4066 4275 4279 
3 4305 4263 4289 
3 4280 4305 4289 
3 4059 4061 4310 
3 4007 4056 4058 
3 4165 4149 4168 
3 4149 4165 4162 
3 4160 4165 4167 
3 4207 4095 4084 
3 4083 4207 4084 
3 4085 4087 4164 
3 4163 4085 4164 
3 4220 4106 4118 
3 4117 4220 4118 
3 4186 4117 4104 
3 4103 4186 4104 
3 4008 4007 4058 
3 4022 4075 4074 
3 4067 4175 4068 
3 4063 4066 4064 
3 4057 4010 4230 
3 4168 4149 4239 
3 4047 4155 4188 
3 4057 4061 4060 
3 4049 4181 4307 
3 4051 4049 4307 
3 4147 4146 4148 
3 4264 4051 4267 
3 4206 4264 4267 
3 4169 4168 4239 
3 4238 4169 4239 
3 4061 4282 4310 
3 4282 4137 4310 
3 4264 4306 4258 
3 4048 4264 4258 
3 4100 4141 4237 
3 4076 4100 4237 
3 4136 4135 4308 
3 4135 4180 4308 
3 4207 4249 4080 
3 4249 4078 4080 
3 4171 4135 4309 
3 4135 4134 4309 
3 4006 3999 4036 
3 3999 3998 4036 
3 4126 4131 4236 
3 4128 4126 4236 
3 4051 4300 4259 
3 4300 4129 4259 
3 4117 4157 4221 
3 4157 4145 4221 
3 4034 4242 4304 
3 4134 4034 4304 
3 4020 4072 4035 
3 4072 4242 4035 
3 4043 4243 4296 
3 4243 3987 4296 
3 4037 4042 4295 
3 4111 4037 4295 
3 4024 4270 4125 
3 4191 4155 4217 
3 4302 4116 4293 
3 4266 4302 4293 
3 4176 4252 4291 
3 4290 4176 4291 
3 4117 4186 4294 
3 4186 4158 4294 
3 4253 4016 4288 
3 4016 4071 4288 
3 4182 4181 4285 
3 4044 4206 4267 
3 4181 4053 4285 
3 4161 4163 4190 
3 4232 4076 4276 
3 3989 4232 4276 
3 4238 4149 4277 
3 4149 4062 4277 
3 4147 4105 4299 
3 4146 4147 4299 
3 4215 4049 4214 
3 4247 4249 4083 
3 4249 4207 4083 
3 4120 4235 4131 
3 4047 4205 4046 
3 4176 4032 4260 
3 4252 4176 4260 
3 4088 4172 4240 
3 3980 4088 4240 
3 4124 4247 4248 
3 3980 4124 4248 
3 4226 4171 4309 
3 3995 4037 4311 
3 4278 4280 4287 
3 4066 4065 4064 
3 4037 4093 4311 
3 4093 4037 4112 
3 4312 4313 4314 
3 4315 4316 4317 
3 4318 4319 4320 
3 4321 4322 4323 
3 4324 4325 4326 
3 4327 4328 4329 
3 4330 4331 4332 
3 4331 4319 4333 
3 4334 4335 4336 
3 4325 4324 4337 
3 4338 4339 4340 
3 4341 4338 4342 
3 4339 4343 4344 
3 4345 4346 4347 
3 4342 4338 4340 
3 4346 4348 4344 
3 4349 4350 4351 
3 4339 4338 4352 
3 4353 4341 4342 
3 4338 4354 4352 
3 4355 4356 4357 
3 4355 4358 4359 
3 4360 4356 4361 
3 4362 4363 4364 
3 4363 4353 4364 
3 4365 4366 4367 
3 4366 4365 4368 
3 4330 4369 4370 
3 4363 4362 4371 
3 4372 4363 4371 
3 4313 4373 4314 
3 4373 4374 4314 
3 4348 4375 4376 
3 4348 4377 4378 
3 4379 4380 4381 
3 4382 4383 4384 
3 4382 4385 4386 
3 4387 4382 4386 
3 4348 4346 4375 
3 4388 4389 4390 
3 4391 4383 4392 
3 4393 4394 4395 
3 4396 4382 4384 
3 4397 4389 4398 
3 4398 4389 4399 
3 4383 4382 4400 
3 4401 4402 4403 
3 4404 4405 4406 
3 4407 4408 4409 
3 4410 4404 4406 
3 4411 4405 4412 
3 4413 4397 4398 
3 4414 4393 4395 
3 4382 4387 4415 
3 4362 4364 4416 
3 4339 4348 4417 
3 4405 4404 4418 
3 4419 4372 4420 
3 4404 4421 4422 
3 4361 4343 4354 
3 4423 4362 4424 
3 4348 4339 4344 
3 4353 4425 4364 
3 4362 4426 4424 
3 4427 4428 4429 
3 4430 4427 4431 
3 4432 4427 4429 
3 4433 4434 4435 
3 4402 4408 4436 
3 4401 4437 4438 
3 4408 4439 4436 
3 4386 4385 4440 
3 4358 4441 4396 
3 4319 4331 4442 
3 4338 4341 4443 
3 4346 4345 4388 
3 4402 4401 4438 
3 4444 4445 4446 
3 4447 4402 4448 
3 4346 4344 4347 
3 4434 4447 4448 
3 4385 4437 4440 
3 4449 4450 4451 
3 4452 4322 4453 
3 4441 4454 4455 
3 4456 4457 4458 
3 4408 4437 4409 
3 4459 4355 4359 
3 4358 4383 4460 
3 4405 4411 4461 
3 4454 4355 4462 
3 4353 4366 4463 
3 4331 4330 4464 
3 4331 4410 4442 
3 4356 4345 4465 
3 4389 4391 4392 
3 4361 4356 4465 
3 4355 4454 4466 
3 4467 4468 4469 
3 4406 4315 4317 
3 4470 4467 4471 
3 4467 4443 4472 
3 4473 4467 4472 
3 4348 4426 4417 
3 4328 4473 4474 
3 4356 4360 4357 
3 4475 4441 4455 
3 4356 4355 4459 
3 4369 4366 4368 
3 4476 4325 4337 
3 4473 4341 4477 
3 4478 4479 4480 
3 4481 4482 4483 
3 4482 4484 4485 
3 4358 4355 4466 
3 4486 4487 4488 
3 4489 4430 4490 
3 4491 4484 4492 
3 4484 4482 4493 
3 4494 4495 4496 
3 4497 4498 4499 
3 4312 4374 4478 
3 4325 4319 4318 
3 4325 4318 4326 
3 4500 4432 4501 
3 4498 4502 4503 
3 4502 4498 4504 
3 4430 4489 4505 
3 4506 4507 4508 
3 4509 4479 4510 
3 4373 4511 4512 
3 4513 4514 4515 
3 4516 4502 4517 
3 4502 4509 4518 
3 4519 4516 4520 
3 4521 4433 4435 
3 4522 4489 4490 
3 4523 4489 4522 
3 4524 4457 4525 
3 4526 4312 4478 
3 4527 4528 4529 
3 4324 4513 4515 
3 4530 4486 4488 
3 4531 4527 4532 
3 4533 4534 4535 
3 4507 4514 4536 
3 4537 4538 4506 
3 4539 4540 4541 
3 4452 4450 4542 
3 4530 4543 4544 
3 4545 4523 4534 
3 4513 4541 4546 
3 4449 4519 4520 
3 4450 4379 4451 
3 4547 4533 4535 
3 4548 4530 4544 
3 4530 4549 4550 
3 4544 4456 4551 
3 4410 4331 4464 
3 4325 4552 4553 
3 4486 4534 4487 
3 4505 4489 4554 
3 4555 4545 4556 
3 4468 4470 4557 
3 4328 4558 4559 
3 4491 4528 4560 
3 4325 4476 4552 
3 4486 4445 4561 
3 4319 4316 4320 
3 4319 4325 4553 
3 4345 4356 4459 
3 4408 4407 4562 
3 4558 4331 4333 
3 4489 4523 4563 
3 4426 4348 4378 
3 4330 4564 4421 
3 4564 4350 4421 
3 4539 4565 4566 
3 4449 4539 4566 
3 4567 4526 4568 
3 4526 4569 4568 
3 4570 4494 4567 
3 4494 4526 4567 
3 4313 4312 4571 
3 4380 4379 4572 
3 4321 4380 4572 
3 4350 4564 4351 
3 4564 4365 4351 
3 4527 4313 4573 
3 4374 4312 4314 
3 4313 4527 4574 
3 4479 4374 4510 
3 4450 4565 4542 
3 4575 4576 4577 
3 4511 4373 4578 
3 4545 4533 4556 
3 4531 4489 4563 
3 4457 4430 4579 
3 4580 4482 4485 
3 4495 4482 4581 
3 4470 4327 4557 
3 4327 4444 4557 
3 4534 4523 4487 
3 4523 4543 4487 
3 4513 4582 4583 
3 4318 4584 4326 
3 4428 4505 4554 
3 4531 4428 4554 
3 4534 4486 4535 
3 4486 4547 4535 
3 4584 4452 4542 
3 4565 4584 4542 
3 4457 4522 4490 
3 4430 4457 4490 
3 4495 4494 4483 
3 4482 4495 4483 
3 4343 4339 4352 
3 4354 4343 4352 
3 4343 4361 4465 
3 4476 4507 4585 
3 4345 4343 4465 
3 4316 4410 4317 
3 4410 4406 4317 
3 4454 4548 4455 
3 4548 4475 4455 
3 4473 4328 4471 
3 4328 4470 4471 
3 4343 4345 4347 
3 4344 4343 4347 
3 4586 4434 4448 
3 4402 4586 4448 
3 4439 4586 4436 
3 4586 4402 4436 
3 4357 4360 4587 
3 4421 4350 4422 
3 4350 4588 4422 
3 4346 4388 4390 
3 4397 4346 4390 
3 4363 4365 4367 
3 4353 4363 4367 
3 4425 4342 4340 
3 4339 4425 4340 
3 4589 4468 4446 
3 4468 4444 4446 
3 4514 4540 4590 
3 4540 4509 4590 
3 4591 4467 4469 
3 4360 4591 4469 
3 4468 4467 4470 
3 4368 4564 4370 
3 4564 4330 4370 
3 4592 4549 4593 
3 4476 4594 4336 
3 4594 4334 4336 
3 4327 4335 4334 
3 4335 4476 4336 
3 4538 4594 4585 
3 4594 4476 4585 
3 4595 4594 4596 
3 4594 4538 4596 
3 4537 4555 4556 
3 4533 4537 4556 
3 4536 4511 4508 
3 4509 4540 4518 
3 4540 4517 4518 
3 4511 4506 4508 
3 4529 4428 4532 
3 4428 4531 4532 
3 4531 4545 4597 
3 4545 4555 4597 
3 4543 4523 4598 
3 4523 4522 4598 
3 4517 4502 4518 
3 4588 4404 4422 
3 4500 4521 4599 
3 4533 4545 4534 
3 4513 4324 4582 
3 4549 4445 4550 
3 4445 4486 4550 
3 4592 4589 4549 
3 4486 4530 4550 
3 4547 4486 4561 
3 4595 4547 4561 
3 4444 4594 4595 
3 4547 4538 4600 
3 4533 4547 4600 
3 4319 4601 4333 
3 4601 4558 4333 
3 4543 4456 4544 
3 4456 4458 4602 
3 4516 4539 4520 
3 4539 4449 4520 
3 4507 4324 4515 
3 4514 4507 4515 
3 4516 4603 4503 
3 4603 4498 4503 
3 4427 4432 4599 
3 4521 4427 4599 
3 4541 4540 4546 
3 4540 4514 4546 
3 4513 4565 4541 
3 4514 4513 4546 
3 4604 4528 4605 
3 4606 4604 4605 
3 4526 4494 4496 
3 4312 4526 4496 
3 4604 4428 4529 
3 4528 4604 4529 
3 4427 4430 4505 
3 4428 4427 4505 
3 4467 4473 4471 
3 4539 4516 4517 
3 4540 4539 4517 
3 4498 4479 4504 
3 4479 4509 4504 
3 4526 4478 4480 
3 4569 4526 4480 
3 4454 4441 4466 
3 4441 4358 4466 
3 4360 4589 4587 
3 4341 4353 4463 
3 4477 4341 4463 
3 4369 4473 4477 
3 4366 4369 4477 
3 4321 4315 4461 
3 4315 4405 4461 
3 4355 4357 4462 
3 4593 4548 4607 
3 4467 4591 4443 
3 4591 4338 4443 
3 4391 4459 4359 
3 4410 4316 4442 
3 4316 4319 4442 
3 4315 4321 4323 
3 4608 4315 4323 
3 4450 4452 4453 
3 4379 4450 4453 
3 4584 4609 4452 
3 4609 4322 4452 
3 4391 4345 4459 
3 4330 4404 4464 
3 4404 4410 4464 
3 4379 4610 4451 
3 4610 4449 4451 
3 4611 4386 4440 
3 4437 4611 4440 
3 4437 4408 4438 
3 4408 4402 4438 
3 4391 4389 4388 
3 4345 4391 4388 
3 4439 4408 4562 
3 4385 4382 4396 
3 4612 4430 4431 
3 4521 4612 4431 
3 4612 4521 4435 
3 4434 4612 4435 
3 4428 4604 4429 
3 4604 4432 4429 
3 4613 4432 4606 
3 4491 4613 4606 
3 4521 4500 4614 
3 4366 4477 4463 
3 4441 4407 4615 
3 4616 4405 4418 
3 4588 4616 4418 
3 4404 4588 4418 
3 4450 4449 4566 
3 4349 4419 4420 
3 4617 4349 4420 
3 4365 4363 4419 
3 4363 4372 4419 
3 4364 4425 4416 
3 4425 4426 4416 
3 4385 4407 4409 
3 4437 4385 4409 
3 4396 4441 4615 
3 4405 4315 4406 
3 4414 4398 4399 
3 4393 4414 4399 
3 4414 4413 4398 
3 4394 4393 4415 
3 4387 4394 4415 
3 4383 4393 4392 
3 4393 4389 4392 
3 4359 4358 4460 
3 4389 4397 4390 
3 4611 4387 4386 
3 4423 4618 4619 
3 4618 4371 4619 
3 4620 4377 4376 
3 4375 4620 4376 
3 4389 4393 4399 
3 4322 4608 4323 
3 4528 4491 4605 
3 4621 4407 4622 
3 4475 4621 4622 
3 4385 4396 4615 
3 4407 4385 4615 
3 4584 4565 4583 
3 4582 4584 4583 
3 4326 4584 4582 
3 4565 4513 4583 
3 4589 4592 4587 
3 4592 4357 4587 
3 4369 4330 4332 
3 4558 4369 4332 
3 4434 4586 4623 
3 4569 4497 4624 
3 4586 4525 4623 
3 4426 4362 4416 
3 4432 4604 4606 
3 4571 4495 4581 
3 4494 4481 4483 
3 4365 4349 4351 
3 4350 4577 4625 
3 4350 4349 4577 
3 4349 4575 4577 
3 4616 4588 4626 
3 4322 4321 4572 
3 4502 4516 4503 
3 4627 4567 4568 
3 4497 4569 4628 
3 4407 4441 4622 
3 4565 4450 4566 
3 4519 4449 4629 
3 4516 4519 4630 
3 4362 4423 4619 
3 4349 4365 4419 
3 4349 4617 4575 
3 4404 4330 4421 
3 4321 4411 4631 
3 4379 4322 4572 
3 4479 4569 4480 
3 4427 4521 4431 
3 4617 4372 4632 
3 4331 4558 4332 
3 4437 4401 4633 
3 4558 4328 4474 
3 4365 4564 4368 
3 4372 4617 4420 
3 4338 4591 4354 
3 4591 4361 4354 
3 4634 4426 4378 
3 4377 4634 4378 
3 4591 4360 4361 
3 4426 4634 4424 
3 4634 4423 4424 
3 4425 4339 4417 
3 4426 4425 4417 
3 4425 4353 4342 
3 4366 4353 4367 
3 4382 4415 4400 
3 4524 4621 4458 
3 4457 4524 4458 
3 4524 4586 4439 
3 4621 4524 4439 
3 4324 4507 4337 
3 4507 4476 4337 
3 4601 4335 4329 
3 4335 4327 4329 
3 4445 4595 4561 
3 4444 4327 4334 
3 4601 4319 4553 
3 4434 4433 4635 
3 4552 4601 4553 
3 4476 4335 4552 
3 4335 4601 4552 
3 4322 4609 4608 
3 4609 4316 4608 
3 4609 4318 4320 
3 4316 4609 4320 
3 4609 4584 4318 
3 4316 4315 4608 
3 4569 4479 4628 
3 4479 4498 4628 
3 4569 4627 4568 
3 4491 4606 4605 
3 4627 4570 4567 
3 4329 4328 4559 
3 4610 4379 4381 
3 4620 4397 4413 
3 4482 4481 4493 
3 4613 4491 4492 
3 4449 4610 4629 
3 4603 4516 4630 
3 4484 4491 4485 
3 4611 4437 4633 
3 4402 4447 4403 
3 4405 4616 4412 
3 4380 4321 4631 
3 4371 4362 4619 
3 4588 4576 4626 
3 4432 4613 4501 
3 4433 4521 4614 
3 4498 4603 4499 
3 4627 4569 4624 
3 4372 4618 4632 
3 4447 4434 4635 
3 4441 4475 4622 
3 4498 4497 4628 
3 4411 4321 4461 
3 4537 4511 4578 
3 4555 4537 4578 
3 4313 4580 4573 
3 4580 4528 4573 
3 4580 4313 4571 
3 4373 4313 4574 
3 4555 4373 4574 
3 4586 4524 4525 
3 4391 4359 4460 
3 4383 4391 4460 
3 4543 4530 4488 
3 4487 4543 4488 
3 4393 4383 4400 
3 4415 4393 4400 
3 4558 4601 4559 
3 4601 4329 4559 
3 4621 4475 4602 
3 4458 4621 4602 
3 4548 4544 4551 
3 4475 4548 4551 
3 4341 4473 4472 
3 4443 4341 4472 
3 4592 4593 4607 
3 4454 4592 4607 
3 4357 4592 4462 
3 4592 4454 4462 
3 4377 4348 4376 
3 4397 4620 4375 
3 4346 4397 4375 
3 4588 4350 4625 
3 4407 4621 4562 
3 4621 4439 4562 
3 4358 4396 4384 
3 4383 4358 4384 
3 4612 4525 4579 
3 4430 4612 4579 
3 4580 4485 4560 
3 4528 4580 4560 
3 4360 4469 4636 
3 4589 4360 4636 
3 4369 4558 4474 
3 4473 4369 4474 
3 4577 4576 4625 
3 4576 4588 4625 
3 4580 4571 4581 
3 4482 4580 4581 
3 4525 4612 4623 
3 4612 4434 4623 
3 4312 4495 4571 
3 4456 4475 4551 
3 4528 4527 4573 
3 4594 4444 4334 
3 4618 4372 4371 
3 4373 4555 4578 
3 4527 4555 4574 
3 4509 4502 4504 
3 4522 4456 4598 
3 4468 4589 4636 
3 4537 4533 4600 
3 4481 4494 4570 
3 4432 4500 4599 
3 4507 4538 4585 
3 4548 4454 4607 
3 4549 4530 4593 
3 4324 4326 4582 
3 4527 4531 4597 
3 4538 4547 4596 
3 4489 4531 4554 
3 4444 4468 4557 
3 4322 4379 4453 
3 4523 4545 4563 
3 4545 4531 4563 
3 4555 4527 4597 
3 4530 4548 4593 
3 4589 4445 4549 
3 4538 4507 4506 
3 4507 4536 4508 
3 4547 4595 4596 
3 4374 4479 4478 
3 4456 4543 4598 
3 4457 4456 4522 
3 4511 4637 4512 
3 4637 4374 4512 
3 4637 4509 4510 
3 4374 4637 4510 
3 4514 4637 4536 
3 4637 4511 4536 
3 4527 4529 4532 
3 4538 4537 4600 
3 4511 4537 4506 
3 4445 4444 4595 
3 4445 4589 4446 
3 4469 4468 4636 
3 4485 4491 4560 
3 4525 4457 4579 
3 4475 4456 4602 
3 4374 4373 4512 
3 4637 4514 4590 
3 4565 4539 4541 
3 4495 4312 4496 
3 4369 4368 4370 
3 4328 4327 4470 
3 4509 4637 4590 
3 4638 4639 4640 
3 4641 4642 4643 
3 4644 4645 4646 
3 4647 4648 4642 
3 4649 4650 4651 
3 4652 4653 4654 
3 4653 4655 4654 
3 4655 4653 4656 
3 4653 4657 4656 
3 4658 4657 4659 
3 4650 4649 4660 
3 4661 4662 4663 
3 4662 4664 4663 
3 4665 4666 4667 
3 4668 4669 4670 
3 4671 4672 4673 
3 4673 4672 4674 
3 4675 4676 4677 
3 4678 4679 4680 
3 4681 4682 4683 
3 4655 4665 4684 
3 4685 4652 4686 
3 4652 4687 4688 
3 4689 4690 4691 
3 4692 4693 4694 
3 4687 4655 4695 
3 4665 4650 4660 
3 4696 4697 4698 
3 4699 4700 4701 
3 4702 4703 4704 
3 4655 4687 4654 
3 4666 4705 4667 
3 4656 4666 4706 
3 4687 4652 4654 
3 4657 4666 4656 
3 4707 4638 4640 
3 4666 4708 4709 
3 4696 4710 4711 
3 4702 4712 4713 
3 4714 4715 4716 
3 4703 4702 4717 
3 4718 4715 4719 
3 4720 4714 4716 
3 4721 4672 4720 
3 4722 4723 4724 
3 4697 4696 4711 
3 4725 4726 4727 
3 4728 4723 4729 
3 4695 4655 4684 
3 4650 4640 4651 
3 4730 4731 4732 
3 4733 4734 4735 
3 4736 4737 4738 
3 4739 4736 4738 
3 4646 4645 4740 
3 4741 4742 4743 
3 4707 4744 4745 
3 4746 4747 4748 
3 4749 4750 4751 
3 4752 4749 4751 
3 4753 4754 4755 
3 4739 4756 4757 
3 4756 4758 4757 
3 4759 4760 4761 
3 4762 4763 4764 
3 4765 4766 4767 
3 4768 4645 4769 
3 4658 4770 4771 
3 4772 4773 4774 
3 4645 4768 4740 
3 4650 4707 4640 
3 4775 4697 4776 
3 4777 4778 4779 
3 4726 4766 4780 
3 4781 4725 4727 
3 4782 4766 4783 
3 4737 4784 4785 
3 4782 4737 4785 
3 4786 4714 4787 
3 4766 4784 4767 
3 4788 4647 4789 
3 4773 4788 4789 
3 4790 4791 4792 
3 4666 4657 4708 
3 4752 4645 4793 
3 4794 4789 4795 
3 4796 4723 4797 
3 4798 4725 4799 
3 4645 4751 4769 
3 4800 4729 4801 
3 4802 4803 4804 
3 4715 4725 4805 
3 4766 4726 4783 
3 4786 4806 4798 
3 4692 4803 4807 
3 4723 4722 4797 
3 4802 4808 4809 
3 4723 4796 4810 
3 4791 4811 4812 
3 4791 4668 4792 
3 4813 4814 4815 
3 4816 4671 4817 
3 4818 4819 4820 
3 4664 4821 4663 
3 4803 4790 4807 
3 4705 4641 4643 
3 4822 4796 4823 
3 4811 4824 4825 
3 4824 4762 4825 
3 4794 4657 4826 
3 4647 4644 4648 
3 4738 4737 4827 
3 4766 4765 4780 
3 4828 4829 4830 
3 4737 4736 4831 
3 4829 4832 4833 
3 4834 4788 4748 
3 4702 4685 4686 
3 4835 4836 4837 
3 4814 4838 4815 
3 4808 4791 4809 
3 4725 4781 4805 
3 4839 4739 4738 
3 4671 4786 4787 
3 4840 4841 4842 
3 4758 4736 4757 
3 4835 4843 4844 
3 4845 4814 4846 
3 4829 4758 4847 
3 4679 4848 4849 
3 4828 4737 4831 
3 4835 4848 4850 
3 4819 4851 4852 
3 4645 4644 4793 
3 4685 4713 4770 
3 4658 4685 4770 
3 4712 4853 4713 
3 4841 4854 4754 
3 4854 4841 4855 
3 4843 4856 4857 
3 4856 4758 4858 
3 4664 4662 4859 
3 4848 4835 4844 
3 4843 4835 4837 
3 4860 4843 4861 
3 4824 4814 4845 
3 4862 4699 4701 
3 4700 4679 4849 
3 4669 4681 4670 
3 4762 4678 4863 
3 4725 4715 4799 
3 4864 4741 4865 
3 4741 4866 4865 
3 4867 4742 4864 
3 4742 4741 4864 
3 4832 4829 4847 
3 4851 4868 4852 
3 4851 4675 4869 
3 4870 4749 4871 
3 4731 4689 4732 
3 4662 4872 4859 
3 4873 4678 4680 
3 4873 4699 4874 
3 4699 4862 4874 
3 4704 4875 4876 
3 4877 4864 4865 
3 4690 4742 4867 
3 4862 4878 4879 
3 4880 4866 4881 
3 4882 4880 4881 
3 4883 4884 4885 
3 4781 4883 4885 
3 4765 4886 4887 
3 4797 4722 4888 
3 4722 4697 4888 
3 4781 4889 4890 
3 4707 4891 4776 
3 4892 4722 4724 
3 4728 4892 4724 
3 4841 4753 4842 
3 4679 4700 4893 
3 4894 4658 4659 
3 4750 4749 4895 
3 4689 4731 4896 
3 4731 4742 4896 
3 4883 4765 4887 
3 4884 4883 4887 
3 4884 4886 4876 
3 4886 4704 4876 
3 4872 4756 4897 
3 4856 4872 4857 
3 4866 4741 4881 
3 4680 4679 4893 
3 4880 4664 4898 
3 4821 4661 4663 
3 4700 4860 4899 
3 4860 4661 4899 
3 4759 4880 4898 
3 4816 4840 4842 
3 4753 4816 4842 
3 4796 4775 4823 
3 4775 4900 4823 
3 4834 4752 4793 
3 4644 4834 4793 
3 4811 4669 4812 
3 4669 4668 4812 
3 4668 4901 4792 
3 4901 4790 4792 
3 4806 4782 4783 
3 4726 4806 4783 
3 4715 4714 4799 
3 4714 4798 4799 
3 4784 4778 4767 
3 4778 4765 4767 
3 4883 4726 4780 
3 4765 4883 4780 
3 4712 4777 4779 
3 4853 4712 4779 
3 4886 4765 4777 
3 4712 4886 4777 
3 4766 4782 4785 
3 4784 4766 4785 
3 4657 4658 4826 
3 4658 4902 4826 
3 4702 4704 4903 
3 4681 4669 4863 
3 4669 4762 4863 
3 4681 4678 4904 
3 4689 4878 4732 
3 4878 4730 4732 
3 4851 4734 4868 
3 4739 4839 4905 
3 4718 4720 4716 
3 4715 4718 4716 
3 4708 4641 4709 
3 4641 4705 4709 
3 4655 4656 4706 
3 4665 4655 4706 
3 4803 4692 4694 
3 4804 4803 4694 
3 4676 4673 4674 
3 4906 4676 4674 
3 4685 4658 4894 
3 4652 4685 4894 
3 4642 4907 4643 
3 4907 4705 4643 
3 4768 4908 4909 
3 4908 4796 4909 
3 4764 4763 4910 
3 4763 4848 4910 
3 4911 4814 4895 
3 4806 4726 4912 
3 4784 4913 4914 
3 4913 4772 4914 
3 4891 4915 4900 
3 4915 4822 4900 
3 4916 4917 4918 
3 4819 4916 4918 
3 4871 4747 4919 
3 4747 4832 4919 
3 4752 4747 4871 
3 4851 4819 4918 
3 4760 4759 4820 
3 4676 4675 4917 
3 4802 4804 4920 
3 4762 4669 4825 
3 4669 4811 4825 
3 4828 4746 4921 
3 4678 4681 4863 
3 4836 4835 4922 
3 4756 4854 4897 
3 4723 4728 4724 
3 4736 4758 4923 
3 4831 4736 4923 
3 4699 4680 4893 
3 4700 4699 4893 
3 4860 4700 4849 
3 4848 4860 4849 
3 4836 4832 4924 
3 4832 4847 4924 
3 4868 4760 4852 
3 4760 4819 4852 
3 4916 4819 4840 
3 4733 4760 4868 
3 4847 4856 4924 
3 4818 4854 4855 
3 4819 4818 4855 
3 4834 4748 4925 
3 4926 4845 4846 
3 4911 4926 4846 
3 4758 4829 4923 
3 4829 4828 4831 
3 4746 4927 4921 
3 4860 4848 4844 
3 4843 4860 4844 
3 4803 4802 4809 
3 4758 4856 4847 
3 4856 4836 4924 
3 4832 4747 4833 
3 4747 4746 4833 
3 4836 4856 4837 
3 4856 4843 4837 
3 4782 4806 4928 
3 4788 4773 4927 
3 4752 4834 4925 
3 4750 4813 4929 
3 4672 4671 4787 
3 4714 4672 4787 
3 4773 4794 4774 
3 4794 4902 4774 
3 4737 4828 4930 
3 4775 4796 4797 
3 4808 4802 4838 
3 4824 4808 4838 
3 4789 4647 4795 
3 4647 4641 4795 
3 4902 4853 4931 
3 4853 4778 4931 
3 4808 4824 4811 
3 4791 4808 4811 
3 4693 4692 4801 
3 4729 4693 4801 
3 4908 4693 4810 
3 4796 4908 4810 
3 4932 4715 4805 
3 4781 4932 4805 
3 4806 4933 4928 
3 4742 4690 4896 
3 4778 4853 4779 
3 4641 4794 4795 
3 4705 4650 4667 
3 4650 4665 4667 
3 4880 4759 4761 
3 4733 4880 4761 
3 4733 4934 4935 
3 4934 4866 4935 
3 4731 4821 4743 
3 4742 4731 4743 
3 4800 4728 4729 
3 4692 4800 4801 
3 4726 4883 4727 
3 4883 4781 4727 
3 4798 4806 4912 
3 4710 4638 4711 
3 4638 4697 4711 
3 4675 4851 4917 
3 4697 4722 4698 
3 4722 4936 4698 
3 4936 4696 4698 
3 4718 4721 4720 
3 4765 4778 4777 
3 4814 4824 4838 
3 4794 4773 4789 
3 4875 4884 4876 
3 4712 4702 4903 
3 4705 4666 4709 
3 4862 4937 4938 
3 4902 4794 4826 
3 4878 4862 4701 
3 4700 4878 4701 
3 4937 4862 4879 
3 4689 4937 4879 
3 4813 4802 4920 
3 4693 4908 4804 
3 4939 4692 4807 
3 4790 4939 4807 
3 4693 4804 4694 
3 4652 4940 4686 
3 4940 4702 4686 
3 4699 4873 4680 
3 4941 4873 4874 
3 4862 4941 4874 
3 4682 4681 4904 
3 4873 4682 4904 
3 4916 4671 4673 
3 4676 4916 4673 
3 4681 4942 4670 
3 4819 4841 4840 
3 4760 4733 4761 
3 4886 4712 4903 
3 4704 4886 4903 
3 4782 4839 4827 
3 4839 4738 4827 
3 4813 4908 4929 
3 4908 4768 4929 
3 4828 4913 4930 
3 4913 4784 4930 
3 4906 4672 4721 
3 4927 4913 4921 
3 4913 4828 4921 
3 4748 4747 4925 
3 4747 4752 4925 
3 4814 4911 4846 
3 4638 4707 4943 
3 4707 4776 4943 
3 4891 4775 4776 
3 4816 4786 4671 
3 4791 4790 4944 
3 4697 4775 4888 
3 4775 4797 4888 
3 4841 4819 4855 
3 4644 4647 4945 
3 4819 4760 4820 
3 4679 4678 4764 
3 4884 4889 4885 
3 4886 4884 4887 
3 4702 4940 4717 
3 4889 4781 4885 
3 4668 4791 4812 
3 4901 4668 4946 
3 4790 4901 4947 
3 4809 4791 4944 
3 4741 4882 4881 
3 4877 4866 4948 
3 4880 4733 4935 
3 4664 4880 4882 
3 4690 4689 4896 
3 4878 4689 4879 
3 4866 4880 4935 
3 4942 4668 4670 
3 4916 4676 4917 
3 4854 4756 4754 
3 4739 4753 4755 
3 4672 4906 4674 
3 4848 4679 4910 
3 4665 4949 4684 
3 4949 4695 4684 
3 4649 4949 4660 
3 4949 4665 4660 
3 4640 4639 4651 
3 4639 4649 4651 
3 4794 4641 4708 
3 4657 4794 4708 
3 4915 4644 4646 
3 4822 4915 4646 
3 4653 4652 4894 
3 4648 4907 4642 
3 4644 4915 4648 
3 4647 4788 4945 
3 4641 4647 4642 
3 4939 4790 4947 
3 4668 4942 4946 
3 4937 4689 4691 
3 4866 4877 4865 
3 4821 4741 4743 
3 4877 4867 4864 
3 4734 4851 4869 
3 4676 4906 4677 
3 4942 4681 4683 
3 4873 4941 4950 
3 4715 4932 4719 
3 4639 4638 4710 
3 4722 4892 4936 
3 4932 4781 4890 
3 4692 4939 4951 
3 4940 4652 4688 
3 4866 4934 4948 
3 4934 4733 4735 
3 4941 4862 4938 
3 4753 4841 4754 
3 4707 4650 4744 
3 4650 4705 4744 
3 4685 4702 4713 
3 4952 4872 4897 
3 4854 4952 4897 
3 4800 4692 4951 
3 4829 4831 4923 
3 4713 4853 4770 
3 4705 4907 4744 
3 4891 4707 4745 
3 4796 4822 4909 
3 4895 4814 4953 
3 4814 4813 4953 
3 4902 4658 4771 
3 4908 4813 4920 
3 4804 4908 4920 
3 4907 4648 4954 
3 4891 4907 4954 
3 4768 4822 4740 
3 4822 4646 4740 
3 4955 4753 4905 
3 4753 4739 4905 
3 4734 4733 4868 
3 4725 4798 4912 
3 4726 4725 4912 
3 4682 4873 4950 
3 4853 4902 4771 
3 4770 4853 4771 
3 4933 4839 4928 
3 4839 4782 4928 
3 4838 4802 4815 
3 4802 4813 4815 
3 4751 4750 4769 
3 4750 4768 4769 
3 4756 4739 4755 
3 4754 4756 4755 
3 4657 4653 4659 
3 4653 4894 4659 
3 4907 4891 4745 
3 4744 4907 4745 
3 4913 4927 4956 
3 4772 4913 4956 
3 4833 4746 4830 
3 4746 4828 4830 
3 4816 4753 4955 
3 4933 4816 4955 
3 4911 4870 4957 
3 4870 4922 4957 
3 4836 4870 4958 
3 4870 4919 4958 
3 4763 4762 4959 
3 4845 4763 4959 
3 4916 4840 4817 
3 4671 4916 4817 
3 4788 4834 4945 
3 4834 4644 4945 
3 4678 4873 4904 
3 4840 4816 4817 
3 4803 4809 4944 
3 4790 4803 4944 
3 4672 4714 4720 
3 4723 4693 4729 
3 4776 4697 4943 
3 4697 4638 4943 
3 4813 4750 4953 
3 4824 4845 4959 
3 4768 4750 4929 
3 4749 4911 4895 
3 4737 4782 4827 
3 4919 4832 4958 
3 4839 4933 4955 
3 4749 4870 4911 
3 4756 4872 4858 
3 4758 4756 4858 
3 4872 4662 4857 
3 4662 4843 4857 
3 4818 4952 4854 
3 4872 4856 4858 
3 4736 4739 4757 
3 4839 4955 4905 
3 4661 4878 4899 
3 4878 4700 4899 
3 4821 4664 4882 
3 4741 4821 4882 
3 4952 4664 4859 
3 4872 4952 4859 
3 4664 4952 4898 
3 4952 4759 4898 
3 4821 4731 4730 
3 4703 4875 4704 
3 4661 4821 4730 
3 4952 4818 4759 
3 4759 4818 4820 
3 4878 4661 4730 
3 4917 4851 4918 
3 4662 4661 4861 
3 4843 4662 4861 
3 4661 4860 4861 
3 4750 4895 4953 
3 4848 4763 4850 
3 4763 4926 4850 
3 4679 4764 4910 
3 4926 4835 4850 
3 4678 4762 4764 
3 4926 4763 4845 
3 4762 4824 4959 
3 4778 4772 4931 
3 4926 4911 4957 
3 4870 4836 4922 
3 4922 4926 4957 
3 4835 4926 4922 
3 4870 4871 4919 
3 4749 4752 4871 
3 4829 4833 4830 
3 4784 4737 4930 
3 4902 4772 4774 
3 4832 4836 4958 
3 4645 4752 4751 
3 4806 4786 4933 
3 4666 4665 4706 
3 4788 4746 4748 
3 4875 4889 4884 
3 4772 4778 4914 
3 4786 4816 4933 
3 4714 4786 4798 
3 4648 4915 4954 
3 4822 4768 4909 
3 4693 4723 4810 
3 4900 4822 4823 
3 4775 4891 4900 
3 4915 4891 4954 
3 4773 4772 4956 
3 4746 4788 4927 
3 4927 4773 4956 
3 4778 4784 4914 
3 4772 4902 4931 
3 4960 4961 4962 
3 4963 4964 4965 
3 4966 4967 4968 
3 4969 4970 4971 
3 4972 4973 4974 
3 4975 4976 4977 
3 4978 4979 4980 
3 4979 4981 4982 
3 4983 4984 4985 
3 4986 4979 4987 
3 4988 4989 4990 
3 4991 4989 4992 
3 4981 4991 4993 
3 4989 4994 4992 
3 4995 4960 4996 
3 4997 4994 4998 
3 4999 5000 5001 
3 5002 5003 5004 
3 5002 5005 5006 
3 5007 5008 5009 
3 5008 5010 5009 
3 5011 5012 5013 
3 5014 5015 5016 
3 5017 5014 5016 
3 5018 5019 5020 
3 5021 5018 5020 
3 5022 5018 5023 
3 5018 5021 5023 
3 5012 5024 5013 
3 5025 4964 5026 
3 4969 4972 4974 
3 4972 4969 5027 
3 5028 5029 5030 
3 5029 5031 5030 
3 5032 5033 5034 
3 5035 5036 5037 
3 5036 5038 5037 
3 5039 5040 5041 
3 5042 5039 5041 
3 5043 5031 5044 
3 5045 5046 5047 
3 5046 5048 5047 
3 5049 5050 5051 
3 4972 5052 5053 
3 5054 5055 5056 
3 5057 5058 5059 
3 5058 5050 5059 
3 5060 5061 5062 
3 5063 5060 5062 
3 5064 5065 5066 
3 5065 5067 5066 
3 5068 5014 5069 
3 5014 5017 5069 
3 5070 5058 5057 
3 5065 5038 5071 
3 5067 5065 5071 
3 5072 5073 5074 
3 5073 5075 5076 
3 5032 5073 5076 
3 5077 5078 5079 
3 4976 4975 5079 
3 5080 4976 5078 
3 5081 5082 5083 
3 5082 5084 5083 
3 5082 5081 5085 
3 5072 5082 5085 
3 5075 5035 5086 
3 5087 5046 5088 
3 5089 5090 5091 
3 5092 5093 5094 
3 5089 5095 5096 
3 5097 5098 5099 
3 5038 5100 5101 
3 5097 5102 5103 
3 5100 5104 5101 
3 4994 5105 5106 
3 5107 5010 5108 
3 5109 5105 5110 
3 5111 4988 5112 
3 4984 4978 4980 
3 4983 5113 5114 
3 5005 5113 5115 
3 5084 5116 5083 
3 5117 5118 5119 
3 5118 5015 5119 
3 5014 5120 5121 
3 5122 5123 5124 
3 5125 5122 5124 
3 5126 5017 5127 
3 5077 5070 5128 
3 5078 5077 5128 
3 5010 5107 5129 
3 5007 5130 5131 
3 5125 5130 5132 
3 5107 4995 5022 
3 5063 5133 5134 
3 5135 5063 5134 
3 5051 5136 5137 
3 5136 5135 5137 
3 4995 5107 5138 
3 5107 5108 5138 
3 5105 5109 5139 
3 5140 5080 5141 
3 5080 5142 5141 
3 5105 4994 5143 
3 5110 5105 5143 
3 5038 5036 5144 
3 5036 5145 5144 
3 5146 5019 5147 
3 4994 4989 5143 
3 5111 5146 5148 
3 5109 5146 5147 
3 5146 5109 5148 
3 5149 5150 5151 
3 5152 5146 5153 
3 5154 5149 5155 
3 5150 5111 5151 
3 5068 5150 5156 
3 5003 5015 5157 
3 5004 5003 5158 
3 5117 5003 5000 
3 5003 5117 5119 
3 5046 5045 5159 
3 5160 5046 5159 
3 5154 5114 5161 
3 5064 5162 5163 
3 5164 5165 5166 
3 4978 4984 5155 
3 5149 4978 5155 
3 4966 5100 5167 
3 5015 5014 5121 
3 5168 5080 5169 
3 5080 5140 5169 
3 5033 5032 5170 
3 5171 5033 5170 
3 5140 5039 5171 
3 5039 5033 5171 
3 4999 5172 5173 
3 5174 4999 5173 
3 5175 5072 5127 
3 5017 5175 5127 
3 5160 4975 5176 
3 5177 5160 5159 
3 5178 5130 5179 
3 5130 5178 5131 
3 5130 5125 5180 
3 5181 5145 5182 
3 5125 5183 5184 
3 5185 5186 5187 
3 5130 5188 5179 
3 5183 5029 5028 
3 5130 5007 5132 
3 5189 5190 5191 
3 5183 5124 5192 
3 5186 5029 5193 
3 5183 5028 5184 
3 5186 5185 5194 
3 5186 5021 5020 
3 5146 5152 5195 
3 5021 5186 5193 
3 5068 5126 5196 
3 5126 5081 5197 
3 5017 5118 5198 
3 5126 5152 5196 
3 5126 5068 5069 
3 5118 5199 5198 
3 4966 5174 5200 
3 5174 5173 5200 
3 5061 5125 5184 
3 5028 5061 5184 
3 5123 5021 5192 
3 5124 5123 5192 
3 5201 5189 5191 
3 5202 5201 5191 
3 5188 5201 5179 
3 5201 5178 5179 
3 5199 5181 5182 
3 5149 5154 5203 
3 5090 5104 5204 
3 5181 5117 5205 
3 5112 4981 5206 
3 5120 5068 5156 
3 5149 5120 5156 
3 5207 5089 5208 
3 5089 5091 5208 
3 5190 5189 5209 
3 5064 5075 5086 
3 5210 5211 5212 
3 5190 4963 5213 
3 4964 4963 5026 
3 5036 5035 5214 
3 5199 5036 5214 
3 5135 5190 5209 
3 5043 5063 5062 
3 4963 5190 5215 
3 5190 5135 5215 
3 5202 5190 5213 
3 5072 5175 5216 
3 5217 5177 5218 
3 5177 5045 5218 
3 5002 5219 5001 
3 5000 5002 5001 
3 5050 5049 5220 
3 5221 5049 5133 
3 4997 4991 4992 
3 4994 4997 4992 
3 5140 5222 5169 
3 5221 5223 5224 
3 5029 5186 5194 
3 5222 5168 5169 
3 5116 5084 5225 
3 5032 5222 5170 
3 5140 5226 5040 
3 5186 5019 5187 
3 5145 5100 5144 
3 5081 5126 5085 
3 5070 5227 5128 
3 5116 5081 5083 
3 4981 4988 4990 
3 4991 4981 4990 
3 5223 5040 5224 
3 5075 5216 5228 
3 5031 5223 5044 
3 5113 5229 5161 
3 5114 5113 5161 
3 5120 5229 5121 
3 5229 5015 5121 
3 5116 5185 5230 
3 5104 5100 5231 
3 4981 4979 5206 
3 5100 4966 5231 
3 4989 5110 5143 
3 4976 5080 5168 
3 5211 4976 5168 
3 5232 5233 5234 
3 5207 5232 5234 
3 5045 5235 5236 
3 5235 5024 5236 
3 5164 4975 4977 
3 5032 5237 5238 
3 5239 5226 5142 
3 5226 5140 5141 
3 5162 5067 5240 
3 5241 5162 5240 
3 5242 5162 5241 
3 5233 5242 5241 
3 5243 5027 5244 
3 5054 5243 5244 
3 5243 5245 5027 
3 5239 5050 5220 
3 5246 5239 5220 
3 5029 5194 5247 
3 5135 5049 5137 
3 4966 5248 5231 
3 5248 5104 5231 
3 5185 5249 5230 
3 5249 5081 5230 
3 5033 5074 5034 
3 5226 5221 5224 
3 5040 5226 5224 
3 5039 5140 5040 
3 5084 5039 5225 
3 5039 5042 5225 
3 5033 5039 5084 
3 5042 5116 5225 
3 5226 5239 5246 
3 5221 5226 5246 
3 5142 5226 5141 
3 5211 5222 5238 
3 5049 5221 5246 
3 5075 5073 5216 
3 5073 5072 5216 
3 4963 5250 5213 
3 5250 5202 5213 
3 5135 5136 5215 
3 5136 4963 5215 
3 5043 5044 5251 
3 5063 5043 5133 
3 5049 5051 5137 
3 5133 5049 5134 
3 5052 5252 5053 
3 4972 5253 4973 
3 5080 5227 5142 
3 5081 5116 5230 
3 5027 4969 5244 
3 5222 5171 5170 
3 5070 5254 4970 
3 5255 5233 5241 
3 5049 5246 5220 
3 5227 5239 5142 
3 5222 5032 5238 
3 4976 5211 4977 
3 5245 4972 5027 
3 4977 5211 5256 
3 5255 5241 5240 
3 5087 5257 5048 
3 5257 5097 5011 
3 5067 5255 5240 
3 5207 5255 5258 
3 5233 5255 5234 
3 5258 5095 5259 
3 5097 5257 5098 
3 5257 5233 5098 
3 5235 5257 5011 
3 5255 5207 5234 
3 4969 5054 5244 
3 5055 5054 5260 
3 5177 5217 5261 
3 5024 5262 5236 
3 5260 5177 5261 
3 5045 5262 5218 
3 5262 5217 5218 
3 5257 5235 5048 
3 5262 5045 5236 
3 5092 5207 5208 
3 5117 5181 5263 
3 4975 5164 5088 
3 5126 5072 5085 
3 5049 5135 5134 
3 4978 5112 5206 
3 4979 4978 5206 
3 5100 5038 5144 
3 5229 5120 5203 
3 5120 5149 5203 
3 5117 4999 5205 
3 4999 5174 5205 
3 5199 5175 5198 
3 5175 5017 5198 
3 5035 5175 5214 
3 5174 5181 5205 
3 5019 5249 5187 
3 5249 5185 5187 
3 5201 5060 5189 
3 5060 5063 5189 
3 5061 5060 5188 
3 5060 5201 5188 
3 5165 5242 5166 
3 5242 5087 5166 
3 5164 5210 5165 
3 5211 5238 5212 
3 5264 5254 5265 
3 4999 5117 5000 
3 5219 4999 5001 
3 5113 5004 5158 
3 5229 5113 5158 
3 5005 5002 5004 
3 5113 5005 5004 
3 5122 5125 5132 
3 5007 5122 5132 
3 5178 5266 5131 
3 5266 5007 5131 
3 5173 4967 5200 
3 5108 4960 5138 
3 4960 4995 5138 
3 4995 5018 5022 
3 5122 5010 5129 
3 5123 5122 5129 
3 5010 4961 5108 
3 4961 4960 5108 
3 5257 5087 5267 
3 5095 5038 5101 
3 5104 5095 5101 
3 5098 5232 5099 
3 5232 5102 5099 
3 5233 5232 5098 
3 5102 5097 5099 
3 5093 5232 5094 
3 5232 5207 5094 
3 5089 5207 5259 
3 5207 5258 5259 
3 5095 5089 5259 
3 5067 5095 5258 
3 5090 5089 5096 
3 5104 5090 5096 
3 5207 5092 5094 
3 5050 5253 5051 
3 5253 5136 5051 
3 4963 5136 5026 
3 5136 5025 5026 
3 5136 5253 5025 
3 5253 5252 5025 
3 5253 4972 5053 
3 5252 5253 5053 
3 5055 5260 5261 
3 5217 5055 5261 
3 5235 5011 5013 
3 5024 5235 5013 
3 5122 5007 5009 
3 5010 5122 5009 
3 5229 5154 5161 
3 5154 4984 5114 
3 5268 4979 4982 
3 4993 5268 4982 
3 5269 5268 4993 
3 4991 5269 4993 
3 4997 5269 4991 
3 5266 5178 5270 
3 4986 4984 4980 
3 4979 4986 4980 
3 4973 5058 4974 
3 5058 4969 4974 
3 5050 5058 4973 
3 5048 5235 5047 
3 5254 5054 4971 
3 4970 5254 4971 
3 4969 5058 4970 
3 5058 5070 4970 
3 5253 5050 4973 
3 5181 5174 5145 
3 5227 5080 5078 
3 5150 5149 5156 
3 5252 4964 5025 
3 5072 5126 5127 
3 5242 5233 5267 
3 5087 5242 5267 
3 5070 5077 5265 
3 5077 5264 5265 
3 5178 5201 5271 
3 5003 5002 5000 
3 5272 5202 5273 
3 5091 5092 5208 
3 5095 5067 5071 
3 5181 5199 5263 
3 5118 5017 5016 
3 5100 5145 5167 
3 5172 4967 5173 
3 4999 5219 5172 
3 4967 4966 5200 
3 5201 5202 5271 
3 4960 5274 5106 
3 5274 4994 5106 
3 4981 4993 4982 
3 4994 5274 4998 
3 4975 5160 5275 
3 5243 5054 5056 
3 5095 5104 5096 
3 5045 5177 5159 
3 5079 4975 5275 
3 5219 5002 5006 
3 5113 4983 5115 
3 5007 5266 5276 
3 4961 5010 5277 
3 4984 4986 4985 
3 5202 5250 5273 
3 5190 5202 5191 
3 5178 5272 5270 
3 5274 4960 4962 
3 5102 5232 5093 
3 5104 5248 5204 
3 5012 5097 5103 
3 5052 4972 5245 
3 5250 4963 4965 
3 4979 5268 4987 
3 5175 5199 5214 
3 5248 4966 4968 
3 5077 5160 5264 
3 5254 5070 5265 
3 5255 5067 5258 
3 5223 5031 5278 
3 5249 5152 5197 
3 5081 5249 5197 
3 5152 5249 5195 
3 5249 5019 5195 
3 5152 5150 5196 
3 5150 5068 5196 
3 4978 5111 5112 
3 5111 5150 5153 
3 5150 5152 5153 
3 5111 4978 5151 
3 4978 5149 5151 
3 4984 4983 5114 
3 5183 5125 5124 
3 4975 5088 5176 
3 5238 5237 5212 
3 5237 5210 5212 
3 5247 5042 5278 
3 5042 5223 5278 
3 5164 4977 5256 
3 5210 5164 5256 
3 5210 5237 5163 
3 5237 5064 5163 
3 5021 5183 5192 
3 5221 5133 5251 
3 5044 5221 5251 
3 5074 5073 5034 
3 5073 5032 5034 
3 5063 5135 5209 
3 5189 5063 5209 
3 5036 5199 5182 
3 5145 5036 5182 
3 5035 5065 5086 
3 5065 5064 5086 
3 5105 4995 4996 
3 5106 5105 4996 
3 5125 5061 5180 
3 5061 5188 5180 
3 5042 5194 5279 
3 5116 5042 5279 
3 5229 5158 5157 
3 5015 5229 5157 
3 5035 5075 5228 
3 5237 5076 5280 
3 5064 5237 5280 
3 5216 5175 5228 
3 5175 5035 5228 
3 5194 5042 5247 
3 5088 5046 5176 
3 5046 5160 5176 
3 5077 5079 5275 
3 5160 5077 5275 
3 5145 5174 5167 
3 5174 4966 5167 
3 5118 5117 5263 
3 5199 5118 5263 
3 5202 5272 5271 
3 5272 5178 5271 
3 5239 5227 5057 
3 5015 5003 5119 
3 4988 4981 5112 
3 5019 5146 5195 
3 5146 5111 5153 
3 5054 5254 5260 
3 5254 5177 5260 
3 5033 5082 5074 
3 5017 5126 5069 
3 5054 4969 4971 
3 5211 5210 5256 
3 5210 5162 5165 
3 5038 5095 5071 
3 5162 5064 5066 
3 5097 5012 5011 
3 5038 5065 5037 
3 5237 5032 5076 
3 5164 5087 5088 
3 5078 4976 5079 
3 5239 5057 5059 
3 5050 5239 5059 
3 5227 5070 5057 
3 5222 5211 5168 
3 5065 5035 5037 
3 5227 5078 5128 
3 5075 5064 5280 
3 5082 5072 5074 
3 5222 5140 5171 
3 5133 5043 5251 
3 5235 5045 5047 
3 5046 5087 5048 
3 5233 5257 5267 
3 5087 5164 5166 
3 5162 5210 5163 
3 5076 5075 5280 
3 5177 5254 5264 
3 5061 5043 5062 
3 5015 5118 5016 
3 5158 5003 5157 
3 5185 5116 5279 
3 5067 5162 5066 
3 5120 5014 5068 
3 5031 5247 5278 
3 5040 5223 5041 
3 5043 5028 5030 
3 5029 5183 5193 
3 5183 5021 5193 
3 5188 5130 5180 
3 5031 5029 5247 
3 5194 5185 5279 
3 5082 5033 5084 
3 5152 5126 5197 
3 5223 5221 5044 
3 5123 5022 5023 
3 5019 5186 5020 
3 5021 5123 5023 
3 5043 5061 5028 
3 5162 5242 5165 
3 5223 5042 5041 
3 5031 5043 5030 
3 5154 5229 5203 
3 4984 5154 5155 
3 4988 5111 5148 
3 5109 4988 5148 
3 4988 5109 5110 
3 4989 4988 5110 
3 5109 5018 5139 
3 5018 4995 5139 
3 5019 5018 5147 
3 5018 5109 5147 
3 4995 5105 5139 
3 4960 5106 4996 
3 5008 5007 5276 
3 5160 5177 5264 
3 5010 5008 5277 
3 5123 5107 5022 
3 5107 5123 5129 
3 4989 4991 4990 
3 5281 5282 5283 
3 5284 5285 5286 
3 5287 5288 5289 
3 5290 5291 5292 
3 5293 5285 5294 
3 5295 5296 5297 
3 5298 5299 5300 
3 5301 5302 5303 
3 5287 5304 5305 
3 5304 5306 5305 
3 5307 5308 5309 
3 5310 5311 5301 
3 5312 5293 5313 
3 5314 5315 5316 
3 5317 5308 5318 
3 5308 5319 5309 
3 5320 5321 5322 
3 5323 5324 5325 
3 5326 5327 5328 
3 5285 5290 5294 
3 5329 5327 5326 
3 5330 5295 5331 
3 5332 5333 5334 
3 5335 5336 5337 
3 5338 5339 5340 
3 5339 5341 5342 
3 5343 5339 5342 
3 5344 5345 5346 
3 5336 5335 5347 
3 5333 5348 5334 
3 5349 5350 5351 
3 5350 5352 5351 
3 5353 5354 5355 
3 5356 5348 5357 
3 5321 5358 5359 
3 5360 5358 5361 
3 5360 5362 5363 
3 5364 5358 5360 
3 5362 5365 5363 
3 5366 5367 5368 
3 5366 5369 5370 
3 5369 5371 5370 
3 5371 5372 5373 
3 5374 5375 5372 
3 5364 5360 5376 
3 5377 5378 5314 
3 5358 5321 5361 
3 5379 5364 5376 
3 5380 5381 5382 
3 5338 5383 5384 
3 5385 5386 5387 
3 5386 5388 5387 
3 5356 5389 5332 
3 5302 5301 5390 
3 5307 5391 5392 
3 5391 5388 5392 
3 5393 5371 5394 
3 5395 5393 5394 
3 5300 5302 5396 
3 5397 5398 5399 
3 5400 5397 5399 
3 5401 5402 5403 
3 5402 5398 5403 
3 5404 5405 5406 
3 5401 5407 5408 
3 5407 5409 5408 
3 5397 5410 5411 
3 5398 5397 5411 
3 5397 5412 5413 
3 5410 5397 5413 
3 5414 5415 5416 
3 5417 5418 5416 
3 5419 5395 5420 
3 5421 5422 5423 
3 5422 5424 5423 
3 5344 5417 5425 
3 5426 5402 5427 
3 5428 5429 5430 
3 5431 5432 5433 
3 5424 5422 5434 
3 5435 5436 5437 
3 5438 5439 5440 
3 5439 5441 5440 
3 5296 5442 5443 
3 5444 5445 5446 
3 5381 5447 5448 
3 5449 5450 5451 
3 5353 5345 5452 
3 5327 5453 5454 
3 5296 5453 5455 
3 5453 5352 5455 
3 5456 5439 5457 
3 5439 5438 5457 
3 5458 5306 5459 
3 5456 5458 5459 
3 5460 5439 5456 
3 5461 5462 5310 
3 5463 5464 5465 
3 5466 5463 5465 
3 5290 5285 5467 
3 5285 5468 5467 
3 5469 5470 5471 
3 5350 5469 5471 
3 5441 5439 5472 
3 5439 5460 5472 
3 5349 5473 5474 
3 5473 5475 5474 
3 5463 5456 5459 
3 5463 5466 5460 
3 5476 5445 5477 
3 5281 5476 5477 
3 5441 5478 5479 
3 5478 5401 5479 
3 5282 5281 5480 
3 5464 5282 5480 
3 5428 5481 5482 
3 5432 5312 5483 
3 5312 5324 5483 
3 5365 5362 5484 
3 5485 5365 5484 
3 5470 5469 5486 
3 5469 5324 5486 
3 5487 5488 5489 
3 5473 5349 5351 
3 5453 5473 5352 
3 5435 5490 5436 
3 5490 5491 5436 
3 5424 5492 5493 
3 5492 5494 5493 
3 5380 5418 5495 
3 5496 5497 5409 
3 5407 5496 5409 
3 5475 5498 5499 
3 5498 5500 5499 
3 5496 5476 5488 
3 5497 5496 5488 
3 5500 5501 5502 
3 5501 5412 5494 
3 5397 5448 5412 
3 5503 5398 5411 
3 5504 5505 5506 
3 5507 5504 5506 
3 5500 5498 5508 
3 5498 5410 5508 
3 5354 5426 5509 
3 5510 5354 5509 
3 5406 5414 5511 
3 5414 5400 5511 
3 5512 5421 5513 
3 5380 5512 5513 
3 5432 5431 5514 
3 5431 5515 5514 
3 5381 5380 5513 
3 5476 5496 5445 
3 5496 5407 5445 
3 5418 5380 5516 
3 5375 5374 5517 
3 5365 5485 5518 
3 5369 5365 5518 
3 5412 5447 5494 
3 5397 5400 5448 
3 5398 5404 5399 
3 5404 5406 5511 
3 5366 5315 5519 
3 5315 5378 5519 
3 5407 5466 5446 
3 5445 5407 5446 
3 5369 5374 5520 
3 5374 5372 5520 
3 5376 5367 5521 
3 5367 5378 5521 
3 5416 5418 5516 
3 5418 5430 5495 
3 5517 5374 5522 
3 5418 5417 5481 
3 5428 5418 5481 
3 5400 5404 5511 
3 5510 5487 5523 
3 5487 5348 5523 
3 5333 5354 5510 
3 5426 5497 5509 
3 5450 5524 5525 
3 5524 5348 5525 
3 5426 5354 5526 
3 5354 5353 5527 
3 5404 5398 5528 
3 5405 5404 5528 
3 5497 5510 5509 
3 5391 5529 5530 
3 5388 5391 5530 
3 5393 5395 5531 
3 5343 5532 5533 
3 5339 5343 5533 
3 5335 5337 5532 
3 5343 5335 5532 
3 5400 5414 5382 
3 5414 5380 5382 
3 5450 5449 5534 
3 5362 5360 5361 
3 5321 5362 5361 
3 5362 5321 5535 
3 5484 5362 5535 
3 5330 5462 5536 
3 5328 5330 5536 
3 5462 5461 5536 
3 5461 5326 5328 
3 5311 5537 5390 
3 5301 5311 5390 
3 5501 5494 5502 
3 5460 5478 5472 
3 5512 5538 5539 
3 5341 5338 5384 
3 5388 5419 5387 
3 5401 5503 5479 
3 5478 5441 5472 
3 5401 5478 5540 
3 5285 5490 5468 
3 5490 5435 5468 
3 5470 5541 5443 
3 5541 5296 5443 
3 5345 5542 5543 
3 5335 5343 5346 
3 5345 5335 5346 
3 5542 5347 5543 
3 5344 5343 5544 
3 5545 5344 5544 
3 5546 5547 5548 
3 5386 5341 5384 
3 5383 5386 5384 
3 5341 5549 5342 
3 5549 5343 5342 
3 5393 5366 5370 
3 5371 5393 5370 
3 5372 5375 5550 
3 5360 5367 5376 
3 5372 5371 5520 
3 5367 5360 5363 
3 5365 5367 5363 
3 5353 5355 5551 
3 5421 5512 5539 
3 5375 5434 5550 
3 5538 5371 5373 
3 5369 5366 5368 
3 5365 5369 5368 
3 5531 5315 5552 
3 5348 5356 5334 
3 5356 5332 5334 
3 5333 5542 5355 
3 5345 5353 5551 
3 5542 5333 5332 
3 5389 5542 5332 
3 5542 5389 5347 
3 5389 5336 5347 
3 5296 5295 5553 
3 5295 5330 5553 
3 5554 5388 5555 
3 5383 5554 5555 
3 5315 5366 5552 
3 5291 5290 5322 
3 5321 5291 5322 
3 5556 5324 5313 
3 5293 5556 5313 
3 5557 5314 5316 
3 5317 5557 5316 
3 5557 5377 5314 
3 5319 5391 5309 
3 5391 5307 5309 
3 5298 5287 5558 
3 5438 5298 5558 
3 5306 5458 5305 
3 5458 5287 5305 
3 5461 5301 5303 
3 5559 5461 5303 
3 5461 5310 5301 
3 5339 5338 5341 
3 5549 5545 5544 
3 5560 5339 5533 
3 5532 5560 5533 
3 5531 5561 5562 
3 5395 5561 5531 
3 5529 5419 5530 
3 5419 5385 5387 
3 5388 5386 5555 
3 5391 5561 5529 
3 5395 5429 5420 
3 5561 5391 5319 
3 5317 5561 5319 
3 5561 5317 5562 
3 5312 5284 5286 
3 5293 5312 5286 
3 5490 5285 5284 
3 5491 5490 5284 
3 5419 5388 5530 
3 5379 5378 5377 
3 5563 5293 5294 
3 5290 5563 5294 
3 5298 5537 5564 
3 5287 5298 5564 
3 5354 5333 5355 
3 5430 5429 5565 
3 5415 5405 5527 
3 5339 5560 5340 
3 5333 5510 5523 
3 5348 5333 5523 
3 5415 5353 5425 
3 5402 5426 5566 
3 5398 5402 5528 
3 5337 5560 5532 
3 5567 5417 5545 
3 5447 5381 5421 
3 5400 5381 5448 
3 5417 5567 5481 
3 5353 5415 5527 
3 5381 5400 5382 
3 5421 5381 5513 
3 5374 5369 5518 
3 5547 5515 5548 
3 5485 5374 5518 
3 5547 5424 5434 
3 5437 5375 5517 
3 5367 5365 5368 
3 5379 5376 5521 
3 5367 5366 5519 
3 5320 5468 5568 
3 5378 5379 5521 
3 5290 5320 5322 
3 5320 5484 5535 
3 5317 5315 5562 
3 5315 5531 5562 
3 5567 5385 5482 
3 5481 5567 5482 
3 5537 5298 5396 
3 5298 5300 5396 
3 5393 5531 5552 
3 5366 5393 5552 
3 5434 5422 5550 
3 5422 5372 5550 
3 5542 5345 5551 
3 5355 5542 5551 
3 5422 5538 5373 
3 5372 5422 5373 
3 5466 5407 5540 
3 5407 5401 5540 
3 5422 5421 5539 
3 5538 5422 5539 
3 5487 5450 5525 
3 5410 5501 5508 
3 5450 5487 5489 
3 5497 5487 5510 
3 5487 5497 5488 
3 5528 5402 5566 
3 5402 5401 5408 
3 5466 5444 5446 
3 5398 5503 5403 
3 5402 5409 5427 
3 5478 5466 5540 
3 5436 5491 5569 
3 5410 5503 5411 
3 5501 5500 5508 
3 5505 5503 5506 
3 5570 5475 5499 
3 5571 5570 5572 
3 5491 5515 5569 
3 5424 5547 5546 
3 5349 5570 5573 
3 5321 5320 5535 
3 5485 5320 5568 
3 5285 5293 5286 
3 5320 5485 5484 
3 5469 5432 5483 
3 5324 5469 5483 
3 5464 5463 5574 
3 5330 5327 5553 
3 5444 5464 5480 
3 5438 5458 5457 
3 5445 5444 5477 
3 5503 5441 5479 
3 5464 5444 5465 
3 5281 5444 5480 
3 5444 5281 5477 
3 5441 5503 5505 
3 5388 5554 5392 
3 5575 5299 5576 
3 5570 5349 5474 
3 5475 5575 5577 
3 5504 5575 5576 
3 5442 5350 5471 
3 5575 5504 5577 
3 5475 5570 5474 
3 5475 5473 5578 
3 5561 5395 5529 
3 5432 5491 5579 
3 5570 5571 5573 
3 5491 5284 5579 
3 5470 5442 5471 
3 5468 5320 5467 
3 5324 5312 5313 
3 5323 5470 5486 
3 5293 5563 5580 
3 5281 5449 5451 
3 5352 5442 5455 
3 5306 5463 5459 
3 5306 5304 5581 
3 5476 5281 5451 
3 5450 5476 5451 
3 5582 5464 5574 
3 5306 5582 5574 
3 5287 5458 5558 
3 5458 5456 5457 
3 5298 5438 5583 
3 5575 5329 5584 
3 5302 5537 5396 
3 5329 5473 5585 
3 5327 5330 5328 
3 5442 5296 5455 
3 5350 5442 5352 
3 5442 5470 5443 
3 5470 5323 5586 
3 5385 5567 5587 
3 5557 5317 5318 
3 5537 5311 5588 
3 5304 5287 5289 
3 5282 5464 5589 
3 5541 5470 5586 
3 5324 5556 5325 
3 5524 5450 5534 
3 5563 5290 5292 
3 5449 5281 5283 
3 5464 5582 5589 
3 5582 5306 5581 
3 5291 5321 5359 
3 5315 5317 5316 
3 5348 5524 5357 
3 5462 5330 5331 
3 5296 5541 5297 
3 5556 5293 5580 
3 5288 5537 5588 
3 5352 5473 5351 
3 5288 5287 5564 
3 5463 5306 5574 
3 5537 5302 5390 
3 5461 5328 5536 
3 5498 5504 5507 
3 5410 5498 5507 
3 5329 5575 5578 
3 5575 5475 5578 
3 5559 5329 5326 
3 5461 5559 5326 
3 5327 5329 5585 
3 5453 5327 5585 
3 5299 5559 5300 
3 5559 5302 5300 
3 5590 5299 5583 
3 5438 5590 5583 
3 5559 5299 5584 
3 5329 5559 5584 
3 5553 5327 5454 
3 5444 5466 5465 
3 5549 5386 5587 
3 5386 5385 5587 
3 5547 5375 5437 
3 5299 5298 5583 
3 5492 5500 5502 
3 5494 5492 5502 
3 5430 5512 5495 
3 5512 5380 5495 
3 5405 5426 5526 
3 5527 5405 5526 
3 5417 5416 5591 
3 5425 5417 5591 
3 5431 5573 5592 
3 5515 5431 5592 
3 5515 5571 5548 
3 5571 5546 5548 
3 5405 5528 5566 
3 5426 5405 5566 
3 5409 5497 5427 
3 5497 5426 5427 
3 5344 5425 5452 
3 5345 5344 5452 
3 5347 5335 5543 
3 5335 5345 5543 
3 5395 5419 5529 
3 5571 5492 5546 
3 5492 5424 5546 
3 5498 5475 5577 
3 5504 5498 5577 
3 5473 5329 5578 
3 5504 5590 5505 
3 5500 5570 5499 
3 5435 5517 5522 
3 5485 5435 5522 
3 5414 5416 5516 
3 5380 5414 5516 
3 5590 5441 5505 
3 5299 5590 5576 
3 5590 5504 5576 
3 5447 5424 5493 
3 5590 5438 5440 
3 5418 5428 5430 
3 5463 5460 5456 
3 5501 5410 5413 
3 5571 5515 5592 
3 5431 5349 5573 
3 5433 5350 5593 
3 5432 5469 5433 
3 5491 5432 5514 
3 5573 5571 5592 
3 5492 5571 5572 
3 5500 5492 5572 
3 5447 5421 5423 
3 5375 5547 5434 
3 5412 5501 5413 
3 5405 5415 5406 
3 5466 5478 5460 
3 5503 5507 5506 
3 5419 5420 5594 
3 5385 5419 5594 
3 5429 5394 5595 
3 5538 5429 5595 
3 5431 5433 5593 
3 5349 5431 5593 
3 5296 5553 5454 
3 5453 5296 5454 
3 5436 5547 5437 
3 5469 5350 5433 
3 5320 5290 5467 
3 5429 5538 5565 
3 5394 5371 5595 
3 5343 5549 5544 
3 5417 5344 5545 
3 5415 5425 5591 
3 5374 5485 5522 
3 5415 5414 5406 
3 5404 5400 5399 
3 5441 5590 5440 
3 5371 5538 5595 
3 5425 5353 5452 
3 5416 5415 5591 
3 5343 5344 5346 
3 5424 5447 5423 
3 5371 5369 5520 
3 5354 5527 5526 
3 5284 5312 5579 
3 5312 5432 5579 
3 5348 5487 5525 
3 5308 5317 5319 
3 5429 5428 5420 
3 5554 5307 5392 
3 5428 5385 5594 
3 5420 5428 5594 
3 5567 5549 5587 
3 5385 5428 5482 
3 5549 5567 5545 
3 5386 5549 5341 
3 5515 5547 5569 
3 5547 5436 5569 
3 5476 5450 5489 
3 5488 5476 5489 
3 5435 5437 5517 
3 5435 5485 5568 
3 5468 5435 5568 
3 5538 5512 5565 
3 5512 5430 5565 
3 5409 5402 5408 
3 5350 5349 5593 
3 5429 5395 5394 
3 5473 5453 5585 
3 5299 5575 5584 
3 5378 5315 5314 
3 5503 5410 5507 
3 5448 5447 5412 
3 5494 5447 5493 
3 5570 5500 5572 
3 5515 5491 5514 
3 5537 5288 5564 
3 5302 5559 5303 
3 5324 5323 5486 
3 5378 5367 5519 
3 5386 5383 5555 
3 5458 5438 5558 
3 5503 5401 5403 
3 5596 5597 5598 
3 5599 5600 5601 
3 5602 5603 5604 
3 5605 5603 5606 
3 5607 5608 5609 
3 5610 5609 5611 
3 5612 5613 5614 
3 5610 5615 5616 
3 5617 5618 5619 
3 5620 5621 5622 
3 5615 5623 5624 
3 5618 5617 5625 
3 5617 5626 5625 
3 5623 5627 5628 
3 5626 5617 5629 
3 5626 5623 5628 
3 5630 5631 5632 
3 5631 5633 5632 
3 5634 5633 5635 
3 5636 5634 5635 
3 5637 5638 5639 
3 5640 5641 5642 
3 5643 5644 5645 
3 5644 5646 5645 
3 5647 5648 5649 
3 5648 5650 5649 
3 5651 5652 5653 
3 5654 5651 5653 
3 5655 5656 5657 
3 5656 5658 5657 
3 5659 5656 5660 
3 5656 5655 5660 
3 5661 5662 5663 
3 5662 5664 5663 
3 5650 5665 5649 
3 5666 5667 5668 
3 5669 5670 5671 
3 5603 5672 5673 
3 5637 5674 5675 
3 5676 5677 5678 
3 5679 5676 5678 
3 5680 5681 5682 
3 5681 5683 5682 
3 5684 5685 5686 
3 5684 5687 5688 
3 5689 5690 5691 
3 5690 5692 5691 
3 5693 5690 5689 
3 5694 5693 5689 
3 5695 5696 5697 
3 5698 5670 5699 
3 5700 5701 5702 
3 5701 5703 5702 
3 5597 5641 5598 
3 5613 5612 5704 
3 5705 5706 5707 
3 5658 5656 5708 
3 5709 5710 5708 
3 5710 5711 5658 
3 5662 5712 5713 
3 5703 5662 5713 
3 5662 5661 5712 
3 5701 5664 5714 
3 5703 5701 5714 
3 5715 5716 5717 
3 5659 5715 5717 
3 5718 5719 5720 
3 5721 5718 5720 
3 5605 5722 5723 
3 5724 5715 5725 
3 5715 5655 5725 
3 5597 5726 5721 
3 5726 5727 5721 
3 5719 5597 5720 
3 5728 5672 5602 
3 5672 5729 5730 
3 5731 5732 5733 
3 5631 5734 5735 
3 5734 5731 5735 
3 5736 5709 5737 
3 5706 5705 5738 
3 5722 5612 5723 
3 5739 5740 5741 
3 5742 5739 5741 
3 5677 5739 5743 
3 5739 5744 5743 
3 5745 5621 5746 
3 5745 5698 5699 
3 5698 5747 5671 
3 5621 5620 5746 
3 5748 5728 5749 
3 5711 5750 5688 
3 5687 5711 5688 
3 5684 5686 5751 
3 5752 5684 5751 
3 5647 5753 5754 
3 5728 5753 5755 
3 5753 5729 5755 
3 5753 5728 5754 
3 5756 5748 5749 
3 5757 5636 5758 
3 5753 5759 5760 
3 5636 5761 5762 
3 5633 5761 5635 
3 5731 5734 5763 
3 5634 5764 5765 
3 5764 5766 5765 
3 5764 5767 5768 
3 5615 5610 5611 
3 5603 5693 5606 
3 5600 5599 5769 
3 5770 5600 5769 
3 5599 5771 5772 
3 5771 5773 5772 
3 5771 5599 5774 
3 5775 5771 5774 
3 5776 5777 5778 
3 5777 5779 5778 
3 5779 5640 5778 
3 5621 5618 5780 
3 5773 5781 5772 
3 5782 5731 5733 
3 5692 5782 5733 
3 5690 5730 5783 
3 5692 5690 5783 
3 5724 5784 5785 
3 5784 5786 5787 
3 5788 5745 5789 
3 5716 5790 5791 
3 5790 5792 5791 
3 5793 5794 5795 
3 5796 5793 5795 
3 5797 5621 5780 
3 5621 5745 5798 
3 5799 5696 5800 
3 5747 5646 5801 
3 5705 5802 5803 
3 5672 5603 5602 
3 5804 5805 5806 
3 5756 5747 5801 
3 5680 5705 5807 
3 5802 5808 5809 
3 5700 5764 5768 
3 5732 5692 5733 
3 5665 5647 5649 
3 5759 5753 5810 
3 5811 5812 5813 
3 5753 5647 5810 
3 5767 5757 5814 
3 5665 5664 5815 
3 5808 5816 5809 
3 5735 5761 5817 
3 5764 5634 5767 
3 5805 5766 5806 
3 5666 5668 5818 
3 5775 5666 5818 
3 5766 5819 5806 
3 5819 5804 5806 
3 5816 5820 5809 
3 5820 5802 5809 
3 5680 5620 5622 
3 5797 5680 5622 
3 5812 5821 5822 
3 5668 5811 5818 
3 5823 5797 5780 
3 5805 5804 5674 
3 5813 5812 5822 
3 5690 5693 5673 
3 5672 5690 5673 
3 5781 5824 5825 
3 5804 5812 5826 
3 5618 5823 5780 
3 5613 5670 5614 
3 5827 5659 5717 
3 5828 5724 5829 
3 5623 5626 5624 
3 5674 5830 5675 
3 5830 5638 5675 
3 5831 5623 5832 
3 5627 5823 5628 
3 5823 5626 5628 
3 5623 5831 5833 
3 5623 5615 5832 
3 5626 5823 5625 
3 5823 5618 5625 
3 5726 5679 5678 
3 5834 5752 5835 
3 5802 5705 5836 
3 5740 5739 5837 
3 5640 5642 5838 
3 5839 5640 5838 
3 5840 5727 5841 
3 5842 5843 5844 
3 5685 5696 5845 
3 5705 5682 5738 
3 5696 5685 5697 
3 5665 5650 5846 
3 5847 5602 5604 
3 5605 5847 5604 
3 5845 5808 5848 
3 5696 5661 5800 
3 5845 5696 5799 
3 5808 5650 5816 
3 5662 5703 5714 
3 5739 5849 5744 
3 5850 5703 5742 
3 5669 5671 5851 
3 5756 5669 5851 
3 5676 5773 5852 
3 5766 5764 5853 
3 5700 5850 5854 
3 5812 5811 5826 
3 5781 5599 5772 
3 5740 5676 5852 
3 5679 5726 5596 
3 5726 5597 5596 
3 5652 5827 5855 
3 5827 5792 5855 
3 5724 5856 5829 
3 5856 5857 5829 
3 5641 5640 5858 
3 5640 5779 5858 
3 5819 5700 5854 
3 5821 5819 5854 
3 5786 5859 5860 
3 5859 5752 5860 
3 5686 5861 5751 
3 5859 5687 5862 
3 5727 5842 5863 
3 5709 5718 5864 
3 5652 5651 5865 
3 5651 5736 5865 
3 5843 5842 5866 
3 5867 5843 5866 
3 5786 5784 5868 
3 5784 5655 5869 
3 5870 5652 5871 
3 5796 5870 5871 
3 5872 5796 5871 
3 5736 5651 5873 
3 5651 5874 5873 
3 5719 5718 5874 
3 5718 5709 5874 
3 5715 5724 5875 
3 5669 5756 5876 
3 5612 5669 5876 
3 5808 5802 5848 
3 5773 5676 5877 
3 5676 5679 5877 
3 5878 5740 5852 
3 5773 5878 5852 
3 5739 5677 5837 
3 5679 5781 5877 
3 5808 5845 5799 
3 5812 5804 5879 
3 5840 5677 5743 
3 5867 5840 5744 
3 5843 5867 5695 
3 5750 5843 5695 
3 5703 5849 5742 
3 5849 5739 5742 
3 5650 5880 5846 
3 5880 5664 5846 
3 5664 5665 5846 
3 5881 5685 5845 
3 5684 5688 5882 
3 5883 5839 5838 
3 5740 5850 5741 
3 5615 5608 5832 
3 5608 5831 5832 
3 5836 5705 5707 
3 5685 5684 5882 
3 5861 5881 5836 
3 5881 5802 5836 
3 5607 5884 5885 
3 5847 5612 5876 
3 5756 5847 5876 
3 5638 5830 5667 
3 5724 5828 5875 
3 5627 5623 5833 
3 5884 5886 5885 
3 5828 5887 5875 
3 5655 5888 5869 
3 5709 5736 5873 
3 5784 5869 5868 
3 5888 5859 5869 
3 5661 5696 5889 
3 5859 5888 5687 
3 5736 5827 5865 
3 5842 5710 5864 
3 5658 5888 5657 
3 5779 5890 5858 
3 5722 5605 5891 
3 5792 5872 5855 
3 5793 5883 5794 
3 5727 5718 5721 
3 5890 5679 5596 
3 5651 5719 5874 
3 5719 5651 5654 
3 5703 5850 5702 
3 5781 5679 5824 
3 5890 5641 5858 
3 5770 5781 5825 
3 5840 5867 5866 
3 5600 5770 5892 
3 5821 5812 5879 
3 5827 5736 5659 
3 5655 5784 5725 
3 5608 5607 5893 
3 5887 5790 5716 
3 5827 5716 5791 
3 5716 5827 5717 
3 5827 5652 5865 
3 5652 5872 5871 
3 5652 5870 5653 
3 5711 5710 5844 
3 5642 5883 5838 
3 5843 5750 5894 
3 5834 5831 5895 
3 5850 5742 5741 
3 5856 5607 5885 
3 5893 5834 5895 
3 5830 5804 5826 
3 5811 5830 5826 
3 5784 5787 5785 
3 5824 5779 5825 
3 5779 5770 5825 
3 5679 5890 5824 
3 5890 5779 5824 
3 5700 5819 5853 
3 5819 5766 5853 
3 5820 5807 5803 
3 5802 5820 5803 
3 5804 5830 5674 
3 5834 5706 5896 
3 5637 5897 5630 
3 5897 5631 5630 
3 5775 5811 5898 
3 5766 5633 5765 
3 5633 5634 5765 
3 5633 5631 5817 
3 5631 5735 5817 
3 5767 5701 5768 
3 5701 5700 5768 
3 5646 5648 5899 
3 5648 5647 5899 
3 5620 5644 5643 
3 5748 5756 5801 
3 5646 5748 5801 
3 5620 5698 5746 
3 5698 5745 5746 
3 5900 5745 5699 
3 5670 5900 5699 
3 5782 5636 5762 
3 5731 5782 5762 
3 5761 5633 5817 
3 5731 5761 5735 
3 5745 5788 5798 
3 5788 5618 5798 
3 5641 5901 5642 
3 5901 5883 5642 
3 5823 5681 5797 
3 5681 5680 5797 
3 5681 5823 5627 
3 5683 5681 5627 
3 5626 5902 5624 
3 5902 5615 5624 
3 5670 5669 5614 
3 5669 5612 5614 
3 5786 5834 5893 
3 5609 5608 5611 
3 5608 5615 5611 
3 5607 5786 5893 
3 5610 5884 5609 
3 5847 5605 5723 
3 5612 5847 5723 
3 5884 5607 5609 
3 5597 5719 5903 
3 5872 5652 5855 
3 5638 5637 5675 
3 5693 5603 5673 
3 5618 5621 5798 
3 5901 5641 5903 
3 5719 5901 5903 
3 5870 5796 5795 
3 5683 5831 5896 
3 5706 5683 5896 
3 5640 5839 5776 
3 5904 5692 5905 
3 5730 5782 5783 
3 5650 5808 5906 
3 5603 5605 5604 
3 5811 5775 5818 
3 5794 5870 5795 
3 5599 5907 5774 
3 5811 5813 5898 
3 5670 5698 5671 
3 5667 5830 5668 
3 5775 5907 5908 
3 5805 5637 5630 
3 5757 5759 5814 
3 5892 5770 5909 
3 5640 5776 5778 
3 5907 5775 5774 
3 5792 5827 5791 
3 5770 5779 5909 
3 5850 5821 5854 
3 5781 5770 5769 
3 5883 5793 5910 
3 5698 5620 5643 
3 5888 5711 5687 
3 5782 5692 5783 
3 5911 5693 5694 
3 5692 5904 5691 
3 5692 5732 5905 
3 5902 5626 5629 
3 5618 5788 5619 
3 5907 5599 5601 
3 5615 5902 5616 
3 5885 5886 5912 
3 5605 5911 5891 
3 5897 5637 5639 
3 5732 5731 5763 
3 5631 5897 5913 
3 5900 5670 5914 
3 5612 5722 5704 
3 5745 5900 5789 
3 5666 5775 5908 
3 5839 5883 5910 
3 5886 5857 5912 
3 5820 5648 5915 
3 5648 5646 5915 
3 5820 5644 5807 
3 5648 5820 5816 
3 5650 5648 5816 
3 5807 5705 5803 
3 5729 5782 5730 
3 5757 5729 5760 
3 5759 5757 5760 
3 5782 5729 5758 
3 5636 5782 5758 
3 5840 5866 5916 
3 5831 5683 5833 
3 5683 5627 5833 
3 5608 5893 5895 
3 5831 5608 5895 
3 5821 5878 5822 
3 5878 5813 5822 
3 5881 5845 5848 
3 5802 5881 5848 
3 5670 5613 5914 
3 5633 5766 5917 
3 5632 5633 5917 
3 5688 5750 5882 
3 5750 5685 5882 
3 5683 5706 5738 
3 5682 5683 5738 
3 5861 5836 5707 
3 5706 5861 5707 
3 5687 5684 5862 
3 5684 5752 5862 
3 5677 5676 5837 
3 5676 5740 5837 
3 5718 5727 5863 
3 5864 5718 5863 
3 5786 5607 5787 
3 5641 5890 5598 
3 5890 5596 5598 
3 5842 5727 5916 
3 5866 5842 5916 
3 5804 5819 5879 
3 5819 5821 5879 
3 5807 5644 5918 
3 5644 5620 5918 
3 5878 5821 5919 
3 5740 5878 5919 
3 5856 5724 5785 
3 5787 5856 5785 
3 5771 5813 5920 
3 5773 5771 5920 
3 5767 5634 5921 
3 5634 5636 5921 
3 5752 5861 5835 
3 5861 5706 5835 
3 5859 5786 5868 
3 5869 5859 5868 
3 5715 5875 5922 
3 5716 5715 5922 
3 5726 5677 5841 
3 5727 5726 5841 
3 5711 5844 5894 
3 5750 5711 5894 
3 5867 5661 5889 
3 5695 5867 5889 
3 5799 5880 5906 
3 5880 5650 5906 
3 5685 5750 5697 
3 5750 5695 5697 
3 5661 5880 5800 
3 5880 5799 5800 
3 5708 5656 5737 
3 5656 5736 5737 
3 5856 5885 5912 
3 5857 5856 5912 
3 5777 5892 5909 
3 5779 5777 5909 
3 5911 5605 5606 
3 5693 5911 5606 
3 5813 5771 5898 
3 5771 5775 5898 
3 5597 5721 5720 
3 5711 5888 5658 
3 5690 5672 5730 
3 5646 5644 5915 
3 5729 5753 5760 
3 5696 5695 5889 
3 5736 5656 5659 
3 5875 5887 5922 
3 5887 5716 5922 
3 5850 5740 5919 
3 5744 5840 5743 
3 5857 5828 5829 
3 5781 5773 5877 
3 5677 5726 5678 
3 5842 5864 5863 
3 5677 5840 5841 
3 5834 5786 5860 
3 5883 5901 5794 
3 5901 5870 5794 
3 5710 5709 5864 
3 5870 5901 5654 
3 5901 5719 5654 
3 5641 5597 5903 
3 5874 5709 5873 
3 5709 5708 5737 
3 5710 5658 5708 
3 5715 5659 5660 
3 5607 5856 5787 
3 5706 5834 5835 
3 5752 5859 5862 
3 5636 5757 5921 
3 5646 5747 5645 
3 5888 5655 5657 
3 5710 5842 5844 
3 5784 5724 5725 
3 5904 5694 5689 
3 5813 5878 5920 
3 5664 5662 5714 
3 5712 5849 5713 
3 5849 5703 5713 
3 5850 5700 5702 
3 5661 5867 5712 
3 5867 5849 5712 
3 5685 5881 5686 
3 5861 5752 5751 
3 5752 5834 5860 
3 5881 5861 5686 
3 5764 5700 5853 
3 5664 5880 5663 
3 5831 5834 5896 
3 5621 5797 5622 
3 5705 5680 5682 
3 5830 5811 5668 
3 5655 5715 5660 
3 5870 5654 5653 
3 5620 5680 5918 
3 5766 5805 5917 
3 5665 5759 5810 
3 5647 5665 5810 
3 5701 5759 5815 
3 5664 5701 5815 
3 5880 5661 5663 
3 5821 5850 5919 
3 5808 5799 5906 
3 5904 5689 5691 
3 5759 5665 5815 
3 5849 5867 5744 
3 5844 5843 5894 
3 5727 5840 5916 
3 5701 5767 5814 
3 5759 5701 5814 
3 5878 5773 5920 
3 5644 5820 5915 
3 5747 5643 5645 
3 5747 5698 5643 
3 5680 5807 5918 
3 5599 5781 5769 
3 5637 5805 5674 
3 5757 5767 5921 
3 5729 5757 5758 
3 5761 5636 5635 
3 5805 5630 5632 
3 5805 5632 5917 
3 5729 5672 5755 
3 5672 5728 5755 
3 5728 5847 5749 
3 5847 5756 5749 
3 5847 5728 5602 
3 5748 5647 5754 
3 5728 5748 5754 
3 5748 5646 5899 
3 5647 5748 5899 
3 5671 5747 5851 
3 5761 5731 5762 
3 5734 5631 5913 
3 5747 5756 5851 
3 5923 5924 5925 
3 5926 5927 5928 
3 5929 5930 5931 
3 5932 5929 5931 
3 5933 5934 5935 
3 5936 5937 5938 
3 5934 5939 5935 
3 5939 5940 5941 
3 5942 5943 5944 
3 5927 5945 5946 
3 5927 5946 5928 
3 5947 5948 5949 
3 5950 5951 5952 
3 5953 5954 5955 
3 5954 5956 5955 
3 5957 5956 5958 
3 5959 5957 5958 
3 5960 5961 5962 
3 5963 5964 5965 
3 5964 5966 5965 
3 5936 5967 5968 
3 5969 5951 5970 
3 5971 5972 5973 
3 5972 5974 5973 
3 5975 5976 5977 
3 5978 5975 5977 
3 5979 5964 5980 
3 5964 5981 5982 
3 5983 5984 5985 
3 5984 5986 5985 
3 5960 5987 5988 
3 5989 5960 5988 
3 5990 5991 5992 
3 5993 5990 5992 
3 5994 5981 5995 
3 5996 5994 5995 
3 5997 5998 5999 
3 5998 6000 5999 
3 6001 6002 6003 
3 6004 6001 6003 
3 5994 5996 6002 
3 6005 5994 6002 
3 5998 6005 6006 
3 6007 5998 6006 
3 5997 6008 6009 
3 6008 6005 6009 
3 6010 5984 6011 
3 5984 6012 6011 
3 6013 6014 5983 
3 6015 6016 6017 
3 6018 5987 6019 
3 6020 6018 6019 
3 6021 6022 6023 
3 6022 6024 6023 
3 6025 6026 6027 
3 6028 6025 6027 
3 6007 5933 6029 
3 6030 6031 6032 
3 6031 6033 6032 
3 6034 6035 6036 
3 6035 6037 6036 
3 6037 6038 5976 
3 5975 6039 6040 
3 6039 5969 6040 
3 6041 6042 6043 
3 6042 5978 6043 
3 6044 6045 6046 
3 6045 6047 6046 
3 6048 6049 6044 
3 6050 6047 6051 
3 6047 6052 6051 
3 6053 5957 6054 
3 5957 6024 6054 
3 5927 5957 6053 
3 6055 6056 6057 
3 6058 6055 6057 
3 5936 6059 6060 
3 6059 6061 6060 
3 6062 6063 6064 
3 6061 6062 6064 
3 5950 6062 6065 
3 6062 6061 6065 
3 5950 6039 6066 
3 6039 6067 6066 
3 6024 5957 5959 
3 6067 6062 6066 
3 5975 5978 6068 
3 6069 5975 6068 
3 6039 5975 6069 
3 6067 6039 6069 
3 6070 6071 6072 
3 6073 6070 6072 
3 6074 6067 6069 
3 6070 6075 6071 
3 6076 6020 6077 
3 6013 6076 6077 
3 6078 6022 6079 
3 6022 6021 6079 
3 6080 6022 6081 
3 6022 6078 6081 
3 6082 5937 5968 
3 5937 5936 5968 
3 5974 5972 6083 
3 5972 5930 6083 
3 6056 6084 6085 
3 6084 6052 6085 
3 6086 6055 6058 
3 5953 6086 6058 
3 5926 6055 6087 
3 6088 5926 6087 
3 6089 6090 6091 
3 6090 6026 6091 
3 6092 6090 6089 
3 6000 6015 5999 
3 5954 5953 6093 
3 5953 6020 6093 
3 6047 6094 6095 
3 6052 6047 6095 
3 6096 6097 6098 
3 6097 5981 6098 
3 6067 6074 6099 
3 6062 5950 6066 
3 6100 6101 6102 
3 5986 6100 6102 
3 6100 5991 6101 
3 6067 6103 6104 
3 6042 6041 6105 
3 6106 6042 6105 
3 6103 5998 6107 
3 5998 6007 6107 
3 6108 6010 6109 
3 6010 6106 6109 
3 5986 5984 6108 
3 5984 6010 6108 
3 5939 5934 6110 
3 5934 6111 6110 
3 6112 6113 6114 
3 6115 6097 6116 
3 6097 6096 6116 
3 6014 5987 5962 
3 5961 6014 5962 
3 5953 6058 6114 
3 6113 5953 6114 
3 6062 6067 6104 
3 6063 6062 6104 
3 6117 6118 6119 
3 6010 6117 6119 
3 6096 6008 6118 
3 6008 6120 6118 
3 6121 6122 6123 
3 5971 6121 6123 
3 6024 6080 6054 
3 6080 6053 6054 
3 6045 6113 6094 
3 6047 6045 6094 
3 6058 6112 6114 
3 6124 5971 6123 
3 6117 6012 6115 
3 5947 6125 6126 
3 6127 6128 6129 
3 6128 6125 6129 
3 6130 6131 6132 
3 6131 5947 6132 
3 6133 6131 6130 
3 6050 6133 6130 
3 6134 6133 6050 
3 6135 6045 6044 
3 5987 6014 6019 
3 6014 6020 6019 
3 6048 6047 6050 
3 6008 6096 6136 
3 6005 6008 6136 
3 6117 6115 6116 
3 5983 5961 6137 
3 5986 6013 5985 
3 5961 6012 6137 
3 6135 6049 6138 
3 5989 6135 6138 
3 6047 6048 6046 
3 6012 6139 6115 
3 5981 5964 5963 
3 5994 6096 6098 
3 6135 5987 6140 
3 6045 6135 6140 
3 6141 6021 6142 
3 6143 6144 6145 
3 6144 6004 6145 
3 6146 6144 6143 
3 6147 6144 6148 
3 6144 6149 6148 
3 6150 6146 6143 
3 6004 6144 6147 
3 5979 6139 6151 
3 6139 6012 6151 
3 6080 6152 6153 
3 5969 6154 6034 
3 6154 6035 6034 
3 6155 6127 6156 
3 5966 6155 6156 
3 5964 5979 6157 
3 5966 5964 6157 
3 6127 6155 6158 
3 6155 5989 6158 
3 6144 6146 6159 
3 6149 6144 6159 
3 6155 5979 6160 
3 5989 6155 6160 
3 6001 6004 6161 
3 6096 6117 6116 
3 6162 5965 6163 
3 6162 6150 5963 
3 5929 6164 6165 
3 5974 5929 6165 
3 6166 6121 6167 
3 6121 5974 6167 
3 5932 6073 6168 
3 6073 6149 6168 
3 5981 5994 6098 
3 6086 5956 6088 
3 5946 6169 5928 
3 6169 5926 5928 
3 6170 6078 6171 
3 6026 6170 6171 
3 5956 6086 5955 
3 6172 6173 6174 
3 6175 6149 6071 
3 6176 6026 6171 
3 6176 6028 6027 
3 6075 6175 6071 
3 6076 5954 6093 
3 5969 6039 5952 
3 6039 5950 5952 
3 6125 5947 5949 
3 6177 6125 5949 
3 6035 6178 5925 
3 6178 5923 5925 
3 5957 5927 6179 
3 6088 5957 6179 
3 5933 6001 6180 
3 6172 5940 6111 
3 5940 5939 6110 
3 6181 5936 5938 
3 5939 6181 5938 
3 5937 5933 5935 
3 5939 5937 5935 
3 6082 6007 6029 
3 6182 6172 6174 
3 6175 6182 6174 
3 6078 6176 6171 
3 5980 5964 5982 
3 6149 6183 6168 
3 6184 5932 5931 
3 5930 6184 5931 
3 6183 5929 5932 
3 6146 6183 6159 
3 5930 5929 6083 
3 6156 6185 6186 
3 6185 6166 6167 
3 5929 5974 6083 
3 6185 5974 6165 
3 6187 6183 6188 
3 6164 6185 6165 
3 6185 6164 6186 
3 6122 6124 6123 
3 6189 6177 6122 
3 6127 6185 6156 
3 6124 6177 6190 
3 6121 6189 6122 
3 6189 6129 6191 
3 6048 5947 6126 
3 6177 6189 6191 
3 6111 5940 6110 
3 6074 6000 6099 
3 5926 6088 6179 
3 6173 5934 6161 
3 6173 6175 6174 
3 6149 6175 6148 
3 6004 6173 6161 
3 6173 6172 6111 
3 6175 6147 6148 
3 6004 5996 6145 
3 5996 6143 6145 
3 5996 6150 6143 
3 5933 6007 6192 
3 6150 5981 5963 
3 6183 6149 6159 
3 6097 6139 5980 
3 5989 6128 6158 
3 6128 6127 6158 
3 5979 6155 6157 
3 6139 6097 6115 
3 5960 5979 6151 
3 6049 6126 6193 
3 5979 5960 6160 
3 6049 6128 6138 
3 6018 6020 6194 
3 6189 6127 6129 
3 6049 6048 6126 
3 6018 6113 6195 
3 6128 5989 6138 
3 5987 6018 6140 
3 5987 5960 5962 
3 6128 6049 6193 
3 6113 6018 6194 
3 5960 6151 6196 
3 6048 6130 6132 
3 6113 6112 6094 
3 6112 6052 6095 
3 6129 6125 6191 
3 6125 6177 6191 
3 5966 6156 6186 
3 6164 5966 6186 
3 5937 5939 5938 
3 5967 6197 6082 
3 6001 6161 6180 
3 6197 6007 6082 
3 6197 6103 6107 
3 6103 6197 6063 
3 6118 6120 6119 
3 6117 6096 6118 
3 6007 6006 6192 
3 6076 6013 6101 
3 6074 6015 6000 
3 6106 6120 6016 
3 5960 5989 6160 
3 6198 6108 6109 
3 6074 5978 6199 
3 6041 6198 6105 
3 6007 6197 6107 
3 6101 6013 6102 
3 6198 6200 6201 
3 6020 6076 6093 
3 5948 6177 5949 
3 5991 6076 6101 
3 6013 5986 6102 
3 6086 5953 5955 
3 5954 6076 5991 
3 6094 6112 6095 
3 6052 6112 6085 
3 6025 6089 6091 
3 6086 6088 6087 
3 6033 6202 6092 
3 6033 6092 6089 
3 6202 6033 6203 
3 6025 6030 6032 
3 6202 5923 6204 
3 6035 6154 6205 
3 5926 6169 5943 
3 6055 5926 5943 
3 6056 5942 6206 
3 5943 5942 6207 
3 5942 6056 6207 
3 6208 6061 6209 
3 6061 6208 6065 
3 5950 6208 6210 
3 5967 6082 5968 
3 5948 5947 6211 
3 6182 6175 6075 
3 6073 6184 6212 
3 6071 6149 6072 
3 5978 6074 6068 
3 6149 6073 6072 
3 5951 5969 5952 
3 6070 6073 6212 
3 6183 5932 6168 
3 6152 6080 6081 
3 6020 6014 6077 
3 6015 6074 6199 
3 6022 6080 6024 
3 6078 6152 6081 
3 6197 5967 6063 
3 6200 6198 6213 
3 6041 6038 6214 
3 6215 6021 6023 
3 6216 6141 6217 
3 6215 6024 5959 
3 6208 5950 6065 
3 6063 5967 6064 
3 6141 5993 6218 
3 6141 6200 6217 
3 6200 6141 6218 
3 5990 6215 5959 
3 6061 5967 6060 
3 5927 5926 6179 
3 6080 5945 6053 
3 5936 6181 6219 
3 6112 6058 6057 
3 5945 5927 6053 
3 6052 6134 6051 
3 6134 6052 6220 
3 6134 6050 6051 
3 6048 6044 6046 
3 6112 6056 6085 
3 5934 6173 6111 
3 6049 6135 6044 
3 5947 6048 6132 
3 6048 6050 6130 
3 5975 6221 5976 
3 6170 6026 6222 
3 6221 5975 6040 
3 6221 6037 5976 
3 6037 6221 6036 
3 6221 6034 6036 
3 6221 5969 6034 
3 5924 6223 6224 
3 5967 5936 6060 
3 6223 6030 6225 
3 6031 6030 6226 
3 6176 6021 6227 
3 6030 6025 6028 
3 6216 6176 6227 
3 6021 6176 6079 
3 6152 6078 6228 
3 6026 6025 6091 
3 5923 6202 6203 
3 5923 6178 6204 
3 6052 6084 6220 
3 6181 5939 5941 
3 6026 6090 6222 
3 5947 6131 6211 
3 6084 6056 6206 
3 5943 6169 5944 
3 6178 6035 6205 
3 6177 5948 6190 
3 6154 5969 5970 
3 6025 6033 6089 
3 5945 6080 6153 
3 5978 6038 6043 
3 6078 6170 6228 
3 6059 5936 6219 
3 5951 5950 6210 
3 6061 6059 6209 
3 6226 5924 6229 
3 6183 6146 6188 
3 6162 6164 6187 
3 5967 6061 6064 
3 6033 6025 6032 
3 6127 6189 6166 
3 6189 6121 6166 
3 6177 6124 6122 
3 6223 6230 6214 
3 6230 6041 6214 
3 6223 5924 6226 
3 5924 5923 6229 
3 5974 6185 6167 
3 6223 6038 6224 
3 6038 6037 6224 
3 6176 6216 6028 
3 6026 6176 6027 
3 6216 6230 6225 
3 6230 6223 6225 
3 6216 6030 6028 
3 6030 6223 6226 
3 6141 6216 6227 
3 6021 6141 6227 
3 5924 6037 6231 
3 5993 6141 6142 
3 6176 6078 6079 
3 5925 5924 6231 
3 6120 5997 6017 
3 6016 6120 6017 
3 5937 6082 6029 
3 5933 5937 6029 
3 5969 6221 6040 
3 6200 6100 6201 
3 6100 5986 6201 
3 6012 6117 6011 
3 6024 6215 6023 
3 6001 6005 6002 
3 6005 5998 6009 
3 5993 6100 6218 
3 6100 6200 6218 
3 6215 5990 5993 
3 5991 6100 5992 
3 6230 6200 6213 
3 6041 6230 6213 
3 6230 6216 6217 
3 6200 6230 6217 
3 5984 5983 6137 
3 6012 5984 6137 
3 6038 6223 6214 
3 6120 6008 5997 
3 5986 6198 6201 
3 5923 6031 6229 
3 6031 6226 6229 
3 6013 5983 5985 
3 6106 6198 6109 
3 6014 5961 5983 
3 5978 6042 6199 
3 6042 6015 6199 
3 6038 6041 6043 
3 5976 6038 5977 
3 6042 6106 6016 
3 6015 6042 6016 
3 6198 5986 6108 
3 5998 6103 6000 
3 6015 5997 5999 
3 6198 6106 6105 
3 5961 5960 6196 
3 6005 6001 6006 
3 5991 5990 6232 
3 5990 5956 6232 
3 6113 6045 6195 
3 6045 6140 6195 
3 5966 6164 6163 
3 5965 5966 6163 
3 6120 6106 6233 
3 6119 6120 6233 
3 5981 6097 5982 
3 6097 5980 5982 
3 6146 6162 6188 
3 6162 6187 6188 
3 6035 5925 6231 
3 6037 6035 6231 
3 6010 6119 6233 
3 6014 6013 6077 
3 6117 6010 6011 
3 5987 6135 5988 
3 6173 6004 6147 
3 5998 5997 6009 
3 5994 6005 6136 
3 6096 5994 6136 
3 5997 6015 6017 
3 6106 6010 6233 
3 6150 6162 6146 
3 6002 5996 6003 
3 5981 6150 5995 
3 6150 5996 5995 
3 6175 6173 6147 
3 6155 5966 6157 
3 6215 5993 6142 
3 6021 6215 6142 
3 6055 5943 6207 
3 6056 6055 6207 
3 6031 5923 6203 
3 6033 6031 6203 
3 6121 5971 5973 
3 6140 6018 6195 
3 5929 6183 6187 
3 6162 5963 5965 
3 6164 6162 6163 
3 6139 5979 5980 
3 6135 5989 5988 
3 6184 6073 5932 
3 6161 5934 6180 
3 5934 5933 6180 
3 6126 6125 6193 
3 6125 6128 6193 
3 6012 5961 6196 
3 6151 6012 6196 
3 5953 6113 6194 
3 6020 5953 6194 
3 6001 5933 6192 
3 6006 6001 6192 
3 6000 6103 6099 
3 6103 6067 6099 
3 6100 5993 5992 
3 6038 5978 5977 
3 6198 6041 6213 
3 6030 6216 6225 
3 6185 6127 6166 
3 5990 5959 5958 
3 5974 6121 5973 
3 5956 5954 6232 
3 6164 5929 6187 
3 6037 5924 6224 
3 5956 5957 6088 
3 5954 5991 6232 
3 6055 6086 6087 
3 6056 6112 6057 
3 6074 6069 6068 
3 6103 6063 6104 
3 5996 6004 6003 
3 5956 5990 5958 

