ply
format ascii 1.0
element vertex 5979
property float32 x
property float32 y
property float32 z
property uchar red
property uchar green
property uchar blue
property uchar alpha
element face 11610
property list uint8 int32 vertex_indices
end_header
0.0339779734066554 -0.323154620766287 0.394122568768286 255 128 128 255 
-0.00707025059067501 -0.321949486840021 0.412781020200378 255 128 128 255 
0.00718445682693885 -0.32966954063911 0.360736714556057 255 128 128 255 
0.0379596584237157 -0.313348064737856 0.450528857371308 255 128 128 255 
0.287774403052663 0.158493825226943 0.369492188663978 255 128 128 255 
0.313721420644967 0.119483359681228 0.313721420644812 255 128 128 255 
0.291790203330593 0.164528617999596 0.319860025667695 255 128 128 255 
-0.0561898082622723 -0.00573695791783704 -0.987156692738109 255 128 128 255 
-0.0356698931014803 -0.00147520825024139 -0.99488886759227 255 128 128 255 
-0.041583803559149 -0.0151599713346067 -0.992132904110948 255 128 128 255 
-0.00275355743443874 -0.307923985162437 0.491326474749728 255 128 128 255 
-0.0423327957635701 -0.296180947064048 0.532802111518236 255 128 128 255 
-0.0422632699896107 -0.304479067558632 0.494014649896309 255 128 128 255 
-0.0254797376586172 0.0134961120889395 -0.996669003560277 255 128 128 255 
-0.0232276800348903 0.000995823662026147 -0.997835590431338 255 128 128 255 
-0.0404757962240763 0.0234708660981075 -0.991204633318803 255 128 128 255 
-0.0517325884650546 0.0338638491973282 -0.984589167886022 255 128 128 255 
-0.0420079425179096 0.0370921939059623 -0.987358098557558 255 128 128 255 
-0.0464980096796949 0.00899055032038288 -0.990987810031702 255 128 128 255 
-0.0257015799658094 -0.0526158965659001 -0.986188605581928 255 128 128 255 
-0.00546782153974357 -0.0599417892578213 -0.985401784335711 255 128 128 255 
-0.0174646470827134 -0.065327393578955 -0.98153886373704 255 128 128 255 
-0.1094447529341 0.0810326081694943 -0.922845847896191 255 128 128 255 
-0.0902239606666045 0.104247694415206 -0.920834627304533 255 128 128 255 
-0.087569935681791 0.0853681486954779 -0.938269827725848 255 128 128 255 
0.096455584658738 0.0223177128639362 -0.959992664268189 255 128 128 255 
0.0864951442969502 0.006289232280536 -0.969449463101615 255 128 128 255 
0.0870288841636233 0.0239240683404396 -0.966865500829303 255 128 128 255 
0.111463881458791 -0.0906339833214259 -0.91372328197584 255 128 128 255 
0.100863934452524 -0.0735689335073189 -0.935581426769076 255 128 128 255 
0.116221888674847 -0.0724952279776875 -0.921897668376264 255 128 128 255 
0.115045991300316 -0.0134624102767914 -0.94480973979901 255 128 128 255 
0.135924608321963 -0.0257760311036771 -0.920261231348592 255 128 128 255 
0.117385772440899 -0.0366322961444573 -0.937565587707093 255 128 128 255 
-0.157737264589137 -0.287434302350404 0.374170363931262 255 128 128 255 
-0.11537299882622 -0.315085999244388 0.315085999244385 255 128 128 255 
-0.100211062402542 -0.314246198776285 0.36007819875992 255 128 128 255 
-0.0103859316803076 0.10420566064101 -0.955126420370007 255 128 128 255 
0.0013275531314036 0.0882078445994021 -0.96837023308146 255 128 128 255 
-0.0127125008828397 0.0874468549004236 -0.96826211156049 255 128 128 255 
-0.0865879651288959 0.0296418491585986 -0.965914631138519 255 128 128 255 
-0.0896073617165723 0.046415290079444 -0.958399252935001 255 128 128 255 
-0.080194706685336 0.0437176501048739 -0.966054143106611 255 128 128 255 
0.00703316960188123 0.156418076208053 -0.89658870469783 255 128 128 255 
-0.0110702892444726 0.138481357977636 -0.919566672405738 255 128 128 255 
-0.0146560803848018 0.153016973609328 -0.900537634690206 255 128 128 255 
-0.0655981756493863 0.112845323216504 -0.929355944857164 255 128 128 255 
-0.0792120263205676 0.119441057632712 -0.914152232271477 255 128 128 255 
0.0583417052020911 0.0882419258739793 -0.954189105262518 255 128 128 255 
0.0820319630674319 0.0854382471425845 -0.94221467073531 255 128 128 255 
0.0711735227592502 0.074595504164607 -0.956534743187485 255 128 128 255 
-0.116605841540351 0.103908666407911 -0.897133471299263 255 128 128 255 
-0.0920276022691328 0.123318420385223 -0.900326539341521 255 128 128 255 
-0.0670726834452412 -0.151119494972227 -0.883919189313027 255 128 128 255 
-0.0914364772605184 -0.158973978683488 -0.854946239051935 255 128 128 255 
-0.0938115225657496 -0.141379071784471 -0.877320253948028 255 128 128 255 
0.0987412267898967 0.102531752325705 -0.915368330542106 255 128 128 255 
0.127047722001932 0.0920971546231514 -0.896111540602044 255 128 128 255 
0.116835191639407 0.0777602749588694 -0.91783603969929 255 128 128 255 
0.0512865385800245 -0.171940548782894 -0.86165484770635 255 128 128 255 
0.0726460141776316 -0.152655129121169 -0.878266289148305 255 128 128 255 
0.074061747422114 -0.168351104922798 -0.854038691943104 255 128 128 255 
-0.146256186450059 -0.104172799970081 -0.861427395666657 255 128 128 255 
-0.130368046260943 -0.0900040987069098 -0.893995218408561 255 128 128 255 
-0.123914047909453 -0.112088588512009 -0.881278410177956 255 128 128 255 
0.160893599481856 0.286611988328759 -0.368421276529318 255 128 128 255 
0.120106392463833 0.313509830967257 -0.31350983096726 255 128 128 255 
0.165183829321062 0.29145147402141 -0.319628964257901 255 128 128 255 
-0.137966706566105 -0.148413122117403 -0.819456999867963 255 128 128 255 
-0.16395815005105 -0.116174533133597 -0.822781584361607 255 128 128 255 
-0.142866815332534 -0.12672043362869 -0.841574719941752 255 128 128 255 
-0.124349028017211 -0.181396803499065 -0.782981474924064 255 128 128 255 
-0.154506034649035 -0.15391510462937 -0.787085850780718 255 128 128 255 
-0.15999832120388 -0.137235659659003 -0.802829540426268 255 128 128 255 
-0.0627232102101547 -0.203318087579432 -0.798636570588465 255 128 128 255 
-0.0785217498081545 -0.215698832610968 -0.760569978247441 255 128 128 255 
-0.0923589030392009 -0.197758518817291 -0.786696368163378 255 128 128 255 
0.0711940046020968 -0.184752438114376 -0.828482652493945 255 128 128 255 
0.0372350944405637 -0.187847865084979 -0.840603219815508 255 128 128 255 
-0.269389528427116 -0.195649962682707 -0.336456222655221 255 128 128 255 
-0.284127231269381 -0.184880208203446 -0.284127231269383 255 128 128 255 
-0.293446851172348 -0.160935340593126 -0.322350787607877 255 128 128 255 
-0.0497061596876244 -0.134129620467309 -0.914498926514993 255 128 128 255 
-0.0770527492285491 -0.129255872942437 -0.90490127612349 255 128 128 255 
-0.0101871998067008 -0.15721837914548 -0.895225520252639 255 128 128 255 
-0.000218744308245797 -0.184784894891175 -0.852546626777174 255 128 128 255 
-0.0351338894142914 -0.168974135072376 -0.872758107402201 255 128 128 255 
-0.0910205349122909 -0.181132846865325 -0.81929794800462 255 128 128 255 
-0.116937533548 -0.16815947660262 -0.815097545730351 255 128 128 255 
-0.0469218351943209 -0.240428132763236 -0.721069321436976 255 128 128 255 
-0.0413223025744308 -0.221097320684646 -0.771535780112437 255 128 128 255 
-0.102455839367606 -0.201413077963043 -0.769080339915355 255 128 128 255 
0.0483616318276286 -0.159442966133199 -0.881993611855555 255 128 128 255 
0.0251273040609334 -0.164974722315476 -0.881598324060217 255 128 128 255 
0.028418671303274 -0.178048839529479 -0.860190620245464 255 128 128 255 
0.0824342219813077 -0.0398748952340265 -0.965876141898095 255 128 128 255 
0.0693336811304368 -0.06098554888229 -0.96529208560833 255 128 128 255 
0.0656343870007528 -0.0437162746345468 -0.974806705898498 255 128 128 255 
0.131600939083657 -0.159303201159666 -0.811436615660277 255 128 128 255 
0.0995338158324026 -0.160449737224978 -0.845453213797731 255 128 128 255 
0.124103466029164 -0.144035332766049 -0.84309975353751 255 128 128 255 
-0.211478931373077 -0.16559584275134 -0.650259309202952 255 128 128 255 
-0.222330572269531 -0.124147634482028 -0.693722936166282 255 128 128 255 
-0.202248174099085 -0.157468369460321 -0.688763427228629 255 128 128 255 
0.171371886112265 -0.130491100732665 -0.792988005069383 255 128 128 255 
0.157937027361349 -0.152834669888336 -0.783313249494238 255 128 128 255 
0.153539977986323 -0.143127475902995 -0.804686272145309 255 128 128 255 
0.123470353881742 -0.125530930765144 -0.867165714997881 255 128 128 255 
0.139543551875271 -0.0921066085075153 -0.881108186154519 255 128 128 255 
0.146650864826153 -0.109491776336332 -0.855593686901284 255 128 128 255 
-0.126146473740001 -0.0258636475287477 -0.931313619963308 255 128 128 255 
-0.132571512685377 -0.0531537215360336 -0.91476542607328 255 128 128 255 
-0.142993778356264 -0.0342057544215861 -0.909429465176485 255 128 128 255 
-0.145623812798373 -0.0470108982581228 -0.901481803000611 255 128 128 255 
-0.161124335289178 0.0820467760893672 -0.859335899494148 255 128 128 255 
-0.172385259020227 0.0624843520028489 -0.855004217580718 255 128 128 255 
-0.171329962736544 0.0805980236675515 -0.844511701646475 255 128 128 255 
-0.0472910385074389 -0.0700675049037957 -0.970995785544484 255 128 128 255 
-0.0485437220192408 -0.0506388620829279 -0.98011922542717 255 128 128 255 
-0.0377949789774432 -0.0612937911632642 -0.979038755423703 255 128 128 255 
-0.217531600825605 -0.0308545984326065 -0.78346916579956 255 128 128 255 
-0.217109129156104 0.00507537364981436 -0.789115232718034 255 128 128 255 
-0.209577053892339 -0.0175016366224995 -0.80384648647008 255 128 128 255 
-0.199105551880127 0.0336738088139507 -0.820843620769629 255 128 128 255 
-0.20318204450792 -0.00415997413191671 -0.818289651557542 255 128 128 255 
0.179982520277801 0.0136198985698957 -0.8598640098475 255 128 128 255 
0.190312323168842 -0.0198087945488068 -0.840898682646 255 128 128 255 
0.178651013005969 -0.0164041826259355 -0.861694684885404 255 128 128 255 
0.169185520120614 -0.0894167403287459 -0.84086090157855 255 128 128 255 
0.160462942114145 -0.0670942804226766 -0.870631938369572 255 128 128 255 
-0.152841235832707 0.0646542189643723 -0.882992100145067 255 128 128 255 
0.197125298108974 -0.0859978372404161 -0.793705080367811 255 128 128 255 
0.192479881307485 -0.0520511698571775 -0.825794926688266 255 128 128 255 
0.212234797176478 -0.0316799849720177 -0.794746569519786 255 128 128 255 
0.20128478436288 -0.025320002125023 -0.818991236620966 255 128 128 255 
-0.123188895969319 0.0832124739061732 -0.907304488239334 255 128 128 255 
0.220152932400809 -0.0828920562413862 -0.746520313126239 255 128 128 255 
0.218173259895427 -0.0553411672985055 -0.771169384716495 255 128 128 255 
-0.00626257249984274 0.0804930518445949 -0.973577521256559 255 128 128 255 
-0.0773822691190916 0.152871955765164 -0.874721181593691 255 128 128 255 
-0.0474152062222205 0.169522304033662 -0.867243799751304 255 128 128 255 
-0.0577582614275569 0.152385044058989 -0.887435765450549 255 128 128 255 
0.0738159712823757 0.120612105855711 -0.916532241975092 255 128 128 255 
0.0761233645195969 0.103926422466459 -0.931255199510274 255 128 128 255 
-0.185853169295112 0.073910832475948 -0.824600651308365 255 128 128 255 
-0.201757404407383 0.0932519979851299 -0.777678450491142 255 128 128 255 
-0.180822497284677 0.100145231656535 -0.811291081423234 255 128 128 255 
0.166143888177538 0.061863001738761 -0.865189802210934 255 128 128 255 
0.14903688998687 0.086804070277205 -0.872940113295851 255 128 128 255 
0.165312260870585 0.0811256815517748 -0.853653227918747 255 128 128 255 
-0.107604310639525 0.13461033183162 -0.87316143272189 255 128 128 255 
-0.098706002860602 0.163514461671863 -0.841523057097002 255 128 128 255 
-0.0657123055429382 0.188725224377026 -0.824934743824207 255 128 128 255 
-0.0278791670656528 0.189144496465555 -0.841175841611803 255 128 128 255 
0.149725862749441 0.0632181495385509 -0.888079408498877 255 128 128 255 
-0.184815652207525 0.0513582018092836 -0.84002622949807 255 128 128 255 
0.0503058745750148 0.137929153700678 -0.909702634383941 255 128 128 255 
0.0557194170805184 0.110871866670992 -0.936387837087451 255 128 128 255 
0.035085427921809 0.122873972459821 -0.932399044496091 255 128 128 255 
-0.178491854214022 0.0344115515493353 -0.857701572614724 255 128 128 255 
0.131367982498097 0.139945341178768 -0.839798749315559 255 128 128 255 
0.163565390190311 0.126908773007255 -0.810631881961152 255 128 128 255 
0.150292423820137 0.120423199020185 -0.838620004462663 255 128 128 255 
0.116938321236136 0.12152486647909 -0.878895324449 255 128 128 255 
0.141486579511282 0.112616320823491 -0.859297893906035 255 128 128 255 
0.158015899154384 0.038417137872443 -0.887941843104812 255 128 128 255 
0.17196619882332 0.0402991068848907 -0.86627296848175 255 128 128 255 
0.181411217206587 0.0745815304296492 -0.831997876086703 255 128 128 255 
0.180362215565673 0.0465089324069394 -0.849971230874755 255 128 128 255 
0.10030557209419 0.166378441576952 -0.835497439292923 255 128 128 255 
0.122399187763938 0.161844587656216 -0.818900560385071 255 128 128 255 
0.106763102464047 0.144225904307062 -0.861628807954889 255 128 128 255 
-0.0951425178808425 0.194426461723121 -0.790676897805 255 128 128 255 
-0.0970898179578912 0.213916317314924 -0.747333185213941 255 128 128 255 
-0.072043467169415 0.212625774805504 -0.772528387939922 255 128 128 255 
0.100444086248416 0.0801115358582695 -0.93163566365675 255 128 128 255 
-0.111392560402052 0.17404906076967 -0.811411697700853 255 128 128 255 
-0.0930720876849006 0.180942721395972 -0.817788805865178 255 128 128 255 
-0.0866034168477117 0.137169865487292 -0.88852360764086 255 128 128 255 
0.116055879815857 0.182944679415524 -0.790251894113052 255 128 128 255 
0.0897912894831345 0.185729304942296 -0.812118933904676 255 128 128 255 
0.00949504129655932 0.181667661673828 -0.857469210919596 255 128 128 255 
-0.00552405849166276 0.207389348096661 -0.809736374254002 255 128 128 255 
0.0350614322654031 0.200556168047571 -0.817547075591339 255 128 128 255 
-0.0409163341636767 -0.26201312927707 -0.661361968470891 255 128 128 255 
-0.00315149625742853 -0.256191507922149 -0.689091858711988 255 128 128 255 
-0.0733033435035799 -0.247101909461795 -0.684498403242375 255 128 128 255 
-0.0803844845426064 -0.237340130901672 -0.705453010358096 255 128 128 255 
-0.112939725812469 -0.208113531338756 -0.742608198902478 255 128 128 255 
-0.0869088837785707 -0.227737733231633 -0.724333425172934 255 128 128 255 
-0.0121277232628856 -0.232093338289746 -0.753581290526034 255 128 128 255 
0.0420667034749179 -0.240945855010416 -0.722082782935679 255 128 128 255 
0.0350517919197604 -0.267869143420402 -0.645088738316001 255 128 128 255 
0.0779208156849473 -0.250257429728532 -0.671115753452914 255 128 128 255 
0.0821488524946075 -0.237356107243091 -0.703781994339894 255 128 128 255 
0.0416141470930421 -0.219303387655162 -0.775496138936491 255 128 128 255 
0.0155009423976911 -0.227889665048357 -0.763287720048261 255 128 128 255 
0.129339320436762 -0.203361670819391 -0.731657582537644 255 128 128 255 
0.116648538795702 -0.228996686695776 -0.686752474780814 255 128 128 255 
0.0894091848296429 -0.223885565852049 -0.731471009972794 255 128 128 255 
0.0788087284333071 -0.277609357701834 -0.577734597729028 255 128 128 255 
0.0763529437203601 -0.263037251835018 -0.632339296948226 255 128 128 255 
-0.0872701542202145 -0.275604088500628 -0.575682196614052 255 128 128 255 
-0.123222138310788 -0.246950682199935 -0.625022466676559 255 128 128 255 
-0.0829272238417413 -0.257781663468303 -0.642941180056583 255 128 128 255 
-0.113065064910161 -0.230162971675918 -0.688425829659638 255 128 128 255 
-0.156544188799186 -0.217653707240675 -0.651894246931095 255 128 128 255 
-0.148362229680352 -0.209434940621861 -0.687753718018939 255 128 128 255 
0.150786719405868 -0.12758464642237 -0.829387772883871 255 128 128 255 
0.17575949703934 -0.10988461504391 -0.810105999511652 255 128 128 255 
-0.201549746943066 -0.125756746116273 -0.740610211058043 255 128 128 255 
-0.193366626744707 -0.151784707195798 -0.718725211343062 255 128 128 255 
0.278286275248673 -0.0174715158474434 -0.614826635446347 255 128 128 255 
0.285579738475861 -0.0418209838656738 -0.577547971536071 255 128 128 255 
0.278190599659457 -0.0522215731539056 -0.599218782178038 255 128 128 255 
0.185481938545236 -0.112479276730123 -0.789657452250548 255 128 128 255 
0.162555607689159 -0.187702701390251 -0.711861557391157 255 128 128 255 
0.145285274126363 -0.208856850924251 -0.694383190639724 255 128 128 255 
0.225460762464491 -0.110914048463607 -0.703508164629016 255 128 128 255 
0.236722047183226 -0.136611647239569 -0.634349031399006 255 128 128 255 
0.198587695629115 -0.161795186459834 -0.689261537685516 255 128 128 255 
0.195327073207151 -0.121570913793896 -0.759304037591459 255 128 128 255 
0.199603729532677 -0.139411504507483 -0.725108400723817 255 128 128 255 
-0.231259374168552 -0.0102229795778416 -0.755854962527002 255 128 128 255 
-0.218922494123164 -0.092867234558906 -0.739992449480882 255 128 128 255 
-0.234203447617668 -0.0872754541182749 -0.707286259145807 255 128 128 255 
-0.241805584835586 0.0395252254479168 -0.720931505551684 255 128 128 255 
-0.23021311431834 0.0181222422418479 -0.757223894123001 255 128 128 255 
-0.23758490360814 0.00934477040877481 -0.740086953176456 255 128 128 255 
-0.250239749265545 -0.0787844738898016 -0.670361232970968 255 128 128 255 
-0.270619040778509 -0.0380898782662334 -0.634441218262758 255 128 128 255 
-0.254955400449631 -0.0402233972083819 -0.683402176604028 255 128 128 255 
-0.236207666803409 0.107803694989618 -0.678729800925185 255 128 128 255 
-0.224923274131556 0.149740257491957 -0.644902146024946 255 128 128 255 
-0.215074845702813 0.143125818880618 -0.682687629907606 255 128 128 255 
-0.247704599074824 -0.123956489651961 -0.621463746327201 255 128 128 255 
-0.264466051826573 0.0348113783390028 -0.656328316625091 255 128 128 255 
-0.25853125315637 -0.00581743577727646 -0.681925112238816 255 128 128 255 
0.225261351717878 -0.00418670465237138 -0.77066097018945 255 128 128 255 
0.239094050089027 0.00388943243874815 -0.736580742363916 255 128 128 255 
0.233143266973658 -0.0183586911322568 -0.749971597181006 255 128 128 255 
0.244265860496065 -0.0715993961094152 -0.69401847466723 255 128 128 255 
0.233476002664366 -0.0772360612775865 -0.71846248155485 255 128 128 255 
0.260684224947163 -0.0400074958698236 -0.665991672181789 255 128 128 255 
0.239024396054102 -0.0415839827775854 -0.727395824748407 255 128 128 255 
0.255240998466621 0.00163956822177934 -0.691949865843178 255 128 128 255 
0.226362036533508 -0.030517865896823 -0.763302754668925 255 128 128 255 
0.254420509950944 -0.0855554170902919 -0.650848299325496 255 128 128 255 
0.233346442499063 0.0489674293119237 -0.738385314638049 255 128 128 255 
0.247225315980792 0.0750734688343937 -0.682604344955167 255 128 128 255 
0.251517779184303 0.0368209553805021 -0.695028156476214 255 128 128 255 
-0.226428093798181 0.0872736077817331 -0.72726121437907 255 128 128 255 
-0.240000234550146 0.0759459766152929 -0.702179984301027 255 128 128 255 
-0.218630430178762 0.0460044812626073 -0.775031882197294 255 128 128 255 
-0.202361925138446 0.134668787289689 -0.726162014405959 255 128 128 255 
0.144392912888464 0.193778791364648 -0.72993398995173 255 128 128 255 
0.159056250893063 0.162375189310209 -0.76595227911467 255 128 128 255 
0.134830439232576 0.186265136427259 -0.759610682014221 255 128 128 255 
0.197807133849549 0.0957236103261371 0.78337376697312 255 128 128 255 
0.214095009127075 0.0549681559320267 0.780470733947182 255 128 128 255 
0.218473158815474 0.073814136880768 0.758002359403051 255 128 128 255 
-0.250323699052057 0.0675245252927588 -0.679873371597671 255 128 128 255 
0.224432460272608 0.114796870707585 -0.701151790491828 255 128 128 255 
0.232110682014194 0.0830594976912965 -0.716802600689724 255 128 128 255 
0.21138523978786 0.0551110762901606 -0.78627752170504 255 128 128 255 
0.220653210850406 0.0254991735631136 -0.778007447941951 255 128 128 255 
0.197151511394545 0.132182309444769 -0.7411292907025 255 128 128 255 
0.218237562825727 0.0919509914222852 -0.74252200809543 255 128 128 255 
0.180316036334629 0.130062706715852 -0.777533574204611 255 128 128 255 
0.214878911438549 0.151440420390365 -0.66868725062027 255 128 128 255 
0.205573680592136 0.14434987952817 -0.703719075768195 255 128 128 255 
0.0946884807682223 -0.0117426371412593 0.962896467958187 255 128 128 255 
0.104830697883831 -0.0291242940129124 0.951471694175889 255 128 128 255 
0.105563159262754 -0.0129034223120991 0.95368724817868 255 128 128 255 
0.114902982513542 -0.0133124847404882 0.944965953606978 255 128 128 255 
0.267249502989088 -0.00533816422522529 -0.654517838250415 255 128 128 255 
-0.0697231732865648 0.202685325206782 -0.795272715546977 255 128 128 255 
-0.115018685484445 0.195883703044867 -0.766291195244681 255 128 128 255 
-0.145048660484754 0.232412986290092 -0.632107989523299 255 128 128 255 
-0.120346541169656 0.223264530266224 -0.696675657473563 255 128 128 255 
-0.158977076106841 0.207715533410178 -0.672788425069933 255 128 128 255 
-0.133053687143651 0.195400401261888 -0.743588017943469 255 128 128 255 
-0.157033304435742 0.193236335858591 -0.709930972324566 255 128 128 255 
-0.0804807976268972 0.241463529361068 -0.694078911888218 255 128 128 255 
-0.0876272570834275 0.229452930611358 -0.71929304502853 255 128 128 255 
0.116623576056466 0.22434678220786 -0.698955923757953 255 128 128 255 
0.151142661860538 0.202258166392159 -0.699985836726117 255 128 128 255 
-0.0452681765753098 0.211942119413539 -0.790095276710543 255 128 128 255 
-0.0139708918993174 0.225453920080015 -0.769287130508267 255 128 128 255 
-0.161766489502862 -0.232273115348108 -0.599204702641633 255 128 128 255 
0.0711936843150225 0.246622079903448 -0.687656832162861 255 128 128 255 
0.0793690136332185 0.232945315739149 -0.71798066667601 255 128 128 255 
0.0879950430567099 0.219210549936459 -0.744062328306609 255 128 128 255 
0.0142956485080408 0.222344137576802 -0.776446863264958 255 128 128 255 
0.117124775264037 0.202808523061053 -0.749135423530319 255 128 128 255 
0.158823176080162 0.210309831687723 -0.666603042612879 255 128 128 255 
-0.0510762565709089 0.233994086590424 -0.735597379068284 255 128 128 255 
-0.0460899831502763 0.258033318186862 -0.671085640551727 255 128 128 255 
-0.00723554561460512 0.251044169442404 -0.703843375256799 255 128 128 255 
0.0298747258214386 0.262364526533911 -0.664965084426096 255 128 128 255 
0.0393420750255124 0.235421271394928 -0.73772066747313 255 128 128 255 
0.0145396770026847 -0.051781852338545 0.988361219075016 255 128 128 255 
0.0254304220829703 -0.0414683563972761 0.990489449972001 255 128 128 255 
0.0123693311813944 -0.0429040294312157 0.99199291881892 255 128 128 255 
0.00957735038465979 -0.0312328076449007 0.995721993191115 255 128 128 255 
0.0224782597540464 -0.0288232868863454 0.99464142656229 255 128 128 255 
0.035495304620101 -0.0261210019184672 0.99220069117561 255 128 128 255 
-0.141772830502169 -0.0404803660457155 0.908897362048536 255 128 128 255 
-0.124310133159002 -0.0388939090843215 0.929663379554612 255 128 128 255 
-0.136638808454252 -0.025970314456397 0.919370993757088 255 128 128 255 
-0.128754968381471 -0.00799819559308794 0.931056095599701 255 128 128 255 
0.0937297436900047 0.253706015559354 -0.644037128077141 255 128 128 255 
-0.1835168516947 -0.0798394477123874 -0.824365052836147 255 128 128 255 
-0.197943781712736 -0.0395538304484336 -0.820993253980169 255 128 128 255 
-0.18216020897856 -0.0570576136887192 -0.841722445889628 255 128 128 255 
-0.130926379514282 -0.254616906775227 -0.586709484119123 255 128 128 255 
-0.227358848172887 -0.163329611744733 -0.610779042573138 255 128 128 255 
-0.0162897628631834 -0.278792623325848 -0.613249034046446 255 128 128 255 
-0.00630429416686258 -0.267718549717805 -0.652913636874403 255 128 128 255 
-0.0391774693625581 -0.286397945187598 -0.575787000949717 255 128 128 255 
-0.0497613360294625 -0.279358958619101 -0.596539208999639 255 128 128 255 
-0.0419290615864369 -0.296299851226651 -0.53252855244803 255 128 128 255 
-0.178368491229527 -0.0375762475089863 -0.856843974934855 255 128 128 255 
-0.27983827395813 -0.0796120486041861 -0.568171795729498 255 128 128 255 
-0.264118756342403 -0.0806939818732764 -0.62437006143192 255 128 128 255 
0.0871763832353627 -0.105040882460215 -0.922460568171493 255 128 128 255 
0.101729020662922 -0.108432733269981 -0.907275252268347 255 128 128 255 
0.027135428740892 -0.283491155996787 -0.592597106109789 255 128 128 255 
-0.198272843081174 -0.0663468048953545 -0.80640426367357 255 128 128 255 
-0.207740065621998 -0.0570749890846797 -0.792901044845836 255 128 128 255 
0.177958061971075 -0.219022794334615 -0.602394579443204 255 128 128 255 
0.134317242242765 -0.252585163402115 -0.587602475274619 255 128 128 255 
0.142939856215624 -0.238385725299059 -0.617999601791934 255 128 128 255 
0.16312582347261 -0.250654553159485 -0.533383095192931 255 128 128 255 
0.14475594290338 -0.227442983002294 -0.646933681953132 255 128 128 255 
-0.241202867329425 -0.161876135108572 -0.570033410479506 255 128 128 255 
0.111205351983759 -0.250329908716196 -0.63225492778656 255 128 128 255 
0.204803071771297 -0.213015567365166 -0.549035761225737 255 128 128 255 
0.213427355922782 -0.194231830496781 -0.577738710370538 255 128 128 255 
0.204736052139329 -0.181989679817429 -0.632220707368632 255 128 128 255 
0.0196773501397598 -0.0160945508730934 0.997411719285143 255 128 128 255 
0.00392744788276497 -0.00564608779665017 0.999810769201875 255 128 128 255 
0.00671907690885606 -0.0184797919715854 0.99845220724086 255 128 128 255 
0.227373104218262 -0.170464627499473 -0.594933775308289 255 128 128 255 
0.250436381004295 -0.141537665444099 -0.581368680508485 255 128 128 255 
-0.243542925457142 -0.0102871473430472 -0.724325952705743 255 128 128 255 
0.205889672946001 -0.0567070101981964 -0.796963012385745 255 128 128 255 
-0.28513804985783 -0.0297310012441396 -0.585233950467675 255 128 128 255 
-0.280649540600246 0.0117249793014341 -0.607278153559908 255 128 128 255 
-0.269970963325827 0.000747304774542956 -0.645694136801107 255 128 128 255 
0.293372063332219 -0.00166062150896185 -0.558068518889707 255 128 128 255 
0.295596158016427 -0.0451367833014064 -0.533558303625176 255 128 128 255 
-0.132839721663331 0.176202603266513 -0.781312952570584 255 128 128 255 
0.270573647143479 -0.0576480737776701 -0.622681896107941 255 128 128 255 
-0.261326675446819 0.076977643000829 -0.63738712905972 255 128 128 255 
-0.274531634801811 0.0501307646827896 -0.613966010507495 255 128 128 255 
0.242161009841872 0.119065163500254 -0.646105323898155 255 128 128 255 
0.149592207426108 0.241287236979473 -0.596004253965129 255 128 128 255 
0.168659415980082 0.246253568925742 -0.536008346494087 255 128 128 255 
0.18098502504195 0.222089125070672 -0.585974970518709 255 128 128 255 
0.268489971910733 0.0346995139098212 -0.643173557895493 255 128 128 255 
0.26128538143117 0.082871659342991 -0.631583549668588 255 128 128 255 
0.283920370374199 0.0253060122627817 -0.591599957131268 255 128 128 255 
0.130089192593451 0.260782015044415 -0.566176886940634 255 128 128 255 
0.0910345461537373 -0.0466211104385695 0.957242632836628 255 128 128 255 
0.0797853358170082 -0.0289337025877266 0.970761101113493 255 128 128 255 
0.0784072505830965 -0.0464801300951938 0.966196254300378 255 128 128 255 
-0.204393442707218 0.190966798239022 -0.611587927464556 255 128 128 255 
-0.191026878075437 0.176139945235448 -0.678135198315557 255 128 128 255 
-0.212911188992938 0.205144987287927 -0.548338123599463 255 128 128 255 
-0.228035197942493 0.178222873513332 -0.574362601722779 255 128 128 255 
0.0653353578916433 -0.0457686239957681 0.974213624867094 255 128 128 255 
-0.238323362784773 0.154693240997636 -0.595126628598545 255 128 128 255 
-0.252333907553105 0.157768493888294 -0.539901236190951 255 128 128 255 
-0.259382979482551 0.127017911886297 -0.576797438137652 255 128 128 255 
-0.176087254349084 0.205710297486607 -0.642971510644269 255 128 128 255 
-0.175845566433176 0.215306095233304 -0.617877775462221 255 128 128 255 
-0.203022011326032 -0.197744970035951 -0.59785587818765 255 128 128 255 
-0.184403462158079 -0.227959080954175 -0.558784439994148 255 128 128 255 
0.116864667149739 -0.2767019998442 -0.527474193179944 255 128 128 255 
0.124204209437186 -0.266013983367619 -0.557206341230971 255 128 128 255 
0.246453096889 0.140757669297977 -0.596309589123378 255 128 128 255 
0.226800026163124 0.154855628135156 -0.629802980962543 255 128 128 255 
0.134243739351884 0.235775454067522 -0.641177309070884 255 128 128 255 
0.163786853522524 0.221030996727698 -0.628134760771418 255 128 128 255 
-0.0973959836076714 -0.0763966643402541 0.936707301549713 255 128 128 255 
-0.111158219327851 -0.0602718770035635 0.933857161881672 255 128 128 255 
-0.111757850516941 -0.0737022812100782 0.92554051734081 255 128 128 255 
-0.109065422361014 -0.0904045693776025 0.916217201476662 255 128 128 255 
0.276490376574392 0.11629258712064 -0.529370021469434 255 128 128 255 
0.27914060608042 0.075716798689217 -0.575134382597618 255 128 128 255 
0.264730039434465 0.12247872122054 -0.565097927944694 255 128 128 255 
-0.00170885651576173 0.0196838215575226 0.998437286613643 255 128 128 255 
0.00741300007541467 0.0344024955572895 0.995033730570207 255 128 128 255 
-0.00416003559069224 0.0309298903161032 0.996096525345927 255 128 128 255 
-0.00587318643832018 0.0394274672306218 0.9936235925448 255 128 128 255 
0.0544960512317993 0.0357187682919353 -0.982870689916507 255 128 128 255 
0.0741878919449781 0.0290682750622941 -0.974273847825824 255 128 128 255 
0.0630017070721655 0.0236774504809664 -0.981713453795111 255 128 128 255 
0.0685072431534594 0.014152563923978 -0.98023043083438 255 128 128 255 
-0.114742194741562 -0.0514146469978466 -0.934626173180709 255 128 128 255 
-0.0971931324106803 -0.0502981049559866 -0.950888404396096 255 128 128 255 
-0.102992882618966 -0.0652337687516035 -0.938667229645551 255 128 128 255 
-0.0599736698781505 0.0201659850569149 0.983855645629782 255 128 128 255 
-0.065979388491381 0.0408102434006375 0.975627976342098 255 128 128 255 
-0.0715660702602019 0.0269958364148927 0.976317662544756 255 128 128 255 
-0.0681070625726025 -0.0506302632455458 -0.970764663239782 255 128 128 255 
-0.0828966373614848 -0.0483781542055024 -0.962445640613163 255 128 128 255 
-0.0780956209787069 -0.0405612119812088 -0.96852821117804 255 128 128 255 
-0.0714996423328425 -0.0306676782660211 -0.975488776589802 255 128 128 255 
0.0577027598851301 -0.203739361564907 -0.800802892486934 255 128 128 255 
0.0654319549404681 -0.211630396138462 -0.779390701997726 255 128 128 255 
0.0670619722715201 -0.220258679806938 -0.758887608128123 255 128 128 255 
-0.0942082584576634 0.253404902725911 -0.644426708419546 255 128 128 255 
0.0136141088907781 0.00960620971503114 0.998888889510748 255 128 128 255 
0.00109507345398288 0.00717697811775235 0.999789144891141 255 128 128 255 
-0.17473707447137 0.227982838952497 -0.583031798015595 255 128 128 255 
-0.15673830191817 0.254130439647652 -0.535543144165639 255 128 128 255 
-0.134759046441792 0.253742479113076 -0.582784620372864 255 128 128 255 
-0.0173773826226363 0.276016604714374 -0.622978860916174 255 128 128 255 
-0.0102032096443579 0.2634069293131 -0.666409344580146 255 128 128 255 
-0.0170980895588237 0.0527927736047843 -0.987605500933528 255 128 128 255 
-0.0294467450572585 0.0389775747605294 -0.99040855269334 255 128 128 255 
-0.0305976949371873 0.0510269531028559 -0.985738428014219 255 128 128 255 
-0.0297165065683274 0.0600851218232178 -0.981862341344419 255 128 128 255 
-0.0387284804633623 0.285268366628886 -0.580496709728846 255 128 128 255 
-0.050559912239399 0.277874409819818 -0.601528084175315 255 128 128 255 
-0.0410831927279562 0.295856428077816 -0.535022412553542 255 128 128 255 
0.00285497371899439 0.292021773488943 -0.563667348160728 255 128 128 255 
-0.0631375765912034 -0.0666057202363453 -0.965721798720695 255 128 128 255 
-0.05700248791731 -0.0596670856729339 -0.972380810852178 255 128 128 255 
0.0419964862782175 0.296132390116002 -0.533230782765589 255 128 128 255 
0.041358724769503 0.287359266730468 -0.570712536866989 255 128 128 255 
0.034290662058867 0.279170687355089 -0.605890111685989 255 128 128 255 
0.0853034779595751 0.275524952104346 -0.578337459266665 255 128 128 255 
0.0618982685355725 0.267319358325265 -0.630612140063253 255 128 128 255 
-0.0172067507645242 -0.134764821745011 -0.923222027865183 255 128 128 255 
0.0145386191024141 -0.13332386612613 -0.925260486207147 255 128 128 255 
0.000267448571827594 -0.144248187867731 -0.912983627091213 255 128 128 255 
0.0147216387450356 -0.149963290963827 -0.904629346285955 255 128 128 255 
-0.0752911604464884 -0.0102383798111886 -0.976632648595139 255 128 128 255 
-0.08162086373522 -0.0219082556028083 -0.971012102251636 255 128 128 255 
-0.0895859069500637 -0.0139839432747852 -0.966556006723382 255 128 128 255 
-0.0306916787605862 -0.0259735700979124 -0.99351253379474 255 128 128 255 
-0.0149901810994524 -0.0362141987261336 -0.993836308962199 255 128 128 255 
-0.0272463554549141 -0.0386775870320814 -0.99100627781104 255 128 128 255 
-0.0370279268419055 -0.0395619928524539 -0.988185331442942 255 128 128 255 
0.209421569425865 0.204453410596782 -0.561008849131107 255 128 128 255 
0.0105003844066567 0.0221972890604737 0.997585173353068 255 128 128 255 
0.0228757971352721 0.0248799043206463 0.995420265640141 255 128 128 255 
0.0284807110964571 0.0957351277080375 -0.959264857421697 255 128 128 255 
0.0445156205360996 0.0995491324012519 -0.951244782260512 255 128 128 255 
0.0433504454628534 0.0913778963023449 -0.958210076474255 255 128 128 255 
0.0416185789539866 0.0809981850555594 -0.966259538785009 255 128 128 255 
0.0689389074059843 -0.0891565639552716 0.947833448117257 255 128 128 255 
0.0482837446788011 -0.0821689357899357 0.962982637659699 255 128 128 255 
0.051115642782022 -0.0937063179540313 0.953336527215343 255 128 128 255 
0.0518047161462694 -0.103028447185088 0.945310149004246 255 128 128 255 
-0.0441076700613288 -0.312040595522962 -0.453300487302856 255 128 128 255 
-0.0790790901283658 -0.296332095419759 -0.497463631170027 255 128 128 255 
-0.0420888153064795 -0.304535373856428 -0.493856120664311 255 128 128 255 
0.000397480156056397 -0.293377370692812 -0.558064837859393 255 128 128 255 
-0.00248195071019295 -0.307988111409596 -0.491016405314835 255 128 128 255 
0.0771165052595103 -0.297305341988308 -0.495277969179177 255 128 128 255 
0.0382099772017235 -0.313393435645098 -0.450106909181223 255 128 128 255 
0.0379748686620398 -0.305451704713185 -0.491993173470792 255 128 128 255 
0.0383271673671618 -0.297266051978882 -0.530387838163071 255 128 128 255 
-0.112582309235291 -0.279120299021976 -0.524725222865654 255 128 128 255 
-0.133066720908752 -0.280367263302268 -0.479060661385207 255 128 128 255 
-0.2192365735082 -0.208319929664714 -0.517981189404445 255 128 128 255 
-0.183628076962665 -0.236779263455673 -0.530782831662086 255 128 128 255 
-0.178515953998849 -0.262180129715395 -0.441756431808142 255 128 128 255 
-0.17884905107059 -0.248799870318302 -0.498891714564325 255 128 128 255 
0.135992192962634 -0.280762212458339 -0.470562521136116 255 128 128 255 
-0.247549529993118 -0.16914468496707 -0.529975822476392 255 128 128 255 
-0.298623386073142 -0.0735561009050604 -0.493263053403843 255 128 128 255 
-0.284157079012762 -0.103640540182759 -0.517790585334494 255 128 128 255 
-0.285085686263609 -0.124864306894628 -0.474426126070943 255 128 128 255 
-0.267200536802568 -0.171471937785554 -0.4400110268749 255 128 128 255 
-0.256971431492484 -0.168173985719112 -0.495444643328223 255 128 128 255 
0.0766910454315651 -0.297311031751925 0.495778904460861 255 128 128 255 
0.0379540610520131 -0.297321164222329 0.530355349049418 255 128 128 255 
0.0376423175081251 -0.305432664974035 0.492292092783031 255 128 128 255 
0.0205541390859229 -0.0155936313552255 -0.997333909691899 255 128 128 255 
0.00498595226752444 -0.00621664378344995 -0.999745941962781 255 128 128 255 
0.017416406909174 -0.00376802483621747 -0.998729075349232 255 128 128 255 
0.0282110625692835 -0.00168279662395033 -0.996800096637489 255 128 128 255 
0.273273497847779 -0.0913251028177402 -0.579525687672681 255 128 128 255 
0.2616112091712 -0.132959367973639 -0.55771945064897 255 128 128 255 
0.294773249458845 -0.0845086681876918 -0.497730621314032 255 128 128 255 
0.272464688514107 -0.125270102763883 -0.529681954677197 255 128 128 255 
0.277579084151203 -0.141326135675943 -0.473089469849335 255 128 128 255 
0.262599903945685 -0.181286801715989 -0.430593633726301 255 128 128 255 
0.249469146320579 -0.184958058218341 -0.477959386222031 255 128 128 255 
-0.0463926578378208 0.128872487775996 -0.921909328390443 255 128 128 255 
-0.0466113979938845 0.11678684152066 -0.93461525694214 255 128 128 255 
-0.0454435433842107 0.103584694078422 -0.947439047367442 255 128 128 255 
-0.312541582804642 -0.0408435738010985 -0.452986102850853 255 128 128 255 
-0.305472273663395 -0.0391631628361376 -0.491145061980153 255 128 128 255 
-0.297951401995602 -0.0396071284431882 -0.526545174131903 255 128 128 255 
-0.30802867631423 -0.00203763626095654 -0.490829219376504 255 128 128 255 
-0.29435454419149 -0.00368232207562627 -0.553836304741912 255 128 128 255 
-0.307204477504982 -0.00646739976336918 0.494639769367774 255 128 128 255 
-0.309343907794933 -0.0484661887311765 0.464390927535229 255 128 128 255 
-0.303167464617158 -0.0441096371711241 0.499149880542575 255 128 128 255 
0.30801998347619 -0.00414536814227115 -0.490766563718337 255 128 128 255 
0.311743185386001 -0.0468067339195986 -0.452771899864073 255 128 128 255 
0.304031637966214 -0.0453730203235413 -0.494012523005292 255 128 128 255 
0.310962066143692 -0.0403348876365741 0.461958166454836 255 128 128 255 
0.305851739251921 -7.45742165567548E-05 0.501634822005612 255 128 128 255 
0.302905128703873 -0.0409701508264771 0.502552875076143 255 128 128 255 
-0.281499930520277 0.133196674277506 -0.473424520186854 255 128 128 255 
-0.250395274978926 0.181315054330087 -0.48519721651396 255 128 128 255 
-0.277601652228805 0.11436755292051 -0.52807096116088 255 128 128 255 
-0.26815271382918 0.120745940914208 -0.555082220009238 255 128 128 255 
-0.312769342855526 0.0365790678768243 -0.454640926192899 255 128 128 255 
-0.305315032095982 0.0368590702149201 -0.493348850687841 255 128 128 255 
0.297335330399246 0.0773077831692115 -0.494895219097754 255 128 128 255 
0.313410643311424 0.0388662311577161 -0.449561167690279 255 128 128 255 
0.305614410319018 0.0374141711462862 -0.491528280315568 255 128 128 255 
0.297610205994349 0.0368835267464947 -0.529662198892647 255 128 128 255 
0.279560283700465 0.137463258782801 -0.472862240014621 255 128 128 255 
-0.011473143503259 0.00499906820911198 0.999373308539289 255 128 128 255 
-0.0262237589986922 0.0156922403076015 0.996257267828898 255 128 128 255 
-0.023901639196109 0.00290186377743685 0.997678468468815 255 128 128 255 
-0.021465196452506 -0.00984203832761738 0.997767025066758 255 128 128 255 
-0.0126514920704584 0.0833748677500868 0.971137769388269 255 128 128 255 
-0.0173320409507979 0.0690191493378682 0.979534406968713 255 128 128 255 
-0.00553892738484743 0.0772217309839955 0.975729980879778 255 128 128 255 
0.00265322511525894 0.0679858083422215 0.98130888066777 255 128 128 255 
-0.181918982019169 0.249851200865839 -0.485632342688949 255 128 128 255 
-0.191817282383311 0.232808461179196 -0.521584853874576 255 128 128 255 
-0.124323375526753 0.266186082898539 -0.556335605368528 255 128 128 255 
0.249736258632494 0.163470439131762 -0.535978753824723 255 128 128 255 
0.227200546131504 0.174447224704999 -0.586160859386684 255 128 128 255 
0.21915863061602 0.216084938225097 -0.492152391738143 255 128 128 255 
-0.234614203710353 0.191517590462319 -0.515962654054377 255 128 128 255 
-0.117300360392326 0.276238524419081 -0.528642721419169 255 128 128 255 
-0.135792457383573 0.280109419311142 -0.474122871094414 255 128 128 255 
-0.0438703407591613 0.312022213719083 -0.453585852908877 255 128 128 255 
-0.000899850361646172 0.307625297496304 -0.492875949253021 255 128 128 255 
-0.0416377069278456 0.304343601317919 -0.495106200006245 255 128 128 255 
-0.0863109048099429 0.275596939937268 -0.576865458641837 255 128 128 255 
-0.0799012516965844 0.296050836561974 -0.497752192675329 255 128 128 255 
0.215452749553959 -0.220399603195151 -0.489931304444495 255 128 128 255 
0.22498649628883 -0.22730409779022 -0.426275940853999 255 128 128 255 
0.200610776534578 -0.242479034937724 -0.455712455926734 255 128 128 255 
0.121862087194436 0.273816257266906 -0.53046591959688 255 128 128 255 
-0.291852392118472 0.135087620903439 -0.415437051710883 255 128 128 255 
-0.312252312359794 0.0791079640823688 -0.412216887535786 255 128 128 255 
-0.30296071008739 0.11978609586562 -0.388495468504645 255 128 128 255 
0.0400783438863484 0.312959530186194 -0.451220857825397 255 128 128 255 
0.0806422984685534 0.296049690870145 -0.49680056547331 255 128 128 255 
0.0406597867489902 0.304731635474581 -0.493845369469382 255 128 128 255 
0.139452429265324 0.278715002305596 -0.472193964017371 255 128 128 255 
0.183583734667285 0.250474578510209 -0.477991483900618 255 128 128 255 
-0.0758023728730473 -0.00474194979966955 0.976653524918034 255 128 128 255 
-0.090015219896376 -0.00951397350313228 0.966671584902213 255 128 128 255 
-0.0827849293853044 -0.0166828535108833 0.971054428012132 255 128 128 255 
-0.0732317869774851 -0.0260013918886433 0.975545108900851 255 128 128 255 
-0.331616076653025 -0.0358418634950587 0.331616076652865 255 128 128 255 
-0.314898785600812 -0.0932060776127662 0.370419771733367 255 128 128 255 
-0.31908085365257 -0.0580914673035544 0.398123413276878 255 128 128 255 
-0.0879776036636499 -0.308856761482033 -0.418257234804398 255 128 128 255 
-0.00699882088169365 -0.321996144661689 -0.412499513343611 255 128 128 255 
-0.0374064764972053 -0.331462444092889 -0.331462444092889 255 128 128 255 
0.00721023128716859 -0.32968990539263 -0.360583676521775 255 128 128 255 
-0.202201699386514 -0.236450097532465 -0.475022659687801 255 128 128 255 
-0.100499067881848 -0.314159319797917 -0.360042521492609 255 128 128 255 
-0.121518698187402 -0.301423785531956 -0.3937197173618 255 128 128 255 
-0.1368218080736 -0.28991269714947 -0.421714649825607 255 128 128 255 
-0.0443643421730694 -0.320334184999564 -0.404156471608591 255 128 128 255 
0.0876261733608761 -0.309815258876559 -0.413144924862824 255 128 128 255 
0.178570099278661 -0.2647131723304 -0.429321606435058 255 128 128 255 
0.159751709632381 -0.287322265030377 -0.367970216622718 255 128 128 255 
0.137927810560841 -0.290720046465779 -0.414321220712381 255 128 128 255 
0.0432519047272091 -0.330829646656049 -0.330829646656144 255 128 128 255 
0.0340806067955762 -0.323199612965571 -0.393756360485295 255 128 128 255 
0.180051251115933 -0.253410813584166 -0.476356942061361 255 128 128 255 
0.232764104283381 -0.233231291596077 -0.362480468078143 255 128 128 255 
0.255611103487639 -0.201396859389213 -0.390919476854506 255 128 128 255 
0.287138833993673 -0.159709252167826 -0.369260915549208 255 128 128 255 
-0.310323960802385 -0.0835695486180102 -0.416798546550282 255 128 128 255 
-0.227694523411 -0.221225754963907 -0.440130212599032 255 128 128 255 
-0.244040544839929 -0.193329127293248 -0.473861193274363 255 128 128 255 
-0.292839764238498 -0.131223087888942 -0.419765279577314 255 128 128 255 
0.239169372591388 -0.204327786084937 -0.456492393712941 255 128 128 255 
0.308290847784748 -0.0912245343771625 -0.416026684231808 255 128 128 255 
0.314006189029334 -0.10175253505681 -0.358290413612219 255 128 128 255 
0.301056618303947 -0.123838435071337 -0.390168674900479 255 128 128 255 
0.289212317537374 -0.140372813655696 -0.416189327990976 255 128 128 255 
-0.0167712310503316 -0.0358686814230283 0.99370886408809 255 128 128 255 
-0.000274622312350507 -0.0464237852995344 0.991341541563551 255 128 128 255 
-0.0034700343805404 -0.0335753011608783 0.995432199490564 255 128 128 255 
-0.0319742416877686 -0.0242336379324883 0.993540652376347 255 128 128 255 
-0.0330441067542753 -0.011440367956571 0.995096799186973 255 128 128 255 
-0.0422589047962963 -0.012547518969796 0.992196531384941 255 128 128 255 
-0.0280643716878003 -0.107967490010782 0.948916898221864 255 128 128 255 
-0.0467050685082018 -0.0960125847235111 0.953310941803897 255 128 128 255 
-0.0450376159087741 -0.107087780187897 0.944473695905708 255 128 128 255 
-0.043244203425341 -0.116116164297044 0.936576637245293 255 128 128 255 
-0.0617034789544235 -0.107069305151173 0.936926213872006 255 128 128 255 
-0.051062277854187 -0.130247601921668 0.918382059491636 255 128 128 255 
-0.0293010771817753 -0.125383365719272 0.931323600317447 255 128 128 255 
-0.321123947198571 -0.0041075586746929 -0.418210688131913 255 128 128 255 
-0.319942861408609 0.0333124485458883 -0.414987612991868 255 128 128 255 
0.262269340851815 -0.199082495519541 -0.364208134990095 255 128 128 255 
-0.331637775652287 -0.0356153074891564 -0.33163777565219 255 128 128 255 
-0.320589318635674 -0.0412504860143123 -0.405175307317169 255 128 128 255 
0.331423666336667 -0.0377910381995798 -0.331423666336823 255 128 128 255 
0.320208075106129 -0.0461412304840036 -0.40336351632653 255 128 128 255 
-0.297768868027847 0.0748320763858207 -0.495853378240884 255 128 128 255 
-0.31397670135808 0.102664368032163 -0.356411392801786 255 128 128 255 
-0.32724444482122 0.0210058896098776 -0.37384277776073 255 128 128 255 
0.322048790326282 -0.00768698350021974 -0.412072479835138 255 128 128 255 
0.323171299018605 0.0351043875797585 -0.393222337830483 255 128 128 255 
0.329715707852041 0.00720190452090474 -0.360396213414839 255 128 128 255 
0.308636984365349 0.0925850152464586 -0.411544381110646 255 128 128 255 
0.263932168474734 0.178793689728138 -0.432412803838119 255 128 128 255 
0.288618250934928 0.156222826519221 -0.37195558344399 255 128 128 255 
0.287141476546697 0.142234378406718 -0.422555445032309 255 128 128 255 
-0.264186529049624 0.178490556713059 -0.43217186199775 255 128 128 255 
-0.225908074336731 0.226036244974249 -0.427767500077051 255 128 128 255 
-0.240819120601272 0.20176467312838 -0.458669064753701 255 128 128 255 
-0.178757508401124 0.263875509960786 -0.43280885462295 255 128 128 255 
-0.202186502990199 0.240404075188481 -0.458924782936154 255 128 128 255 
0.252447188884899 0.180638256291681 -0.478666673811733 255 128 128 255 
0.241662300902471 0.200963682692179 -0.457933854970318 255 128 128 255 
0.227041109466725 0.224953191477046 -0.427535913262073 255 128 128 255 
0.203553833678541 0.239646016915141 -0.457258083902214 255 128 128 255 
-0.327427232581019 0.0163669779927084 0.374416952982351 255 128 128 255 
-0.320261601460464 -0.0162538988510331 0.421125120505441 255 128 128 255 
-0.32044585800385 0.0262916433363376 0.415915303357847 255 128 128 255 
-0.232292519160387 0.233541344184458 -0.363302624803034 255 128 128 255 
-0.19989563169182 0.256558751724284 -0.392115581259819 255 128 128 255 
-0.158155876256363 0.287869803221625 -0.370055715359245 255 128 128 255 
-0.0884938986020989 0.309005049133379 -0.416505980364506 255 128 128 255 
-0.137467571095172 0.29042096003432 -0.417212836883534 255 128 128 255 
-0.197824344780417 0.263077215602717 -0.365030408613832 255 128 128 255 
-0.00629479325697417 0.321935634101853 -0.412967826482592 255 128 128 255 
-0.0374064670672976 0.331462445038794 -0.331462445038898 255 128 128 255 
-0.0442623454972222 0.320386759135514 -0.403912470259871 255 128 128 255 
0.0893379563501193 0.309208857709555 -0.413845748409479 255 128 128 255 
0.104207882333619 0.313392484444711 -0.356940788081972 255 128 128 255 
0.124168088220659 0.301142095729956 -0.388800395763375 255 128 128 255 
0.043251897221009 0.330829647528399 -0.330829647528205 255 128 128 255 
0.0350110370160801 0.323024652642926 -0.394251559668694 255 128 128 255 
0.139881151016878 0.289651372505563 -0.415069447658809 255 128 128 255 
-0.145603909435241 -0.0646687134717564 -0.892714761487901 255 128 128 255 
-0.159357065182135 -0.0355675744146863 -0.886973567173778 255 128 128 255 
-0.00952361998448684 -0.0766681511020227 -0.975833161050998 255 128 128 255 
-0.0288261959725724 -0.0708143032419005 -0.976337582888752 255 128 128 255 
-0.045601676572138 0.0513722075156962 -0.980943963189513 255 128 128 255 
-0.0103647103850613 0.00358046983107518 -0.999518896062237 255 128 128 255 
-0.0206077282561174 -0.0113359998790432 -0.9977848127244 255 128 128 255 
-0.115373018130672 -0.315085992961219 -0.315085992961219 255 128 128 255 
-0.077233510576546 -0.325282762328631 -0.325282762328636 255 128 128 255 
0.120106409480874 -0.313509825172462 -0.313509825172228 255 128 128 255 
0.103489187368779 -0.313670419699381 -0.356660401419918 255 128 128 255 
0.164828455581294 -0.291672940845147 -0.319480447782805 255 128 128 255 
0.186979763737553 -0.282903321943992 -0.282903321944117 255 128 128 255 
0.154867351726271 -0.299653286176829 -0.299653286176833 255 128 128 255 
-0.239057648635893 -0.238202327390902 -0.298141231187715 255 128 128 255 
-0.233971319613146 -0.230708574039981 -0.369117248575389 255 128 128 255 
-0.197803156229768 -0.267782491958043 -0.336647260109972 255 128 128 255 
-0.158478091266022 -0.287065687489438 -0.373929818762921 255 128 128 255 
-0.198872900886204 -0.261402458349245 -0.370062862997886 255 128 128 255 
-0.289200637282765 -0.154754596761467 -0.373244847658043 255 128 128 255 
-0.264093002320798 -0.195361555497725 -0.369743049886506 255 128 128 255 
-0.25818828270116 -0.196078410726512 -0.398919040485009 255 128 128 255 
0.0920156092834546 -0.126593259178403 -0.896692876905172 255 128 128 255 
0.0623599991780569 -0.122205374525017 -0.921637982465337 255 128 128 255 
-0.31576400980416 -0.113268643853622 0.315764009803823 255 128 128 255 
-0.287993287737973 -0.1553879353085 0.378570002795329 255 128 128 255 
-0.162431166283102 -0.29260968521326 -0.322436724016251 255 128 128 255 
-0.151461299264612 -0.301196834677865 -0.301196834677856 255 128 128 255 
0.122809106352562 -0.301780456976986 -0.388293432373724 255 128 128 255 
0.238945511057416 -0.238656315642323 -0.295947965631169 255 128 128 255 
0.198468471018765 -0.267953401085718 -0.332400004823685 255 128 128 255 
0.198858151234067 -0.262545624633263 -0.363595642578446 255 128 128 255 
0.268143779456022 -0.198085455043504 -0.332999028751275 255 128 128 255 
-0.315114649565333 -0.0976648638448516 -0.359603154178076 255 128 128 255 
-0.303259580309694 -0.117340792737988 -0.392578759203524 255 128 128 255 
0.292448631450168 -0.163189818349547 -0.320535465471376 255 128 128 255 
0.0433424715391519 -0.144758856020428 -0.90406324740823 255 128 128 255 
0.0680585863974309 -0.137497765000061 -0.900943463681676 255 128 128 255 
0.315031388787298 -0.115540646113251 -0.315031388787419 255 128 128 255 
0.300832303607805 -0.152274146850562 -0.300832303607811 255 128 128 255 
-0.330413078964947 0.0466976329525993 -0.330413078964947 255 128 128 255 
-0.323586651596732 0.084871307371219 -0.323586651596727 255 128 128 255 
0.315703463455329 0.0997632742474624 -0.350754421279347 255 128 128 255 
0.313538045906703 0.120023506035583 -0.313538045906725 255 128 128 255 
0.324119001104001 0.082554420330914 -0.324119001104003 255 128 128 255 
0.257024011499139 0.199209781043666 -0.392470183370155 255 128 128 255 
0.233822506330619 0.232019746373036 -0.363250291789554 255 128 128 255 
0.263407164535114 0.197255900543022 -0.365587387962286 255 128 128 255 
0.0608598238557027 -0.0196263879456515 0.983507544995826 255 128 128 255 
0.0645768611210766 -0.0326082045937544 0.978842311487281 255 128 128 255 
-0.0410841713651531 0.0267715880895039 0.990334782295296 255 128 128 255 
-0.0464403416696104 0.0119348796648231 0.990760730699588 255 128 128 255 
-0.0375301145489079 0.0137776196265778 0.993586101650967 255 128 128 255 
0.0284171027242395 -0.0802248659526999 0.970593379713066 255 128 128 255 
0.0285438634072254 -0.062194282860533 0.981089672612319 255 128 128 255 
0.018960977670404 -0.0720287891086008 0.977557506351601 255 128 128 255 
0.0115458218939468 -0.0797007588807448 0.97371241264474 255 128 128 255 
-0.0162083752310475 0.0408021887922929 -0.99225992528828 255 128 128 255 
-0.00327414414257932 0.0423908653317847 -0.992742844449293 255 128 128 255 
0.0454775813358952 0.031450894742505 0.98769481385715 255 128 128 255 
0.0542091680846 0.0436953568517646 0.980416571324389 255 128 128 255 
0.0425905514658248 0.042500895268139 0.985412477219745 255 128 128 255 
0.0392954015147357 0.0545673939192709 0.981746487227924 255 128 128 255 
-0.23790937785061 0.239659549722348 -0.296140125364085 255 128 128 255 
-0.26741188476449 0.199156987462871 -0.332594130098674 255 128 128 255 
-0.262061599508935 0.199324333782254 -0.364346215488022 255 128 128 255 
0.310979795366874 0.0801984275035971 0.418183804547848 255 128 128 255 
0.330849631147002 0.0430795811905126 0.330849631147002 255 128 128 255 
0.314163299274362 0.101270600114389 0.358281015235878 255 128 128 255 
0.239091978563981 0.238493528914103 -0.296051448739641 255 128 128 255 
0.268640258236662 0.197264222409775 -0.333697056494673 255 128 128 255 
-0.014708102523982 0.0282761749912783 -0.995928228494323 255 128 128 255 
-0.027666309364418 0.0261864764065936 -0.994178429605394 255 128 128 255 
0.000265007448074599 0.0183103554501724 -0.998657741488398 255 128 128 255 
-0.0126815501538075 0.0159705221621846 -0.998335096782922 255 128 128 255 
-0.0669500197274688 -0.0630887993428917 0.965556825033507 255 128 128 255 
-0.0509387091568688 -0.0672207179091744 0.971129744134948 255 128 128 255 
-0.0602036852044893 -0.0563618511099945 0.972414964603168 255 128 128 255 
-0.0512390549620517 -0.0479011690759823 0.980122590400558 255 128 128 255 
0.0816170536354984 -0.128329411414755 0.902752305825243 255 128 128 255 
0.0622799009786953 -0.149345118544305 0.889122009553783 255 128 128 255 
0.0842322818222207 -0.141177090427727 0.885320058243106 255 128 128 255 
0.0859567142317463 -0.153069193953557 0.868015032227374 255 128 128 255 
-0.0112482550475512 -0.0605034869681096 0.984734703709105 255 128 128 255 
-0.0287428962722855 -0.0513034642132947 0.986070180225633 255 128 128 255 
-0.0219495492347415 -0.064123299836547 0.981453695787559 255 128 128 255 
-0.0328855864461743 -0.0690898544748897 0.976299666586461 255 128 128 255 
-0.0837528299738839 0.0315974008241316 0.967417456690967 255 128 128 255 
-0.100268185831288 0.040191368440117 0.952180418341779 255 128 128 255 
-0.0965505615063245 0.0255080182905364 0.959280271110771 255 128 128 255 
-0.0933356010562601 0.00952989454111598 0.96414789423376 255 128 128 255 
0.114917264957339 0.0614418723187785 0.929597402917856 255 128 128 255 
0.131179002052768 0.0440474632075048 0.92022557536359 255 128 128 255 
0.129523978917151 0.0616908519670246 0.91397057705169 255 128 128 255 
0.1260449947149 0.0814240491231763 0.905462443761696 255 128 128 255 
-0.00522531263891379 -0.0210069610277887 -0.998123854505658 255 128 128 255 
-0.0180155142674364 -0.0236815188254393 -0.996452214132074 255 128 128 255 
-0.196963703584308 0.268873223610007 -0.333616147371534 255 128 128 255 
0.0293670916901741 -0.000707812103310553 0.996542313473121 255 128 128 255 
0.032320597744523 -0.0135198365408365 0.995078260012602 255 128 128 255 
0.0445274836353062 -0.0109392145507234 0.991554886622228 255 128 128 255 
0.0413260340481008 0.00143949563410474 0.993136795123166 255 128 128 255 
-0.287337092323129 0.159532653065112 -0.368637350715649 255 128 128 255 
-0.291176525578794 0.16575241350579 -0.319278712980579 255 128 128 255 
-0.256034782412746 0.20070007593515 -0.391567669082969 255 128 128 255 
0.0516714851775455 0.00251208350438029 0.989237067244225 255 128 128 255 
-0.100545229203607 0.314352001650642 -0.358591080552488 255 128 128 255 
-0.121729657006699 0.301810339362426 -0.390818673489666 255 128 128 255 
-0.162176088918013 0.292943599644018 -0.321035276559664 255 128 128 255 
-0.184772930477596 0.284189255703191 -0.284189255703046 255 128 128 255 
-0.151461280564661 0.301196843036566 -0.301196843036573 255 128 128 255 
0.199078554485658 0.267455333502117 -0.332690281221788 255 128 128 255 
0.0825574104835676 0.324118324110992 -0.324118324110989 255 128 128 255 
-0.268467712048932 0.1977017728002 0.332735031198776 255 128 128 255 
-0.288915105392289 0.156721042802453 0.368418646323143 255 128 128 255 
-0.263874999491064 0.196888435865847 0.364471352857782 255 128 128 255 
0.199886354664605 0.261680244321945 -0.364075684507322 255 128 128 255 
0.151944999690083 -0.0341625877695565 0.89775555109842 255 128 128 255 
0.16937373669659 -0.0498416833433498 0.866387124900256 255 128 128 255 
0.165361167688109 -0.0274108667741179 0.880474087927362 255 128 128 255 
0.17545205701936 -0.020040949196256 0.866325256458139 255 128 128 255 
0.154867334990952 0.299653293864997 -0.299653293864983 255 128 128 255 
0.0262048961778385 0.0122282001922921 0.996649485039467 255 128 128 255 
0.16529917186336 0.0553857797844128 0.869982043300261 255 128 128 255 
0.164475483265646 0.0266772036587851 0.881980221587237 255 128 128 255 
0.174876145898984 0.0346027867013195 0.863578506682161 255 128 128 255 
0.182177245056878 0.0438494421109424 0.848003175607407 255 128 128 255 
0.201771590524001 0.255293764962399 -0.391032531418238 255 128 128 255 
0.0114511710253859 0.0328551237301375 -0.995145864262565 255 128 128 255 
-0.00166171500561202 0.0304258510063784 -0.99627910251891 255 128 128 255 
0.0106032112008863 -0.0300751163810301 -0.995923929614836 255 128 128 255 
0.00138910872155045 -0.0444561039558224 -0.992055341545786 255 128 128 255 
-0.00214310608126592 -0.0329560397575436 -0.995627667389374 255 128 128 255 
-0.0322899365296542 -0.013539196406806 -0.995084117607828 255 128 128 255 
0.0992886293071492 -0.0495264518602792 -0.949479423506877 255 128 128 255 
0.0862973554138213 -0.0654769691884312 -0.951905591159248 255 128 128 255 
0.0847205914590554 -0.0542104744531495 -0.958680950371144 255 128 128 255 
0.0194790872458816 0.0368371881625741 0.993030056736062 255 128 128 255 
0.0168941428224352 0.0480351254589347 0.98957451279053 255 128 128 255 
-0.0113099379152128 -0.0484476465054158 -0.990050143296159 255 128 128 255 
-0.0291088906708129 -0.0371489116791727 0.991050476222485 255 128 128 255 
-0.0390158702424636 -0.0374035045405823 0.988245878394332 255 128 128 255 
-0.00622355795644652 -0.0207371231632309 0.998123194628129 255 128 128 255 
-0.019144508391257 -0.0227112263521159 0.99646450197578 255 128 128 255 
-0.00884777030956291 -0.00787326185052447 0.999438757252317 255 128 128 255 
0.0167363955328663 -0.00322789817716689 0.998837218822542 255 128 128 255 
-0.080740876449534 0.00991887542891946 -0.973170185223871 255 128 128 255 
-0.0860585427931974 -0.00295349023611213 -0.969887432649948 255 128 128 255 
-0.0142901553235409 -0.0486379180343222 0.989667193807094 255 128 128 255 
-0.125345008974431 0.0221050355517792 -0.932952284147827 255 128 128 255 
-0.123203319025492 0.0413055475004226 -0.930009860243065 255 128 128 255 
-0.117169279116597 0.0284055947895265 -0.940061623561024 255 128 128 255 
-0.105347961206784 0.0366461083634181 -0.948931475130865 255 128 128 255 
-0.113130034711793 0.0131654825373109 -0.946692195919732 255 128 128 255 
-0.12932926788904 0.0031981292858925 -0.9306501356538 255 128 128 255 
-0.0160501153962574 0.0300351261396591 0.995350329825333 255 128 128 255 
-0.0139466535295101 0.0175880155433406 0.99798257516804 255 128 128 255 
0.0725903070983682 -0.0151085743765078 0.977762254076666 255 128 128 255 
0.0805334918972699 -0.0101395378388688 0.973289457927374 255 128 128 255 
-0.0297321389224548 0.0390080062736297 0.990330753701362 255 128 128 255 
-0.028348096831076 0.02785368817038 0.99366214552385 255 128 128 255 
0.0358448995201415 0.109601990371631 -0.945314957534762 255 128 128 255 
-0.0371766565091089 0.0111396709400733 -0.993956956482692 255 128 128 255 
-0.102354668120393 -0.121673216406168 -0.8931702914533 255 128 128 255 
-0.0854214456844783 -0.13633216724554 -0.890468263220593 255 128 128 255 
0.0511989939837789 -0.0646849160212922 -0.972397138832114 255 128 128 255 
0.0378513017997508 -0.0715039983928926 -0.973465795107685 255 128 128 255 
0.0428982195728257 -0.0610067199385299 -0.977498533315665 255 128 128 255 
0.0315043552700922 -0.0565903967510461 -0.98307681166987 255 128 128 255 
-0.116853750613147 -0.106002588928521 -0.894912963831769 255 128 128 255 
-0.109334747057207 -0.0990817789569956 -0.908751724926265 255 128 128 255 
-0.00181760374276099 -0.12235932063879 -0.938189285059247 255 128 128 255 
0.0113578785294593 -0.120408420801376 -0.939671476741495 255 128 128 255 
0.0279265533239912 -0.115197426370803 -0.942123809023313 255 128 128 255 
0.0258240693684384 -0.0682641123548995 -0.97846053907971 255 128 128 255 
0.021026209365002 -0.0792584819763709 -0.972732197942515 255 128 128 255 
-0.160891226140993 0.0304916612866077 -0.886269786574456 255 128 128 255 
-0.166730399395595 0.0482118142318809 -0.871213378513611 255 128 128 255 
0.0310411187456723 0.0397876673856984 0.989761144317063 255 128 128 255 
0.0346311003766939 0.0278175785367863 0.992076082452953 255 128 128 255 
-0.11058610473346 0.0501805902913721 -0.939159715874968 255 128 128 255 
-0.114791083552909 0.0599095459123 -0.930521799924837 255 128 128 255 
-0.0973717324041851 0.00256685263418379 -0.961299771414181 255 128 128 255 
-0.0912864615751651 0.0154887684043348 -0.96509846079161 255 128 128 255 
-0.0991955620603963 0.0196373981699822 -0.958225913605215 255 128 128 255 
0.023627329699274 0.0225336607720612 -0.995726803304929 255 128 128 255 
0.0155951262970764 0.00849006285798155 -0.998738046857085 255 128 128 255 
0.0127656536307895 0.0205784147845977 -0.997651509952767 255 128 128 255 
-0.0375334969328666 0.0713600470966557 -0.973648723288823 255 128 128 255 
-0.0566894899326707 0.0713411450715239 -0.966216297141495 255 128 128 255 
-0.0435607085979805 0.0800565504351879 -0.966202518195909 255 128 128 255 
-0.0488461284150381 0.0870489969531953 -0.959318622186198 255 128 128 255 
0.00245345694919853 0.00600666039711159 -0.999831588063837 255 128 128 255 
0.00772046624121439 -0.0182567068410728 -0.998427111148818 255 128 128 255 
-0.00797810908627471 -0.00880667858973987 -0.999435009066706 255 128 128 255 
0.11438666530611 -0.109465802677032 -0.894127172433461 255 128 128 255 
-0.030788521729975 0.0895348055073816 -0.96347530987199 255 128 128 255 
0.0570280336059737 0.0613609781612915 -0.971525108426759 255 128 128 255 
0.0437937510905502 0.0482699715650539 -0.982861604748292 255 128 128 255 
0.0299111217924835 0.0580776974515178 -0.982780971692147 255 128 128 255 
0.0654968611569542 0.0434238207689976 -0.974985262143051 255 128 128 255 
0.0747979364886817 0.0467518502408906 -0.968378159472872 255 128 128 255 
-0.0614286335646853 0.0172548256301039 -0.983580369653852 255 128 128 255 
-0.0687930225319622 0.00280762276784498 -0.980855288380384 255 128 128 255 
-0.117170640072818 -0.00603919248680739 -0.943332681623095 255 128 128 255 
-0.1087082339843 -0.00225038783141827 -0.951535413603001 255 128 128 255 
0.0414030225359069 -0.0118707661917569 -0.992551759047304 255 128 128 255 
0.046279948724984 -0.0322287289335597 -0.987195927515892 255 128 128 255 
0.0315339716997576 -0.0252181721844772 -0.993457205253454 255 128 128 255 
0.0505874399002919 -0.0505416338752448 -0.979332236757591 255 128 128 255 
0.0388244542795428 -0.0446267045526054 -0.985905143016234 255 128 128 255 
-0.0171180957166856 0.0724889509843621 -0.977557454035595 255 128 128 255 
0.085309246723809 0.0612623747210431 -0.954858108755149 255 128 128 255 
0.107747381107462 0.0607487940242518 -0.93680343317254 255 128 128 255 
0.100101506459675 0.0479000264818766 -0.949464166779362 255 128 128 255 
-0.0974481420231771 0.0620720339998658 -0.945096478906495 255 128 128 255 
0.0354575877157871 0.0121533346823066 -0.994364342885829 255 128 128 255 
0.0465512824597965 0.00240658813407608 -0.991270644486346 255 128 128 255 
0.0380636628065556 0.000272956305104243 -0.994187439279915 255 128 128 255 
0.000877241638610003 0.0512827937849767 0.989421266534006 255 128 128 255 
-0.0170808529356215 0.0496150525511431 0.988925035660322 255 128 128 255 
0.0110395811276458 0.13573832030706 0.922835760264562 255 128 128 255 
-0.0162410428938037 0.128387912701656 0.930603118732516 255 128 128 255 
0.000222152058382265 0.121266884905439 0.939337181942462 255 128 128 255 
0.039006083061357 0.0148674283591663 0.993005477649165 255 128 128 255 
0.242535625036333 0.242535625036333 0.242535625036333 255 128 128 255 
0.238809491215333 0.2387983519727 0.295909722519055 255 128 128 255 
0.263544607317717 0.216484319914832 0.263544607318374 255 128 128 255 
0.180768784697334 0.175583811277356 -0.701386755961783 255 128 128 255 
-0.0284243960561078 0.120062901514872 -0.937131585292961 255 128 128 255 
-0.0289181909524826 0.104918781558232 -0.951444320720907 255 128 128 255 
0.330819805016245 0.0433365053250751 -0.330819805016399 255 128 128 255 
0.333322838759295 0.00280550659402244 -0.333322838759295 255 128 128 255 
0.164821234756545 -0.291632703845112 0.3198039438583 255 128 128 255 
0.120106392474914 -0.313509830963493 0.313509830963412 255 128 128 255 
0.154867334998634 -0.299653293861456 0.299653293861456 255 128 128 255 
0.242535625036333 -0.242535625036333 -0.242535625036333 255 128 128 255 
0.216228405590185 -0.263731499377979 -0.263731499378625 255 128 128 255 
0.0432518897270551 0.330829648399116 0.330829648399116 255 128 128 255 
0.102229709376816 0.313833717279827 0.358412691025285 255 128 128 255 
0.0825573966408442 0.324118327245164 0.324118327245159 255 128 128 255 
0.237253869648201 0.0491742219602625 0.728244218071443 255 128 128 255 
0.219693507252369 0.0938697561185369 0.7371470140059 255 128 128 255 
-0.239357012091157 -0.0512956966826346 -0.72153702391844 255 128 128 255 
0.173760268132795 -0.159627229268008 -0.744722774042384 255 128 128 255 
0.169788262468046 -0.202062212616302 -0.665388856671743 255 128 128 255 
0.144682322212943 -0.217512280955336 -0.673827466708092 255 128 128 255 
-0.177128975978778 -0.184839908916899 -0.689692750863366 255 128 128 255 
-0.143072294756853 -0.200114736974726 -0.718244509704546 255 128 128 255 
0.164804493568239 0.291626584307584 0.31991758770518 255 128 128 255 
0.186979737130423 0.282903337575617 0.28290333757568 255 128 128 255 
0.154867318263128 0.299653301549707 0.299653301549703 255 128 128 255 
0.00754009938730206 0.329656023433685 -0.360777467127325 255 128 128 255 
0.00295685822979612 0.333321675859193 -0.333321675859181 255 128 128 255 
-0.200669775939137 -0.0877025720472485 -0.785059948699436 255 128 128 255 
-0.201342927420955 -0.109060890176558 -0.761927793995646 255 128 128 255 
-0.180901928683421 -0.128367427558495 -0.778697791276535 255 128 128 255 
-0.0369608908684314 0.148449456853741 -0.901539328390095 255 128 128 255 
-0.0727573104107692 0.169716018978938 -0.852773561052798 255 128 128 255 
0.083109632977588 0.152421467276307 -0.87113939959737 255 128 128 255 
-0.0173280664635416 0.165605176373068 -0.882154898518071 255 128 128 255 
-0.0680926338086826 0.135409458630342 -0.903449686727775 255 128 128 255 
-0.168635791836811 0.128067147213594 -0.800803379345119 255 128 128 255 
-0.16351266405147 0.102800214379713 -0.837595205646126 255 128 128 255 
0.162114090978412 0.100883410618653 -0.841624881793029 255 128 128 255 
0.151042467110797 0.00447066136816191 -0.904062694387656 255 128 128 255 
0.143708451678445 0.0301184882135755 -0.909684578873507 255 128 128 255 
0.127992073342976 0.0222891099147699 -0.93003749786389 255 128 128 255 
0.196894471263759 0.0420390924783265 -0.822023217576488 255 128 128 255 
-0.100901889503389 0.139379949905628 0.873576704320521 255 128 128 255 
-0.129116800901548 0.130097322729416 0.855118851398214 255 128 128 255 
-0.118423613545255 0.120977129031423 0.877908330960021 255 128 128 255 
0.0749173390128758 0.0241879110616053 0.974894196386068 255 128 128 255 
0.0740342135768907 0.0442290496009861 0.969794721571318 255 128 128 255 
0.0638418591083917 0.0324939310102327 0.979258337085656 255 128 128 255 
-0.135993187714795 0.125720195116847 -0.851822885836694 255 128 128 255 
-0.126292002043601 0.116117041295966 -0.874378228893151 255 128 128 255 
-0.0290898919888553 -0.145373421033265 -0.90783410539569 255 128 128 255 
0.165918475582462 -0.0179540238302974 -0.88158360061644 255 128 128 255 
0.151372148748434 -0.0452172006126688 -0.894614420708622 255 128 128 255 
0.152017174102239 -0.021252344995665 -0.900840116556059 255 128 128 255 
0.100548276494027 -0.14258997588815 -0.869750032363188 255 128 128 255 
0.133534826193394 -0.0477223105880824 -0.916039432712571 255 128 128 255 
0.0936624526530888 -0.0198874765462705 -0.962629032692893 255 128 128 255 
0.104591788886787 -0.0311819351646406 -0.951160319119112 255 128 128 255 
-0.142701643189269 0.0977502660995666 -0.872151907988323 255 128 128 255 
0.0747875166189133 -0.0867456059332483 -0.946074085344092 255 128 128 255 
0.0545950437155781 -0.0779780458387299 -0.963073432057431 255 128 128 255 
0.0476774571863302 -0.196029953481843 -0.821214300987055 255 128 128 255 
-0.0862422331636994 -0.106508743053104 -0.921816294366968 255 128 128 255 
-0.0614534343214107 -0.0845506460092214 -0.95529958179336 255 128 128 255 
-0.0581980063260219 -0.109658259386959 -0.936324961223938 255 128 128 255 
-0.0756200625242321 -0.0932793234365478 -0.940555465022706 255 128 128 255 
0.0510765023964462 -0.104564471656257 -0.94427733206973 255 128 128 255 
0.0372821129473441 -0.0901290627084674 -0.961194237006119 255 128 128 255 
0.0547376101316906 -0.0903533184905681 -0.954316808264731 255 128 128 255 
0.00800873112350856 0.0559717876638745 -0.987129247786017 255 128 128 255 
0.0162822445163249 0.0662394219126658 -0.981212422859914 255 128 128 255 
-0.0682564283078642 -0.120380588617433 -0.920215508052812 255 128 128 255 
-0.0386289754071421 -0.152230098928044 -0.89591872759784 255 128 128 255 
0.13822159888949 0.0744172238316179 -0.896021721427489 255 128 128 255 
0.13340971791729 0.0543804120381916 -0.913212398122166 255 128 128 255 
0.129351944599912 0.0749380156803908 -0.906211312368536 255 128 128 255 
-0.120027456746508 -0.135391221594967 -0.859127991945926 255 128 128 255 
-0.0208987980464777 0.177523241542204 -0.862780323872792 255 128 128 255 
0.100870445104612 -0.0632239644931247 0.941606626755415 255 128 128 255 
0.113220676603736 -0.044419136164396 0.938969722290581 255 128 128 255 
0.102905273221369 -0.0460332996110359 0.947803523144537 255 128 128 255 
-0.0315445799115122 0.190544966263984 0.837603957048844 255 128 128 255 
-0.0579861002688802 0.173921580398094 0.85505034368566 255 128 128 255 
-0.0314691642026351 0.17867414404685 0.858301764590823 255 128 128 255 
-0.0319271638720843 0.165844657926882 0.878526939473508 255 128 128 255 
0.308675805627175 -0.0876963559394632 0.419795317197618 255 128 128 255 
0.289428485298821 -0.138807770292916 0.419175745613441 255 128 128 255 
0.301379933647054 -0.122086493617558 0.39258138094561 255 128 128 255 
0.31422255744652 -0.100501797971356 0.359594660333566 255 128 128 255 
0.012613568400945 -0.0646929381206793 -0.982469221480287 255 128 128 255 
-0.185670727213947 -0.00230483171067276 -0.85098085025311 255 128 128 255 
0.0061220201354276 -0.0764208877076893 -0.976206407094554 255 128 128 255 
0.000886287187591327 -0.069597095055404 -0.980430349629628 255 128 128 255 
0.0214662289301158 -0.0902483236172976 -0.964964003278456 255 128 128 255 
-0.0214176158116063 -0.111437210940779 -0.947092521044524 255 128 128 255 
-0.119712390783944 0.144300180806268 -0.847803744556495 255 128 128 255 
0.0237271005943397 -0.20484480887466 -0.812283793824153 255 128 128 255 
0.0220059856716384 -0.1001213052514 -0.957043197810128 255 128 128 255 
0.099179061841991 0.137824850943543 -0.877121762480175 255 128 128 255 
0.0882132535417419 0.130775953907178 -0.894946113580721 255 128 128 255 
0.126778389798661 -0.0417193228297694 -0.92600966624538 255 128 128 255 
0.00491298866771562 -0.1091164129337 -0.951081360734628 255 128 128 255 
-0.146978271575259 -0.00840629319746911 -0.90918298959656 255 128 128 255 
-0.166123440489115 -0.00120851082316033 -0.882730024147078 255 128 128 255 
0.0152479191870486 -0.0502393399366532 -0.98891257278525 255 128 128 255 
0.287308933798183 -0.158956510428152 0.370797627431142 255 128 128 255 
-0.112154305057895 -0.159207092897309 -0.834623313189093 255 128 128 255 
0.11227136761021 -0.143606936243657 -0.856841583056619 255 128 128 255 
0.131187556652015 -0.00169590060992512 -0.928598714192144 255 128 128 255 
-0.0308025902267621 0.134497832388745 -0.920702048816185 255 128 128 255 
-0.27827320660239 0.0806947420729584 -0.573078315381115 255 128 128 255 
0.032419180941858 0.0366375917924201 -0.990380464883724 255 128 128 255 
0.0181699506938564 0.0457805427100604 -0.990248432152237 255 128 128 255 
0.0388209779910455 -0.127397095338795 -0.926338642569493 255 128 128 255 
0.0627148059791399 -0.00424480525452694 -0.984068425841146 255 128 128 255 
0.0537057310887651 0.015649244567311 -0.987403849469953 255 128 128 255 
-0.0595658096945611 -0.177393371168919 -0.848450319978758 255 128 128 255 
-0.0337333501436465 -0.197069136877518 -0.824746294947051 255 128 128 255 
-0.00481165893119769 -0.20143177011065 -0.8217156995141 255 128 128 255 
0.0706970913719891 0.141878530282495 -0.893856378739725 255 128 128 255 
0.0709934518147529 0.133222769740186 -0.904263780141144 255 128 128 255 
0.134192186964707 0.103522488598005 -0.877612899523029 255 128 128 255 
-0.059296596075885 0.194920140675872 0.817263959063927 255 128 128 255 
-0.141035747857333 0.023852614644965 -0.914505184377875 255 128 128 255 
-0.154379697295953 0.0112336710573455 -0.89906935149176 255 128 128 255 
-0.0591189110997647 0.149202463899627 0.891037922524695 255 128 128 255 
-0.00374315827918519 0.180549171502791 0.859711441269067 255 128 128 255 
-0.0772334946250146 -0.325282765695266 0.325282765695251 255 128 128 255 
0.043251897234098 -0.330829647526988 0.330829647526998 255 128 128 255 
0.00295685824319648 -0.33332167585908 0.333321675859092 255 128 128 255 
-0.238418884746237 0.239124131715271 0.296324522123619 255 128 128 255 
-0.184772915695894 0.28418926424606 0.28418926424599 255 128 128 255 
-0.215231625697717 0.264456139506302 0.264456139505582 255 128 128 255 
-0.282071586338466 0.188388217082724 0.282071586338493 255 128 128 255 
-0.263265159464732 0.216866086650451 0.263265159464598 255 128 128 255 
0.107626510064165 0.0329992869682024 -0.94795603420488 255 128 128 255 
0.0897221822197567 0.0377839218572857 -0.961341997079097 255 128 128 255 
0.0037860593445795 0.0732565411053114 -0.978239825760394 255 128 128 255 
0.0230139169072887 0.0770148282574864 -0.973813432928137 255 128 128 255 
-0.066825033546878 0.0888476509129447 -0.949275546295767 255 128 128 255 
0.108781446526473 0.00998497499334787 -0.951070534294497 255 128 128 255 
-0.165655613998916 -0.0930626954045158 -0.843315120984552 255 128 128 255 
0.0598284301739109 0.153121774631534 -0.885321542940682 255 128 128 255 
-0.0777969361683878 0.0982335916229749 -0.935084157510338 255 128 128 255 
0.00590541096534588 -0.0548988821701074 -0.987729674852488 255 128 128 255 
0.0683187266625767 0.097490099923 -0.94160812067024 255 128 128 255 
-0.0562140728824166 -0.00220742300973906 0.987259255155977 255 128 128 255 
-0.0672093883803352 0.00711017013013325 0.981559344963976 255 128 128 255 
-0.0757796539447388 0.01521119184165 0.975811716468113 255 128 128 255 
-0.167083143791218 -0.130984091990263 0.799631790784655 255 128 128 255 
-0.158263665407754 -0.164777457616623 0.763156480141631 255 128 128 255 
-0.146307898487698 -0.156321117548921 0.795777362660436 255 128 128 255 
-0.119122383971107 -0.178858233436851 0.794075911407358 255 128 128 255 
-0.0868758735014062 -0.10852106142541 0.919459661900909 255 128 128 255 
-0.0820024504410627 -0.0911457900662375 0.937946871784497 255 128 128 255 
-0.094217392406184 -0.0919904412928212 0.928055348714199 255 128 128 255 
-0.13695466623753 -0.147081793978833 0.82272889856043 255 128 128 255 
-0.0169629051848064 -0.09611432336304 0.961142222332554 255 128 128 255 
-0.00193100385862253 -0.09040448161964 0.966740089954535 255 128 128 255 
-0.0161744284606006 -0.0875270986788495 0.96779086487579 255 128 128 255 
-0.0150970582424243 -0.0758591827314225 0.975776461584406 255 128 128 255 
-0.000656132102252651 -0.0762783444402327 0.976447371102828 255 128 128 255 
-0.170650349101771 0.0662529434140341 0.855518574521535 255 128 128 255 
-0.178384678117918 0.040539991605932 0.855735522688318 255 128 128 255 
-0.165788670340723 0.0505533724495033 0.871589224865035 255 128 128 255 
-0.150452317853056 0.065162112934932 0.885970604163068 255 128 128 255 
0.11495530726259 -0.0834281106720245 0.915751155568496 255 128 128 255 
0.0931886536133126 -0.0859564000040074 0.933498238802351 255 128 128 255 
0.099683240925665 -0.0944256255918951 0.92150768819089 255 128 128 255 
0.103988935702847 -0.101325707749509 0.911786824689759 255 128 128 255 
0.0856859391179129 -0.106158641455996 0.922554108528007 255 128 128 255 
0.0994349405043772 -0.115072375305202 0.902755957523228 255 128 128 255 
0.0679236425222017 -0.00147264111492773 0.981363172847302 255 128 128 255 
0.059155652129067 0.018538842354328 0.984507672590277 255 128 128 255 
0.0723291148931271 0.0121986141258315 0.978242067373487 255 128 128 255 
-0.00443729846062821 0.0532619391645195 -0.988507870240599 255 128 128 255 
0.124387247834362 -0.0556783543409819 0.92272521740784 255 128 128 255 
-0.0530120675231389 -0.0254113759146614 0.986079030844808 255 128 128 255 
-0.0623816525388526 -0.0366291220140876 0.978843548865385 255 128 128 255 
-0.0410633670469402 -0.059050044729287 0.979088931463754 255 128 128 255 
-0.107955110849598 0.0203521879938945 0.950500843425256 255 128 128 255 
-0.0445699227802628 0.0495242517880038 0.982082967808018 255 128 128 255 
-0.0531198618174942 0.0344335279380986 0.983839873976174 255 128 128 255 
-0.059611036612083 0.0558420221819516 0.97294683298173 255 128 128 255 
-0.0534801221373555 0.0721009964676838 0.967228291559968 255 128 128 255 
0.155990537347441 0.0433024288916891 0.889007766905469 255 128 128 255 
0.144095906194155 0.0590659374976404 0.897764254012094 255 128 128 255 
-0.0648588786549169 -0.0146898880175126 0.982150835037322 255 128 128 255 
-0.282035603464724 0.18844880808001 -0.282035603464721 255 128 128 255 
-0.263245026414898 0.216893550516583 -0.263245026414261 255 128 128 255 
-0.21523163383304 0.264456133618612 -0.264456133618765 255 128 128 255 
0.105628252983591 -0.131440039976716 0.87893654216055 255 128 128 255 
0.118098681194537 -0.105510654863346 0.89407024523973 255 128 128 255 
-0.0745184353214979 0.0242189511518574 -0.975132585600028 255 128 128 255 
-0.0678487360605375 0.0396524887575983 -0.97498401177533 255 128 128 255 
0.244068023397085 -0.171165359488349 -0.537647940674455 255 128 128 255 
-0.105752648849711 0.00646411095486559 0.954042315165669 255 128 128 255 
-0.114511735438962 0.00512823818893928 0.945984199550669 255 128 128 255 
-0.0360577080456085 0.000953479570490017 0.994782116613635 255 128 128 255 
0.130106826948153 -0.0263766659484434 0.926828904276898 255 128 128 255 
0.124006539401746 -0.00141135612445118 0.936463063842486 255 128 128 255 
-0.0659230378887022 -0.0814905140244332 0.955043229692525 255 128 128 255 
0.0518415202274308 -0.0625251063428299 0.973254608780027 255 128 128 255 
0.0760447078748495 -0.0636436273515482 0.959861191602337 255 128 128 255 
0.0510369730264242 -0.0354527393994433 0.984432142609392 255 128 128 255 
0.0415467669061592 -0.0482862397766529 0.983635318430925 255 128 128 255 
0.0524666685220857 -0.0482060487601486 0.979483233009936 255 128 128 255 
0.0329156498601106 0.0984825130356213 0.955898545867265 255 128 128 255 
0.055847065483177 0.0932993701108915 0.951530684980901 255 128 128 255 
0.0452306877801526 0.104758171264572 0.946487866821638 255 128 128 255 
0.26365305137703 0.111870707146184 -0.586324213083546 255 128 128 255 
0.259804002188255 0.106626836338719 -0.607503702444083 255 128 128 255 
0.0370818102652907 0.111893049306091 0.942782624001492 255 128 128 255 
0.198123239536121 0.191946724638365 -0.625482868593243 255 128 128 255 
0.0692678307217599 -0.105273954423906 -0.934320548815886 255 128 128 255 
0.17477873517787 -0.040531497849833 -0.861670867844474 255 128 128 255 
0.00558907005670493 -0.0902880291837744 -0.966713332197292 255 128 128 255 
-0.0095168652712293 -0.09815050749997 -0.960316225474743 255 128 128 255 
-0.00978798037163295 -0.0888764406587078 -0.967492319730332 255 128 128 255 
-0.0517154711718429 -0.028578303647488 -0.98593626504307 255 128 128 255 
-0.165092874901648 -0.0699633928891149 -0.86185592588979 255 128 128 255 
-0.0884453247470175 0.198580243079583 0.788635783743705 255 128 128 255 
-0.104946946866048 0.176741602216929 0.8136266456143 255 128 128 255 
-0.0844025452548847 0.183860690853402 0.820104653183136 255 128 128 255 
-0.0847733617161502 -0.062045966135888 0.954835161351436 255 128 128 255 
0.0105650983131735 0.0578323342187874 0.986078292094079 255 128 128 255 
-0.184790252149645 0.231050022667272 -0.547492073609965 255 128 128 255 
0.238974087397975 -0.238576254882385 0.296279589556595 255 128 128 255 
0.186979750436331 -0.282903329758379 0.282903329758547 255 128 128 255 
0.216228398211635 -0.263731504756334 0.263731504757722 255 128 128 255 
0.0825574243377435 -0.324118320974235 -0.32411832097425 255 128 128 255 
0.00295685732270262 -0.33332167586633 -0.333321675866336 255 128 128 255 
-0.238919667442935 -0.23823993875708 0.298784924154344 255 128 128 255 
-0.284636182791254 -0.183997379151397 0.284636182791319 255 128 128 255 
-0.264709052411358 -0.214882028646371 0.26470905241273 255 128 128 255 
0.056302961422176 -0.00747589626372908 0.987012005836595 255 128 128 255 
0.0278559766352994 0.0805706036855767 0.970494395531184 255 128 128 255 
0.00526443220975888 0.0872546661435133 0.968953695471534 255 128 128 255 
0.0144334994659173 0.0751098613691776 0.976320368034018 255 128 128 255 
-0.102456956286385 -0.0430061404665707 0.949328360659309 255 128 128 255 
-0.0910476061424516 -0.0262428291420403 0.963417445089278 255 128 128 255 
-0.103652267922711 -0.0260176277486185 0.953223122465916 255 128 128 255 
-0.113630878082591 -0.0251419599521632 0.944270742076508 255 128 128 255 
0.142547714686459 -0.0672836231586176 0.895111395725386 255 128 128 255 
0.137998691059589 -0.0461855122748226 0.91136494609478 255 128 128 255 
0.0953673456606724 -0.035255607909879 -0.957756174873398 255 128 128 255 
0.137695445833902 -0.17829878392942 -0.770711317368575 255 128 128 255 
-0.16353873107389 -0.168409141657124 -0.747761558570139 255 128 128 255 
-0.115238476817693 -0.0758672147894059 -0.920713877738576 255 128 128 255 
0.0218813795918829 0.063305065662699 0.981890721315563 255 128 128 255 
0.0348479502242995 0.0673696008034456 0.976716773909542 255 128 128 255 
0.0502074336178475 0.0705641468693897 0.969535614540633 255 128 128 255 
-0.173452068767346 0.0154240912136926 -0.870294091780576 255 128 128 255 
0.0394658044339921 -0.0721333305769963 0.972581030842773 255 128 128 255 
0.0273340666659196 0.0515800197210975 0.98627521642215 255 128 128 255 
0.015194701438859 0.100531154380506 0.957758247707091 255 128 128 255 
0.02036929313191 0.092068089995134 0.96377822569516 255 128 128 255 
0.0941327035082199 0.0720025475911906 -0.942145071201595 255 128 128 255 
-0.0618065320209249 0.0555409819412463 -0.971988277717839 255 128 128 255 
0.118555315051673 -0.0561829395858708 -0.928603739390422 255 128 128 255 
-0.0798755514306017 0.074065751095825 -0.951353394800736 255 128 128 255 
-0.0699681620375669 0.0734520599355634 -0.957953030115032 255 128 128 255 
0.0939748322882019 -0.0894799882984544 -0.930213143907446 255 128 128 255 
0.0545130624136764 -0.0189701104108723 -0.986583846348643 255 128 128 255 
-0.00538952666531415 0.0618055466516682 -0.984483731839304 255 128 128 255 
0.0263257203389032 -0.0385028006290095 -0.991259766524892 255 128 128 255 
0.022228130576105 -0.027301436127401 -0.995029815746998 255 128 128 255 
-0.00769840061312015 -0.105769907349217 0.95395371100465 255 128 128 255 
-0.133909673426291 0.0830914663651516 -0.895160343885763 255 128 128 255 
0.0664554669472706 -0.0273372683250458 -0.979127546359752 255 128 128 255 
0.157616932428849 0.107478840917466 0.84192727891575 255 128 128 255 
0.139814017778924 0.0969272824231596 0.876616851900324 255 128 128 255 
0.159959745555741 0.0825702926100446 0.860674260369128 255 128 128 255 
0.18139732245729 0.0756112411812032 0.831278214526303 255 128 128 255 
0.03963760107633 -0.176700029042147 0.858864156482744 255 128 128 255 
0.0656255936070226 -0.168778719125463 0.858869131067782 255 128 128 255 
0.0490690070711463 -0.16418690390413 0.87468802201356 255 128 128 255 
-0.0306434150080078 -0.0869609557033023 0.965396385089703 255 128 128 255 
-0.281502214584592 0.0443970261551972 -0.59184730920272 255 128 128 255 
-0.287999041253221 0.0343191595821794 -0.571865301422079 255 128 128 255 
0.0598415089496841 0.0554692832972449 0.973004222947901 255 128 128 255 
0.200315343814835 -0.25656479030087 -0.390366578999365 255 128 128 255 
0.0683714869570538 0.0618465336207594 0.965402902481656 255 128 128 255 
-0.184772930473275 -0.284189255705676 0.284189255705671 255 128 128 255 
-0.197250229955484 -0.268098070870099 0.337232802280707 255 128 128 255 
0.0418804557289612 0.0860252289905045 0.962686603033389 255 128 128 255 
-0.313560260280794 0.0741801657317792 0.411603617305881 255 128 128 255 
-0.330671299077059 0.0445933557805976 0.330671299077236 255 128 128 255 
0.0133877100202037 -0.0408570761408701 -0.99257833352674 255 128 128 255 
0.00860145897899178 0.0441849270038668 -0.991861712565627 255 128 128 255 
0.0544221209496667 0.114460949972653 0.933539162790325 255 128 128 255 
0.0452649671446164 0.14140437924967 0.907549993277688 255 128 128 255 
0.0335030350363327 0.124605603668563 0.931025189916024 255 128 128 255 
0.0732928713456907 0.125146258398096 0.911993711033906 255 128 128 255 
0.0849427068145688 0.137562719941575 0.889319888298684 255 128 128 255 
0.0675747709714063 0.138507817872538 0.899996596250894 255 128 128 255 
0.0257370877512567 0.164766877608218 0.881768537069542 255 128 128 255 
0.0524483249923388 0.159137554092689 0.880565314728418 255 128 128 255 
0.116788264317093 0.204809779421825 0.745189652745933 255 128 128 255 
0.0897541405296965 0.220311177896785 0.739768452951073 255 128 128 255 
0.0995788196724963 0.206148381259359 0.762033606552288 255 128 128 255 
0.114047966370668 0.187012564213972 0.784955268565587 255 128 128 255 
-0.215231633830836 -0.264456133620395 0.264456133619573 255 128 128 255 
-0.184772945254976 -0.284189247162728 -0.284189247162801 255 128 128 255 
-0.215231641966181 -0.264456127733427 -0.264456127732037 255 128 128 255 
-0.264421076933548 -0.215280022293799 -0.264421076934266 255 128 128 255 
-0.33330720627865 0.00442657651951453 0.333307206278656 255 128 128 255 
-0.0315759589815055 0.0858983836363567 0.96591686789641 255 128 128 255 
0.142995788648726 -0.098033365491161 0.871512044245618 255 128 128 255 
0.158048822413285 -0.0758765976548005 0.868393032676448 255 128 128 255 
0.173429628896868 -0.0861345280613683 0.836674264435676 255 128 128 255 
0.00875090075017577 0.230994683283838 -0.756649861195634 255 128 128 255 
-0.00480140855163973 0.237111915780325 -0.741646135686858 255 128 128 255 
-0.00145976643863029 0.107239532470823 0.952880057692355 255 128 128 255 
-0.0107278940752488 0.116936774021973 0.943231479437848 255 128 128 255 
-0.0389680271490846 0.213692271360723 0.789010002139677 255 128 128 255 
-0.0627726191595065 0.206470938060798 0.792107815437304 255 128 128 255 
-0.0634231191815742 0.215823416326145 0.771480434612238 255 128 128 255 
-0.0423634886405443 0.234880223931697 0.737761952923324 255 128 128 255 
-0.0828949719510862 0.219806576475991 0.747333836743417 255 128 128 255 
-0.0758642319301941 0.0586552576101577 -0.962514116361197 255 128 128 255 
0.132101051774835 -0.068102757767665 -0.907353612840713 255 128 128 255 
0.146606900532202 -0.0685415104276269 -0.889082567357868 255 128 128 255 
-0.0363674353376802 -0.0787272820939269 -0.969451080200514 255 128 128 255 
0.0942350174084462 0.107664856226712 0.914453005597646 255 128 128 255 
0.0821018019485328 0.0886413953618368 0.93979569187611 255 128 128 255 
0.105169259404735 0.0850810098784877 0.923907547172463 255 128 128 255 
-0.00513322847257261 0.155063333064481 0.898572222581895 255 128 128 255 
-0.119891170574628 0.038946028158252 0.93427752415089 255 128 128 255 
-0.138904356899684 0.0214044601037246 0.91759435261285 255 128 128 255 
-0.122664188315708 0.0157183958341744 0.936830518059577 255 128 128 255 
-0.127566247970317 0.154092101862674 0.824536079519744 255 128 128 255 
-0.0934363961663776 0.165066030176399 0.84390917843708 255 128 128 255 
-0.127611202330847 0.176685862651715 0.787387959360001 255 128 128 255 
-0.113334546202233 0.147914791128714 0.849830539802885 255 128 128 255 
0.0806167020841741 -0.0254374485117303 -0.97099488526901 255 128 128 255 
0.0193633337877121 0.150300676749652 0.903481111759238 255 128 128 255 
-0.117124682115245 -0.207581842263164 0.738601825329272 255 128 128 255 
-0.0877337910391135 -0.208927217544977 0.767605003416262 255 128 128 255 
-0.114189762986001 -0.196582992965677 0.765850239250521 255 128 128 255 
-0.131050786961037 -0.18820755455254 0.761070852299054 255 128 128 255 
-0.0952813247235798 0.0637462348935748 0.945972023579126 255 128 128 255 
-0.0865153636894863 0.0484209342867884 0.959877094369333 255 128 128 255 
-0.325671762435063 -0.0753667108233695 0.325671762435052 255 128 128 255 
0.324211455267528 0.0821449868111359 0.324211455267517 255 128 128 255 
0.330545871540056 0.00597902230885402 0.354442375953272 255 128 128 255 
0.333321002870169 0.00304100827197801 0.333321002870175 255 128 128 255 
0.324130516171308 0.0274557883329822 0.391771164158104 255 128 128 255 
0.326390135545478 -0.00682632863329489 0.383904966398778 255 128 128 255 
0.31845230550173 0.00347522266221827 0.434290619664805 255 128 128 255 
0.321222496819298 -0.0339038107026755 0.406611619743578 255 128 128 255 
0.315132798139347 -0.115229114193561 0.315132798139439 255 128 128 255 
0.325333378484474 -0.0769932919680584 0.325333378484468 255 128 128 255 
-0.242535625036333 0.242535625036333 -0.242535625036333 255 128 128 255 
-0.314806774402064 0.100144999755438 0.356288094693053 255 128 128 255 
-0.313162920246114 0.121120271740613 0.313162920246187 255 128 128 255 
-0.323848418098304 0.0837405362361795 0.323848418098302 255 128 128 255 
-0.115372979531653 0.315086005524199 0.315086005524201 255 128 128 255 
-0.100704235697835 0.314069256022333 0.360212441676351 255 128 128 255 
-0.077233478685491 0.325282769059342 0.325282769059342 255 128 128 255 
0.00625045358928212 0.330506825736922 0.354696111103946 255 128 128 255 
0.00295685914952129 0.33332167585194 0.33332167585194 255 128 128 255 
0.0285080793018669 0.323933349320901 0.392473861182187 255 128 128 255 
-0.00618465752018905 0.326306195813013 0.384562229765878 255 128 128 255 
0.00499797868029545 0.3181837098576 0.435744301268815 255 128 128 255 
-0.0331889425223725 0.321108662040796 0.407801004018909 255 128 128 255 
-0.11537299883607 0.31508599924111 -0.315085999241111 255 128 128 255 
-0.0772334946366837 0.325282765692804 -0.325282765692792 255 128 128 255 
0.282570366100827 0.187545311718576 0.282570366100827 255 128 128 255 
0.299644614968455 0.154886225510532 0.299644614968451 255 128 128 255 
-0.313087335570042 0.121339897102833 -0.313087335570117 255 128 128 255 
-0.315460362215962 -0.114216516219546 -0.315460362215792 255 128 128 255 
-0.301410588246359 -0.150982166195257 -0.301410588246354 255 128 128 255 
-0.206292433805 0.188940392791174 0.611522235515658 255 128 128 255 
-0.239249983043014 0.161323290091799 0.577818151645459 255 128 128 255 
-0.23038059618998 0.158204469756616 0.612510390245476 255 128 128 255 
-0.333291388904691 0.00560860146596446 -0.333291388904698 255 128 128 255 
-0.162158755354514 -0.292735214445464 0.322622060696162 255 128 128 255 
-0.151461280557639 -0.301196843039714 0.301196843039713 255 128 128 255 
-0.293402722474075 -0.16057681324645 0.324097772959968 255 128 128 255 
-0.301820122773397 -0.150058955845123 0.301820122773395 255 128 128 255 
0.264015476888359 -0.215838637773583 -0.264015476887676 255 128 128 255 
0.216228390831468 0.263731510138358 0.263731510137043 255 128 128 255 
0.186979750431673 0.282903329761116 -0.282903329761137 255 128 128 255 
0.216228398209537 0.263731504757985 -0.263731504759133 255 128 128 255 
-0.00169615265596424 -0.24282166295845 -0.72682736703571 255 128 128 255 
0.011011668487181 -0.236775936951309 -0.741975187767015 255 128 128 255 
-0.195335930563521 -0.026504660509936 0.830139092859802 255 128 128 255 
-0.182710003614692 0.00374458044647817 0.856051458773513 255 128 128 255 
-0.199209215178168 0.0018982141308517 0.826133548839353 255 128 128 255 
-0.199877132896507 0.0358130785775704 0.81861605412661 255 128 128 255 
-0.177321805434558 -0.0518405792254589 0.852617250596818 255 128 128 255 
-0.167252100595368 -0.0262967166278159 0.877884774915418 255 128 128 255 
-0.18171619453048 -0.025372521141339 0.85480036068534 255 128 128 255 
-0.0374064576245375 0.331462445985956 0.331462445985859 255 128 128 255 
-0.153620989959676 -0.0582466753849925 0.885473469475285 255 128 128 255 
-0.184391167310459 0.078918015016008 0.823513594434281 255 128 128 255 
-0.202255228131105 0.066605446587536 0.798280801721085 255 128 128 255 
-0.218179061871212 0.0516728608935255 0.773189741051124 255 128 128 255 
0.216497847445071 -0.0355293976766953 0.784175165622298 255 128 128 255 
0.198339308215499 -0.0546963971796024 0.813239523810984 255 128 128 255 
0.208851519800713 -0.0593938918821726 0.789194055527243 255 128 128 255 
0.217854654721215 -0.0606425226685711 0.76869671707197 255 128 128 255 
0.237269548879479 -0.0397441565359651 0.732794822882003 255 128 128 255 
0.221144198626189 -0.0811192348297612 0.745734009410469 255 128 128 255 
0.199412566133177 0.0411129503595991 0.817529648845978 255 128 128 255 
0.199208695840334 0.0670573780257602 0.804085567248995 255 128 128 255 
0.0791027641830039 -0.183083855824245 0.825702311699043 255 128 128 255 
0.0358363744979796 -0.198156657424256 0.821947293593549 255 128 128 255 
0.0666241182731519 -0.20112561760369 0.800548339155808 255 128 128 255 
0.051735866647187 -0.216776572728766 0.77630562621643 255 128 128 255 
0.137861345218513 -0.158371714930438 0.804550271316538 255 128 128 255 
0.110108047980948 -0.15644302021732 0.840960326682349 255 128 128 255 
0.110206504463374 -0.176895357428112 0.807774979947606 255 128 128 255 
0.180239359305804 -0.108960985170014 0.803199963268603 255 128 128 255 
0.175720190642802 -0.13153046899418 0.783949723253553 255 128 128 255 
0.189817812825842 -0.110993323631601 0.78306923743728 255 128 128 255 
0.200940956597448 -0.116006108648416 0.754534556358324 255 128 128 255 
0.200338266626161 -0.0854529836657358 0.787717492052382 255 128 128 255 
0.233380304262311 -0.0744360370767217 0.721070904358383 255 128 128 255 
0.24379130662509 -0.0684722186720449 0.697867295632126 255 128 128 255 
0.0278240690309986 -0.158882654557699 0.889863414417423 255 128 128 255 
0.00237993182009701 -0.180912479250879 0.859139044635771 255 128 128 255 
0.0980925578728388 -0.201159465559481 0.774145604461212 255 128 128 255 
0.142859289819574 -0.177601411231337 0.764455075465476 255 128 128 255 
0.122928240153586 -0.179490109801433 0.788273784109147 255 128 128 255 
0.230511334004063 0.0184602550379987 -0.756432374371192 255 128 128 255 
-0.141188414453504 -0.123597250502402 0.847535462405042 255 128 128 255 
-0.166779187261839 -0.101691446702869 0.833515638852472 255 128 128 255 
-0.15375872297464 -0.126205700494901 0.826706110758731 255 128 128 255 
-0.111494994921925 -0.14293093100864 0.858555095099402 255 128 128 255 
0.12110851164399 0.259086712339474 -0.587923811147725 255 128 128 255 
-0.0896072527542728 -0.177209710564542 0.827368137134882 255 128 128 255 
-0.111723257727203 -0.162254667256637 0.830379835191486 255 128 128 255 
-0.0710628076616767 -0.0465653287311405 0.970697674417019 255 128 128 255 
-0.00793393348266611 0.225287554428407 0.770363879984231 255 128 128 255 
0.0203794062681481 0.221350472756337 0.777630476404931 255 128 128 255 
0.0144233838382128 0.230459395980719 0.757260491350498 255 128 128 255 
0.00135831670077143 0.236888129059518 0.742332324071793 255 128 128 255 
0.179797185829338 0.177429222616177 0.699667335551204 255 128 128 255 
0.158369133413635 0.21098497491774 0.665759952528006 255 128 128 255 
0.15061597838343 0.203430780914796 0.698173257676463 255 128 128 255 
0.14350286353313 0.195639172425995 0.727363631077154 255 128 128 255 
-0.00789275790955936 0.0596902152061594 0.985392439596293 255 128 128 255 
0.223685492452713 0.118528766940168 0.698087196786087 255 128 128 255 
0.213670656737409 0.153823667309349 0.66743155928471 255 128 128 255 
0.204701606052661 0.146795073220508 0.701703371741962 255 128 128 255 
0.196875723683753 0.134199436597964 0.738812103168736 255 128 128 255 
-0.141714087896623 -0.204959904202131 0.709414114499116 255 128 128 255 
-0.166484915190757 -0.181459314525088 0.717525075079815 255 128 128 255 
-0.162208859450777 -0.196559704370257 0.693123750489988 255 128 128 255 
-0.150247951346536 -0.214570762774489 0.671624424654816 255 128 128 255 
-0.16722725073456 0.244192526118319 0.547028436345482 255 128 128 255 
-0.187799422783476 0.244513819319698 0.489443379192629 255 128 128 255 
-0.199394596127637 0.226992741061116 0.519354096296427 255 128 128 255 
-0.215250628578205 0.202298446574137 0.549490529249478 255 128 128 255 
-0.0556926400015814 -0.272131914379364 -0.618660132096179 255 128 128 255 
-0.248706818956673 0.126968654992088 0.613343971796727 255 128 128 255 
-0.22350455464747 0.152032598069494 0.644557464683495 255 128 128 255 
0.223620267307672 0.0251770382292441 0.771285100916403 255 128 128 255 
0.228072314474349 -0.00416955699945614 0.764018987754366 255 128 128 255 
0.232920488345079 0.0188326488305452 0.750431214223631 255 128 128 255 
0.239476171004388 0.00528786793308808 0.735517184115799 255 128 128 255 
-0.256266792731518 0.173115732093348 0.48462980856982 255 128 128 255 
-0.262936077830906 0.142560949910838 0.533223869126399 255 128 128 255 
-0.24093880625675 0.18166923120273 0.521112463896177 255 128 128 255 
0.258050054406961 0.109372701678383 0.60957544175525 255 128 128 255 
0.277317213236301 0.0777292050071074 0.580022720010009 255 128 128 255 
0.262098196333171 0.113691809354451 0.589092217963638 255 128 128 255 
0.275757095321662 0.11589148516611 0.533120334616962 255 128 128 255 
0.263529492838831 0.123413007531892 0.567953705645257 255 128 128 255 
0.167986008274281 0.246158785756191 0.538044539313599 255 128 128 255 
0.121316289056471 0.273152564944702 0.534191043542715 255 128 128 255 
0.129947055780407 0.26016863963066 0.568689956413874 255 128 128 255 
0.149327159890268 0.241070401378751 0.597236667936448 255 128 128 255 
0.272706454150493 -0.0882363222844719 0.585460315083053 255 128 128 255 
0.284331075103 -0.0385390153230139 0.584264140341819 255 128 128 255 
0.27710956793366 -0.0490235806748088 0.605355907513365 255 128 128 255 
0.2695788128621 -0.0544284037988089 0.628425363093362 255 128 128 255 
0.283408264864126 -0.18611767023764 -0.283408264864167 255 128 128 255 
-0.152530477488254 0.15925812039936 0.78164596178465 255 128 128 255 
-0.158343748030835 0.136803078641908 0.806038053669525 255 128 128 255 
-0.14207683285631 0.157334262747384 0.800300454137132 255 128 128 255 
-0.178513499492814 0.171351238521729 0.714264233982505 255 128 128 255 
-0.203398862418091 0.138324758598983 0.718304247350492 255 128 128 255 
-0.178992643215425 0.158569121489573 0.736572951004553 255 128 128 255 
-0.0398373114854522 -0.28621366608698 0.576157733036627 255 128 128 255 
-0.0170064216381659 -0.278537438687428 0.614020565880467 255 128 128 255 
-0.0504607485693374 -0.27907846900935 0.597119202566666 255 128 128 255 
0.292568239824583 -0.162844094533903 0.321068437995656 255 128 128 255 
0.300926816907167 -0.152063908539233 0.300926816907162 255 128 128 255 
0.268234226261647 -0.197794351745656 0.333799601592254 255 128 128 255 
0.283478179258321 -0.185997851956825 0.283478179258504 255 128 128 255 
0.292073272190441 0.163856369610065 -0.320553117110165 255 128 128 255 
0.0469716231358981 0.177170785607635 0.855121853337112 255 128 128 255 
-0.18376787620442 -0.229713013253199 0.554698377147213 255 128 128 255 
-0.216171214899358 -0.21218808953188 0.51572231425824 255 128 128 255 
-0.182068226843721 -0.238711513836653 0.528151249829142 255 128 128 255 
-0.0562470799721914 -0.271821774285271 0.619349227134087 255 128 128 255 
-0.04185242283892 -0.261688928902164 0.661920017912973 255 128 128 255 
-0.0824782602332534 -0.257662586086849 0.643784495897531 255 128 128 255 
0.282924079837144 0.186944426308184 -0.282924079837178 255 128 128 255 
0.263743161914311 0.216212420107956 -0.263743161912673 255 128 128 255 
-0.260676233954481 -0.14238743478981 0.542392437025918 255 128 128 255 
-0.252522649525419 -0.17349638976324 0.499049479864577 255 128 128 255 
-0.242150287392699 -0.177322645480843 0.528544505781695 255 128 128 255 
-0.234523419127515 -0.177627027960813 0.554598179186703 255 128 128 255 
0.103431864659286 -0.31362348844141 0.357123294920174 255 128 128 255 
0.0825574104956782 -0.32411832410826 0.324118324108262 255 128 128 255 
-0.291714351470579 0.16480088967044 0.319291690274607 255 128 128 255 
-0.299080867435775 0.156107219931933 0.299080867435778 255 128 128 255 
0.325224724135267 -0.0775079913235622 -0.325224724135256 255 128 128 255 
0.242535625036333 -0.242535625036333 0.242535625036333 255 128 128 255 
0.264054854262184 -0.215784504026538 0.264054854260849 255 128 128 255 
-0.162663388704583 0.292606071617401 0.321525125467535 255 128 128 255 
-0.15146126185769 0.301196851398424 0.301196851398414 255 128 128 255 
-0.325591346892511 -0.0757565788773713 -0.325591346892522 255 128 128 255 
-0.149071987107964 -0.0160060042976653 0.90563280823356 255 128 128 255 
0.0734599973487578 0.245988243308034 0.687566131334332 255 128 128 255 
0.0438900886085048 0.235106513003061 0.736470217821727 255 128 128 255 
0.0815527773996088 0.23300921716558 0.715853851748403 255 128 128 255 
0.117091792679791 0.224797801144632 0.697168154580323 255 128 128 255 
0.0446808799967898 0.21549975333307 0.782628757924409 255 128 128 255 
0.0285589384308775 0.209053719785934 0.802401034331543 255 128 128 255 
0.0770653917440109 0.160095117062659 0.864548314750692 255 128 128 255 
0.0703051811860346 0.179298997634196 0.838613372167284 255 128 128 255 
-0.294269481843331 0.130159185098121 0.414381821741201 255 128 128 255 
-0.304506721787529 0.116005041733078 0.388004929088186 255 128 128 255 
0.232741765066677 -0.233027044008994 0.363644077306647 255 128 128 255 
0.262359227831635 -0.198658942026463 0.365537991424731 255 128 128 255 
-0.0252268138362991 -0.0892165150694836 -0.965003710771295 255 128 128 255 
-0.105493315411186 -0.018660180813183 -0.952986701664415 255 128 128 255 
-0.0889126021772216 -0.0325139800123808 -0.963482805971625 255 128 128 255 
-0.131489863817693 -0.0712016253256554 -0.906160001231562 255 128 128 255 
-0.0420456660301128 -0.0989151115834786 -0.952671868850893 255 128 128 255 
-0.299018128166893 0.156242372436644 -0.299018128166897 255 128 128 255 
0.147512905232671 0.031364961207255 0.904460855924873 255 128 128 255 
0.276646204501428 -0.0140952968139379 0.621406002344682 255 128 128 255 
0.259333297732142 -0.0372672038550478 0.67146035438813 255 128 128 255 
0.254134042660948 -0.0819137268181426 0.655475393815175 255 128 128 255 
-0.0252432234741003 0.109185778397731 0.948435524636382 255 128 128 255 
-0.0921417666452444 -0.0812974475529155 -0.937659291093912 255 128 128 255 
0.0233369171103503 0.179231612244042 0.859448268445401 255 128 128 255 
0.055780184722731 0.0316143116228375 0.983418959580874 255 128 128 255 
0.151575118494805 -0.183138620073601 -0.740190388147382 255 128 128 255 
-0.0427744809817098 -0.0846449732705189 -0.963350702213298 255 128 128 255 
0.00705821195604779 -0.0650218394513073 0.982740420132185 255 128 128 255 
0.225605113065711 0.16620972374887 -0.6097649238582 255 128 128 255 
0.17381854397525 0.219988530124449 -0.609210360225885 255 128 128 255 
-0.105737412562414 -0.00924377540631276 0.953872741377161 255 128 128 255 
-0.0984722665312848 -0.161962623591679 0.844138947580411 255 128 128 255 
-0.0795468903988648 -0.163108669214151 0.858220713528559 255 128 128 255 
0.117408547187117 0.254387156166381 -0.609933783547598 255 128 128 255 
0.245788740678973 0.0229014028492802 -0.715896186883521 255 128 128 255 
-0.110601120508803 0.082740956547558 0.920527331174697 255 128 128 255 
-0.0872631168374637 0.0880989325001959 0.93647732777717 255 128 128 255 
-0.0956123431454494 0.0990469937512674 0.921077505703295 255 128 128 255 
-0.105918289021326 0.111094810232774 0.90084071883196 255 128 128 255 
-0.137727359686108 -0.0834056974370157 0.89027933412397 255 128 128 255 
-0.15020425127523 -0.0800825354101312 0.876472337168444 255 128 128 255 
-0.1624282209563 -0.0781247875308564 0.86029570414823 255 128 128 255 
-0.0733891230371232 0.0599896866055092 0.963390982139088 255 128 128 255 
-0.151707941156952 0.00719520713559064 0.903030135964077 255 128 128 255 
-0.142758182822061 0.00115410851241733 0.914849795712933 255 128 128 255 
-0.289439277346253 -0.134651539696374 0.429826544240141 255 128 128 255 
-0.30078043320299 -0.118897020993547 0.403926964707466 255 128 128 255 
-0.234149442798934 0.231554633761188 0.363939140663621 255 128 128 255 
-0.258475980792895 0.197478658918268 0.391840086235513 255 128 128 255 
-0.0696739005221527 0.242027475677275 0.70181616297413 255 128 128 255 
-0.107046000039245 0.226052839369482 0.706774289754172 255 128 128 255 
-0.0758657757947695 0.231794666335029 0.723964714503755 255 128 128 255 
-0.0801105586271084 -0.0666825459551324 -0.955555272903271 255 128 128 255 
-0.0775782230225159 -0.0816901115019682 -0.947874863994165 255 128 128 255 
-0.154976632155362 0.201743198499772 0.694445883810114 255 128 128 255 
-0.133898498388546 0.203340609033498 0.725113964459696 255 128 128 255 
0.245140268525468 0.142362902228059 0.597588789047385 255 128 128 255 
0.240445510938035 0.122823815250856 0.645602057396581 255 128 128 255 
0.259127817309417 0.0875371949356727 0.633656064467198 255 128 128 255 
-0.116605248179478 0.202214392047296 0.751066119810884 255 128 128 255 
0.0860527724778219 0.27427798967358 0.58217846012122 255 128 128 255 
0.0435381116946618 0.294140495403561 0.54100488855643 255 128 128 255 
0.043092618508205 0.285568362597265 0.576844725842798 255 128 128 255 
0.036638069128526 0.277522587935938 0.610827923086433 255 128 128 255 
-0.235866788906313 -0.107608729084897 0.679924339993605 255 128 128 255 
-0.197926322435782 -0.142305454305007 0.724288643680078 255 128 128 255 
-0.219833937505957 -0.0976267550848689 0.732895778389106 255 128 128 255 
-0.238717660366028 -0.0532999284149368 0.722069023340373 255 128 128 255 
-0.15382114987008 0.17855338555005 0.745427262540664 255 128 128 255 
-0.176954708262751 0.142984394565881 0.7654670549454 255 128 128 255 
-0.198002395507389 -0.104581504074465 0.773861684369787 255 128 128 255 
-0.194067391418805 -0.0697718595854062 0.812254697047749 255 128 128 255 
-0.207790778052046 -0.0746186506234299 0.781050814684872 255 128 128 255 
-0.144016763088586 0.133012643939057 0.832186546120482 255 128 128 255 
-0.135159874768572 0.100573192890672 0.879167014352834 255 128 128 255 
-0.157262171007755 0.0855490671760489 0.862322278657153 255 128 128 255 
0.0422356523609972 0.309921790697155 0.466172688196198 255 128 128 255 
0.039648616411353 0.316974223974894 0.428535407611014 255 128 128 255 
-0.0331767736915404 -0.16436493655842 0.880379271005696 255 128 128 255 
-0.0197325529708433 -0.143869004902019 0.911755794281756 255 128 128 255 
-0.0427808712831241 -0.147488961251251 0.900741031433264 255 128 128 255 
-0.03951042371762 0.29369850077059 0.545381253755913 255 128 128 255 
-0.0871043377237784 0.271977446533636 0.589515279878351 255 128 128 255 
-0.0368900065872198 0.283044905459499 0.590082682012683 255 128 128 255 
0.0241127294012911 0.19138418441578 0.838048519760622 255 128 128 255 
-0.0320043957523089 0.150035237448949 0.900955685810059 255 128 128 255 
-0.0419828472886249 0.132961306256112 0.918950396021875 255 128 128 255 
-0.0207789558187506 0.142037342387335 0.913864880941624 255 128 128 255 
0.184466174802906 0.0118879929545661 0.852435965998222 255 128 128 255 
0.00556683830696944 -0.148669230550115 0.907155855951892 255 128 128 255 
0.00112252507243841 -0.138916269178022 0.919569504765427 255 128 128 255 
-0.199583383105426 -0.255267990841204 0.40004708110521 255 128 128 255 
-0.197915986365727 -0.26199320442307 0.370824106687028 255 128 128 255 
0.180900871557033 0.262914290577191 -0.43035727994437 255 128 128 255 
-0.044121110007269 -0.312013342281053 0.453440081778288 255 128 128 255 
-0.0442983621150837 -0.320328623208124 0.404249626665121 255 128 128 255 
-0.0374064670538274 -0.331462445040104 0.331462445040002 255 128 128 255 
-0.21877775617708 0.217555445823965 -0.488310641805016 255 128 128 255 
-0.313315180132138 0.030281017632937 0.455338479649729 255 128 128 255 
0.310572340553247 0.0396234603525302 0.464540997326442 255 128 128 255 
0.31738148041939 0.0378489479735907 0.427424371495686 255 128 128 255 
-0.305160818812982 -0.090117192817375 0.435942641577033 255 128 128 255 
-0.314670468809859 -0.0534368208180028 0.430134856659775 255 128 128 255 
0.00263095648131146 0.30521163690346 0.504689289544342 255 128 128 255 
0.0423168314977587 0.302404471574009 0.504069971796662 255 128 128 255 
-0.297424888599333 0.0371303335413951 -0.530356538816815 255 128 128 255 
-0.0876374203489708 -0.30896031550126 0.418216742489375 255 128 128 255 
0.294360096747789 -0.0811305061349202 0.504142207709308 255 128 128 255 
0.294384116816546 -0.0415206381843179 0.541213481983772 255 128 128 255 
-0.295243130557402 -0.0788255745527962 0.502935423030187 255 128 128 255 
-0.296044260085383 -0.0419760462898496 0.533635035870977 255 128 128 255 
-0.0391026884107774 0.302500941096835 0.505680958811424 255 128 128 255 
-0.0389089958226016 0.31074042707369 0.464124579675515 255 128 128 255 
0.137528390656402 -0.204343839927778 0.717381316918033 255 128 128 255 
0.0903762120650852 -0.22636975004296 0.724369252224499 255 128 128 255 
0.255639378674532 -0.200918075061114 0.392738288564554 255 128 128 255 
0.0192293233872939 -0.226176935023114 0.766677097900471 255 128 128 255 
0.0257782586273718 -0.21413086337622 0.792380978199696 255 128 128 255 
-0.200942900200943 -0.254334507168043 -0.399358388127235 255 128 128 255 
-0.290673173690591 -0.0383145263751917 -0.558863838854656 255 128 128 255 
-0.267136962292839 -0.13433625500309 -0.533603543069765 255 128 128 255 
0.295655933348638 0.0386476909208894 0.537355845594488 255 128 128 255 
0.287985076104263 0.036823619930007 0.570674073817233 255 128 128 255 
0.28185242124123 0.0285306433304095 0.598298920462152 255 128 128 255 
-0.147965865025507 -0.256870374772412 -0.544967347238176 255 128 128 255 
-0.115624191633404 0.255277720911719 -0.609684010804086 255 128 128 255 
-0.15951402445334 0.286842764334859 0.371768282755837 255 128 128 255 
0.0201735432838231 0.212319818007694 -0.797562898280483 255 128 128 255 
-0.25183334614424 0.117270403835412 -0.618563454665 255 128 128 255 
0.0184904431911994 0.115007793177743 0.944166550311546 255 128 128 255 
-0.249818394695561 -0.026878350060861 -0.703524400542263 255 128 128 255 
-0.0012575720646574 0.250251868577478 0.706384568750028 255 128 128 255 
0.0333810602799433 0.261096518747822 0.667618356570477 255 128 128 255 
-0.00506933645699428 0.262096887741581 0.670996379501601 255 128 128 255 
0.141533675028113 0.00587118930075464 0.91622592165476 255 128 128 255 
0.147182754748608 -0.0150287547492142 0.908235085875887 255 128 128 255 
0.245336992075613 0.084891964411705 0.678840720761234 255 128 128 255 
0.232771771724806 0.0870234383242841 0.711304256535951 255 128 128 255 
-0.10543805050401 -0.232271669252301 0.692431344112592 255 128 128 255 
-0.0912328075061962 -0.223253440924875 0.731215251958442 255 128 128 255 
-0.052221155347185 -0.23853052047296 0.72319330151739 255 128 128 255 
-0.0242184284629845 -0.193913787448657 0.833359002324327 255 128 128 255 
0.00251375366358675 -0.197239300220358 0.829893173952115 255 128 128 255 
0.0862582046167921 0.00756018819722164 0.969545726440182 255 128 128 255 
0.106884686033051 0.00361514092675993 0.953153054317308 255 128 128 255 
0.0975968914788674 0.015937482740707 0.960086842869046 255 128 128 255 
0.200161827524875 -0.256420784770336 0.391751048860718 255 128 128 255 
0.159668279576399 -0.287229030266174 0.368841297496688 255 128 128 255 
0.198787392802715 -0.262422689093404 0.364613744662316 255 128 128 255 
0.198448851843855 -0.267869809512596 0.333032101552838 255 128 128 255 
-0.0493654008821831 0.113291363614595 0.93692313989938 255 128 128 255 
-0.0635338923487738 0.0908518171048281 0.949565748917365 255 128 128 255 
-0.0438984061485668 0.0978883787041271 0.952851695945682 255 128 128 255 
-0.163483392977375 -0.000403399864744396 0.886670236908574 255 128 128 255 
0.104268891556591 0.0434137569341837 0.947600092742821 255 128 128 255 
0.0907906825854816 0.0291078088511659 0.962952901937725 255 128 128 255 
0.10486852353807 0.0232078872620488 0.952739150338975 255 128 128 255 
0.209585781145438 0.00131041806504055 0.805342472985014 255 128 128 255 
0.212624129269016 0.0307356380915536 0.794210542416097 255 128 128 255 
0.191165813273901 -0.0283242612615711 0.837392882618784 255 128 128 255 
0.161809298067578 -0.00493469837404072 0.88901470510337 255 128 128 255 
-0.253064315483866 -0.0624496803719699 0.675624037524882 255 128 128 255 
-0.254180468788236 -0.0363277629352851 0.68744501465975 255 128 128 255 
0.0638425832924596 0.266063033031269 0.633306131169475 255 128 128 255 
-0.229581757643813 -0.0357964479569077 -0.753715223686613 255 128 128 255 
-0.00377005763276264 -0.124453950944026 0.935935873682417 255 128 128 255 
-0.0136026569101626 0.274220061984307 0.630036826680352 255 128 128 255 
0.00518821923099424 0.290014991059775 0.571764744156833 255 128 128 255 
-0.260769947901314 -0.125803610510589 -0.573916176353616 255 128 128 255 
-0.0592262568935156 0.269857905079819 -0.623980464838809 255 128 128 255 
0.0364241079259028 -0.289378325933861 -0.56521474333763 255 128 128 255 
0.175283969785057 -0.141684597995693 -0.770459620123914 255 128 128 255 
-0.176034075733415 -0.0755218155175342 0.840516304190067 255 128 128 255 
-0.186128544590674 -0.196516337854927 -0.643350531645625 255 128 128 255 
-0.177529506244478 -0.211751641897161 -0.623823784922347 255 128 128 255 
0.0723285797390418 0.205723589746542 -0.787128193090979 255 128 128 255 
0.0364513807067746 0.216461069362172 -0.783917844730189 255 128 128 255 
-0.175501608172138 0.169167169892921 -0.724329466998298 255 128 128 255 
-0.156321073200444 0.179149899553384 -0.740102881009683 255 128 128 255 
-0.266178688162996 -0.0359215458841596 0.65028326877108 255 128 128 255 
-0.258666129547233 -0.00438156040636041 0.681601764823682 255 128 128 255 
-0.269873943131566 -0.0044487381885864 0.645899425411796 255 128 128 255 
-0.280285987103565 -0.013976283618773 0.608239515922905 255 128 128 255 
-0.144725131446743 -0.0994821527754265 0.867907520983645 255 128 128 255 
-0.120524198409821 -0.105603184765449 0.891389393417898 255 128 128 255 
0.0346377788369087 -0.0991269938763492 0.954878261736672 255 128 128 255 
0.0397797631573275 -0.11862853121517 0.935285368159787 255 128 128 255 
0.0761724031755707 0.20924600436369 0.77673088942066 255 128 128 255 
0.0533422093970118 0.196977437107657 0.816600225596906 255 128 128 255 
0.08375762519025 0.191423987371366 0.806679681101129 255 128 128 255 
-0.217677030692173 -0.0476929212690904 0.776361156092118 255 128 128 255 
-0.217715706033183 -0.0759655439229795 0.758045388973334 255 128 128 255 
-0.231901312668379 -0.0143147734723845 0.753747212284633 255 128 128 255 
-0.244975767897833 -0.0074369706531882 0.72073047843084 255 128 128 255 
-0.213720395945809 -0.0055236296152778 0.796457473247234 255 128 128 255 
-0.228064249521255 0.018429342080257 0.762349269364128 255 128 128 255 
-0.242700642816971 0.042546920267958 0.717139370087418 255 128 128 255 
-0.237915826723726 0.00990305984386705 0.739177847206137 255 128 128 255 
0.268106695343122 0.198157249510868 0.332896178610857 255 128 128 255 
0.262822666904918 0.198269609311814 0.364564403028259 255 128 128 255 
0.25675389297369 0.199731829745865 0.391761357236327 255 128 128 255 
-0.00468048570681142 -0.255686529459605 0.690521278535559 255 128 128 255 
-0.00730047251599009 -0.267243996919712 0.654384243139202 255 128 128 255 
0.0644429029108047 0.258581562682092 -0.657161686541348 255 128 128 255 
-0.0361896034779506 0.200372678755791 -0.817513781912544 255 128 128 255 
0.0988520848716083 0.203549810835723 -0.768352716910731 255 128 128 255 
-0.223441431410363 0.0670564207654221 -0.751411233203831 255 128 128 255 
0.209723366599164 0.0315327187606799 -0.800108970094411 255 128 128 255 
-0.147440521957544 0.177551694725567 -0.757557586950098 255 128 128 255 
0.206763127092172 -0.192086756011245 -0.602340002246042 255 128 128 255 
0.195639144162603 0.0954047692357515 -0.788026545171438 255 128 128 255 
0.21586003386886 0.0730438129308832 -0.764560228759423 255 128 128 255 
-0.181603691728843 -0.136458479557055 0.766285449373889 255 128 128 255 
-0.186004548479826 0.129280046607708 -0.767796678163583 255 128 128 255 
-0.00313257935879271 -0.241974482248049 0.72904607201595 255 128 128 255 
-0.0125562615300301 -0.229931757394591 0.758808095421429 255 128 128 255 
-0.00414664740995009 -0.211771598567694 0.800677610501527 255 128 128 255 
-0.0460193087665955 -0.215221838959466 0.78262002893202 255 128 128 255 
-0.202444395041476 0.0621736754057217 -0.800753119489901 255 128 128 255 
0.206440379334551 0.00381972402662832 -0.811752493255649 255 128 128 255 
-0.18555174935307 -0.144018452126738 -0.747418124226179 255 128 128 255 
0.289914163384339 0.0343190364236613 -0.564070751399654 255 128 128 255 
-0.236457423473666 -0.0268760343499518 -0.739543454133312 255 128 128 255 
-0.220323657366905 -0.0596046856725858 -0.763700258865874 255 128 128 255 
-0.277533403640411 -0.083572842611636 0.572648231948611 255 128 128 255 
-0.261881723477273 -0.0769937830719815 0.635546402865976 255 128 128 255 
-0.274620121706008 -0.0516585097817116 0.612634850861313 255 128 128 255 
-0.00342487420455485 -0.160698026090263 0.890682471596568 255 128 128 255 
0.158088849936122 0.134154262181008 0.809990309898772 255 128 128 255 
0.175790155962183 0.106691982280852 0.813459953954668 255 128 128 255 
0.178449860623883 0.117225488181939 0.797063764100508 255 128 128 255 
0.17899294748694 0.130282305519176 0.779682164646254 255 128 128 255 
0.0553095833358206 -0.182565306795293 0.841953712680765 255 128 128 255 
0.157146552623093 -0.127177027857403 0.820394803302984 255 128 128 255 
0.15807082485104 -0.143258369943329 0.797449197643347 255 128 128 255 
0.159282482625699 -0.153894512003679 0.779464264089885 255 128 128 255 
0.178252627619625 -0.154914611985386 0.744190550403192 255 128 128 255 
-0.00492881210489907 -0.0693960487144162 0.980448449230663 255 128 128 255 
0.0855996281790486 -0.166122590759906 0.848886268067469 255 128 128 255 
0.0893766231774635 0.0447828247085245 0.959192649777016 255 128 128 255 
-0.0590044846161899 -0.194376950591751 0.818467178905751 255 128 128 255 
-0.0855602656185616 -0.193724610803368 0.800750709068629 255 128 128 255 
-0.0698559019896403 -0.20386942324434 0.792754236649387 255 128 128 255 
0.2915296377632 0.13498074673643 0.417522675467995 255 128 128 255 
0.302703873918266 0.11936370079665 0.391128255318232 255 128 128 255 
-0.0471490945743808 -0.0819765330743181 0.963563430539206 255 128 128 255 
-0.0404215964969076 -0.0763525532365141 0.969686060847653 255 128 128 255 
0.0874147253012594 -0.309739479171379 0.413957028272726 255 128 128 255 
0.122632089533641 -0.301716937473126 0.38913498674713 255 128 128 255 
0.137645205760986 -0.290628240623245 0.415586414953547 255 128 128 255 
-0.129582891709897 0.0593498520240518 0.9151431184771 255 128 128 255 
-0.133536899134342 0.0409905831746232 0.918641031658923 255 128 128 255 
-0.143496113290498 0.0435642509145654 0.905587188315745 255 128 128 255 
0.098520483649135 0.0715947184572756 0.938798848454918 255 128 128 255 
0.118580751969652 0.0432649559579207 0.934095276712918 255 128 128 255 
-0.0335107263636704 -0.204810526224221 0.809590892148958 255 128 128 255 
0.0423830736694052 -0.240975537000542 0.721855528846773 255 128 128 255 
0.0115229330372001 -0.235559148798998 0.745005275263263 255 128 128 255 
-0.0698451709464442 -0.178721519050674 0.83990604035666 255 128 128 255 
-0.27904973908435 0.080960951475498 0.569747111497563 255 128 128 255 
-0.298010087752799 0.0358872166791312 0.528409547470868 255 128 128 255 
-0.290366118009791 0.0365675186178397 0.561072743861918 255 128 128 255 
-0.284620686479982 0.0282578402403995 0.587826794006674 255 128 128 255 
0.226966618818371 -0.106596850249626 0.704972222192937 255 128 128 255 
0.133697713995581 -0.127126932794114 0.853058763432707 255 128 128 255 
0.13532358113756 -0.143084147366061 0.830491191445595 255 128 128 255 
0.0966305575157836 0.172683002835865 0.828700713934781 255 128 128 255 
0.101464229001182 0.152549855204512 0.855259256689162 255 128 128 255 
-0.235534412288155 0.112737808177797 0.674173278071274 255 128 128 255 
-0.226671064340397 0.0915213918857614 0.722462658956713 255 128 128 255 
0.157005100246119 0.165731532662348 0.763583194984577 255 128 128 255 
0.135657790187828 0.16151193024138 0.802550203334811 255 128 128 255 
0.126204271211987 0.147685125360574 0.835519365286983 255 128 128 255 
0.134937761053319 0.122087863246691 0.857374369266657 255 128 128 255 
0.144772477721826 0.128341805318775 0.836991321867675 255 128 128 255 
0.11100532109789 0.132341475033383 0.872529879890829 255 128 128 255 
0.116041574355806 0.108158412435388 0.893693941849424 255 128 128 255 
0.125875187020217 0.115362637435261 0.875657002685329 255 128 128 255 
0.150637600260981 0.0747958426282742 0.87960852306174 255 128 128 255 
-0.21596738675819 0.0252523683247621 0.788519638399362 255 128 128 255 
-0.160783056645939 0.0293604722109427 0.886732249306812 255 128 128 255 
-0.184231102953392 0.0556544810583576 0.838863410146112 255 128 128 255 
-0.2237500950788 0.0715204325397269 0.747372539267606 255 128 128 255 
0.140546460275265 0.078305626862272 0.890460199215588 255 128 128 255 
-0.013264401136872 0.0952463850241508 0.96229800356791 255 128 128 255 
0.133414869706612 0.18909022586305 0.756017758611507 255 128 128 255 
0.118581228561137 0.167868783075027 0.81367591697843 255 128 128 255 
0.0939799823341652 0.146198206061108 0.870833379186112 255 128 128 255 
0.099278075698824 0.122337487138268 0.895220205919571 255 128 128 255 
0.0882148522096585 0.123566796335566 0.903103034775582 255 128 128 255 
0.0670420800799427 0.101428026822985 0.939011030434921 255 128 128 255 
-0.0763741682779003 0.11187823845772 0.923689284938345 255 128 128 255 
-0.0817120900383963 0.132007532323645 0.898430372213674 255 128 128 255 
0.130377632297896 -0.0890614149972844 0.894739004234802 255 128 128 255 
0.0121920223089728 -0.106949452354844 0.952525769151593 255 128 128 255 
0.0183569905379358 0.136668089666399 -0.920803342144356 255 128 128 255 
0.00380676530617363 0.128778003791238 -0.931243185336731 255 128 128 255 
0.0421704611295634 0.0249330521093383 -0.990353452149806 255 128 128 255 
0.0335056745274212 0.0240674092106402 -0.993169188289444 255 128 128 255 
-0.0640174977562476 -0.0188953829720679 -0.98201720675835 255 128 128 255 
0.134317581422573 0.235664800830609 0.641379011614058 255 128 128 255 
0.163329207393081 0.221310433581495 0.628300929113008 255 128 128 255 
-0.0660047853460739 -0.147519639176317 0.889410211421343 255 128 128 255 
-0.0965754117307501 -0.127353102905556 0.891983724802155 255 128 128 255 
-0.0889346889542247 -0.146097376409746 0.875196779134032 255 128 128 255 
-0.127131039597929 -0.119767909981964 0.869451986588201 255 128 128 255 
-0.114408281288464 -0.124432434398847 0.878304337379055 255 128 128 255 
-0.0743236495833577 -0.127303520184931 0.908932590046925 255 128 128 255 
-0.0333694997856288 0.12154436524164 0.934295213161375 255 128 128 255 
0.109629625255691 -0.23668313485826 0.675055044821157 255 128 128 255 
0.0785219652722068 -0.239818924436272 0.700406624202951 255 128 128 255 
0.0826638699299097 -0.258852665719629 0.639762232795467 255 128 128 255 
0.0699932491645889 -0.250471170476967 0.677437095277846 255 128 128 255 
0.226330503450131 0.17518387743441 0.587095250925566 255 128 128 255 
0.224459096508474 0.16751542422639 0.610289727977129 255 128 128 255 
0.117232705454323 -0.252116667598108 0.617696763091325 255 128 128 255 
0.0785774406220949 -0.278095106433267 0.576115503532872 255 128 128 255 
-0.0709179736524162 -0.249005966347468 0.680979663799436 255 128 128 255 
0.127009328933022 -0.25920512227204 0.577451811321115 255 128 128 255 
0.150805012892431 -0.240849014620996 0.59497620984918 255 128 128 255 
0.0746439659486693 0.10808396615855 0.928422892965961 255 128 128 255 
-0.0880875984938018 -0.275311763871489 0.575805141799883 255 128 128 255 
0.135547784793891 -0.280527171394407 0.472704850305415 255 128 128 255 
0.162284417145981 -0.249702580685124 0.538979148813471 255 128 128 255 
0.116008877190413 -0.276764650842744 0.528721059198448 255 128 128 255 
0.271827452121494 -0.123573637212628 0.5354576594062 255 128 128 255 
0.277327856910728 -0.139935911036059 0.477553057133175 255 128 128 255 
0.0218756388562318 -0.136456548680097 0.920439300752404 255 128 128 255 
0.0423094693152398 -0.142074564922463 0.907853403333469 255 128 128 255 
0.0948374468337208 0.252949602502921 0.645119182271383 255 128 128 255 
0.0666394269767759 0.257525845362756 0.658723758718208 255 128 128 255 
0.137478962255068 0.278969482512038 0.475608901606616 255 128 128 255 
-0.223986268211116 0.211808131616687 0.489632143604811 255 128 128 255 
-0.252258896741334 -0.117446180895553 0.616907261552627 255 128 128 255 
0.108307479243723 0.0461400203170341 -0.942934094789538 255 128 128 255 
0.117459951613928 0.0432783198771351 -0.9352225222489 255 128 128 255 
-0.12780804828132 -0.0669865713756271 0.91292013279769 255 128 128 255 
-0.158212032832786 0.108476345399262 0.840008676892276 255 128 128 255 
-0.168321548512496 0.0851494703421472 0.845777384343343 255 128 128 255 
0.121331246920354 0.00429947790097331 -0.939192174119659 255 128 128 255 
0.117744824345282 0.253741619534538 0.611564173256534 255 128 128 255 
0.121259946150264 0.25836292920061 0.590217720283999 255 128 128 255 
0.0762850780339866 0.185768417581976 0.823022143500504 255 128 128 255 
-0.0354470840533815 0.0672055303334267 0.976634712703524 255 128 128 255 
-0.0290803728700944 0.0571472865301541 0.983416572665636 255 128 128 255 
0.019460792704459 -0.120297273617106 0.938721865301213 255 128 128 255 
0.121917659056952 0.0235794920248516 0.936290929872091 255 128 128 255 
-0.13069155130853 0.0632623624044416 -0.91177887104085 255 128 128 255 
0.224703815438391 -0.227123534224176 0.428234219195685 255 128 128 255 
0.214759803977168 -0.220391751385465 0.492387344183752 255 128 128 255 
0.200195690203015 -0.242255682435567 0.458116721395782 255 128 128 255 
0.17942468074236 -0.253215430640683 0.479071724783079 255 128 128 255 
0.178227062293287 -0.26457906202737 0.431119545649684 255 128 128 255 
-0.00185171032143993 0.205808813174875 0.813089362074826 255 128 128 255 
-0.0331182997928745 0.202174681740944 0.815002202553395 255 128 128 255 
-0.0740805672683369 0.180172127609801 0.834506191365527 255 128 128 255 
-0.0804593198156366 0.144534373341744 0.883792338059987 255 128 128 255 
-0.130142400281122 0.0809182713859373 0.901177836636935 255 128 128 255 
-0.215469050707387 0.145030093704094 0.678465059818451 255 128 128 255 
0.241958891261699 -0.171874136032415 0.543434143612761 255 128 128 255 
0.204968515141542 -0.214476174118304 0.54396939749558 255 128 128 255 
-0.162038560368699 -0.234901620740364 0.590353891321765 255 128 128 255 
-0.147593835583995 -0.257765222419187 0.542388188902319 255 128 128 255 
-0.132319858859293 -0.254382394858834 0.585019941626015 255 128 128 255 
-0.0822251015985809 0.252701199449676 0.65958233428316 255 128 128 255 
-0.131861877443472 0.2366734810736 0.642482885984224 255 128 128 255 
-0.195266498124218 0.173699228577025 0.673495644815507 255 128 128 255 
-0.258841798697685 0.086721729723324 0.635485572643786 255 128 128 255 
-0.250970808018373 0.0723065979323928 0.674005323499543 255 128 128 255 
-0.17715060687069 -0.250396795482244 0.497345660417134 255 128 128 255 
0.0657573171985398 0.148012473792999 0.888901712906195 255 128 128 255 
-0.0502988570511162 -0.178188854514855 0.85190963152268 255 128 128 255 
-0.0264537884782852 -0.180308606353356 0.856920071312165 255 128 128 255 
-0.16810650697573 -0.216393997147618 0.631910230347178 255 128 128 255 
-0.204747744462317 -0.197223763890501 0.594515471497455 255 128 128 255 
-0.188044364406096 -0.182975158753005 0.670279728441298 255 128 128 255 
-0.128303177854631 -0.243306730733428 0.628268010562707 255 128 128 255 
-0.182280215211225 0.260837635641622 0.435776224924542 255 128 128 255 
-0.20672596516054 0.23595087857237 0.461229260289383 255 128 128 255 
-0.229569313786398 0.222065515640998 0.428810501408137 255 128 128 255 
0.192701286715137 -0.207799630095403 0.597899171617469 255 128 128 255 
-0.139541147503913 0.276798368412991 0.480922757092085 255 128 128 255 
-0.25925608680684 0.128833250154975 0.574026216949458 255 128 128 255 
0.253311617896337 0.00250467611237589 0.697578193932194 255 128 128 255 
0.204850006445729 -0.029517764791346 0.810753594548435 255 128 128 255 
0.184261317793261 -0.0551033512701116 0.839101344744378 255 128 128 255 
0.152492513162623 -0.110350131063128 0.84649336989835 255 128 128 255 
0.0631028493417846 -0.111642797271501 0.931896622728407 255 128 128 255 
0.040593958026885 -0.13211361561914 0.920426521803752 255 128 128 255 
-0.240636272584794 0.172793491056868 0.545795491638586 255 128 128 255 
0.158181000957919 -0.180014829594762 0.735246509192095 255 128 128 255 
0.202310521358543 -0.155651703090948 0.691913030710177 255 128 128 255 
0.171244662014685 -0.179652203246327 0.712181671247049 255 128 128 255 
-0.137824957214781 0.249847655351457 0.590460249888758 255 128 128 255 
-0.169042199183243 0.225691374785499 0.603245357263267 255 128 128 255 
-0.173034428307054 0.207201403738268 0.645765531408691 255 128 128 255 
-0.136649452703436 -0.190287301008151 -0.748960166675519 255 128 128 255 
-0.112467179633874 -0.279335081013993 0.524007897882288 255 128 128 255 
-0.132341798166865 -0.280909959734187 0.478122935551693 255 128 128 255 
-0.268834146837 0.0364845761962486 0.641230148045684 255 128 128 255 
0.0865314500895013 0.0614380665822456 0.953887498453402 255 128 128 255 
-0.0828332427817241 -0.0780400917764981 0.946777260352834 255 128 128 255 
0.069145801983432 0.0756352224615345 0.957071239425296 255 128 128 255 
0.051074789262922 0.0562794522753335 0.976622707434344 255 128 128 255 
0.0452387851546514 -0.117843259712329 -0.934093862733607 255 128 128 255 
0.0346028083371212 -0.102803996786916 -0.95177301355686 255 128 128 255 
-0.120913931908119 0.0942462853723874 0.901099141651982 255 128 128 255 
-0.121531819027148 0.271898284588248 0.538897504210917 255 128 128 255 
-0.28573860451762 0.125471477613774 0.469981220654097 255 128 128 255 
-0.299541077392565 0.0699868368813272 0.492966166383375 255 128 128 255 
-0.283666868273583 0.105483582772734 0.516962734551668 255 128 128 255 
0.237762490945271 -0.131709744070178 0.639508996255019 255 128 128 255 
0.265418074145022 0.0397358117184726 0.650994548902458 255 128 128 255 
0.226802618090487 0.225053028360515 0.428127807331719 255 128 128 255 
0.218882017644633 0.215988885991467 0.493472700745051 255 128 128 255 
0.241919401126569 0.200476280461121 0.45855651853819 255 128 128 255 
0.252913105361069 0.17962543841465 0.479746983464507 255 128 128 255 
0.249366231272695 0.163288521073925 0.53779755177216 255 128 128 255 
0.17323345637429 0.220253417239056 0.609777661358072 255 128 128 255 
0.180343796242796 0.222285943950129 0.586958716713816 255 128 128 255 
0.0280512553383547 0.148962358805863 -0.903430533238237 255 128 128 255 
0.197233573828521 0.192865657383859 0.625470860315039 255 128 128 255 
0.208777127560241 0.204719368309985 0.562153351167346 255 128 128 255 
0.0144037198455783 0.115862245863928 -0.943900289615766 255 128 128 255 
-0.0323876408058406 -0.183153459258668 -0.850439168195895 255 128 128 255 
0.280733552776534 0.134092847711427 0.475038508387967 255 128 128 255 
-0.129086889344185 0.261077901507483 0.566920776134441 255 128 128 255 
0.264863467742883 0.177560549566291 0.431921887123802 255 128 128 255 
-0.143601625437311 -0.190164748213864 0.738733721092736 255 128 128 255 
-0.0368301778956346 -0.210011075602116 -0.797691089441581 255 128 128 255 
-0.206442183402572 -0.0374236828577167 0.804890486842021 255 128 128 255 
-0.240146419951157 0.0802707340382265 0.697918624553743 255 128 128 255 
0.200981890921518 0.255765079870341 0.391821273615992 255 128 128 255 
0.233313407315216 0.232542789480659 0.363193382002439 255 128 128 255 
0.199104862884927 0.262180576838768 0.364621353801372 255 128 128 255 
0.198527911548701 0.267818354158968 0.332986202590769 255 128 128 255 
-0.135471124402548 0.0436541996900104 -0.915387938576375 255 128 128 255 
-0.224980689883447 -0.152597958032316 0.639359105720695 255 128 128 255 
-0.21335678841917 -0.147411671760526 0.679697947783984 255 128 128 255 
0.296249323120881 0.0757285794799246 0.502007833632867 255 128 128 255 
0.0265574211060289 -0.283503869370336 0.592757906853056 255 128 128 255 
0.0359383693065633 -0.289532720721198 0.564830817726467 255 128 128 255 
-0.000146539529781449 -0.293320572422127 0.558304613861836 255 128 128 255 
-0.267864813881992 0.173124928124855 0.431519791691933 255 128 128 255 
-0.245424922062762 0.196034769944457 0.459016096196314 255 128 128 255 
0.173908600708662 -0.196997212903664 0.669016370764919 255 128 128 255 
0.0941771324467828 -0.200138091217161 -0.780130177383083 255 128 128 255 
0.103399943071653 -0.177876445753247 -0.813232639692521 255 128 128 255 
0.117301243517791 -0.179808753538773 -0.794527418977409 255 128 128 255 
-0.113269190183641 0.0594814922041173 0.932231908587827 255 128 128 255 
0.0577468311058875 -0.129454812847859 0.916108085571817 255 128 128 255 
0.0579051873430115 0.169078965099599 -0.862829253188744 255 128 128 255 
0.0358546803623569 0.161359512091486 -0.883979834999289 255 128 128 255 
0.0364069317138965 0.174420376386879 -0.863722484755473 255 128 128 255 
0.0416962315515765 0.18282797617445 -0.847751623845244 255 128 128 255 
0.175113479253463 -0.0627050931322299 -0.85042736664096 255 128 128 255 
-0.135993196411986 -0.290312618711401 0.421657870176321 255 128 128 255 
-0.120957825312767 -0.301642581639145 0.393760863099294 255 128 128 255 
-0.00636906414553603 0.122211758563358 -0.938184288288925 255 128 128 255 
-0.139188240533563 0.288888633638408 0.421141042324298 255 128 128 255 
-0.0873712228386567 0.308484963939675 0.4214566093652 255 128 128 255 
-0.122306053147752 0.301077016133048 0.393891895624174 255 128 128 255 
-0.00896761494871654 -0.215391830683692 -0.792595397463619 255 128 128 255 
0.0181013986282758 -0.217417787261696 -0.786901995985876 255 128 128 255 
0.176672729579971 0.0998666570909048 -0.818845011762789 255 128 128 255 
0.0777251954879643 0.168537397948843 -0.851135421094822 255 128 128 255 
0.0683524976326931 0.183967202529098 -0.831788415480681 255 128 128 255 
0.139548500105956 0.155822008301835 -0.806204485334438 255 128 128 255 
0.143405366688359 -0.217526925885121 0.675970002697002 255 128 128 255 
0.197365185598477 0.0669273359910308 -0.807800531584082 255 128 128 255 
0.00970369667947361 0.0990338983434722 -0.959575425333445 255 128 128 255 
0.0146919054498458 0.0887048102196208 -0.967121934185591 255 128 128 255 
-0.166329747607805 0.157231385995045 -0.762168979444703 255 128 128 255 
-0.151534191288646 0.153866260735325 -0.791770466500128 255 128 128 255 
-0.134894757931387 0.150474269526745 -0.820540725963501 255 128 128 255 
-0.151419861940104 0.127446400987843 -0.828634719401802 255 128 128 255 
-0.264171958479837 -0.174584494813155 0.444822645828149 255 128 128 255 
-0.240782792025704 -0.196876238270068 0.47550720560709 255 128 128 255 
-0.225418347391309 -0.223272827437786 0.441232585436225 255 128 128 255 
-0.202278031415253 0.25438368724088 0.393675208486848 255 128 128 255 
-0.199452481216916 0.261641106089492 0.366198103838926 255 128 128 255 
-0.197987220571371 0.268012738410403 0.334307747960075 255 128 128 255 
-0.259312476563168 -0.124810547459648 0.580891451142511 255 128 128 255 
-0.24127402463039 -0.153194855932383 0.588680987939664 255 128 128 255 
-0.177027224542032 -0.263227710093058 0.441565382966395 255 128 128 255 
-0.199941857776882 -0.238504873026536 0.47445693022919 255 128 128 255 
0.291588283845399 0.00143056668613812 0.565503043882999 255 128 128 255 
0.179754066360005 0.263338757285491 0.432121537451232 255 128 128 255 
0.182669754712301 0.250669830640657 0.479969831199358 255 128 128 255 
0.202880554551925 0.239891829799919 0.458618676146363 255 128 128 255 
-0.256465835338619 -0.197555054201477 0.401967744138037 255 128 128 255 
-0.26297345996144 -0.196151662410738 0.372767767546583 255 128 128 255 
-0.268906596960324 -0.195851154756213 0.33860349090338 255 128 128 255 
-0.280111731649673 -0.109380573906759 0.52591481898092 255 128 128 255 
-0.280732704648183 -0.130243256183619 0.483535377622044 255 128 128 255 
-0.07881822535649 0.155237127279062 0.870352199780023 255 128 128 255 
-0.287341579396269 -0.037439726548604 0.572943813924132 255 128 128 255 
-0.281030835950207 -0.046824932994426 0.592142498307243 255 128 128 255 
0.250141208685894 -0.138828055421833 0.587578968223509 255 128 128 255 
0.228149060621866 -0.166031332034761 0.602538510575077 255 128 128 255 
0.208866717079027 -0.173166485135801 0.641174142882844 255 128 128 255 
0.260837885187305 -0.131379869953732 0.563580812807391 255 128 128 255 
-0.201578481188323 0.0982827787974307 0.77307990990955 255 128 128 255 
-0.177584580677177 0.109725371557304 0.807088859227619 255 128 128 255 
-0.183230967022636 -0.103597901979691 -0.803461902186503 255 128 128 255 
-0.145048770860682 0.0454533187865648 -0.902861442673684 255 128 128 255 
-0.0621120636941313 -0.190428676600331 -0.824034017202636 255 128 128 255 
-0.147539515246072 -0.0825886721948468 -0.878230953607665 255 128 128 255 
0.136925902333175 0.290550842221283 0.417913530332013 255 128 128 255 
0.15959204539715 0.287149400660383 0.369600430856204 255 128 128 255 
0.120862000329668 0.302054919231478 0.391460803396901 255 128 128 255 
-0.109419264905115 -0.0363263840904887 -0.945337263220407 255 128 128 255 
0.038086044024481 0.0695525311522392 -0.974523055708564 255 128 128 255 
0.0106615249240515 0.0818893559069082 -0.972339303887051 255 128 128 255 
-0.040281441198966 -0.110461170387846 -0.943083177616695 255 128 128 255 
0.0785012536495883 -0.0142041717391874 -0.974210630321032 255 128 128 255 
-0.06027566052122 -0.0403166085402191 -0.978739661555117 255 128 128 255 
0.101618863952314 -0.00429523619728842 -0.957727129178293 255 128 128 255 
-0.100637947571333 -0.0345813963608747 -0.953629405368982 255 128 128 255 
-0.101235498014153 -0.091135484325713 -0.922803106539891 255 128 128 255 
-0.242535625036333 -0.242535625036333 0.242535625036333 255 128 128 255 
-0.0790889890825039 -0.296346990371749 0.497380058873241 255 128 128 255 
0.0573800452454752 -0.0385225140710401 -0.980708096160982 255 128 128 255 
-0.0376490352086744 -0.120882940158126 -0.933680301485035 255 128 128 255 
-0.0934374074684919 -0.0660886279251102 -0.946157466563097 255 128 128 255 
0.0170746343128381 -0.0918223114427549 0.964477555515106 255 128 128 255 
-0.179598375845143 0.122620042568566 0.788460500712364 255 128 128 255 
0.125762821667405 -0.116135109834495 0.874969015666402 255 128 128 255 
-0.232861735347378 -0.231514699471842 0.37068934550342 255 128 128 255 
0.149250401134567 -0.227271680828921 0.639198735964391 255 128 128 255 
0.121805248383811 -0.267419867009244 0.556058177436354 255 128 128 255 
0.30339541745832 0.0386485585911103 0.501657300428995 255 128 128 255 
-0.0798091603585802 0.294062770452993 0.507208267597181 255 128 128 255 
-0.305818538460231 0.0326142317815604 0.493245006703062 255 128 128 255 
0.0821643960002764 0.310347946295022 0.418885114607718 255 128 128 255 
0.225475035491052 0.156796727749946 0.629766862175519 255 128 128 255 
0.262482437315192 -0.180655717556029 0.4332800771881 255 128 128 255 
0.24882531294335 -0.184619697363981 0.481676361948494 255 128 128 255 
0.238802191677724 -0.203962351297162 0.459328801336814 255 128 128 255 
0.331496351577179 -0.0370669069729028 0.331496351577081 255 128 128 255 
-0.103781798930324 -0.10851584376655 0.905333745358713 255 128 128 255 
-0.0688174973590102 -0.118848684642036 0.921473348569404 255 128 128 255 
0.15447793386276 0.0147420083167107 0.898528754371087 255 128 128 255 
-0.0638269739947196 0.130418264550875 0.911777132243908 255 128 128 255 
-0.124307655729428 -0.0868998362341715 0.903309578946818 255 128 128 255 
0.0615225242645668 -0.0746854118503559 0.961819391565532 255 128 128 255 
0.265302684090132 -0.00231486969497603 0.660963655130445 255 128 128 255 
0.072280312391919 -0.119319847827975 0.918861599764963 255 128 128 255 
-0.0806894485061271 -0.0355513927166551 0.968402029215669 255 128 128 255 
-0.242535625036333 0.242535625036333 0.242535625036333 255 128 128 255 
0.242535625036333 0.242535625036333 -0.242535625036333 255 128 128 255 
-0.0864203147169485 -0.0428910489333023 0.962047344780149 255 128 128 255 
0.120106375457584 0.313509836758545 0.313509836758387 255 128 128 255 
-0.0993303586986129 -0.0606337252977056 0.944275514193826 255 128 128 255 
-0.0302168049936391 0.0488884484621598 0.986698998745027 255 128 128 255 
-0.0483486026694506 0.0870370708567049 0.959528886874262 255 128 128 255 
0.110691263503341 0.0959151286991555 0.910154850808345 255 128 128 255 
-0.107559413241508 0.050823164054493 0.941692001920188 255 128 128 255 
-0.00780961804475142 0.140869629806091 0.916928598373579 255 128 128 255 
-0.173075851509842 -0.0192643967688958 -0.870281016442342 255 128 128 255 
-0.242535625036333 -0.242535625036333 -0.242535625036333 255 128 128 255 
-0.0481813612862245 0.275632594920366 0.611262463481696 255 128 128 255 
-0.0542624675727858 0.267936616388356 0.634132770759806 255 128 128 255 
0.0852688570087418 -0.0759477663138966 0.946408613469505 255 128 128 255 
-0.190489329396593 0.216587437023762 0.578298811914577 255 128 128 255 
0.136172420645033 0.0263389116857946 0.919840563998764 255 128 128 255 
-0.0581422689194352 0.122675155183357 0.923342979948993 255 128 128 255 
-0.153634897848926 -0.0353880543109104 0.895070959089843 255 128 128 255 
0.026120737662406 0.201642845104214 0.818084927684084 255 128 128 255 
0.101390379352431 0.0596150739314821 0.943042029495093 255 128 128 255 
0.0800720750778678 0.294741622835013 0.503712597232425 255 128 128 255 
-0.0775665971733451 0.0452822177263825 0.967193646077721 255 128 128 255 
-0.0778215976480779 0.0759909959500826 0.951500569448872 255 128 128 255 
-0.0673120259658096 0.0749945765532648 0.958519293062843 255 128 128 255 
-0.0575633204270736 -0.164169640194479 0.87056207849094 255 128 128 255 
0.0266197696087367 -0.111679245001913 0.945808157583925 255 128 128 255 
0.0343402456888578 -0.267338892634419 0.647151301852923 255 128 128 255 
-0.293853032233321 0.00018868548755651 0.556060050381562 255 128 128 255 
0.0480950074082027 -0.0231651183692153 0.988535269941229 255 128 128 255 
0.203376980933931 -0.134167643748244 0.724634194357144 255 128 128 255 
-0.0386694681930016 0.256994835090141 0.677987072789151 255 128 128 255 
0.0710752655664474 -0.222698333822093 0.750219971952683 255 128 128 255 
0.038351429228675 -0.0380000602274368 0.988271878591891 255 128 128 255 
-0.249873794159433 -0.0253294851398884 0.703826698805443 255 128 128 255 
0.299679852144965 0.154809510472401 -0.29967985214497 255 128 128 255 
-0.182737705187121 -0.102398604194564 0.805587739316862 255 128 128 255 
0.087054170214315 -0.412756355721952 0.310041169477135 128 255 128 255 
0.043251897234098 -0.330829647526988 0.330829647526998 128 255 128 255 
0.0335773366985093 -0.393206388993627 0.323335956786614 128 255 128 255 
-0.158303620699743 0.370258022011028 0.287756054278133 128 255 128 255 
-0.115372979531653 0.315086005524199 0.315086005524201 128 255 128 255 
-0.100642873462896 0.358670800762165 0.31430938302751 128 255 128 255 
-0.0541959006796343 0.967950587599291 -0.0703332132509142 128 255 128 255 
-0.0355000993781211 0.973556555529357 -0.07254789154126 128 255 128 255 
-0.0431378554779402 0.966761018890073 -0.079440335379076 128 255 128 255 
0.0369976769263514 -0.448893536127976 0.31375623194243 128 255 128 255 
-0.00644500145410375 0.412672064331552 0.321980066333146 128 255 128 255 
-0.0374064576245375 0.331462445985956 0.331462445985859 128 255 128 255 
0.00747485610754924 0.360635214349953 0.32967696511425 128 255 128 255 
0.315082475158053 0.315082475158317 -0.115383825619648 128 255 128 255 
0.292625012394873 0.380309105781573 -0.145914950484761 128 255 128 255 
0.317004232809292 0.35395504012459 -0.0940625887725744 128 255 128 255 
0.039846487947046 0.450367901441109 0.313142660950707 128 255 128 255 
0.0348427543284594 0.393835148097365 0.323106333612909 128 255 128 255 
0.0432518897270551 0.330829648399116 0.330829648399116 128 255 128 255 
0.308446502760906 0.415990838781654 -0.0907173213529549 128 255 128 255 
-0.21836980995119 0.654814909629132 0.154002534187884 128 255 128 255 
-0.184371233994476 0.688284038278992 0.178298516934776 128 255 128 255 
-0.208348715032632 0.695160278859218 0.14555008559315 128 255 128 255 
0.125366239737739 -0.925417194650816 -0.047261824557274 128 255 128 255 
0.129430735673273 -0.908948397574809 -0.0705285967819886 128 255 128 255 
0.137003499189154 -0.910551366671786 -0.0509123424264012 128 255 128 255 
0.0189994332548557 0.7639215158899 -0.227358764868025 128 255 128 255 
0.0432374006837186 0.723580150753741 -0.240175898997815 128 255 128 255 
0.0133246167481072 0.743506611381645 -0.236055487493519 128 255 128 255 
0.048489106779117 0.942469435726545 0.107785558627004 128 255 128 255 
0.0625165361373592 0.943635732259924 0.0989223555987579 128 255 128 255 
0.0482050759374149 0.949766652616745 0.0995950989597376 128 255 128 255 
0.047870767742414 0.959063663301389 0.0879374752110994 128 255 128 255 
0.202408586825855 -0.793949950244615 0.0723615252028313 128 255 128 255 
0.185275330847837 -0.83464728669511 0.0599460705697098 128 255 128 255 
0.201107393449927 -0.811354331158115 0.047632262755043 128 255 128 255 
0.215028453671837 -0.788261526684116 0.0330640010181959 128 255 128 255 
0.0350224449250102 0.979891537285104 0.0612372423461331 128 255 128 255 
0.0455767640693103 0.970362475391746 0.0722657686779886 128 255 128 255 
0.0496696493243015 0.974018209606491 0.0628012075377247 128 255 128 255 
0.0516418579120058 0.979206032767096 0.049775104920498 128 255 128 255 
0.00937950637388785 0.986121422822286 0.0579447330288367 128 255 128 255 
0.0238925713533532 0.988770138573446 0.0471258576665235 128 255 128 255 
0.0107809179018397 0.991124415529158 0.0457473592339721 128 255 128 255 
-0.00208914323016713 0.99200525439297 0.0445682873664767 128 255 128 255 
0.0178759729102594 0.87825451142886 -0.168119210434191 128 255 128 255 
-0.0164306700529513 0.87349922551291 -0.171332757207886 128 255 128 255 
-0.00415813893770292 0.889425154432654 -0.161548972890304 128 255 128 255 
0.0045522867535187 0.903001850673259 -0.151831257305656 128 255 128 255 
-0.015437198349291 0.975444042450219 0.076323698100575 128 255 128 255 
-0.0111848368609665 0.965006816151221 0.0920333067037617 128 255 128 255 
-0.00394108562978261 0.97066672947035 0.0849130749275323 128 255 128 255 
0.00668595010593266 0.97584348542863 0.0769511790572831 128 255 128 255 
0.0659586264125836 0.977479202815324 0.0348749202366016 128 255 128 255 
0.0522938302158504 0.983870721888942 0.0355690249485526 128 255 128 255 
0.0526134194341612 0.986887290323237 0.0221023159834283 128 255 128 255 
0.037246552118501 0.984939898026489 0.0484702890044301 128 255 128 255 
0.048479189975229 -0.990554460122435 2.69105928760641E-05 128 255 128 255 
0.0396871033366568 -0.992936310103789 0.0135874626572951 128 255 128 255 
0.0378988015109866 -0.994235483474473 0.0008100876615833 128 255 128 255 
0.0257791286832003 -0.997331827092596 0.00126086260713103 128 255 128 255 
0.121450399977637 0.807679647527474 0.16942985907199 128 255 128 255 
0.0939016669427656 0.837038693919008 0.169124956998904 128 255 128 255 
0.0941188594334546 0.813267596104479 0.182937460037878 128 255 128 255 
0.068682221262083 0.824333633017179 0.187994692379945 128 255 128 255 
0.0526156786395943 0.988809948655158 -0.00366754321034305 128 255 128 255 
0.0646771456895467 0.982114997535196 -0.0157522398689686 128 255 128 255 
0.0524357344675658 0.987882452469029 -0.0161717720533803 128 255 128 255 
0.052144986705463 0.98575085960812 -0.0285972989738065 128 255 128 255 
0.0435428038865302 -0.937010809008183 0.115565422323741 128 255 128 255 
0.0376288383724517 -0.951498292270757 0.102056080786037 128 255 128 255 
0.0513990801718857 -0.941198011686273 0.107825888203445 128 255 128 255 
0.0633238876705344 -0.946033127339788 0.0954868949219883 128 255 128 255 
-0.0142875672527086 0.995483215201196 0.0303728715136081 128 255 128 255 
-0.0151042603473548 0.991521271893183 0.0433884453396191 128 255 128 255 
-0.0283966214550702 0.989625508075359 0.0421165153046307 128 255 128 255 
-0.090826242717902 -0.894707190266058 -0.12918191790282 128 255 128 255 
-0.0803547621381067 -0.921914138484802 -0.110916175399537 128 255 128 255 
-0.0983671398198195 -0.906402832662489 -0.112375010665885 128 255 128 255 
-0.102464769254167 -0.915464828611272 -0.0986989658475995 128 255 128 255 
-0.148991440489755 0.900984789043 -0.0364670539786028 128 255 128 255 
-0.141350026618116 0.915279958453605 -0.0174067070013587 128 255 128 255 
-0.13614962862444 0.918852058413441 -0.030448972714085 128 255 128 255 
-0.126742395929464 0.923525406914882 -0.0482074963640618 128 255 128 255 
0.0582094981455775 0.927585190760415 0.118574308230967 128 255 128 255 
0.0392555942052781 0.937138191295883 0.116963665137599 128 255 128 255 
0.0146701920958439 0.992964277396455 -0.0392113298005775 128 255 128 255 
0.00277232572611687 0.996278247821194 -0.0303483239113315 128 255 128 255 
0.0146964976078778 0.995714040018555 -0.0292097030992768 128 255 128 255 
0.0269240517935554 0.993683620421913 -0.0291410904692806 128 255 128 255 
0.0386098068245502 0.989029561572854 0.0351688547754131 128 255 128 255 
0.02621833915119 0.995433032141147 0.0212540182034917 128 255 128 255 
0.0251872316590286 0.992760210267392 0.0341906262231119 128 255 128 255 
0.110258375045327 0.935002452939816 0.0597025247255102 128 255 128 255 
0.108323509096305 0.945066836318411 0.0402752956481779 128 255 128 255 
0.101030396889306 0.944889697397097 0.0564870878570109 128 255 128 255 
0.0897420235685173 0.955626796894154 0.0528539985984085 128 255 128 255 
0.0452450331057314 -0.937392933437252 -0.114519415860983 128 255 128 255 
0.0658731021887877 -0.925926788842929 -0.116160152030725 128 255 128 255 
0.0581101353855497 -0.939463309564215 -0.106298156534884 128 255 128 255 
0.0725341134131852 -0.940045177078784 -0.0963233296852625 128 255 128 255 
-0.0654304616713116 -0.964607716919973 0.0664104538856022 128 255 128 255 
-0.0696946826378699 -0.970202624254619 0.0498097267077781 128 255 128 255 
-0.0592726556387138 -0.970749741087435 0.0607648724679499 128 255 128 255 
-0.0522269467216489 -0.977226903148704 0.0538590115901705 128 255 128 255 
-0.112127886069192 -0.918423677605926 0.0836037086929099 128 255 128 255 
-0.113679523320843 -0.928623751539314 0.0654538371767795 128 255 128 255 
-0.103702995785755 -0.928134656236755 0.0810336093332002 128 255 128 255 
-0.0922140425227588 -0.940521106067863 0.0769680044828899 128 255 128 255 
-0.0238586067152292 -0.995127989497192 0.0254126419803098 128 255 128 255 
-0.0119345934103798 -0.998700035346146 0.0135035308177379 128 255 128 255 
-0.0116309727282897 -0.996812371393464 0.0256974216916225 128 255 128 255 
0.000733944873880967 -0.997259420019546 0.0261470342070741 128 255 128 255 
-0.106748723900086 0.947186949747755 0.0382010448811975 128 255 128 255 
-0.0967161740091197 0.950777252387379 0.051466568609278 128 255 128 255 
-0.0980807589622379 0.954970999258552 0.0372016587768916 128 255 128 255 
-0.0859737331113441 0.964406576617999 0.0367220704672106 128 255 128 255 
-0.0846088417984801 0.917000714306455 -0.112827530178986 128 255 128 255 
-0.0932510770190102 0.891252029889185 -0.13043373089862 128 255 128 255 
-0.101454249095299 0.902102167246228 -0.113945138585929 128 255 128 255 
-0.106175668569314 0.910187710834143 -0.100853934626849 128 255 128 255 
-0.0107254884621739 0.997950596011013 -0.0199195836244977 128 255 128 255 
0.00195235175200504 0.99858570459557 -0.0186952434292966 128 255 128 255 
0.00127703354541646 0.999826997989508 -0.00645103800831498 128 255 128 255 
0.0428664006704603 -0.723759833614798 -0.240174720522205 128 255 128 255 
0.0505102748718976 -0.777232765965108 -0.216650306999153 128 255 128 255 
0.0200359251809781 -0.766524114015187 -0.226171738577337 128 255 128 255 
0.00792501966522594 -0.974353878409896 0.0791612806891494 128 255 128 255 
0.00400923492837274 -0.961676127035138 0.09685713006511 128 255 128 255 
-0.00319641039187695 -0.969662693256031 0.0863658817885437 128 255 128 255 
-0.0115732601725324 -0.965559662767258 0.0912572001836714 128 255 128 255 
-0.0236138775673596 0.997485810878298 -0.00837507398350445 128 255 128 255 
-0.0122036155212233 0.999306499136195 0.00493829997729662 128 255 128 255 
-0.0113783060942902 0.99925818502347 -0.00747790687061865 128 255 128 255 
-0.0320691476573617 0.963081495457149 -0.0896148591602751 128 255 128 255 
-0.0477781234950027 0.951429422427351 -0.0978008495199055 128 255 128 255 
-0.0493204054558207 0.960489936942628 -0.0851462413917169 128 255 128 255 
-0.0309941866278066 0.960582732334038 0.0932708948636777 128 255 128 255 
-0.0358613887671433 0.972473953047111 0.0741671182434038 128 255 128 255 
-0.0431260769915144 0.96502915195539 0.0820364754877542 128 255 128 255 
-0.0499111348576862 0.957763653214574 0.0885718687893464 128 255 128 255 
-0.0358410520190022 0.993171346618618 -0.0204145391936998 128 255 128 255 
-0.023432583092688 0.996073206492212 -0.0207529499771388 128 255 128 255 
-0.0230975836236937 0.993221222655574 -0.0339919365781878 128 255 128 255 
0.0299123525154277 0.960193720774432 -0.094120945516038 128 255 128 255 
0.0168874213997143 0.973163513258053 -0.0795858738441867 128 255 128 255 
0.0319478633555978 0.969353250104019 -0.0807689197683775 128 255 128 255 
0.0461515446070225 0.964633457835311 -0.0809649345227953 128 255 128 255 
0.0394563640028512 0.9918214279581 0.0218969669351522 128 255 128 255 
0.0631642976307245 0.954145521631753 0.0849179699532541 128 255 128 255 
0.0748966870235735 0.947454473498693 0.0847451342518824 128 255 128 255 
-0.0870923351954818 -0.964320996709354 0.0342863095642615 128 255 128 255 
-0.102775885381425 -0.955040156516198 0.0206010711923389 128 255 128 255 
-0.0905964000628224 -0.965233433473068 0.0182440233454692 128 255 128 255 
-0.0943905763928704 -0.963675265327593 0.0025818841916923 128 255 128 255 
0.0719497980950189 0.976206811508063 -0.0264718546409758 128 255 128 255 
0.063654173014651 0.980530563944861 -0.0277150296227591 128 255 128 255 
-0.0454119424283871 -0.966875075157487 -0.0779860800861297 128 255 128 255 
-0.0283818283412212 -0.97180195724016 -0.0783874397702058 128 255 128 255 
-0.0400069227932749 -0.973649908835321 -0.0700012707077244 128 255 128 255 
-0.0327044765616522 -0.981410289634379 -0.0594528971277578 128 255 128 255 
-0.106808052918152 -0.937264679449553 -0.061513437839238 128 255 128 255 
-0.0923604684541631 -0.952564498614899 -0.0552010095917294 128 255 128 255 
-0.105926868892 -0.944108497317328 -0.0485992932056321 128 255 128 255 
-0.102482881268526 -0.952505624982063 -0.0329982774132063 128 255 128 255 
0.0843185011435653 0.970161697440774 -0.0154490916491583 128 255 128 255 
0.0857974525161558 0.969896420625897 0.00717026534669863 128 255 128 255 
0.0943018032183672 0.963697247356923 -0.00425695616293959 128 255 128 255 
0.100151246166454 0.958324749924368 -0.0130933785877972 128 255 128 255 
0.0754535195357187 0.96782453293905 0.0471298727078377 128 255 128 255 
0.0650573261845686 0.972743396083194 0.0498881726842645 128 255 128 255 
-0.0370225688889719 -0.993972200863426 -0.0114776867084268 128 255 128 255 
-0.0253379255963987 -0.995036591169467 -0.0244082394232348 128 255 128 255 
-0.0249873633266917 -0.996953236984675 -0.0116688498900366 128 255 128 255 
-0.024601101544498 -0.997572916698237 0.000905658230410263 128 255 128 255 
-0.022228082502745 -0.963299408797177 -0.0922642567486868 128 255 128 255 
-0.0159561268213881 -0.969502019452116 -0.0851682523640634 128 255 128 255 
-0.00790746034531212 -0.976414448567741 -0.0759231497992539 128 255 128 255 
0.105926621739668 -0.948073971541244 0.0377361461316676 128 255 128 255 
0.110582976839841 -0.936586538602108 0.055875855011029 128 255 128 255 
0.10078728288486 -0.945913805908656 0.0547522356940443 128 255 128 255 
0.0879845012738018 -0.956323769592102 0.0542156040497769 128 255 128 255 
0.0397036269373601 -0.537989165426674 -0.295371899080254 128 255 128 255 
-0.00360951716794124 -0.492794732872935 -0.307621599638156 128 255 128 255 
0.0453805254073415 -0.49831289862311 -0.303151987894129 128 255 128 255 
-0.05832619755403 0.93351037115723 -0.11255153571975 128 255 128 255 
-0.0772906983361119 0.934005915279602 -0.0999012762556157 128 255 128 255 
-0.0960433606242322 0.932022096032175 -0.0848086970813446 128 255 128 255 
-0.0168495833795717 0.974694817518013 -0.0772162068208756 128 255 128 255 
-0.0723651150762203 0.905781931784536 -0.131179933521143 128 255 128 255 
-0.0665314668600169 0.918068891963181 -0.123358226179563 128 255 128 255 
0.135691365982842 0.903289815962787 -0.0677959405439872 128 255 128 255 
0.144671475655246 0.90500295365457 -0.0411262440269541 128 255 128 255 
0.150312417493288 0.891025397281557 -0.0562618361315156 128 255 128 255 
0.152756029512683 0.880392160728752 -0.0691324704513857 128 255 128 255 
0.186484107391629 -0.845911178154377 -0.0278917169492515 128 255 128 255 
0.205227020359208 -0.813935213164909 -0.00839935088713945 128 255 128 255 
0.193069013067116 -0.837729772631478 -0.000676147424404973 128 255 128 255 
0.197575123031542 -0.826460239342556 0.0241764031257829 128 255 128 255 
-0.0851825902182708 0.508884527402592 -0.292187388731185 128 255 128 255 
-0.0883487421058115 0.579982811945445 -0.274129417740264 128 255 128 255 
-0.0433961483446997 0.539299451916363 -0.294552645895185 128 255 128 255 
0.0850166924840787 -0.512538372454637 -0.291436410827024 128 255 128 255 
0.0761709062274906 -0.586231709625056 -0.276115003027943 128 255 128 255 
0.02510312803017 -0.598256764579707 -0.282189514633074 128 255 128 255 
-0.00164634982663415 -0.563038093214322 -0.292182791011478 128 255 128 255 
0.0350531733067186 -0.571853410398708 -0.287913579331957 128 255 128 255 
-0.280317698584059 0.562211984342906 -0.0831363583536617 128 255 128 255 
-0.299452391130978 0.487703711827424 -0.0748089793839633 128 255 128 255 
-0.298671887992098 0.52357496381743 -0.039099172139143 128 255 128 255 
-0.184772930477596 0.284189255703191 -0.284189255703046 128 255 128 255 
-0.188439687736577 0.370794814578426 -0.268894700822027 128 255 128 255 
-0.151676924768396 0.339294447167291 -0.295979744116931 128 255 128 255 
0.0510543826886657 -0.379314237755918 -0.323123039698759 128 255 128 255 
-0.00680391618207552 -0.40638863661842 -0.322970030521724 128 255 128 255 
0.0106734432187393 -0.356514241375084 -0.330148857555817 128 255 128 255 
0.186979763737553 -0.282903321943992 -0.282903321944117 128 255 128 255 
0.192217939300904 -0.369713378038272 -0.266394893919472 128 255 128 255 
0.155057777364891 -0.338114970959851 -0.294392353231473 128 255 128 255 
0.159829822946811 -0.413463896595779 -0.279437580464904 128 255 128 255 
0.156166606853523 -0.376741334254877 -0.287871899392244 128 255 128 255 
-0.0374064764972053 -0.331462444092889 -0.331462444092889 128 255 128 255 
-0.0617577579104013 -0.384222191442747 -0.32051929465976 128 255 128 255 
-0.282337222713486 0.282337222713676 0.187940026221472 128 255 128 255 
-0.291417989758462 0.319593970667248 0.165251354965738 128 255 128 255 
-0.299423151517003 0.299423151517006 0.155367301641674 128 255 128 255 
0.154867351726271 -0.299653286176829 -0.299653286176833 128 255 128 255 
0.309634304726255 -0.412319574898151 0.0887445589068107 128 255 128 255 
0.313760314314582 -0.447365498506911 0.0392103950230468 128 255 128 255 
0.323365559277572 -0.392233292011692 0.0346962822318569 128 255 128 255 
0.043251897221009 0.330829647528399 -0.330829647528205 128 255 128 255 
0.0538408936656848 0.382326532429074 -0.322225741023348 128 255 128 255 
0.0835979459806929 0.346281951271965 -0.320971146762543 128 255 128 255 
0.107374133420371 0.450118366789702 -0.296892133395423 128 255 128 255 
0.115963372850667 0.379503008862615 -0.305858864374206 128 255 128 255 
0.0809725397400999 0.414858307037263 -0.311335849486311 128 255 128 255 
-0.115065309748386 -0.385314342663583 -0.305289281403585 128 255 128 255 
-0.115373018130672 -0.315085992961219 -0.315085992961219 128 255 128 255 
-0.08177792421503 -0.348493290162411 -0.321140806394547 128 255 128 255 
-0.2001008045863 0.392439089998409 0.256336884173482 128 255 128 255 
-0.19798349649202 0.365282048508615 0.262913780277066 128 255 128 255 
0.0988122186854034 -0.94975868073258 -0.0498091363957773 128 255 128 255 
0.106641941708646 -0.933487170889278 -0.0685762660862214 128 255 128 255 
0.111402447936004 -0.938682159281816 -0.04948706410203 128 255 128 255 
-0.0939778244591778 0.963985541103481 0.00310687170248684 128 255 128 255 
-0.0875806990276304 0.967508865598256 0.0179009828491161 128 255 128 255 
-0.0828218617793017 0.971867684982108 0.0086423060008372 128 255 128 255 
-0.0777050264991122 0.975476607823219 -0.00419542475947693 128 255 128 255 
-0.027462577510847 0.980643079889549 0.0635468362288727 128 255 128 255 
-0.0155131705095274 0.986385680837589 0.0560334934457629 128 255 128 255 
-0.0282762958596625 0.984890090173165 0.0543082850656104 128 255 128 255 
-0.0243546487871424 -0.996914320069298 0.0133071734395067 128 255 128 255 
-0.0361207001812062 -0.994765740612725 0.000659667407592266 128 255 128 255 
-0.0462336068442803 -0.991412835805818 -0.000164680729875326 128 255 128 255 
-0.165435984764723 -0.87532725243279 0.0430837415494514 128 255 128 255 
-0.163837762118793 -0.884704607876617 0.0178716768869756 128 255 128 255 
-0.157040620642034 -0.888870487607348 0.0397101982164102 128 255 128 255 
-0.145751041269521 -0.904965294900537 0.0372338311748743 128 255 128 255 
0.178311213084057 0.45544176215057 -0.259377526482758 128 255 128 255 
0.157847885146018 0.414501188625721 -0.280370504807925 128 255 128 255 
0.147069414862399 0.454534797790588 -0.278469651424966 128 255 128 255 
0.141890767037237 0.496912432294767 -0.272032598568133 128 255 128 255 
0.0126876894184449 -0.998861408786893 -0.0111134257355291 128 255 128 255 
0.0243879746732306 -0.995486260001317 -0.0230459299543102 128 255 128 255 
0.025134341158556 -0.996972956683643 -0.011130153941581 128 255 128 255 
0.00450174368575218 0.964543541026532 0.0932024869113262 128 255 128 255 
0.0211004255173673 0.962409251553693 0.0936793782177449 128 255 128 255 
0.015115684833495 0.968807019387028 0.0863025832973153 128 255 128 255 
-0.00202052233547663 0.950697119106541 -0.109625678272316 128 255 128 255 
0.0226747178783726 0.942657728111317 -0.115803298656556 128 255 128 255 
0.0050326617385542 0.939601392261875 -0.120906265223827 128 255 128 255 
-0.00805195244875693 0.937838367140063 -0.12244412929906 128 255 128 255 
-6.25454647075956E-05 -0.991288645461913 0.0465655307435542 128 255 128 255 
-0.01159980996986 -0.993766493991755 0.0376691349293995 128 255 128 255 
0.000509821299851122 -0.994338690647532 0.0375640932089965 128 255 128 255 
-0.00505913681148084 -0.964647874145968 -0.0930387789104534 128 255 128 255 
0.00266683768932247 -0.972135470049274 -0.0828369867898667 128 255 128 255 
0.0111427498270744 -0.967896667675451 -0.0881637332921414 128 255 128 255 
-0.0195739817820588 -0.950510853933342 -0.108087912735886 128 255 128 255 
-0.0412443501935275 -0.956114232807054 -0.0950241988518706 128 255 128 255 
-0.0373297816056453 -0.945730167314126 -0.10865446787592 128 255 128 255 
-0.0339235888368603 -0.9368174109324 -0.118936247725881 128 255 128 255 
-0.168171949082813 -0.833287484424203 -0.0996101463638533 128 255 128 255 
-0.194362933176782 -0.812285978510917 -0.068898223855437 128 255 128 255 
-0.184103796498943 -0.805608251972839 -0.0999009813808502 128 255 128 255 
-0.170940011498243 -0.800349168251712 -0.125338145126288 128 255 128 255 
-0.0122542134927422 -0.994091331629992 -0.0363680789841036 128 255 128 255 
0.000287071959706621 -0.992332346616498 -0.0436976169339228 128 255 128 255 
9.71629303073366E-06 -0.995162093555383 -0.0347354405932386 128 255 128 255 
-7.25393958626346E-05 -0.997781488458191 -0.0235373603840156 128 255 128 255 
-0.198803573645343 0.773601274352191 -0.103294513100325 128 255 128 255 
-0.194291078298981 0.811300557469966 -0.070532858062543 128 255 128 255 
-0.18370060071176 0.803992912815112 -0.102242400390011 128 255 128 255 
-0.168931101732878 0.79688448395968 -0.130706378255997 128 255 128 255 
-0.0143981664565419 0.984877283774832 -0.0595380919656321 128 255 128 255 
-0.0264386609276642 0.97986742613561 -0.0654482651636058 128 255 128 255 
-0.0494076811914093 0.913044283442617 -0.1354719290811 128 255 128 255 
-0.0397254892878207 0.92984819261477 -0.123873631742095 128 255 128 255 
-0.0214762367325496 0.924893682114969 -0.132703531670165 128 255 128 255 
-0.0381819525883279 0.983445739075469 -0.0514436257127469 128 255 128 255 
-0.0208974550478788 0.989206968300214 -0.0474024573750365 128 255 128 255 
-0.0371624823390603 0.989773518379655 -0.0340954184951986 128 255 128 255 
-0.0507585979498231 0.985958856496418 -0.0301530431416696 128 255 128 255 
0.011329918996685 0.35580828865053 -0.330222169116865 128 255 128 255 
0.00295685822979612 0.333321675859193 -0.333321675859181 128 255 128 255 
-0.0374064670672976 0.331462445038794 -0.331462445038898 128 255 128 255 
-0.00641273422819876 0.399849620857577 -0.323996701026622 128 255 128 255 
-0.31388224970426 -0.31388224970426 0.119007227162729 128 255 128 255 
-0.291718384166597 -0.319768955396636 0.164678032439058 128 255 128 255 
-0.299828129356865 -0.299828129356874 0.154486178977634 128 255 128 255 
0.284098748874772 -0.284098748874773 -0.184929442785247 128 255 128 255 
0.258335342330576 -0.348733834114967 -0.207511173210942 128 255 128 255 
0.241522153503994 -0.288681916829682 -0.237170508669109 128 255 128 255 
-0.0677546030559155 0.950123837259889 -0.0869907865649516 128 255 128 255 
-0.0834506738063252 0.951318883724579 -0.0700716126013166 128 255 128 255 
-0.0701424432417763 0.960688447729342 -0.0686640417888587 128 255 128 255 
-0.00118229545568647 0.995951143252188 0.031761095290994 128 255 128 255 
-0.000236813204084025 0.998545824135619 0.0190584226422367 128 255 128 255 
-0.192845972445483 -0.715864018849679 0.154119320824505 128 255 128 255 
-0.207969911311831 -0.728219257213912 0.12434060911018 128 255 128 255 
-0.188835303144256 -0.737666111435459 0.146021624949886 128 255 128 255 
-0.183459819945375 -0.764821662154037 0.134994296856819 128 255 128 255 
-0.0125756077645789 -0.997061111626272 -0.0239895086519177 128 255 128 255 
-0.0122411228753206 -0.999396069379969 0.00104496760152952 128 255 128 255 
0.000324014701148439 -0.99999359808559 0.00122288050109793 128 255 128 255 
-0.0125117195383676 -0.998846663417414 -0.0114727801241015 128 255 128 255 
3.13431389479603E-05 -0.999496637844965 -0.0112164106848709 128 255 128 255 
0.0403660652504806 -0.986759360610836 0.0407286846000239 128 255 128 255 
0.0253809152866189 -0.987100428101612 0.0505954744861262 128 255 128 255 
0.026452700760196 -0.990897024467047 0.039568174496548 128 255 128 255 
0.0266053185043468 -0.994256777888538 0.0269042622641509 128 255 128 255 
0.000620710840988481 -0.999244993282352 0.013722067097023 128 255 128 255 
-0.111998189268718 0.38548159672335 -0.306401458565111 128 255 128 255 
-0.11537299883607 0.31508599924111 -0.315085999241111 128 255 128 255 
-0.155741917995259 0.413437802845267 -0.281741172973281 128 255 128 255 
-0.152645544629305 0.377508565577495 -0.289629491849724 128 255 128 255 
-0.058610600169616 0.382976508911468 -0.321295659415402 128 255 128 255 
-0.0805033152696581 0.348279001203228 -0.321491721303772 128 255 128 255 
-0.0772334946366837 0.325282765692804 -0.325282765692792 128 255 128 255 
0.0825574104835676 0.324118324110992 -0.324118324110989 128 255 128 255 
-0.287163939836887 -0.368523334182135 0.159876991108388 128 255 128 255 
-0.264050672894919 -0.430418055338423 0.179219843538493 128 255 128 255 
-0.256117757768225 -0.391007415974928 0.200730741225157 128 255 128 255 
0.0393962754715411 -0.99086293247406 0.0268656761682034 128 255 128 255 
0.0507909115806892 -0.986817392566733 0.0263479089502439 128 255 128 255 
0.0133227954709668 -0.998515754705708 0.013902841433489 128 255 128 255 
0.0134790757224494 -0.996424515583617 0.026656848645593 128 255 128 255 
-0.00726915420884199 0.992092930798983 -0.0437734093748755 128 255 128 255 
-0.00965296414949569 0.9954971509321 -0.0320935829035442 128 255 128 255 
0.0263716016512735 -0.996432335199602 0.0139593611777625 128 255 128 255 
0.0129804451216292 -0.999318431954684 0.0013571924164022 128 255 128 255 
-0.0658065802074169 -0.978470858377601 -0.0315252443226482 128 255 128 255 
-0.0549551768577383 -0.979467543833132 -0.0453910182055787 128 255 128 255 
-0.0527168721223773 -0.983987343694586 -0.0345260010653991 128 255 128 255 
-0.0507822238345901 -0.987617499177233 -0.0223075089246099 128 255 128 255 
0.000612719239534173 0.999848331595204 0.00612689014676374 128 255 128 255 
-0.0380964748258242 -0.991808288309806 -0.0242528030118259 128 255 128 255 
-0.0252840549070874 -0.992105011792077 -0.0364235120403814 128 255 128 255 
-0.0240792608447439 -0.989248387176166 -0.0457563393946865 128 255 128 255 
-0.0631531664233561 -0.956730195149111 -0.0812101733136002 128 255 128 255 
-0.0572157396162408 -0.948483170062275 -0.0963006662957464 128 255 128 255 
-0.06945612496966 -0.941433077671191 -0.0968958990652793 128 255 128 255 
0.0135636114514903 0.999054998695568 0.00722267739169765 128 255 128 255 
0.027116656098711 0.996967927497499 -0.00464282354183849 128 255 128 255 
0.0141154972033109 0.999084165506909 -0.00544118537798821 128 255 128 255 
0.0017951851820126 0.564867795704215 -0.291740132344682 128 255 128 255 
-0.000892164244828406 0.498286583933127 -0.306533789283469 128 255 128 255 
-0.0558067926526306 0.622777174836741 -0.270932037616908 128 255 128 255 
-0.0499282260104832 0.601230291438025 -0.2780691204184 128 255 128 255 
-0.0602345385224177 0.973979897189321 -0.0528412227389234 128 255 128 255 
-0.0683115969227164 0.975849880140573 -0.0360298714261713 128 255 128 255 
-0.0546212893750695 0.980527383965025 -0.0428633959187613 128 255 128 255 
0.039739520288018 0.992546684316361 -0.0166479825693625 128 255 128 255 
0.039833908307448 0.99356676768899 -0.00404900933992389 128 255 128 255 
0.0266343569919089 0.996892456767195 0.00814184879309291 128 255 128 255 
0.012893652133739 0.997705659908177 0.0201663266025246 128 255 128 255 
-0.0829644416143732 0.952982588962094 0.0677858647121528 128 255 128 255 
-0.101714981267385 0.933905411838356 0.0750442755147805 128 255 128 255 
-0.0848695651560939 0.942593473170134 0.0820783127216636 128 255 128 255 
-0.0843893819890352 0.931220360800567 0.0973756127269319 128 255 128 255 
-0.131290194732917 -0.927031677878349 -0.0184232141612726 128 255 128 255 
-0.148792582073515 -0.902793602939904 -0.0313245465483111 128 255 128 255 
-0.134522260137606 -0.919091546010803 -0.0362298534996173 128 255 128 255 
-0.135920152997677 -0.911944733152413 -0.0506982229719652 128 255 128 255 
-0.120314555111496 -0.932004418271395 -0.0441064084413815 128 255 128 255 
-0.0958488848009341 -0.922547548066189 0.0970888329279377 128 255 128 255 
-0.0817151950129364 -0.937358993324818 0.0921541683715368 128 255 128 255 
-0.069741827666034 -0.931011060172077 0.1085742764008 128 255 128 255 
-0.0484762405796942 -0.724505248269207 -0.238823188606084 128 255 128 255 
-0.0416017392178617 -0.664440767424529 -0.260929279761609 128 255 128 255 
-0.00384394252377353 -0.692274628965367 -0.255107176949117 128 255 128 255 
0.0332788425379877 -0.649493775426083 -0.26676243062995 128 255 128 255 
-0.0379505183885959 -0.777679278730183 -0.219001400612147 128 255 128 255 
-0.00959881220852442 -0.757545914846135 -0.230593536076388 128 255 128 255 
-0.0574019281845827 -0.807161707042534 -0.200664537373494 128 255 128 255 
-0.0763477738225651 -0.768346688895761 -0.213017429645511 128 255 128 255 
0.107749554509764 -0.636225673964221 -0.250583565359729 128 255 128 255 
0.110549252396113 -0.690417145282415 -0.23063904189425 128 255 128 255 
0.0751905768324672 -0.67451397821785 -0.249950441839075 128 255 128 255 
-0.00123714580896823 -0.729517212027735 -0.241814054786761 128 255 128 255 
0.0130094195323527 -0.74506605521017 -0.235457693072687 128 255 128 255 
0.130687371395372 -0.729843357161291 -0.20331465521995 128 255 128 255 
0.0884372146249064 -0.731152379683628 -0.224401128686399 128 255 128 255 
0.0796335294071892 -0.705779979686725 -0.237471732823871 128 255 128 255 
-0.0988044110553333 0.867329075190177 0.145620106337687 128 255 128 255 
-0.127341507916755 0.844261835200187 0.140309915849797 128 255 128 255 
-0.103537665146214 0.845543856977159 0.157835027418409 128 255 128 255 
-0.111577462188479 0.819496009709292 0.16912641263985 128 255 128 255 
-0.0687338007120038 0.949929132773703 0.0864869528700051 128 255 128 255 
-0.130679797627289 -0.631246901372567 -0.241067747347079 128 255 128 255 
-0.0918226804268482 -0.579693329582768 -0.273062246151819 128 255 128 255 
-0.0833211641117161 -0.647216100103933 -0.256313242762363 128 255 128 255 
0.228195947094749 -0.422890161012622 -0.224882302537503 128 255 128 255 
0.233984315251026 -0.497487729457943 -0.198278957709723 128 255 128 255 
0.210289742456385 -0.475715363606986 -0.229107131040431 128 255 128 255 
-0.172541718232742 -0.633063197580748 -0.212445788552211 128 255 128 255 
-0.166799298875981 -0.591016439894683 -0.231334023878216 128 255 128 255 
-0.151131322807446 -0.540676806118385 -0.256159834293789 128 255 128 255 
-0.136019583572598 -0.586152154272193 -0.252094957323726 128 255 128 255 
-0.150691647599908 -0.676338938529947 -0.212397529050254 128 255 128 255 
-0.187007635410281 -0.676833470568121 -0.181011525633228 128 255 128 255 
-0.104064652103032 -0.697201891934528 -0.231104273164766 128 255 128 255 
-0.140527507029698 -0.715941462774145 -0.202929764244899 128 255 128 255 
-0.191637836151696 -0.55043848238905 -0.224504146970426 128 255 128 255 
-0.0183719383145084 -0.617542654412597 -0.277475378083856 128 255 128 255 
-0.0076589431663907 -0.656596957088505 -0.26655466343195 128 255 128 255 
-0.047424621125049 -0.537282104814921 -0.294392372585859 128 255 128 255 
-0.042641881169732 -0.580197049586024 -0.284786028696523 128 255 128 255 
-0.0578026048623914 -0.622660402780472 -0.27054686335018 128 255 128 255 
-0.0528050831543295 -0.600575407255474 -0.277714362190359 128 255 128 255 
-0.0736907253462739 0.848278742266568 0.172112013047985 128 255 128 255 
0.0735329505818095 -0.637090367049491 -0.262406899466597 128 255 128 255 
-0.104621705652286 0.911531035474613 0.100961332890058 128 255 128 255 
-0.114865808123062 0.882552457140623 0.120181051006473 128 255 128 255 
-0.0916398084880324 0.901967593790673 0.122102212636705 128 255 128 255 
0.145279203193105 -0.611013988470149 -0.23922096973158 128 255 128 255 
0.121613069142751 -0.59193984180031 -0.257703617438397 128 255 128 255 
0.00758353922092333 0.925215665579865 -0.133938353750132 128 255 128 255 
0.173175851536731 -0.687975134124808 -0.189331351341689 128 255 128 255 
0.140829835219113 -0.691772255448889 -0.212951506598026 128 255 128 255 
0.15709923311242 -0.553467529096689 -0.249056189559807 128 255 128 255 
0.188513223015236 -0.614002590564639 -0.205761436515306 128 255 128 255 
0.145731107911499 -0.656018400443925 -0.223533884958408 128 255 128 255 
-0.131724828004076 -0.501103213190601 -0.276153047884268 128 255 128 255 
-0.0903689534838412 -0.507670715567621 -0.290890421893291 128 255 128 255 
-0.116809568167608 -0.532675360274422 -0.275477111834299 128 255 128 255 
-0.190827911890327 -0.509402675156865 -0.236956345477871 128 255 128 255 
-0.0654988469833511 -0.447451524571295 -0.30932702498653 128 255 128 255 
-0.0519774354615366 -0.496758365035286 -0.302410691585339 128 255 128 255 
0.132186270996999 -0.508604063397542 -0.274211607745034 128 255 128 255 
0.114436881969994 -0.5466745437876 -0.273033983129707 128 255 128 255 
0.0591205027401895 -0.448074574674259 -0.310496831444755 128 255 128 255 
0.23312875534506 -0.571149734825995 -0.172842190050701 128 255 128 255 
0.204031927402136 -0.550012942725699 -0.213440050400895 128 255 128 255 
0.226573853817157 -0.368650099213175 -0.238068095575657 128 255 128 255 
-0.028748634946505 0.945170339053568 -0.111826384756291 128 255 128 255 
-0.0163545467716178 0.95907872517763 -0.0987599519383645 128 255 128 255 
0.105918637227108 0.943198976195246 -0.0507760055600306 128 255 128 255 
0.0936362988853079 0.946260850190506 -0.0656204456620084 128 255 128 255 
0.0951847276433214 0.952409860144223 -0.050540079636073 128 255 128 255 
0.0810717176382922 0.962350265515262 -0.0516005926844478 128 255 128 255 
0.0785086244699488 0.951128188491143 -0.0758669323302078 128 255 128 255 
0.0798046588155048 0.956406084105352 -0.0655144377201029 128 255 128 255 
-0.15811497186603 -0.412741264455663 -0.280544513926245 128 255 128 255 
-0.173058890035708 -0.468155332172097 -0.260104604497112 128 255 128 255 
-0.187402262765231 -0.419214481732963 -0.260600817002488 128 255 128 255 
-0.261306851969461 -0.486001872069144 -0.164905994619217 128 255 128 255 
-0.273733261343557 -0.431944938780283 -0.163548243121459 128 255 128 255 
-0.249630373081926 -0.455715217487081 -0.191638003169386 128 255 128 255 
0.0731242296633607 0.978322851855344 -0.00366012817455969 128 255 128 255 
-0.123441370592144 -0.45429344739167 -0.289766061957603 128 255 128 255 
-0.152657807957152 -0.339108655785335 -0.295501688447067 128 255 128 255 
-0.154476839883157 -0.37711588477492 -0.288721063008521 128 255 128 255 
-0.227295756603485 -0.507385300985113 -0.20287095592955 128 255 128 255 
-0.205175285168899 -0.477667057536269 -0.233200272754564 128 255 128 255 
0.114518380203643 -0.384664435933282 -0.305597187220482 128 255 128 255 
0.122577884662236 -0.457033974400062 -0.289593833033442 128 255 128 255 
0.190261526814001 -0.41959052823227 -0.258444414735963 128 255 128 255 
0.197790534237815 -0.509944334462198 -0.231027023883157 128 255 128 255 
0.0903413768453235 0.78173930798786 0.201119034112174 128 255 128 255 
0.273977522795527 -0.427778067509885 -0.164505472106482 128 255 128 255 
0.252183704839798 -0.449475997555186 -0.190130982449419 128 255 128 255 
0.255445320122278 -0.424919869901386 -0.192816165614718 128 255 128 255 
0.293896637727091 -0.36614803010677 -0.147873807281325 128 255 128 255 
0.263688851705946 -0.39842046254995 -0.188748024939748 128 255 128 255 
0.0397903419820165 0.993335209572099 0.00879623276669592 128 255 128 255 
-0.0517879316715746 0.988939323263745 0.00823932617105771 128 255 128 255 
-0.0349836956362749 0.995075172702763 0.00207751326215532 128 255 128 255 
-0.0442690427531553 0.991855546346342 -0.00825067717468527 128 255 128 255 
0.00614411351136043 0.990002701405119 -0.0494881925152441 128 255 128 255 
0.00403318082119963 0.993256323822783 -0.0407917618838559 128 255 128 255 
-0.0549706325817755 0.96705344872826 0.0712683789256859 128 255 128 255 
-0.0501595664934302 0.942340960000862 0.107159710255762 128 255 128 255 
-0.0686634180084492 0.936660785223716 0.103046862950637 128 255 128 255 
-0.0348091842730554 0.994829588281483 -0.00880806233198968 128 255 128 255 
-0.0835466439819075 -0.969355112658551 -0.0237442803679094 128 255 128 255 
-0.0701359822329296 -0.978877264040788 -0.0174887567472946 128 255 128 255 
-0.0780047728799262 -0.975247224257817 -0.00518279426283532 128 255 128 255 
-0.253700194553042 -0.348811556957698 -0.213137268430615 128 255 128 255 
-0.219657658816665 -0.332576416058857 -0.25084778525162 128 255 128 255 
-0.223079802818016 -0.369265190132566 -0.241227686960078 128 255 128 255 
-0.239774112364884 -0.288925470466794 -0.23890079831889 128 255 128 255 
-0.0462384444188711 0.499031470341222 -0.302874473483216 128 255 128 255 
-0.264616327529806 -0.394086840568059 -0.18858719217459 128 255 128 255 
-0.275260803014814 -0.361442170635692 -0.181387515751274 128 255 128 255 
-0.295189906052551 -0.368994766744734 -0.144371888504894 128 255 128 255 
-0.300864585382433 -0.300864585382448 -0.152202378350854 128 255 128 255 
-0.282991598137192 -0.332901103675672 -0.176246579796896 128 255 128 255 
0.222728245910085 -0.33205454997984 -0.24821277044903 128 255 128 255 
0.120106392474914 -0.313509830963493 0.313509830963412 128 255 128 255 
0.164823042895711 -0.319389627412538 0.291688432348421 128 255 128 255 
0.154867334998634 -0.299653293861456 0.299653293861456 128 255 128 255 
0.242535625036333 -0.242535625036333 -0.242535625036333 128 255 128 255 
0.216228405590185 -0.263731499377979 -0.263731499378625 128 255 128 255 
0.301175930964805 -0.301175930964816 -0.151508055832531 128 255 128 255 
0.285637428020696 -0.325258308615267 -0.173744449822293 128 255 128 255 
0.103952532504424 0.356583024471761 0.313528169515333 128 255 128 255 
0.0825573966408442 0.324118327245164 0.324118327245159 128 255 128 255 
0.186979737130423 0.282903337575617 0.28290333757568 128 255 128 255 
0.164968399103311 0.319394672030509 0.291605558016023 128 255 128 255 
0.154867318263128 0.299653301549707 0.299653301549703 128 255 128 255 
-0.00913454311679022 0.755242311854737 -0.231554930747418 128 255 128 255 
3.69398141679214E-05 0.728857578302985 -0.242065729904811 128 255 128 255 
-0.00418902375058477 0.793635373983037 -0.215058843283337 128 255 128 255 
-0.224997635638534 -0.424402901846868 -0.227730720408264 128 255 128 255 
-0.11537299882622 -0.315085999244388 0.315085999244385 128 255 128 255 
-0.158888648521769 -0.369638765153707 0.287533049042756 128 255 128 255 
-0.101125324047718 -0.358412223074025 0.314191378073016 128 255 128 255 
-0.242535625036333 -0.242535625036333 -0.242535625036333 128 255 128 255 
-0.264028332226499 -0.264028332225168 -0.21582096733771 128 255 128 255 
-0.215231641966181 -0.264456127733427 -0.264456127732037 128 255 128 255 
-0.329808320013632 -0.359696881987614 0.00733048807435773 128 255 128 255 
-0.330865394792701 -0.330865394792873 0.0429431587215766 128 255 128 255 
-0.333323127744934 -0.333323127744945 0.0027666099488211 128 255 128 255 
-0.00921042501777018 0.950148123197819 0.109852088772258 128 255 128 255 
0.0135165638343423 0.953912340722536 0.105231683675449 128 255 128 255 
0.0378418929968658 0.924218027643138 0.129597911445332 128 255 128 255 
-0.257964353042304 0.532205070019606 0.151819296998743 128 255 128 255 
-0.236142923106993 0.522141907756194 0.187503313751462 128 255 128 255 
-0.235999239231732 0.547375594000191 0.178470868062143 128 255 128 255 
-0.0839422184604457 0.826110360982912 -0.180683142771568 128 255 128 255 
-0.111847596184145 0.828488635014692 -0.163373598333614 128 255 128 255 
-0.0987830470908354 0.843279123067703 -0.162332831883863 128 255 128 255 
-0.0841534408898524 0.858410705206861 -0.160653585038676 128 255 128 255 
-0.146185430678757 0.865904258056237 -0.0995290937609507 128 255 128 255 
-0.120163438881017 0.887405959451623 -0.110111635887754 128 255 128 255 
-0.131345554136754 0.865056795234076 -0.119197046521088 128 255 128 255 
-0.143050055947381 0.845346094848273 -0.123330545293226 128 255 128 255 
0.145368170993184 -0.911322984037123 0.00737537093482169 128 255 128 255 
0.132994207738405 -0.926277911218352 -0.00798079279593299 128 255 128 255 
0.146171365918523 -0.910199418916489 -0.00872114989734132 128 255 128 255 
0.14529643175027 -0.907628183573934 -0.0302543792261248 128 255 128 255 
-0.113406012293385 0.858196722214935 -0.141691080168211 128 255 128 255 
0.0374439284849292 -0.993839654717385 -0.0115453318636263 128 255 128 255 
0.035469112176147 -0.992811606226127 -0.0230777247994656 128 255 128 255 
0.10774935818497 0.919146550799417 -0.0882398816513016 128 255 128 255 
0.0973703407292906 0.913219925464994 -0.106172907917818 128 255 128 255 
0.0930626247002609 0.924140542184324 -0.0979023995833215 128 255 128 255 
-0.283438533580765 0.283438533580478 -0.186065809250323 128 255 128 255 
-0.239697474731039 0.289009924883174 -0.238964925700529 128 255 128 255 
-0.264032522838659 0.264032522839498 -0.215815206591689 128 255 128 255 
-0.171053951977879 -0.857654110081253 0.0615972491624829 128 255 128 255 
-0.155096668512272 -0.867583592898138 0.082809170573369 128 255 128 255 
-0.16849881961455 -0.848108215644298 0.0818364405689075 128 255 128 255 
0.120106392463833 0.313509830967257 -0.31350983096726 128 255 128 255 
-0.0772334946250146 -0.325282765695266 0.325282765695251 128 255 128 255 
0.00692918648762825 -0.360287764150377 0.329736367332085 128 255 128 255 
0.00295685824319648 -0.33332167585908 0.333321675859092 128 255 128 255 
-0.184772915695894 0.28418926424606 0.28418926424599 128 255 128 255 
-0.238051546054286 0.296255711496265 0.239500465874765 128 255 128 255 
-0.215231625697717 0.264456139506302 0.264456139505582 128 255 128 255 
0.0479409043589156 -0.971289487265021 -0.0691104926262901 128 255 128 255 
0.0306088823970781 -0.965989680080134 -0.0861457314343715 128 255 128 255 
0.047557613278747 -0.962388747149283 -0.083452144883169 128 255 128 255 
0.0633529741891792 -0.957243132797454 -0.0802938201172163 128 255 128 255 
-0.217283674638824 0.643891183557486 -0.161131260303456 128 255 128 255 
-0.20736885772407 0.591967820002969 -0.195435111412947 128 255 128 255 
-0.231041272838068 0.602096290909442 -0.162187944480752 128 255 128 255 
0.0146086069657531 -0.955841414629889 -0.102871210222154 128 255 128 255 
0.0318574483782272 -0.947991221790438 -0.107931379956863 128 255 128 255 
0.031315012431325 -0.956005674388915 -0.098873725427372 128 255 128 255 
-0.206896872952048 -0.612817168586323 -0.187751319006083 128 255 128 255 
-0.267704890113595 -0.332850163634177 0.19870937697612 128 255 128 255 
-0.282763242410613 -0.282763242410551 0.187217987627261 128 255 128 255 
-0.0529194730398581 -0.972370345945807 -0.0633365407066981 128 255 128 255 
0.0145633001214159 0.997887665857713 -0.0177605184236099 128 255 128 255 
0.0156895438795214 -0.96674899129784 0.0890414879503168 128 255 128 255 
0.0209585231381815 -0.960562353563181 0.0960506931532703 128 255 128 255 
0.0570409901885884 -0.986146560618974 -0.0136270031103688 128 255 128 255 
0.0666092975316391 -0.982079446845205 -0.00178782713723377 128 255 128 255 
0.0580668956949226 -0.986417812005925 -0.000850362647421854 128 255 128 255 
-0.0260044750389613 0.996268779280208 0.015963461647757 128 255 128 255 
-0.0276145351637308 0.993612480792946 0.0287961307158633 128 255 128 255 
-0.0570761050966244 -0.986091450355505 0.0139740495142348 128 255 128 255 
-0.036573125480825 -0.993938475353155 0.0131603482189559 128 255 128 255 
-0.044020940891147 -0.989668923710021 0.0251313417029164 128 255 128 255 
-0.0699195755127742 0.920666401517607 0.118987061150676 128 255 128 255 
-0.0496490827983653 0.926631414811623 0.123305495115362 128 255 128 255 
-0.0480508564679335 0.910357703274733 0.138192685919037 128 255 128 255 
0.0511463390144496 0.977343359321577 -0.0546264243047917 128 255 128 255 
0.0345300812373262 0.976655277490527 -0.0676441540673659 128 255 128 255 
0.0368651351171504 0.98250185925443 -0.0545639419752055 128 255 128 255 
0.0228270232090614 0.986423915467678 -0.0533845394431525 128 255 128 255 
0.00516426696633814 0.983360618408638 -0.0640200486461625 128 255 128 255 
0.0198328024952277 0.980630358828265 -0.0663488674748177 128 255 128 255 
-0.0132468528669955 0.99806302482692 0.0175583505211526 128 255 128 255 
0.0880499333047616 0.964687026695311 0.0303244936459761 128 255 128 255 
-0.0338395996051197 -0.982326284768716 0.0568705954310036 128 255 128 255 
-0.0121317507528964 -0.98597526625286 0.0577444094967123 128 255 128 255 
-0.0223807684711235 -0.980104845720119 0.0665087401893745 128 255 128 255 
0.044447751038874 -0.989855233536324 -0.0234035129093977 128 255 128 255 
0.0596683018055715 -0.98510341674602 0.0116662214767251 128 255 128 255 
0.282906004298193 -0.282906004298277 0.186975197923699 128 255 128 255 
0.26769538023934 -0.332065137192808 0.19888628979638 128 255 128 255 
0.291527507521203 -0.319391990468304 0.16510693671615 128 255 128 255 
-0.322490972918238 0.40946775674775 -0.00644789779991311 128 255 128 255 
-0.331439314708035 0.331439314708238 -0.03763632904761 128 255 128 255 
-0.329808047313376 0.359694758275787 0.00735572908905213 128 255 128 255 
-0.0300354435316353 -0.974718318267357 0.0730643325227638 128 255 128 255 
-0.0234289121166632 -0.989508125668878 0.045390468439719 128 255 128 255 
-0.0356739048830167 -0.989299946826128 0.0372568682233327 128 255 128 255 
0.122975305704222 0.931570371599384 -0.0374052173634596 128 255 128 255 
0.114816326384105 0.944719997607632 -0.015975757906121 128 255 128 255 
0.12704588105623 0.931869763395984 -0.0176546457739184 128 255 128 255 
0.138725829779085 0.918189709379923 -0.0192639354429586 128 255 128 255 
0.0628404448008139 -0.977764238158108 0.0393473510748387 128 255 128 255 
-0.0104483174441107 -0.986660632763084 -0.0565988646842893 128 255 128 255 
-0.0199715720254465 -0.97975171298897 -0.0679114036337847 128 255 128 255 
-0.0603513562576771 -0.985118865293706 -0.0070933905541939 128 255 128 255 
-0.0390283504924061 -0.987894829727663 -0.0385326248209653 128 255 128 255 
0.0798220379136658 -0.973929693174065 0.00781411723820338 128 255 128 255 
0.0700578011748187 -0.978001898603892 0.0230421346852846 128 255 128 255 
0.0120634349396359 -0.994487915337849 -0.03505277051454 128 255 128 255 
0.0766319986612753 -0.975436356437275 -0.0138933593616854 128 255 128 255 
0.0359325107068094 -0.989900610479529 -0.0349421261792874 128 255 128 255 
0.0557572361751831 -0.982806757924455 -0.0339483375203281 128 255 128 255 
0.0523384810864141 -0.978076371485155 -0.0517832933739671 128 255 128 255 
0.0445785247830423 -0.984229414804864 -0.0438669854368537 128 255 128 255 
0.0243824147479241 -0.911164396869375 -0.143624247104924 128 255 128 255 
0.0197713128749561 -0.934668362938637 -0.124130861319729 128 255 128 255 
0.00715098405748368 -0.920003310303228 -0.138376662409144 128 255 128 255 
-0.0124034903648425 -0.928572842263154 -0.130633861402235 128 255 128 255 
0.0647972917091346 0.964074357677967 -0.0679807978442758 128 255 128 255 
-0.000610018195109798 0.976262715349258 -0.076573601815041 128 255 128 255 
-0.00681166967707088 0.980340908700563 -0.0694266803198012 128 255 128 255 
0.0336363068442646 -0.98364148200727 -0.0540812136590472 128 255 128 255 
0.0236101837616574 -0.990423045991806 -0.042723914561101 128 255 128 255 
0.0120528390371336 -0.987309857743249 -0.0548373425965891 128 255 128 255 
-0.0168631953135386 0.966394817820683 -0.0893071358076507 128 255 128 255 
-0.0553768393673995 -0.815702035037207 0.196881105333431 128 255 128 255 
-0.0366745521027211 -0.789549361680186 0.213849126007874 128 255 128 255 
-0.0608785402613774 -0.791078334865624 0.207528757614612 128 255 128 255 
-0.253428654435449 0.349189952435204 -0.213382719629782 128 255 128 255 
0.240365171087601 0.285896998698306 -0.238762246856946 128 255 128 255 
0.242535625036333 0.242535625036333 -0.242535625036333 128 255 128 255 
0.216228398209537 0.263731504757985 -0.263731504759133 128 255 128 255 
0.264454403593878 0.264454403593878 -0.215234022162775 128 255 128 255 
0.199495976820511 0.367316121609538 -0.261411862632136 128 255 128 255 
0.252351092134943 0.341674803185232 -0.216162361946094 128 255 128 255 
0.221288147982353 0.319718530788559 -0.251503570694717 128 255 128 255 
0.156987901773944 0.336539445998796 -0.29359399568227 128 255 128 255 
0.158477556094282 0.374724249131053 -0.286936528857302 128 255 128 255 
-0.159123462412007 -0.840306630174862 0.106842420619212 128 255 128 255 
-0.185659799999737 -0.824342028157915 0.0747525985672357 128 255 128 255 
-0.0780705723874847 0.963716909396559 -0.0530207464074294 128 255 128 255 
-0.0807431940007705 0.967530656536706 -0.0382895555677217 128 255 128 255 
-0.0800045596169471 -0.957374162642694 0.0634713191883422 128 255 128 255 
-0.0351076992458927 -0.992483328517361 0.0252894199434581 128 255 128 255 
0.28993363660343 0.414574103396574 0.139479426572852 128 255 128 255 
0.286859451917327 0.367933663780614 0.160591780497703 128 255 128 255 
0.301336338012664 0.388459317583933 0.123829825443097 128 255 128 255 
0.31348055534653 0.3567639004744 0.104018530093383 128 255 128 255 
0.125251643741074 -0.92727025590542 0.0428165458490023 128 255 128 255 
0.0875385295086 -0.931428233009088 0.0942983803927405 128 255 128 255 
0.0972222190645218 -0.940468040117352 0.0706245111285189 128 255 128 255 
0.103425313795369 -0.927006418370577 0.0829794637212539 128 255 128 255 
0.106012331066517 -0.916939294250801 0.0930815539217229 128 255 128 255 
-0.0157129344129973 0.618397655292062 -0.277400658345435 128 255 128 255 
0.0285380283368477 0.599408366613189 -0.281556858827018 128 255 128 255 
-0.224128423883857 0.425526262777673 -0.228325019226776 128 255 128 255 
-0.222459422097172 0.369847335528802 -0.241688677169316 128 255 128 255 
0.288644271869477 0.331073031531853 -0.16728208357983 128 255 128 255 
0.274167923183424 0.362336580046038 -0.182814024721367 128 255 128 255 
0.112678804704832 0.693164320770184 -0.228569185140949 128 255 128 255 
0.112485081756479 0.637618437065599 -0.248047210039671 128 255 128 255 
0.0777132339932629 0.675890984805857 -0.248710791982147 128 255 128 255 
-0.300873255348261 0.300873255348247 -0.152183096296561 128 255 128 255 
-0.29510090378172 0.369180094545942 -0.144494562744877 128 255 128 255 
-0.282890505363186 0.333094574514089 -0.176363139643265 128 255 128 255 
0.0932336427877594 -0.778591205502521 -0.201325432642583 128 255 128 255 
0.132260884789188 -0.774306503316344 -0.180452837125873 128 255 128 255 
-0.170699460943538 0.469362471982997 -0.261388615664383 128 255 128 255 
-0.185780358746018 0.420105407742261 -0.261580924023249 128 255 128 255 
-0.0547227211139821 0.447956313495109 -0.311323354253396 128 255 128 255 
0.0446886736247883 0.446241537063986 -0.313227459614492 128 255 128 255 
0.23369381603529 0.384067885061118 -0.227922515303527 128 255 128 255 
0.220266635077926 0.430798397997631 -0.230833666943561 128 255 128 255 
0.189865401987613 0.417258471616615 -0.259206568106588 128 255 128 255 
0.257383711293207 0.395568598837173 -0.197975483093527 128 255 128 255 
0.174742307146227 0.69497890753046 -0.184636456807333 128 255 128 255 
0.149945035044216 0.660406730262269 -0.219087477980992 128 255 128 255 
0.142783243380104 0.696294118612059 -0.209785010257225 128 255 128 255 
0.242398301829627 0.45700600138514 -0.200340328257938 128 255 128 255 
0.247932213088777 0.430264538490221 -0.200969321043958 128 255 128 255 
-0.145329537237742 0.90729598555458 0.0313220852176157 128 255 128 255 
-0.133139724386239 0.914540083346088 0.0522097843649093 128 255 128 255 
-0.135361970352833 0.9198969486101 0.0300139394040422 128 255 128 255 
0.163249753595973 -0.877681396887518 -0.0453754567239493 128 255 128 255 
0.148586677393013 -0.881843186592312 -0.0756046772495628 128 255 128 255 
0.163545389376618 -0.865130500674839 -0.068531424856049 128 255 128 255 
-0.261228798874565 0.486358058826502 -0.164898392481607 128 255 128 255 
-0.226457730054442 0.510430596998479 -0.202853213769942 128 255 128 255 
-0.249139539257094 0.456975673810491 -0.191901370448216 128 255 128 255 
-0.27354724840181 0.432397830966727 -0.163709822075586 128 255 128 255 
-0.264309658048656 0.394631053929457 -0.188874773346605 128 255 128 255 
-0.118910331865037 0.455205115550864 -0.291476956114022 128 255 128 255 
-0.112954205680942 0.533739764068945 -0.276824085390662 128 255 128 255 
-0.188489104119706 0.551217679785407 -0.226917865303416 128 255 128 255 
-0.188766357985664 0.510988258213355 -0.238177712343213 128 255 128 255 
-0.127855225673841 0.502447691093889 -0.277662239668363 128 255 128 255 
-0.203663424480376 0.479490905448137 -0.234056102678747 128 255 128 255 
-0.00428962977494659 0.448509146678201 -0.31596918444195 128 255 128 255 
0.0888867177779195 0.513475747586896 -0.290072335278931 128 255 128 255 
0.0503468051912721 0.495191015082274 -0.303007297810914 128 255 128 255 
0.0855165022020222 0.930692093588577 0.0970229575526035 128 255 128 255 
0.0944777332060312 0.941235294209461 0.0730306043067965 128 255 128 255 
0.160244363184046 0.555151996864481 -0.246571486479996 128 255 128 255 
0.183114300558308 0.500777787334471 -0.24519756350706 128 255 128 255 
0.207116762361133 0.558388441208891 -0.207672618040183 128 255 128 255 
0.19306654081883 0.527921921084826 -0.229973067242767 128 255 128 255 
0.218076778029102 0.495882355615216 -0.216113609380552 128 255 128 255 
0.200670265559542 0.470941700839928 -0.238763861311957 128 255 128 255 
-0.117945666100663 -0.891035995802873 -0.108837792116765 128 255 128 255 
-0.121263442292192 -0.914709229137409 -0.0755548841661045 128 255 128 255 
-0.134505336815894 -0.891261837271464 -0.0872631254888452 128 255 128 255 
-0.149920431471467 -0.887084805801156 -0.0644896868841109 128 255 128 255 
0.251994794799863 0.489641238543671 -0.177566995399748 128 255 128 255 
0.267865575171648 0.437057655350326 -0.171378512411846 128 255 128 255 
-0.263413893097078 0.26341389309628 0.216663026431829 128 255 128 255 
0.317605110560364 -0.349581198283178 -0.0940802477669286 128 255 128 255 
0.315113064364367 -0.315113064364311 -0.11528980982031 128 255 128 255 
0.325295841547184 -0.325295841547189 -0.0771715132900063 128 255 128 255 
0.330828162910768 -0.330828162910752 0.0432646700636645 128 255 128 255 
0.329813761428736 -0.359637633324211 0.00744809568529087 128 255 128 255 
0.333321475030717 -0.333321475030717 0.00298221838543204 128 255 128 255 
0.186979750436331 -0.282903329758379 0.282903329758547 128 255 128 255 
0.238730696698983 -0.295578124235298 0.238928435853034 128 255 128 255 
0.216228398211635 -0.263731504756334 0.263731504757722 128 255 128 255 
0.263733007218595 -0.263733007217761 0.216226338938477 128 255 128 255 
-0.159361910120954 0.651874600928168 -0.215606577525701 128 255 128 255 
-0.124669478597438 0.626474240955458 -0.245761552414044 128 255 128 255 
-0.16440350837516 0.596692311590553 -0.231227697876411 128 255 128 255 
0.120106409480874 -0.313509825172462 -0.313509825172228 128 255 128 255 
0.0827357052109556 -0.346717802669141 -0.321135704380807 128 255 128 255 
0.0825574243377435 -0.324118320974235 -0.32411832097425 128 255 128 255 
-0.132268717388583 0.586847973763607 -0.253882169708831 128 255 128 255 
-0.0832471769543296 0.646442105992653 -0.256581297076272 128 255 128 255 
-0.0403531449180427 0.665008274976024 -0.260944640244327 128 255 128 255 
0.119649454877902 0.545099418255062 -0.271186876192522 128 255 128 255 
0.12701365853554 0.592641469072465 -0.254881402916116 128 255 128 255 
0.12258070768054 0.570540254179124 -0.263219377096282 128 255 128 255 
0.00295685732270262 -0.33332167586633 -0.333321675866336 128 255 128 255 
0.155019566234195 0.610422416447503 -0.233220869929686 128 255 128 255 
0.209306571631017 -0.654798473945645 -0.166119231420157 128 255 128 255 
0.234767215219757 0.528180283884397 -0.187116396699351 128 255 128 255 
0.084783112023422 -0.966925446451871 0.030720019356114 128 255 128 255 
0.0908695294565845 -0.965449173775782 0.0152057568019426 128 255 128 255 
0.099235005977625 -0.95812176373608 0.020068601805974 128 255 128 255 
0.0658727620283074 0.970643046882059 -0.0537800003242193 128 255 128 255 
-0.0860398420094545 -0.963264419845896 -0.0401541074524908 128 255 128 255 
-0.0772104289096445 -0.970324955398977 -0.036704695422793 128 255 128 255 
0.0381352225578671 -0.978168021264046 0.062802221684475 128 255 128 255 
0.0721282676065767 -0.975159831707697 -0.030502875923391 128 255 128 255 
0.0656751646609439 -0.980422244588233 -0.0230932986485614 128 255 128 255 
-0.0728690342245255 0.687584456927328 -0.246157564598315 128 255 128 255 
-0.0552592683280581 -0.982594305047576 0.0354960088157357 128 255 128 255 
-0.0713334502277317 -0.975211628620955 0.0321220091748417 128 255 128 255 
-0.0653749437606146 -0.980338840210414 0.0243533657207561 128 255 128 255 
0.0384210092345349 0.987082983946135 -0.0416199911782843 128 255 128 255 
0.0518161190424143 0.982312501487343 -0.0412050772701067 128 255 128 255 
0.0291660339678959 0.812642167304676 -0.20396303780343 128 255 128 255 
0.0473448072614731 0.775798081272873 -0.218003734132676 128 255 128 255 
0.0228948696090015 0.787182581924693 -0.216838122648358 128 255 128 255 
-0.286927536861875 -0.468294701412624 -0.123531671105517 128 255 128 255 
-0.293176260762949 -0.4200942261228 -0.130337166977994 128 255 128 255 
-0.00199867856108405 0.692310242588659 -0.255116231746765 128 255 128 255 
-0.00551082185972968 0.657278623776168 -0.266397682480266 128 255 128 255 
-0.0393191346140826 0.581314733949236 -0.284979197120632 128 255 128 255 
0.0793578395732504 -0.948211637333093 0.0794617417786033 128 255 128 255 
-0.10745828054791 -0.947408812292064 0.0354229508086676 128 255 128 255 
-0.0989297230120495 -0.954835229081579 0.0353428978113413 128 255 128 255 
0.193001369176311 0.624497122838147 -0.197486316602852 128 255 128 255 
0.0771588269975641 0.6383723835859 -0.260972401441043 128 255 128 255 
-0.177055084565796 0.853166714356644 -0.0516217508041193 128 255 128 255 
-0.171250576361237 0.87367444553461 -0.016119750575181 128 255 128 255 
-0.163275682478995 0.878501621019621 -0.0432482463461308 128 255 128 255 
0.130145819617308 0.734103175096227 -0.201738895732042 128 255 128 255 
-0.220500692479699 -0.648862365059646 -0.154115643030574 128 255 128 255 
-0.0568734982221829 0.980738218991034 0.0391723439931218 128 255 128 255 
-0.0412070530840313 0.99038594481288 0.0263427122553909 128 255 128 255 
-0.0556027830588207 0.985401000654946 0.0230529559258495 128 255 128 255 
0.0202397148539309 0.980036070208978 0.067316538898107 128 255 128 255 
-0.0592955451012274 0.985256782679128 -0.0119445375718807 128 255 128 255 
-0.0653522968754603 0.982741353197877 0.00255071344780173 128 255 128 255 
-0.00357703418716768 0.982926034827651 0.0649557997943607 128 255 128 255 
0.17519149154258 -0.851876785074679 -0.0599681436863421 128 255 128 255 
-0.162339704837632 0.756373809540455 -0.164721321288067 128 255 128 255 
-0.148766306732511 0.791446959784814 -0.156748343306734 128 255 128 255 
-0.121232799556419 0.788919629661479 -0.180286747931824 128 255 128 255 
-0.275056246628669 0.361822330391619 -0.181602951927926 128 255 128 255 
-0.0374400790944118 0.774256977914229 -0.220599177925059 128 255 128 255 
-0.07550216449843 0.764329447312247 -0.215115020890014 128 255 128 255 
-0.0572843069299502 0.802387979292712 -0.203076811607811 128 255 128 255 
-0.0711975263550757 0.978094549838499 0.0186357825004131 128 255 128 255 
-0.0716220314076476 0.973619257248879 0.0371278460490027 128 255 128 255 
0.0880481061052994 0.733241773592145 -0.223700863119446 128 255 128 255 
0.096464067466237 -0.923070693366544 -0.095850100971312 128 255 128 255 
0.101725597943707 -0.896700128949981 -0.118924370175002 128 255 128 255 
0.118584982108542 -0.903570239907788 -0.0942480862675489 128 255 128 255 
0.0129598748003852 -0.99312708323847 0.0392984229022231 128 255 128 255 
-0.077103112950206 -0.97492001572481 0.0156996665393454 128 255 128 255 
0.113362716607572 -0.917892004615671 -0.0826630332199236 128 255 128 255 
-0.070805679351136 0.978041888372493 -0.0203915092975728 128 255 128 255 
0.0825115101608794 -0.954250462928295 -0.0660878621752425 128 255 128 255 
0.0875304025359511 -0.940656025692825 -0.0820622189811019 128 255 128 255 
0.0731788501271351 0.476525058477206 -0.302093256618695 128 255 128 255 
0.113928079587308 -0.945754824454123 0.0146242245940904 128 255 128 255 
0.119336386208172 -0.93791191184998 0.0282662735099197 128 255 128 255 
0.0295291513305579 -0.976845476621534 -0.0696393799053631 128 255 128 255 
0.0220689752673182 -0.981855050101939 -0.0633091052965524 128 255 128 255 
0.115875691840563 -0.944509279632535 -0.00778462843226173 128 255 128 255 
0.123678545985758 -0.936747792926949 0.00406983065637291 128 255 128 255 
0.0754291606788583 -0.967504684347125 0.0479820449626561 128 255 128 255 
-0.0683693664368425 -0.981047709307345 0.00433631135165757 128 255 128 255 
-0.0619356868983183 -0.982965365307701 -0.0196559653813421 128 255 128 255 
-0.0485881085256141 -0.990091111363493 -0.0102051251785688 128 255 128 255 
-0.10591085761101 -0.953936884751527 0.0057829563480842 128 255 128 255 
-0.113600070675639 -0.946630893747574 0.00901484868750211 128 255 128 255 
-0.116936757648872 -0.940778806021101 -0.0263191706291411 128 255 128 255 
0.182272734875614 -0.817555897979092 0.0907024772570646 128 255 128 255 
0.173549441239007 -0.83859757223141 0.0835155907131856 128 255 128 255 
0.130719317261027 -0.808373282833478 -0.161953801492959 128 255 128 255 
0.10448661199223 -0.809910314728871 -0.179131806815944 128 255 128 255 
0.115701864274671 -0.7932485549054 -0.181542468749328 128 255 128 255 
-0.0734371732950745 -0.905001063959605 0.131257805739262 128 255 128 255 
-0.0857968341429998 -0.914446914010843 0.114508764270565 128 255 128 255 
-0.0291241335015135 0.930321455978062 0.126350816903209 128 255 128 255 
-0.0300743786870339 0.946649006590461 0.109897624206561 128 255 128 255 
0.159002148750624 -0.841415048539711 0.105928722072094 128 255 128 255 
0.142190326553852 -0.88052635426106 0.0886908715799222 128 255 128 255 
0.16484258959997 -0.858273847221632 0.0758133650363663 128 255 128 255 
-0.10325094708921 -0.868820219940795 0.141361822399932 128 255 128 255 
-0.0878918120585696 -0.838940095255058 0.171164922284751 128 255 128 255 
-0.113410573964379 -0.845665923410354 0.150811741215418 128 255 128 255 
-0.129806482450766 -0.852650085554078 0.131429633913823 128 255 128 255 
0.132218865888678 -0.842463918005338 0.137113012393707 128 255 128 255 
0.113457717726514 -0.878967569546555 0.124717051535714 128 255 128 255 
0.135815393632917 -0.865752739618962 0.113416047020084 128 255 128 255 
0.098940582646815 0.955294955276309 -0.0337224228115129 128 255 128 255 
0.0808124093516584 0.968867492613824 -0.0336351997910246 128 255 128 255 
-0.121446082717391 0.935904860334208 0.027588170396763 128 255 128 255 
-0.113760860400906 0.935357104883445 0.0519312094923595 128 255 128 255 
0.212209879403535 0.77516388021808 -0.0696927772803014 128 255 128 255 
0.193021779736153 0.797074723333559 -0.0912499969888752 128 255 128 255 
0.204098332222783 0.795389448612366 -0.0652941243818965 128 255 128 255 
0.19469856495566 0.819465881255005 -0.0561419487569621 128 255 128 255 
0.213198359382857 0.751485062996718 -0.0946320390389999 128 255 128 255 
-0.122214604491945 0.938259863302906 0.00470559620447029 128 255 128 255 
-0.112297703957636 0.947636015748601 0.0117248930397581 128 255 128 255 
-0.0606147033686166 -0.767703103348747 0.218299897787339 128 255 128 255 
-0.0895364561206929 -0.788722508063929 0.198047480413221 128 255 128 255 
0.00159476559488589 -0.982654362181769 -0.0655458398569884 128 255 128 255 
-0.162383264239686 -0.320977274570457 0.292836757463586 128 255 128 255 
0.0482532109264348 -0.961132686101698 0.0848505826045916 128 255 128 255 
0.0296311078816291 -0.968593150773498 0.08276720335915 128 255 128 255 
0.0452627807702035 -0.969045665662729 0.0746330522354646 128 255 128 255 
0.0801406426156485 -0.926888204007255 -0.105769840839156 128 255 128 255 
0.0843413318772955 -0.916231471297623 -0.113804768119986 128 255 128 255 
0.0516521660468617 -0.978049561478589 0.0525303254756028 128 255 128 255 
-0.140033105534559 -0.818427094903804 -0.147183035905488 128 255 128 255 
-0.117357573714804 -0.792936182109761 -0.180648026480384 128 255 128 255 
-0.114197027244013 -0.826507942033408 -0.16300187053754 128 255 128 255 
-0.0848479717403028 -0.831539243341735 -0.177111849707931 128 255 128 255 
-0.0875366625911616 -0.796549166284672 -0.19500258173839 128 255 128 255 
-0.157691728985798 -0.768893589439171 -0.161967958001384 128 255 128 255 
-0.142699551807228 -0.745656209254857 -0.187447157720319 128 255 128 255 
-0.133386894402004 -0.765326321282499 -0.184370242405899 128 255 128 255 
-0.175820739119621 -0.856095395753492 -0.0497457628818865 128 255 128 255 
-0.176412127252916 -0.840827497339965 -0.0741950074556525 128 255 128 255 
-0.00273428571238458 -0.901714773085979 -0.152827761904427 128 255 128 255 
-0.0340634047020896 -0.894232793406237 -0.154541711669026 128 255 128 255 
-0.0162799953949642 -0.87582182330277 -0.169858688769182 128 255 128 255 
0.00618368760687582 -0.854726126594014 -0.18341798165848 128 255 128 255 
-0.021270248177143 -0.85641792476506 -0.181290143897909 128 255 128 255 
-0.0449562894714769 -0.91759965769529 -0.133155114275488 128 255 128 255 
-0.0656607320833497 -0.889771814047407 -0.147400558331164 128 255 128 255 
0.0357266427274507 -0.819639406425644 -0.199367739827096 128 255 128 255 
0.0761098768088059 -0.82441826286326 -0.18506510527364 128 255 128 255 
0.0544473117816901 -0.839133285675157 -0.184438079263098 128 255 128 255 
-0.143648870867113 0.722715333316049 -0.197674736357617 128 255 128 255 
-0.113471509928513 0.691230082231771 -0.228908932035836 128 255 128 255 
-0.150449116445803 0.690230882833013 -0.206912344978208 128 255 128 255 
0.0641832081783455 -0.800975396397939 -0.201706005871004 128 255 128 255 
-0.253902582824374 0.42766217480659 -0.194091748662434 128 255 128 255 
-0.125330817849793 0.933468567569703 -0.0192804502359417 128 255 128 255 
-0.139254537016316 0.918866752283194 0.00828580245252247 128 255 128 255 
0.0449807905249499 -0.735568999539586 0.235253021898278 128 255 128 255 
-0.00401607115728252 -0.730781712636877 0.241306079438895 128 255 128 255 
0.0129093197642618 -0.752653553648417 0.232427248091598 128 255 128 255 
0.0205558031097919 -0.775374672797431 0.222321206426534 128 255 128 255 
0.132623335029064 -0.876655392241267 -0.106515049387744 128 255 128 255 
0.132902856075019 -0.893362545586483 -0.0870330407705364 128 255 128 255 
0.0251056556932242 -0.936950276489064 0.120976140516503 128 255 128 255 
0.0243926322670669 -0.915820209963398 0.139871952279117 128 255 128 255 
0.0106827662146036 -0.929410189919117 0.130040244053271 128 255 128 255 
-0.00108104077111568 -0.942328964247639 0.118325159385201 128 255 128 255 
0.0119707776777975 0.995026992281012 0.0331188907846385 128 255 128 255 
0.0128426665822208 0.957665086585574 -0.100969119686031 128 255 128 255 
0.0146785293111083 0.96482604911944 -0.0917789599542739 128 255 128 255 
-0.00116480589318889 0.966331991478085 -0.0909612702322645 128 255 128 255 
0.0636435933179799 0.905454279193418 -0.135899073244747 128 255 128 255 
0.0511455963634447 0.926531050419706 -0.122787009434125 128 255 128 255 
0.0707727180299473 0.914620618464972 -0.124196868323812 128 255 128 255 
0.0772629711064836 0.926030304466726 -0.108806775887563 128 255 128 255 
0.0663848405831479 0.963709656092546 0.0670895800510949 128 255 128 255 
0.0257182056107654 0.990592153150524 -0.0409813631624294 128 255 128 255 
0.243064169644641 -0.674350737565277 0.0952690351036464 128 255 128 255 
0.22072688837923 -0.707095144678884 0.117395356914632 128 255 128 255 
0.238167175636915 -0.696636382727069 0.0872560171290192 128 255 128 255 
0.233465909392985 -0.720483248050194 0.0748775389093903 128 255 128 255 
-0.113309937264275 -0.750657115893657 -0.204267187291282 128 255 128 255 
-0.0861494928308085 -0.735936885075872 -0.223333536144434 128 255 128 255 
-0.196054628191707 -0.727442827514848 -0.142884207900641 128 255 128 255 
-0.16539399784987 -0.722978297674335 -0.179743187061545 128 255 128 255 
0.158387705738821 0.89102872819637 0.0259192521349041 128 255 128 255 
0.153763962905474 0.900473288842741 0.000345889769108478 128 255 128 255 
0.149816124861609 0.903772023101547 0.0213223962534947 128 255 128 255 
-0.159544031774441 -0.776159388278557 0.155700908153668 128 255 128 255 
-0.162156964247179 -0.803731126302532 0.134004271840052 128 255 128 255 
-0.146737879464892 -0.794094848031855 0.156986190963722 128 255 128 255 
0.218463525794728 -0.694820705513614 -0.130102555405771 128 255 128 255 
0.199107778427013 -0.688225781369413 -0.161707287062489 128 255 128 255 
0.194755119042605 -0.741750328633563 -0.135263586365386 128 255 128 255 
0.191429273035625 -0.712547549375285 -0.15776350595443 128 255 128 255 
-0.168153551295348 -0.739184975548976 0.168597349831059 128 255 128 255 
-0.275962834029355 0.607172596396896 -0.0525565295802247 128 255 128 255 
-0.282777893425964 0.58547998414426 -0.0467793639839677 128 255 128 255 
-0.289203503134262 0.565925399814385 -0.0364332496901807 128 255 128 255 
-0.02255112002011 0.90082326852237 -0.151842428415958 128 255 128 255 
-0.0401001411682465 0.883212016778407 -0.160885184994386 128 255 128 255 
-0.0446140408268257 0.896692391845461 -0.15000810209269 128 255 128 255 
0.238644357916426 -0.646618656744828 0.125635947113112 128 255 128 255 
0.0219682763309068 -0.978659019821566 0.0692510645966289 128 255 128 255 
-0.047692242844725 0.989578565660024 -0.0178110284095827 128 255 128 255 
-0.0623421450379122 0.981826724385968 -0.0248091174120748 128 255 128 255 
0.08088149627816 0.707276714668943 -0.236491299261095 128 255 128 255 
0.162977004435075 0.752559018200892 -0.166268879161597 128 255 128 255 
-0.268878002183902 -0.527427186638299 -0.13391105746297 128 255 128 255 
-0.240982737049912 -0.567482241227505 -0.163318028900988 128 255 128 255 
-0.262113756242509 -0.569132801858684 -0.125727271513247 128 255 128 255 
0.069065591314419 -0.753745740464056 -0.221840839899868 128 255 128 255 
-0.250534026992538 -0.617485164942894 -0.12071311973635 128 255 128 255 
-0.251104406616334 -0.668640549084975 -0.0778558228954093 128 255 128 255 
-0.267207771132804 -0.619719890288162 -0.0747890564684599 128 255 128 255 
0.220416516334256 -0.616421840195905 -0.170057508522842 128 255 128 255 
-0.228229168334483 -0.76253172114344 0.0151529946941085 128 255 128 255 
-0.214007834824919 -0.795720312893356 -0.00736748746632993 128 255 128 255 
-0.216598656344621 -0.787937423789429 0.0218939848043222 128 255 128 255 
-0.200896303715095 -0.817789002251229 0.0323001495128423 128 255 128 255 
0.265107594822838 -0.521839338211768 -0.143799786631145 128 255 128 255 
0.257339483883558 -0.570089840438871 -0.134725893652018 128 255 128 255 
0.0421459326096928 -0.924476262308821 0.128029972674757 128 255 128 255 
0.265266609554646 -0.648331304259545 -0.045737618859654 128 255 128 255 
0.246873324479389 -0.674509801999875 -0.0847531171912834 128 255 128 255 
0.263971408677989 -0.623769877515832 -0.0817494473838623 128 255 128 255 
-0.243041268292751 -0.718251565117319 0.0380162670881056 128 255 128 255 
-0.228059814489295 -0.725995698811706 0.0842910703792072 128 255 128 255 
-0.241017372355075 -0.70050636826438 0.074645663097952 128 255 128 255 
-0.251535478009333 -0.676304461457652 0.0675013081285602 128 255 128 255 
0.239101641223976 0.73571046532568 -0.0131020261972504 128 255 128 255 
0.227005648989385 0.765109568366767 -0.0171566132833681 128 255 128 255 
0.233457283942896 0.750953764544672 0.00250019157180418 128 255 128 255 
0.226014150151073 0.768549557944103 0.00916778063708893 128 255 128 255 
0.214658424594876 0.788529150717762 0.0346334103209802 128 255 128 255 
0.238435148166423 0.733125583450106 0.0310565779853493 128 255 128 255 
-0.186326982837635 -0.849828193183252 0.002499833720771 128 255 128 255 
-0.200457407891988 -0.823731794161062 0.000255999202108311 128 255 128 255 
-0.195872714426277 -0.829149643941347 -0.0264145342658667 128 255 128 255 
-0.238227639390986 -0.296259564974513 0.239324710248204 128 255 128 255 
-0.184772930473275 -0.284189255705676 0.284189255705671 128 255 128 255 
-0.215231633830836 -0.264456133620395 0.264456133619573 128 255 128 255 
-0.263652834364444 -0.263652834367055 0.216336180843672 128 255 128 255 
-0.280941277845584 -0.561765666750054 -0.081390270368911 128 255 128 255 
-0.250748599827773 -0.522758379110674 -0.167229163632021 128 255 128 255 
-0.254258004099838 -0.426947702388797 -0.19382291001516 128 255 128 255 
-0.29964371033691 -0.487492790671879 -0.0742123720818818 128 255 128 255 
-0.285467099874689 -0.511702227628669 -0.103820196119864 128 255 128 255 
-0.101910533600588 0.945261920130455 -0.054076108189212 128 255 128 255 
0.286239903440813 -0.463796394508642 -0.127193982222177 128 255 128 255 
0.263862915762831 -0.472427428422355 -0.165764569061111 128 255 128 255 
-0.184772945254976 -0.284189247162728 -0.284189247162801 128 255 128 255 
-0.283431094679109 -0.283431094679112 -0.186078557218994 128 255 128 255 
0.2526448945886 0.698707274119452 -0.0121063681510717 128 255 128 255 
0.243309915124564 0.720524353073745 -0.030097615609688 128 255 128 255 
0.246975280471701 0.705454786783615 -0.0423662801727049 128 255 128 255 
0.26001173211088 0.666143938778656 -0.0438795991309605 128 255 128 255 
0.242534005614658 0.698068110800019 -0.0725593282956461 128 255 128 255 
0.00984764563987048 -0.985368366518376 0.0594488953114739 128 255 128 255 
0.251557652982693 -0.682290348028498 0.0594030193252286 128 255 128 255 
0.215874290285035 -0.752697515135293 0.0870579668784798 128 255 128 255 
0.215149978156392 -0.793259241438283 0.00727724736054143 128 255 128 255 
0.208898815040015 -0.805795100028188 0.0140736133137799 128 255 128 255 
0.0651673369904257 0.976383828849379 -0.0398440099343419 128 255 128 255 
0.218243402454585 -0.786172004314844 -0.0105600024844117 128 255 128 255 
0.228355522233763 -0.761488429839216 -0.0192529312199242 128 255 128 255 
0.225546514053808 -0.769802384309874 0.00736914191100328 128 255 128 255 
0.212869644874501 -0.790536852376085 -0.0395972678987166 128 255 128 255 
0.0959514152819901 -0.908386231223957 0.112461679979565 128 255 128 255 
0.118765263108473 -0.897918351999329 0.100561610923408 128 255 128 255 
-0.0850586552401907 0.968284644561618 -0.0238354853581683 128 255 128 255 
-0.0904551142760711 0.960197585168432 -0.0396288582674004 128 255 128 255 
-0.104254136257104 0.95233904472208 -0.0276109734570003 128 255 128 255 
0.0983320594928957 -0.872262488741986 -0.142216629345402 128 255 128 255 
0.0858859630873808 -0.890286291821001 -0.136188802094685 128 255 128 255 
0.310224184729688 -0.408131380968402 -0.0891038014296946 128 255 128 255 
0.292611207105349 -0.416840453894793 -0.132887841233575 128 255 128 255 
0.0459494819893453 0.946150799275575 -0.104825935572902 128 255 128 255 
-0.0299326307557451 -0.942045410883017 0.114772991649545 128 255 128 255 
-0.0140802160147569 -0.955804416038444 0.102987795978484 128 255 128 255 
0.147262237229326 -0.808541877160889 0.146956904880023 128 255 128 255 
0.154437487324519 -0.822627027435979 0.128684328987566 128 255 128 255 
0.0664416223848304 -0.883744825814665 -0.151525193391912 128 255 128 255 
0.175949620866573 -0.795590687244202 0.122152155223152 128 255 128 255 
-0.218973560909973 -0.773750441284676 0.0470568720167226 128 255 128 255 
-0.00558626194659815 -0.919073742289639 0.139218252094837 128 255 128 255 
0.0558226350804343 -0.900504220586705 0.143249226734432 128 255 128 255 
0.0363297049079871 -0.878598371478689 0.164888629237825 128 255 128 255 
0.0316562450864935 -0.89825595979544 0.152118076985581 128 255 128 255 
0.243905444905237 -0.595693226147343 0.145443535953315 128 255 128 255 
0.257625854769274 -0.608108053425137 0.111375434111901 128 255 128 255 
0.261843041172929 -0.585595154801008 0.116503252888351 128 255 128 255 
-0.111201355602301 -0.859005466049879 -0.142821337907531 128 255 128 255 
0.0896758153716579 0.898000181116744 -0.127112931187689 128 255 128 255 
0.331466195150367 -0.331466195150378 -0.0373690632108417 128 255 128 255 
0.222539525418659 0.698902512831582 -0.120075062784386 128 255 128 255 
0.197479501027313 0.748277484584367 -0.126538302870909 128 255 128 255 
-0.238395164088237 0.722153245338002 -0.0545852290921297 128 255 128 255 
-0.234692929873766 0.680282080235524 -0.10986890077142 128 255 128 255 
-0.252955758332599 0.674508352320684 -0.0643675658754508 128 255 128 255 
-0.262406362711497 0.630952311628791 -0.0798766041050222 128 255 128 255 
0.177705896910612 0.863261370091983 0.0163728365050795 128 255 128 255 
0.189447644718863 0.841782131327782 -0.0231284838239669 128 255 128 255 
0.170142329210722 0.875462384547981 -0.0157252145937258 128 255 128 255 
0.105535607224213 0.954331875914383 0.00430907165031858 128 255 128 255 
0.0959781876375375 0.961375772745617 0.016055069573393 128 255 128 255 
0.119748841474305 0.915859281569345 0.076226183748769 128 255 128 255 
0.140250517940931 0.881581684216477 0.0904516623993535 128 255 128 255 
0.142729193326815 0.896350846228395 0.0647901976248814 128 255 128 255 
0.129241970177917 0.930767098103788 0.00236318602950099 128 255 128 255 
0.141662265599475 0.914687595611003 0.0187116706606781 128 255 128 255 
0.0279633812573007 0.970734249385085 0.0801712274444417 128 255 128 255 
0.211078850496436 0.802075545457685 -0.0054827589767589 128 255 128 255 
0.205040531397173 0.812843541898096 0.0192107044917031 128 255 128 255 
-0.217525835171044 0.776083098252438 -0.0489323644206103 128 255 128 255 
-0.231770357837442 0.753721462548695 -0.0164464576511819 128 255 128 255 
-0.0131141087757827 -0.975189325979066 0.0771604941533374 128 255 128 255 
-0.205230880642081 0.809121756752727 0.032334526339473 128 255 128 255 
-0.187462821440778 0.826489143717509 0.0668739966297129 128 255 128 255 
-0.189375100281283 0.838970369753336 0.0339581748711803 128 255 128 255 
-0.191722510265253 0.840152074140396 0.00324491384735648 128 255 128 255 
0.197547602353428 -0.779534628915459 0.10007828109245 128 255 128 255 
0.190305795624863 -0.797105562983518 0.0967550665313566 128 255 128 255 
0.00953537750117445 -0.894952871402496 0.157453138258423 128 255 128 255 
-0.0160922903960798 -0.883400645393208 0.164898289951904 128 255 128 255 
-0.0114933949076198 -0.900958719256099 0.152977364458464 128 255 128 255 
-0.0896198151666411 0.87422820964323 -0.146403267138301 128 255 128 255 
-0.0659024205172359 0.886203223577907 -0.149957808556736 128 255 128 255 
0.00410606636847075 -0.879773591578535 -0.16802661072093 128 255 128 255 
0.0641277227125567 -0.965209054449567 0.0665887824171167 128 255 128 255 
0.0825161832593256 -0.953192772391831 0.067963383294534 128 255 128 255 
0.121597545479156 -0.916241235774388 0.072641439843475 128 255 128 255 
-0.258668303439382 0.68147883059664 -0.00624659260253016 128 255 128 255 
-0.242584985384021 0.718972690843144 0.0392080008199803 128 255 128 255 
-0.244736178564656 0.721183445821158 -0.009539230078394 128 255 128 255 
-0.217593022211514 0.75840119674871 -0.0758730850927701 128 255 128 255 
-0.207947629303376 0.780480836263165 -0.0749265599242178 128 255 128 255 
-0.220093749385941 0.73329772545015 -0.0966593408504123 128 255 128 255 
0.150562819583845 -0.82485805122692 -0.131460925972266 128 255 128 255 
0.174140379430674 -0.783967116489181 -0.133602239996781 128 255 128 255 
0.174474571539103 -0.813284380742133 -0.108993958916135 128 255 128 255 
0.283832938254671 -0.509098779210087 -0.109732217661729 128 255 128 255 
-0.315066729443399 -0.315066729443571 -0.115432186177137 128 255 128 255 
0.0942417733824465 0.907637418676191 0.114641939369893 128 255 128 255 
0.112412606577684 0.877761244674475 0.12670950877719 128 255 128 255 
0.117119640419343 0.897596121079172 0.102825759116532 128 255 128 255 
0.27833175141364 -0.572817971446048 0.0807238919770911 128 255 128 255 
0.275741835673256 -0.528220126764572 0.118698574531318 128 255 128 255 
0.263379219727472 -0.564160237929203 0.125883997410062 128 255 128 255 
0.0529013799828527 0.900303834925771 0.14450972220563 128 255 128 255 
0.0738967856481533 0.910418283279671 0.126220370271533 128 255 128 255 
0.0849311108834681 0.890872935087535 0.136308027117413 128 255 128 255 
0.177911869474219 0.843167675371491 0.0669394674638214 128 255 128 255 
0.162707690694575 0.875957639500967 0.0511221775292875 128 255 128 255 
0.159513607019714 0.865380189911441 0.0771041306011518 128 255 128 255 
0.178075899540765 0.793449493208057 0.120804369691532 128 255 128 255 
0.160053352485404 0.841955785219049 0.103786852531822 128 255 128 255 
0.156404068786739 0.821327189047495 0.127339979629313 128 255 128 255 
0.150828331128614 0.806483662889292 0.144737064127337 128 255 128 255 
0.158936900051551 0.764528151963356 0.163328192966473 128 255 128 255 
0.264484343828024 0.662728162093766 -0.0121222952209712 128 255 128 255 
-0.306386504922722 0.486327547574151 -0.0395347431147816 128 255 128 255 
-0.313445139671836 0.446800067277468 -0.0424068988886336 128 255 128 255 
-0.321119979742053 0.399751550670788 -0.0436667885301449 128 255 128 255 
0.241874821618418 0.594964992647409 0.149159798794845 128 255 128 255 
0.246897587536811 0.53460439363691 0.168274436451622 128 255 128 255 
0.261361594212814 0.565367026154888 0.129364303934814 128 255 128 255 
-0.132769306907686 -0.879653550923362 0.103191588923833 128 255 128 255 
-0.129770908741772 -0.904810175501325 0.0763172767836268 128 255 128 255 
-0.115368239653438 -0.90502642932113 0.0964679333548061 128 255 128 255 
-0.156252246786401 -0.825340780426507 -0.124244949773482 128 255 128 255 
0.210385341228564 0.662030641653374 -0.161097532826049 128 255 128 255 
0.201105830377753 0.695719005578459 -0.155091327944773 128 255 128 255 
0.231505492261197 0.741106781642009 -0.0524431578334164 128 255 128 255 
0.228809344204074 0.723026129575972 -0.0854425526989598 128 255 128 255 
-0.242535625036333 0.242535625036333 -0.242535625036333 128 255 128 255 
-0.21523163383304 0.264456133618612 -0.264456133618765 128 255 128 255 
-0.077233478685491 0.325282769059342 0.325282769059342 128 255 128 255 
0.00295685914952129 0.33332167585194 0.33332167585194 128 255 128 255 
0.198399930224973 -0.332076662162669 0.268054255541266 128 255 128 255 
-0.151461280557639 -0.301196843039714 0.301196843039713 128 255 128 255 
-0.317802409316188 -0.350455419566513 -0.0930012505760093 128 255 128 255 
-0.331455719602064 -0.331455719601875 -0.0374734504692879 128 255 128 255 
-0.325269329885509 -0.325269329885514 -0.0772971278440377 128 255 128 255 
-0.313527430173681 0.313527430173822 0.12005469907817 128 255 128 255 
-0.313689043040826 0.356728461641216 0.103403381676547 128 255 128 255 
-0.324097593335488 0.324097593335491 0.0826489188988457 128 255 128 255 
-0.333321607021771 0.333321607021783 0.00296557576931703 128 255 128 255 
-0.317759239029578 0.350527357347971 -0.0931148035036084 128 255 128 255 
-0.315075357357486 0.315075357357585 -0.115405689209574 128 255 128 255 
-0.325255630679051 0.325255630679038 -0.0773619519341036 128 255 128 255 
0.159802470062966 -0.367841934905892 0.287314588035052 128 255 128 255 
0.31352433481118 -0.356435955428943 0.104027116655205 128 255 128 255 
0.324118207307988 -0.324118207307986 0.0825579263674707 128 255 128 255 
0.264404983608025 -0.264404983606072 -0.215302230095247 128 255 128 255 
0.238786230928985 0.295620332405068 0.238866405773783 128 255 128 255 
0.216228390831468 0.263731510138358 0.263731510137043 128 255 128 255 
0.186979750431673 0.282903329761116 -0.282903329761137 128 255 128 255 
0.284186193319555 0.284186193319555 -0.184778229200446 128 255 128 255 
0.173191355329944 0.786423213917051 -0.133030278910582 128 255 128 255 
0.195221321185891 0.771315843719631 -0.111904497177909 128 255 128 255 
0.322515995454218 -0.409302869364671 -0.00650461249219651 128 255 128 255 
0.321122569212218 -0.399090191166608 -0.0443978013701039 128 255 128 255 
0.313373159526463 -0.446178732274404 -0.0437357606855577 128 255 128 255 
0.309012348964674 -0.485869320686031 -0.00164888384186975 128 255 128 255 
0.298196370415023 -0.524212857820487 -0.0415814347132286 128 255 128 255 
0.306204218603947 -0.486067549673538 -0.0413069578261558 128 255 128 255 
-0.228337651401544 -0.683845054039793 -0.12002659607749 128 255 128 255 
-0.235988382798722 -0.701614805396846 -0.0881848120936717 128 255 128 255 
-0.22112222989911 -0.728969648025481 -0.0983887434745848 128 255 128 255 
-0.251559306440527 0.521561539914636 -0.166477039173721 128 255 128 255 
-0.313915011934037 0.447079202862001 0.0383714454622615 128 255 128 255 
-0.323415589649732 0.392256663769439 0.0341933117481773 128 255 128 255 
0.178779545597915 -0.862317967957707 0.00942481965614251 128 255 128 255 
0.170475433251903 -0.874509545333552 -0.0185001473424302 128 255 128 255 
-0.29886550672602 -0.523061242129075 -0.038474172550476 128 255 128 255 
-0.306509713232847 -0.486019516919432 -0.0390502389382155 128 255 128 255 
-0.313526763365225 -0.446627623151111 -0.0420288912001805 128 255 128 255 
0.158599146470048 -0.8936722172074 -0.00387996413954811 128 255 128 255 
0.160108407373622 -0.888862717905424 -0.0246105795702872 128 255 128 255 
0.214292331382965 -0.743154380500902 -0.100219633558412 128 255 128 255 
0.236246408500862 -0.725498500958978 -0.0582589998855084 128 255 128 255 
0.216425741212566 -0.767354636858843 -0.067496294115005 128 255 128 255 
0.205043023418607 -0.792656469290078 -0.066477978537854 128 255 128 255 
0.226173447917605 -0.758549539689959 -0.0438280143974296 128 255 128 255 
0.233735941523409 -0.744059573250022 -0.0341237142861444 128 255 128 255 
0.278730064660566 -0.562913940718502 -0.087752380891531 128 255 128 255 
0.288333677918837 -0.567528679633688 -0.0400322524523459 128 255 128 255 
-0.322501126117376 -0.409437053453293 -0.00617814465185719 128 255 128 255 
-0.321172133444247 -0.399645631233795 -0.0434036231315693 128 255 128 255 
0.191980759551148 -0.820158338920959 -0.06372528095486 128 255 128 255 
-0.277409503174995 -0.602531609759773 -0.0516083501829483 128 255 128 255 
-0.281779029615885 -0.602535335498241 -0.0148141952250599 128 255 128 255 
-0.283421782863489 -0.583396395549523 -0.0461321104871135 128 255 128 255 
-0.289567484201415 -0.564685790364936 -0.0359431575582731 128 255 128 255 
-0.267656264837648 -0.643594253340981 -0.0397921982336701 128 255 128 255 
0.275174638716293 -0.606530020106836 -0.0573940862825248 128 255 128 255 
0.28174027893691 -0.586387888181242 -0.0513913244089432 128 255 128 255 
-0.138617611549472 0.820318138699737 -0.147207048353677 128 255 128 255 
-0.250319954705961 0.677895325431315 0.0699796291638477 128 255 128 255 
-0.233911654034301 0.682041932135623 0.110171032136609 128 255 128 255 
-0.23974243146593 0.702260365303328 0.076663933275562 128 255 128 255 
-0.226729545617453 0.728135771057728 0.0855627368576578 128 255 128 255 
-0.228282575680735 0.762347551023307 0.0155028019448734 128 255 128 255 
-0.237625965708256 0.740152908868308 0.00745701637913346 128 255 128 255 
-0.31055074947704 -0.409781613823479 -0.0869944625532357 128 255 128 255 
-0.168981066670021 -0.876759588309099 -0.018893617536625 128 255 128 255 
0.0947716284561199 0.846428219452817 -0.162675252597437 128 255 128 255 
0.125700147486498 0.814399511836077 -0.162153149285888 128 255 128 255 
0.0980426820179976 0.814808145327252 -0.179996076658492 128 255 128 255 
0.179860137064231 0.587678756983995 -0.222439955773813 128 255 128 255 
-0.097662717489749 -0.950223402579395 0.0509551519838114 128 255 128 255 
-0.185283832263824 -0.839286532650715 0.0511826543033556 128 255 128 255 
-0.259285120427103 -0.679428458585187 -0.00826629215377664 128 255 128 255 
-0.270914807153944 -0.642188043769335 -0.00738081990146189 128 255 128 255 
-0.269307522431919 -0.640962651603916 0.0334553115948656 128 255 128 255 
-0.250145986394653 0.607510472256891 -0.127645283539159 128 255 128 255 
-0.0538545705176783 -0.937291952111541 -0.110838430898684 128 255 128 255 
0.230438843114055 -0.710347049007628 -0.0939351617163411 128 255 128 255 
-0.254509420766204 -0.683833485330627 -0.0420882565898918 128 255 128 255 
-0.250003730589222 -0.702346779384357 -0.0289267779489652 128 255 128 255 
-0.238264375713974 -0.72249309979699 -0.0545942319630977 128 255 128 255 
-0.2317512648802 -0.753744919676813 -0.0165806073198583 128 255 128 255 
-0.245104429248328 -0.720053356525096 -0.0106866218034542 128 255 128 255 
-0.217643264122377 -0.776105418049588 -0.0483626334392027 128 255 128 255 
-0.238080989374826 -0.739054184516257 0.00650417848832074 128 255 128 255 
-0.20658876855687 -0.804457514143358 -0.0377768342735525 128 255 128 255 
-0.217997150621154 -0.757167522564196 -0.0762522444471831 128 255 128 255 
-0.19853104332678 -0.774085905337608 -0.103364801813648 128 255 128 255 
-0.207996221499351 -0.78075174681144 -0.0744372771209753 128 255 128 255 
-0.24459718162962 0.561148601395904 -0.160658732702727 128 255 128 255 
0.0127330638112603 -0.977369677057771 -0.0736982555379594 128 255 128 255 
0.140146456087941 0.881571296647663 -0.0906254509975232 128 255 128 255 
0.168372408147409 0.847814559368146 -0.0824743607985265 128 255 128 255 
0.144863354853145 0.858406779380696 -0.109118417323893 128 255 128 255 
0.0910355286646756 -0.965579285051545 -0.0130235481902156 128 255 128 255 
0.0980763395568365 -0.960738021208099 0.0019589728736555 128 255 128 255 
0.0867012944186735 -0.969386345515813 -0.00437602390041263 128 255 128 255 
0.102052260585468 -0.956292325146729 -0.0165365954892712 128 255 128 255 
0.19474287027571 0.827498651073314 0.0384832077210874 128 255 128 255 
0.196790391668353 0.830378862952872 0.00907772421617559 128 255 128 255 
-0.204789244261951 0.797579238105476 0.0595380647325627 128 255 128 255 
-0.219522087145275 0.772646036299314 0.0467686521332774 128 255 128 255 
-0.310447495264481 0.409971851202021 -0.0872506725686651 128 255 128 255 
-0.285323713532467 0.511360972568424 -0.104422784669665 128 255 128 255 
-0.286853895098087 0.468172204326696 -0.123760528282783 128 255 128 255 
0.120133085431079 0.867532669277294 -0.128418916891515 128 255 128 255 
0.116622809329864 0.895264995465341 -0.105885264016704 128 255 128 255 
0.130832271354949 0.876527974769523 -0.108835906554774 128 255 128 255 
0.281069583604102 0.476429311716759 -0.132765731421993 128 255 128 255 
0.289189072585973 0.427726347522453 -0.136018166371994 128 255 128 255 
0.331461051405111 0.331461051405021 -0.0374203571830888 128 255 128 255 
0.256910354143946 0.540724186452095 -0.149830600074627 128 255 128 255 
0.278770651124215 0.523127852598494 -0.11436375744319 128 255 128 255 
0.274023933192557 0.57684122966649 -0.0912007910775268 128 255 128 255 
0.191545924603605 0.724698044165016 -0.150538174116588 128 255 128 255 
-0.0838252651304525 -0.96123805312792 0.0497594244095801 128 255 128 255 
0.148979113974458 0.788293749300114 -0.158522364616862 128 255 128 255 
0.149245137403788 0.805448489977219 -0.147079835607173 128 255 128 255 
0.165739260411556 0.87363839268973 -0.0460975383963196 128 255 128 255 
0.0582052698580854 0.800445147206924 -0.203772146621023 128 255 128 255 
0.0295724747007477 0.925533816728955 -0.130571287788338 128 255 128 255 
0.0968304548748107 0.870682029647173 -0.144440161310276 128 255 128 255 
-0.262638240082505 0.564708838342777 -0.127118592886076 128 255 128 255 
-0.167967131258142 0.831538983286135 -0.101759014709277 128 255 128 255 
-0.151401331948924 0.883200798555717 -0.0676178258890372 128 255 128 255 
-0.164762353999356 0.855670397162146 -0.0795731396703991 128 255 128 255 
0.230728589695167 0.588455614825694 -0.16875810662879 128 255 128 255 
0.252196533957531 0.583895406460511 -0.137040739824842 128 255 128 255 
0.240184675292085 0.627344850717027 -0.134596008778181 128 255 128 255 
0.219801615803847 0.626064614678391 -0.166411028967067 128 255 128 255 
0.254152329049611 0.649267858113343 -0.0878234770374151 128 255 128 255 
-0.2930221128847 0.4203817654166 -0.130567720312234 128 255 128 255 
-0.181296349131485 0.691662300462217 -0.179810993686992 128 255 128 255 
-0.269278185273483 0.525810883853045 -0.133901488045936 128 255 128 255 
0.0569185429139019 -0.85501919808476 0.174292990075685 128 255 128 255 
0.0339762461609241 -0.856323659491062 0.179399934155188 128 255 128 255 
0.0351050499862252 -0.827042489979549 0.195621344409297 128 255 128 255 
0.179135593308858 0.853369283868736 0.043365249421124 128 255 128 255 
-0.27846129066419 -0.573585350891557 0.079587710253809 128 255 128 255 
-0.258206760523271 -0.577624140627677 0.128930407409614 128 255 128 255 
-0.266842628113559 -0.555206867639023 0.123544194999505 128 255 128 255 
-0.276469317092961 -0.527238210122552 0.11754647702961 128 255 128 255 
-0.0352303452155272 0.862558456608687 0.175379388490957 128 255 128 255 
-0.0306054845882174 0.893458006824478 0.15582008590576 128 255 128 255 
-0.0535540383360092 0.878526995134885 0.160174129685591 128 255 128 255 
-0.111410171304913 0.747120157998956 -0.206915916324951 128 255 128 255 
0.145571449510385 -0.89799555900653 -0.0548584380838366 128 255 128 255 
0.165705081113245 -0.745995151479898 -0.167266854245935 128 255 128 255 
0.23344361870329 0.554280183384189 -0.179166843024214 128 255 128 255 
0.296008237537007 0.496848909537772 -0.0807572846418577 128 255 128 255 
0.224225551823794 0.700651607633298 0.115580103012912 128 255 128 255 
0.247769562775375 0.687585883282783 0.0671820347164866 128 255 128 255 
0.232796760320092 0.723830470070341 0.0728995177652069 128 255 128 255 
0.217306758652559 0.750432713859534 0.0859308376688769 128 255 128 255 
-0.160613245824103 0.889520312982406 0.0172504248393694 128 255 128 255 
-0.173683787999438 0.862782463705045 0.042246165974922 128 255 128 255 
-0.154089662957825 0.889770928383398 0.0479044051187218 128 255 128 255 
0.190404124697918 -0.733768067700613 0.146438756416414 128 255 128 255 
0.199986775925069 -0.704024898547326 0.151818638889794 128 255 128 255 
0.209988772200308 -0.669815993953464 0.157553179125601 128 255 128 255 
0.237314848568688 -0.735945219326517 0.0313005330247013 128 255 128 255 
0.253906037764874 -0.693247807630694 0.0213928333476368 128 255 128 255 
-0.201122199814834 0.727911212912046 -0.135343909994971 128 255 128 255 
-0.21021404888891 0.686997266431677 -0.147696923196886 128 255 128 255 
-0.145993735760312 -0.830078627920523 0.132502867276854 128 255 128 255 
-0.183951281723866 0.764820866202127 -0.134324414405199 128 255 128 255 
0.182086244232868 0.753462382933155 -0.144503989172779 128 255 128 255 
-0.129838361800021 -0.819577745982802 0.155494457235105 128 255 128 255 
-0.141127045955082 -0.916482264935476 0.00952280637478962 128 255 128 255 
-0.121402109090762 -0.936580459841919 0.0247720857518394 128 255 128 255 
-0.134684661659374 -0.920833304866758 0.0294668347913513 128 255 128 255 
0.146213731323769 0.830715372553676 -0.13175936744588 128 255 128 255 
0.119759064580946 0.844442573976234 -0.146704995868854 128 255 128 255 
-0.155225372991763 0.824567992952226 -0.126158767679439 128 255 128 255 
-0.110796105104797 -0.806800618655152 0.17708278127838 128 255 128 255 
-0.13532175267599 0.754855083187039 -0.188314216078867 128 255 128 255 
-0.045205262603706 0.723806645845061 -0.239727850612082 128 255 128 255 
0.000921157958628619 0.820753978500792 -0.20197651397848 128 255 128 255 
0.0656904197723814 0.827920514616745 -0.187091437629988 128 255 128 255 
-0.132643104664872 -0.77503022043732 0.179782677618137 128 255 128 255 
0.103669739075453 -0.832540472820999 0.166168934771388 128 255 128 255 
0.0810513555906571 -0.868315281022261 0.155512840243562 128 255 128 255 
0.106149539163556 -0.860486723335834 0.145525245600066 128 255 128 255 
0.157554005879964 0.892436837094457 -0.0249257935427375 128 255 128 255 
0.0725661360855632 -0.826939543204295 0.185082473097763 128 255 128 255 
0.0788621710130159 -0.846502096422116 0.170909424991012 128 255 128 255 
-0.164047439543349 -0.858276997626769 -0.077514566964482 128 255 128 255 
0.029489422037288 -0.883594425587693 -0.162904793352669 128 255 128 255 
0.128402890734335 -0.832602352289963 -0.147849114649524 128 255 128 255 
0.110343149137115 0.687377254183753 0.23186941602714 128 255 128 255 
0.15216356180063 0.661368688004294 0.21718693012869 128 255 128 255 
0.142436312762787 0.696223420175573 0.210050006922981 128 255 128 255 
-0.0546147891923405 -0.833916433250724 -0.187323633029618 128 255 128 255 
0.234008383471908 -0.749605466139984 0.00123721773075788 128 255 128 255 
0.241810930135391 -0.728300430459927 -0.0149925938836515 128 255 128 255 
-0.111388806011702 -0.948720656385412 -0.00914723171471307 128 255 128 255 
-0.090313872044066 -0.938674584231044 -0.0818819138040168 128 255 128 255 
-0.15918883745698 0.810494968935748 0.132461823984076 128 255 128 255 
-0.182307196986006 0.773607770192645 0.130213099925291 128 255 128 255 
-0.164311428833331 0.777755184014916 0.149629074417327 128 255 128 255 
-0.197323376397651 -0.333491509737203 0.268628720350303 128 255 128 255 
0.130419176326121 -0.928155799782422 0.0175125041220525 128 255 128 255 
0.298962174190606 -0.486427854821273 -0.0777501744257503 128 255 128 255 
-0.209211256474665 -0.684754283029767 -0.150398105907772 128 255 128 255 
0.244232292079848 -0.622181153068967 -0.130237586073577 128 255 128 255 
0.0895493279638042 -0.963159063058162 -0.0319608067287393 128 255 128 255 
-0.190347972433802 0.640786177955208 -0.1934987753167 128 255 128 255 
-0.266699138034 0.647862905377462 -0.0374935776583086 128 255 128 255 
-0.25412075401042 0.686897286924442 -0.0380020400411613 128 255 128 255 
0.257317739205542 -0.684748959480384 -0.0133203629048971 128 255 128 255 
0.251824603408462 -0.68905762343843 -0.0472685276952751 128 255 128 255 
0.146418058988294 -0.905474289935441 0.032806801746938 128 255 128 255 
-0.148069125788643 0.542242990268569 -0.25753070130931 128 255 128 255 
-0.181982828620915 -0.768699839863344 -0.134237892139535 128 255 128 255 
0.125704080827188 -0.854247414573791 -0.134093800653364 128 255 128 255 
0.144079737098858 -0.851451586409371 -0.116703900069291 128 255 128 255 
0.0295264416735911 0.660252760737947 0.263887185615291 128 255 128 255 
-0.00661890078556 0.699078162684986 0.252719956901773 128 255 128 255 
-0.00958869341718049 0.663014910023074 0.264498496368931 128 255 128 255 
-0.0170219274109108 0.621092251223306 0.276569666472256 128 255 128 255 
0.00280174239396997 0.562388269270413 0.29233038851012 128 255 128 255 
0.042112644714849 0.531696074323371 0.296460648486321 128 255 128 255 
0.0416997182289252 0.568802732136193 0.287783002986353 128 255 128 255 
-0.142911889823201 -0.846357424140742 -0.122621666250642 128 255 128 255 
0.195616505283644 -0.765210053337128 -0.116365272463966 128 255 128 255 
-0.14520417895183 -0.868752037160301 -0.0978492486338738 128 255 128 255 
0.164387112947228 -0.845968198696619 -0.0922988830542191 128 255 128 255 
0.151852924606803 -0.783234403121607 -0.158929763111805 128 255 128 255 
0.200179795950969 -0.818282886334686 -0.0350668828974366 128 255 128 255 
0.166590290531902 -0.872549772414133 0.0456045684494203 128 255 128 255 
0.161634208281217 -0.887620411571687 0.0197643904539478 128 255 128 255 
0.034940227266805 0.842256766711868 -0.187362269055565 128 255 128 255 
0.0804348591091139 0.586949144290759 -0.274711702396325 128 255 128 255 
-0.0855937963668372 0.727825713360085 -0.226842259308743 128 255 128 255 
-0.0796428017606213 0.708557836833185 -0.236432325244731 128 255 128 255 
0.0893342366006064 0.78118764248453 -0.201835574618579 128 255 128 255 
0.0673732640106748 0.754495768185691 -0.22204246265008 128 255 128 255 
0.248571472972179 -0.710913636822003 0.00611932857956767 128 255 128 255 
-0.212989205210202 -0.565492437235845 -0.199155416343931 128 255 128 255 
-0.231027140478958 -0.612203303274923 -0.157408203414198 128 255 128 255 
-0.0268111928625499 0.825802964622885 -0.197578678935046 128 255 128 255 
-0.0316017020504687 0.800052983615464 -0.209739680515811 128 255 128 255 
-0.0547188151529988 0.828588212155251 -0.190226298808503 128 255 128 255 
0.0836327338368065 -0.859934817272215 -0.15990490357488 128 255 128 255 
0.104516637801164 -0.839416190810109 -0.161241500793994 128 255 128 255 
-0.09942909162914 0.773877358716638 -0.200631709471753 128 255 128 255 
0.0452981219271312 -0.90171048715432 -0.145989222773199 128 255 128 255 
0.108252066217124 0.857647373430532 -0.146070573500337 128 255 128 255 
0.0505898305455317 -0.86960969086395 -0.16707196381066 128 255 128 255 
0.0359216155541555 0.650141475873509 -0.266221878751068 128 255 128 255 
0.280181439976483 -0.607393253451786 -0.019558215411986 128 255 128 255 
0.268356903689755 -0.648079872053563 0.0219912335168604 128 255 128 255 
0.268929820906654 -0.647944468019084 -0.0140621336901002 128 255 128 255 
-0.0879751123596953 0.792289642281805 -0.196964501358789 128 255 128 255 
0.195728546490854 -0.789099885535855 -0.0941036467844183 128 255 128 255 
0.182493403082757 -0.81760603972013 -0.0902008953106916 128 255 128 255 
-0.121999099808471 0.911464435601435 0.0791851521066445 128 255 128 255 
-0.118226494784216 0.924378990046052 0.0649070917703876 128 255 128 255 
-0.219241364578738 0.332918101716605 -0.251155128300301 128 255 128 255 
-0.309127150550597 -0.485302281996168 -0.00077199623605257 128 255 128 255 
0.276100043925016 0.577669165740314 0.0840000933122452 128 255 128 255 
0.254400042176282 0.643970121534133 0.0918880366150773 128 255 128 255 
0.254967149077342 0.609494550765032 0.116431508810225 128 255 128 255 
-0.0735683586104305 0.889561677938446 0.143780009318213 128 255 128 255 
0.038485829526571 0.813217225080712 0.202122618691658 128 255 128 255 
0.0496590830278994 0.779090651212033 0.216012010079217 128 255 128 255 
0.0622026256194818 0.800579860718025 0.202521151724318 128 255 128 255 
0.180749203296346 0.846569955690637 -0.0523892545922275 128 255 128 255 
-0.00789358739669109 -0.411575221171794 0.32212327254996 128 255 128 255 
-0.00401968399947396 -0.48911933063686 0.308348995966202 128 255 128 255 
-0.00110161690897239 0.492227241846036 0.307754447230304 128 255 128 255 
0.0710303417096884 0.931587592380234 0.107110970630234 128 255 128 255 
-0.0260446408067698 -0.831483877262333 -0.194681757800664 128 255 128 255 
-0.181051614305162 0.620973738849691 -0.209807678632271 128 255 128 255 
0.242535625036333 0.242535625036333 0.242535625036333 128 255 128 255 
0.263733012596968 0.263733012597016 0.216226331562377 128 255 128 255 
0.0681461239260916 0.879224550311698 -0.154034469964651 128 255 128 255 
-0.138890469777538 0.863805932786559 0.111531816033387 128 255 128 255 
-0.147401713749889 0.841582836533365 0.12140849813982 128 255 128 255 
-0.162173687913898 0.843471715720619 0.098838824701242 128 255 128 255 
0.103377878291032 -0.356537683725947 0.31372455842422 128 255 128 255 
0.0825574104956782 -0.32411832410826 0.324118324108262 128 255 128 255 
-0.313737925471228 -0.356802854278677 0.103222834217342 128 255 128 255 
-0.324282780216392 -0.324282780216398 0.0818276439282681 128 255 128 255 
0.329676082955373 0.36067176373515 0.00729106992161762 128 255 128 255 
0.333321782017093 0.333321782017105 0.00294336456063343 128 255 128 255 
0.313513474201735 0.313513474201733 0.120095693402455 128 255 128 255 
0.324121001666497 0.324121001666503 0.0825455835698865 128 255 128 255 
0.325280141914745 0.325280141914745 -0.0772459254138188 128 255 128 255 
-0.0920011944076547 0.74816746842917 0.215792580881865 128 255 128 255 
-0.0840262001997766 0.797575212710825 0.196019906153767 128 255 128 255 
-0.111702602120287 0.77453270065757 0.193739285017143 128 255 128 255 
0.0270737384217372 0.995886189844082 -0.0171274566147909 128 255 128 255 
0.236242768576874 0.640823690552777 0.133631831397731 128 255 128 255 
0.210397573303449 0.665424026773695 0.159324180346756 128 255 128 255 
0.221522905269594 0.626757512159853 0.163781788840897 128 255 128 255 
0.242535625036333 -0.242535625036333 0.242535625036333 128 255 128 255 
-0.035475479183629 0.762891057364668 0.225812186741056 128 255 128 255 
-0.0485230140714234 0.728663729862281 0.237226979398782 128 255 128 255 
-0.0252984136165654 0.750469583907769 0.23229165952745 128 255 128 255 
-0.00665161305873361 0.738950728876148 0.238117040891309 128 255 128 255 
-0.0100292797100471 0.768657541054447 0.225931647086995 128 255 128 255 
-0.0338540061285765 0.791762105028943 0.213290878528056 128 255 128 255 
-0.0588420155931561 0.771859565656203 0.216948640841811 128 255 128 255 
0.09415834047168 -0.786725347506136 0.19689356988827 128 255 128 255 
0.0896783000988638 -0.740823311611863 0.21989858726723 128 255 128 255 
0.0703887160048294 -0.763065245092663 0.217397912128744 128 255 128 255 
-0.077233510576546 -0.325282762328631 -0.325282762328636 128 255 128 255 
-0.162225884980284 0.321117276538888 0.292904790870129 128 255 128 255 
-0.15146126185769 0.301196851398424 0.301196851398414 128 255 128 255 
0.0511165497531879 -0.785702919572217 0.212652189329289 128 255 128 255 
0.13020918973027 -0.739943907705635 0.199012328981604 128 255 128 255 
0.128664485607803 -0.773654787731041 0.183378640586853 128 255 128 255 
0.127824762188492 -0.798864907508126 0.169963755006658 128 255 128 255 
-0.246788833197088 0.618019867556163 0.127873623377186 128 255 128 255 
-0.226139654492962 0.619463369923893 0.160916100235838 128 255 128 255 
-0.235477993509579 0.581159889257238 0.165323145151021 128 255 128 255 
0.0635725400415198 -0.807432476150824 0.198658318791233 128 255 128 255 
-0.0221057286535115 0.836651153903029 0.192388115704109 128 255 128 255 
-0.0121988803176557 0.85613221316625 0.182293416534093 128 255 128 255 
-0.00657609564043041 0.875419141835094 0.170768606113674 128 255 128 255 
-0.149284259456735 -0.712795900082545 0.198001132958997 128 255 128 255 
-0.144273690098827 -0.742042191206568 0.188033969878527 128 255 128 255 
-0.0567757085919331 0.795785428992324 0.206439364984104 128 255 128 255 
-0.0492281279920984 0.818851805141088 0.196880168334614 128 255 128 255 
-0.168388356621881 -0.539866693204408 0.245383926406418 128 255 128 255 
-0.133914039249573 -0.579094428397563 0.255241502059206 128 255 128 255 
-0.128472900898847 -0.556470738529069 0.26417275549387 128 255 128 255 
-0.122043254920136 -0.528804491786766 0.274137095498777 128 255 128 255 
0.128592750687728 0.734787298769788 0.202422344443649 128 255 128 255 
0.125942436528993 0.773336827128655 0.185424535472923 128 255 128 255 
0.0863194896356076 0.734081079176305 0.224030238012758 128 255 128 255 
0.0670226859113163 0.757105997119865 0.22103567143109 128 255 128 255 
-0.219034949318193 0.49018535380564 0.216768233698159 128 255 128 255 
-0.210412152697605 0.552831631334517 0.206213128450528 128 255 128 255 
-0.251882115591304 0.484913841756698 0.179339635968032 128 255 128 255 
0.192164439713843 0.730336686569201 0.14628346375456 128 255 128 255 
0.201735058582084 0.699495917443768 0.152122116141548 128 255 128 255 
0.174540414810925 0.698072198889638 0.183364302833793 128 255 128 255 
0.0905442349866945 0.639069393727907 0.256418645823879 128 255 128 255 
0.0863813629632339 0.575923524359108 0.275820991677895 128 255 128 255 
0.112193056703864 0.611123040876682 0.256376270776212 128 255 128 255 
0.141260149557746 0.591094351670809 0.247732692895424 128 255 128 255 
-0.177147616336361 0.864486636983017 0.0141977391335739 128 255 128 255 
-0.183620770603268 0.851969342695259 0.02349344381324 128 255 128 255 
0.0238804381178363 -0.982837650047599 0.0606917937445397 128 255 128 255 
-0.330800942988158 0.330800942988018 0.0434981834348306 128 255 128 255 
-0.310088980521895 0.412442651193875 0.0870697686721597 128 255 128 255 
-0.0879921856282584 0.916953902436228 0.110257957916604 128 255 128 255 
0.311939818748304 0.453023028417705 -0.045164149487375 128 255 128 255 
0.320289507473986 0.403574518172251 -0.0453384241213603 128 255 128 255 
-0.0484536226218957 -0.86117942452886 -0.173056288790927 128 255 128 255 
-0.0469493889535866 -0.869243427760296 0.168367813946301 128 255 128 255 
-0.0203472720490689 -0.86394973355904 0.176875219225899 128 255 128 255 
-0.176887587968312 0.838599707427578 -0.0761878950782947 128 255 128 255 
-0.144573588321042 -0.911956738882283 -0.0118465227169169 128 255 128 255 
-0.154397440633757 -0.899392021142242 -0.00694095344441775 128 255 128 255 
-0.309090132492449 0.485484853186482 -0.00115163634367076 128 255 128 255 
0.304286708025372 0.494427100515299 -0.0430386420710866 128 255 128 255 
-0.295027894386757 0.551028584577944 0.00211327519949148 128 255 128 255 
-0.281184301166176 0.60486606487003 -0.0142303578259286 128 255 128 255 
-0.151420075669144 -0.887492150180811 0.060138739858327 128 255 128 255 
0.276470214971585 0.621027382245689 -0.0188366839193391 128 255 128 255 
0.270051904572022 0.623290301897169 -0.0592504118894409 128 255 128 255 
0.292272430405119 0.562676755560004 0.00107773968082655 128 255 128 255 
0.295700388920996 0.534337185001533 -0.0432634560063761 128 255 128 255 
0.285140175502975 0.579592487001962 -0.0412811937449613 128 255 128 255 
-0.145115271430001 0.882669454619625 0.0809529195606486 128 255 128 255 
0.213366050758724 0.788074987631819 -0.0429202627950554 128 255 128 255 
-0.27013927442549 0.644935089666723 -0.00566642594398364 128 255 128 255 
0.0826445161383179 -0.844923327217022 -0.17009689792088 128 255 128 255 
0.0651454804918778 -0.854419904436095 -0.171761151923843 128 255 128 255 
0.0403604743631298 -0.854689898513762 -0.179050762932148 128 255 128 255 
-0.285090630053523 -0.586192887581318 0.0277588619625556 128 255 128 255 
-0.069774036663117 -0.683963305369514 -0.248305962653921 128 255 128 255 
-0.189487194471371 -0.370267616722624 -0.268248609307134 128 255 128 255 
-0.213767935074432 0.796198978689052 -0.0078516679504285 128 255 128 255 
-0.196336508341338 0.826715529033661 -0.0319318705764803 128 255 128 255 
-0.206499807044865 0.803893647533748 -0.0397139831518878 128 255 128 255 
0.17658753482975 -0.470781198445133 -0.257123336385974 128 255 128 255 
0.203062313527552 0.813539279520466 -0.0321702443516053 128 255 128 255 
-0.20385221681853 -0.774910486774171 0.0915612395318198 128 255 128 255 
-0.224717258093349 -0.749345282887684 0.0656685095494318 128 255 128 255 
0.26348060575287 0.662621449310376 0.0263541316012885 128 255 128 255 
0.0179738057154992 -0.711224852624304 0.247884733300382 128 255 128 255 
0.0334222083703751 -0.691010959267091 0.253369158057381 128 255 128 255 
0.0728548858354313 -0.68016114520961 0.248726223889866 128 255 128 255 
0.0331043757985821 -0.639061481873063 0.269914997415854 128 255 128 255 
-0.136464388168145 0.887038723974008 -0.0895698391630433 128 255 128 255 
-0.00277752935650606 -0.685589847721755 0.257367630309523 128 255 128 255 
0.112613582614388 -0.943764074552643 -0.0313344942072706 128 255 128 255 
0.149199849289695 0.904581468613192 -0.0213529917444455 128 255 128 255 
-0.287182559745873 0.368698938504843 0.159792915150659 128 255 128 255 
0.0435826590047504 0.539173712442498 -0.294553888578974 128 255 128 255 
0.0388352779104837 0.57301836696855 -0.287137700702929 128 255 128 255 
0.0259744041944839 -0.791095739114983 -0.21470041835191 128 255 128 255 
0.00319487079526566 -0.827193902975503 -0.198641810843842 128 255 128 255 
-0.0802170916912879 -0.865074247083343 -0.158180369500465 128 255 128 255 
0.259691283158439 0.587190372826365 0.12025542647153 128 255 128 255 
0.0708763890262792 -0.969915607948979 -0.0488313468010871 128 255 128 255 
-0.0416333664669948 0.980614836120443 0.0553712929484424 128 255 128 255 
-0.0708586181411218 0.967764576153758 0.053926068251 128 255 128 255 
-0.0722184224734918 -0.968224510306177 -0.0510113772100718 128 255 128 255 
-0.0268590202912092 -0.924870536631532 0.131739907083229 128 255 128 255 
-0.0159508253325368 -0.932683781206145 0.126523480842951 128 255 128 255 
-0.0237629400293659 -0.911380445391469 -0.143556718242069 128 255 128 255 
-0.179902752453758 -0.807577724671913 0.105414754208394 128 255 128 255 
-0.183290248959113 -0.788413342584804 0.117069345447998 128 255 128 255 
-0.0312022499282778 -0.962506448532518 0.0906867358561678 128 255 128 255 
-0.0491212530604281 -0.968962875474272 0.0722908661095649 128 255 128 255 
0.1292266276934 0.779291795540888 -0.179968060050042 128 255 128 255 
-0.193300695553914 -0.585604916847505 -0.211584970413234 128 255 128 255 
0.28267561462112 -0.594710332443756 0.0297393908786396 128 255 128 255 
0.271866528441956 -0.620342670435942 0.0546393387577759 128 255 128 255 
-0.185408038288262 -0.606021355445052 -0.211461870505576 128 255 128 255 
-0.0769494067754467 -0.878510578443857 0.150353510007226 128 255 128 255 
-0.11425641100028 -0.937859884676695 0.0446970501788013 128 255 128 255 
0.0871638144324972 -0.891583471586243 0.134303124848109 128 255 128 255 
0.0761300007220797 -0.91107453742684 0.124286441682195 128 255 128 255 
0.117971896917051 -0.570130379094517 -0.265427096035823 128 255 128 255 
-0.161421356666733 -0.698794308026313 -0.194689389062241 128 255 128 255 
-0.0990306542468301 -0.77772861671199 -0.198960304669833 128 255 128 255 
-0.203464278420255 -0.798888525615827 0.0618419106096693 128 255 128 255 
0.220927167046176 -0.763463572718373 0.057720050516749 128 255 128 255 
0.227738264742495 -0.743741102005769 0.063177745128271 128 255 128 255 
0.182885438284901 -0.849991782936257 0.0352442838382228 128 255 128 255 
-0.0312584730921052 -0.804610788526544 -0.207600795873775 128 255 128 255 
-0.182737591426659 -0.853537333208433 -0.0232642019921849 128 255 128 255 
0.0461693599761369 -0.919887939428899 -0.130744638168309 128 255 128 255 
0.0884802503879139 0.936437366848429 -0.0869302928343701 128 255 128 255 
-0.236203119338123 -0.679564659633688 0.107154278672937 128 255 128 255 
0.198281453054922 -0.75594825284147 0.119382741616762 128 255 128 255 
0.181750720522316 -0.763260451222777 0.138368559236586 128 255 128 255 
0.145395625945825 -0.895350840730366 0.06044391249614 128 255 128 255 
-0.130136058847491 -0.866974619080146 -0.118781224557025 128 255 128 255 
-0.259422496310731 -0.638768257617902 0.0818341145376476 128 255 128 255 
0.26370483743706 -0.647406122729289 0.055388814426633 128 255 128 255 
0.297948251288867 -0.526536409478338 0.0396452976455706 128 255 128 255 
0.289852812255358 -0.562385938974193 0.0380867158299618 128 255 128 255 
0.297290272875847 -0.493202112414284 0.0788188225839255 128 255 128 255 
0.305960761186277 -0.488612921843129 0.0393088265286671 128 255 128 255 
0.153532817928126 -0.899910435054848 0.0140650122329634 128 255 128 255 
-0.00258705542708398 -0.798140632282846 -0.212989991839287 128 255 128 255 
-0.0874352581122881 -0.877898038440021 -0.14497225056078 128 255 128 255 
-0.313792005646915 -0.44731952659706 0.0390219223619328 128 255 128 255 
-0.306054254908606 -0.488287484032272 0.0390858666560178 128 255 128 255 
-0.247974064566434 -0.538985563030196 0.16491086769271 128 255 128 255 
-0.280112875761134 -0.471652270298477 0.136856567202125 128 255 128 255 
-0.297530947020652 -0.493261112744513 0.0778586943600137 128 255 128 255 
0.249126803438587 -0.536335538653504 0.164252299522124 128 255 128 255 
0.279433706237477 -0.471641705348365 0.138242493575133 128 255 128 255 
-0.0335434029191001 -0.9038333874443 0.147514358261241 128 255 128 255 
-0.0484831533384172 -0.922398932474547 0.1276593380436 128 255 128 255 
-0.0901173431015731 -0.41581988877119 0.308651118380194 128 255 128 255 
-0.12286501443245 -0.390375115559013 0.301421783776825 128 255 128 255 
-0.139112227058977 -0.416582052515661 0.28975023512516 128 255 128 255 
0.128042089516718 -0.881369373773814 0.107255423380342 128 255 128 255 
-0.0693012675328515 -0.910076095966162 -0.129102749883801 128 255 128 255 
-0.0624131085963085 -0.922270202783398 -0.121580476688534 128 255 128 255 
-0.309808104332329 -0.41268029924117 0.0879246361579752 128 255 128 255 
-0.298201597397468 -0.525485877465635 0.0394824949832485 128 255 128 255 
-0.323373090213607 -0.39237338893644 0.03442705351921 128 255 128 255 
-0.290443503985214 -0.414883900432289 0.138298498753941 128 255 128 255 
-0.161757711220026 -0.881499862877852 -0.0412818304738474 128 255 128 255 
0.286793504041241 -0.367798392481614 0.160748221862399 128 255 128 255 
0.262904619038726 -0.42995431973889 0.181034644903444 128 255 128 255 
0.289980763244838 -0.414276050193992 0.139492151945506 128 255 128 255 
-0.301707800609325 -0.388476476784139 0.122915218323164 128 255 128 255 
-0.23263506120461 -0.363126333937895 0.233234454240915 128 255 128 255 
-0.262221948134257 -0.364162499143788 0.199155346758483 128 255 128 255 
0.313513468414086 -0.313513468414015 0.120095710400351 128 255 128 255 
0.301414129586447 -0.387921054640274 0.123851418105269 128 255 128 255 
-0.290668374471741 -0.559367149690768 0.0374224507351424 128 255 128 255 
-0.0454586214915866 0.842506291856659 0.18494973608402 128 255 128 255 
0.0343897918920022 0.603240275672514 0.279874908992622 128 255 128 255 
-0.00800874049205337 0.913997162635613 -0.143220137381742 128 255 128 255 
0.0209822600933897 0.913874070737274 0.142000048575847 128 255 128 255 
0.0171941141486689 0.937002344006655 0.122301613767379 128 255 128 255 
0.00628512726924095 0.924324197877343 0.134772377936496 128 255 128 255 
-0.0380741735424894 -0.655321756771882 0.26432843318845 128 255 128 255 
-0.0670329249969395 -0.687838876087881 0.247722190109663 128 255 128 255 
-0.0357645539064716 -0.694391980282907 0.251889591468537 128 255 128 255 
0.204686436380185 0.789191151116605 0.0724611905699761 128 255 128 255 
0.185707306788907 0.814009557250667 0.0876718066317704 128 255 128 255 
0.192736295619021 0.79381986518763 0.0953098724987472 128 255 128 255 
0.151916160317693 0.880265281503606 0.0711555252648211 128 255 128 255 
-0.179826753974153 -0.855257641910676 0.035058943873364 128 255 128 255 
0.113136389343339 -0.699714604244755 0.225831951935997 128 255 128 255 
0.142834212156523 -0.703009082545257 0.206931533668885 128 255 128 255 
-0.306202103688611 0.487966088299533 0.0384240084524198 128 255 128 255 
-0.131415252351782 0.881450745361213 0.103007782440075 128 255 128 255 
0.309391545602591 0.413516953881556 0.0888946799387016 128 255 128 255 
0.330831133346676 0.330831133346856 0.0432391098273597 128 255 128 255 
0.323106236148634 0.394032477764556 0.0345636575005478 128 255 128 255 
0.222676326990342 -0.629472358643452 0.160890686112623 128 255 128 255 
-0.290984213291591 0.414992892396572 0.13711595529038 128 255 128 255 
-0.301912417162685 0.388446062774905 0.122423828810775 128 255 128 255 
0.313140088217648 0.450805686737347 0.0392433165632408 128 255 128 255 
-0.160692199083636 0.874053798191103 0.0606775132554352 128 255 128 255 
-0.166807681101367 0.858894612294387 0.0704464240396648 128 255 128 255 
0.128482665047108 -0.928442112898092 -0.0272325061970023 128 255 128 255 
-0.298097036257981 0.492329544377996 0.0764169598396988 128 255 128 255 
-0.217623238329025 0.785682486910819 0.0218632745842234 128 255 128 255 
-0.298307793740666 0.525152334944671 0.0392342267248087 128 255 128 255 
-0.264436988130343 0.431864139262642 0.178212567191075 128 255 128 255 
0.221899985349071 0.76130728750115 0.0575481938036733 128 255 128 255 
0.228457690976785 0.742691740660138 0.0621144438110989 128 255 128 255 
0.296398290276144 0.496264534445782 0.0797696179001693 128 255 128 255 
0.30498052043472 0.493314342278943 0.0395853006965795 128 255 128 255 
-0.205115353077317 0.73162633424803 0.126562337473444 128 255 128 255 
-0.193551745128829 0.714933122991838 0.153774340160996 128 255 128 255 
-0.136895978839789 -0.90812630854157 0.0563277578236231 128 255 128 255 
0.124887901990187 0.903100526158719 -0.0863376571011743 128 255 128 255 
-0.12489920508815 0.908408491355564 -0.0790533388545005 128 255 128 255 
-0.138858172771892 0.904799865998132 -0.0581855309583236 128 255 128 255 
0.0754150213926937 -0.905723551467129 -0.129501656615859 128 255 128 255 
0.135448886273946 0.865428685346887 0.114161045239648 128 255 128 255 
0.12682947347988 0.881135018799296 0.108923912329708 128 255 128 255 
-0.27864295223158 0.572117318384498 0.0802698963480505 128 255 128 255 
-0.268810914650026 0.641910282804483 0.0351358189292835 128 255 128 255 
-0.284944091646884 0.586503140082124 0.0284360114658529 128 255 128 255 
-0.281956407955948 0.471058912229398 0.133279639745428 128 255 128 255 
-0.279081622928118 0.524203548440635 0.112981262958625 128 255 128 255 
-0.269952012542155 0.550551684851981 0.119321046265805 128 255 128 255 
0.0767783642338509 -0.948629206376006 -0.0813505414314258 128 255 128 255 
0.294457999733975 -0.553488510252126 0.000881418935712786 128 255 128 255 
0.296482283097227 0.532516644823255 0.0406385183678025 128 255 128 255 
0.287806769476553 0.569817199881605 0.0397592803928883 128 255 128 255 
0.279774514136934 0.604550108593989 0.0322659745186717 128 255 128 255 
0.268148469088294 0.629578380610024 0.0595841823905678 128 255 128 255 
0.279147345555775 0.471370298695887 0.138935019408946 128 255 128 255 
0.274308187626371 0.529756153731744 0.121139556813235 128 255 128 255 
-0.0235579390925134 -0.992443718814161 0.0364274156393183 128 255 128 255 
-0.067706756917315 -0.952193067847744 0.0841536525342617 128 255 128 255 
0.0639312411494077 0.94885799390617 -0.0914951210914493 128 255 128 255 
0.0466077431399172 0.955641463887501 -0.0931203096080732 128 255 128 255 
0.192629952364951 0.622164828737847 0.198765020994771 128 255 128 255 
0.157185078868422 0.623812409262575 0.227266595222215 128 255 128 255 
0.167345135575179 0.605153142057112 0.226316839973374 128 255 128 255 
0.175469776845516 0.582254455485041 0.2276682183274 128 255 128 255 
-0.0517274569311861 0.893521895331414 0.150088631177917 128 255 128 255 
-0.258060549403101 0.639329386081233 0.0855100329134597 128 255 128 255 
-0.0774585450697902 -0.95684513279498 -0.0674988661464632 128 255 128 255 
0.259567845630068 0.656293696507561 0.0615171019276596 128 255 128 255 
0.0361004640669947 0.904639554132329 -0.146287914521009 128 255 128 255 
0.04671239349542 0.860901529121672 -0.17370670184766 128 255 128 255 
0.0692264526310146 0.854455020008109 -0.17013530902558 128 255 128 255 
0.0264467296559466 0.857604772585872 -0.179902269102115 128 255 128 255 
-0.0497495800580788 0.855373665715682 -0.176258189456513 128 255 128 255 
-0.203425290625373 0.777580663551148 0.0896613650183695 128 255 128 255 
-0.000134392735021864 -0.945829656388507 -0.114785727778239 128 255 128 255 
0.0591633503616046 -0.905770711324449 -0.137648555891822 128 255 128 255 
0.0618245832504795 -0.914641219526809 -0.12886679440011 128 255 128 255 
-0.139418070849147 0.781800622552773 0.170766096090886 128 255 128 255 
0.193935014532181 0.816377350864435 0.0638765333337902 128 255 128 255 
0.202625471345279 0.805906731784734 0.0525091426007953 128 255 128 255 
0.199487020561671 0.776735315712841 0.0989454768548999 128 255 128 255 
-0.0500148965788979 -0.948243240610913 0.10051294855023 128 255 128 255 
0.155454555861504 -0.877327182261476 0.0679779861069443 128 255 128 255 
0.0349458528124719 0.881252545640893 0.163410616909004 128 255 128 255 
0.0496765352407701 0.856746444373135 0.175443519439265 128 255 128 255 
0.0537909971156343 0.877199959584609 0.161001727787751 128 255 128 255 
0.011253474565915 0.893371732013654 0.158458908647 128 255 128 255 
0.0169207052482188 0.873032950447239 0.171581969821864 128 255 128 255 
0.0327024583188307 0.961402841912187 0.0916167071821063 128 255 128 255 
0.029269946160713 0.865183532311435 0.174858376054943 128 255 128 255 
0.122886386668342 -0.936168599350167 -0.0186408147735819 128 255 128 255 
0.200432421203994 -0.389855576730922 0.25657047774295 128 255 128 255 
0.198833605344147 -0.363112270688535 0.262647816569852 128 255 128 255 
-0.151461299264612 -0.301196834677865 -0.301196834677856 128 255 128 255 
0.111154110351195 0.798015576796931 -0.181772258314673 128 255 128 255 
-0.124306182317572 0.894684461890672 0.0974188646951331 128 255 128 255 
0.0122039094400397 -0.997251876835225 -0.0231765256971234 128 255 128 255 
0.103182532643157 0.954396327234225 0.0222333279297018 128 255 128 255 
0.115613216938489 0.943373049187072 0.0197356068087599 128 255 128 255 
0.0578035009702345 -0.876245125424615 0.160259364159888 128 255 128 255 
0.0610701235724057 -0.982387280076068 0.0251961097312477 128 255 128 255 
0.122562157483017 -0.388126634835753 0.301907645366846 128 255 128 255 
0.137685052408765 -0.414444766202271 0.290813089383706 128 255 128 255 
0.200808104163473 0.389701365023176 0.256305868247949 128 255 128 255 
0.160284704778596 0.367662976538025 0.287074501053574 128 255 128 255 
0.199141710330094 0.363130405421736 0.262411149162365 128 255 128 255 
0.198593618204347 0.332111509035176 0.26790539010861 128 255 128 255 
-0.249645611383296 0.703967822556801 -0.0270320262269904 128 255 128 255 
0.307736984658938 0.492284215038386 -0.00222487610024641 128 255 128 255 
0.277698224567847 0.600607281472139 -0.0528446206082248 128 255 128 255 
0.247583073973215 -0.707558610722303 -0.0335070389364785 128 255 128 255 
-0.102518541108188 -0.895943745094579 0.118956055953085 128 255 128 255 
-0.0250490755002129 -0.839577554337431 0.190423803834098 128 255 128 255 
-0.0542804173708815 -0.842089382059343 0.182795826539906 128 255 128 255 
0.00717937253817535 -0.86102878024725 0.179658355768742 128 255 128 255 
-0.0497466925427444 -0.936695010893718 0.11336036750883 128 255 128 255 
0.00379707145341278 -0.834316271111816 0.194872068469618 128 255 128 255 
0.0479022426466365 -0.951766308948386 -0.0973292631256592 128 255 128 255 
0.259368977045636 -0.636723794545291 0.0839677046529091 128 255 128 255 
-0.0965601630900345 -0.961069877972195 -0.0148061027963776 128 255 128 255 
-0.0883719790558442 -0.967817638378168 -0.0103208806463954 128 255 128 255 
-0.124464841221194 -0.737606176056428 0.203717054433988 128 255 128 255 
-0.109919156627672 -0.761672626504031 0.200996584583479 128 255 128 255 
-0.0904980897062676 -0.741814477535991 0.219143767878893 128 255 128 255 
-0.115545243239614 -0.688836499426465 0.228773429080734 128 255 128 255 
-0.157496530076258 -0.646501598742669 0.218973207515428 128 255 128 255 
-0.152577649784471 -0.682888631231543 0.208393716413468 128 255 128 255 
-0.0300211319959881 -0.813662255468467 0.203329649650195 128 255 128 255 
-0.0806565534547531 -0.712740491053982 0.234509356360433 128 255 128 255 
0.158788660765597 -0.765567394244449 0.162863281754528 128 255 128 255 
0.150479843400728 -0.667725737452424 0.215924951956287 128 255 128 255 
0.0805883817271777 -0.714795901831794 0.233749544976303 128 255 128 255 
0.255827010231833 0.389890211341891 0.201372119348478 128 255 128 255 
0.262137093505105 0.363266291666369 0.199471395740457 128 255 128 255 
0.267761032278473 0.332194209930179 0.198770936887803 128 255 128 255 
0.173936279792492 -0.702205831308531 0.181960139094779 128 255 128 255 
-0.252170052823464 -0.478314552073598 0.181141235939273 128 255 128 255 
0.248238871429348 -0.482255686300704 0.185219144459932 128 255 128 255 
0.231617621018149 -0.512916533058849 0.196132228917394 128 255 128 255 
-0.251002129063373 -0.61959493419723 0.118366682351966 128 255 128 255 
-0.222679756128104 -0.645817708793037 0.152573300705792 128 255 128 255 
-0.218692438038031 -0.491188032336142 0.216830267712969 128 255 128 255 
-0.21125816063423 -0.543520121204312 0.208430275107456 128 255 128 255 
-0.238243136339686 -0.597116373442982 0.153856073422314 128 255 128 255 
-0.123423007981744 -0.622450662397755 0.247661317770567 128 255 128 255 
0.19250373858299 -0.623670767218435 0.198296777001793 128 255 128 255 
-0.0867792051393537 -0.574859059578881 0.275973630204396 128 255 128 255 
0.139508331218742 -0.594784592813227 0.247621339324431 128 255 128 255 
0.117819056055687 -0.644448767473396 0.24331948409906 128 255 128 255 
0.154297912789359 -0.628475376309993 0.227638930360636 128 255 128 255 
0.0652343981594773 0.982513348825095 0.00882683093340596 128 255 128 255 
0.0240836853859882 -0.993014729751163 -0.0340616263993705 128 255 128 255 
0.207236803081446 -0.547243742619353 0.211230643957806 128 255 128 255 
0.22430587974061 -0.582844607638959 0.179508721695859 128 255 128 255 
0.159868219424327 -0.536208650786763 0.251996323475022 128 255 128 255 
0.174154003418947 -0.582470703591485 0.228607429365243 128 255 128 255 
0.182284395511467 -0.482231538173712 0.250407626296415 128 255 128 255 
0.192624933015992 -0.512878879823599 0.234552844418095 128 255 128 255 
0.239523674239032 -0.455682830633506 0.204138557920276 128 255 128 255 
0.104190466582617 0.916343508871711 0.0958314518748537 128 255 128 255 
-0.226324145615263 -0.427234549842672 0.225745839515046 128 255 128 255 
-0.241284071451819 -0.457244872754539 0.201613203525926 128 255 128 255 
-0.0100918887057362 -0.766858608587281 0.226691717372995 128 255 128 255 
0.128356305558739 -0.821293367757144 0.155593404951261 128 255 128 255 
-0.202849485709027 -0.457671070443487 0.240144188362822 128 255 128 255 
0.225473594670633 -0.425089286315284 0.227099142408197 128 255 128 255 
0.179060586066107 -0.42999954624927 0.264243876898599 128 255 128 255 
0.20192451961341 -0.455640839461738 0.241403009866788 128 255 128 255 
0.0174219065982399 -0.951376679915082 0.107502455304485 128 255 128 255 
-0.0658548171767652 0.967044799186919 -0.0613692717312885 128 255 128 255 
0.157862996744812 0.840080773409658 -0.108914228906444 128 255 128 255 
0.128074110187533 0.928499358238723 0.0288641225658969 128 255 128 255 
0.262013798586443 -0.363111005314561 0.199668631371938 128 255 128 255 
0.232680385797125 -0.361691810650215 0.233467756210934 128 255 128 255 
0.255592747693825 -0.389839462392086 0.201681638069673 128 255 128 255 
-0.0433112884851206 -0.530643330477498 0.296523726149119 128 255 128 255 
-0.0396010025792003 -0.573338141334553 0.286953261746678 128 255 128 255 
-0.0548049882347855 -0.615648586164651 0.273163888259365 128 255 128 255 
-0.0164911269355096 -0.609238444145918 0.279877815930462 128 255 128 255 
-0.049557679551723 -0.593981560888214 0.280075474976953 128 255 128 255 
-0.232449627775585 0.363554500903102 0.233335937522861 128 255 128 255 
-0.19708855787445 0.333758901684228 0.268759562127022 128 255 128 255 
-0.18513537885845 0.849191376680568 -0.0241689720990934 128 255 128 255 
-0.0440650919033202 -0.492359992622061 0.304558644040045 128 255 128 255 
-0.0459820458653804 -0.45173359206773 0.312054052561811 128 255 128 255 
0.152318529764758 -0.800860716912378 -0.147060626879033 128 255 128 255 
-0.00181190053748363 -0.980972586809166 0.0686171613218646 128 255 128 255 
-0.109052993602252 0.951149514597292 -0.00466569734746675 128 255 128 255 
-0.101930201838733 0.955396157614282 0.0226385928428036 128 255 128 255 
-0.104529726855533 0.955019015277718 0.00811610548251271 128 255 128 255 
0.299656717288906 -0.29965671728891 0.154859882776236 128 255 128 255 
-0.056400164972322 0.974793482721118 0.0551473421113844 128 255 128 255 
0.115172901013326 -0.875653076268168 -0.126052220945021 128 255 128 255 
0.143544410768128 0.906787108982444 0.0401514849242425 128 255 128 255 
-0.224192486336182 0.750371628129436 0.0659964051427978 128 255 128 255 
-0.19894554420041 0.621126019389264 0.192862478618472 128 255 128 255 
-0.290644095664109 0.559299639528493 0.0377358367759544 128 255 128 255 
0.12463965911148 0.924689123446477 0.0508301737020275 128 255 128 255 
0.133277772267891 0.911447073380066 0.0582671754313572 128 255 128 255 
-0.295172423396646 -0.550409508827379 0.0020975822438569 128 255 128 255 
0.23288350883654 0.361829634492092 0.233238422529217 128 255 128 255 
0.291548485784728 0.31945131664952 0.165055539549587 128 255 128 255 
0.02626695904298 -0.799318390137892 0.210822931975997 128 255 128 255 
0.0742789990072256 0.975933877729986 0.0206582503189989 128 255 128 255 
-0.153462035858076 0.900529276158073 -0.0089597705439488 128 255 128 255 
-0.242535625036333 0.242535625036333 0.242535625036333 128 255 128 255 
0.282906012110746 0.282906012110745 0.186975184625258 128 255 128 255 
0.299656724970764 0.299656724970764 0.154859866053612 128 255 128 255 
-0.0571906551408742 -0.893490551371345 0.148116698052838 128 255 128 255 
-0.053380802585254 -0.906772323540231 0.139179680164428 128 255 128 255 
-0.12106564900066 0.694976908585989 0.223537354161789 128 255 128 255 
-0.0780693411570221 0.692258914509819 0.242904022207129 128 255 128 255 
-0.0854349570990537 0.716898356226668 0.231209762828831 128 255 128 255 
-0.142964924972535 -0.885429650789421 0.0810112380382664 128 255 128 255 
0.154867334990952 0.299653293864997 -0.299653293864983 128 255 128 255 
0.216956585407085 0.490022166545853 0.218893990434016 128 255 128 255 
0.251053411075233 0.476727201111268 0.183203620012047 128 255 128 255 
-0.267529113893205 0.332809906508014 0.198954386056999 128 255 128 255 
-0.226206588953599 0.428276769694469 0.225616768171319 128 255 128 255 
-0.256145905013811 0.391689464828942 0.200528505250846 128 255 128 255 
0.0108138139333017 0.753165237066607 0.232326979763083 128 255 128 255 
-0.00861883847719645 0.894245893063464 0.158007120563417 128 255 128 255 
-0.00839490378000449 0.912751212340358 0.144187984890563 128 255 128 255 
0.0301618803936377 0.897727804394522 0.152809877597067 128 255 128 255 
0.0768948891499834 0.922122384758207 0.113130296569028 128 255 128 255 
0.221869996124894 -0.608271944033965 0.171826529982727 128 255 128 255 
0.22279505988592 0.583903568244976 0.1809542237482 128 255 128 255 
0.220608791532836 0.607304103691835 0.173866253745192 128 255 128 255 
-0.241391144267049 0.459221026097178 0.200922416320234 128 255 128 255 
-0.259525958346197 0.571298149121947 0.129802031340831 128 255 128 255 
-0.181800689177612 0.486443395717098 0.249740058943756 128 255 128 255 
-0.202409296440176 0.4597843171742 0.240010979203676 128 255 128 255 
0.225777204891312 0.425554998939176 0.226688102000569 128 255 128 255 
0.240327764400781 0.455729076905152 0.203178340029287 128 255 128 255 
0.181651148197992 0.47581996041325 0.252393079903983 128 255 128 255 
0.179658728292212 0.428793407456814 0.264082833201044 128 255 128 255 
0.201868377317209 0.455326343998127 0.24152410772548 128 255 128 255 
-0.128277479711682 -0.922802957000919 0.0458172987561686 128 255 128 255 
-0.117710596301815 -0.874849573774838 0.124394500282894 128 255 128 255 
-0.124558846345734 -0.935842103660371 0.00316813571000337 128 255 128 255 
-0.180100553583119 0.811498619492127 0.101230085906992 128 255 128 255 
-0.156230618115667 0.53483641340554 0.254628615134147 128 255 128 255 
-0.190950111028266 0.523215222878416 0.233063893299746 128 255 128 255 
0.165408286442877 0.532130238660012 0.249488920682213 128 255 128 255 
0.205410504067826 0.558321431682461 0.209382738207333 128 255 128 255 
0.0335408634330797 0.951410991142202 0.103571957048263 128 255 128 255 
-0.115272381932921 0.939378893875738 -0.0375258385115339 128 255 128 255 
-0.00292386416519478 0.987327211277713 0.0560318946693935 128 255 128 255 
0.060741360645831 -0.927995543789051 0.116891057120661 128 255 128 255 
0.0789620291406226 -0.922791323484796 0.111004590627265 128 255 128 255 
0.072791530595896 -0.932642125139904 0.104755553906324 128 255 128 255 
0.0973429472788506 -0.875275136978325 0.14057392792934 128 255 128 255 
-0.172709841072869 0.742964071982928 0.161777138410281 128 255 128 255 
0.115662161587542 0.926884562314316 -0.0650606482721144 128 255 128 255 
-0.134838271131295 0.623641983104638 0.241251795844345 128 255 128 255 
-0.16181290699681 0.65767451859756 0.211540992366138 128 255 128 255 
-0.170900338608661 0.583314324092421 0.230783673634122 128 255 128 255 
-0.167581857670235 0.622062717825758 0.220331706428366 128 255 128 255 
0.0768764353820156 0.708616537192472 0.237324320781465 128 255 128 255 
0.128033459623803 0.636110240705065 0.240889801097758 128 255 128 255 
0.0766382983352283 0.868446294754426 0.157644201726353 128 255 128 255 
0.0726786943547371 0.847286916402106 0.173149981998623 128 255 128 255 
-0.152887032005983 0.719304462073146 0.192225600129558 128 255 128 255 
-0.148729208019559 0.748320856864594 0.181332863965926 128 255 128 255 
-0.128490916750452 0.745288155830192 0.197631654260417 128 255 128 255 
0.0744852855634459 -0.573048009800878 0.280006962950574 128 255 128 255 
0.105335873080089 -0.605655656753436 0.260867787287309 128 255 128 255 
0.110465298102831 -0.584675806323767 0.264701133665063 128 255 128 255 
-0.0262099103566276 0.813980190379257 0.203697251860617 128 255 128 255 
0.0153655953530834 0.847706380153427 0.186917424364163 128 255 128 255 
0.0432391391238354 0.836371626421515 0.188919791093013 128 255 128 255 
0.0400202466111575 0.729529798347406 0.238477727274022 128 255 128 255 
0.0198594376184376 0.772713619202238 0.223539274165278 128 255 128 255 
-0.00106721123610476 -0.554896972098515 0.294125851972389 128 255 128 255 
0.0250352705436576 -0.588192452904814 0.284827890175016 128 255 128 255 
0.0338444354108249 -0.561287634069007 0.290644239253313 128 255 128 255 
0.133243290204739 0.840198169141743 0.137857140983778 128 255 128 255 
0.105013852544412 0.856474925897807 0.14925958944678 128 255 128 255 
-0.0219764464712867 0.850902439018806 -0.184425222851266 128 255 128 255 
-0.00474711904498619 0.931710415238849 0.128323520929791 128 255 128 255 
-0.0292431783147288 0.912338848708922 0.141772930294845 128 255 128 255 
0.135364727992096 -0.911815733468594 0.05244423288384 128 255 128 255 
0.0951748581145507 0.873879579018375 0.143120772459911 128 255 128 255 
0.165860921387076 -0.607692869479495 0.226558653321053 128 255 128 255 
-0.135078297363136 0.814926360622244 0.154080263197684 128 255 128 255 
-0.00255071863817616 -0.954723705781614 -0.105149057413922 128 255 128 255 
-0.088717949268338 0.416588025881576 0.308926968415776 128 255 128 255 
-0.137627966661095 0.417469974041586 0.290298779583066 128 255 128 255 
-0.121888037634405 0.390974142310668 0.30172123486317 128 255 128 255 
0.0688397242644685 0.680079665979788 0.249895051445416 128 255 128 255 
0.062764405460845 0.651949599440848 0.260635459302316 128 255 128 255 
0.0610383030626891 0.626495749573317 0.268723286989334 128 255 128 255 
0.200412595740577 0.752794279855278 0.118310527508911 128 255 128 255 
0.183330457055843 0.761088963739406 0.137778403833004 128 255 128 255 
-0.0472221587736223 -0.728932154108053 0.237386386033039 128 255 128 255 
-0.0226229815770723 -0.710653847870813 0.247708675636883 128 255 128 255 
-0.0951713183839737 0.885961081082787 0.133516063887177 128 255 128 255 
-0.0816818947580218 -0.641556878862074 0.258609045841904 128 255 128 255 
-0.158214838476512 -0.598621799502298 0.234892608289848 128 255 128 255 
-0.00609957184173043 -0.647826520193601 0.269263607150489 128 255 128 255 
0.0360384252329015 -0.527513287960577 0.29819026690868 128 255 128 255 
0.0814696825960954 -0.629260921222693 0.262424298171702 128 255 128 255 
-0.182896760980467 0.548840600891156 0.232154088869878 128 255 128 255 
0.12363156371768 0.388039495529368 0.301485322743936 128 255 128 255 
0.139053614415387 0.413933685966804 0.290252374729909 128 255 128 255 
-0.0823649931199656 -0.496248479935991 0.295690967954182 128 255 128 255 
-0.13945557621495 -0.473207602376502 0.278498462875257 128 255 128 255 
-0.180024831217178 -0.431293788069094 0.263323455267264 128 255 128 255 
-0.18311860099945 -0.479117237848596 0.250546197045993 128 255 128 255 
0.114049132057481 -0.528338298525806 0.27766904836096 128 255 128 255 
0.120673060421611 -0.563980734963159 0.265854696506829 128 255 128 255 
0.0363352061061 -0.490200308662669 0.306010955876523 128 255 128 255 
0.0752118072779962 -0.493875957104231 0.298083810267284 128 255 128 255 
-0.200530998535316 -0.391546283025058 0.25617131572115 128 255 128 255 
-0.198305722966532 -0.364848263578179 0.262746172429268 128 255 128 255 
0.135262929829323 -0.471810684125804 0.28085262620462 128 255 128 255 
-0.0580052682410848 0.623911418185465 0.270142923257723 128 255 128 255 
-0.0881702803139997 0.577683929026299 0.274792847941305 128 255 128 255 
-0.0508095583872063 0.601185428429034 0.277921563266266 128 255 128 255 
-0.0374064670538274 -0.331462445040104 0.331462445040002 128 255 128 255 
-0.0455745628263867 -0.402984686722308 0.320348822512124 128 255 128 255 
-0.0805362943831144 0.497806951763424 0.295867196864255 128 255 128 255 
-0.0441869236082133 0.453392125489438 0.312012736187429 128 255 128 255 
-0.242535625036333 -0.242535625036333 0.242535625036333 128 255 128 255 
-0.155881637168412 0.691004713117579 0.202521527878316 128 255 128 255 
0.0640947566554087 0.983379333860167 -0.00353522987580228 128 255 128 255 
0.0647230768641953 0.981189589092765 0.0216632649374143 128 255 128 255 
-0.178986110843807 0.433203024244225 0.263639590849177 128 255 128 255 
-0.135974252515296 0.474214021831385 0.280001924180632 128 255 128 255 
0.13811477739692 0.470043805149878 0.279833156949191 128 255 128 255 
0.0889037336914806 0.412981648469686 0.309478312813747 128 255 128 255 
0.0803946355702369 0.495039603520049 0.296485463444835 128 255 128 255 
0.120888706403726 0.526585214045603 0.275180669891436 128 255 128 255 
-0.0417278913001211 0.534710794766169 0.295836618029165 128 255 128 255 
-0.0392270946174121 0.579951402225193 0.285338869224576 128 255 128 255 
0.00104992250801616 0.805912135685337 0.209313376222171 128 255 128 255 
0.0273373024035955 0.793570487288491 0.213385580181428 128 255 128 255 
0.0432519047272091 -0.330829646656049 -0.330829646656144 128 255 128 255 
-0.00214399574539081 -0.806938928593008 0.208809932191426 128 255 128 255 
-0.0697284006608198 0.960054454202363 0.0701774922573504 128 255 128 255 
-0.0420734958395875 0.494882881109665 0.304329069441209 128 255 128 255 
-0.0441039019342859 0.668824957356601 0.259111891515524 128 255 128 255 
-0.0882579929664876 0.647699753614914 0.254501710858009 128 255 128 255 
-0.044428548526675 0.403828926491561 0.320376918497908 128 255 128 255 
-0.1359250532319 0.575479510834164 0.255200479341396 128 255 128 255 
-0.0497651594689765 -0.958699804014679 0.0873799981462848 128 255 128 255 
-0.117915959776503 0.52832113228187 0.276053279367049 128 255 128 255 
0.129354590381416 0.557020915474244 0.263596932313822 128 255 128 255 
0.0405655569517348 0.492721514029915 0.304971504203383 128 255 128 255 
-0.0422543800557915 0.986078750559647 0.0408736399102409 128 255 128 255 
-0.0386675944508897 0.993312807619021 0.0130776668048229 128 255 128 255 
-0.262149629744468 0.364456620204385 0.199183297349268 128 255 128 255 
0.120106375457584 0.313509836758545 0.313509836758387 128 255 128 255 
-0.201602057622219 -0.60048260389034 0.198202023503544 128 255 128 255 
0.217358179736595 -0.484577450156353 0.220007937353154 128 255 128 255 
0.0858700411610857 -0.959932937491788 -0.0494209474680033 128 255 128 255 
0.0394841772455081 0.990322471863011 -0.0291320255919016 128 255 128 255 
-0.125065357294256 0.554594478759392 0.266292646284041 128 255 128 255 
0.0591859749513614 -0.971746177538745 -0.0588276387516137 128 255 128 255 
-0.0443868902755923 -0.983511937194523 0.0460199689322168 128 255 128 255 
-0.0451218012488847 -0.980885939542325 -0.0519313934387449 128 255 128 255 
-0.0026891084797441 0.988097830236109 -0.0543194568704782 128 255 128 255 
0.0220030065161367 0.984217509370504 0.0585692277840936 128 255 128 255 
0.0526441705134264 0.988519889238074 0.0090633781314508 128 255 128 255 
0.113956570624096 0.835979833571938 0.157022651836134 128 255 128 255 
0.263395531424828 0.429318198364516 0.180509011242395 128 255 128 255 
-0.0844630718838206 0.959580973711877 0.0525978478703733 128 255 128 255 
0.0650032771231029 -0.965666685107851 -0.0648887913923655 128 255 128 255 
0.121323053540692 0.913592040723967 -0.0771324462964238 128 255 128 255 
-0.0360834576393013 -0.760814177396892 0.226590393543745 128 255 128 255 
0.130407977050547 0.917267935308656 -0.0531149741296512 128 255 128 255 
-0.183889183668789 -0.680692930928531 0.18239206651611 128 255 128 255 
-0.0965891083841098 0.961298542597988 -0.0125969387701321 128 255 128 255 
-0.0245733878796292 -0.747559016822571 0.233539263070703 128 255 128 255 
0.0056028844077163 0.846417639908449 -0.188190719527751 128 255 128 255 
0.101429668648326 0.92673342152794 0.0857768462039291 128 255 128 255 
-0.0894482320270565 -0.887578512560373 0.136104962499466 128 255 128 255 
0.0597559362431303 0.937628051566785 -0.107405456582541 128 255 128 255 
-0.210270075924199 -0.691173806975801 0.145159657740274 128 255 128 255 
-0.127560374167579 -0.916454985246368 0.0611729778437803 128 255 128 255 
-0.0243042798432801 0.99758213657457 0.00361068738907788 128 255 128 255 
0.0425207037287124 0.881635904188034 -0.161343590045267 128 255 128 255 
-0.0667296857631252 -0.964122914128073 -0.0659963985798523 128 255 128 255 
-0.182271328024767 0.793851265261348 0.114027104498717 128 255 128 255 
-0.11319669910373 0.928208920099154 -0.0670076865213485 128 255 128 255 
-0.112165211738818 0.794014285072303 0.183334740209086 128 255 128 255 
0.0492905766098054 0.971410061358201 -0.0679393143805938 128 255 128 255 
0.101816028981128 0.932681161192203 -0.0767901508472214 128 255 128 255 
-0.0885103999008222 0.967775077623434 -0.00960905363025534 128 255 128 255 
0.301193299461761 0.301193299461756 -0.15146920793222 128 255 128 255 
-0.151461280564661 0.301196843036566 -0.301196843036573 128 255 128 255 
0.168927233954929 0.821331972885014 -0.110183060650683 128 255 128 255 
0.321970100954066 0.412656423113103 -0.00704049862407538 128 255 128 255 
0.383658448436047 0.321150230339672 -0.0588496572578659 128 128 255 255 
0.38761929415509 0.305843382324129 -0.112599689439274 128 128 255 255 
0.348836501297292 0.321369121010351 -0.0806908805461033 128 128 255 255 
0.315082475158053 0.315082475158317 -0.115383825619648 128 128 255 255 
-0.330865394792701 -0.330865394792873 0.0429431587215766 128 128 255 255 
-0.378864320665886 -0.323258746509001 0.0506110135446532 128 128 255 255 
-0.35628246538376 -0.330182461098433 0.0106011523280238 128 128 255 255 
-0.284127231269381 -0.184880208203446 -0.284127231269383 128 128 255 255 
-0.323143036701414 -0.162966761485862 -0.292214215535514 128 128 255 255 
-0.301410588246359 -0.150982166195257 -0.301410588246354 128 128 255 255 
0.448613611589242 0.311151385129617 -0.0550268424699679 128 128 255 255 
0.973156656945243 -0.053890518891922 -0.0609637337865796 128 128 255 255 
0.976364372237678 -0.0376327081866537 -0.0665045501028698 128 128 255 255 
0.978353044997503 -0.0471201588107183 -0.0559719170206019 128 128 255 255 
-0.794909363887512 0.196594829113945 0.0858216089036968 128 128 255 255 
-0.823218578880969 0.176364158413344 0.0958361955147397 128 128 255 255 
-0.807145820852844 0.179508274877235 0.106495216011598 128 128 255 255 
-0.788482868195886 0.180617294968868 0.121095945215127 128 128 255 255 
-0.838965479678793 0.180969415629891 0.0653235759773981 128 128 255 255 
0.978319919379789 -0.0572084747587466 -0.0456996365863474 128 128 255 255 
0.928810769085573 -0.129413868434016 -0.0203928098870321 128 128 255 255 
0.903536394895605 -0.150990272637842 -0.012436967197239 128 128 255 255 
0.914584310521931 -0.139589111351679 -0.030932528412569 128 128 255 255 
-0.888719727297884 0.136170951720493 0.0879182321715637 128 128 255 255 
-0.850836368617635 0.157969655479008 0.0977510212594692 128 128 255 255 
-0.869203817811355 0.159419759218316 0.0717351029125827 128 128 255 255 
0.96030299086549 0.0961182912383391 0.0221030364373952 128 128 255 255 
0.947652576512704 0.106744734955471 0.0367407708161533 128 128 255 255 
0.959606141080689 0.0932288785293326 0.0346825998843501 128 128 255 255 
0.957734780462516 0.0886875027447893 0.049774863953449 128 128 255 255 
-0.962359203060491 0.0382910808017179 -0.0881299483817167 128 128 255 255 
-0.947697928886289 0.0448743074281315 -0.103536826785621 128 128 255 255 
-0.953647915553776 0.0308351101631819 -0.101826579313302 128 128 255 255 
-0.95987550518179 0.0151889485125683 -0.097975359518588 128 128 255 255 
-0.977488561145389 0.0723283308414135 0.018251739404832 128 128 255 255 
-0.973671505586864 0.0698017039381834 0.0402889082914294 128 128 255 255 
-0.970989687517839 0.0793503979826553 0.0291700632153967 128 128 255 255 
-0.964466564343346 0.085916132512563 0.036659902575012 128 128 255 255 
-0.94184687452151 -0.05732869789134 -0.10406235154521 128 128 255 255 
-0.955628540361044 -0.0308299721187266 -0.0994800088858908 128 128 255 255 
-0.940972029556684 -0.0351996086605604 -0.114378499742328 128 128 255 255 
0.963938380046723 -0.0437825427601489 0.0832822768629741 128 128 255 255 
0.959043591433092 -0.0646653326365062 0.0764710239994025 128 128 255 255 
0.969205584342789 -0.0529686264311213 0.0690969692533778 128 128 255 255 
0.971649938961498 -0.062353366718056 0.0556696177655011 128 128 255 255 
0.90205530316319 -0.14745308455525 -0.0393015660290371 128 128 255 255 
0.763778784495725 -0.213421181797556 -0.0808185228001378 128 128 255 255 
0.72793575117625 -0.237103771132512 -0.0504527448486238 128 128 255 255 
0.727303403938135 -0.225651136432575 -0.0892203866899293 128 128 255 255 
0.74482130578584 -0.20555050374747 -0.115776214312653 128 128 255 255 
0.876629952268711 -0.166645241610577 -0.0341956436349405 128 128 255 255 
0.851218104622159 -0.177361393700115 -0.0545105489258123 128 128 255 255 
0.869582872355737 -0.164000010261628 -0.0598514671760998 128 128 255 255 
-0.788833648795549 -0.124426876947155 -0.178144926152631 128 128 255 255 
-0.820442326841245 -0.1398284249965 -0.145970199019334 128 128 255 255 
-0.827957754294278 -0.114072186462093 -0.162167435407078 128 128 255 255 
0.883692538387199 -0.164191561151117 0.0206653267308792 128 128 255 255 
0.851893350332175 -0.185160848232026 -0.000395959585815094 128 128 255 255 
0.879741607078642 -0.167966536382841 -0.00663901481863566 128 128 255 255 
0.755248542788535 -0.231215774393407 -0.0154665856040194 128 128 255 255 
0.724288137774103 -0.243617378074404 -0.00874080411223738 128 128 255 255 
0.77457753570953 -0.219329221693539 -0.043570502442045 128 128 255 255 
0.720962000822713 -0.241873319594926 0.0390381013587046 128 128 255 255 
0.686924643421595 -0.256854582351548 -0.00652125410819961 128 128 255 255 
0.801643235016147 -0.201311146950534 -0.064380346767788 128 128 255 255 
0.790109994572521 -0.195139211850891 -0.0942680111072063 128 128 255 255 
0.771805683470886 -0.198912398629837 -0.104753778161022 128 128 255 255 
0.708964706017544 -0.24799768560565 -0.0258510669844142 128 128 255 255 
0.65657076334463 -0.263775978753003 -0.0391991981165821 128 128 255 255 
0.641737438197071 -0.258347743557822 -0.0823289196985005 128 128 255 255 
0.686984764336746 -0.247721401014455 -0.0681218604795802 128 128 255 255 
0.651444639499012 -0.26815199369312 -0.00685479551634923 128 128 255 255 
0.613427040394894 -0.278774535911546 -0.0157527469299785 128 128 255 255 
-0.756258431525807 -0.231143446442573 -0.00904731690894088 128 128 255 255 
-0.769336306373387 -0.225265407154971 0.0164528988128204 128 128 255 255 
-0.78203235388412 -0.220263299326817 -0.00610350559114692 128 128 255 255 
-0.997084054153582 0.0133020887862484 0.0234729193315559 128 128 255 255 
-0.996212062631708 0.0283463839300917 0.0119026542464321 128 128 255 255 
-0.998632576458526 0.0153646371153232 0.0102737556150347 128 128 255 255 
-0.998806090649823 0.0170316870040295 -0.00286717779117549 128 128 255 255 
-0.877158322566843 -0.0518688761912424 0.161659446305844 128 128 255 255 
-0.895170947392243 -0.0315065654409627 0.154405157650172 128 128 255 255 
-0.890667881319401 -0.054649581578929 0.151169648617126 128 128 255 255 
-0.907734211400879 -0.0554163865907107 0.137591225495878 128 128 255 255 
-0.930970977479245 0.122745403348336 -0.0399398203734057 128 128 255 255 
-0.939143296711203 0.120906669621961 -0.0115242513103403 128 128 255 255 
-0.926611664209765 0.131474603461503 -0.019704844653606 128 128 255 255 
-0.91476595026137 0.140636700498631 -0.0249343792293117 128 128 255 255 
0.890062979808301 0.159695560206083 -0.0216982231935495 128 128 255 255 
0.893251073755875 0.158911352143679 0.00316116527774185 128 128 255 255 
0.902262507314652 0.151644370147454 -0.0156294702637359 128 128 255 255 
0.916953953039971 0.140869668254295 -0.00742724221699191 128 128 255 255 
0.954969845545959 -0.0797587593923213 0.0681367305951078 128 128 255 255 
0.962645605900687 -0.0723764761910342 0.0626564061390979 128 128 255 255 
-0.451319903282816 0.260417722512915 0.178105009553458 128 128 255 255 
-0.412083397653645 0.280937661877932 0.157630643277449 128 128 255 255 
-0.4513701374135 0.278948927509169 0.147379156964133 128 128 255 255 
-0.492918411414203 0.272058786418197 0.143571989282715 128 128 255 255 
-0.962617142619713 -0.0929862337949315 0.0229039015778591 128 128 255 255 
-0.955262658231429 -0.0967912252679345 0.0395678546580872 128 128 255 255 
-0.962123524278688 -0.088638251515789 0.0378556569041325 128 128 255 255 
-0.969905027038914 -0.0782485685626816 0.0358844053563268 128 128 255 255 
0.965784025094205 0.0909944745170197 -0.0112985561394244 128 128 255 255 
0.964194846756173 0.0936629087913833 0.00427739669308338 128 128 255 255 
0.970998545009286 0.0844386176884692 -0.00391764431983475 128 128 255 255 
0.976113806080216 0.0764745582239677 0.00720214001019654 128 128 255 255 
-0.942925805035454 -0.115502928570709 -0.0228131179329103 128 128 255 255 
-0.926741187526976 -0.126324974798339 -0.0410590074090809 128 128 255 255 
-0.931699728420177 -0.126299199122308 -0.02324788387635 128 128 255 255 
-0.922967393012868 -0.13426798120253 -0.0221022114095755 128 128 255 255 
-0.904800812736916 -0.147805238001646 -0.0286451618296066 128 128 255 255 
-0.916181188885567 -0.141334068574741 -0.0100590265553689 128 128 255 255 
-0.702938687081645 0.177214935808924 0.17840815592355 128 128 255 255 
-0.747477026974566 0.18950822633467 0.138731269639774 128 128 255 255 
-0.744251277821709 0.164656530226176 0.169261540114722 128 128 255 255 
-0.739100952054364 0.135294414847464 0.195988785779502 128 128 255 255 
0.947593298271959 -0.0479722515704548 0.102259617460301 128 128 255 255 
0.947870800493769 -0.0640073402333327 0.0927128796758286 128 128 255 255 
0.955217839124502 -0.0554034685849583 0.088742974196092 128 128 255 255 
-0.938897750875848 0.0992617537979562 0.0703987149125206 128 128 255 255 
-0.918141076100014 0.107274756020912 0.0901068373074177 128 128 255 255 
-0.926389993565361 0.11212767181795 0.0717814894073287 128 128 255 255 
-0.914849712003987 0.123314194589849 0.0719364839150369 128 128 255 255 
-0.905211123005066 0.14015428335031 0.0541375124783429 128 128 255 255 
-0.931202352045931 0.117184728642908 0.0536237739608902 128 128 255 255 
0.494347466055237 0.271037177751997 0.144884055349197 128 128 255 255 
0.449075192540836 0.296691279618953 0.108469714327931 128 128 255 255 
0.452469941136768 0.278234006655226 0.148306108296259 128 128 255 255 
0.41294160284059 0.280464185259623 0.158192051879093 128 128 255 255 
0.999246979167159 0.00452044449352963 -0.0129518280980402 128 128 255 255 
0.997340054164836 -0.00873178376105941 -0.0242457818005197 128 128 255 255 
0.997400689867578 0.00366673985018361 -0.0252098786112077 128 128 255 255 
0.996197653519438 0.0161065294773013 -0.0262556472406405 128 128 255 255 
0.658821082423853 -0.135679527835179 0.228769327136498 128 128 255 255 
0.652589157364043 -0.16775737445016 0.20886207784607 128 128 255 255 
0.680053695290856 -0.145648461363986 0.214423400318607 128 128 255 255 
0.703026017366854 -0.159481571442863 0.194383419162915 128 128 255 255 
0.615407915000865 -0.14521303311521 0.237849312872769 128 128 255 255 
0.638118078020059 -0.0987729048424586 0.253662231239214 128 128 255 255 
-0.99466459568264 0.0262889195776154 0.025282116685169 128 128 255 255 
-0.991059558032274 0.0389377804204918 0.0266264556041982 128 128 255 255 
-0.949374089675649 -0.0523214705064044 0.0979722752238091 128 128 255 255 
-0.959071102671928 -0.0313518568321419 0.0950783239906607 128 128 255 255 
-0.961698417379246 -0.0436013285462892 0.0865502340913018 128 128 255 255 
-0.963079153466879 -0.0574697467236307 0.0758751871310144 128 128 255 255 
0.694242662787815 -0.251617752669092 -0.0379722937874231 128 128 255 255 
0.906262251436875 -0.132994899081511 0.0681795040923037 128 128 255 255 
0.90631246773873 -0.143066906216246 0.0430878725466459 128 128 255 255 
0.91731124513002 -0.129227807312181 0.0558362178110895 128 128 255 255 
0.998715224359144 0.0178804347080883 -0.00113029170190498 128 128 255 255 
0.995598509243971 0.031179811677053 0.0112147345813677 128 128 255 255 
0.998131570900682 0.0181961492643684 0.0116434970451453 128 128 255 255 
0.996314203910288 0.0181229895000539 0.0243168261629811 128 128 255 255 
0.999322189593378 0.0052189728552507 0.0119229792702685 128 128 255 255 
0.999898434525946 0.00501194369100658 -0.000520079793597711 128 128 255 255 
0.999753863554029 -0.00784341740108615 8.53665739048038E-05 128 128 255 255 
0.997361549539819 -0.00738547417436244 0.0245804218590943 128 128 255 255 
0.997546573236756 0.00518634477072548 0.0242013653385178 128 128 255 255 
0.932927978932688 0.0615939415220889 -0.111408522301653 128 128 255 255 
0.946397277745625 0.0642206579504992 -0.0944310797098308 128 128 255 255 
0.941266366004136 0.0522750622254128 -0.107329032137598 128 128 255 255 
0.950649198194622 0.0393106842434889 -0.102410602378884 128 128 255 255 
0.99468083502856 0.00514088991724802 0.0360530960168001 128 128 255 255 
0.924813044465392 0.0822348572945011 -0.106430860508837 128 128 255 255 
0.990664097002415 0.0132085611945787 -0.0463531517101094 128 128 255 255 
0.990739808104083 0.0267399233733532 -0.0398660934126038 128 128 255 255 
0.993480383730275 0.0147286658125853 -0.0375187590042479 128 128 255 255 
0.964637883513363 -0.0545606256854589 -0.0755470465702163 128 128 255 255 
0.959278311881011 -0.0411131837719698 -0.0910101385282093 128 128 255 255 
0.96795266120428 -0.0394903836880378 -0.0795233619867454 128 128 255 255 
0.969200132235532 -0.0240538230762368 -0.0836827386119565 128 128 255 255 
-0.957018473336198 0.0669753930278792 -0.0776450307041741 128 128 255 255 
-0.959129271135092 0.0814529624189718 -0.0580886676236411 128 128 255 255 
-0.95137690685638 0.0812307552861419 -0.0725383475644247 128 128 255 255 
-0.945251835696632 0.0806162996152711 -0.0825432173609488 128 128 255 255 
-0.991697881155519 0.0240211744518036 0.0385991835267321 128 128 255 255 
-0.994327879524996 0.0108221559721873 0.0360123506749543 128 128 255 255 
-0.990619977743139 0.00729966636697635 0.047756907051315 128 128 255 255 
0.973170554533948 -0.0777739230385084 -0.0238453270014253 128 128 255 255 
0.971295532491928 -0.0732057072741808 -0.0414010577373355 128 128 255 255 
0.976785243649894 -0.0672201344606329 -0.0348966604880803 128 128 255 255 
0.982390008349131 -0.059827507001555 -0.028007195640996 128 128 255 255 
-0.997035003948115 -0.0197298971651681 -0.0187318234816871 128 128 255 255 
-0.992994389347984 -0.0290718100842981 -0.030001626695333 128 128 255 255 
-0.994367440410585 -0.0316294911545722 -0.020093517606829 128 128 255 255 
0.976480994477217 -0.0121668233488484 0.0752500925268526 128 128 255 255 
0.985526387796278 -0.0170169871924523 0.0574685917825543 128 128 255 255 
0.982590114103286 -0.00530983012420507 0.0654705207147648 128 128 255 255 
0.978941191548309 0.00700579556994419 0.0718344374843029 128 128 255 255 
-0.988650997400521 0.0322345712777904 -0.0422147215063105 128 128 255 255 
-0.995153290744825 0.0188666049751105 -0.0292026038655886 128 128 255 255 
-0.992476035533672 0.0324572366793175 -0.0286433688568341 128 128 255 255 
0.935013642748369 0.125338424741534 -0.00299401493771858 128 128 255 255 
0.947272811182836 0.112787673224443 0.0106403096972692 128 128 255 255 
0.943929981941199 0.116489619052089 -0.00739539840830194 128 128 255 255 
0.953989745784043 0.105512213363321 -0.010252658141946 128 128 255 255 
0.969742692762776 0.0707618680608172 0.049423132831643 128 128 255 255 
0.965587752794743 0.0606454507744548 0.0691170252192232 128 128 255 255 
0.975036625383289 0.0588369707273064 0.0519726659555138 128 128 255 255 
0.981157704413248 0.044151513766211 0.0521232955915149 128 128 255 255 
0.967717721221117 0.0352995520330381 0.0818183449309779 128 128 255 255 
0.974654745276002 0.0417636825168114 0.0671700103576615 128 128 255 255 
0.861067326015651 -0.172279793045372 0.0513813981314915 128 128 255 255 
0.883470739360761 -0.158542748119679 0.0479491938726431 128 128 255 255 
-0.560174513048663 -0.086026996263919 0.279955103170317 128 128 255 255 
-0.519011600911084 -0.144253534340764 0.265554569375563 128 128 255 255 
-0.505347382424419 -0.109184406542931 0.284880253435852 128 128 255 255 
-0.242535625036333 -0.242535625036333 -0.242535625036333 128 128 255 255 
-0.285322066999601 -0.237638217844007 -0.241561495282666 128 128 255 255 
-0.264421076933548 -0.215280022293799 -0.264421076934266 128 128 255 255 
0.412505081557887 0.0894110157142275 0.309411565202719 128 128 255 255 
0.377984418337418 0.147536582174948 0.29218808609986 128 128 255 255 
0.35219747214042 0.0970851105517657 0.316336969570405 128 128 255 255 
0.446217597659601 -0.0607353932094567 -0.310519528480051 128 128 255 255 
0.488542801442039 6.5408997439891E-05 -0.308489319553654 128 128 255 255 
0.492682810978085 -0.0466965752659869 -0.304100933158762 128 128 255 255 
0.404053521991688 -0.188575359398909 -0.262739192031149 128 128 255 255 
0.344327218692892 -0.234939948867521 -0.234484385784222 128 128 255 255 
0.345041871944079 -0.19321404859149 -0.269789879423448 128 128 255 255 
0.315031388787298 -0.115540646113251 -0.315031388787419 128 128 255 255 
0.389213464001 -0.111757984171032 -0.305899049467912 128 128 255 255 
0.347234984419772 -0.158130133167181 -0.291416069071953 128 128 255 255 
0.454927203337323 -0.11442801780465 -0.293319558251704 128 128 255 255 
-0.405934224297433 -0.0661585706303832 -0.316267613413493 128 128 255 255 
-0.481774217042727 -0.0699087657322677 -0.301826846001843 128 128 255 255 
-0.444100182322303 -0.029172140963557 -0.315429630249314 128 128 255 255 
-0.486667680505741 0.0133367005728932 -0.308571561690809 128 128 255 255 
-0.406313036237225 0.00927589847315857 -0.322920465759792 128 128 255 255 
-0.315460362215962 -0.114216516219546 -0.315460362215792 128 128 255 255 
-0.353895254502372 -0.0812019786339409 -0.320547968610225 128 128 255 255 
-0.325591346892511 -0.0757565788773713 -0.325591346892522 128 128 255 255 
-0.389615658800353 -0.112108840411603 -0.305706625647494 128 128 255 255 
-0.378772899331529 0.0591107200349631 -0.321826471698182 128 128 255 255 
-0.330413078964947 0.0466976329525993 -0.330413078964947 128 128 255 255 
-0.35634724162529 0.0171001714212937 -0.329900976789333 128 128 255 255 
0.313721420644967 0.119483359681228 0.313721420644812 128 128 255 255 
0.329376092398774 0.169750184433735 0.287443526405217 128 128 255 255 
0.349347487211655 -0.0808281724576672 -0.321265220223725 128 128 255 255 
0.325224724135267 -0.0775079913235622 -0.325224724135256 128 128 255 255 
0.384659560304534 -0.0596255389642837 -0.320857290538319 128 128 255 255 
0.390809356038023 -0.15175855935021 -0.287885113802151 128 128 255 255 
0.405053448508049 -0.00493631993000613 -0.323213558170919 128 128 255 255 
-0.558532470022842 -0.29326406910868 -0.00116412796201877 128 128 255 255 
-0.490281489034745 -0.308132959895498 -0.00264774740343993 128 128 255 255 
-0.535131338675249 -0.296089054776712 0.039186228894442 128 128 255 255 
0.456269666225281 -0.293798226884266 -0.112515874116749 128 128 255 255 
0.468029188304419 -0.2698953642802 -0.157400951561141 128 128 255 255 
0.500114352987673 -0.280379823651481 -0.122975002786256 128 128 255 255 
-0.346409202300507 0.0870465719254862 -0.32003588846761 128 128 255 255 
-0.323586651596732 0.084871307371219 -0.323586651596727 128 128 255 255 
-0.333291388904691 0.00560860146596446 -0.333291388904698 128 128 255 255 
-0.9881847348451 0.0465880922944219 -0.0276751779365255 128 128 255 255 
0.999150252918016 -0.00765341507375142 0.0124004730355695 128 128 255 255 
-0.993180339951558 -0.0382206397718503 0.0154364540422802 128 128 255 255 
-0.986161430309698 -0.0533648388539424 0.0242466061488904 128 128 255 255 
-0.990227838798728 -0.0408632552313678 0.0275916241860822 128 128 255 255 
0.313538045906703 0.120023506035583 -0.313538045906725 128 128 255 255 
0.346669184803655 0.0828760910025151 -0.321106065340095 128 128 255 255 
0.324119001104001 0.082554420330914 -0.324119001104003 128 128 255 255 
0.385118843801615 0.114515980391888 -0.305526549918263 128 128 255 255 
0.37856950169014 0.0517484054503894 -0.323121814356116 128 128 255 255 
-0.985794430591479 -0.0436826642698159 0.0402242727054224 128 128 255 255 
0.880150824840347 -0.103830091305281 -0.131856449665219 128 128 255 255 
0.862526396508035 -0.130256374250491 -0.122634807700377 128 128 255 255 
0.863150076183903 -0.111231660211995 -0.139638854837269 128 128 255 255 
0.846891939692271 -0.118108041574614 -0.146277959021548 128 128 255 255 
-0.983594656603734 -0.0319170403514227 0.0552177156798763 128 128 255 255 
-0.990925561505753 -0.0168081744636179 0.0444499894042165 128 128 255 255 
-0.989054607897429 -0.0300748919299225 0.0426248007088383 128 128 255 255 
-0.995315768589314 -0.00203941521826665 0.0341197270954354 128 128 255 255 
-0.994949862414242 -0.0148026560324368 0.0322525618845068 128 128 255 255 
-0.997772292760842 -0.0127775658136207 0.0198252414028514 128 128 255 255 
0.445128554444669 0.0608472509467386 -0.310692886158746 128 128 255 255 
0.989343637497837 0.0159260826368923 0.048951563796836 128 128 255 255 
0.98699798204885 0.00157364511845587 0.0568057778905275 128 128 255 255 
0.991125277037126 0.00417786237875326 0.0468121896551961 128 128 255 255 
0.991678958049887 -0.00565030048850272 0.0451628116570984 128 128 255 255 
0.589117847931512 0.0270872439663986 -0.284400752468293 128 128 255 255 
0.555144792171791 0.0020438761108193 -0.294062221404373 128 128 255 255 
0.564852640477022 0.0377793595721091 -0.289292934369296 128 128 255 255 
0.532443338310204 0.0428328829991371 -0.296189697230204 128 128 255 255 
0.50770876078152 0.0883150679570159 -0.291512243671917 128 128 255 255 
0.581016302235233 0.0783049880246026 -0.276894898882084 128 128 255 255 
-0.927180937035247 -0.064222684029381 0.115833430332937 128 128 255 255 
-0.924444541657493 -0.0484509223711985 0.125808560219941 128 128 255 255 
-0.93718586390537 -0.0425450082186989 0.115759462775488 128 128 255 255 
0.964747245202415 -0.071656264350307 -0.0593567387730701 128 128 255 255 
0.959557270951669 -0.0905792813723046 -0.041250724965602 128 128 255 255 
0.954740486226211 -0.0876888101073519 -0.0580473738239828 128 128 255 255 
0.950039531631261 -0.0832473783286843 -0.0724429640170725 128 128 255 255 
-0.313087335570042 0.121339897102833 -0.313087335570117 128 128 255 255 
-0.38503445353029 0.121084034562127 -0.302996964655229 128 128 255 255 
-0.340954741656625 0.166333475219559 -0.28775316919481 128 128 255 255 
-0.389887066584848 0.200982795073914 -0.256133553612061 128 128 255 255 
-0.339373004721387 0.241930115499552 -0.228195150272085 128 128 255 255 
-0.332597828117984 0.204578292502075 -0.263287005794193 128 128 255 255 
0.346080408506967 -0.214397995115135 0.253104753727266 128 128 255 255 
0.417529703125687 -0.23181140353123 0.222423122448954 128 128 255 255 
0.391127304267007 -0.191465999850503 0.263093488710784 128 128 255 255 
-0.315075357357486 0.315075357357585 -0.115405689209574 128 128 255 255 
-0.385766959722625 0.305641825001882 -0.113934245885547 128 128 255 255 
-0.348300238212224 0.321297317419713 -0.08126435289279 128 128 255 255 
0.447654360731511 0.0376835119481248 0.313895883604987 128 128 255 255 
0.392443965871912 0.0343118524062078 0.32337462641008 128 128 255 255 
0.639639428608822 -0.185497168171362 -0.198616383080655 128 128 255 255 
0.592006259464533 -0.20105249463771 -0.201913189195065 128 128 255 255 
0.619507356109689 -0.175465299175175 -0.215030824987515 128 128 255 255 
0.595654338897445 -0.158172297817788 -0.235862225269523 128 128 255 255 
0.644599611875097 -0.214216067931347 -0.16484186202125 128 128 255 255 
-0.936652059480892 -0.0949709994051572 -0.0794724342005585 128 128 255 255 
-0.934991057419373 -0.110038070192971 -0.0601297440639511 128 128 255 255 
-0.944653929479533 -0.0986123217882173 -0.061067411428672 128 128 255 255 
-0.954692643883483 -0.0859133261869089 -0.0607383143042396 128 128 255 255 
-0.993245898510034 -0.0277753437048981 0.0301886281214741 128 128 255 255 
-0.996103906902919 -0.0255754153852921 0.0178332253935316 128 128 255 255 
-0.414489996672745 0.160791130807156 -0.278695089150432 128 128 255 255 
-0.382847449763148 0.163171586262908 -0.282937278848675 128 128 255 255 
0.95967343016129 -0.0945851199631012 0.0305289555778256 128 128 255 255 
0.962636405270089 -0.0814139575290162 0.0503801604100337 128 128 255 255 
0.953929139773956 -0.0949345305165572 0.04732688590004 128 128 255 255 
0.946059498358465 -0.0950912891029154 0.0638676224446952 128 128 255 255 
-0.999554679280366 -0.00902665382941887 -0.00546121322247995 128 128 255 255 
-0.999670261670531 0.00233344161476565 0.00877359515533359 128 128 255 255 
-0.999868281269291 0.00395789434273299 -0.00415482448477501 128 128 255 255 
0.9924271908438 0.0433577234782439 -0.00247821095057899 128 128 255 255 
0.991798063530036 0.0439439821494315 0.0105357263918545 128 128 255 255 
0.989798913977067 0.0444029128331996 0.0237832892412565 128 128 255 255 
-0.985942972673717 0.0580502997402954 -0.0109416237477203 128 128 255 255 
-0.991169630876539 0.0449369008340499 -0.0133611460096086 128 128 255 255 
-0.992604576031398 0.0429180988065415 0.000236815784834642 128 128 255 255 
-0.966593848208443 0.0877292920726856 -0.0227070943231765 128 128 255 255 
-0.956681268119929 0.102486936129044 -0.00956797174065338 128 128 255 255 
-0.956770055411831 0.0998334172242815 -0.0246408455695396 128 128 255 255 
-0.948110902691738 0.109503638542088 -0.0253902927147843 128 128 255 255 
-0.970356198917154 0.0485490773452391 -0.0703142382359973 128 128 255 255 
-0.961447411837918 0.0523322256399878 -0.0819371545664727 128 128 255 255 
-0.954083526140449 0.0546522324647426 -0.0907122438754961 128 128 255 255 
0.980793672704478 0.0586171540420238 0.0363249237248267 128 128 255 255 
0.985018065713197 0.0565535246873966 0.0227843162761147 128 128 255 255 
0.980661440030982 0.0658915148516024 0.0211234592508468 128 128 255 255 
0.795799169444619 0.200224228280443 0.0758169713429443 128 128 255 255 
0.834636824041283 0.18433159030099 0.0628054864067055 128 128 255 255 
0.811891534994654 0.199690802713278 0.0522264146633685 128 128 255 255 
0.789726990261142 0.212914605021427 0.0413373439617965 128 128 255 255 
0.964010712137322 0.0754799365482663 -0.0560196128095416 128 128 255 255 
0.957120019562162 0.0899670245179331 -0.0489498992342494 128 128 255 255 
0.96408830205483 0.0832201762421051 -0.0434870137079005 128 128 255 255 
0.972309849887316 0.07317557786034 -0.0383670236852965 128 128 255 255 
-0.976532418278797 0.0634337853260301 -0.0421213523567708 128 128 255 255 
-0.982730653324859 0.0600101575871157 -0.0260545334646183 128 128 255 255 
-0.977531505647291 0.0708876285261127 -0.0229991978538136 128 128 255 255 
-0.998477743341216 -0.00760788295070684 -0.0179553502763948 128 128 255 255 
-0.996123770861679 -0.00689645330406417 -0.0303252038245338 128 128 255 255 
-0.407884370728043 -0.00494394718563031 0.322768235392605 128 128 255 255 
-0.331616076653025 -0.0358418634950587 0.331616076652865 128 128 255 255 
-0.359221258049033 0.00894726749436078 0.329833218847034 128 128 255 255 
-0.951570974439692 0.0518528131438682 0.0955268016660797 128 128 255 255 
-0.964502248491452 0.0336238839606499 0.0870997126733131 128 128 255 255 
-0.95448427054272 0.0368634953310192 0.098798050266271 128 128 255 255 
-0.946861240710663 0.0391400737808215 0.106769743774542 128 128 255 255 
-0.962415981390215 -0.010593250697452 0.0954317403639427 128 128 255 255 
-0.96259936229363 0.00763587385508194 0.0954829909546184 128 128 255 255 
-0.968831956557598 0.000333228113069227 0.0875812127490087 128 128 255 255 
-0.97521267431847 -0.0089119443132539 0.0777213375753995 128 128 255 255 
0.993702146911392 0.0312777777999996 0.0243147274537654 128 128 255 255 
-0.99812109312582 0.000205721424540707 0.0216620193873747 128 128 255 255 
-0.999330309080573 -0.0107458186863795 0.00720375104306431 128 128 255 255 
-0.991750576215684 0.0188291185588865 -0.0412227313827074 128 128 255 255 
-0.988402937389271 0.0180481004527301 -0.0505640195681043 128 128 255 255 
-0.973369221242785 -0.0541606020842698 -0.0602965448013225 128 128 255 255 
-0.965842059204336 -0.0704359826546765 -0.0585867856929765 128 128 255 255 
-0.972114506098711 -0.0654664912387947 -0.0508754538905122 128 128 255 255 
-0.978500080684786 -0.0591789857767299 -0.0426033596609254 128 128 255 255 
-0.987720636216209 0.0530770954193309 0.0152910050931233 128 128 255 255 
-0.988039947429173 0.054470128493566 0.00226668190512049 128 128 255 255 
-0.983728193980869 0.0633743771303767 0.00430618004056652 128 128 255 255 
0.995544612495653 0.0299269235321606 -0.0146882504415962 128 128 255 255 
0.991762222935669 0.0425621251929153 -0.0154734319215369 128 128 255 255 
0.989855604656224 0.0413243576959226 -0.0285575298058514 128 128 255 255 
-0.992551755480016 0.0409298218373603 0.0134117942513035 128 128 255 255 
-0.996351477921673 0.0301397294657403 -0.00143639291229315 128 128 255 255 
-0.995103616447691 0.0315779950812207 -0.0149642617639853 128 128 255 255 
-0.99762942569805 0.0182515756490916 -0.0160879171326886 128 128 255 255 
-0.984050461874785 0.0473190035951206 -0.0414306386260333 128 128 255 255 
-0.979981288416552 0.0462095350956046 -0.0530967298215389 128 128 255 255 
-0.980433032211945 -0.0459374821341176 0.0522841400292305 128 128 255 255 
-0.975700474332767 -0.0460690313515062 0.0622793457916325 128 128 255 255 
-0.858717585519686 -0.112254190222282 -0.142212863271129 128 128 255 255 
-0.870100856259093 -0.127784369289746 -0.118476643457505 128 128 255 255 
-0.879650188569019 -0.114288654477715 -0.123349283346215 128 128 255 255 
-0.894146524419351 -0.0953869908959673 -0.126348976252764 128 128 255 255 
-0.992697070910876 0.00588335666419581 -0.0422427702732468 128 128 255 255 
-0.996294263488041 0.00578303462484086 -0.0298542132322426 128 128 255 255 
0.996214222421786 0.0306839924246047 -0.00177354383045612 128 128 255 255 
0.980968843922696 0.053144695360256 -0.0434529250438867 128 128 255 255 
0.980974509682109 0.0623447583854281 -0.0287098813712871 128 128 255 255 
0.985215180376957 0.0530576054201858 -0.0292193685136323 128 128 255 255 
0.993671619104756 0.028663239409211 -0.0274865028879169 128 128 255 255 
0.998049675806875 0.0172075733434102 -0.0138204549232122 128 128 255 255 
0.997718304172203 -0.0208322861874726 -0.0116528519445037 128 128 255 255 
0.998380441017596 -0.0201045553523776 0.000607217234071201 128 128 255 255 
0.996164952554314 -0.0309174475763926 0.00101724026852365 128 128 255 255 
0.99913164204827 -0.00822231063131962 -0.0122224720479723 128 128 255 255 
-0.995146092447758 -0.0337046278430284 -0.00863306497047348 128 128 255 255 
-0.99795395618479 -0.0215397389603064 -0.0068576447762192 128 128 255 255 
-0.971304134392628 -0.0313038643027466 -0.0780455111599588 128 128 255 255 
-0.967526180689421 -0.0487820317205952 -0.0748795652094323 128 128 255 255 
-0.973475125106785 -0.0425592335926172 -0.0687894189887121 128 128 255 255 
0.930351728968545 -0.128520916890067 0.0169728596092279 128 128 255 255 
0.910055135404098 -0.145914490637128 0.013561484230183 128 128 255 255 
0.92145725753921 -0.1373453853417 -0.000899785028577563 128 128 255 255 
0.986981387245777 0.039694733981231 -0.0407160373406114 128 128 255 255 
0.527226875580394 -0.211974679023829 -0.21288658135221 128 128 255 255 
0.496109164914403 -0.186185355795354 -0.244068559804529 128 128 255 255 
0.529774186811956 -0.182285941127381 -0.238095033103093 128 128 255 255 
0.966549679259566 0.0124187773486402 0.0898247614912082 128 128 255 255 
0.951705279003575 0.00751872778918684 0.108284811080171 128 128 255 255 
0.960351700082396 -0.00419454081109914 0.0984783319093307 128 128 255 255 
-0.780595254919693 0.154044533249723 -0.158442924397087 128 128 255 255 
-0.805027209575728 0.134508573640076 -0.160931159965002 128 128 255 255 
-0.796279985278865 0.155278018412104 -0.147074841403581 128 128 255 255 
-0.818920392663046 0.15407675216543 -0.132028484272155 128 128 255 255 
-0.97214215352495 -0.0327438744108977 0.0761268117507161 128 128 255 255 
-0.981500756814175 -0.0196003074233824 0.0647909004639068 128 128 255 255 
0.555149889017549 -0.245331390172289 0.162137361960342 128 128 255 255 
0.545388987190173 -0.270821747063508 0.12030969766661 128 128 255 255 
0.569613969749955 -0.263516253112244 0.122481291347609 128 128 255 255 
0.915698019072985 -0.0152044424913461 -0.141265575201511 128 128 255 255 
0.93938550057839 -0.0248140807996038 -0.118653343042442 128 128 255 255 
0.92258046447189 -0.0356354715289613 -0.131665379176736 128 128 255 255 
-0.90360351181155 0.0153070359520699 -0.150676076190907 128 128 255 255 
-0.909654060780832 -0.00822728506152609 -0.146623645548049 128 128 255 255 
-0.914795596279118 0.0115734552897966 -0.142336509012723 128 128 255 255 
-0.927604799460577 0.007653749568599 -0.131852511698216 128 128 255 255 
0.941666973343584 -0.115302946842966 0.029379310416908 128 128 255 255 
0.951393301216909 -0.108119656335603 0.0129029785867565 128 128 255 255 
0.949959939328752 -0.106525272005389 0.0291441327858539 128 128 255 255 
-0.95572975642668 -0.103441991737509 -0.0110604090112082 128 128 255 255 
-0.962590119280118 -0.0923514627196766 -0.0254703613283247 128 128 255 255 
-0.953284187442702 -0.103671875376222 -0.0256573437311586 128 128 255 255 
-0.974239397744057 -0.0615231565839226 0.0507158676297738 128 128 255 255 
-0.958569669542301 -0.0856072699522144 0.0530510832392967 128 128 255 255 
-0.961990583762487 -0.0719079444486828 0.0644283432366072 128 128 255 255 
0.920438712512287 -0.128537439069166 -0.0507660534638754 128 128 255 255 
0.910703826279692 -0.123021116453547 -0.0786963618953778 128 128 255 255 
0.92644746526134 -0.11362104735471 -0.0692974935885257 128 128 255 255 
0.942107461387247 -0.10343618364828 -0.057923602543182 128 128 255 255 
0.972928329865333 0.0654143400514079 -0.0489619459586022 128 128 255 255 
0.975253541685553 0.0428695495447799 -0.0653625792316933 128 128 255 255 
0.971916778032989 0.0599235825812393 -0.0577181600635268 128 128 255 255 
0.882225935305387 -0.0385317194411219 -0.161941280454414 128 128 255 255 
0.90559997138513 -0.0439218663550237 -0.1433769571573 128 128 255 255 
0.890690754327826 -0.0557822069404056 -0.150738489079101 128 128 255 255 
0.877642053937775 -0.0641277470963599 -0.156861986184897 128 128 255 255 
-0.331637775652287 -0.0356153074891564 -0.33163777565219 128 128 255 255 
-0.397221337999104 -0.0305554651078402 -0.323022073302857 128 128 255 255 
0.941307460528802 0.0974038015917016 0.0689567279102993 128 128 255 255 
0.932480275639918 0.0874693542758353 0.0930546979903985 128 128 255 255 
0.949432891891156 0.0785887434071618 0.0783961489202111 128 128 255 255 
0.947235541236563 0.0645168176459411 0.0931701741360338 128 128 255 255 
0.949590097971976 0.0162706894795001 -0.109636191056416 128 128 255 255 
0.933733363093766 0.00402995226805181 -0.126497064348476 128 128 255 255 
0.936506507430103 0.0240627334192282 -0.121615909762578 128 128 255 255 
0.951120766090736 0.0407072303005607 0.101311799818702 128 128 255 255 
0.958685550522271 0.0506157178410047 0.0869097247151605 128 128 255 255 
0.997638268779858 -0.0204424650538364 0.0131088181694295 128 128 255 255 
-0.986076610183804 -0.0185807462092546 0.0557796619477553 128 128 255 255 
-0.986270064458511 -0.00599341795970933 0.0580775234824678 128 128 255 255 
0.888650934853818 -0.00669479935903523 -0.161995719845306 128 128 255 255 
0.898679818598667 -0.0262398855632629 -0.152834192204188 128 128 255 255 
0.986826318118762 0.0549364273513226 -0.0159284631969278 128 128 255 255 
0.984335223896889 0.037068194105418 -0.0501145650596749 128 128 255 255 
0.285200020058012 0.239520943206323 0.239712960984482 128 128 255 255 
0.242535625036333 0.242535625036333 0.242535625036333 128 128 255 255 
0.263544607317717 0.216484319914832 0.263544607318374 128 128 255 255 
-0.985774685682774 -0.0403637838205214 -0.043609608050412 128 128 255 255 
-0.990108470902797 -0.0439258363597098 -0.0230471832896628 128 128 255 255 
-0.991063458430441 -0.019259161838133 -0.0430492408987227 128 128 255 255 
-0.444515946395934 -0.224981590856024 -0.222898943277369 128 128 255 255 
-0.387458029520409 -0.20988870105957 -0.249361675931394 128 128 255 255 
-0.394100130700528 -0.236745413690294 -0.222569625487465 128 128 255 255 
-0.426685381112625 -0.185579054877049 -0.260389782408184 128 128 255 255 
-0.515673080914518 -0.137604094606277 -0.269861521622139 128 128 255 255 
-0.444308841024748 -0.142720286238536 -0.282762443646826 128 128 255 255 
-0.479552576992703 -0.180699417072299 -0.252193084121356 128 128 255 255 
-0.464299509335765 -0.2701603915599 -0.158324330405891 128 128 255 255 
-0.490904681097164 -0.243492022684465 -0.188648334523663 128 128 255 255 
-0.450206056267922 -0.252141065130862 -0.189971553600255 128 128 255 255 
-0.5352093177124 -0.258408618384416 -0.149729168525061 128 128 255 255 
-0.338103555967481 -0.197908989681665 -0.267474787046942 128 128 255 255 
-0.312974266957501 -0.216806022465522 -0.256419634393609 128 128 255 255 
-0.345941259444841 -0.292103193010774 -0.157214151875771 128 128 255 255 
-0.399821373347469 -0.265044809000732 -0.186464682394624 128 128 255 255 
-0.34340810489206 -0.272157594538756 -0.190234314734292 128 128 255 255 
-0.381705189389597 0.322375540935855 0.0534941185239233 128 128 255 255 
-0.378354585880712 0.306097936988046 0.115801531821899 128 128 255 255 
-0.345915688849395 0.32103433514655 0.0835448392686464 128 128 255 255 
0.283408264864126 -0.18611767023764 -0.283408264864167 128 128 255 255 
0.280800936345739 -0.240209473752475 -0.239673145858045 128 128 255 255 
-0.69915875021214 0.146274429260092 0.206157485662616 128 128 255 255 
0.284098748874772 -0.284098748874773 -0.184929442785247 128 128 255 255 
0.264404983608025 -0.264404983606072 -0.215302230095247 128 128 255 255 
0.455983721403883 -0.222308323876568 -0.222685486519146 128 128 255 255 
0.402624450022951 -0.228854080230366 -0.228828497966472 128 128 255 255 
0.34762313505692 -0.291790410013211 -0.157331200730585 128 128 255 255 
0.345394207794112 -0.270198239507596 -0.192563627236769 128 128 255 255 
0.5567986400171 -0.181150780970264 -0.23115210018719 128 128 255 255 
0.467381347778592 -0.157324398377957 -0.270080269492071 128 128 255 255 
0.456164153625567 -0.189532376785708 -0.251130952780782 128 128 255 255 
0.496331894765304 -0.243363888338475 -0.187031643904759 128 128 255 255 
0.456554386664862 -0.250796879494041 -0.189857000745651 128 128 255 255 
0.536895432559048 -0.258818410246514 -0.148259603266285 128 128 255 255 
0.907110462122448 -0.0638451579509539 0.134415843159249 128 128 255 255 
0.914710873359307 -0.0858513006999048 0.114203985781969 128 128 255 255 
0.921245898982539 -0.0674090504723312 0.119871884282032 128 128 255 255 
0.934016009629262 -0.0671801619613739 0.106951324840892 128 128 255 255 
-0.561705393317268 -0.166179192140907 -0.240718361020305 128 128 255 255 
-0.562935648365014 -0.130997034102821 -0.261204314161941 128 128 255 255 
-0.636200051121151 -0.0844687047981539 -0.259366894863373 128 128 255 255 
-0.686011114154566 -0.117929615080163 -0.228617885901689 128 128 255 255 
-0.682506889005536 -0.0742976938281373 -0.247493196117164 128 128 255 255 
-0.640190686546988 -0.19922960562229 -0.184599682862567 128 128 255 255 
-0.593742892783242 -0.200377152977391 -0.201947119271047 128 128 255 255 
-0.619650708512419 -0.214611312760207 -0.175915056176231 128 128 255 255 
-0.60327671891884 -0.167821212483618 -0.226590339527083 128 128 255 255 
-0.44040190579336 -0.100957334542044 -0.300937499214082 128 128 255 255 
-0.478740556281766 -0.111010415525064 -0.289875174659149 128 128 255 255 
-0.522324531252192 -0.208979751301145 -0.217312130430612 128 128 255 255 
0.625832501902425 -0.113256269617024 -0.251425309490169 128 128 255 255 
0.683550843443062 -0.115359056152474 -0.230839873174755 128 128 255 255 
0.649449593437437 -0.154249814060785 -0.220190546987001 128 128 255 255 
-0.509923785699106 -0.101004191821295 -0.28687168604383 128 128 255 255 
-0.375504096992477 -0.162391621213808 -0.284611133419565 128 128 255 255 
-0.399446313220909 0.324035415752738 -0.00750513036726161 128 128 255 255 
-0.445309211372334 0.313486563782115 0.0440294469302223 128 128 255 255 
0.421641503920549 -0.145569024788424 -0.28563430223853 128 128 255 255 
0.536867498597705 -0.14666865289201 -0.259730496845356 128 128 255 255 
0.49861547787654 -0.12285277361499 -0.28076683418262 128 128 255 255 
0.527954764688081 -0.109640909246729 -0.279529668745635 128 128 255 255 
0.604832229368739 -0.015067328441232 -0.28114980029692 128 128 255 255 
0.644156476100258 -0.0381241727469382 -0.267729983407004 128 128 255 255 
0.607171470130714 -0.0513803523992583 -0.276184552639226 128 128 255 255 
0.583021075867083 -0.126269773755423 -0.258005298438373 128 128 255 255 
0.805817011806653 -0.0737959378602691 -0.195924760065884 128 128 255 255 
0.820826883097182 -0.110324922425685 -0.16914135386134 128 128 255 255 
0.795318852764151 -0.104460629327682 -0.18714022419219 128 128 255 255 
0.730560688298334 -0.00516778032196344 0.241367813326636 128 128 255 255 
0.766394128127173 -0.0102517665311033 0.226880813332197 128 128 255 255 
0.752211375477522 0.0119823566304895 0.232655704412896 128 128 255 255 
0.591119352890209 -0.256399716643237 0.124825533145287 128 128 255 255 
0.677690303303872 -0.00555666514915585 -0.259925177233591 128 128 255 255 
0.681803212760605 -0.0396366251637569 -0.255581654416493 128 128 255 255 
0.668610120641169 -0.0742885610275993 -0.252192895300637 128 128 255 255 
0.624029931596838 -0.0725069478134373 -0.266582193746113 128 128 255 255 
0.570758699540636 -0.0836945154643666 -0.277982911027866 128 128 255 255 
-0.555459697107827 0.00914181797252895 -0.293852811686212 128 128 255 255 
-0.523726955305894 -0.0325699234552002 -0.299420995994209 128 128 255 255 
-0.568623014794437 -0.0331946853546061 -0.288931800197539 128 128 255 255 
0.783791652382639 0.173601900929713 -0.134429165697556 128 128 255 255 
0.824609770377584 0.150619641386984 -0.131590479481769 128 128 255 255 
0.801628337015505 0.151805323686472 -0.147068499164428 128 128 255 255 
0.786145144508231 0.150453587096918 -0.158463534477281 128 128 255 255 
0.778486501911752 0.130748610293812 -0.179303196149846 128 128 255 255 
0.753262074368331 0.162472977881673 -0.166364198497998 128 128 255 255 
-0.6601059176693 0.157167840156263 0.214081220251206 128 128 255 255 
-0.63715882100371 0.127341088093112 0.240910392696513 128 128 255 255 
-0.625565304184438 0.153311963611553 0.229300989562409 128 128 255 255 
0.811812421415969 -0.205197047967461 0.0226767951357844 128 128 255 255 
0.774438419147541 -0.22008699444568 0.0399042897836345 128 128 255 255 
0.786664816535028 -0.217658946601325 0.0164131054219219 128 128 255 255 
0.762760275165398 -0.228276007073287 0.0128318489750321 128 128 255 255 
-0.812376749305417 -0.0578461137848829 -0.197887121273234 128 128 255 255 
-0.830419506633122 -0.0199794807348805 -0.195962348491818 128 128 255 255 
-0.80580078443699 -0.0284679183386227 -0.207425194472928 128 128 255 255 
-0.726127337365151 -0.087945482174061 -0.226622962493575 128 128 255 255 
-0.722826730158208 -0.0450987706362674 -0.240117140797962 128 128 255 255 
-0.705347412269875 -0.0818289294053837 -0.236885308449804 128 128 255 255 
-0.64622763269646 0.039050856182637 -0.266971351065201 128 128 255 255 
-0.673376464585084 0.0802643762423701 -0.248753152709694 128 128 255 255 
-0.635670196579985 0.0796717062370908 -0.261041829308731 128 128 255 255 
0.752463888281037 -0.0693199871355526 -0.222304962118975 128 128 255 255 
0.715439050514729 -0.052731192135565 -0.241325054297831 128 128 255 255 
0.748938431271408 -0.0435788728053055 -0.230189669364791 128 128 255 255 
-0.658872989415116 -0.0393283636567328 -0.263038122189751 128 128 255 255 
-0.610020601252541 -0.0117712601507328 -0.279903148345986 128 128 255 255 
-0.611760624720671 -0.0533258149924582 -0.274545017513245 128 128 255 255 
-0.584208834383701 0.0843423012698839 -0.274269638065157 128 128 255 255 
-0.593303701189346 0.0332397106554344 -0.282655168968038 128 128 255 255 
-0.689474774994067 4.81456539449049E-05 -0.256082071989203 128 128 255 255 
-0.652054198478815 -0.00323026492676202 -0.268034927948899 128 128 255 255 
0.78486572873177 -0.128991395372367 -0.177085957687438 128 128 255 255 
-0.484468462272068 -0.0298154006632528 -0.307851139914288 128 128 255 255 
-0.31576400980416 -0.113268643853622 0.315764009803823 128 128 255 255 
-0.35146865298234 -0.167270917131931 0.28562058249664 128 128 255 255 
-0.301820122773397 -0.150058955845123 0.301820122773395 128 128 255 255 
0.530819118995498 -0.0417694021078718 -0.296705543029305 128 128 255 255 
0.641521334062473 -0.00681415136930566 -0.271127019547115 128 128 255 255 
0.721711382597169 -0.00878764956419662 -0.244569731630232 128 128 255 255 
0.736714867776337 -0.0305900903342079 -0.237108932806425 128 128 255 255 
0.778784427058098 -0.0474601784647337 -0.21664343097825 128 128 255 255 
0.776558361326878 -0.0735620080235164 -0.210257622481076 128 128 255 255 
0.766133281251936 -0.102262501744036 -0.202909685627664 128 128 255 255 
0.723759528877295 -0.134178830040294 -0.203758505891606 128 128 255 255 
0.724234159951838 -0.0938179049298464 -0.225019546523141 128 128 255 255 
-0.284768392630798 0.239608170438358 0.239689935298569 128 128 255 255 
-0.282071586338466 0.188388217082724 0.282071586338493 128 128 255 255 
-0.263265159464732 0.216866086650451 0.263265159464598 128 128 255 255 
-0.892607364887807 -0.0647071711906116 -0.145669096924068 128 128 255 255 
-0.92251382774041 -0.0471609647706897 -0.128050254023195 128 128 255 255 
-0.902569957705587 -0.0363467489043266 -0.147816929201804 128 128 255 255 
0.685107603346391 -0.00545872772509823 0.257485221276397 128 128 255 255 
0.694897310647435 -0.038825355151895 0.251261426835508 128 128 255 255 
0.710777054093216 -0.0243933288453623 0.247496387184857 128 128 255 255 
-0.766058978222117 0.0233547734163689 -0.226050338328147 128 128 255 255 
-0.79860857470733 0.000644665519623191 -0.212785375387324 128 128 255 255 
-0.791421871890068 0.0289568225708527 -0.214167989893855 128 128 255 255 
-0.82027937522506 0.0381914953084776 -0.198580238316956 128 128 255 255 
-0.730297967602583 0.133614495601053 -0.20119700535582 128 128 255 255 
-0.690429890746636 0.114815092245556 -0.22854058583132 128 128 255 255 
-0.730905379228543 0.0920730473329156 -0.223035204980395 128 128 255 255 
0.751474906427315 -0.16235575314607 -0.167485094284606 128 128 255 255 
0.689026187155019 -0.176803411428356 -0.185461246173334 128 128 255 255 
-0.445726600410263 0.0704933235622338 -0.308539420625664 128 128 255 255 
-0.494331907954175 0.0580496026052674 -0.30180246963057 128 128 255 255 
-0.593118838288911 0.128561914364713 -0.253964721922732 128 128 255 255 
-0.558619688181502 0.164077919527633 -0.243046080607238 128 128 255 255 
-0.571063113218664 0.125950001195499 -0.261481271423915 128 128 255 255 
-0.506527849923926 0.146879420752346 -0.267123767951698 128 128 255 255 
-0.546541964780371 0.124265835244987 -0.268736811698248 128 128 255 255 
-0.45401451477089 0.130953483222202 -0.286504775664687 128 128 255 255 
-0.509917711899377 0.0959486201345863 -0.288603219605735 128 128 255 255 
-0.283438533580765 0.283438533580478 -0.186065809250323 128 128 255 255 
-0.283745202809349 0.238568544298081 -0.24087569975443 128 128 255 255 
0.493842520932184 0.0483161386002574 -0.303612392901155 128 128 255 255 
0.735718122473447 0.0869893546305539 -0.223097933584111 128 128 255 255 
0.729507737242305 0.0407831671320031 -0.238356905853749 128 128 255 255 
0.709473293197544 0.0772017480849586 -0.2368983735122 128 128 255 255 
0.343118007826392 0.161180077418939 -0.290352750954789 128 128 255 255 
0.384311376991859 0.15597141270801 -0.286724618625718 128 128 255 255 
0.543098724585357 0.118771306884123 -0.272073212896298 128 128 255 255 
-0.507372645441804 0.210213954610173 -0.220525894996406 128 128 255 255 
-0.508199339934161 0.176832170689021 -0.24788516666183 128 128 255 255 
0.554740999997152 0.160915507396636 -0.246249776185587 128 128 255 255 
0.590227363147871 0.12464303353015 -0.25674512630595 128 128 255 255 
0.567750531730443 0.121410438015106 -0.264512579484557 128 128 255 255 
0.635118361455194 0.109219263454498 -0.25029821356231 128 128 255 255 
0.693366856346039 0.110854516327044 -0.229382966662045 128 128 255 255 
0.675728750838587 0.0680685299506659 -0.251575995487696 128 128 255 255 
0.632831307645218 0.0722423478270563 -0.264048481247054 128 128 255 255 
-0.636013836378465 0.113703298836085 -0.248006729931669 128 128 255 255 
-0.65722945134093 0.150562969975093 -0.219856642198923 128 128 255 255 
-0.985989089992695 0.00705526783980878 0.058552646862701 128 128 255 255 
0.782654877949544 0.0913435123336958 -0.200219261164945 128 128 255 255 
0.828440490641773 0.0733205259944745 -0.183942604810561 128 128 255 255 
0.804881602897446 0.0607722501498401 -0.200816901464 128 128 255 255 
0.735742491269702 0.130006261451079 -0.201081320289485 128 128 255 255 
-0.981443671746027 0.00537376720117362 0.0675807835340474 128 128 255 255 
-0.991393911533818 -0.00415359202626891 0.0460978487547375 128 128 255 255 
-0.998723018975925 0.0050848032167291 -0.0171226784729392 128 128 255 255 
-0.937959674637152 0.121664651071181 0.0150554316044617 128 128 255 255 
-0.947734817193957 0.11279688422712 0.00130465298294773 128 128 255 255 
-0.932223114182135 -0.0103327417380459 0.127527415125112 128 128 255 255 
-0.934675466992712 0.0111321666328696 0.125195020606224 128 128 255 255 
-0.94129318727121 -0.00491520664010511 0.119254905385892 128 128 255 255 
-0.950862345622855 0.000724994182591392 0.109462656816706 128 128 255 255 
0.895344309887249 -0.0755738552685662 -0.138142696968224 128 128 255 255 
0.913643546410266 -0.0871598022656739 -0.114280780481758 128 128 255 255 
0.897302013255289 -0.0957472886157933 -0.123242007120822 128 128 255 255 
0.917662837845672 0.105912728717935 0.0923003628313973 128 128 255 255 
0.927746843549354 0.103543006809292 0.0817897876368575 128 128 255 255 
-0.612749060446086 0.151306265911226 -0.234890865101955 128 128 255 255 
0.95814730835148 -0.0135358952422492 -0.100304514182638 128 128 255 255 
0.967944380845681 -0.00830743309151838 -0.088410665072595 128 128 255 255 
0.964722332021277 0.00815027656810865 -0.0927222967518781 128 128 255 255 
0.451630378737662 0.122163324217407 -0.29082611949557 128 128 255 255 
0.501848463711283 0.140688107200858 -0.271524121627471 128 128 255 255 
0.413876098048699 0.151935534594396 -0.283732100211487 128 128 255 255 
0.994634988395764 -0.00695638732107448 0.0359063175362072 128 128 255 255 
-0.906891405558255 -0.0762379127707733 0.127989359348125 128 128 255 255 
-0.917300922598299 -0.0831021628489737 0.113639372525208 128 128 255 255 
0.940161212127147 -0.0830855396086371 0.0872290152363059 128 128 255 255 
-0.556958225245099 0.239895970299562 -0.169335588779288 128 128 255 255 
-0.560199095631388 0.203905037403447 -0.210225651176352 128 128 255 255 
-0.45979488271243 0.237224483796957 -0.205665073579388 128 128 255 255 
-0.455768532966438 0.214684490334971 -0.230097690725601 128 128 255 255 
-0.420308164173649 0.231257378925178 -0.222345787373837 128 128 255 255 
-0.431347163641983 0.207988286673491 -0.241833256955438 128 128 255 255 
-0.282035603464724 0.18844880808001 -0.282035603464721 128 128 255 255 
-0.309594352598821 0.219363444948285 -0.254752018628137 128 128 255 255 
-0.263245026414898 0.216893550516583 -0.263245026414261 128 128 255 255 
0.242535625036333 0.242535625036333 -0.242535625036333 128 128 255 255 
0.279837309053482 0.240558552972379 -0.239463825732617 128 128 255 255 
0.263743161914311 0.216212420107956 -0.263743161912673 128 128 255 255 
-0.44889892107097 0.264637644892066 -0.172563387705431 128 128 255 255 
-0.389052877732234 0.263981139235925 -0.190771253844389 128 128 255 255 
-0.429649594027103 0.250064311936128 -0.198476677718298 128 128 255 255 
0.394106144566615 0.192953972064413 -0.261445553666223 128 128 255 255 
0.340116153084619 0.195452056142523 -0.268958372304802 128 128 255 255 
0.49796940948177 0.177509401614521 -0.249987419365985 128 128 255 255 
0.510435107421713 0.213376422635487 -0.216569783179307 128 128 255 255 
-0.384913406775533 0.235796977317847 -0.225565924085341 128 128 255 255 
0.467996894520733 0.197241937522203 -0.242317926544622 128 128 255 255 
0.452644462584774 0.169514039712221 -0.265808395008797 128 128 255 255 
0.43864176456708 0.196828833576806 -0.249414480865241 128 128 255 255 
0.609320729572892 0.148847786372509 -0.237561252216956 128 128 255 255 
0.562484077194073 0.220901902970936 -0.191451801881654 128 128 255 255 
0.606125196577151 0.189983598257844 -0.20732274258887 128 128 255 255 
0.558902681954217 0.197511854402673 -0.216662254170995 128 128 255 255 
0.657339450788972 0.153554073839121 -0.217736560878549 128 128 255 255 
0.339264483433504 0.235845512883774 -0.234497830842478 128 128 255 255 
-0.938570258741438 -0.0739015215599187 0.0970788205541152 128 128 255 255 
-0.950749163313329 -0.0664187221014515 0.0871668311797185 128 128 255 255 
0.960709220489164 0.0278529310554345 0.0940953677720387 128 128 255 255 
0.954912599262324 0.0227485108310487 0.102470707437564 128 128 255 255 
0.99415457133112 -0.0283806203927148 0.0255269726831542 128 128 255 255 
0.996001541069601 -0.0190806867463231 0.0251702930020492 128 128 255 255 
-0.984304318001587 0.0051692078194529 -0.0621804217720447 128 128 255 255 
-0.989538201655467 -0.00640102684237063 -0.0506042999559407 128 128 255 255 
-0.495466437300969 0.245859521539136 -0.184030449835527 128 128 255 255 
-0.918077385261727 -0.0272879867144503 -0.13746673776023 128 128 255 255 
-0.923091928947498 -0.08402831656254 -0.106896674672952 128 128 255 255 
-0.940527829462283 -0.0763626133317129 -0.092707468939993 128 128 255 255 
-0.856556934941749 0.00768057460209303 -0.182290339335789 128 128 255 255 
-0.855182345838554 -0.0209406301534421 -0.18205598548218 128 128 255 255 
-0.879658089579664 -0.0245690467218286 -0.166347704990635 128 128 255 255 
-0.888000715628707 -0.0445567384269215 -0.156353885102837 128 128 255 255 
-0.34249754082405 0.291697100956995 -0.158901571419897 128 128 255 255 
-0.338791918786962 0.271659259491952 -0.191973289044996 128 128 255 255 
-0.99284009572515 -0.00670212453791662 -0.0416971167366077 128 128 255 255 
-0.264032522838659 0.264032522839498 -0.215815206591689 128 128 255 255 
-0.330800942988158 0.330800942988018 0.0434981834348306 128 128 255 255 
-0.324097593335488 0.324097593335491 0.0826489188988457 128 128 255 255 
0.345468173210877 -0.320997598757858 0.0839166369518086 128 128 255 255 
0.313513468414086 -0.313513468414015 0.120095710400351 128 128 255 255 
0.324118207307988 -0.324118207307986 0.0825579263674707 128 128 255 255 
0.4390038592776 0.224581776869435 -0.224660766236206 128 128 255 255 
0.392232728761986 0.230396671603669 -0.229535498812492 128 128 255 255 
0.344674442758899 0.29146498836303 -0.158739041683908 128 128 255 255 
0.395277614651864 0.262230140254943 -0.191584894733046 128 128 255 255 
0.341112969511255 0.270135581248707 -0.193602677959157 128 128 255 255 
0.950719530432023 -0.107261956386724 -0.0226145441536765 128 128 255 255 
0.939045805590371 -0.115218139716734 -0.038715640290664 128 128 255 255 
0.83172286303448 -0.0360288789133153 -0.192954767128324 128 128 255 255 
0.804961814980849 -0.0421976610534764 -0.205484579661948 128 128 255 255 
-0.966435408922852 0.0818928583972973 -0.0392922926734558 128 128 255 255 
-0.972355484763301 0.0761501197664317 -0.0318866830341009 128 128 255 255 
-0.923408435185568 -0.0309362925105501 0.132127020739037 128 128 255 255 
-0.448112686886755 0.297230224751075 0.1074873534944 128 128 255 255 
-0.413672845498642 0.311610781759164 0.0806725337644107 128 128 255 255 
0.944628566788815 -0.107110626875997 0.0445748941310366 128 128 255 255 
0.925827496038195 -0.114968384556364 0.0681006371497259 128 128 255 255 
0.928519716504069 -0.123920595595913 0.0433021459088116 128 128 255 255 
-0.893446936056037 -0.119697814230629 -0.104362347361449 128 128 255 255 
0.446015709154145 0.313178683986196 0.04530801557082 128 128 255 255 
0.414325272282274 0.311289828656001 0.0814889793063528 128 128 255 255 
0.382117215456992 0.322227975247276 0.054012990028462 128 128 255 255 
0.948506292336621 -0.104449485116521 -0.0404015019685028 128 128 255 255 
-0.934047456417971 -0.0171047765109938 -0.125107321047194 128 128 255 255 
0.941645549662386 0.0247072993168427 0.116415229776044 128 128 255 255 
0.927294933128899 0.036449308011652 0.127227983887313 128 128 255 255 
0.929862416961316 0.0214324957210017 0.128297051917047 128 128 255 255 
0.932918457497408 0.00326514846583469 0.127268339034117 128 128 255 255 
0.994497383596492 -0.0291065620554019 -0.0229058339261076 128 128 255 255 
0.993217121096581 -0.0215404135853525 -0.0350139864420187 128 128 255 255 
0.996166852532399 -0.0200882431583097 -0.0235140960496913 128 128 255 255 
0.845210446915278 -0.156778054329344 0.105465856401665 128 128 255 255 
0.81532917711307 -0.177084488661696 0.102693082631466 128 128 255 255 
0.834541812486864 -0.172950220185343 0.0896142613295374 128 128 255 255 
0.849738520163753 -0.168890384161763 0.0788612145440547 128 128 255 255 
-0.910127248005479 0.0736972884310289 -0.126598769005189 128 128 255 255 
-0.903092145357899 0.0526030094743922 -0.142428905865959 128 128 255 255 
-0.91551206381865 0.0520413855585924 -0.132368429280185 128 128 255 255 
-0.282337222713486 0.282337222713676 0.187940026221472 128 128 255 255 
-0.263413893097078 0.26341389309628 0.216663026431829 128 128 255 255 
0.315113064364367 -0.315113064364311 -0.11528980982031 128 128 255 255 
0.34929146542375 -0.321536114971262 -0.0797743968649927 128 128 255 255 
0.325295841547184 -0.325295841547189 -0.0771715132900063 128 128 255 255 
0.355481577961413 -0.330246954329779 0.0118762478427435 128 128 255 255 
0.330828162910768 -0.330828162910752 0.0432646700636645 128 128 255 255 
0.333321475030717 -0.333321475030717 0.00298221838543204 128 128 255 255 
0.282906004298193 -0.282906004298277 0.186975197923699 128 128 255 255 
0.287816640603776 -0.23869957179922 0.240140946571489 128 128 255 255 
0.263733007218595 -0.263733007217761 0.216226338938477 128 128 255 255 
-0.929734069980227 0.0496904746652731 -0.120333587819455 128 128 255 255 
0.970416970780632 0.0800406677955744 0.0296623180437927 128 128 255 255 
-0.775183733249632 -0.100057270466435 0.19968678391202 128 128 255 255 
-0.785104189173004 -0.0726694920719813 0.206568546204239 128 128 255 255 
-0.792936502161397 -0.0948417896410758 0.19342051607414 128 128 255 255 
-0.812288911199286 -0.0834774797186508 0.188559919205024 128 128 255 255 
0.992664832775495 -0.0411195822018738 -0.0116724421079739 128 128 255 255 
0.988781328410061 -0.0417218530397935 -0.0323762580532123 128 128 255 255 
0.983647982632823 -0.0395855545520107 -0.0498754890166263 128 128 255 255 
0.9886764551015 -0.0311642270481043 -0.0429377371094191 128 128 255 255 
0.984589779644517 0.0125202264865322 0.0605484482944994 128 128 255 255 
-0.968497830431344 -0.0776805673050978 -0.0414393755432216 128 128 255 255 
-0.9482560875081 -0.0369723059894018 0.105992204179195 128 128 255 255 
-0.978604668151384 -0.0647583781842106 0.0331355571881835 128 128 255 255 
-0.981769686623092 -0.0560074867746493 0.0371375369544277 128 128 255 255 
-0.968265028901555 0.063629718174799 -0.0613116032538656 128 128 255 255 
-0.974367585545055 0.0556947267907264 -0.0567809239678199 128 128 255 255 
0.96381090510936 -0.09410239825833 -0.00532018112053409 128 128 255 255 
0.952563504232063 -0.107494539368703 -0.00477178609492967 128 128 255 255 
0.941652485768825 -0.118953675693548 -0.00336844704713561 128 128 255 255 
0.566197253088689 0.119023855236687 0.266009201107149 128 128 255 255 
0.573071092307536 0.0726081998011007 0.28049367288415 128 128 255 255 
0.586412356018646 0.107520297633793 0.265432574856791 128 128 255 255 
-0.648467043565252 -0.220916299457068 -0.153727943370868 128 128 255 255 
-0.690987968057523 -0.186780178821299 -0.174442160004631 128 128 255 255 
0.606709554216171 0.102122151162452 0.261837740097561 128 128 255 255 
0.629145175346816 0.0788520570672967 0.263257255546116 128 128 255 255 
0.644822420681003 0.114797619608219 0.244636449406613 128 128 255 255 
0.598340101652064 0.134476711457874 0.249328376386234 128 128 255 255 
-0.942121295586636 0.00337986994313301 -0.118488433200866 128 128 255 255 
-0.953534730686316 -0.00708932066768311 -0.106283488002367 128 128 255 255 
-0.950051657431405 0.00903720568727239 -0.109970721961335 128 128 255 255 
-0.906417445898085 0.147567982106331 0.0229044417549307 128 128 255 255 
-0.918831481603728 0.139519655269747 -0.00168856554576417 128 128 255 255 
-0.922376287822689 0.13546380945157 0.0173868857670778 128 128 255 255 
-0.924065951358123 0.131011139170497 0.0331488212987598 128 128 255 255 
0.973199563123785 -0.0286530726642011 0.0760876290862706 128 128 255 255 
0.979182339452912 -0.0245771429748339 0.0674255677221849 128 128 255 255 
0.987839597189149 -0.040649271181487 0.0370034097346331 128 128 255 255 
0.980030307783106 -0.0612902926962488 0.034439424829353 128 128 255 255 
0.986856712440063 -0.051443878917926 0.0248546937082463 128 128 255 255 
0.984083569437519 -0.0614389014860241 0.0131416076083095 128 128 255 255 
0.987240662488863 -0.000105001695319579 -0.0562980707609541 128 128 255 255 
0.977100378133516 -0.00384658509440855 -0.0751302832950914 128 128 255 255 
0.981597960144142 0.00845002548137213 -0.0669834123093884 128 128 255 255 
0.975836598387269 0.0159205818728391 -0.075593658885638 128 128 255 255 
0.992821219152793 -0.0196495650266098 0.0374452633204171 128 128 255 255 
0.98709954111117 -0.0294463157925416 0.0483448680676615 128 128 255 255 
0.99055865625177 0.0307690760564421 0.0374493963154023 128 128 255 255 
0.98609183106276 0.0293333509955555 0.0509157833841832 128 128 255 255 
0.928724696465694 -0.0972006061789244 -0.0879536011565947 128 128 255 255 
0.92977888614052 -0.077674096266339 -0.104430049632006 128 128 255 255 
-0.997671996599306 -0.0234929017175629 0.00542281181979499 128 128 255 255 
0.768781690674939 -0.178377380023139 0.13893644063948 128 128 255 255 
0.747700339975688 -0.158881282019832 0.172843151278939 128 128 255 255 
0.740841666897604 -0.181188942555838 0.153508201727438 128 128 255 255 
0.719814764453128 -0.180871339349141 0.165888187384726 128 128 255 255 
0.679866750458521 -0.196048779953959 0.169668783688257 128 128 255 255 
0.724922105938217 -0.203323237399535 0.134054550555515 128 128 255 255 
-0.947312267391256 -0.112847607782053 0.00950518058163896 128 128 255 255 
-0.945155615444364 -0.115211146056606 -0.00784215445064477 128 128 255 255 
0.926611585068757 0.126211174883265 0.0417684937754557 128 128 255 255 
0.916503142607394 0.1218350220559 0.0718259558447031 128 128 255 255 
0.936583349173549 0.111201859440107 0.0546406364900472 128 128 255 255 
-0.797147044742332 -0.169088506708523 -0.130302070678973 128 128 255 255 
-0.791325725100592 -0.150756663117344 -0.154912467865149 128 128 255 255 
0.946718707518071 -0.0663721185386048 -0.0925213320967231 128 128 255 255 
-0.953438870377403 0.0986442100101362 -0.0404797280007315 128 128 255 255 
-0.981164538988542 -0.0637736122016839 -0.0244426715999404 128 128 255 255 
-0.987819887593682 -0.053666851328847 -0.0120976305005891 128 128 255 255 
-0.981762592617569 -0.0671221519034641 -0.00352032149327766 128 128 255 255 
-0.890097238013017 0.125548939782266 -0.101011506295426 128 128 255 255 
-0.873344182695147 0.123165253712043 -0.120370514238794 128 128 255 255 
-0.885597150950541 0.113162927161083 -0.118991015919115 128 128 255 255 
-0.901367849763874 0.102458666550469 -0.113772652036498 128 128 255 255 
0.798537079529345 -0.205129402576565 0.0566942645405071 128 128 255 255 
0.874889063416982 0.165183402015346 -0.0451173754850968 128 128 255 255 
0.842801714319926 0.18811971779032 -0.0286639554665622 128 128 255 255 
0.870354502282541 0.173534021995711 -0.0140113935270623 128 128 255 255 
0.906479797388389 0.144807954663055 -0.0362966518219339 128 128 255 255 
-0.979634617802837 -0.0357539200613636 -0.0613282872355782 128 128 255 255 
-0.985570215275341 -0.0281580398932914 -0.0528066617985582 128 128 255 255 
-0.912335863232602 -0.124472169075705 -0.073905859463284 128 128 255 255 
-0.784525537858589 0.15140076829271 0.158564525707756 128 128 255 255 
0.810284936640502 0.130007543153287 -0.161331408341858 128 128 255 255 
0.812900529786745 0.103160654521795 -0.178204842738108 128 128 255 255 
0.796616452950297 0.114322169514492 -0.180570534567848 128 128 255 255 
0.908152075289566 0.00760536206982947 -0.147816211835113 128 128 255 255 
0.919816440463824 0.0256835452111144 -0.136317891144059 128 128 255 255 
0.920118241786362 0.00535091069493231 -0.138362458223101 128 128 255 255 
0.966834795430576 0.0320369194437237 -0.0844241939169444 128 128 255 255 
0.958565991999222 0.0240654857527844 -0.0977995750256029 128 128 255 255 
0.947970243435431 -0.00323766050466865 -0.112510306178463 128 128 255 255 
0.955556446398875 0.00195450671755321 -0.104212112712956 128 128 255 255 
-0.974380722448913 0.0457201303812084 0.065057231620346 128 128 255 255 
-0.974644234642747 0.0285388487008226 0.0737842169550262 128 128 255 255 
-0.98333113348808 0.0210919866421376 0.0607257147049942 128 128 255 255 
-0.932351052577979 0.0526358223163213 0.116488867227564 128 128 255 255 
-0.939181864981328 0.0319351778116204 0.117142313988204 128 128 255 255 
-0.93077706792103 -0.125305877834463 0.0317047314728971 128 128 255 255 
-0.910873271983252 -0.136764340597069 0.0508355013040989 128 128 255 255 
-0.926353826164054 -0.12265000542168 0.0518705007346271 128 128 255 255 
-0.919752417349103 -0.118834525818635 0.0716609242596642 128 128 255 255 
-0.983108059857214 0.0497585494848107 0.0413691207524893 128 128 255 255 
-0.985085616567273 0.0357564411137825 0.0492165382166097 128 128 255 255 
-0.846774587800005 -0.143202976958098 -0.121920051377916 128 128 255 255 
-0.554780116309175 -0.229208104149776 -0.184366512819356 128 128 255 255 
-0.526331437839896 -0.23625728923957 -0.185888109854728 128 128 255 255 
-0.959586832629425 -0.0474242346807249 -0.0874647332161163 128 128 255 255 
-0.984622837947837 -0.0518884119489206 -0.033501133801562 128 128 255 255 
0.890138520049115 -0.146658225844462 -0.0666935612487504 128 128 255 255 
-0.953050765146061 0.0226031232701089 0.104646440903739 128 128 255 255 
0.938808315855083 0.0867734228325925 -0.0854414416793264 128 128 255 255 
0.94840385513281 0.0906296257624606 -0.0659737497318964 128 128 255 255 
0.951304186973367 0.076256443302354 -0.0778620407839605 128 128 255 255 
0.987709155475948 -0.0513544242339822 -0.0204095818257129 128 128 255 255 
0.986274740003299 0.0446899450514293 0.0375576336959128 128 128 255 255 
-0.746466105467479 -0.114664952312452 -0.20542755103789 128 128 255 255 
-0.754020380876974 -0.139038569124898 -0.186010561757166 128 128 255 255 
-0.497445451533749 -0.279997245454018 -0.125180026679809 128 128 255 255 
-0.527986981759941 -0.278235985174602 -0.112864737592911 128 128 255 255 
-0.867400264928311 0.165316178652849 -0.0601884309432773 128 128 255 255 
-0.889586508380889 0.141574034670044 -0.0776934320909683 128 128 255 255 
-0.900025890915526 0.146826273444378 -0.0467569309718166 128 128 255 255 
0.793268185713342 0.211005501153079 -0.0426306514097444 128 128 255 255 
0.809481960681134 0.207437459562755 -0.00787782090442007 128 128 255 255 
0.816941503461273 0.200875955200022 -0.0349953018564997 128 128 255 255 
0.94595455711512 -0.0443999552184462 -0.105711347884201 128 128 255 255 
0.953251773222486 -0.0303360763386888 -0.1024382949332 128 128 255 255 
-0.911879186838349 0.0215803305739005 0.143505504712554 128 128 255 255 
-0.92540126982204 0.033498276648293 0.129737908540757 128 128 255 255 
-0.841475205391815 0.187271356881115 -0.0376743954874974 128 128 255 255 
-0.869598854675681 0.171996560577429 -0.0298648064627663 128 128 255 255 
0.966502690262175 0.0465937796750996 -0.0778658348691951 128 128 255 255 
0.98648490788885 -0.0214872375758339 -0.0537981319171824 128 128 255 255 
0.979192657745789 -0.0197591954365982 -0.0689731202330216 128 128 255 255 
-0.284636182791254 -0.183997379151397 0.284636182791319 128 128 255 255 
-0.294300761271173 -0.234758613455543 0.243026206611246 128 128 255 255 
-0.264709052411358 -0.214882028646371 0.26470905241273 128 128 255 255 
-0.282763242410613 -0.282763242410551 0.187217987627261 128 128 255 255 
-0.263652834364444 -0.263652834367055 0.216336180843672 128 128 255 255 
0.962389622197641 0.0617318863206312 -0.0735863446517871 128 128 255 255 
0.959306361463965 0.049055127779488 -0.086948300860261 128 128 255 255 
0.589455667398382 -0.236569319099929 -0.16000840413354 128 128 255 255 
0.555760723059921 -0.230489595717767 -0.182389113797705 128 128 255 255 
-0.283431094679109 -0.283431094679112 -0.186078557218994 128 128 255 255 
-0.264028332226499 -0.264028332225168 -0.21582096733771 128 128 255 255 
-0.330671299077059 0.0445933557805976 0.330671299077236 128 128 255 255 
-0.33330720627865 0.00442657651951453 0.333307206278656 128 128 255 255 
-0.732436400382832 -0.236826082472112 0.0430755460871088 128 128 255 255 
-0.678253820424385 -0.251120201150775 0.0665965109330512 128 128 255 255 
-0.710969214855755 -0.236597351103097 0.0764004969478549 128 128 255 255 
-0.736071495393993 -0.222943916119746 0.0870105747266001 128 128 255 255 
-0.343515202082924 -0.242223636640641 -0.227106426053155 128 128 255 255 
0.899708336026374 0.104607748164686 -0.113458472376277 128 128 255 255 
0.921967070993748 0.104757162490312 -0.0881647553687497 128 128 255 255 
-0.913049940999572 -0.00561336165082571 0.144086642574927 128 128 255 255 
0.992413162429839 -0.0409161591462516 0.0146758978569143 128 128 255 255 
0.984317715996472 -0.0617261552627413 -0.00892806415508657 128 128 255 255 
0.842138818020972 0.166859330549831 -0.0922399892757035 128 128 255 255 
0.820106645790433 0.193138276999943 -0.0602140475757818 128 128 255 255 
0.849148343385045 0.177083341260963 -0.0592441684753559 128 128 255 255 
-0.893088679140635 0.158294197536403 -0.0155568798843053 128 128 255 255 
-0.883213498796469 0.161311505096211 -0.0383449661264944 128 128 255 255 
-0.956549054031438 -0.067411749772864 -0.0779896816378095 128 128 255 255 
0.926545969846537 -0.0576514969922227 -0.11985559782074 128 128 255 255 
0.731852878864602 0.234215854481041 -0.0564963537406522 128 128 255 255 
0.734743272284168 0.239563999470728 -0.0113190889952512 128 128 255 255 
0.750618839125594 0.231394285647184 -0.0320640521834281 128 128 255 255 
-0.779474571570838 -0.200317865954324 0.0944730015393775 128 128 255 255 
-0.788063835435858 -0.212065968623084 0.0489635680695922 128 128 255 255 
-0.759690390801516 -0.219373262207336 0.0688053765518236 128 128 255 255 
-0.884750642151916 -0.164118806442782 0.0147324687299199 128 128 255 255 
-0.885059618330116 -0.15716012149399 0.0488300658777395 128 128 255 255 
-0.90306186013639 -0.148461586922466 0.0319228007384538 128 128 255 255 
-0.837289820358268 -0.192355792595461 0.0191693469072367 128 128 255 255 
-0.805629702218208 -0.209276762879912 0.0085632011675981 128 128 255 255 
-0.815102452957501 -0.202232146834726 0.0324523624569001 128 128 255 255 
-0.907209396455668 -0.101529300742972 -0.108688496123802 128 128 255 255 
-0.824451126689935 0.0427500499155521 0.195467303719883 128 128 255 255 
-0.829701697097505 0.080212934185355 0.180319878936233 128 128 255 255 
-0.845852794466168 0.0566988336802327 0.179866259104913 128 128 255 255 
-0.869164200784603 0.0663318717429415 0.161769186268261 128 128 255 255 
0.87124705149315 0.166744828818672 0.0480856177423453 128 128 255 255 
0.858157208279388 0.164188130670058 0.0773823586824376 128 128 255 255 
-0.972770320501143 0.0134681044232706 0.0808291244104933 128 128 255 255 
-0.967915896103911 -0.0209306841262748 0.0863380477826006 128 128 255 255 
-0.945352321929831 -0.0210366608495926 0.113340550908844 128 128 255 255 
-0.812461615769802 0.197882191448622 0.0577139549845741 128 128 255 255 
-0.789426562642632 0.212002879852674 0.0464271883384248 128 128 255 255 
-0.851960673048662 -0.150899214550404 0.107237101513215 128 128 255 255 
-0.828112484801021 -0.17674060229682 0.0896741631787779 128 128 255 255 
-0.828712122231437 -0.16020439995395 0.116142471880664 128 128 255 255 
-0.800894884154117 -0.169928331079907 0.126274568791476 128 128 255 255 
-0.59400983280385 -0.234516545931387 -0.160922378318665 128 128 255 255 
-0.581064860854401 -0.256193773768991 -0.130996919922177 128 128 255 255 
-0.72855219628017 -0.205204068391344 -0.128618402218876 128 128 255 255 
-0.687952404179671 -0.213642152204143 -0.142116871755817 128 128 255 255 
-0.619883807228563 -0.249353243795855 -0.12161801923776 128 128 255 255 
-0.680034968994471 -0.235551756017993 -0.108209961942429 128 128 255 255 
-0.638000236492168 -0.259862723947207 -0.08118381670327 128 128 255 255 
-0.57327301502617 -0.275890722560927 -0.0883403540279903 128 128 255 255 
-0.388568423796509 -0.288673621640593 -0.150978002283135 128 128 255 255 
-0.453757008018489 -0.293031127042098 -0.115740276828567 128 128 255 255 
-0.504246400374308 -0.292927475646762 -0.0860838268455932 128 128 255 255 
-0.388317729237103 -0.30597641927681 -0.111935548876662 128 128 255 255 
-0.419274070916569 -0.286129115753464 -0.1454519774283 128 128 255 255 
-0.44645601217883 -0.31014817008944 -0.0623913205260844 128 128 255 255 
0.404376362547123 -0.262800029539693 -0.188404001179185 128 128 255 255 
0.422265009798151 -0.285966171657962 -0.144688874253132 128 128 255 255 
0.5754997854926 -0.275626252625437 -0.0873505322617054 128 128 255 255 
0.620889339699072 -0.24749627663811 -0.124730145629446 128 128 255 255 
0.447801200533066 -0.31178567750212 -0.0521907880648255 128 128 255 255 
0.389675962393737 -0.306528239903505 -0.109815646538414 128 128 255 255 
0.530299487299053 -0.278501102474546 -0.110837431522778 128 128 255 255 
-0.809079196735163 0.11352814663669 0.174026433912921 128 128 255 255 
-0.833402017414114 0.105647691082741 0.164373649961873 128 128 255 255 
0.786005923341393 -0.178151130559109 -0.126635255401263 128 128 255 255 
0.821970301095703 -0.178845438915799 -0.092519741699321 128 128 255 255 
-0.854902139512435 0.0974142639355566 0.15541314377381 128 128 255 255 
-0.915709855521765 -0.141521680235652 0.012491746520499 128 128 255 255 
-0.915671072168227 -0.138496783160175 0.0318111856986899 128 128 255 255 
0.688095549690127 -0.229087735095372 -0.115474314387027 128 128 255 255 
0.581229741428372 -0.25621663266011 -0.130860712085008 128 128 255 255 
0.857940372882396 -0.161724755113902 -0.0826884978450087 128 128 255 255 
0.841642084083822 -0.155609555664042 -0.110636730631835 128 128 255 255 
-0.746565004555196 0.214816793664708 0.0958321878967724 128 128 255 255 
-0.768323915235373 0.215817154967047 0.0680642631808016 128 128 255 255 
0.870093900074452 -0.138719918965807 0.105469689843895 128 128 255 255 
0.867898386243769 -0.11989080260645 0.12833641043276 128 128 255 255 
0.856179805284624 -0.139167954856559 0.118329189855372 128 128 255 255 
0.778199891981233 -0.201052630830596 0.0942253837892536 128 128 255 255 
0.729853640178769 -0.225135997757956 0.0879088415717988 128 128 255 255 
0.757148267950058 -0.221458493961554 0.0655510614803373 128 128 255 255 
0.879905297840533 0.112523130464345 0.124737216635422 128 128 255 255 
0.909508580181856 0.0952533713715195 0.11191987865381 128 128 255 255 
0.898684551296315 0.118348191849374 0.100197111260491 128 128 255 255 
0.901794101028291 0.052877513408632 0.143352291640242 128 128 255 255 
0.930944270709741 0.0577741280759059 0.115455585649481 128 128 255 255 
0.912757275053514 0.0743618124606197 0.123812713411608 128 128 255 255 
0.892754169021032 0.0856594666738845 0.134298919638732 128 128 255 255 
-0.348372406201339 -0.0854439489319141 0.320201356545755 128 128 255 255 
-0.325671762435063 -0.0753667108233695 0.325671762435052 128 128 255 255 
0.324211455267528 0.0821449868111359 0.324211455267517 128 128 255 255 
0.356091474258673 0.0110994945085753 -0.330191838135946 128 128 255 255 
0.331423666336667 -0.0377910381995798 -0.331423666336823 128 128 255 255 
0.333322838759295 0.00280550659402244 -0.333322838759295 128 128 255 255 
0.359779074194029 0.00728592146623993 0.329798101002481 128 128 255 255 
0.330849631147002 0.0430795811905126 0.330849631147002 128 128 255 255 
0.333321002870169 0.00304100827197801 0.333321002870175 128 128 255 255 
0.700106976735351 0.173525216468457 -0.183358239346246 128 128 255 255 
0.697284325307996 0.142950969867335 -0.209259008195635 128 128 255 255 
-0.824798109639037 -0.156470587313133 -0.124420507443925 128 128 255 255 
-0.915472271651222 -0.105589727071595 -0.0953395084992325 128 128 255 255 
0.686120117501586 -0.205648983393341 -0.154477763966567 128 128 255 255 
-0.856861555936688 -0.173235448148985 -0.0566834331968488 128 128 255 255 
-0.884045685989205 -0.151324463026878 -0.066398821936667 128 128 255 255 
-0.85766736400252 -0.163804353747796 -0.0788604364862357 128 128 255 255 
-0.780673499449517 -0.201724391413669 -0.0901433920455622 128 128 255 255 
-0.766920635596806 -0.187103038567428 -0.128341461656322 128 128 255 255 
0.757513654483634 -0.132798029066092 -0.188775821268435 128 128 255 255 
0.822686520327831 -0.144144978739297 -0.140073446965023 128 128 255 255 
0.818931794136324 -0.16501268462047 -0.118066295919189 128 128 255 255 
0.791003043143215 -0.150484444083726 -0.155382429397958 128 128 255 255 
0.805289410473274 -0.134075369758038 -0.161128564465605 128 128 255 255 
-0.756004167126738 -0.224250224818476 -0.0571755399424168 128 128 255 255 
-0.779871845409664 -0.218908473550098 -0.0324663735616866 128 128 255 255 
-0.779082330117487 -0.213717282847771 -0.0587687100501126 128 128 255 255 
0.719700185615093 -0.196147973095593 -0.147580168953289 128 128 255 255 
0.315132798139347 -0.115229114193561 0.315132798139439 128 128 255 255 
0.350332082781394 -0.0936295403595189 0.317634877473526 128 128 255 255 
0.325333378484474 -0.0769932919680584 0.325333378484468 128 128 255 255 
0.751342947654237 -0.186604387130792 -0.140050953607795 128 128 255 255 
0.860695612647642 -0.090867128364206 -0.155381907343469 128 128 255 255 
-0.242535625036333 0.242535625036333 -0.242535625036333 128 128 255 255 
-0.313162920246114 0.121120271740613 0.313162920246187 128 128 255 255 
-0.351641483106183 0.0986851168078562 0.315918914671692 128 128 255 255 
-0.323848418098304 0.0837405362361795 0.323848418098302 128 128 255 255 
0.282570366100827 0.187545311718576 0.282570366100827 128 128 255 255 
0.299644614968455 0.154886225510532 0.299644614968451 128 128 255 255 
-0.722740595668337 0.0467444822690313 -0.239834665097724 128 128 255 255 
-0.728577466801518 0.00214786330459504 -0.242161585194478 128 128 255 255 
-0.778171689322108 -0.036037819414854 -0.219105822244058 128 128 255 255 
-0.858604227711657 -0.078421049253489 -0.163401278014385 128 128 255 255 
-0.874738111665031 -0.0520125476879619 -0.163244745009606 128 128 255 255 
-0.966443877163106 -0.0133310791264641 -0.0898362988662599 128 128 255 255 
0.750143775281716 0.212370258522506 -0.0977721828299851 128 128 255 255 
0.708537193936869 0.215454606111902 -0.125802117653247 128 128 255 255 
0.718581130827123 0.228015518209495 -0.0920003309116219 128 128 255 255 
0.856761702014123 -0.00292586613672008 -0.182308396716555 128 128 255 255 
0.828908391387702 -0.00490712613859969 -0.197711339346315 128 128 255 255 
-0.90214601868102 0.152474807780403 0.00424293235695971 128 128 255 255 
0.313513474201735 0.313513474201733 0.120095693402455 128 128 255 255 
0.378891897307403 0.305872646407689 0.116176617616513 128 128 255 255 
0.346120602887032 0.320979780966 0.0836483029212725 128 128 255 255 
-0.331455719602064 -0.331455719601875 -0.0374734504692879 128 128 255 255 
-0.349160331758294 -0.321282955345061 -0.0808587595293768 128 128 255 255 
-0.325269329885509 -0.325269329885514 -0.0772971278440377 128 128 255 255 
-0.313527430173681 0.313527430173822 0.12005469907817 128 128 255 255 
-0.331439314708035 0.331439314708238 -0.03763632904761 128 128 255 255 
-0.355589869161053 0.330261390768099 0.0110401336505028 128 128 255 255 
-0.333321607021771 0.333321607021783 0.00296557576931703 128 128 255 255 
-0.325255630679051 0.325255630679038 -0.0773619519341036 128 128 255 255 
-0.333323127744934 -0.333323127744945 0.0027666099488211 128 128 255 255 
-0.826288894204572 0.0792694240926294 -0.182680532062756 128 128 255 255 
-0.84069037319761 0.0557390832305789 -0.183161445550183 128 128 255 255 
-0.83621945619321 0.111532191440722 -0.15859598987345 128 128 255 255 
-0.808406939067218 0.108653680866546 -0.177494087588551 128 128 255 255 
0.242535625036333 -0.242535625036333 -0.242535625036333 128 128 255 255 
0.264015476888359 -0.215838637773583 -0.264015476887676 128 128 255 255 
-0.875256952468229 0.0998351886001015 -0.138829324860064 128 128 255 255 
-0.854529784761057 0.0872470544932225 -0.161586832669582 128 128 255 255 
-0.869189585296706 0.0801991363987748 -0.155344072057574 128 128 255 255 
-0.938711749865352 0.0692707269233817 -0.100270101002228 128 128 255 255 
-0.884760127216377 0.0359548334517085 -0.16080166835174 128 128 255 255 
-0.887750709670646 0.00527187318586621 -0.162663876243629 128 128 255 255 
-0.778674132287994 0.176330048364548 -0.134595799724972 128 128 255 255 
-0.747340940746955 0.165665030030247 -0.166554111162541 128 128 255 255 
-0.691251448578146 0.176238740376374 -0.184962943865161 128 128 255 255 
0.758100521352699 0.0669365476655237 -0.220635315626851 128 128 255 255 
-0.594007816220865 0.251429389018607 -0.132957093273908 128 128 255 255 
-0.570817497338526 0.259791659475757 -0.129534580979069 128 128 255 255 
0.915211394722082 0.0643146388261332 -0.127130393993884 128 128 255 255 
0.887418143923828 0.0647540320371521 -0.149559473980571 128 128 255 255 
0.898633517560868 0.0838025417392197 -0.130515733469722 128 128 255 255 
0.781373201969374 0.0468367285015836 -0.215611452610446 128 128 255 255 
0.284186193319555 0.284186193319555 -0.184778229200446 128 128 255 255 
0.264454403593878 0.264454403593878 -0.215234022162775 128 128 255 255 
0.282924079837144 0.186944426308184 -0.282924079837178 128 128 255 255 
-0.726287686687914 -0.243029354719455 -3.52058899008947E-05 128 128 255 255 
-0.737035543765791 -0.238012045170175 -0.0211563624563463 128 128 255 255 
-0.796968797931346 -0.213090878238324 -0.0140488030083609 128 128 255 255 
-0.727462705954865 -0.227292392121289 -0.084781468207394 128 128 255 255 
-0.700512215291553 -0.240333462253948 -0.076812453972716 128 128 255 255 
-0.678486290076145 -0.250080659144785 -0.0701191964779487 128 128 255 255 
-0.856295889335803 -0.182217138870137 -0.011898488249729 128 128 255 255 
-0.830010474954722 -0.197176503194179 -0.00259834273636694 128 128 255 255 
0.561551199738826 -0.292536624990007 0.00219927834228106 128 128 255 255 
0.5363379117068 -0.295436660020332 -0.0419507090590202 128 128 255 255 
0.577167339409436 -0.286118169899347 -0.0386796604653803 128 128 255 255 
0.933277207893001 0.0431718096164805 -0.119416918059416 128 128 255 255 
0.942890571288057 0.0308242008443698 -0.11366415352523 128 128 255 255 
-0.853434381195939 0.040528560873337 -0.179759982478496 128 128 255 255 
-0.702233432775902 0.219642507095614 -0.122945779566572 128 128 255 255 
-0.660528685947061 0.213386095419481 -0.157889417615612 128 128 255 255 
-0.694641796634861 0.201403994345837 -0.155307829042379 128 128 255 255 
-0.705140869452356 0.0837791376510731 -0.236279697686561 128 128 255 255 
0.506838931553898 -0.293438994405184 -0.0823579077554941 128 128 255 255 
0.497231408945783 -0.303548508426872 -0.0441974113796622 128 128 255 255 
-0.790453534117979 0.194643132187161 -0.0949312300746706 128 128 255 255 
-0.816668181957622 0.193918671785673 -0.063460039026365 128 128 255 255 
-0.792964397035114 0.204560554435956 -0.0674974908813329 128 128 255 255 
-0.744520180036954 0.198133891712426 -0.128273808488499 128 128 255 255 
-0.722139047430225 0.191891933455086 -0.151630730618576 128 128 255 255 
-0.640504177172934 0.244907790383937 -0.11721531230078 128 128 255 255 
-0.867935691162173 0.152461643168234 -0.0871286401103297 128 128 255 255 
-0.863345619541731 0.142576584535749 -0.107243682329746 128 128 255 255 
-0.878073581706085 0.140965974895987 -0.0935518131951757 128 128 255 255 
-0.458905926543068 0.182555209345989 -0.255634975586224 128 128 255 255 
0.470160952571671 0.241446068210334 -0.197667336803992 128 128 255 255 
0.44012503642374 0.249521767218882 -0.196278193158099 128 128 255 255 
0.504563628356783 0.248146887810828 -0.177764038950283 128 128 255 255 
0.552354013011106 0.251579790301799 -0.153527600387562 128 128 255 255 
0.532781721408457 0.23464449539183 -0.185633808923697 128 128 255 255 
0.611221975801781 0.228884010864799 -0.160975279183624 128 128 255 255 
0.665537423923466 0.210464731654989 -0.159176242030463 128 128 255 255 
0.701143608081033 0.198091728854065 -0.155914615633427 128 128 255 255 
0.630232979485346 0.24910250694897 -0.11532007381195 128 128 255 255 
0.643665968026881 0.230940472386369 -0.140990286750659 128 128 255 255 
0.680918837109785 0.244331339774652 -0.0857079637003725 128 128 255 255 
0.666333694502503 0.231484653759061 -0.126153768779133 128 128 255 255 
0.653253202743094 0.187754606289871 -0.19080285839329 128 128 255 255 
0.634434642981842 0.205264892421548 -0.180424237438188 128 128 255 255 
-0.562024106991031 -0.0833275646278318 -0.280307972777183 128 128 255 255 
0.728481925863054 0.188623795432481 -0.151938536043734 128 128 255 255 
-0.64516981296948 -0.167649506411439 -0.211809093095503 128 128 255 255 
-0.858623063512448 0.181198560318509 0.00358507599738068 128 128 255 255 
-0.811755670531082 0.206318641540601 -0.00801179766229127 128 128 255 255 
0.749717075449236 0.195169336528017 -0.129032805987635 128 128 255 255 
0.794333041388316 0.193053952629034 -0.0941250897577528 128 128 255 255 
0.770095102356752 0.194402711284406 -0.114353728289938 128 128 255 255 
-0.836471623705076 0.169128207461683 -0.0945253011970514 128 128 255 255 
-0.841248555653326 0.179978942910697 -0.0643831101726763 128 128 255 255 
-0.493851763204265 -0.303447840347638 -0.0493275212252305 128 128 255 255 
-0.533021524573215 -0.295726956777676 -0.0450727332270315 128 128 255 255 
0.875941904455527 0.0983831481089055 -0.13932505397107 128 128 255 255 
0.842363008798042 0.103706700502338 -0.159837356748738 128 128 255 255 
0.855337075206076 0.126534911245907 -0.132433834094942 128 128 255 255 
-0.574356338114823 -0.286520502015826 -0.0408698308401208 128 128 255 255 
-0.610930011341548 -0.27934133847682 -0.0177191091781807 128 128 255 255 
0.589036392440685 0.255648750611227 -0.127566536519637 128 128 255 255 
0.567039708786056 0.264981294239758 -0.120802136978876 128 128 255 255 
0.880704115952098 0.141872574611254 0.0889786363241484 128 128 255 255 
0.841986429875906 0.157925103014021 0.1069673189858 128 128 255 255 
0.866464419250923 0.135000495365777 0.113709231081819 128 128 255 255 
0.825845740764611 -0.186633598144223 0.0701087952856076 128 128 255 255 
0.839268932575536 -0.18872701549033 0.036545386590029 128 128 255 255 
0.826305639425666 -0.1962364101611 -0.0338176831362887 128 128 255 255 
0.852138954466191 -0.182419585994311 -0.0309110354067036 128 128 255 255 
-0.77327026914172 0.13469371640128 -0.179204435575368 128 128 255 255 
-0.614141016443578 0.230733237549584 -0.156894867172891 128 128 255 255 
0.861847751789548 0.178641862181113 0.0154720924654426 128 128 255 255 
0.82550506688421 0.197573210615172 0.0279730521713471 128 128 255 255 
0.849115091997245 0.182665255168922 0.0388438841943181 128 128 255 255 
-0.563448565763541 -0.0386121434611461 0.289525143751717 128 128 255 255 
-0.601737026666758 -0.0167815440308866 0.281881949740573 128 128 255 255 
-0.582392517695735 -0.0491466858335941 0.283173039077012 128 128 255 255 
-0.602608042770504 -0.0543906571811141 0.276856633923724 128 128 255 255 
-0.645063939102837 -0.0407359928034408 0.267071398051311 128 128 255 255 
-0.621885780081303 -0.0779774656419019 0.265662864726053 128 128 255 255 
0.818688700641965 0.180611668442942 0.0927255228494558 128 128 255 255 
-0.545685801044223 0.268348474387542 -0.125568520677499 128 128 255 255 
0.87577073837032 0.135304874866576 -0.104022988537206 128 128 255 255 
0.877314947281287 0.116870894713372 -0.123008139210479 128 128 255 255 
-0.411874840400624 0.284094524028117 -0.151938083145636 128 128 255 255 
0.986829041548255 0.0563920784108924 0.00953879480884098 128 128 255 255 
-0.502148296410213 0.268805994041493 -0.145685254375847 128 128 255 255 
-0.510979256638413 0.289813896237911 -0.091489786089679 128 128 255 255 
-0.447768088220274 0.310855860634761 -0.0575022021044011 128 128 255 255 
-0.451812745469717 0.290256714176206 -0.123426673494627 128 128 255 255 
-0.384576033491686 -0.320762163815804 -0.060201928660688 128 128 255 255 
0.301193299461761 0.301193299461756 -0.15146920793222 128 128 255 255 
0.455291933869151 0.265936037451503 -0.168424069159283 128 128 255 255 
0.416028447617894 0.284293478553421 -0.150140761285213 128 128 255 255 
0.454303854145264 0.291332602092073 -0.119692394745009 128 128 255 255 
0.386147284430165 0.287450238099961 -0.15405725442382 128 128 255 255 
-0.695847874005441 -0.18723982376448 0.171509921063958 128 128 255 255 
-0.734737215836124 -0.202957674018589 0.127782227638455 128 128 255 255 
-0.696985939628094 -0.212403554100131 0.138423433770576 128 128 255 255 
0.503990548374712 0.272286414660625 -0.13823631253675 128 128 255 255 
-0.659889860832144 -0.223482717568434 0.143609226776569 128 128 255 255 
0.75766228685965 0.212795969670623 0.0892264101430555 128 128 255 255 
0.767583128604939 0.217892554452382 0.0622482898498392 128 128 255 255 
0.750124120757837 0.22418374351347 0.0663767525072852 128 128 255 255 
0.742387509862693 0.234020894682883 0.0366305963243691 128 128 255 255 
0.69079339329512 0.246051458005852 0.0693483582291209 128 128 255 255 
0.731450696877373 0.228658647433981 0.0764048331366103 128 128 255 255 
-0.757440879323375 -0.00655131327855799 -0.230743334998804 128 128 255 255 
-0.744620880391107 0.016281688729796 -0.235430187295482 128 128 255 255 
0.510902150679604 0.291308547175515 -0.0866698781130626 128 128 255 255 
0.581835586853929 0.275284944425521 -0.0830758113348249 128 128 255 255 
0.543615594236129 0.272664334027447 -0.117108554861334 128 128 255 255 
0.633776408274937 0.262630190710285 -0.076264725172007 128 128 255 255 
0.960326484927125 0.0937548684308006 -0.0305229774089639 128 128 255 255 
-0.983152757263203 -0.016909351771919 -0.0623731132077536 128 128 255 255 
0.975885634302613 0.075554914888754 -0.0157275930902473 128 128 255 255 
0.801409684239527 0.210620822985605 0.018886035095333 128 128 255 255 
0.778946611500725 0.221325007678639 0.0130579248780735 128 128 255 255 
-0.520406331197661 -0.174485895201469 -0.246377392216994 128 128 255 255 
0.782093716212034 0.195248912163917 0.102073687086328 128 128 255 255 
-0.300873255348261 0.300873255348247 -0.152183096296561 128 128 255 255 
-0.849435163493968 0.131346703536587 -0.132497266301408 128 128 255 255 
-0.816209236498612 0.200629008553858 -0.0383837064415804 128 128 255 255 
0.829468420420911 -0.186794401399672 -0.0640750854366327 128 128 255 255 
0.840667255100327 -0.17671337779446 -0.0737034749966204 128 128 255 255 
-0.382521858345948 0.287746791333388 -0.15463313546273 128 128 255 255 
-0.584917061071608 0.273240293136747 -0.0870270452525339 128 128 255 255 
0.708454716514265 -0.236017387843716 -0.0809770227643409 128 128 255 255 
0.655662231399085 0.263616250122921 -0.0420694593412685 128 128 255 255 
0.580544032990066 0.285444919266301 -0.0373131189789188 128 128 255 255 
0.615297515346992 0.278257200695721 -0.0157808703494247 128 128 255 255 
0.599143273138066 0.279068730715907 -0.0474242406169322 128 128 255 255 
0.71334864831591 0.24591941570639 -0.0302547903824708 128 128 255 255 
0.797339304323729 0.174152911188165 0.123296411767184 128 128 255 255 
0.798896459829448 0.188269778550075 0.0988688279928909 128 128 255 255 
-0.856896172670724 -0.109953914749511 0.145348710423649 128 128 255 255 
-0.880070008700347 -0.0788525148681318 0.148212231974414 128 128 255 255 
-0.878146423715011 -0.103309122176409 0.133920050804655 128 128 255 255 
0.757743965582718 -0.0170254679270039 -0.230082896994939 128 128 255 255 
-0.683744006187311 0.245946516132514 -0.0779233744308044 128 128 255 255 
-0.65679776429626 0.263529790852839 -0.0403624374261334 128 128 255 255 
-0.637594655953948 0.261603843589371 -0.0758126124515379 128 128 255 255 
-0.733875392508151 0.240001890794424 -0.00880032522267421 128 128 255 255 
-0.689164364332614 0.256107922592038 -0.00634686167462983 128 128 255 255 
-0.712887075015952 0.246369459636984 -0.0278583911416711 128 128 255 255 
0.570693231840515 -0.0372092860583292 -0.287930748997523 128 128 255 255 
0.588867047250164 -0.0469347972167373 -0.281871553303639 128 128 255 255 
-0.746790240591052 -0.234792289612212 0.0126736551925506 128 128 255 255 
-0.778938787222011 0.221151992640421 0.0157666225708416 128 128 255 255 
-0.739808280789765 0.234076023703061 0.042353776389296 128 128 255 255 
-0.756375419069866 0.231125942504297 0.00823552883841319 128 128 255 255 
-0.932245776039905 -0.127381587958191 0.0117752692639405 128 128 255 255 
-0.860229188924263 0.0641189690731122 -0.168491756688861 128 128 255 255 
-0.884912131689507 0.0682492683043815 -0.149861073900958 128 128 255 255 
-0.609227975643212 -0.132771488538093 -0.24693486881048 128 128 255 255 
-0.615181099887709 0.194025006903727 -0.200120475847274 128 128 255 255 
0.850352551908509 0.145694585619372 -0.115696375218795 128 128 255 255 
0.811997352892176 0.172126502716579 -0.113820029686193 128 128 255 255 
0.754334869384383 0.180513350826454 -0.145901652859292 128 128 255 255 
0.833824592265655 0.128354491145667 -0.147027857625886 128 128 255 255 
0.863722452682268 0.0823127759228277 -0.158027040813065 128 128 255 255 
0.891989763718419 0.0290355751862588 -0.157166185841482 128 128 255 255 
0.90751452884502 0.0460383904922328 -0.141182991910329 128 128 255 255 
-0.748555743649632 0.183589370772949 -0.145784015844095 128 128 255 255 
-0.842701140242492 0.149997584040358 -0.117186053443089 128 128 255 255 
-0.806744058661842 0.174602233453987 -0.114715120418018 128 128 255 255 
-0.828281127838533 0.133182155297306 -0.146650293652301 128 128 255 255 
0.910205832357313 0.0841320180980806 -0.119843525626049 128 128 255 255 
-0.720956390778521 -0.148158689424106 -0.195132556713697 128 128 255 255 
-0.686773166709391 -0.156323815369048 -0.203974697699978 128 128 255 255 
-0.850922348902882 -0.0464076982226133 -0.179826895218432 128 128 255 255 
-0.83170049220202 -0.169752729017344 -0.0985813325717213 128 128 255 255 
-0.718280009006804 0.232563211405125 0.0801471920585266 128 128 255 255 
-0.684340101101364 0.248292073384136 0.0693602636956176 128 128 255 255 
-0.980445037251783 0.0279563457529016 -0.0637132869107871 128 128 255 255 
0.926384992986704 0.132168929742316 0.0160538769554097 128 128 255 255 
-0.864581387310596 0.134809813748937 0.115709493102885 128 128 255 255 
-0.837468216840701 0.128956662324711 0.143878529196446 128 128 255 255 
-0.844136079239731 0.146628538492736 0.120122247938288 128 128 255 255 
-0.82035271709274 0.161585048744019 0.121523406958725 128 128 255 255 
-0.877408532014151 0.108778895041981 0.130140028992891 128 128 255 255 
-0.941534599329779 -0.107082847915321 0.0521760106751674 128 128 255 255 
-0.948303172648384 -0.107727711980305 0.0313827258410704 128 128 255 255 
0.896952572859659 -0.114678074100385 -0.106223537866203 128 128 255 255 
0.391267588847288 -0.288268246922478 -0.150881143393038 128 128 255 255 
-0.756325376083513 -0.165811415183569 -0.161254525966362 128 128 255 255 
0.529424431116516 -0.237258417929134 -0.183499755032456 128 128 255 255 
-0.656280071390465 -0.263783980854358 -0.0397499252826227 128 128 255 255 
-0.71382018354433 -0.243851833975094 -0.0429401761557834 128 128 255 255 
-0.392497796926662 0.200146419727551 0.25629002815443 128 128 255 255 
-0.339523107465348 0.218048647704174 0.251088134543443 128 128 255 255 
-0.381572660899012 0.229448351591033 0.232709546900928 128 128 255 255 
0.859207404304129 0.00500378581360298 0.180818363858264 128 128 255 255 
0.83680375123748 -0.0240141429861939 0.192076157635287 128 128 255 255 
0.859704449006353 -0.0208200745602169 0.179388003250464 128 128 255 255 
0.946359852607617 0.101356372918775 0.0526997541289448 128 128 255 255 
-0.921621685399914 0.0892145767241342 -0.104247014988083 128 128 255 255 
-0.789570596264512 -0.0118572271055938 0.216637228827151 128 128 255 255 
-0.819105424046882 0.00156402082441684 0.202807368084021 128 128 255 255 
-0.804115280465456 -0.023147019153193 0.208899595328913 128 128 255 255 
-0.822660314004036 -0.0444995627160535 0.196019183483824 128 128 255 255 
-0.778442565974565 0.0144923854305887 0.22145735642132 128 128 255 255 
-0.753957546969005 -0.0375949027137362 0.22919451329845 128 128 255 255 
-0.723247352135136 -0.050349640154858 0.238912247801208 128 128 255 255 
-0.741784245741597 -0.0276985192367411 0.235483137545426 128 128 255 255 
-0.726588902047912 -0.00794715320790879 0.242786750471965 128 128 255 255 
-0.758757518398187 -0.0574244422798086 0.223020872152256 128 128 255 255 
-0.744416816852007 -0.0878364412030873 0.219123700323672 128 128 255 255 
0.882444066234454 -0.086566847632501 0.142013124476762 128 128 255 255 
0.890026217723718 -0.0647361226318526 0.147617410939803 128 128 255 255 
0.881912904927243 0.127481387659849 0.107364791579357 128 128 255 255 
0.927224524294239 -0.0516387463263754 0.121923229424792 128 128 255 255 
0.893664832732902 -0.0431426800708469 0.152673181221729 128 128 255 255 
0.861860370709363 -0.0436086830696423 0.173919131292029 128 128 255 255 
0.874889704884979 -0.0642330243080918 0.158729694442626 128 128 255 255 
0.842874791352639 -0.0798031753619408 0.172704048138825 128 128 255 255 
0.878937798090158 -0.0202737177874864 0.167399271336604 128 128 255 255 
0.840062847585773 -0.0503816993014239 0.185063456340827 128 128 255 255 
-0.892612341753135 0.0802038204517773 0.137741575894469 128 128 255 255 
-0.874118607185567 0.0886641924836327 0.147065433298435 128 128 255 255 
-0.405610055148859 -0.323104782863346 -0.00618634732946424 128 128 255 255 
-0.315066729443399 -0.315066729443571 -0.115432186177137 128 128 255 255 
-0.446823928873337 -0.310828647318676 0.0585575175445974 128 128 255 255 
0.263733012596968 0.263733012597016 0.216226331562377 128 128 255 255 
0.7896627536949 -0.0352989654334553 0.214028203032955 128 128 255 255 
0.769658075565756 -0.0586312208875179 0.217980920355321 128 128 255 255 
0.792484529568081 -0.0582756662225189 0.207605344909048 128 128 255 255 
0.383870038084793 -0.321407707642095 -0.0572498000188221 128 128 255 255 
0.816049289023059 -0.0520837174679996 0.197598645274566 128 128 255 255 
0.79282607262215 -0.0855906796322514 0.197743701815949 128 128 255 255 
-0.91817202325999 0.1092314116986 -0.087684154927013 128 128 255 255 
0.496437899175818 -0.306908929158063 0.000732747820536225 128 128 255 255 
0.444790878418534 -0.313149956929847 0.0469807654337538 128 128 255 255 
0.447484403490193 -0.316170849558176 -0.00238561948462469 128 128 255 255 
-0.975492041084268 -0.0128701819152676 -0.0767220171476785 128 128 255 255 
0.843333547125856 0.130978650756346 0.137634107140867 128 128 255 255 
-0.914033216910577 0.0707147330296944 0.124769120451372 128 128 255 255 
-0.908158847790139 0.0932204667168043 0.11496033657685 128 128 255 255 
-0.926941214740807 0.0763071718221466 0.108511346868736 128 128 255 255 
0.798710976539369 -0.132796262560484 0.166200913006293 128 128 255 255 
0.761579247486831 -0.123365791843046 0.193081572753162 128 128 255 255 
0.772365794746038 -0.143102309004204 0.173069676536474 128 128 255 255 
0.617375575725147 -0.272634887329976 -0.0550103362308089 128 128 255 255 
0.596246276924589 -0.279500150608441 -0.0494060696457538 128 128 255 255 
0.537062481328496 -0.294919038689632 0.0443646935289781 128 128 255 255 
0.98058619558322 0.0259556337058347 0.0642856411131669 128 128 255 255 
0.636823180471576 0.0313412978731784 -0.270785372642462 128 128 255 255 
-0.69296672658455 0.144594449823565 -0.209921599084714 128 128 255 255 
0.703973811530948 0.0141648078823339 -0.250702941791318 128 128 255 255 
-0.825653211787152 -0.189185292390191 -0.0632140066188787 128 128 255 255 
-0.797578486268019 -0.20622830529729 -0.0543456625642245 128 128 255 255 
-0.844111766276821 -0.185518988659945 -0.038950204114785 128 128 255 255 
-0.749151482209964 -0.231911635238967 -0.0326113420359429 128 128 255 255 
0.905889337946569 0.133993997480033 -0.0668294008182369 128 128 255 255 
0.878677366996927 0.15161747850511 -0.0741815059915752 128 128 255 255 
0.892093180162902 0.149660975791116 -0.0558821144261286 128 128 255 255 
-0.614942692020918 -0.273153298119127 -0.0558386621723175 128 128 255 255 
-0.593881828732332 -0.279872124344963 -0.0508393326180986 128 128 255 255 
-0.684177193982482 -0.257848334739262 -0.00138589941332284 128 128 255 255 
-0.648719929193429 -0.268968282338781 -0.00716695558311828 128 128 255 255 
0.331466195150367 -0.331466195150378 -0.0373690632108417 128 128 255 255 
0.399351892950039 -0.3240983116085 -0.00499925296136918 128 128 255 255 
0.381192775025024 -0.322210565875043 0.0549256556218566 128 128 255 255 
0.645855050485328 -0.267803281012405 0.0337673484230946 128 128 255 255 
-0.328747513785557 0.170847533529984 0.286882793916058 128 128 255 255 
-0.299080867435775 0.156107219931933 0.299080867435778 128 128 255 255 
-0.912427432376889 -0.0718233479959978 -0.125602255810243 128 128 255 255 
0.741577816523769 -0.237082081886064 0.00706239050152237 128 128 255 255 
0.799926698002918 -0.208705074784851 -0.038168698756627 128 128 255 255 
-0.346689316239605 -0.321345125452074 0.0819336168780076 128 128 255 255 
-0.324282780216392 -0.324282780216398 0.0818276439282681 128 128 255 255 
0.793541379656936 -0.214883442496233 -0.0105644661146804 128 128 255 255 
0.355790529659169 0.330224053353381 0.0113447009654027 128 128 255 255 
0.331461051405111 0.331461051405021 -0.0374203571830888 128 128 255 255 
0.333321782017093 0.333321782017105 0.00294336456063343 128 128 255 255 
0.324121001666497 0.324121001666503 0.0825455835698865 128 128 255 255 
0.325280141914745 0.325280141914745 -0.0772459254138188 128 128 255 255 
-0.838865060004916 -0.0925552572611236 0.168735565821546 128 128 255 255 
-0.853521017407905 -0.0619536904866081 0.173491979200254 128 128 255 255 
-0.832548558788306 -0.070913085100401 0.182562850457588 128 128 255 255 
0.855129616886232 0.0548273067226492 0.174894622444382 128 128 255 255 
0.826185288381606 0.0336992874064196 0.196320089509058 128 128 255 255 
0.855621140363341 0.0317520288002688 0.180224483748754 128 128 255 255 
0.878926393815878 0.0331270769987413 0.165344004003992 128 128 255 255 
-0.796997699242341 -0.121611488407609 0.175527637794692 128 128 255 255 
-0.832022848885916 -0.116358535024403 0.157885829750512 128 128 255 255 
-0.843453206043299 -0.174698623070347 -0.0745233275386579 128 128 255 255 
0.819443972440574 -0.197185940433342 0.0467081424518188 128 128 255 255 
-0.92575558470931 -0.0653160830716317 -0.116644258713012 128 128 255 255 
0.242535625036333 -0.242535625036333 0.242535625036333 128 128 255 255 
0.264054854262184 -0.215784504026538 0.264054854260849 128 128 255 255 
0.983785788752218 0.0217096884948666 -0.0595766652903403 128 128 255 255 
0.97601875260734 0.0282658667709015 -0.0715853681401782 128 128 255 255 
0.330819805016245 0.0433365053250751 -0.330819805016399 128 128 255 255 
-0.973457379630772 0.00315276422448382 -0.0808557403243402 128 128 255 255 
-0.963933664471585 -0.000500847967575331 -0.0940942890599559 128 128 255 255 
-0.6605172790003 0.215348359743679 0.155208468555141 128 128 255 255 
-0.699243479692694 0.226722835961769 0.111709685611101 128 128 255 255 
-0.708218354498858 0.205176031543972 0.142148271123897 128 128 255 255 
0.833259000672412 0.102142340495404 0.16666390137001 128 128 255 255 
0.861342917176813 0.104815726321391 0.145858518945823 128 128 255 255 
-0.841775763967321 -0.0174303617027012 0.190060185118448 128 128 255 255 
-0.85927020983605 0.00405766787461337 0.180804776924447 128 128 255 255 
-0.890332399785847 0.0108237315124595 0.160612488317084 128 128 255 255 
-0.881496842893178 -0.011431948012865 0.166552463562573 128 128 255 255 
-0.895486707706512 -0.00947201238972901 0.157077130161607 128 128 255 255 
-0.802434161709615 0.0273348451288941 0.209201412077864 128 128 255 255 
-0.94982195243213 -0.10198164485419 -0.0427729295277391 128 128 255 255 
-0.916487107554835 0.0313754580839992 -0.137920264858885 128 128 255 255 
0.978852062675397 -0.0394513134937829 0.0606190768896297 128 128 255 255 
0.735088988940077 0.0435536736898155 0.235708666251007 128 128 255 255 
0.785265369300824 0.0498362678728271 0.213157510612508 128 128 255 255 
0.762850846538953 0.0690009739364663 0.217936191244691 128 128 255 255 
0.740869384176812 0.0882903449179853 0.220440168310247 128 128 255 255 
-0.75178513777694 -0.121258119363503 0.199120185744352 128 128 255 255 
0.800061430215976 0.126311406277075 0.170391116592277 128 128 255 255 
0.822298969574161 0.126956443192839 0.156077257874548 128 128 255 255 
0.809830342296642 0.145796215401423 0.147530709375906 128 128 255 255 
0.924570142880887 0.0777605731481375 0.109997949938265 128 128 255 255 
-0.728761735897213 -0.150135570942293 0.18992784717607 128 128 255 255 
-0.69697814419541 -0.156748491728598 0.199267619807262 128 128 255 255 
-0.659374935092959 -0.163040468891862 0.209930582296419 128 128 255 255 
0.730886214780463 -0.0478007049716101 0.23651797144691 128 128 255 255 
0.691024583488114 -0.0718709971767221 0.245245121060852 128 128 255 255 
0.71903467787441 -0.0813408475773813 0.23185621028799 128 128 255 255 
-0.955084737786103 0.104165581999013 0.0112326903914248 128 128 255 255 
0.747295933429245 -0.0864966596988452 0.218430556479988 128 128 255 255 
-0.653276900977351 0.189075874156836 0.189483417371627 128 128 255 255 
-0.606500786039144 0.185722171838967 0.211013827203376 128 128 255 255 
-0.632875718918228 0.204053229908497 0.182471411710684 128 128 255 255 
-0.6087124523228 0.222600774847623 0.170682526499293 128 128 255 255 
-0.966075603331507 0.0889051545725323 0.0208113919250569 128 128 255 255 
-0.971833232817019 0.0827403917432322 0.00982590557151431 128 128 255 255 
-0.885695215654165 0.151072668149264 0.0641875737041922 128 128 255 255 
0.903398080514483 0.148096081746656 0.0324273508887689 128 128 255 255 
0.910559434317477 0.145728484507102 0.0111084406967843 128 128 255 255 
-0.299018128166893 0.156242372436644 -0.299018128166897 128 128 255 255 
-0.770223119102438 0.21534363705922 -0.0668704417091052 128 128 255 255 
-0.792222811131047 0.211332388582326 -0.0434337881513795 128 128 255 255 
-0.777115990145896 0.0537302066069307 -0.215926831222694 128 128 255 255 
-0.753269005840527 0.0725174183137916 -0.220939909826319 128 128 255 255 
0.779835609838342 -0.155168415627404 0.157812587745431 128 128 255 255 
-0.876680785574317 0.164936626196618 0.0415300244938615 128 128 255 255 
-0.888343969408546 0.161954471749099 0.0112414142649791 128 128 255 255 
-0.850608114261875 0.18243648637769 0.035709274884884 128 128 255 255 
-0.716628515009503 0.230197801718217 -0.0883991596469823 128 128 255 255 
0.772229117022492 0.214361429943996 -0.0671337897950385 128 128 255 255 
0.795576102710107 0.203695993509789 -0.0662591409243121 128 128 255 255 
0.839394917970284 0.192164027610123 7.18128513168863E-05 128 128 255 255 
-0.448004378598016 0.31603322358975 -0.00587303091222227 128 128 255 255 
-0.746591191173077 0.214550617789539 -0.0964013409373632 128 128 255 255 
0.704301696604033 -0.117154591063085 0.221967688202499 128 128 255 255 
0.807196545063665 0.0621145418918376 0.199238542621026 128 128 255 255 
0.826970144931549 0.0709527479607331 0.185689921148804 128 128 255 255 
0.609601527607053 0.181494949597391 0.213559795592612 128 128 255 255 
0.657109647516261 0.184437709677994 0.1923761578197 128 128 255 255 
0.63632902516207 0.199910196722652 0.185530539420204 128 128 255 255 
0.883393970087861 0.16380278491664 0.0249104886474339 128 128 255 255 
0.611942848884073 0.219260120073995 0.17353883806032 128 128 255 255 
0.665297340239418 0.151920988119769 0.215852776115407 128 128 255 255 
0.787012242657615 0.0926887085935593 0.197446796036381 128 128 255 255 
-0.554642110936444 0.207209607676587 0.208831668089329 128 128 255 255 
-0.580364720767617 0.215683103492738 0.190729891576886 128 128 255 255 
0.582917783411707 0.212752675904075 0.193034062461497 128 128 255 255 
0.556878240615319 0.204381073427578 0.210865297811179 128 128 255 255 
-0.587432613066819 0.274400569839383 0.081053169105614 128 128 255 255 
-0.59872390728072 0.249011174313042 0.134850374052785 128 128 255 255 
-0.570177826701965 0.260869771200265 0.127707106050067 128 128 255 255 
-0.54287059946724 0.270234861506047 0.123022505042231 128 128 255 255 
-0.735651678502097 0.0407587053091416 0.235988931064177 128 128 255 255 
-0.750850711034314 0.00805117673457011 0.233373257773366 128 128 255 255 
-0.785917040567358 0.0497829032685071 0.212869572913155 128 128 255 255 
-0.690580873194216 0.0285043924442329 0.254115626256786 128 128 255 255 
-0.708939098891744 0.0135212183587772 0.248983621325782 128 128 255 255 
-0.782764115557443 -0.0375550395751939 0.21679404450947 128 128 255 255 
-0.761010067857471 -0.0143579022549649 0.228914412882176 128 128 255 255 
-0.685824292351686 0.0632819652532906 0.249401282126526 128 128 255 255 
0.530125259546331 0.113643857305089 0.277409344989522 128 128 255 255 
-0.673908673220862 -0.078691032654254 0.24907543227615 128 128 255 255 
-0.711426880199252 -0.085397608539047 0.233326412375087 128 128 255 255 
0.393344057089507 0.199096245962251 0.256944982050374 128 128 255 255 
0.360449220351136 0.184489856028937 0.273355136705043 128 128 255 255 
0.768768622523059 0.0148022316609829 -0.22562189301445 128 128 255 255 
-0.619500558731703 0.272202134280895 -0.0541606562444501 128 128 255 255 
-0.600701296827728 0.278267714142475 -0.0496167359539737 128 128 255 255 
-0.564030421402446 0.291947288517183 0.000686929496308975 128 128 255 255 
-0.54042678563862 0.294003585914452 -0.0453235521102009 128 128 255 255 
-0.581555593962954 0.284847817542191 -0.0398227120575844 128 128 255 255 
-0.377243374821579 0.149030901270967 0.291548743200128 128 128 255 255 
-0.359737548273773 0.185505518142043 0.272784361573727 128 128 255 255 
-0.646424174588303 0.267893888589795 0.0316195175005827 128 128 255 255 
-0.615492964356797 0.278151136539228 -0.0166727669575187 128 128 255 255 
-0.652458902603283 0.267811516358852 -0.0080099511917549 128 128 255 255 
-0.497902764019518 0.306602708542194 -0.00251542543359187 128 128 255 255 
-0.499657805010294 0.302228751269224 -0.0495028296311095 128 128 255 255 
-0.382897399827341 0.321050500456408 -0.0600020985407404 128 128 255 255 
0.399971776847418 0.323977886540751 -0.00641094123792232 128 128 255 255 
0.499835119670087 0.302701627458175 -0.0462852206488731 128 128 255 255 
0.448658316665417 0.315944625164929 -0.00414615459921107 128 128 255 255 
0.539869081274371 0.29459768744109 -0.0421882771929253 128 128 255 255 
0.617532165881881 0.272968442328738 -0.0531034779806556 128 128 255 255 
0.564326794672236 0.291864697933681 0.00262459807215532 128 128 255 255 
0.648585984658373 0.267215494686009 0.0318254203064181 128 128 255 255 
0.652904568735498 0.267659542882909 -0.00853326387263962 128 128 255 255 
0.690033122509163 0.255763203665202 -0.00818288986188177 128 128 255 255 
0.698281563290459 0.251482486415738 0.0284061328307373 128 128 255 255 
-0.827566047178687 0.00661267137638948 -0.198363488418283 128 128 255 255 
0.799905579285536 -0.0104025987345549 -0.21192133471293 128 128 255 255 
0.794314124904706 0.0204258360023928 -0.213812806258783 128 128 255 255 
0.745201950662607 0.00751997420067736 -0.235643170658292 128 128 255 255 
0.859287441189285 0.061906378311795 -0.169913904109487 128 128 255 255 
0.844211054951802 0.0497558533249132 -0.182860095972331 128 128 255 255 
0.87560836101868 0.0131095316911514 -0.170270044174175 128 128 255 255 
-0.942141002961661 0.0243103231671906 -0.115996968131356 128 128 255 255 
-0.766575018050238 -0.0769223925130825 -0.21360774516167 128 128 255 255 
-0.824140357676854 -0.0911798374586218 -0.178284362145758 128 128 255 255 
-0.794449171693206 -0.0909199765800072 -0.19452471804122 128 128 255 255 
-0.774846432566384 -0.102107036339809 -0.198810906087197 128 128 255 255 
-0.801624556366142 0.0671618584500684 -0.200409675958908 128 128 255 255 
-0.533430444659882 0.0512797840172099 -0.294621557380124 128 128 255 255 
-0.567068389271602 0.0446218523104792 -0.287772593285516 128 128 255 255 
0.330831133346676 0.330831133346856 0.0432391098273597 128 128 255 255 
-0.946634709630462 -0.0226197132501641 -0.111685670968381 128 128 255 255 
-0.902185383180343 -0.152419367527263 -0.00510164032929371 128 128 255 255 
-0.778461481233772 0.0964133372597834 -0.199885363584504 128 128 255 255 
-0.8375971220196 -0.0686317190432009 -0.180536887269578 128 128 255 255 
0.698795873779194 -0.0844605445152441 -0.238384046474956 128 128 255 255 
0.687358960330258 -0.14608805175691 -0.211188260250861 128 128 255 255 
0.699909684786853 -0.02671959262875 -0.251101306567206 128 128 255 255 
0.832696475235271 -0.0620813274208726 -0.185669006759556 128 128 255 255 
0.83606858318374 -0.0795123841465042 -0.176922135832112 128 128 255 255 
0.503757266497515 -0.0832947890798635 -0.293837609452728 128 128 255 255 
-0.770112953634679 0.224990022242486 -0.0156601604827706 128 128 255 255 
0.8235038393685 0.0298571850788881 -0.198339866125148 128 128 255 255 
0.862238647630975 0.0328235093930762 -0.1760416884854 128 128 255 255 
-0.470348473139703 -0.259060405617612 0.173879841267842 128 128 255 255 
-0.413316105051175 -0.280877091563087 0.157334895584238 128 128 255 255 
-0.41951654418003 -0.260911258255492 0.18688510265164 128 128 255 255 
0.300832303607805 -0.152274146850562 -0.300832303607811 128 128 255 255 
-0.356285409797917 -0.219771910225393 0.24664321844621 128 128 255 255 
-0.321939600565832 -0.202585757713082 0.26646456175237 128 128 255 255 
0.848971088143607 0.0806352256935114 -0.168534776603874 128 128 255 255 
0.919621809968008 0.0449852848738528 -0.131389837886501 128 128 255 255 
0.878097788903581 -0.139653225513457 -0.0954725424437085 128 128 255 255 
0.860549823432678 -0.147491269509828 -0.103334768137439 128 128 255 255 
0.934454351362329 0.0721309592881436 0.103181914622904 128 128 255 255 
-0.878199643205972 -0.164918872444521 -0.0373822804370014 128 128 255 255 
0.929627705170762 0.112735480227568 -0.0653050594393486 128 128 255 255 
0.92350807211143 0.126552763876415 -0.0487442436581479 128 128 255 255 
-0.990751640275723 -0.0479643342372687 0.000906043050059778 128 128 255 255 
0.770275083887575 0.224822808779701 -0.0170070081635815 128 128 255 255 
0.75706463383486 0.230925394450999 0.00548658879489761 128 128 255 255 
0.493951804082307 0.075034577167356 0.298112717696267 128 128 255 255 
0.488633079291087 0.0362541291614677 0.3063337194136 128 128 255 255 
0.525910133177677 0.0353361186256772 0.298627966907192 128 128 255 255 
0.91732564587234 -0.0206238719158467 0.13924388438284 128 128 255 255 
0.936475021742925 -0.0311307487175404 0.120032044932885 128 128 255 255 
0.934278492671494 -0.0155926356189785 0.125089293875083 128 128 255 255 
-0.695535861892083 0.252194194151112 0.0304436223593777 128 128 255 255 
-0.715015248030178 0.246747786709317 0.0144802029223534 128 128 255 255 
0.948094774094958 -0.0134038110190433 0.111623804737386 128 128 255 255 
-0.859351765843786 -0.177107697025207 -0.0363618032084294 128 128 255 255 
-0.90502049176273 -0.14127174861824 -0.0515706264293469 128 128 255 255 
-0.895690349552067 0.114707305976801 0.10751549094551 128 128 255 255 
-0.88221948769671 0.124217119407653 0.11082058860491 128 128 255 255 
0.861732441300336 0.165982333077863 -0.0680221553847181 128 128 255 255 
-0.510879502246059 -0.292174236430198 0.0837224748888814 128 128 255 255 
-0.583824316889943 -0.277293985353852 0.0741730975877798 128 128 255 255 
-0.593088058442774 -0.283634046937654 0.0241357390642302 128 128 255 255 
-0.568077657685418 -0.288937931485863 0.0342905091236271 128 128 255 255 
-0.496215192553606 -0.303636924690437 0.0450101978405403 128 128 255 255 
0.376597263207052 -0.306158796095 0.116355390648753 128 128 255 255 
0.584524109146972 -0.275627955591041 0.0795023754014774 128 128 255 255 
0.512805088502518 -0.289741021707956 0.0904377412908571 128 128 255 255 
0.595766077002899 -0.282583765113173 0.0279150063385009 128 128 255 255 
0.570152745806665 -0.287864739250865 0.0387248925015714 128 128 255 255 
-0.69456814446185 -0.230637993323079 0.107251956834545 128 128 255 255 
0.938294282200792 0.0400420464964858 0.115529711193774 128 128 255 255 
0.897205880743959 -0.0202749556758363 0.154811581326575 128 128 255 255 
-0.637575932851385 -0.251583356474319 0.104369069645658 128 128 255 255 
-0.923519503587599 0.0902288225802799 0.101231046847548 128 128 255 255 
-0.862598031785654 -0.0308915585484558 0.176171175313565 128 128 255 255 
-0.545508116921055 -0.274061672229028 0.112662326625326 128 128 255 255 
-0.553484569239353 -0.250147128941845 0.155348664444622 128 128 255 255 
-0.569199146623454 -0.266507399639829 0.116083332957454 128 128 255 255 
-0.59183763149389 -0.25874751687642 0.11943926990665 128 128 255 255 
-0.507785080522315 -0.275309114622079 0.130284917144472 128 128 255 255 
-0.384393859820659 -0.306151311987323 0.11314367330088 128 128 255 255 
-0.456243388397889 -0.290498190028892 0.120793160912436 128 128 255 255 
0.447739310822122 -0.295700910554616 0.111812777262553 128 128 255 255 
0.412884100799699 -0.311128554561645 0.0830051330927434 128 128 255 255 
0.493719457408929 -0.302941831675401 0.0525011809615803 128 128 255 255 
0.449440877573018 -0.264367597494965 0.172800751773913 128 128 255 255 
0.403342083727231 -0.283020837838555 0.156727744257453 128 128 255 255 
0.50173859506412 -0.271329220723081 0.141112437505171 128 128 255 255 
0.994471391843939 0.00250190799150643 -0.0370414862929736 128 128 255 255 
0.994712404303997 -0.00939669150231728 -0.0350728707671838 128 128 255 255 
0.99192735848594 -0.0100568634511948 -0.043690660939896 128 128 255 255 
0.634657319746493 -0.262791341129863 0.0747794381941739 128 128 255 255 
0.686979688565195 -0.231732961687433 0.110937735985991 128 128 255 255 
0.671768626292486 -0.250929017703918 0.0750031665022804 128 128 255 255 
0.703306216216231 -0.238706694347228 0.0786711745254076 128 128 255 255 
-0.827506598786937 -0.191435079002603 0.0525043492606709 128 128 255 255 
-0.859844228011081 -0.176227502995558 0.0390813363167895 128 128 255 255 
-0.817896163603547 -0.201714835415922 -0.0263030460017369 128 128 255 255 
-0.885980788502998 -0.163372883682823 -0.0137496619509459 128 128 255 255 
-0.831336585558889 -0.139336293553853 0.138547153702026 128 128 255 255 
-0.874542624500847 -0.124501051630302 0.117882896499636 128 128 255 255 
-0.762219477602124 -0.165392415157605 0.158186578855561 128 128 255 255 
-0.770338806301143 -0.18588293571984 0.127553090410888 128 128 255 255 
0.821981669724893 -0.20127929200213 -0.0054690201233997 128 128 255 255 
0.793348061973539 -0.179789877963608 0.118323506971187 128 128 255 255 
0.835335592145007 -0.117782100476413 0.154609748566116 128 128 255 255 
0.857864955421714 -0.101859898347151 0.150442750139115 128 128 255 255 
-0.851145858376748 -0.174321310902395 0.0636860982918018 128 128 255 255 
0.894632494519587 0.145857422741967 0.0606604931765234 128 128 255 255 
0.876919749604584 0.155268096989143 0.0690527768529475 128 128 255 255 
-0.950620658086592 0.103769083821994 0.035665381118744 128 128 255 255 
0.915869242659444 0.0209918226378999 0.140382626811041 128 128 255 255 
0.498430886928205 0.306505571558092 -0.000337202665672161 128 128 255 255 
-0.857309085174074 0.0359213313614449 0.178430085564826 128 128 255 255 
-0.873191303275759 0.0218817586572782 0.170919005506144 128 128 255 255 
-0.882990445967731 0.0358713747963744 0.16203155814527 128 128 255 255 
0.854007128573975 0.183814085632969 -0.00680875954716309 128 128 255 255 
0.69496292139734 0.25024855309873 -0.0447657509845977 128 128 255 255 
-0.824292306907058 0.197593420062502 0.0320094193088923 128 128 255 255 
-0.801665227884824 0.210243405432138 0.0215479975206879 128 128 255 255 
0.937575110007377 0.120084705747926 0.0264343894692912 128 128 255 255 
0.539638335684022 0.294241668468409 0.0449513523876461 128 128 255 255 
0.589762465384772 0.273255085711965 0.0827895080470798 128 128 255 255 
0.573573107767692 0.286843769210535 0.0399672549070553 128 128 255 255 
0.598929687340036 0.281682974255756 0.0285497317484914 128 128 255 255 
-0.866674384537333 -0.166694287844163 0.0576407201884994 128 128 255 255 
0.813038913050407 -0.106609985759719 0.176083138753131 128 128 255 255 
0.821133338135127 -0.137696805639401 0.147502858973769 128 128 255 255 
-0.725792007261374 0.210015207661971 0.12266562374678 128 128 255 255 
-0.641496920157483 -0.269526036668132 0.0302638131181424 128 128 255 255 
-0.63596656528678 -0.263894157973039 0.0693049905139573 128 128 255 255 
0.716781398087943 0.246263937256704 0.0114945345631415 128 128 255 255 
0.713176026115281 0.218266302986562 0.117397888486514 128 128 255 255 
0.759393532958505 0.19603696723678 0.12035233685544 128 128 255 255 
0.737136194730544 0.188537563322308 0.146739067761137 128 128 255 255 
0.823776248531963 0.153050361393276 0.129420519498902 128 128 255 255 
-0.686404560957256 -0.0407581367001561 0.253859936387007 128 128 255 255 
-0.704975200838337 -0.0265145159480472 0.24934559341834 128 128 255 255 
-0.53852768695441 0.294760961326632 0.0431791849482216 128 128 255 255 
-0.572369309451708 0.287374434137203 0.0382766191820409 128 128 255 255 
-0.643789996482403 0.246705272838046 0.111032768679798 128 128 255 255 
-0.641054213593352 0.261128681537324 0.0737766021943517 128 128 255 255 
-0.51188974254721 0.290221029466355 0.0895423792859251 128 128 255 255 
-0.494128439886734 0.303319228570428 0.0497701823557676 128 128 255 255 
-0.475124290735531 0.302404655358468 0.0730310470442928 128 128 255 255 
-0.549203800998096 0.242826083955124 0.16832213808165 128 128 255 255 
0.495079598301743 0.302852426668049 0.0514044914513884 128 128 255 255 
0.601911419565208 0.246700781289531 0.137300876110482 128 128 255 255 
0.572500183036475 0.259264952855372 0.129661531597145 128 128 255 255 
0.551368379561428 0.240823980380519 0.170302296842112 128 128 255 255 
0.544845730609233 0.268966052978958 0.124700163402931 128 128 255 255 
0.645253866241863 0.259463959255722 0.0750624409879649 128 128 255 255 
0.524446468776326 -0.0433443536208429 0.297893835733006 128 128 255 255 
0.564025074404269 -0.0891072110491436 0.278018572279736 128 128 255 255 
0.567039235953259 -0.0417616766410438 0.288208721767282 128 128 255 255 
0.610665598756122 -0.0610734539468298 0.273232434593536 128 128 255 255 
0.58745272819926 -0.052934150752917 0.281176784664488 128 128 255 255 
-0.524670393175476 0.0383474367707509 0.298529031752535 128 128 255 255 
-0.573694260692285 0.0767797108046443 0.279220678658123 128 128 255 255 
-0.55847889898029 0.035480226792276 0.291125082327336 128 128 255 255 
-0.584820104579073 0.0256876826910268 0.28563667330859 128 128 255 255 
-0.760848186804546 -0.140236920096637 0.181582920322062 128 128 255 255 
-0.932607989365415 -0.127417824510655 -0.00670739304111449 128 128 255 255 
-0.961991412259607 -0.0964530497877117 0.00428648926197037 128 128 255 255 
0.855403494154251 -0.0579339908777708 -0.173721773042008 128 128 255 255 
0.860346181091883 -0.031250036027829 -0.177479545468586 128 128 255 255 
0.951141509134983 -0.0303724455186932 0.104851050688388 128 128 255 255 
-0.923365095004701 -0.0966682516716122 0.0952882817383872 128 128 255 255 
-0.91010655411515 -0.115811302217053 0.0897273597102396 128 128 255 255 
-0.900951425685003 -0.113827646469475 0.102854659687705 128 128 255 255 
-0.894292399889382 -0.131821047313507 0.0874834036192063 128 128 255 255 
-0.898371891577926 -0.0973968323914282 0.120953894814761 128 128 255 255 
-0.90322470771691 0.126502107774729 -0.0837875705172731 128 128 255 255 
-0.913093433309258 0.127477807534288 -0.0673197769879222 128 128 255 255 
-0.869001882571796 -0.156543976231379 0.0780925308404478 128 128 255 255 
0.334765865859335 -0.295050239604437 0.154715300729007 128 128 255 255 
0.299656717288906 -0.29965671728891 0.154859882776236 128 128 255 255 
-0.59773131348822 0.282134084273528 0.0272029458852217 128 128 255 255 
0.936980471007062 0.12059358751063 -0.0267512631227515 128 128 255 255 
-0.975622934246397 0.0775071549448309 -0.00355335917263854 128 128 255 255 
-0.948726489921331 -0.0813286346731733 0.0766512014610335 128 128 255 255 
0.897922660465333 -0.122352142513405 0.0961603009332299 128 128 255 255 
0.920946259101572 -0.102421753848238 0.0921522117296316 128 128 255 255 
-0.898050795976191 0.0294701392666169 0.152707583870358 128 128 255 255 
-0.936871950087298 -0.100222099255215 0.0723836861190239 128 128 255 255 
0.911047334371817 0.136206383061018 0.0519318212018012 128 128 255 255 
0.914518583831262 -0.0434927632776666 0.136254719633126 128 128 255 255 
-0.520729378473884 -0.0404932622240358 0.299107661628693 128 128 255 255 
-0.548997786468385 0.000407944199075216 0.295508036589665 128 128 255 255 
-0.483410306599939 -0.00107128406172757 0.309496591891143 128 128 255 255 
-0.482884638079628 -0.0398861460606812 0.307021001101031 128 128 255 255 
-0.443212845848391 -0.0413667136721264 0.314219796717479 128 128 255 255 
0.990097931790375 -0.0496077705252187 0.00152632184051325 128 128 255 255 
0.993311572709685 -0.0407995627037438 0.00138224521012744 128 128 255 255 
0.633673679101203 -0.250822664299542 0.109065025574304 128 128 255 255 
0.409068797831913 -0.263229568411693 0.186528892386117 128 128 255 255 
-0.860121714620107 -0.179688923851764 0.0153531152586638 128 128 255 255 
0.513268979687344 0.289456491326018 0.0910180250784939 128 128 255 255 
0.47612397642277 0.301879160563898 0.0743788492216602 128 128 255 255 
0.956184360950419 0.0804366398013481 0.0651450690752501 128 128 255 255 
0.878891387275017 -0.150849680338359 0.0754194841331256 128 128 255 255 
-0.957453989964448 0.0669331822350548 0.0770076553972033 128 128 255 255 
-0.962886801403824 0.0496195117433138 0.081510916366766 128 128 255 255 
-0.957382484639789 0.0852071315440028 0.0562768971060158 128 128 255 255 
-0.968623570030495 0.06560542847184 0.0584548916269783 128 128 255 255 
-0.942039131086907 0.0948683578068863 -0.0712058845775728 128 128 255 255 
0.894958786805905 -0.131441030412398 -0.0872029256154464 128 128 255 255 
-0.945286218364555 0.101794117112384 0.0542420754076363 128 128 255 255 
0.935279537350193 0.0990976479154162 -0.0763948900322644 128 128 255 255 
-0.37038073204191 -0.268553515073102 0.189027124955465 128 128 255 255 
-0.338257050362997 -0.295078054112249 0.153709798571534 128 128 255 255 
-0.376813930484589 -0.289012630810491 0.154023055260416 128 128 255 255 
0.485873907517349 -0.00371284130661897 0.308993545355459 128 128 255 255 
0.48680099347139 -0.0427336785996913 0.305862596883755 128 128 255 255 
0.447058362451461 -0.044736011123279 0.313075117065318 128 128 255 255 
-0.31388224970426 -0.31388224970426 0.119007227162729 128 128 255 255 
0.869048895948219 0.0791990004644821 0.155954364174683 128 128 255 255 
0.846830378887619 0.0771186468066291 0.171500732815707 128 128 255 255 
0.960397296849148 -0.0273202600775451 -0.0946479387620416 128 128 255 255 
-0.612698502716384 -0.239839312947357 0.14336020814676 128 128 255 255 
-0.616525671762779 -0.205399418841617 0.187877535244344 128 128 255 255 
-0.495996500422043 -0.2006516041267 0.232351721166116 128 128 255 255 
-0.571188033964387 -0.172619296820082 0.233282097920391 128 128 255 255 
-0.550146357943253 -0.214442822056246 0.202932519437382 128 128 255 255 
-0.509440159368336 -0.232870815125444 0.195780509974587 128 128 255 255 
-0.42258772296994 -0.229723375729531 0.223393346312694 128 128 255 255 
-0.474965590804352 -0.231841065564086 0.207486561962241 128 128 255 255 
-0.335274690054953 -0.251356205888687 0.218560989072928 128 128 255 255 
-0.371354235510044 -0.243361067181477 0.220312031340108 128 128 255 255 
-0.242535625036333 -0.242535625036333 0.242535625036333 128 128 255 255 
0.3647306743797 -0.242683592728251 0.222432258637951 128 128 255 255 
0.329592013425108 -0.251074679923794 0.219960516014156 128 128 255 255 
-0.49571319818785 0.217046285095462 0.217196729955612 128 128 255 255 
0.466926839878228 -0.240643828048591 0.19959448442399 128 128 255 255 
-0.777013318477668 0.120165540032682 0.187327313568598 128 128 255 255 
-0.994802578318122 -0.0358353718554756 0.00343582100683303 128 128 255 255 
-0.785439063163289 0.0876290953843256 0.200516370892841 128 128 255 255 
-0.762862731176658 0.067383951220564 0.218436386420984 128 128 255 255 
-0.742326890856194 0.0905442716404171 0.21890765534812 128 128 255 255 
0.56692874110264 -0.178084173108704 0.23045598760774 128 128 255 255 
0.503184972958917 -0.213864783916826 0.21820267798448 128 128 255 255 
0.560138741403505 -0.212788414052265 0.201250198089631 128 128 255 255 
0.652310072408992 -0.225163066448283 0.145303198836071 128 128 255 255 
0.6097636458482 -0.238675319611898 0.146825113356359 128 128 255 255 
0.934008295041964 -0.0993701714562304 0.0779687853106638 128 128 255 255 
0.80550250620574 -0.00210599809390508 0.209502434177931 128 128 255 255 
0.774503930126944 0.0197893083666183 0.222769694570376 128 128 255 255 
-0.876733381336106 -0.0882645051207944 -0.145350253843536 128 128 255 255 
-0.623002627107472 -0.127134214631104 0.245601827608331 128 128 255 255 
-0.618428203909228 -0.168425726332122 0.22096622470787 128 128 255 255 
-0.569171718872355 -0.133592977832938 0.258182759488271 128 128 255 255 
-0.394628369702779 -0.198577473524793 0.257100240481863 128 128 255 255 
-0.421174070126163 -0.199314042678701 0.251198049698601 128 128 255 255 
0.452078335694733 -0.197957265061705 0.24549146567476 128 128 255 255 
0.484366575013474 -0.172898977020836 0.256475245002652 128 128 255 255 
0.521404227653503 -0.177799307142567 0.243730592591239 128 128 255 255 
0.729809440423711 -0.140603950642351 0.196603144455071 128 128 255 255 
0.612671473784297 -0.17549769263387 0.217439094974559 128 128 255 255 
0.839846619830378 -0.139118996930056 0.132204796557359 128 128 255 255 
0.91625378620009 0.00176116308808019 0.141621933960357 128 128 255 255 
0.792058591918113 -0.112747385148567 0.184033756177427 128 128 255 255 
-0.977427961728243 -0.0727937970679409 0.0167446931612571 128 128 255 255 
-0.970195175201973 -0.085313651278737 0.00785786073499145 128 128 255 255 
-0.731076913186008 0.235145158854781 -0.0538289752808034 128 128 255 255 
-0.695307559565467 0.250683457180218 -0.0415478599656846 128 128 255 255 
-0.7633315125199 0.224450607259488 -0.0422794151057067 128 128 255 255 
0.832539801688875 0.00316433885815907 0.19583071389417 128 128 255 255 
-0.975689759314354 0.0579213837500655 0.0514664917840311 128 128 255 255 
0.972918496586494 -0.0807087845272145 0.0128370993519506 128 128 255 255 
0.96265749076373 -0.094869748340859 0.0126905425830182 128 128 255 255 
0.97164845647289 -0.0770350264751334 0.032450175585767 128 128 255 255 
0.977729352611115 -0.0704392293106185 0.0233233569239597 128 128 255 255 
0.962928551693103 0.0753389825973262 0.0584817328622072 128 128 255 255 
-0.978110855523524 0.0147579149044235 -0.0720735602830428 128 128 255 255 
0.894942976519358 -0.104549178713036 0.118127469982567 128 128 255 255 
0.907629862307361 -0.104269117289671 0.105612284449791 128 128 255 255 
0.945482067946831 0.10478395472391 -0.0477313151828893 128 128 255 255 
0.367983808253323 -0.146148219395937 0.294472665244093 128 128 255 255 
0.300926816907167 -0.152063908539233 0.300926816907162 128 128 255 255 
-0.970533341115369 -0.0848275202323002 -0.00790066713039728 128 128 255 255 
-0.977096742995467 -0.073771892311614 -0.0147632035409699 128 128 255 255 
0.975587702845787 -0.077508563206191 -0.00458273711854423 128 128 255 255 
-0.700041294238905 -0.122664313271669 0.220672135848346 128 128 255 255 
0.812507112389077 -0.0286221572006854 0.204107311938317 128 128 255 255 
0.798517162619905 0.0253289825996914 0.211316666152132 128 128 255 255 
0.336079316799456 0.293663269446211 0.156981548775558 128 128 255 255 
0.373768888342416 0.287059970296067 0.158536009591248 128 128 255 255 
-0.840718123307136 0.0213987715925134 0.190239901479383 128 128 255 255 
-0.986598593914844 0.0504098442264176 0.0280490530315364 128 128 255 255 
-0.690973589066994 0.111465994839185 0.229988523260769 128 128 255 255 
-0.714298841103974 0.0767237411043648 0.235235211426919 128 128 255 255 
0.69950665692928 0.11192515010695 0.226514991464731 128 128 255 255 
0.703791195591727 0.142165959599646 0.207059354909797 128 128 255 255 
0.774740614212619 0.12714929282188 0.183861828551158 128 128 255 255 
0.714527050682049 0.0791524570132437 0.234342205579089 128 128 255 255 
0.741189367508696 0.128835184975161 0.199326988915347 128 128 255 255 
0.877032837592619 0.0552445266879353 0.160622899139767 128 128 255 255 
-0.750156434106168 0.231809067396008 -0.0303763213422592 128 128 255 255 
-0.588630621614195 -0.0457216292529018 -0.282132553788505 128 128 255 255 
0.364478417020729 -0.269070822678089 0.189724298982924 128 128 255 255 
0.370080797098362 -0.289433979531255 0.155267487587808 128 128 255 255 
0.495950928559249 -0.24845306857183 0.180347285835216 128 128 255 255 
-0.595733159728259 0.140646802485489 0.246690524405864 128 128 255 255 
-0.538342985261355 0.165621210842596 0.24767494965929 128 128 255 255 
-0.427830455790277 0.232246321503761 0.219503451078638 128 128 255 255 
-0.466834849547653 0.240331790864185 0.199996952280421 128 128 255 255 
-0.478963269458908 0.180435491362552 0.252521858653958 128 128 255 255 
-0.452607727384467 0.202315350756554 0.241788697987632 128 128 255 255 
0.452483720250033 0.259498214138083 0.179075343263053 128 128 255 255 
0.428875374180092 0.231182782088949 0.220369555395676 128 128 255 255 
0.468116867035866 0.239080267563359 0.201119238543037 128 128 255 255 
0.433517396171098 0.172313484071169 0.267984855841882 128 128 255 255 
0.480217914697365 0.178272516042699 0.2537572383482 128 128 255 255 
0.453766969327618 0.200806974353306 0.242772519246732 128 128 255 255 
0.497196578607559 0.215197737097426 0.218607715500436 128 128 255 255 
0.539983734000232 0.162154062556035 0.249515857981517 128 128 255 255 
0.70606850947586 0.198732916178421 0.152278122302605 128 128 255 255 
0.649265048752752 0.243581748938885 0.113906720652538 128 128 255 255 
0.630101668553318 0.14663072907661 0.23210107281746 128 128 255 255 
-0.991432521731075 -0.0449224812343421 -0.0107081751250076 128 128 255 255 
-0.93003646140149 0.112699811720655 -0.0646356958700703 128 128 255 255 
0.685474252064117 0.0299779727500122 -0.255669603825138 128 128 255 255 
-0.971881190479745 0.0224702136240984 -0.0801620731337439 128 128 255 255 
0.891262842074756 0.136608792978991 -0.0839306569808488 128 128 255 255 
0.902420585670162 0.123197229642132 -0.0895939512573033 128 128 255 255 
-0.965955617472036 0.0914010518486607 0.00347355525694872 128 128 255 255 
-0.335626795536803 0.293675624772436 0.157079421903049 128 128 255 255 
-0.373117918187624 0.287312745393046 0.15826956237255 128 128 255 255 
-0.414389809346691 0.260103687714732 0.189423342395451 128 128 255 255 
-0.299423151517003 0.299423151517006 0.155367301641674 128 128 255 255 
-0.365384534989135 0.262106852803624 0.199026929961817 128 128 255 255 
0.664909556202198 0.21049150896509 0.159468507414099 128 128 255 255 
-0.318257642197691 0.252128112837404 0.220840235118883 128 128 255 255 
0.282906012110746 0.282906012110745 0.186975184625258 128 128 255 255 
0.299656724970764 0.299656724970764 0.154859866053612 128 128 255 255 
0.366130766623773 0.261791781470483 0.199270036497936 128 128 255 255 
0.415337126827353 0.259476667431943 0.19002299361876 128 128 255 255 
0.31886067601831 0.25207616360868 0.22079079654276 128 128 255 255 
0.49307922632049 0.246677224588571 0.183737440700928 128 128 255 255 
-0.873041484933564 -0.141706523810603 0.0982042766630476 128 128 255 255 
-0.985818123620422 -0.0584333620165239 0.0102893375793317 128 128 255 255 
-0.97272687473103 -0.0787310344065324 -0.0229505417232627 128 128 255 255 
-0.936683667987811 0.118905610797173 0.0344879448869944 128 128 255 255 
0.963373838396249 -0.02204671552322 0.0922106129253333 128 128 255 255 
0.9570175038089 -0.0362224871467225 0.0959302789976149 128 128 255 255 
0.924318638150801 -0.036897238271022 0.129780489417758 128 128 255 255 
0.898960843209037 0.0277629604052932 0.152357773866337 128 128 255 255 
0.359559927901401 -0.183000727798199 0.274500112596084 128 128 255 255 
-0.62832033521931 0.234559587732552 0.143643622158467 128 128 255 255 
0.876219593452804 0.0959480179214382 0.14079730126914 128 128 255 255 
0.96835691247786 0.0868056106747934 0.0158239397024531 128 128 255 255 
0.767640205283978 0.157100719784923 0.163280117617027 128 128 255 255 
0.765823449051736 0.179872216901788 0.139051388304483 128 128 255 255 
0.575625943881184 -0.135369610356983 0.255454299262264 128 128 255 255 
-0.933831700097955 0.0891512531836383 -0.08970422254286 128 128 255 255 
-0.606877242444041 0.109571264597031 0.258759801475468 128 128 255 255 
-0.585703695507584 0.113079649853298 0.263309490253752 128 128 255 255 
-0.565297816522961 0.123455140922114 0.264222661130955 128 128 255 255 
-0.639641359955296 0.0875395066577593 0.257282272360321 128 128 255 255 
0.690390638519775 0.031376926093799 0.253841636648173 128 128 255 255 
0.710683464689534 0.0161478125364759 0.248204295439835 128 128 255 255 
0.637898515401045 0.0305802434990522 0.270555880362025 128 128 255 255 
0.679760226033811 0.0708204533720602 0.249449764246193 128 128 255 255 
-0.975503061407685 -0.0777090590884397 0.00324410306915258 128 128 255 255 
-0.491556254596038 0.247974488838658 0.182497122981216 128 128 255 255 
0.331823180538695 -0.177123281435212 0.282602211422506 128 128 255 255 
-0.798725662038623 -0.150122596038001 0.150724459817709 128 128 255 255 
0.983447577430736 0.0639578979022131 -0.00363935720316897 128 128 255 255 
0.551363072042736 -0.00237911567831176 0.29494774506631 128 128 255 255 
0.632437698121433 0.23120164505317 0.146794462485961 128 128 255 255 
-0.420218299943067 -0.171168460027016 0.271345573261415 128 128 255 255 
-0.468126152897262 -0.16884949863062 0.262863218990989 128 128 255 255 
-0.445918812291491 -0.19483514782645 0.249366822185083 128 128 255 255 
-0.403583661443157 -0.0832390217863694 0.312587992593262 128 128 255 255 
-0.399736686434453 -0.134326113383242 0.294928466606323 128 128 255 255 
-0.364084320071494 -0.117408898005835 0.307645031346167 128 128 255 255 
0.283478179258321 -0.185997851956825 0.283478179258504 128 128 255 255 
-0.938798037160968 0.0825254553586607 0.0895646586616464 128 128 255 255 
0.42981121627949 -0.168129782609583 0.271367192500067 128 128 255 255 
0.42309952550449 -0.198056071352637 0.251787881371342 128 128 255 255 
-0.680989749753123 -0.00634831650490023 0.258826796370277 128 128 255 255 
0.968537602916339 -0.00513252637365055 0.08783803811284 128 128 255 255 
-0.893519273788955 -0.151887535082498 -0.046185381967857 128 128 255 255 
-0.457580217537089 -0.127871984908004 0.287186807979128 128 128 255 255 
-0.482621473654286 -0.0760159747246396 0.300176802370648 128 128 255 255 
-0.432580389189974 0.174053458858349 0.267048040820467 128 128 255 255 
-0.979620848461255 -0.00541101455327856 -0.0708067439875125 128 128 255 255 
0.808750786300389 -0.158441124699164 0.134672453590223 128 128 255 255 
-0.391498368979127 0.0362561728050872 0.323305743882655 128 128 255 255 
0.48831106637572 -0.0788229457915333 0.298296763826998 128 128 255 255 
0.40973666170433 -0.0894150127726537 0.309869929746367 128 128 255 255 
0.468180902186893 -0.129095174172025 0.284491189055179 128 128 255 255 
0.419444746642035 -0.133826293593048 0.291716946711656 128 128 255 255 
0.512614581605835 -0.110570196362597 0.282714539678373 128 128 255 255 
0.598952851720327 -0.117552058740913 0.257562503918202 128 128 255 255 
-0.473337745531945 0.136547852597416 0.279908101630461 128 128 255 255 
-0.529385784921017 0.117096339150435 0.276147158566244 128 128 255 255 
-0.642377718688257 -0.00816220548856725 0.270836171058754 128 128 255 255 
-0.396868402550989 -0.041540493342997 0.321848280059131 128 128 255 255 
0.409654487559142 -0.00721070276799019 0.322445171403611 128 128 255 255 
0.331496351577179 -0.0370669069729028 0.331496351577081 128 128 255 255 
0.399813873523198 -0.0448020572618903 0.320953853008519 128 128 255 255 
0.559490118711179 0.0323104106670776 0.2912514102731 128 128 255 255 
0.605827348048356 -0.0198234321231971 0.280586289137945 128 128 255 255 
0.586300741246885 0.0230712013244657 0.285480535688613 128 128 255 255 
-0.638563304197806 0.0316339566945711 0.270238508129055 128 128 255 255 
-0.426621658424277 0.203059794987971 0.247014092585959 128 128 255 255 
0.38237877634518 0.228755446198026 0.233225739571617 128 128 255 255 
-0.411686388226173 0.0913820991738935 0.308971686791341 128 128 255 255 
-0.424038863295756 0.138603780260007 0.288639672776269 128 128 255 255 
0.427587431352053 0.201790066333008 0.247844487117136 128 128 255 255 
0.474287362047184 0.134053719308893 0.280910976573922 128 128 255 255 
-0.446245395535271 0.0400623887768078 0.313852054575054 128 128 255 255 
-0.493103644071559 0.0778588402573998 0.297563533789183 128 128 255 255 
-0.487252114696701 0.0390113647299364 0.306269947454351 128 128 255 255 
0.424961464930389 0.136821845270714 0.289319442887525 128 128 255 255 
0.76123016683109 -0.035583885210018 0.226494735833998 128 128 255 255 
0.747646295660867 -0.0248538460684523 0.233474651133845 128 128 255 255 
0.64636734610717 -0.00954576545967638 0.269601611035176 128 128 255 255 
-0.242535625036333 0.242535625036333 0.242535625036333 128 128 255 255 
0.301175930964805 -0.301175930964816 -0.151508055832531 128 128 255 255 
0.340190776146005 0.217416881389258 0.251522630240037 128 128 255 255 
0.653855333889358 -0.0440044743064579 0.263861203465147 128 128 255 255 
0.528171980912743 -0.143093200794755 0.263919687720432 128 128 255 255 
0.896482835273391 0.0033745275462798 0.156615519870598 128 128 255 255 
-0.806410986916843 -0.196344181081078 0.071844437591245 128 128 255 255 
-0.299828129356865 -0.299828129356874 0.154486178977634 128 128 255 255 
-0.940095881007562 0.0663237836383186 0.100641055241424 128 128 255 255 
-0.966685947711236 0.0901323713734351 -0.00812036404286713 128 128 255 255 
0.915524492221818 0.119131774456625 -0.0776819339729228 128 128 255 255 
0.979780253616168 -0.0706708197518075 0.00307684121974503 128 128 255 255 
-0.76142755119434 0.108929731045344 0.201650245847919 128 128 255 255 
0.972004998032475 -0.0708214998756208 0.0434177440449823 128 128 255 255 
-0.982483758688268 0.0592951183570848 0.0287192749687217 128 128 255 255 
0.957264748913971 -0.069227543437511 -0.075253384562447 128 128 255 255 
-0.994812260834849 -0.0188159393368534 -0.0306517718468723 128 128 255 255 
0.85987433300413 -0.178428767768718 0.027206412742541 128 128 255 255 
0.839104965337889 0.172376479719935 0.0852889507233798 128 128 255 255 
-0.769885165866463 0.196454157635386 0.110974610640845 128 128 255 255 
0.475085450916451 -0.301667042389504 0.0760507584163807 128 128 255 255 
-0.988319832019323 0.0371793022765065 0.0389960016296603 128 128 255 255 
-0.98942232017073 -0.0496737369640076 0.0127653387328747 128 128 255 255 
-0.807029308695943 0.0655250854476934 0.198228207635656 128 128 255 255 
0.706407181081757 0.17221747059288 0.181561872834184 128 128 255 255 
0.612359371859436 -0.207313356945343 0.187478284842685 128 128 255 255 
0.962552448151104 -0.0929356882270874 -0.0234425976541466 128 128 255 255 
-0.948834046893889 0.0838743978798976 0.0736839787350777 128 128 255 255 
0.973132219454647 0.00044487759618823 0.0814033932462368 128 128 255 255 
0.872606044820438 -0.0199590899433177 -0.171526879052584 128 128 255 255 
-0.890432099303351 -0.13606751892792 -0.0858892467590969 128 128 255 255 
-0.927049922046917 -0.0797794161368901 0.105865715306515 128 128 255 255 
0.993360037872139 0.0174558896134234 0.0367392334340072 128 128 255 255 
0.875863725715675 0.0473643725407499 -0.163903803032682 128 128 255 255 
0.957140131970728 0.0761702228268449 -0.0684356850064917 128 128 255 255 
0.983057250619011 -0.0113120509706003 -0.0638109917930737 128 128 255 255 
0.686820018888613 -0.215111204103779 0.140577197557415 128 128 255 255 
0.974122352640167 0.020240988634627 0.0773046402484163 128 128 255 255 
-0.947087721746775 -0.0938835078062682 0.0637494511152189 128 128 255 255 
-0.905031809893699 -0.133315291446903 0.0695824007594632 128 128 255 255 
-0.893483667648699 -0.143814642373314 0.0672920078508198 128 128 255 255 
-0.904702803338123 0.0492187452658987 0.142360848280943 128 128 255 255 
0.764127723555137 0.223944325672172 -0.043157161559741 128 128 255 255 
-0.947654050757108 0.0669615521037467 0.0908852316403734 128 128 255 255 
-0.791729668006455 0.119092599017078 -0.180173437853575 128 128 255 255 
-0.94191435040012 0.105328883925547 -0.0548223964604135 128 128 255 255 
0.98039054156631 -0.0513210466386974 0.0471216312100072 128 128 255 255 
0.987869573320086 0.0548135376399607 -0.00311276728566761 128 128 255 255 
0.931264772382345 -0.128798426476182 -0.00205073445141824 128 128 255 255 
0.934464013726402 0.116666186095029 -0.0472876987210866 128 128 255 255 
-0.765715706228821 0.196679050762373 -0.114137114414251 128 128 255 255 
-0.971837666252345 0.0344866455364515 -0.0758426985952623 128 128 255 255 
-0.70856664118377 -0.248803549453992 0.0183971957232795 128 128 255 255 
-0.689748848667856 -0.254032047976198 0.0315995261665792 128 128 255 255 
-0.300864585382433 -0.300864585382448 -0.152202378350854 128 128 255 255 
0.299679852144965 0.154809510472401 -0.29967985214497 128 128 255 255 
-0.949640025389119 0.0953774076816207 -0.0563571438778811 128 128 255 255 
-0.84282465466533 -0.0994233315641142 -0.162236940959963 128 128 255 255 
0.777635763664874 -0.212760092920536 0.0643697801466721 128 128 255 255 
-0.868720917108607 -0.145744713745267 -0.0970771204807182 128 128 255 255 
-0.963884809484067 0.0192009575042847 0.0921796200096341 128 128 255 255 

3 0 1 2 
3 3 1 0 
3 4 5 6 
3 7 8 9 
3 10 11 12 
3 8 13 14 
3 15 16 17 
3 8 7 18 
3 19 20 21 
3 22 23 24 
3 25 26 27 
3 28 29 30 
3 31 32 33 
3 34 35 36 
3 37 38 39 
3 40 41 42 
3 43 44 45 
3 46 23 47 
3 48 49 50 
3 23 51 52 
3 53 54 55 
3 56 57 58 
3 59 60 61 
3 62 63 64 
3 65 66 67 
3 68 69 70 
3 68 71 72 
3 68 72 73 
3 69 62 70 
3 74 75 76 
3 59 77 78 
3 79 80 81 
3 82 53 83 
3 84 85 86 
3 87 71 88 
3 89 75 90 
3 71 76 91 
3 60 59 92 
3 85 93 94 
3 78 85 94 
3 95 96 97 
3 98 99 100 
3 101 102 103 
3 104 105 106 
3 107 108 109 
3 110 111 112 
3 112 111 113 
3 114 115 116 
3 117 118 119 
3 120 121 122 
3 121 123 124 
3 125 126 127 
3 128 108 129 
3 130 115 114 
3 131 128 132 
3 133 132 134 
3 51 22 135 
3 136 131 137 
3 39 38 138 
3 139 140 141 
3 142 56 143 
3 144 145 146 
3 147 148 149 
3 150 151 139 
3 140 152 153 
3 148 147 154 
3 144 115 155 
3 156 157 158 
3 115 159 155 
3 160 161 162 
3 163 160 164 
3 125 165 166 
3 56 163 57 
3 147 167 168 
3 160 169 170 
3 169 160 171 
3 172 173 174 
3 56 58 175 
3 176 172 177 
3 160 163 171 
3 52 150 178 
3 179 169 180 
3 181 182 183 
3 164 160 162 
3 75 74 90 
3 184 89 185 
3 89 186 187 
3 188 75 189 
3 89 90 190 
3 191 192 185 
3 193 191 194 
3 195 191 196 
3 197 198 199 
3 200 192 201 
3 202 203 204 
3 75 89 189 
3 121 124 122 
3 205 206 207 
3 104 208 209 
3 102 210 211 
3 192 191 193 
3 212 213 214 
3 104 209 215 
3 197 216 217 
3 218 219 220 
3 221 218 222 
3 121 120 223 
3 224 102 225 
3 210 102 224 
3 226 227 228 
3 229 230 231 
3 232 233 234 
3 102 235 229 
3 236 226 237 
3 238 239 240 
3 241 218 242 
3 218 221 136 
3 243 244 245 
3 137 133 246 
3 247 218 241 
3 248 249 250 
3 232 251 252 
3 226 253 227 
3 232 254 251 
3 255 256 257 
3 258 259 260 
3 261 232 252 
3 262 249 263 
3 264 248 265 
3 266 262 267 
3 256 266 268 
3 267 262 263 
3 269 262 270 
3 271 272 273 
3 272 274 273 
3 212 243 275 
3 172 174 276 
3 173 172 277 
3 278 279 280 
3 279 281 282 
3 279 283 284 
3 255 285 286 
3 182 287 288 
3 206 203 289 
3 152 172 276 
3 290 285 291 
3 285 292 291 
3 182 288 293 
3 285 294 292 
3 285 295 286 
3 294 285 255 
3 296 297 298 
3 299 300 298 
3 301 302 303 
3 302 304 303 
3 304 302 305 
3 302 306 305 
3 307 308 309 
3 308 310 309 
3 311 285 290 
3 312 313 314 
3 203 205 204 
3 204 205 186 
3 203 202 315 
3 235 101 316 
3 235 102 101 
3 289 203 315 
3 192 317 318 
3 319 202 320 
3 321 202 319 
3 185 192 318 
3 313 322 314 
3 235 323 324 
3 325 28 326 
3 192 200 327 
3 313 312 328 
3 329 313 328 
3 330 331 332 
3 192 193 201 
3 330 333 331 
3 334 330 332 
3 335 235 316 
3 336 198 334 
3 229 235 324 
3 337 330 338 
3 220 219 339 
3 340 341 342 
3 304 340 342 
3 343 219 344 
3 237 226 345 
3 133 137 346 
3 230 323 347 
3 348 236 349 
3 348 230 347 
3 218 136 242 
3 350 351 213 
3 172 352 277 
3 247 243 353 
3 243 245 275 
3 236 354 261 
3 123 121 253 
3 226 236 261 
3 236 237 349 
3 354 236 355 
3 262 356 249 
3 357 358 359 
3 254 232 234 
3 360 249 361 
3 350 212 362 
3 358 357 363 
3 364 365 366 
3 367 368 233 
3 369 367 370 
3 365 371 366 
3 367 233 372 
3 373 372 374 
3 356 262 269 
3 375 367 376 
3 377 289 378 
3 379 200 380 
3 381 356 382 
3 285 383 295 
3 383 357 384 
3 385 386 387 
3 388 385 387 
3 389 390 391 
3 392 393 394 
3 393 395 394 
3 396 397 398 
3 397 399 398 
3 400 401 402 
3 403 404 405 
3 406 407 408 
3 409 406 408 
3 195 410 411 
3 412 195 411 
3 173 279 284 
3 279 413 283 
3 414 392 415 
3 341 414 415 
3 416 417 418 
3 367 369 416 
3 419 299 420 
3 421 422 423 
3 424 421 423 
3 425 419 426 
3 427 428 425 
3 299 298 420 
3 383 285 311 
3 429 406 430 
3 406 118 430 
3 428 431 432 
3 433 434 435 
3 419 428 433 
3 436 437 438 
3 437 439 438 
3 440 409 441 
3 442 440 441 
3 443 444 445 
3 446 443 445 
3 358 447 359 
3 280 368 375 
3 393 392 448 
3 449 393 448 
3 450 451 452 
3 453 450 452 
3 454 455 456 
3 457 454 456 
3 458 459 460 
3 459 202 321 
3 461 462 321 
3 463 464 465 
3 462 461 466 
3 200 463 466 
3 202 459 467 
3 459 468 467 
3 469 377 378 
3 469 378 470 
3 468 471 472 
3 459 321 460 
3 463 200 379 
3 473 463 379 
3 466 463 465 
3 377 469 335 
3 335 469 474 
3 317 192 327 
3 475 323 476 
3 477 475 476 
3 478 477 479 
3 480 481 482 
3 483 484 485 
3 486 483 485 
3 344 487 488 
3 487 489 490 
3 489 491 490 
3 491 492 493 
3 46 494 495 
3 496 46 495 
3 475 497 498 
3 323 475 499 
3 500 501 499 
3 502 503 504 
3 499 475 498 
3 505 506 507 
3 489 487 351 
3 350 505 351 
3 508 509 510 
3 351 505 507 
3 373 511 512 
3 513 373 514 
3 511 373 513 
3 500 515 516 
3 517 518 519 
3 505 350 520 
3 390 517 520 
3 373 374 514 
3 517 390 389 
3 521 517 389 
3 520 517 519 
3 522 523 524 
3 525 522 524 
3 526 527 528 
3 527 529 528 
3 530 417 531 
3 418 417 532 
3 447 533 534 
3 358 535 447 
3 373 512 536 
3 417 537 532 
3 367 372 370 
3 417 538 537 
3 212 350 213 
3 539 540 541 
3 542 543 427 
3 540 428 427 
3 544 545 546 
3 540 427 541 
3 547 358 363 
3 548 549 550 
3 551 552 553 
3 428 540 431 
3 552 434 431 
3 552 431 553 
3 358 554 555 
3 556 557 558 
3 559 556 558 
3 560 561 562 
3 563 459 458 
3 462 564 458 
3 565 564 566 
3 472 471 567 
3 459 563 468 
3 563 568 569 
3 468 563 570 
3 565 563 571 
3 572 463 473 
3 573 574 575 
3 572 576 577 
3 578 544 546 
3 538 417 530 
3 579 545 580 
3 492 581 580 
3 582 475 477 
3 469 583 584 
3 582 477 585 
3 493 492 586 
3 471 583 567 
3 587 588 589 
3 491 587 590 
3 591 592 593 
3 592 304 593 
3 594 525 595 
3 596 594 595 
3 597 598 599 
3 600 597 599 
3 601 602 600 
3 602 603 600 
3 515 604 605 
3 475 582 497 
3 604 500 497 
3 580 581 606 
3 582 607 608 
3 609 587 610 
3 500 604 515 
3 549 611 515 
3 611 549 511 
3 549 612 550 
3 604 613 605 
3 614 615 616 
3 614 505 518 
3 517 617 518 
3 617 517 521 
3 618 619 620 
3 609 614 616 
3 621 622 623 
3 512 621 623 
3 511 549 548 
3 622 624 625 
3 626 535 627 
3 628 535 629 
3 630 631 632 
3 622 633 634 
3 624 530 625 
3 635 624 634 
3 636 538 637 
3 634 633 638 
3 543 636 539 
3 639 540 539 
3 636 640 641 
3 552 642 554 
3 643 65 644 
3 554 358 547 
3 645 642 646 
3 554 642 647 
3 648 649 113 
3 650 651 21 
3 20 650 21 
3 652 422 17 
3 16 652 17 
3 13 653 14 
3 653 654 14 
3 563 458 571 
3 577 576 566 
3 655 568 656 
3 464 572 577 
3 574 657 658 
3 659 660 661 
3 624 622 634 
3 662 663 664 
3 665 664 666 
3 663 662 79 
3 79 667 668 
3 667 669 668 
3 670 671 325 
3 672 673 561 
3 674 655 675 
3 574 658 676 
3 677 660 678 
3 579 678 679 
3 677 579 680 
3 581 680 606 
3 681 582 682 
3 607 582 681 
3 680 581 683 
3 60 684 685 
3 587 609 588 
3 497 582 608 
3 683 686 687 
3 587 506 610 
3 604 607 613 
3 570 563 569 
3 612 688 689 
3 614 518 615 
3 690 691 692 
3 619 691 690 
3 693 694 695 
3 365 696 697 
3 371 365 697 
3 698 699 700 
3 523 698 700 
3 701 702 703 
3 704 701 703 
3 422 421 705 
3 421 706 705 
3 707 708 709 
3 708 710 709 
3 711 633 712 
3 712 633 713 
3 714 715 716 
3 694 717 718 
3 694 718 695 
3 422 719 720 
3 719 13 720 
3 13 15 720 
3 721 653 722 
3 653 13 722 
3 723 724 725 
3 724 726 725 
3 727 728 729 
3 728 730 729 
3 731 732 733 
3 732 734 733 
3 735 736 737 
3 738 735 737 
3 739 740 741 
3 742 739 741 
3 743 444 744 
3 654 743 744 
3 633 711 745 
3 633 745 638 
3 746 340 747 
3 340 306 747 
3 746 748 749 
3 712 750 751 
3 633 752 713 
3 748 753 749 
3 754 636 755 
3 640 636 754 
3 756 757 758 
3 759 65 67 
3 539 636 641 
3 65 647 644 
3 642 645 643 
3 642 551 646 
3 643 645 760 
3 761 762 763 
3 717 694 759 
3 65 759 764 
3 765 766 767 
3 766 768 767 
3 67 66 769 
3 414 746 770 
3 449 414 770 
3 771 772 773 
3 774 771 773 
3 775 65 764 
3 776 721 777 
3 706 776 777 
3 778 779 780 
3 779 444 780 
3 443 9 781 
3 654 443 781 
3 782 783 784 
3 95 782 784 
3 393 449 785 
3 786 393 785 
3 444 779 787 
3 779 20 787 
3 732 591 788 
3 789 732 788 
3 790 525 791 
3 591 790 791 
3 790 341 792 
3 525 790 792 
3 340 746 793 
3 341 340 793 
3 794 440 795 
3 440 442 795 
3 732 731 796 
3 591 732 796 
3 797 798 799 
3 798 800 799 
3 801 802 797 
3 803 523 804 
3 392 803 804 
3 696 365 805 
3 365 806 805 
3 807 698 808 
3 698 523 808 
3 450 809 451 
3 18 15 810 
3 15 13 810 
3 55 811 812 
3 811 83 812 
3 813 814 815 
3 814 816 815 
3 811 64 817 
3 818 811 817 
3 437 819 820 
3 821 437 820 
3 816 814 822 
3 814 823 822 
3 130 824 825 
3 824 159 825 
3 826 449 827 
3 707 826 827 
3 800 798 828 
3 798 829 828 
3 794 830 831 
3 830 832 831 
3 833 834 835 
3 834 721 835 
3 836 837 838 
3 837 839 838 
3 653 721 840 
3 484 653 840 
3 484 483 841 
3 483 778 841 
3 654 653 842 
3 653 484 842 
3 843 670 326 
3 670 325 326 
3 649 112 113 
3 834 484 840 
3 839 844 838 
3 776 833 835 
3 743 654 842 
3 845 396 846 
3 847 845 846 
3 396 845 848 
3 845 849 848 
3 778 743 841 
3 794 850 851 
3 852 801 853 
3 854 855 856 
3 658 572 676 
3 572 575 676 
3 582 585 682 
3 857 816 858 
3 136 244 242 
3 721 776 835 
3 844 859 836 
3 223 345 228 
3 227 223 228 
3 860 861 862 
3 483 854 856 
3 782 29 783 
3 829 863 828 
3 864 865 866 
3 19 446 445 
3 393 867 395 
3 867 868 395 
3 869 870 871 
3 40 794 831 
3 832 40 831 
3 872 707 827 
3 873 874 875 
3 876 255 286 
3 287 152 276 
3 174 287 276 
3 173 296 174 
3 877 37 878 
3 296 287 174 
3 281 173 277 
3 352 281 277 
3 300 290 291 
3 292 300 291 
3 248 267 263 
3 249 248 263 
3 616 879 880 
3 881 882 883 
3 677 884 885 
3 886 887 888 
3 876 269 270 
3 266 876 270 
3 226 261 252 
3 251 226 252 
3 294 255 257 
3 179 294 257 
3 889 890 260 
3 259 889 260 
3 368 254 234 
3 233 368 234 
3 229 891 225 
3 891 224 225 
3 220 892 222 
3 892 221 222 
3 198 193 194 
3 199 198 194 
3 216 893 217 
3 334 198 894 
3 191 199 194 
3 220 893 216 
3 209 131 215 
3 131 221 215 
3 128 131 209 
3 892 220 216 
3 895 896 207 
3 206 895 207 
3 897 898 899 
3 900 640 901 
3 211 895 103 
3 895 101 103 
3 124 313 122 
3 313 120 122 
3 224 902 903 
3 902 904 903 
3 140 905 141 
3 152 140 906 
3 28 108 843 
3 907 169 171 
3 905 140 908 
3 46 909 494 
3 910 911 146 
3 911 144 146 
3 145 910 146 
3 912 164 162 
3 161 912 162 
3 165 913 914 
3 912 148 164 
3 182 181 153 
3 913 915 914 
3 125 913 165 
3 916 125 168 
3 660 677 885 
3 167 916 168 
3 917 918 919 
3 920 921 922 
3 437 684 439 
3 684 93 439 
3 51 23 22 
3 923 150 924 
3 436 84 925 
3 140 139 906 
3 926 927 928 
3 99 60 929 
3 32 927 930 
3 931 31 932 
3 933 130 114 
3 96 934 935 
3 77 410 936 
3 811 937 83 
3 938 939 940 
3 941 942 943 
3 23 52 47 
3 449 872 827 
3 847 944 945 
3 82 83 946 
3 86 53 947 
3 53 82 947 
3 948 949 950 
3 949 58 950 
3 154 949 948 
3 939 82 946 
3 951 62 64 
3 811 951 64 
3 181 908 952 
3 153 181 952 
3 953 954 955 
3 956 957 958 
3 957 959 958 
3 960 961 962 
3 963 960 962 
3 911 933 114 
3 823 964 822 
3 123 965 124 
3 965 313 124 
3 966 650 967 
3 855 857 858 
3 823 942 968 
3 436 969 819 
3 151 150 970 
3 128 208 109 
3 208 107 109 
3 971 85 78 
3 942 972 968 
3 107 670 843 
3 484 743 842 
3 907 171 973 
3 974 907 973 
3 670 107 929 
3 60 670 929 
3 33 32 975 
3 969 976 819 
3 913 926 928 
3 32 913 928 
3 151 152 906 
3 139 151 906 
3 977 649 978 
3 816 964 979 
3 961 980 962 
3 980 963 962 
3 163 974 973 
3 981 87 88 
3 107 100 982 
3 913 32 983 
3 915 913 983 
3 121 223 227 
3 253 121 227 
3 819 976 820 
3 877 494 984 
3 933 923 924 
3 51 933 924 
3 857 813 815 
3 985 354 355 
3 986 776 987 
3 53 55 812 
3 84 436 438 
3 85 84 93 
3 671 684 988 
3 62 951 70 
3 951 68 70 
3 57 148 948 
3 84 86 947 
3 64 63 817 
3 989 990 399 
3 68 951 981 
3 951 54 981 
3 53 991 54 
3 991 87 54 
3 992 85 993 
3 54 87 981 
3 157 156 142 
3 156 994 995 
3 171 163 973 
3 142 156 995 
3 57 948 950 
3 949 861 58 
3 163 164 996 
3 148 154 948 
3 997 957 956 
3 998 977 999 
3 957 1000 959 
3 1001 956 958 
3 976 821 820 
3 964 816 822 
3 188 71 91 
3 974 56 142 
3 150 139 178 
3 181 43 908 
3 108 107 843 
3 66 643 760 
3 36 35 1002 
3 1003 2 1004 
3 1005 1006 1007 
3 1008 1005 1009 
3 28 843 326 
3 684 671 685 
3 93 84 439 
3 29 934 783 
3 1010 1011 862 
3 1012 1013 945 
3 652 836 424 
3 652 837 836 
3 147 165 154 
3 1014 46 496 
3 26 397 27 
3 1010 915 1015 
3 809 157 451 
3 32 31 983 
3 845 860 849 
3 1015 26 25 
3 1011 860 862 
3 847 986 987 
3 157 48 451 
3 926 125 127 
3 62 69 1016 
3 69 312 1016 
3 156 1017 994 
3 38 1012 138 
3 8 18 810 
3 13 8 810 
3 814 942 823 
3 523 803 808 
3 59 93 92 
3 944 1012 945 
3 1014 24 1018 
3 46 1014 1018 
3 979 964 1019 
3 157 143 1020 
3 592 591 796 
3 556 1021 1022 
3 1023 556 1022 
3 556 738 557 
3 48 157 1020 
3 1024 1025 1026 
3 1025 1027 1026 
3 1028 1029 1030 
3 388 1028 1030 
3 1028 601 1029 
3 1027 1031 1026 
3 1032 1033 1034 
3 1033 1035 1034 
3 1035 1033 1036 
3 1033 704 1036 
3 1037 1038 1039 
3 1040 1037 1039 
3 803 807 808 
3 998 798 797 
3 711 757 745 
3 1041 1042 1043 
3 1044 1041 1043 
3 1045 1046 1044 
3 1042 1045 1043 
3 1045 1044 1043 
3 1045 727 1046 
3 365 271 806 
3 1047 696 805 
3 1047 1048 753 
3 1048 872 753 
3 920 1048 1049 
3 944 706 1050 
3 953 1051 954 
3 364 953 955 
3 726 1052 1053 
3 1052 559 1053 
3 726 724 1054 
3 724 734 1054 
3 1055 738 737 
3 20 19 787 
3 1056 404 1057 
3 698 1056 1057 
3 404 1056 1058 
3 1056 1059 1058 
3 772 771 1060 
3 771 1061 1060 
3 1052 1021 1062 
3 559 1052 1062 
3 732 726 1054 
3 1035 731 733 
3 137 131 346 
3 131 132 346 
3 244 136 137 
3 711 1063 1064 
3 236 348 355 
3 757 711 1065 
3 521 618 620 
3 1066 1067 1046 
3 915 949 914 
3 949 165 914 
3 164 148 996 
3 148 57 996 
3 44 877 984 
3 801 797 799 
3 794 40 1068 
3 850 7 851 
3 1069 40 42 
3 442 830 795 
3 667 681 682 
3 585 667 682 
3 670 60 685 
3 671 670 685 
3 568 665 569 
3 665 570 569 
3 1070 337 338 
3 343 1070 338 
3 731 592 796 
3 591 594 788 
3 726 732 789 
3 738 1055 1071 
3 1055 1072 1071 
3 1073 596 595 
3 1074 1075 274 
3 272 1074 274 
3 1076 601 598 
3 1077 1078 371 
3 1079 1080 1081 
3 1082 1083 1084 
3 612 750 550 
3 750 548 550 
3 381 391 1085 
3 1086 381 1085 
3 361 356 1086 
3 356 381 1086 
3 1087 1082 1084 
3 698 403 699 
3 403 1021 699 
3 341 522 792 
3 1052 594 596 
3 447 1088 359 
3 671 941 1089 
3 75 188 91 
3 76 75 91 
3 87 74 76 
3 71 87 76 
3 58 861 175 
3 522 525 792 
3 909 52 178 
3 139 909 178 
3 905 909 141 
3 909 139 141 
3 159 123 155 
3 123 144 155 
3 651 19 21 
3 157 142 143 
3 165 147 166 
3 147 168 166 
3 126 1090 127 
3 1090 926 127 
3 977 110 112 
3 649 977 112 
3 1091 1092 1093 
3 1094 443 446 
3 1095 649 648 
3 1096 1097 1098 
3 105 98 106 
3 1021 1052 596 
3 1099 1076 723 
3 1076 724 723 
3 867 786 1100 
3 529 867 1100 
3 369 531 1101 
3 416 369 1101 
3 594 789 788 
3 1102 1103 1104 
3 658 657 1105 
3 565 566 1106 
3 1107 1108 1109 
3 753 748 1110 
3 1111 1112 1113 
3 1112 529 1113 
3 1114 1115 1116 
3 1117 1114 1116 
3 1051 1118 1119 
3 1118 765 1119 
3 98 208 106 
3 782 95 1120 
3 892 1121 105 
3 911 114 116 
3 144 911 116 
3 59 78 94 
3 93 59 94 
3 99 77 61 
3 60 99 61 
3 72 904 73 
3 904 69 73 
3 71 1122 72 
3 1122 904 72 
3 397 26 399 
3 26 989 399 
3 63 1123 818 
3 942 814 935 
3 1013 847 945 
3 51 150 52 
3 49 56 175 
3 1111 1124 1125 
3 1124 710 1125 
3 710 1126 1125 
3 159 824 1127 
3 1077 702 1128 
3 455 1077 1128 
3 1124 786 1129 
3 710 1124 1129 
3 1082 1130 1131 
3 1111 1082 1131 
3 719 706 777 
3 444 743 780 
3 49 860 50 
3 49 175 1132 
3 422 15 17 
3 837 652 1133 
3 1134 782 33 
3 32 930 975 
3 1014 496 839 
3 1135 1014 1136 
3 1014 837 1136 
3 40 800 41 
3 844 37 39 
3 859 844 39 
3 1011 25 27 
3 397 1011 27 
3 1010 1015 25 
3 1011 1010 25 
3 28 325 1137 
3 854 989 1138 
3 863 22 24 
3 1012 944 1139 
3 856 1140 1141 
3 823 1091 966 
3 422 652 423 
3 9 8 781 
3 57 163 996 
3 1142 1033 1032 
3 1143 51 135 
3 1144 95 97 
3 783 96 784 
3 932 782 1120 
3 1145 1146 1147 
3 1148 1145 1147 
3 1149 1150 1151 
3 1152 597 1032 
3 355 348 1153 
3 348 1154 1153 
3 708 921 1155 
3 1156 579 679 
3 921 1157 1155 
3 1107 1158 1159 
3 1083 1082 1160 
3 1161 1162 630 
3 1082 1111 1160 
3 8 654 781 
3 860 49 1132 
3 159 115 825 
3 96 95 784 
3 1140 979 1163 
3 706 944 1164 
3 1165 1166 1167 
3 1166 869 1167 
3 29 28 1137 
3 743 484 841 
3 1139 944 1050 
3 1168 1169 1170 
3 1171 1166 1172 
3 721 719 777 
3 1173 1174 1175 
3 1176 1173 1175 
3 1158 1107 1177 
3 944 987 1164 
3 662 1178 1179 
3 80 662 1180 
3 630 1162 1181 
3 449 826 785 
3 1182 527 526 
3 736 1055 737 
3 325 934 1137 
3 934 29 1137 
3 1118 1183 1184 
3 1183 1185 1184 
3 300 293 1186 
3 1187 300 1186 
3 746 872 770 
3 1188 871 1189 
3 997 1190 1191 
3 1190 1192 1191 
3 1190 1193 1192 
3 1193 1194 1192 
3 872 449 770 
3 753 872 749 
3 859 1012 1139 
3 421 859 1139 
3 1195 1135 1136 
3 837 1195 1136 
3 1195 863 1135 
3 863 24 1135 
3 496 844 839 
3 844 836 838 
3 930 1134 975 
3 1134 33 975 
3 1196 1134 930 
3 837 1014 839 
3 931 932 1120 
3 95 931 1120 
3 306 748 747 
3 175 861 1132 
3 861 860 1132 
3 1061 742 741 
3 743 778 780 
3 444 19 445 
3 19 118 446 
3 650 20 967 
3 129 108 1197 
3 1118 766 765 
3 117 651 1198 
3 1199 1200 1201 
3 1001 1202 1171 
3 1203 1204 1205 
3 1206 1207 1097 
3 1208 1206 1097 
3 1207 1206 1209 
3 1206 918 1209 
3 95 1144 1210 
3 740 1061 741 
3 1202 869 1211 
3 443 654 744 
3 1212 1213 1214 
3 1215 1212 1214 
3 1216 736 1217 
3 672 561 1218 
3 5 716 1219 
3 609 616 880 
3 715 1220 1221 
3 715 1222 1220 
3 1222 1223 1220 
3 1222 1224 1223 
3 1224 1225 1223 
3 963 1226 1227 
3 1228 711 1064 
3 1229 1230 1231 
3 711 1228 1065 
3 1232 1233 1234 
3 1235 886 1236 
3 1237 886 1235 
3 1238 1237 1235 
3 1239 1237 1238 
3 1240 1239 1238 
3 754 1241 1242 
3 1243 6 1244 
3 1245 750 612 
3 662 80 79 
3 1246 81 1247 
3 1248 1249 1250 
3 613 607 1251 
3 1245 612 689 
3 1252 1158 1253 
3 1108 1254 1255 
3 884 677 1256 
3 898 874 1257 
3 717 1258 1259 
3 1260 190 1261 
3 190 196 1261 
3 1262 1263 1264 
3 1263 1265 1264 
3 1266 1267 1268 
3 1241 756 758 
3 221 104 215 
3 1269 1240 1238 
3 13 719 722 
3 1266 1270 1267 
3 1262 1266 1268 
3 1265 1271 1272 
3 1273 1265 1272 
3 1274 1275 1276 
3 1277 1274 1276 
3 1278 1274 1277 
3 1279 1278 1277 
3 1148 1280 1281 
3 1280 259 1281 
3 1282 1283 1284 
3 1283 1285 1284 
3 1286 1287 1288 
3 1287 1282 1288 
3 1289 1290 1291 
3 1290 1292 1291 
3 1292 1293 1291 
3 1278 1279 1294 
3 1295 1278 1294 
3 1296 1297 1149 
3 1297 1283 1149 
3 1298 1299 1300 
3 239 238 1301 
3 238 265 1301 
3 1126 1083 1160 
3 730 1066 729 
3 1302 1303 1304 
3 1303 1024 1304 
3 1031 1305 1302 
3 434 363 1306 
3 371 1078 366 
3 308 1114 1117 
3 1027 1307 1308 
3 904 210 903 
3 1309 723 725 
3 597 1142 1032 
3 1052 726 789 
3 1310 1311 1312 
3 1313 1310 1312 
3 1287 1066 730 
3 1066 727 729 
3 1314 1315 1316 
3 1317 1314 1316 
3 868 867 1318 
3 1319 1320 1321 
3 1322 1319 1321 
3 1323 1324 1325 
3 1326 1323 1325 
3 1327 1328 1329 
3 1330 1327 1329 
3 317 319 320 
3 1331 317 320 
3 1332 1333 1250 
3 1249 1332 1250 
3 1334 1335 1336 
3 1335 1337 1336 
3 1338 1339 1340 
3 1341 1342 1343 
3 1342 1344 1345 
3 1346 1347 1348 
3 1349 1346 1348 
3 1350 1351 1352 
3 1353 1350 1352 
3 1354 683 687 
3 1355 1356 1357 
3 1358 1359 1360 
3 1361 1362 1363 
3 655 665 568 
3 688 613 1251 
3 806 1047 805 
3 576 658 1105 
3 726 1309 725 
3 1226 1364 1365 
3 1366 1367 1364 
3 619 718 1368 
3 1102 1367 1366 
3 1369 1171 1172 
3 1370 1371 1372 
3 1362 1373 1363 
3 1362 1374 1373 
3 1374 1375 1373 
3 487 490 488 
3 1376 717 1377 
3 1378 1379 1380 
3 1381 1378 1380 
3 1382 1003 1383 
3 1230 1384 1385 
3 588 609 1386 
3 1102 1387 1388 
3 568 565 656 
3 879 690 692 
3 1006 1389 1390 
3 607 681 1391 
3 310 1392 309 
3 34 1159 1252 
3 1393 1394 1395 
3 1173 1396 1174 
3 1397 1311 1398 
3 1369 1399 1400 
3 1161 1401 1402 
3 1229 1161 1402 
3 1403 1366 1404 
3 576 572 658 
3 964 823 966 
3 15 850 16 
3 850 1069 16 
3 1092 1405 1093 
3 1405 650 1093 
3 1091 976 1092 
3 617 619 690 
3 1069 652 16 
3 934 325 1089 
3 941 934 1089 
3 1406 830 442 
3 1407 1406 442 
3 994 974 995 
3 974 142 995 
3 907 974 994 
3 1017 907 994 
3 1103 881 883 
3 1195 837 1133 
3 1069 1195 1133 
3 312 1095 1016 
3 1095 62 1016 
3 1123 63 1408 
3 63 648 1408 
3 944 847 987 
3 1140 778 1141 
3 939 938 1409 
3 437 436 819 
3 1063 751 1410 
3 63 818 817 
3 1061 1411 1060 
3 1134 1196 30 
3 29 1134 30 
3 1112 1111 1131 
3 96 857 97 
3 1412 1413 1353 
3 1413 1414 1353 
3 1415 1188 1189 
3 1140 816 979 
3 1091 823 968 
3 972 1091 968 
3 971 78 936 
3 410 971 936 
3 935 934 943 
3 1258 759 67 
3 934 941 943 
3 937 811 818 
3 872 1048 707 
3 937 1416 940 
3 939 937 940 
3 83 937 946 
3 937 939 946 
3 947 82 925 
3 82 436 925 
3 933 51 1143 
3 130 933 1143 
3 1048 920 922 
3 1001 1171 1417 
3 1130 1112 1131 
3 708 707 1418 
3 830 1406 853 
3 1406 852 853 
3 371 1079 1081 
3 356 269 382 
3 778 1140 1163 
3 855 1140 856 
3 1140 855 858 
3 816 1140 858 
3 7 440 851 
3 440 794 851 
3 1121 892 1419 
3 892 216 1419 
3 151 176 177 
3 152 151 177 
3 1420 117 1198 
3 650 1405 651 
3 684 60 92 
3 93 684 92 
3 845 48 50 
3 860 845 50 
3 41 1195 42 
3 1195 1069 42 
3 800 863 41 
3 863 1195 41 
3 836 859 424 
3 859 421 424 
3 1421 704 703 
3 7 850 18 
3 850 15 18 
3 444 443 744 
3 719 721 722 
3 15 422 720 
3 1094 7 9 
3 443 1094 9 
3 1088 534 1422 
3 382 1088 1422 
3 1088 447 534 
3 357 359 1423 
3 384 357 1423 
3 1424 310 1117 
3 310 308 1117 
3 1308 1307 1425 
3 1307 1426 1425 
3 357 1427 1306 
3 363 357 1306 
3 250 245 1428 
3 245 239 1428 
3 249 360 250 
3 360 245 250 
3 1429 1430 1431 
3 1432 1429 1431 
3 1433 1270 1434 
3 1270 1435 1434 
3 1354 680 683 
3 1178 662 664 
3 1059 1436 1058 
3 765 1074 1119 
3 1354 677 680 
3 686 588 1386 
3 529 1124 1113 
3 414 341 793 
3 1437 1392 1438 
3 1392 310 1438 
3 673 1439 1440 
3 561 673 1440 
3 826 707 709 
3 786 826 1129 
3 1441 761 763 
3 1442 1441 763 
3 1178 664 674 
3 1074 1051 1119 
3 1063 712 751 
3 665 655 674 
3 1367 1102 1388 
3 1063 711 712 
3 1443 1444 1445 
3 1446 938 1447 
3 1444 1448 1449 
3 1450 1341 1343 
3 1345 1450 1343 
3 1450 1451 1341 
3 1451 1452 1341 
3 506 614 610 
3 614 609 610 
3 1096 1208 1097 
3 1444 1453 1194 
3 288 296 1187 
3 296 298 1187 
3 1454 1455 1456 
3 1457 1454 1456 
3 1458 1459 1460 
3 1461 1458 1460 
3 1462 1208 1453 
3 1463 1356 1355 
3 1464 1465 1466 
3 918 1206 1467 
3 1040 1468 1469 
3 1239 1470 1471 
3 1237 1239 1471 
3 1472 1473 1474 
3 1475 1476 1477 
3 1369 1478 1417 
3 1171 1369 1417 
3 1479 1480 1481 
3 1480 870 1481 
3 1206 1208 1357 
3 1208 1355 1357 
3 1462 1463 1355 
3 1208 1462 1355 
3 1482 774 773 
3 1473 1483 1484 
3 417 416 1101 
3 34 1485 1486 
3 1159 34 1486 
3 1487 554 647 
3 65 1487 647 
3 1 1488 1489 
3 1490 1 1489 
3 530 1491 625 
3 1491 622 625 
3 1487 628 629 
3 555 1487 629 
3 538 624 637 
3 624 635 637 
3 619 617 620 
3 617 521 620 
3 745 635 638 
3 635 634 638 
3 639 539 641 
3 640 639 641 
3 1492 1161 632 
3 1161 630 632 
3 628 618 627 
3 618 626 627 
3 621 511 548 
3 750 621 548 
3 714 1493 1494 
3 1222 714 1494 
3 1491 512 623 
3 622 1491 623 
3 613 549 605 
3 549 515 605 
3 604 497 608 
3 607 604 608 
3 469 472 567 
3 583 469 567 
3 492 491 590 
3 581 492 590 
3 680 579 606 
3 579 580 606 
3 1495 503 1496 
3 562 1495 1496 
3 1497 1455 1498 
3 1470 1497 1498 
3 501 1499 1154 
3 348 501 1154 
3 561 1495 562 
3 458 564 571 
3 564 565 571 
3 544 493 586 
3 545 544 586 
3 543 539 541 
3 427 543 541 
3 477 478 585 
3 478 667 585 
3 554 1487 555 
3 573 578 546 
3 545 573 546 
3 351 487 213 
3 353 212 214 
3 1500 1490 1489 
3 624 538 530 
3 572 473 575 
3 540 551 553 
3 431 540 553 
3 583 478 584 
3 478 479 584 
3 471 468 570 
3 665 471 570 
3 434 552 547 
3 552 554 547 
3 538 543 537 
3 543 542 537 
3 636 543 538 
3 535 628 627 
3 618 521 626 
3 1501 508 510 
3 1502 1501 510 
3 503 1503 504 
3 1503 1504 504 
3 381 382 1422 
3 518 505 519 
3 1475 1497 1505 
3 1497 1506 1505 
3 1000 1480 1479 
3 574 1156 679 
3 678 574 679 
3 1507 1298 1508 
3 980 1509 1404 
3 1366 980 1404 
3 1510 1285 1511 
3 663 1512 666 
3 664 663 666 
3 505 520 519 
3 533 521 389 
3 533 535 626 
3 1224 1222 1494 
3 511 621 512 
3 499 501 1513 
3 501 347 1513 
3 497 500 498 
3 500 499 498 
3 506 489 507 
3 489 351 507 
3 431 434 432 
3 434 433 432 
3 611 511 513 
3 985 611 513 
3 369 373 536 
3 1514 477 476 
3 323 1514 476 
3 1070 491 493 
3 544 1070 493 
3 535 358 555 
3 573 473 578 
3 491 1070 490 
3 35 34 1252 
3 489 587 491 
3 473 333 578 
3 10 3 482 
3 481 10 482 
3 1070 544 337 
3 574 678 659 
3 1515 1342 1516 
3 1342 1517 1516 
3 544 333 337 
3 477 1514 479 
3 333 330 337 
3 464 462 465 
3 462 466 465 
3 472 469 470 
3 289 1518 378 
3 468 1518 467 
3 1518 202 467 
3 333 473 379 
3 333 544 578 
3 1518 468 472 
3 299 419 433 
3 434 311 435 
3 462 458 460 
3 321 462 460 
3 278 416 418 
3 542 413 1519 
3 531 417 1101 
3 469 479 474 
3 479 469 584 
3 1520 1232 1389 
3 367 416 376 
3 278 280 375 
3 200 331 380 
3 879 617 690 
3 1482 1280 774 
3 383 311 1427 
3 390 361 1086 
3 1088 876 295 
3 183 182 1521 
3 876 1088 269 
3 368 367 375 
3 282 368 280 
3 372 1522 374 
3 1522 985 374 
3 233 1522 372 
3 279 282 280 
3 232 1522 233 
3 390 1086 1085 
3 249 356 361 
3 212 360 362 
3 360 390 362 
3 1523 1188 1130 
3 231 237 1524 
3 1309 1099 723 
3 1070 343 344 
3 219 487 344 
3 339 219 343 
3 893 220 339 
3 330 893 339 
3 501 348 347 
3 323 499 1513 
3 1525 1526 1527 
3 1528 1074 1529 
3 1530 1319 1531 
3 1212 1532 1533 
3 1532 1534 1533 
3 1297 1535 1536 
3 1537 1538 1539 
3 525 1073 595 
3 1540 1541 1542 
3 1541 1543 1542 
3 786 1124 1100 
3 1544 1545 1546 
3 1267 1392 1547 
3 1548 1549 1550 
3 1319 1322 890 
3 133 238 246 
3 246 238 240 
3 245 244 239 
3 738 556 1023 
3 1551 1334 1552 
3 1280 1551 1552 
3 1280 1148 774 
3 1553 1482 768 
3 1482 1554 768 
3 1555 1461 1556 
3 1454 1457 1557 
3 223 120 1558 
3 1559 1473 1484 
3 1074 765 1529 
3 667 1246 681 
3 1526 1560 1527 
3 1561 1475 1477 
3 1514 323 1562 
3 335 1514 1562 
3 297 419 420 
3 298 297 420 
3 413 542 1563 
3 235 335 1562 
3 200 466 1564 
3 461 317 327 
3 696 1079 697 
3 323 235 1562 
3 200 336 331 
3 297 296 283 
3 413 297 283 
3 279 278 413 
3 104 221 1565 
3 230 229 324 
3 323 230 324 
3 336 200 201 
3 193 336 201 
3 893 330 334 
3 1465 1303 1566 
3 102 211 103 
3 202 1518 315 
3 1518 289 315 
3 377 1567 1568 
3 876 256 255 
3 1569 300 292 
3 300 1569 1570 
3 1569 183 1570 
3 289 377 1568 
3 896 205 207 
3 1571 282 1572 
3 254 368 1571 
3 282 281 1572 
3 1573 1574 1575 
3 1576 1573 1575 
3 1072 1424 1071 
3 1021 1073 699 
3 1079 371 697 
3 1577 1578 1433 
3 1165 1087 1084 
3 1579 1580 457 
3 1581 1582 1583 
3 597 1152 598 
3 702 1421 703 
3 1075 1538 274 
3 1082 1523 1130 
3 619 693 695 
3 718 619 695 
3 1584 1461 1585 
3 1461 1586 1587 
3 1584 1588 1586 
3 1589 1590 1591 
3 198 217 894 
3 1303 1435 1566 
3 196 191 1261 
3 4 1592 1593 
3 1594 4 1593 
3 1595 1374 1596 
3 1374 1362 1596 
3 1283 1297 1536 
3 299 435 1597 
3 300 299 290 
3 290 299 1597 
3 1453 1096 1194 
3 287 296 288 
3 182 293 1521 
3 153 152 1598 
3 281 279 173 
3 292 294 1599 
3 254 145 251 
3 253 226 1600 
3 248 239 1301 
3 264 265 1601 
3 1572 281 1602 
3 205 203 206 
3 281 352 1602 
3 360 212 275 
3 245 360 275 
3 390 360 361 
3 239 248 1428 
3 230 348 349 
3 237 230 349 
3 1499 985 1154 
3 330 339 1603 
3 1604 266 267 
3 248 264 1605 
3 256 876 266 
3 161 256 268 
3 1459 1025 1606 
3 1403 1540 1542 
3 910 145 1607 
3 1585 1464 1466 
3 1534 1595 1608 
3 1609 1534 1608 
3 1610 1611 1609 
3 1538 271 273 
3 1165 1167 1087 
3 144 123 1612 
3 354 232 261 
3 262 266 270 
3 1522 232 354 
3 985 1522 354 
3 243 247 241 
3 244 243 241 
3 219 218 247 
3 487 219 247 
3 221 131 136 
3 132 133 346 
3 133 1613 238 
3 210 904 1614 
3 132 126 134 
3 1551 1335 1334 
3 237 345 1524 
3 520 350 1615 
3 1558 891 1616 
3 224 891 1617 
3 1617 120 329 
3 120 313 329 
3 105 104 1565 
3 218 220 222 
3 338 330 1603 
3 895 1122 896 
3 1618 1619 1620 
3 1122 895 211 
3 188 205 896 
3 211 210 1614 
3 1473 1621 1483 
3 1622 1623 1624 
3 826 786 785 
3 1625 1622 1624 
3 1622 1145 1623 
3 1145 1148 1623 
3 1283 1282 1626 
3 1149 1283 1626 
3 118 117 430 
3 1627 1286 1628 
3 1286 1629 1628 
3 1299 1630 1629 
3 1630 1290 1629 
3 734 732 1054 
3 964 20 1019 
3 1035 1036 1631 
3 1462 1358 1360 
3 1463 1462 1360 
3 1111 1126 1160 
3 1462 1448 1358 
3 1287 730 1632 
3 1282 1287 1632 
3 120 1617 1558 
3 1051 1074 954 
3 921 1549 1633 
3 1634 1635 1636 
3 1611 1634 1636 
3 1634 1307 1635 
3 1307 1027 1635 
3 4 1637 1638 
3 1639 1152 1640 
3 716 4 1638 
3 6 5 1244 
3 1641 1382 1642 
3 226 251 1600 
3 1643 1641 1642 
3 557 1115 558 
3 1021 556 1062 
3 403 698 1057 
3 559 1309 1053 
3 594 1052 789 
3 1421 592 731 
3 523 1073 524 
3 688 549 613 
3 1411 772 1060 
3 588 581 589 
3 581 590 589 
3 1203 1644 1645 
3 1644 1646 1645 
3 739 1201 1647 
3 740 739 1648 
3 739 1548 1648 
3 306 340 305 
3 1047 1537 1049 
3 1285 1283 1511 
3 1535 1634 1649 
3 1650 1510 1651 
3 1426 1307 1652 
3 89 190 1260 
3 185 89 1260 
3 669 663 668 
3 663 79 668 
3 1653 1654 1655 
3 1656 1653 1655 
3 694 775 764 
3 1230 762 1384 
3 759 694 764 
3 1275 1293 1276 
3 1293 1292 1279 
3 1290 1630 1292 
3 1286 1299 1629 
3 1292 1657 1279 
3 1658 1287 1659 
3 1293 1185 1289 
3 1287 1286 1659 
3 1660 1399 1661 
3 1424 1117 1116 
3 1359 1662 1663 
3 1664 1176 1665 
3 1666 1667 1668 
3 258 1322 1625 
3 1669 1670 1671 
3 1061 771 1672 
3 1588 1265 1673 
3 1194 1096 1192 
3 1589 1588 1673 
3 1263 1674 1038 
3 1038 1037 1675 
3 1663 1590 1676 
3 1263 1262 1268 
3 1267 1263 1268 
3 752 750 713 
3 750 712 713 
3 132 1090 126 
3 1523 869 871 
3 868 803 395 
3 1590 1273 1676 
3 1152 734 1640 
3 310 1424 1072 
3 1205 310 1072 
3 738 1424 557 
3 739 742 1201 
3 1646 1204 1645 
3 1115 559 558 
3 1424 738 1071 
3 1055 1203 1205 
3 877 496 495 
3 1356 1206 1357 
3 654 8 14 
3 1672 1146 1677 
3 1166 1171 1211 
3 869 1166 1211 
3 1424 1115 557 
3 1021 403 1022 
3 24 1014 1135 
3 1188 1415 1678 
3 1415 1182 1678 
3 867 393 786 
3 551 639 646 
3 1176 1664 1679 
3 1664 1314 1317 
3 1665 1176 1680 
3 1176 1660 1680 
3 1169 1669 1681 
3 1124 1111 1113 
3 1112 526 528 
3 1199 1682 1683 
3 1165 1083 1684 
3 1188 1523 871 
3 1083 1165 1084 
3 1432 1685 1686 
3 1183 1118 1687 
3 1559 1688 1142 
3 1688 1033 1142 
3 1011 397 849 
3 860 1011 849 
3 986 847 846 
3 800 801 799 
3 494 877 495 
3 44 1689 1690 
3 986 1691 1692 
3 1094 409 1693 
3 331 336 332 
3 336 334 332 
3 377 335 316 
3 101 377 316 
3 1570 183 1521 
3 1265 1263 1038 
3 1608 1650 1651 
3 1349 1694 1695 
3 1696 1697 1698 
3 1426 1696 1698 
3 1699 1305 1700 
3 1697 1696 1701 
3 1696 602 1701 
3 1258 717 759 
3 1480 1544 1702 
3 870 1480 1702 
3 833 986 1692 
3 776 986 833 
3 1124 529 1100 
3 916 264 1601 
3 1202 1001 959 
3 1314 1664 1322 
3 1703 1508 1704 
3 1705 1703 1706 
3 1694 1396 1315 
3 1450 1707 1708 
3 1319 1451 1320 
3 1709 1703 1705 
3 1710 1709 1705 
3 1534 1532 1711 
3 1532 1375 1711 
3 1709 1710 1712 
3 1713 1709 1712 
3 761 1008 1384 
3 691 619 1368 
3 1714 1165 1684 
3 1146 742 1677 
3 1147 1146 1672 
3 1715 1361 1363 
3 1716 1717 1718 
3 1560 1526 1457 
3 1501 1350 1719 
3 1720 1501 1719 
3 1721 1296 1722 
3 1359 1463 1360 
3 1723 1557 1724 
3 1526 1394 1393 
3 1346 1725 1347 
3 1726 1338 1340 
3 1458 1461 1555 
3 1619 1458 1555 
3 1727 1458 1619 
3 1618 1727 1619 
3 294 179 1599 
3 123 253 1612 
3 862 861 1728 
3 861 1729 1728 
3 1729 1010 1728 
3 308 1730 386 
3 601 600 599 
3 1070 344 488 
3 490 1070 488 
3 1610 1510 1511 
3 1283 1610 1511 
3 1610 1609 1510 
3 1469 1731 1732 
3 1037 1040 1469 
3 1731 1271 1732 
3 1038 1674 1039 
3 1634 1611 1649 
3 1731 918 1467 
3 1356 1731 1467 
3 31 1015 1733 
3 1734 1349 1735 
3 1349 1348 1735 
3 1041 1067 1687 
3 1118 1041 1687 
3 404 403 1057 
3 803 868 807 
3 1559 597 603 
3 1721 1559 1484 
3 1473 1472 1621 
3 414 449 448 
3 66 65 643 
3 1583 1582 1736 
3 1582 1400 1736 
3 1660 1176 1583 
3 1579 457 456 
3 1059 1056 1737 
3 868 527 1738 
3 1436 404 1058 
3 527 1182 1737 
3 1688 1559 1739 
3 1528 1740 1075 
3 1740 1538 1075 
3 48 453 452 
3 872 746 749 
3 1741 130 1143 
3 392 414 448 
3 1537 920 1049 
3 271 1537 806 
3 1041 1118 1051 
3 953 1041 1051 
3 365 272 271 
3 727 1066 1046 
3 1742 1743 1744 
3 1743 1745 1744 
3 1193 1310 1313 
3 1525 1193 1313 
3 1745 1746 1744 
3 1193 1190 1310 
3 956 1747 1748 
3 1582 1397 1398 
3 997 1098 1749 
3 1686 1000 1750 
3 1192 1096 1191 
3 1206 1356 1467 
3 1204 1203 1645 
3 1468 1731 1469 
3 1644 1429 1751 
3 111 648 113 
3 1547 1392 1437 
3 1333 1662 1752 
3 1393 1723 1724 
3 1743 1753 1754 
3 1717 1743 1754 
3 1755 1756 1757 
3 1756 1715 1757 
3 1444 1194 1445 
3 1758 1444 1443 
3 1759 1444 1758 
3 1476 1759 1758 
3 1760 1248 1333 
3 1010 862 1728 
3 1662 1761 1762 
3 1756 1755 1370 
3 1371 1763 1372 
3 1764 1166 1170 
3 1166 1168 1170 
3 1172 1166 1764 
3 1472 1765 1766 
3 1765 1535 1766 
3 1674 1040 1039 
3 1767 1768 1755 
3 1326 1769 1767 
3 1769 1768 1767 
3 1532 1323 1326 
3 1770 1532 1326 
3 1328 1771 1772 
3 1771 1773 1772 
3 1774 1717 1754 
3 1775 1771 1328 
3 1249 1339 1776 
3 1339 1653 1776 
3 1335 1278 1337 
3 1278 1777 1337 
3 1653 1332 1776 
3 1274 1278 1335 
3 1551 1553 1778 
3 1275 1553 1779 
3 1185 1275 1779 
3 1551 1482 1553 
3 1183 1658 1780 
3 368 282 1571 
3 1067 1041 1044 
3 1577 1302 1699 
3 1293 1277 1276 
3 1580 1781 457 
3 1045 454 1781 
3 1721 1722 1782 
3 1622 1664 1665 
3 1154 985 1153 
3 1662 1332 1761 
3 1332 1653 1761 
3 1340 1339 1783 
3 1327 1775 1328 
3 1035 1152 1034 
3 1152 1032 1034 
3 1074 272 954 
3 1041 953 1042 
3 108 1196 1197 
3 1299 1507 1784 
3 1785 1630 1786 
3 1507 1786 1784 
3 1759 1476 1787 
3 1788 1759 1787 
3 1789 1759 1788 
3 1760 1448 1789 
3 1248 1760 1789 
3 1760 1359 1358 
3 115 130 825 
3 71 188 1790 
3 1248 1789 1788 
3 1715 1756 1791 
3 1756 1792 1791 
3 1793 1653 1656 
3 1459 1769 1324 
3 1200 1794 1647 
3 1099 385 1795 
3 1029 385 1030 
3 921 1794 1157 
3 1794 1796 1157 
3 1083 1126 1796 
3 1126 710 1797 
3 671 988 1798 
3 905 44 984 
3 494 905 984 
3 821 976 972 
3 942 941 1799 
3 834 864 486 
3 1270 1730 307 
3 1429 1432 1800 
3 1537 1047 806 
3 525 594 791 
3 929 107 982 
3 1576 1793 1656 
3 1653 1793 1761 
3 1775 1327 1801 
3 1802 1803 1804 
3 1803 1653 1804 
3 461 321 319 
3 317 461 319 
3 1413 1278 1295 
3 1414 1413 1295 
3 1657 1805 1414 
3 1805 1350 1414 
3 1451 1530 1452 
3 889 1806 1530 
3 1806 1342 1452 
3 1807 1808 1809 
3 1808 1810 1809 
3 1808 1811 1810 
3 1349 1695 1812 
3 1813 1349 1812 
3 1689 43 1814 
3 1695 1815 1812 
3 1815 1816 1813 
3 921 708 922 
3 450 1817 809 
3 1817 158 809 
3 110 802 852 
3 1406 110 852 
3 991 86 1818 
3 992 991 1818 
3 1630 1299 1784 
3 1786 1630 1784 
3 1811 1819 1810 
3 1532 1212 1323 
3 1801 1327 1820 
3 1819 1821 1810 
3 1822 1212 1215 
3 90 74 1823 
3 1025 1324 1822 
3 1307 1634 1652 
3 1213 1534 1611 
3 1115 1424 1116 
3 1288 1298 1300 
3 1465 1262 1824 
3 1762 1590 1825 
3 1031 1024 1026 
3 1342 1806 1517 
3 1806 1412 1517 
3 1826 1827 1828 
3 1827 1829 1828 
3 1561 1457 1456 
3 48 845 453 
3 1741 798 1830 
3 1831 1769 1832 
3 1342 1345 1343 
3 1833 1819 1344 
3 1342 1833 1344 
3 1710 1834 1835 
3 481 1710 1835 
3 1362 1836 1834 
3 466 461 1564 
3 461 327 1564 
3 1346 1349 1813 
3 1450 1811 1707 
3 542 427 425 
3 390 520 1615 
3 362 390 1615 
3 1836 1362 1361 
3 11 1836 1361 
3 1836 481 1835 
3 350 362 1615 
3 1837 1338 1838 
3 1773 1837 1838 
3 1839 1785 1786 
3 1507 1839 1786 
3 1840 1841 1842 
3 1121 1840 1842 
3 310 1204 1438 
3 590 587 589 
3 437 821 988 
3 941 671 1798 
3 1429 1644 1843 
3 1644 1203 1843 
3 1844 728 727 
3 451 48 452 
3 1013 450 453 
3 642 643 644 
3 647 642 644 
3 83 53 812 
3 935 814 813 
3 96 935 813 
3 439 84 438 
3 1845 1846 1847 
3 1848 1845 1847 
3 129 1090 1849 
3 1090 132 1849 
3 989 1144 1138 
3 1144 855 1138 
3 1850 34 1851 
3 34 36 1851 
3 1817 37 1852 
3 824 998 999 
3 978 824 999 
3 1853 1854 1855 
3 199 191 412 
3 78 77 936 
3 317 184 318 
3 184 185 318 
3 202 204 1331 
3 196 1856 1857 
3 89 184 186 
3 184 204 186 
3 205 188 189 
3 188 896 1790 
3 198 336 193 
3 1840 197 199 
3 198 197 217 
3 197 1121 1419 
3 111 1123 1408 
3 216 197 1419 
3 90 1856 190 
3 1856 971 1857 
3 1662 1359 1752 
3 167 912 1858 
3 256 179 257 
3 169 907 1859 
3 1860 169 1859 
3 183 1569 1860 
3 183 1860 1848 
3 169 1860 180 
3 181 183 1848 
3 1861 160 170 
3 1507 1703 1862 
3 916 167 1863 
3 1644 1040 1646 
3 927 32 928 
3 352 172 176 
3 150 923 970 
3 156 1846 1017 
3 38 1864 1865 
3 1741 22 829 
3 1866 352 1867 
3 910 1868 1869 
3 145 254 1607 
3 1330 1726 1340 
3 1802 1339 1338 
3 1379 1870 1871 
3 1870 1872 1871 
3 1873 1520 1874 
3 189 89 187 
3 1520 1875 1874 
3 1727 1618 1876 
3 1877 1727 1876 
3 1854 1506 1240 
3 1269 1854 1240 
3 1878 1763 1879 
3 1872 1878 1879 
3 1792 1756 1763 
3 1880 1412 1351 
3 1502 1880 1351 
3 1881 1882 1883 
3 1807 1881 1883 
3 1346 1808 1882 
3 1725 1346 1882 
3 1884 673 1885 
3 673 1886 1885 
3 1378 1618 1887 
3 1888 1378 1887 
3 1888 1495 1439 
3 1207 917 1889 
3 1504 1618 1890 
3 1574 1793 1575 
3 1620 1576 1891 
3 1350 1805 1892 
3 1805 1893 1892 
3 1805 1894 1893 
3 1719 1350 1895 
3 1785 1839 1894 
3 1839 1774 1894 
3 1774 1753 1893 
3 1775 1854 1853 
3 977 978 999 
3 1805 1657 1785 
3 1613 125 916 
3 345 226 228 
3 31 33 932 
3 128 129 1849 
3 168 125 166 
3 163 56 974 
3 1090 927 926 
3 1896 1271 1897 
3 1121 98 105 
3 652 1069 1133 
3 782 1134 29 
3 24 23 1018 
3 927 1196 930 
3 191 1260 1261 
3 69 904 1898 
3 102 229 225 
3 208 104 106 
3 130 1741 1899 
3 77 99 1841 
3 992 74 1900 
3 85 971 993 
3 74 87 1900 
3 108 128 109 
3 208 128 209 
3 798 1741 829 
3 210 224 903 
3 312 69 1898 
3 1095 648 1901 
3 69 68 73 
3 1000 1889 1750 
3 1854 1233 1855 
3 1902 1903 1904 
3 1903 887 1904 
3 486 864 866 
3 989 854 865 
3 484 834 485 
3 830 794 795 
3 44 905 45 
3 905 908 45 
3 400 110 1905 
3 110 1406 1905 
3 1468 1432 919 
3 99 98 1841 
3 62 1095 1901 
3 915 1010 1729 
3 397 396 848 
3 983 31 1733 
3 1689 156 158 
3 401 400 1905 
3 56 49 143 
3 43 181 1846 
3 847 1013 1906 
3 908 140 952 
3 44 43 1689 
3 1407 442 441 
3 1339 1249 1783 
3 1899 1741 1830 
3 140 153 952 
3 1868 923 1869 
3 38 37 1864 
3 143 49 1020 
3 38 1865 1907 
3 19 444 787 
3 934 96 783 
3 939 1409 1908 
3 117 938 429 
3 77 59 61 
3 864 990 865 
3 721 834 840 
3 912 161 1858 
3 989 26 1909 
3 115 144 116 
3 918 1468 919 
3 915 983 1733 
3 1015 915 1733 
3 84 947 925 
3 409 1094 1910 
3 26 1015 1911 
3 931 26 1911 
3 117 429 430 
3 401 1905 1912 
3 172 152 177 
3 31 931 1911 
3 648 111 1408 
3 1468 1040 1751 
3 938 940 1447 
3 1123 1416 1913 
3 818 1123 1913 
3 1123 111 400 
3 111 110 400 
3 1864 450 1865 
3 450 1013 1865 
3 1817 450 1864 
3 37 1817 1864 
3 1674 1204 1646 
3 1040 1674 1646 
3 910 1866 1867 
3 1868 910 1867 
3 917 1686 1750 
3 1889 917 1750 
3 54 951 55 
3 951 811 55 
3 1098 1207 1749 
3 1207 957 1749 
3 1097 1207 1098 
3 648 63 1901 
3 63 62 1901 
3 1107 1914 1177 
3 1013 453 1906 
3 1196 28 30 
3 1915 1488 12 
3 11 1915 12 
3 857 855 1916 
3 1490 1500 36 
3 882 1382 1383 
3 1003 1641 0 
3 43 1846 1814 
3 800 40 832 
3 969 436 1917 
3 399 990 398 
3 402 401 1918 
3 1769 1459 1832 
3 977 998 802 
3 1091 650 966 
3 857 96 813 
3 1604 167 1858 
3 161 1604 1858 
3 33 782 932 
3 998 1899 1830 
3 798 998 1830 
3 1846 156 1814 
3 156 1689 1814 
3 1330 1340 1783 
3 1249 1330 1783 
3 998 824 1899 
3 824 130 1899 
3 100 99 982 
3 99 929 982 
3 1033 1919 704 
3 1688 1579 1919 
3 1033 1688 1919 
3 1722 1844 1782 
3 1844 1580 1782 
3 728 1844 1722 
3 1356 1463 1920 
3 1897 1356 1920 
3 927 129 1197 
3 1196 927 1197 
3 1299 1286 1300 
3 1286 1288 1300 
3 1305 1697 1700 
3 1302 1305 1699 
3 1183 1067 1921 
3 1658 1183 1921 
3 1392 307 309 
3 1548 1740 1648 
3 602 1473 603 
3 1473 1559 603 
3 1553 766 1779 
3 766 1185 1779 
3 1432 917 919 
3 1731 1468 918 
3 1914 1107 1109 
3 566 576 1106 
3 1107 1922 1886 
3 35 1252 1253 
3 1387 1102 1104 
3 1403 1102 1366 
3 74 992 1823 
3 1768 1877 1381 
3 1371 1768 1381 
3 1831 1727 1877 
3 1618 1378 1876 
3 1458 1727 1831 
3 1923 1709 1713 
3 1710 1718 1924 
3 1774 1839 1923 
3 264 916 1863 
3 1161 1802 1401 
3 1833 1515 1925 
3 1493 1833 1925 
3 1926 1775 1801 
3 1161 1803 1802 
3 1654 1803 1927 
3 1803 1492 1927 
3 1716 1641 1643 
3 1382 1541 1642 
3 1928 1725 1902 
3 1350 1502 1351 
3 1541 1746 1643 
3 1819 714 1637 
3 1929 1450 1708 
3 1833 714 1819 
3 611 1499 516 
3 515 611 516 
3 1888 1870 1379 
3 1837 1802 1338 
3 1503 1888 1887 
3 1930 1931 1932 
3 1742 1930 1932 
3 1930 1720 1931 
3 1743 1717 1745 
3 1717 1716 1745 
3 480 1641 1716 
3 508 960 1225 
3 960 1933 1225 
3 1271 1037 1732 
3 1037 1469 1732 
3 1271 1265 1675 
3 1265 1038 1675 
3 1028 1697 1701 
3 388 1578 1934 
3 1707 1815 1708 
3 1815 1929 1708 
3 1073 523 700 
3 1816 1815 1707 
3 652 424 423 
3 631 560 562 
3 1254 672 1255 
3 908 43 45 
3 518 617 615 
3 1225 1933 1223 
3 1701 602 1935 
3 385 388 1030 
3 1557 1526 1724 
3 1526 1393 1724 
3 1457 1526 1557 
3 1528 1554 1936 
3 1554 772 1936 
3 1896 1897 1920 
3 1480 1000 1937 
3 1000 1686 1937 
3 352 1868 1867 
3 917 1432 1686 
3 1523 1082 1087 
3 1167 1523 1087 
3 1670 1146 1671 
3 1146 1667 1671 
3 1200 1199 1714 
3 1199 1168 1714 
3 1682 1169 1683 
3 1169 1168 1683 
3 1669 1169 1682 
3 1670 1669 1682 
3 742 1146 1670 
3 960 1720 961 
3 960 1501 1720 
3 1792 1878 1850 
3 1878 34 1850 
3 1500 1915 1792 
3 167 147 149 
3 1917 939 1908 
3 735 738 1023 
3 561 560 1218 
3 1933 963 1227 
3 980 1226 963 
3 1203 1055 736 
3 1399 1169 1681 
3 1661 1399 1681 
3 986 396 1691 
3 36 1500 1851 
3 1185 1183 1780 
3 388 1730 1938 
3 1429 1216 1430 
3 1548 1794 1633 
3 560 630 1181 
3 1162 1161 1229 
3 716 715 1219 
3 1794 921 1633 
3 1549 1537 1539 
3 1550 1549 1539 
3 1538 1740 1550 
3 1740 1548 1550 
3 1415 1544 1546 
3 1182 1415 1546 
3 748 696 1110 
3 892 105 1565 
3 221 892 1565 
3 454 1078 1939 
3 455 454 1939 
3 1806 1777 1940 
3 1412 1806 1940 
3 1015 31 1911 
3 419 1563 426 
3 1827 874 1829 
3 1243 1592 6 
3 293 1570 1521 
3 1185 766 1184 
3 300 1570 293 
3 295 876 286 
3 762 761 1384 
3 874 1243 875 
3 1928 1902 1904 
3 1641 1003 1382 
3 1296 1721 1483 
3 455 1579 456 
3 1781 454 457 
3 1844 727 1941 
3 1580 1844 1781 
3 1073 1021 596 
3 748 746 747 
3 601 1076 1029 
3 435 311 1597 
3 311 290 1597 
3 1309 559 1942 
3 299 433 435 
3 1730 1270 1433 
3 392 522 415 
3 746 414 793 
3 1204 1674 1437 
3 1674 1547 1437 
3 1674 1263 1547 
3 1263 1267 1547 
3 1188 1112 1130 
3 1073 525 524 
3 1112 1678 526 
3 1796 1126 1157 
3 765 1554 1529 
3 1554 1528 1529 
3 849 397 848 
3 274 1538 273 
3 1005 1943 1009 
3 1730 388 387 
3 1781 1844 1941 
3 1202 959 1479 
3 2 1490 1004 
3 1943 1005 1007 
3 635 745 756 
3 717 1944 1377 
3 1875 1520 1389 
3 959 1000 1479 
3 522 341 415 
3 710 826 709 
3 1099 1309 1945 
3 1696 1472 1474 
3 1269 1235 1236 
3 1903 1946 887 
3 887 1946 888 
3 602 1696 1474 
3 403 1023 1022 
3 1078 953 364 
3 855 854 1138 
3 1048 1047 1049 
3 1114 308 386 
3 1099 1114 1947 
3 1083 1200 1684 
3 1200 1714 1684 
3 1737 1056 1738 
3 1878 1792 1763 
3 23 46 1018 
3 1407 409 408 
3 522 392 804 
3 807 868 1948 
3 1144 989 1909 
3 395 803 394 
3 1545 1059 1949 
3 790 591 593 
3 1721 1580 1739 
3 602 601 1935 
3 635 754 755 
3 637 635 755 
3 1199 1201 1950 
3 1670 1199 1950 
3 1843 1203 1951 
3 1203 736 1951 
3 869 1202 1952 
3 1202 1481 1952 
3 978 965 1127 
3 965 159 1127 
3 272 364 955 
3 954 272 955 
3 965 978 1953 
3 322 965 1953 
3 1738 1056 1948 
3 1056 807 1948 
3 940 1416 1447 
3 1416 1446 1447 
3 821 941 1798 
3 988 821 1798 
3 941 821 1799 
3 821 972 1799 
3 1691 864 1692 
3 864 833 1692 
3 1094 118 1910 
3 1840 412 411 
3 724 1639 1640 
3 734 724 1640 
3 1371 1381 1380 
3 1233 1520 1855 
3 1490 36 1002 
3 1036 1421 1631 
3 1258 67 769 
3 882 1541 1382 
3 1421 731 1631 
3 1405 1420 1198 
3 651 1405 1198 
3 707 1048 1418 
3 1048 922 1418 
3 1080 1077 1081 
3 1077 371 1081 
3 1922 1107 1159 
3 1872 1922 1485 
3 377 101 1567 
3 1922 1159 1486 
3 1108 1886 1254 
3 1922 1872 1884 
3 1922 1884 1885 
3 34 1878 1485 
3 1870 673 1884 
3 1500 1850 1851 
3 1878 1872 1485 
3 1488 1500 1489 
3 1541 1643 1642 
3 1641 3 0 
3 1102 1403 1543 
3 1543 1403 1542 
3 77 1840 410 
3 132 128 1849 
3 1226 980 1364 
3 26 931 1909 
3 1509 1403 1404 
3 990 396 398 
3 150 51 924 
3 816 857 815 
3 97 857 1916 
3 195 971 410 
3 542 425 426 
3 1563 542 426 
3 58 57 950 
3 165 949 154 
3 496 877 878 
3 148 912 149 
3 912 167 149 
3 1495 561 1440 
3 1872 1870 1884 
3 938 1446 429 
3 911 910 1869 
3 923 911 1869 
3 959 1001 958 
3 990 989 865 
3 1846 1845 1017 
3 1845 907 1017 
3 169 179 170 
3 179 1861 170 
3 179 256 1861 
3 256 161 1861 
3 923 1868 970 
3 1868 151 970 
3 976 1091 972 
3 1794 1200 1796 
3 972 942 1799 
3 909 905 494 
3 802 998 797 
3 877 44 1852 
3 1868 352 176 
3 151 1868 176 
3 1458 1831 1832 
3 1459 1458 1832 
3 651 117 119 
3 938 117 1420 
3 167 1604 1863 
3 1604 264 1863 
3 1923 1839 1862 
3 1839 1507 1862 
3 1697 1305 1698 
3 631 562 1496 
3 662 1954 1180 
3 503 631 1496 
3 579 677 678 
3 1224 508 1225 
3 762 1229 1402 
3 40 1069 1068 
3 802 801 852 
3 1860 1845 1848 
3 1846 181 1847 
3 1817 1689 158 
3 1852 44 1690 
3 37 877 1852 
3 110 977 802 
3 1845 1860 1859 
3 907 1845 1859 
3 1569 179 180 
3 1860 1569 180 
3 313 965 322 
3 978 649 1953 
3 949 915 1729 
3 861 949 1729 
3 1760 1333 1752 
3 1359 1760 1752 
3 1856 90 1823 
3 992 1856 1823 
3 719 422 705 
3 7 1094 1693 
3 1162 1229 1231 
3 549 688 612 
3 407 1407 408 
3 118 1094 446 
3 1409 938 1420 
3 1123 400 402 
3 1040 1644 1751 
3 1407 401 1912 
3 1751 1429 1800 
3 1401 762 1402 
3 631 1492 632 
3 1220 1933 1221 
3 5 4 716 
3 1637 714 1638 
3 1493 1224 1494 
3 396 986 846 
3 1753 1719 1895 
3 1892 1753 1895 
3 71 68 88 
3 68 981 88 
3 1840 77 1841 
3 208 98 100 
3 107 208 100 
3 1841 98 1842 
3 197 1840 1121 
3 1731 1356 1897 
3 1271 1731 1897 
3 913 125 926 
3 108 28 1196 
3 933 911 923 
3 650 1091 1093 
3 1840 199 412 
3 410 1840 411 
3 902 312 1898 
3 904 902 1898 
3 971 1856 993 
3 1856 992 993 
3 1462 1453 1449 
3 1448 1462 1449 
3 1369 1582 1478 
3 868 1738 1948 
3 1056 698 807 
3 649 322 1953 
3 1697 1578 1700 
3 1578 1699 1700 
3 98 1121 1842 
3 1027 1213 1635 
3 1669 1661 1681 
3 1560 1477 1955 
3 1956 1560 1955 
3 1476 1758 1956 
3 1477 1476 1955 
3 762 1837 1442 
3 762 1442 763 
3 1773 1441 1442 
3 991 53 86 
3 1243 874 1592 
3 1827 1594 1593 
3 1000 957 1889 
3 957 1207 1889 
3 1890 1618 1891 
3 1618 1620 1891 
3 1573 1576 1620 
3 771 1148 1147 
3 1194 1193 1445 
3 1193 1443 1445 
3 953 1078 1957 
3 801 830 853 
3 1005 1441 1875 
3 1441 1773 1873 
3 1441 1873 1874 
3 1771 1520 1873 
3 1837 1773 1442 
3 1520 1853 1855 
3 1854 1269 1233 
3 409 440 1693 
3 1773 1771 1873 
3 440 7 1693 
3 1233 1269 1234 
3 1506 1239 1240 
3 887 1928 1904 
3 1470 1928 1471 
3 874 898 1829 
3 1903 1881 1826 
3 1903 1826 1828 
3 1807 1827 1826 
3 1881 1807 1826 
3 864 834 833 
3 1619 1573 1620 
3 896 1122 1790 
3 1122 71 1790 
3 386 1730 387 
3 1578 1697 1934 
3 965 123 159 
3 824 978 1127 
3 870 869 1952 
3 927 1090 129 
3 186 205 187 
3 205 189 187 
3 1512 665 666 
3 1095 312 314 
3 976 969 1092 
3 991 992 1900 
3 87 991 1900 
3 86 85 1818 
3 997 956 1748 
3 1190 997 1748 
3 191 195 412 
3 195 196 1857 
3 971 195 1857 
3 190 1856 196 
3 204 184 1331 
3 184 317 1331 
3 1787 1476 1820 
3 1476 1801 1820 
3 1027 1025 1215 
3 1025 1822 1215 
3 1324 1323 1822 
3 1323 1212 1822 
3 1025 1459 1324 
3 1330 1248 1958 
3 1248 1788 1958 
3 1629 1290 1628 
3 85 992 1818 
3 1046 1067 1044 
3 1348 1454 1735 
3 742 1670 1950 
3 728 1296 1151 
3 1296 1149 1151 
3 1481 870 1952 
3 1580 1721 1782 
3 1658 1627 1780 
3 1627 1185 1780 
3 1666 1665 1680 
3 1660 1666 1680 
3 1666 1622 1665 
3 1528 1411 1959 
3 1078 364 366 
3 1763 1756 1372 
3 1756 1370 1372 
3 341 790 342 
3 1553 1275 1778 
3 1275 1274 1778 
3 1173 1176 1679 
3 1317 1173 1679 
3 1664 1317 1679 
3 1451 1450 1929 
3 1320 1451 1929 
3 1694 1349 1734 
3 1723 1694 1734 
3 1718 1717 1924 
3 1717 1712 1924 
3 1896 1663 1676 
3 1273 1896 1676 
3 1315 1815 1695 
3 1915 1500 1488 
3 1 10 1488 
3 1480 1937 1960 
3 1544 1480 1960 
3 742 1061 1677 
3 1061 1672 1677 
3 322 1095 314 
3 1817 1852 1690 
3 1689 1817 1690 
3 844 496 878 
3 37 844 878 
3 307 1392 1961 
3 1392 1267 1961 
3 1881 1725 1882 
3 1478 1582 1962 
3 1582 1398 1962 
3 1500 1792 1850 
3 1763 1371 1879 
3 1371 1872 1879 
3 1488 10 12 
3 1746 1716 1643 
3 1492 502 1927 
3 1746 1742 1744 
3 3 480 482 
3 1716 1746 1745 
3 1753 1743 1931 
3 909 46 47 
3 52 909 47 
3 406 1446 407 
3 1416 1123 402 
3 1765 1426 1652 
3 1634 1765 1652 
3 592 1421 301 
3 1510 1609 1651 
3 1609 1608 1651 
3 1371 1379 1871 
3 1870 1888 1439 
3 1503 1495 1888 
3 1378 1888 1379 
3 1610 1535 1649 
3 1931 1743 1932 
3 739 1647 1963 
3 1548 739 1963 
3 1720 1930 961 
3 1743 1742 1932 
3 1720 1753 1931 
3 1930 980 961 
3 1611 1610 1649 
3 704 1421 1036 
3 1037 1271 1675 
3 1273 1589 1673 
3 1265 1273 1673 
3 1730 1433 1938 
3 1866 1572 1602 
3 1495 1503 503 
3 502 631 503 
3 1499 500 516 
3 352 1866 1602 
3 1322 1664 1625 
3 1664 1622 1625 
3 649 1095 322 
3 1504 502 504 
3 527 868 1318 
3 347 323 1513 
3 509 1502 510 
3 1667 1145 1668 
3 1145 1622 1668 
3 1666 1669 1667 
3 265 1613 1601 
3 1613 916 1601 
3 145 253 1600 
3 251 145 1600 
3 1171 1202 1211 
3 1569 292 1599 
3 179 1569 1599 
3 631 502 1492 
3 1803 1161 1492 
3 492 545 586 
3 1663 1662 1825 
3 1662 1762 1825 
3 1802 1837 1401 
3 1703 1709 1923 
3 502 1654 1927 
3 1515 509 1925 
3 509 1224 1493 
3 714 1833 1493 
3 1821 1819 1637 
3 509 1493 1925 
3 296 173 284 
3 283 296 284 
3 902 329 328 
3 182 153 1598 
3 287 182 1598 
3 152 287 1598 
3 1726 1773 1838 
3 1872 1371 1871 
3 529 527 1318 
3 1338 1726 1838 
3 1773 1726 1772 
3 1821 1807 1809 
3 1808 1807 1883 
3 1535 1297 1766 
3 1669 1666 1661 
3 1666 1660 1661 
3 1412 1880 1517 
3 1810 1821 1809 
3 4 1821 1637 
3 545 492 580 
3 1726 1328 1772 
3 1464 1459 1606 
3 1024 1464 1606 
3 771 1147 1672 
3 1771 1775 1853 
3 1926 1854 1775 
3 1520 1771 1853 
3 535 533 447 
3 1506 1926 1505 
3 1725 1881 1902 
3 1928 1964 1725 
3 1740 1528 1959 
3 1964 1470 1498 
3 740 1740 1959 
3 1882 1808 1883 
3 1217 735 1965 
3 735 404 1965 
3 1881 1903 1902 
3 736 735 1217 
3 731 1035 1631 
3 385 1099 1947 
3 386 385 1947 
3 1182 1546 1949 
3 1059 1182 1949 
3 1549 921 920 
3 1545 1966 1967 
3 1059 1545 1967 
3 702 302 301 
3 1426 1765 1968 
3 1765 1472 1968 
3 1076 598 1639 
3 724 1076 1639 
3 1688 1739 1969 
3 1579 1688 1969 
3 702 1077 1080 
3 922 708 1418 
3 1468 1751 1800 
3 1432 1468 1800 
3 1405 1409 1420 
3 22 1741 135 
3 1741 1143 135 
3 1144 97 1916 
3 855 1144 1916 
3 304 592 303 
3 592 301 303 
3 594 591 791 
3 1433 1578 1938 
3 1578 388 1938 
3 1430 1216 1966 
3 1216 1436 1966 
3 1077 455 1939 
3 1078 1077 1939 
3 1078 454 1957 
3 454 1042 1957 
3 1115 1114 1945 
3 1114 1099 1945 
3 1715 1915 11 
3 10 1836 11 
3 340 304 305 
3 1834 1836 1835 
3 1836 10 481 
3 480 1710 481 
3 1076 1099 1795 
3 1029 1076 1795 
3 727 1045 1941 
3 1045 1781 1941 
3 272 365 364 
3 790 304 342 
3 396 990 1691 
3 990 864 1691 
3 736 1216 1951 
3 1028 388 1934 
3 1697 1028 1934 
3 1028 1701 1935 
3 601 1028 1935 
3 1155 1126 1797 
3 1915 1715 1791 
3 1444 1759 1448 
3 702 701 1128 
3 1768 1371 1370 
3 1755 1768 1370 
3 1770 1755 1757 
3 1375 1715 1373 
3 1373 1715 1363 
3 1710 480 1718 
3 1712 1710 1924 
3 1770 1715 1375 
3 1710 1970 1834 
3 1970 1362 1834 
3 453 845 1906 
3 845 847 1906 
3 1406 1407 1912 
3 1905 1406 1912 
3 1753 1774 1754 
3 1739 1580 1969 
3 1919 701 704 
3 1559 1721 1739 
3 1580 1579 1969 
3 1025 1024 1606 
3 1296 728 1722 
3 1067 1183 1687 
3 734 1035 733 
3 597 1559 1142 
3 1579 701 1919 
3 1554 1482 772 
3 1379 1371 1380 
3 1877 1378 1381 
3 1618 1503 1887 
3 1886 1922 1885 
3 1768 1831 1877 
3 1875 1441 1874 
3 118 406 1910 
3 406 409 1910 
3 1350 1892 1895 
3 1561 1560 1457 
3 1894 1774 1893 
3 673 1870 1439 
3 118 19 119 
3 19 651 119 
3 22 863 829 
3 863 800 828 
3 82 939 1917 
3 436 82 1917 
3 1069 850 1068 
3 850 794 1068 
3 801 800 832 
3 830 801 832 
3 937 818 1913 
3 1416 937 1913 
3 1446 406 429 
3 854 483 486 
3 1576 1971 1890 
3 1503 1618 1504 
3 1971 502 1504 
3 748 306 1972 
3 302 702 1080 
3 1292 1630 1973 
3 1576 1890 1891 
3 1654 1971 1655 
3 1350 1501 1502 
3 509 1880 1502 
3 428 419 425 
3 1414 1350 1353 
3 1880 1515 1516 
3 1630 1785 1973 
3 1866 1571 1572 
3 1866 254 1571 
3 1785 1657 1973 
3 1185 1627 1289 
3 1627 1290 1289 
3 891 231 1524 
3 345 891 1524 
3 891 229 231 
3 1282 1298 1288 
3 1627 1658 1659 
3 1286 1627 1659 
3 230 237 231 
3 126 1613 134 
3 1613 133 134 
3 125 1613 126 
3 1067 1066 1921 
3 1696 1426 1968 
3 1678 1182 526 
3 1653 1339 1804 
3 1339 1802 1804 
3 1792 1915 1791 
3 1157 1126 1155 
3 345 223 1616 
3 1811 1808 1816 
3 1811 1450 1345 
3 1819 1811 1344 
3 223 1558 1616 
3 891 345 1616 
3 1617 891 1558 
3 1122 211 1614 
3 904 1122 1614 
3 238 1613 265 
3 1146 1145 1667 
3 158 157 809 
3 1216 1429 1843 
3 1337 889 1336 
3 598 1152 1639 
3 1248 1330 1249 
3 1332 1249 1776 
3 1421 702 301 
3 1328 1726 1329 
3 1788 1327 1958 
3 1971 1576 1656 
3 1811 1816 1707 
3 1808 1346 1816 
3 1816 1346 1813 
3 327 200 1564 
3 304 790 593 
3 699 1073 700 
3 1182 1059 1737 
3 527 1737 1738 
3 1966 1436 1967 
3 529 1112 528 
3 1546 1545 1949 
3 1567 206 1568 
3 206 289 1568 
3 895 206 1567 
3 101 895 1567 
3 343 338 1603 
3 339 343 1603 
3 1604 161 268 
3 266 1604 268 
3 1166 1165 1168 
3 1169 1764 1170 
3 1399 1172 1764 
3 1216 1843 1951 
3 1622 1666 1668 
3 1435 1266 1566 
3 1266 1465 1566 
3 893 334 894 
3 217 893 894 
3 1588 1584 1824 
3 1476 1926 1801 
3 1327 1787 1820 
3 1262 1588 1824 
3 1448 1760 1358 
3 1465 1266 1262 
3 145 144 1612 
3 253 145 1612 
3 1974 1560 1956 
3 1758 1974 1956 
3 1964 1454 1347 
3 1454 1734 1735 
3 772 1411 1936 
3 1455 1561 1456 
3 1723 1454 1557 
3 288 1187 1186 
3 1815 1813 1812 
3 1298 1285 1975 
3 480 1716 1718 
3 1169 1399 1764 
3 1314 1322 1321 
3 869 1523 1167 
3 1769 1326 1325 
3 1436 1059 1967 
3 1079 306 1976 
3 202 1331 320 
3 264 1604 1605 
3 1604 267 1605 
3 1586 1589 1591 
3 1587 1586 1591 
3 1535 1610 1536 
3 1610 1283 1536 
3 1590 1587 1591 
3 254 1866 1607 
3 1866 910 1607 
3 1270 1266 1435 
3 1730 308 307 
3 1586 1588 1589 
3 902 1617 329 
3 312 902 328 
3 902 224 1617 
3 1273 1590 1589 
3 1815 1320 1929 
3 454 1045 1042 
3 413 278 1519 
3 278 418 1519 
3 867 529 1318 
3 1584 1585 1466 
3 1465 1584 1466 
3 1460 1464 1585 
3 1461 1587 1977 
3 1556 1461 1977 
3 1574 1573 1556 
3 1573 1555 1556 
3 418 542 1519 
3 1411 1061 740 
3 1411 740 1959 
3 1544 1415 1702 
3 1454 1723 1734 
3 918 917 1209 
3 766 1553 768 
3 1554 765 767 
3 1765 1634 1535 
3 311 434 1427 
3 1148 771 774 
3 772 1482 773 
3 357 383 1427 
3 1532 1770 1375 
3 1770 1767 1755 
3 1324 1769 1325 
3 1770 1326 1767 
3 1334 259 1552 
3 1715 11 1361 
3 259 1280 1552 
3 889 259 1334 
3 1970 1595 1596 
3 1374 1534 1711 
3 297 413 1563 
3 419 297 1563 
3 1396 1317 1316 
3 1650 1970 1706 
3 1436 1217 1965 
3 1774 1923 1713 
3 1717 1774 1713 
3 1399 1660 1400 
3 1660 1583 1736 
3 1508 1650 1704 
3 1650 1706 1704 
3 1311 1747 1398 
3 1747 1478 1962 
3 1310 1747 1311 
3 1415 870 1702 
3 1396 1393 1395 
3 1174 1396 1395 
3 1768 1769 1831 
3 1573 1619 1555 
3 1706 1703 1704 
3 1213 1027 1214 
3 1893 1753 1892 
3 1805 1785 1894 
3 1703 1923 1862 
3 265 248 1301 
3 1657 1414 1295 
3 1412 1353 1352 
3 826 710 1129 
3 1452 1342 1341 
3 598 601 599 
3 404 1436 1965 
3 1587 1574 1977 
3 1971 1504 1890 
3 1023 403 405 
3 1793 1576 1575 
3 1725 1964 1347 
3 1545 1430 1966 
3 1279 1657 1294 
3 701 455 1128 
3 1413 1412 1940 
3 1278 1413 1777 
3 1777 1413 1940 
3 1726 1330 1329 
3 401 1446 1918 
3 1806 889 1777 
3 1055 1205 1072 
3 696 748 1972 
3 969 1405 1092 
3 1761 1793 1762 
3 1793 1590 1762 
3 1362 1970 1596 
3 1344 1811 1345 
3 1332 1662 1333 
3 1451 1319 1530 
3 244 246 240 
3 239 244 240 
3 1351 1412 1352 
3 244 137 246 
3 1530 1806 1452 
3 890 889 1531 
3 889 1334 1336 
3 889 1530 1531 
3 1794 1548 1963 
3 1538 1537 271 
3 1647 1794 1963 
3 1740 740 1648 
3 1201 1200 1647 
3 1074 1528 1075 
3 1667 1669 1671 
3 1514 335 474 
3 479 1514 474 
3 1333 1248 1250 
3 1476 1956 1955 
3 1491 369 536 
3 603 597 600 
3 1327 1788 1787 
3 1448 1759 1789 
3 1327 1330 1958 
3 1974 1758 1443 
3 1815 1314 1320 
3 1694 1315 1695 
3 1314 1815 1315 
3 1970 1705 1706 
3 1315 1396 1316 
3 391 390 1085 
3 512 1491 536 
3 1491 530 531 
3 369 1491 531 
3 803 392 394 
3 1405 969 1409 
3 1193 1974 1443 
3 1650 1508 1975 
3 1285 1650 1975 
3 1560 1974 1527 
3 1974 1193 1525 
3 1974 1525 1527 
3 1394 1526 1525 
3 1715 1770 1757 
3 1396 1694 1723 
3 1204 310 1205 
3 487 353 214 
3 213 487 214 
3 487 247 353 
3 1311 1394 1312 
3 1396 1723 1393 
3 1518 472 470 
3 378 1518 470 
3 1945 1309 1942 
3 1126 1111 1125 
3 1006 1005 1875 
3 1241 635 756 
3 677 1354 1256 
3 745 757 756 
3 762 1230 1229 
3 1347 1454 1348 
3 1970 1710 1705 
3 1320 1314 1321 
3 1108 1107 1886 
3 1246 667 81 
3 646 639 900 
3 635 1241 754 
3 1446 401 407 
3 750 1245 751 
3 751 1245 1410 
3 639 640 900 
3 617 879 615 
3 615 879 616 
3 657 659 661 
3 1364 1367 1365 
3 1886 673 1254 
3 980 1366 1364 
3 673 672 1254 
3 581 686 683 
3 667 79 81 
3 640 754 1242 
3 1006 1875 1389 
3 1005 1008 761 
3 1027 1215 1214 
3 1282 1150 1626 
3 717 1376 718 
3 718 1376 1368 
3 1368 1376 1978 
3 1305 1426 1698 
3 1543 1541 881 
3 691 1368 1978 
3 1541 882 881 
3 1944 717 1259 
3 564 464 577 
3 1103 1102 1543 
3 1971 1656 1655 
3 191 185 1260 
3 325 671 1089 
3 1534 1213 1533 
3 1517 1880 1516 
3 1717 1713 1712 
3 1375 1374 1711 
3 714 716 1638 
3 1274 1551 1778 
3 1267 1270 1961 
3 1012 38 1907 
3 1223 1933 1220 
3 81 80 1247 
3 1441 1005 761 
3 1933 960 963 
3 678 660 659 
3 563 565 568 
3 1103 1543 881 
3 1829 898 897 
3 1389 1232 1390 
3 1159 1158 1252 
3 657 574 659 
3 1394 1313 1312 
3 1178 674 675 
3 686 581 588 
3 874 1827 1592 
3 556 559 1062 
3 1577 1303 1302 
3 259 258 1281 
3 1398 1747 1962 
3 1309 726 1053 
3 575 574 676 
3 1685 1545 1544 
3 1635 1213 1636 
3 1213 1212 1533 
3 1611 1534 1609 
3 1657 1295 1294 
3 1582 1369 1400 
3 1298 1282 1284 
3 1650 1285 1510 
3 1703 1507 1508 
3 161 160 1861 
3 1290 1627 1628 
3 1461 1460 1585 
3 1560 1561 1477 
3 1150 1282 1632 
3 1270 307 1961 
3 1303 1465 1979 
3 1829 1903 1828 
3 1305 1031 1308 
3 1031 1302 1304 
3 1595 1650 1608 
3 1297 1472 1766 
3 1213 1611 1636 
3 1298 1507 1299 
3 730 1150 1632 
3 1150 728 1151 
3 1657 1292 1973 
3 1293 1289 1291 
3 1285 1298 1284 
3 1896 1273 1272 
3 1080 1079 1976 
3 1168 1165 1714 
3 535 555 629 
3 1747 1190 1748 
3 1459 1464 1460 
3 1590 1574 1587 
3 293 288 1186 
3 1461 1584 1586 
3 1024 1303 1979 
3 1584 1465 1824 
3 1551 1274 1335 
3 1185 1293 1275 
3 1777 889 1337 
3 636 637 755 
3 1269 1238 1235 
3 298 300 1187 
3 1970 1650 1595 
3 1534 1374 1595 
3 1590 1793 1574 
3 1574 1556 1977 
3 768 1554 767 
3 1150 1149 1626 
3 1042 953 1957 
3 1590 1663 1825 
3 1271 1896 1272 
3 267 248 1605 
3 1896 1359 1663 
3 1359 1896 1463 
3 1753 1720 1719 
3 1588 1262 1264 
3 1463 1896 1920 
3 1319 890 1531 
3 258 1148 1281 
3 1322 258 890 
3 1549 1548 1633 
3 1623 258 1624 
3 890 258 260 
3 1293 1279 1277 
3 1265 1588 1264 
3 1508 1298 1975 
3 471 665 1512 
3 663 583 1512 
3 583 471 1512 
3 633 622 752 
3 621 750 752 
3 622 621 752 
3 834 486 485 
3 181 1848 1847 
3 694 628 775 
3 1487 65 775 
3 628 1487 775 
3 667 478 669 
3 583 663 669 
3 478 583 669 
3 1807 1821 1594 
3 1827 1807 1594 
3 1821 4 1594 
3 1592 1827 1593 
3 1112 1188 1678 
3 628 694 693 
3 619 618 693 
3 618 628 693 
3 1742 1746 1540 
3 1403 1742 1540 
3 1746 1541 1540 
3 1930 1742 1509 
3 980 1930 1509 
3 1742 1403 1509 
3 545 579 1156 
3 574 573 1156 
3 573 545 1156 
3 1485 1922 1486 
3 1453 1444 1449 
3 1096 997 1191 
3 1208 1096 1453 
3 997 1096 1098 
3 1190 1747 1310 
3 1001 1747 956 
3 957 997 1749 
3 1396 1173 1317 
3 1394 1581 1174 
3 1174 1581 1175 
3 1394 1174 1395 
3 1582 1581 1397 
3 1397 1394 1311 
3 681 1246 1391 
3 1747 1001 1478 
3 1176 1581 1583 
3 409 1407 441 
3 1400 1660 1736 
3 1946 897 899 
3 886 1928 887 
3 1439 1495 1440 
3 1946 1903 897 
3 1903 1829 897 
3 874 873 1257 
3 243 212 353 
3 1833 1342 1515 
3 1880 509 1515 
3 1837 762 1401 
3 611 985 1499 
3 501 500 1499 
3 1561 1497 1475 
3 1926 1476 1475 
3 1483 1721 1484 
3 985 355 1153 
3 1454 1964 1455 
3 1497 1561 1455 
3 1653 1803 1654 
3 502 1971 1654 
3 1394 1525 1313 
3 1148 258 1623 
3 1204 1437 1438 
3 1 1490 2 
3 1928 886 1237 
3 1641 480 3 
3 10 1 3 
3 1003 0 2 
3 463 572 464 
3 564 462 464 
3 433 428 432 
3 1224 509 508 
3 1501 960 508 
3 521 533 626 
3 505 614 506 
3 587 489 506 
3 401 1407 407 
3 1472 1297 1621 
3 1497 1239 1506 
3 1854 1926 1506 
3 1926 1475 1505 
3 1378 1877 1876 
3 1964 1928 1470 
3 1239 1497 1470 
3 1455 1964 1498 
3 642 552 551 
3 540 639 551 
3 645 646 900 
3 473 573 575 
3 715 714 1222 
3 645 900 901 
3 560 631 630 
3 706 719 705 
3 1024 1031 1304 
3 1578 1577 1699 
3 1031 1027 1308 
3 1303 1577 1435 
3 1472 1696 1968 
3 1297 1296 1621 
3 1305 1308 1425 
3 728 1150 730 
3 1621 1296 1483 
3 766 1118 1184 
3 1066 1287 1658 
3 1066 1658 1921 
3 1577 1433 1434 
3 1937 1685 1960 
3 1144 1909 1210 
3 49 48 1020 
3 1435 1577 1434 
3 1928 1237 1471 
3 1088 384 1423 
3 1482 1551 1280 
3 701 1579 455 
3 1538 1550 1539 
3 1411 1528 1936 
3 1436 1216 1217 
3 1430 1685 1431 
3 1686 1685 1937 
3 917 1207 1209 
3 1545 1685 1430 
3 1114 386 1947 
3 1685 1432 1431 
3 1202 1479 1481 
3 1537 1549 920 
3 1168 1199 1683 
3 1399 1369 1172 
3 1478 1001 1417 
3 1201 742 1950 
3 523 522 804 
3 258 1625 1624 
3 1199 1670 1682 
3 1685 1544 1960 
3 1152 1035 734 
3 385 1029 1795 
3 1426 1305 1425 
3 1473 602 1474 
3 1384 1008 1385 
3 1581 1394 1397 
3 1581 1176 1175 
3 533 381 534 
3 1592 4 6 
3 871 870 1189 
3 564 577 566 
3 870 1415 1189 
3 979 779 1163 
3 779 778 1163 
3 483 856 1141 
3 778 483 1141 
3 987 776 1164 
3 776 706 1164 
3 421 1139 1050 
3 706 421 1050 
3 696 1047 1110 
3 1047 753 1110 
3 248 250 1428 
3 664 665 674 
3 1200 1083 1796 
3 1232 1520 1233 
3 1954 662 1179 
3 20 964 967 
3 964 966 967 
3 779 979 1019 
3 20 779 1019 
3 684 437 988 
3 942 935 943 
3 373 369 370 
3 372 373 370 
3 537 542 532 
3 542 418 532 
3 416 278 376 
3 278 375 376 
3 985 513 514 
3 374 985 514 
3 533 389 391 
3 381 533 391 
3 434 547 363 
3 1427 434 1306 
3 333 379 380 
3 331 333 380 
3 359 1088 1423 
3 1088 295 384 
3 295 383 384 
3 534 381 1422 
3 269 1088 382 
3 244 241 242 
3 854 486 866 
3 865 854 866 
3 859 39 138 
3 1012 859 138 
3 1909 931 1210 
3 931 95 1210 
3 710 708 1797 
3 708 1155 1797 
3 1464 1024 1979 
3 1465 1464 1979 
3 306 302 1976 
3 302 1080 1976 
3 1865 1013 1907 
3 1013 1012 1907 
3 559 1115 1942 
3 1115 1945 1942 
3 1409 969 1908 
3 969 1917 1908 
3 735 1023 405 
3 404 735 405 
3 1416 402 1918 
3 1446 1416 1918 
3 306 1079 1972 
3 1079 696 1972 
3 1980 1981 1982 
3 1983 1984 1985 
3 1986 1987 1988 
3 1989 1980 1982 
3 1990 1991 1992 
3 1993 1994 1995 
3 1996 1990 1997 
3 1998 1997 1992 
3 1994 1999 1995 
3 2000 2001 2002 
3 2003 2004 2005 
3 2006 2007 2008 
3 2009 2010 2011 
3 2010 2012 2011 
3 2013 2014 2015 
3 2016 2013 2015 
3 2017 2018 2019 
3 2020 2017 2019 
3 2021 2022 2023 
3 2024 2021 2023 
3 2025 2026 2027 
3 2028 2025 2027 
3 2029 2030 2031 
3 2032 2029 2031 
3 2020 2033 2034 
3 2033 2035 2034 
3 2017 2020 2036 
3 2022 2017 2036 
3 2037 2038 2039 
3 2038 2040 2039 
3 2041 2042 2043 
3 2042 2044 2043 
3 2045 2046 2047 
3 2046 2048 2047 
3 2049 2050 2051 
3 2050 2052 2051 
3 2024 2053 2054 
3 2053 2055 2054 
3 2056 2057 2058 
3 2057 2059 2058 
3 2060 2061 2062 
3 2063 2060 2062 
3 2064 2010 2009 
3 2065 2064 2009 
3 2066 2067 2068 
3 2069 2066 2068 
3 2070 2071 2072 
3 2022 2070 2072 
3 2073 2074 2075 
3 2074 2076 2075 
3 2077 2078 2079 
3 2078 2080 2079 
3 2081 2082 2083 
3 2082 2084 2083 
3 2085 2086 2087 
3 2086 2088 2087 
3 2089 2090 2091 
3 2090 2092 2091 
3 2093 2094 2095 
3 2094 2096 2095 
3 2097 2098 2099 
3 2100 2097 2099 
3 2067 2101 2102 
3 2101 2103 2102 
3 2104 2105 2106 
3 2107 2108 2109 
3 2108 2110 2109 
3 2111 2112 2113 
3 2112 2103 2113 
3 2114 2115 2116 
3 2117 2118 2119 
3 2120 2117 2119 
3 2121 2111 2122 
3 2123 2121 2122 
3 2124 2125 2126 
3 2127 2124 2126 
3 2071 2070 2128 
3 2070 2035 2128 
3 2012 2010 2129 
3 2010 2130 2129 
3 2131 2132 2133 
3 2132 2134 2133 
3 2046 2135 2136 
3 2048 2046 2136 
3 2137 2138 2139 
3 2138 2140 2139 
3 2141 2142 2143 
3 2142 2144 2143 
3 2145 2146 2147 
3 2148 2145 2147 
3 2149 2033 2150 
3 2033 2020 2150 
3 2151 2152 2153 
3 2154 2151 2153 
3 2138 2155 2156 
3 2157 2138 2156 
3 2158 2159 2160 
3 2161 2158 2160 
3 2162 2163 2164 
3 2165 2097 2166 
3 2097 2167 2166 
3 2168 2114 1987 
3 2116 1986 1988 
3 2169 2097 2170 
3 2097 2165 2170 
3 2171 2172 2173 
3 2174 2171 2173 
3 2175 2176 2177 
3 2176 2178 2177 
3 2179 2180 2181 
3 2182 2183 2162 
3 2184 2185 2186 
3 2187 2188 2189 
3 2190 2191 2192 
3 2193 2194 2195 
3 2196 2197 2198 
3 2197 2199 2200 
3 2201 2194 2202 
3 2194 2201 2195 
3 2203 2204 2205 
3 2185 2162 2186 
3 2196 2198 2206 
3 2207 2208 2209 
3 2210 2211 2212 
3 2213 2214 2215 
3 2216 2217 2218 
3 1983 2219 2220 
3 2221 2222 2223 
3 2222 2003 2223 
3 2224 2225 2226 
3 2227 2224 2226 
3 2228 2229 2230 
3 2229 2055 2230 
3 2090 2089 2231 
3 2154 2090 2231 
3 2151 2154 2232 
3 2233 2151 2232 
3 2234 2235 2236 
3 2235 2237 2236 
3 2238 2239 2240 
3 2241 2238 2240 
3 2242 2243 2244 
3 2040 2242 2244 
3 2245 2246 2247 
3 2032 2245 2247 
3 2248 2249 2250 
3 2251 2248 2250 
3 2252 2253 2254 
3 2253 2092 2254 
3 2157 2255 2256 
3 2255 2257 2256 
3 2258 2259 2260 
3 2261 2258 2260 
3 2262 2263 2264 
3 2265 2262 2264 
3 2266 2267 2268 
3 2269 2266 2268 
3 2270 2271 2272 
3 2273 2270 2272 
3 2274 2168 2275 
3 2168 1987 2275 
3 2276 2165 2277 
3 2278 2276 2277 
3 2279 2123 2280 
3 2274 2279 2280 
3 2121 2123 2281 
3 2282 2121 2281 
3 2283 2210 2284 
3 2285 2286 2283 
3 2287 2288 2289 
3 2290 2291 2292 
3 2293 2294 2295 
3 1986 2293 2295 
3 2053 2024 2296 
3 2297 2053 2296 
3 2298 2299 2300 
3 2299 2301 2300 
3 2266 2269 2302 
3 2152 2266 2302 
3 2090 2154 2303 
3 2304 2090 2303 
3 2304 2305 2306 
3 2305 2269 2306 
3 2307 2308 2309 
3 2310 2307 2309 
3 2092 2090 2311 
3 2090 2304 2311 
3 2312 2313 2192 
3 2314 2312 2315 
3 2312 2316 2317 
3 2286 2211 2283 
3 2317 2285 2318 
3 2211 2214 2212 
3 2210 2212 2319 
3 2320 2321 2322 
3 2310 2038 2323 
3 2038 2324 2323 
3 2092 2325 2326 
3 2325 2310 2326 
3 2067 2327 2328 
3 2327 2123 2328 
3 2040 2038 2329 
3 2038 2310 2329 
3 2242 2040 2330 
3 2304 2242 2330 
3 2331 2332 2333 
3 2334 2331 2333 
3 2103 2112 2335 
3 2112 2297 2335 
3 2151 2334 2336 
3 2152 2151 2336 
3 2266 2152 2337 
3 2338 2266 2337 
3 2259 2339 2340 
3 2339 2341 2340 
3 2342 2343 2344 
3 2345 2346 2181 
3 2180 2347 2348 
3 2185 2163 2162 
3 2103 2342 2344 
3 2349 2350 2351 
3 2350 2282 2351 
3 2045 2352 2353 
3 2352 2343 2353 
3 2342 2071 2354 
3 2343 2342 2354 
3 2071 2342 2355 
3 2342 2297 2355 
3 2356 2357 2358 
3 2357 2359 2358 
3 2360 2361 2362 
3 2361 2363 2362 
3 2363 2364 2362 
3 2365 2088 2366 
3 2367 2365 2366 
3 2368 2369 2370 
3 2371 2104 2370 
3 2372 2368 2373 
3 2374 2375 2372 
3 2376 2377 2378 
3 2379 2104 2380 
3 2377 2381 2382 
3 2104 2378 2383 
3 2384 2385 2386 
3 2385 2387 2386 
3 2359 2388 2358 
3 2389 2390 2391 
3 2392 2393 2394 
3 2389 2395 2396 
3 2396 2397 2398 
3 2399 2400 2395 
3 2401 2402 2399 
3 2397 2396 2403 
3 2369 2404 2405 
3 2390 2406 2407 
3 2408 2390 2409 
3 2387 2410 2386 
3 2376 2378 2411 
3 2404 2185 2184 
3 2370 2369 2405 
3 2412 2413 2414 
3 2388 2356 2358 
3 2415 2376 2416 
3 2417 2278 2251 
3 2418 2381 2419 
3 2420 2421 2415 
3 2421 2422 2415 
3 2423 2424 2425 
3 2397 2403 2426 
3 2424 2427 2428 
3 2429 2420 2430 
3 2163 2431 2164 
3 2432 2421 2433 
3 2392 2197 2434 
3 2435 2114 2436 
3 2437 2438 2439 
3 2438 2440 2439 
3 2438 2441 2442 
3 2440 2438 2442 
3 2279 1986 2349 
3 2443 2444 2445 
3 2446 2447 2448 
3 2145 2046 2449 
3 2146 2145 2449 
3 2427 2424 2450 
3 2424 2390 2425 
3 2451 2216 2452 
3 2397 2390 2398 
3 2426 2453 2454 
3 2194 2427 2202 
3 2431 2455 2456 
3 2182 2456 2429 
3 2431 2194 2193 
3 2198 2197 2200 
3 2199 2197 2457 
3 2393 2458 2394 
3 2044 2459 2043 
3 2460 2461 2462 
3 2282 2279 2351 
3 2291 2463 2464 
3 2343 2465 2353 
3 2466 2467 2468 
3 2469 2327 2470 
3 2471 2388 2120 
3 2388 2472 2120 
3 2388 2359 2473 
3 2249 2417 2250 
3 2472 2388 2473 
3 2111 2121 2474 
3 2475 2331 2476 
3 2477 2475 2476 
3 2121 2468 2474 
3 2478 2479 2480 
3 2478 2481 2479 
3 2181 2346 2482 
3 2478 2483 2484 
3 2485 2486 2487 
3 2197 2488 2434 
3 2292 2291 2488 
3 2489 2490 2491 
3 2492 2292 2493 
3 2463 2460 2464 
3 2290 2494 2495 
3 2496 1998 2497 
3 2498 2499 2500 
3 2501 2006 2008 
3 2502 2501 2008 
3 2501 2503 2006 
3 2382 2104 2383 
3 2258 2255 2155 
3 2444 2504 2445 
3 2505 2506 2507 
3 2508 2481 2509 
3 2481 2508 2510 
3 2511 2512 2513 
3 2245 2514 2515 
3 2516 2064 2065 
3 2517 2518 2519 
3 2520 2521 2522 
3 2523 2520 2522 
3 2524 2525 2526 
3 2527 2524 2526 
3 2528 2529 2530 
3 2529 2531 2530 
3 2532 2527 2526 
3 2533 2243 2534 
3 2535 2536 2537 
3 2464 2460 2462 
3 2538 2539 2540 
3 2541 2542 2543 
3 2285 2283 2284 
3 2212 2544 2319 
3 2505 2507 2545 
3 2546 1981 2547 
3 2548 2549 2550 
3 2551 2552 2553 
3 2554 2551 2553 
3 2071 2465 2354 
3 2555 2556 2557 
3 2558 2559 2560 
3 2400 2561 2395 
3 2562 2563 2288 
3 2564 2339 2137 
3 2552 2558 2560 
3 2343 2565 2344 
3 2108 2107 2566 
3 2567 2108 2566 
3 2101 2123 2122 
3 2568 2569 2570 
3 2053 2571 2572 
3 2573 2574 2575 
3 2472 2576 2577 
3 2576 2578 2577 
3 2579 2580 2581 
3 2580 2582 2581 
3 2583 2582 2584 
3 2125 2583 2584 
3 2055 2053 2572 
3 2053 2297 2585 
3 2571 2053 2585 
3 2076 2586 2149 
3 2586 2033 2149 
3 2587 2588 2589 
3 2590 2533 2534 
3 2213 2241 2240 
3 2591 2038 2037 
3 2533 2568 2037 
3 2592 2593 2594 
3 2595 2596 2597 
3 2598 2587 2589 
3 2588 2587 2599 
3 2587 2600 2599 
3 2601 2602 2603 
3 2604 2601 2603 
3 2307 2310 2323 
3 2605 2307 2324 
3 2606 2140 2607 
3 2157 2606 2607 
3 2573 2608 2233 
3 2609 2152 2336 
3 2334 2609 2336 
3 2606 2266 2338 
3 2140 2606 2338 
3 2591 2610 2611 
3 2612 2269 2268 
3 2613 2610 2569 
3 2568 2613 2569 
3 2614 2615 2590 
3 2615 2568 2590 
3 2616 2615 2617 
3 2615 2614 2617 
3 2618 2619 2620 
3 2619 2621 2620 
3 2279 2274 2275 
3 2622 2440 2442 
3 2583 2125 2623 
3 2168 2274 2624 
3 2625 2614 2626 
3 2627 2625 2626 
3 2436 2114 2628 
3 2629 2630 2631 
3 2538 2632 2539 
3 2114 2168 2628 
3 2633 2634 2635 
3 2029 2229 2228 
3 2634 2633 2636 
3 2118 2029 2228 
3 2637 2638 2639 
3 2266 2606 2267 
3 2606 2627 2267 
3 2088 2365 2087 
3 2609 2334 2333 
3 2640 2214 2641 
3 2642 2643 2543 
3 2542 2642 2543 
3 2350 2644 2645 
3 2646 2082 2081 
3 2600 2575 2647 
3 2574 2154 2231 
3 2089 2574 2231 
3 2648 2649 2650 
3 2649 2651 2650 
3 2158 2652 2159 
3 2653 2654 2655 
3 2656 2653 2655 
3 2345 2657 2658 
3 2632 2659 2660 
3 2661 2638 2662 
3 2663 2664 2665 
3 2666 2667 2668 
3 2669 2381 2670 
3 2659 2671 2672 
3 2312 2673 2316 
3 2286 2674 2211 
3 2638 2637 2675 
3 2676 2637 2677 
3 2678 2638 2675 
3 2679 2680 2681 
3 1994 1993 2661 
3 2676 2682 2683 
3 2684 2685 2686 
3 2687 2688 2689 
3 2671 2314 2672 
3 2690 2691 2692 
3 2667 2693 2694 
3 2673 2312 2695 
3 2695 2312 2314 
3 2180 2179 2696 
3 2691 2697 2698 
3 2179 2695 2699 
3 2691 2698 2700 
3 2674 2286 2701 
3 2346 2673 2482 
3 2637 2239 2677 
3 2213 2702 2241 
3 2674 2346 2703 
3 2704 2705 2130 
3 2010 2704 2130 
3 2241 2706 2707 
3 2706 2708 2709 
3 2707 2710 2711 
3 2712 2713 2714 
3 2713 2715 2714 
3 2710 2716 2682 
3 2717 1994 2678 
3 2549 2203 2718 
3 2719 2720 2721 
3 2722 2723 2724 
3 2725 2726 2727 
3 2726 2592 2728 
3 2729 2730 2731 
3 2732 2733 2734 
3 2731 2730 2735 
3 2659 2691 2700 
3 2556 2731 2697 
3 2736 2737 2347 
3 2706 2241 2738 
3 2739 2706 2740 
3 2214 2213 2239 
3 2195 2201 2741 
3 2664 2680 2742 
3 2418 2421 2743 
3 2716 2710 2744 
3 2745 2610 2746 
3 2747 2745 2746 
3 2622 2579 2748 
3 2440 2622 2748 
3 2475 2749 2750 
3 2331 2475 2750 
3 2307 2751 2308 
3 2154 2305 2303 
3 2615 2752 2753 
3 2568 2615 2753 
3 2737 2657 2347 
3 2737 2736 2754 
3 2755 2756 2757 
3 2573 2755 2757 
3 2758 2048 2759 
3 2579 2758 2759 
3 2760 2761 2762 
3 2691 2556 2697 
3 2447 2763 2764 
3 2737 2765 2766 
3 2181 2180 2767 
3 2653 2052 2768 
3 2654 2653 2768 
3 2769 2132 2770 
3 2132 2131 2770 
3 2679 2771 2680 
3 2665 2664 2772 
3 2773 2774 2775 
3 2776 2679 2681 
3 2561 2400 2777 
3 2706 2738 2740 
3 2101 2067 2328 
3 2627 2612 2267 
3 2778 2779 2780 
3 2779 2466 2780 
3 2021 2032 2781 
3 2782 2227 2783 
3 2466 2782 2783 
3 2229 2029 2784 
3 2029 2032 2784 
3 2175 2687 2785 
3 2786 2273 2787 
3 2788 2786 2787 
3 2667 2694 2789 
3 2790 2503 2501 
3 2791 2792 2790 
3 2793 2096 2794 
3 2778 2793 2794 
3 2325 2304 2330 
3 2761 2007 2006 
3 2776 2663 2795 
3 2796 2797 2798 
3 2761 2006 2762 
3 2310 2799 2326 
3 2134 2800 2133 
3 2214 2211 2215 
3 2004 2222 2801 
3 2798 2004 2801 
3 2310 2325 2329 
3 2123 2101 2328 
3 2227 2782 2802 
3 2324 2307 2323 
3 2799 2310 2309 
3 2269 2242 2306 
3 2222 2803 2804 
3 2702 2213 2805 
3 2703 2702 2805 
3 2158 2806 2807 
3 2652 2158 2807 
3 2808 2625 2809 
3 2625 2627 2809 
3 2806 2810 2811 
3 2810 2529 2811 
3 2745 2161 2812 
3 2605 2745 2812 
3 2608 2573 2813 
3 2477 2608 2813 
3 2608 2476 2814 
3 2233 2608 2815 
3 2134 2132 2816 
3 2132 2817 2816 
3 2364 2144 2818 
3 2360 2364 2818 
3 2014 2819 2820 
3 2821 2822 2823 
3 2670 2821 2823 
3 2367 2824 2825 
3 2826 2514 2827 
3 2828 2829 2830 
3 2334 2608 2814 
3 2831 2832 2833 
3 2834 2831 2833 
3 2835 2836 2837 
3 2828 2835 2837 
3 2145 2838 2839 
3 2840 2841 2093 
3 2842 2843 2844 
3 2843 2845 2844 
3 2846 2843 2842 
3 2847 2840 2848 
3 2849 2850 2631 
3 2850 2629 2631 
3 2627 2606 2851 
3 2606 2157 2851 
3 2255 2558 2257 
3 2558 2552 2257 
3 2506 2505 2852 
3 2853 2854 2855 
3 2854 2751 2855 
3 2304 2325 2311 
3 2308 2799 2309 
3 2588 2253 2252 
3 2080 2078 2856 
3 2078 2857 2856 
3 2751 2307 2858 
3 2307 2605 2858 
3 2242 2304 2306 
3 2859 2860 2861 
3 2862 2860 2863 
3 2730 2180 2735 
3 2864 2865 2866 
3 2867 2263 2868 
3 2869 2870 2871 
3 2375 2368 2372 
3 2872 2871 2873 
3 2874 2875 2870 
3 2840 2685 2841 
3 2876 2877 2878 
3 2879 2880 2881 
3 2876 2105 2882 
3 2259 2258 2155 
3 2693 2692 2883 
3 2884 2885 2847 
3 2886 2887 2888 
3 2889 2886 2888 
3 2179 2699 2696 
3 2007 2502 2008 
3 2800 2573 2757 
3 2798 2890 2891 
3 2892 2893 2894 
3 2895 2892 2894 
3 2779 2055 2572 
3 2024 2896 2296 
3 2435 2165 2115 
3 2114 2435 2115 
3 2124 2897 2898 
3 2125 2124 2898 
3 2899 2125 2898 
3 2900 2901 2902 
3 2901 2903 2902 
3 2012 2904 2018 
3 2178 2016 2015 
3 2069 2758 2905 
3 2758 2582 2905 
3 2906 2907 2908 
3 2907 2909 2908 
3 2910 2401 2911 
3 2864 2912 2913 
3 2864 2913 2865 
3 2389 2401 2399 
3 2914 2915 2916 
3 2917 2918 2919 
3 2743 2920 2921 
3 2920 2922 2923 
3 2924 2298 2300 
3 2925 2187 2926 
3 2187 2927 2926 
3 2928 2929 2930 
3 2582 2066 2905 
3 2931 2907 2906 
3 2751 2854 2932 
3 2854 2107 2932 
3 2782 2468 2933 
3 2350 2802 2934 
3 2007 2795 2935 
3 2936 2679 2776 
3 2937 2938 2939 
3 2145 2839 2135 
3 2046 2145 2135 
3 2707 2706 2709 
3 2104 2382 2940 
3 2941 2942 2943 
3 2743 2421 2944 
3 2945 2946 2947 
3 2946 2948 2947 
3 2432 2949 2950 
3 2393 2949 2432 
3 2893 2892 2951 
3 2952 2953 2954 
3 2955 2956 2957 
3 2958 2955 2957 
3 2293 2167 2294 
3 2959 2960 2961 
3 2960 2962 2961 
3 2963 2964 2962 
3 2964 2959 2961 
3 2965 2948 2966 
3 2967 2965 2966 
3 2968 2969 2970 
3 2563 2968 2971 
3 2972 2937 2939 
3 2937 2446 2973 
3 2485 2447 2764 
3 2447 2483 2974 
3 2975 2763 2976 
3 2421 2420 2433 
3 2977 2644 2294 
3 2167 2977 2294 
3 2460 2978 2979 
3 2980 2481 2510 
3 2481 2981 2509 
3 2959 2982 2983 
3 2982 2984 2983 
3 2982 2985 2984 
3 2985 2986 2984 
3 2107 2987 2932 
3 2988 2906 2908 
3 2907 2989 2909 
3 2176 2990 2991 
3 2178 2176 2991 
3 2839 2992 2135 
3 2176 2993 2990 
3 2994 2995 2993 
3 2996 2994 2993 
3 2836 2997 2998 
3 2763 2447 2446 
3 2972 2975 2976 
3 2460 2979 2461 
3 2999 2350 2645 
3 3000 2999 2645 
3 2977 3001 3000 
3 2644 2977 3000 
3 3002 2797 3003 
3 3004 2978 3005 
3 2249 2124 3006 
3 2895 3007 3008 
3 3009 2835 3010 
3 2835 2828 3010 
3 3011 3002 3003 
3 2828 3012 3010 
3 2948 3013 2947 
3 2893 3014 2894 
3 3015 3016 3017 
3 3018 3019 3020 
3 2294 2644 2295 
3 2014 2013 2819 
3 2124 2249 2897 
3 2327 2274 2280 
3 2435 2278 2277 
3 2674 2213 2215 
3 2211 2674 2215 
3 3021 2859 2861 
3 2901 2249 3006 
3 3022 2900 2902 
3 2860 2864 2866 
3 3023 3004 2719 
3 3024 3025 2846 
3 3026 3027 3028 
3 3027 3029 3028 
3 3030 3031 3032 
3 2915 3030 3032 
3 3033 2146 3034 
3 3035 3036 3037 
3 2915 3038 3039 
3 3040 2012 2018 
3 2963 3041 3042 
3 3043 3026 3044 
3 2893 3015 3017 
3 2110 3045 2109 
3 3046 3047 3048 
3 3049 3046 3048 
3 2897 2899 2898 
3 3014 2895 2894 
3 3050 3012 3051 
3 2013 2989 3050 
3 3012 2819 3051 
3 3052 3053 3054 
3 2523 2532 3055 
3 3056 2098 2169 
3 2869 2871 3057 
3 3058 2161 3059 
3 2279 2282 2281 
3 2066 2069 2905 
3 3060 2654 2159 
3 3061 3062 3063 
3 2270 3064 3065 
3 2270 3066 3064 
3 2463 3004 3005 
3 3067 3068 3069 
3 2949 2978 3070 
3 2485 3071 2486 
3 3072 3073 3074 
3 3075 3076 3077 
3 2064 3078 3079 
3 3078 3080 3079 
3 3081 3082 3083 
3 2483 2485 2484 
3 2485 2487 2484 
3 3084 3085 3086 
3 3087 3084 3086 
3 3088 3084 3087 
3 2985 2982 3089 
3 2189 2188 3090 
3 2188 3091 3090 
3 2595 3091 3092 
3 2596 2595 3092 
3 3093 3094 3095 
3 3096 3097 3098 
3 2265 2859 3099 
3 3100 2679 3101 
3 2846 3102 3103 
3 3104 2539 3105 
3 1985 1984 3106 
3 1998 1992 3107 
3 2313 2317 2318 
3 2539 3104 2540 
3 3108 2725 2490 
3 2969 2852 3109 
3 3110 3111 3112 
3 3113 3114 3115 
3 2597 2596 3116 
3 3117 3118 3119 
3 2427 2216 2202 
3 3111 2511 2513 
3 2267 2612 2268 
3 2668 2667 2789 
3 2489 3120 2490 
3 3121 2722 3122 
3 2292 2492 3123 
3 3124 2498 3125 
3 3120 3108 2490 
3 3126 2633 2635 
3 2633 3127 2636 
3 3025 3128 3129 
3 3023 3130 3131 
3 3130 3132 3131 
3 3133 3134 3135 
3 3132 3133 3135 
3 2942 3136 3137 
3 3136 2912 3138 
3 2691 2690 3139 
3 2638 2633 2639 
3 3140 2595 3141 
3 2175 3142 3143 
3 2975 3144 3145 
3 3146 2975 3145 
3 3147 2531 3148 
3 2532 2098 3055 
3 3149 3150 3151 
3 3151 2996 3152 
3 3153 3150 3154 
3 3155 3134 3156 
3 3157 3111 3158 
3 3146 3157 3158 
3 2996 3159 3152 
3 2041 3088 3087 
3 2751 3058 2855 
3 3160 3161 3162 
3 3161 3163 3162 
3 2943 3164 3160 
3 3164 3161 3160 
3 3165 3155 3166 
3 3155 3156 3166 
3 2532 3167 2527 
3 2771 2679 3100 
3 3168 3169 3170 
3 3169 3171 3170 
3 3062 3172 3173 
3 2485 3174 3110 
3 2198 2732 2206 
3 3063 3062 3173 
3 2987 2588 2252 
3 2691 2659 2692 
3 2235 2965 3175 
3 3176 3177 3178 
3 2708 2706 3179 
3 2922 2920 3149 
3 2800 2134 2477 
3 2857 2796 2856 
3 2799 2987 2252 
3 2088 3180 2646 
3 2643 2541 2543 
3 2541 2643 3181 
3 3164 3182 3183 
3 3161 3164 3183 
3 3182 3184 3183 
3 2972 2943 3160 
3 3185 2187 3029 
3 3027 3185 3029 
3 2621 2258 2261 
3 2713 2712 2059 
3 3186 2259 2340 
3 3149 2920 3187 
3 3182 3188 3189 
3 3190 3191 3192 
3 3190 3193 3191 
3 2955 3182 3192 
3 3191 2945 3194 
3 2263 2967 3195 
3 3196 3197 3198 
3 3185 3027 2555 
3 2556 3199 2557 
3 3200 2552 2808 
3 3200 2627 2851 
3 3201 3202 3203 
3 2669 2670 2823 
3 3204 3205 3206 
3 2822 2669 2823 
3 3207 3205 3204 
3 3208 2963 3042 
3 3209 3208 3042 
3 3041 3031 3209 
3 2407 2404 2409 
3 2404 2408 2409 
3 2404 2369 2408 
3 2369 2391 2408 
3 3047 3046 3210 
3 3046 3211 3210 
3 2596 3212 3117 
3 2188 2187 3213 
3 3214 2188 3213 
3 2222 2796 2801 
3 3215 3216 3217 
3 2717 3218 3219 
3 1999 3220 1995 
3 3218 3221 3222 
3 3221 3223 3222 
3 3025 3024 3224 
3 3143 3147 3148 
3 2846 3025 3129 
3 2994 2996 3153 
3 3058 2853 2855 
3 3180 2131 3225 
3 3128 3226 3227 
3 2172 3228 2173 
3 2761 2760 3229 
3 2249 2901 3230 
3 3022 3215 3231 
3 2187 3185 3232 
3 3185 3199 3232 
3 2271 3233 2272 
3 2773 3234 3235 
3 3221 3236 3237 
3 3223 3221 3237 
3 3100 3238 3239 
3 2708 2771 3236 
3 3218 1999 3219 
3 1999 1994 3219 
3 2556 2691 3199 
3 3024 3238 3100 
3 3223 3238 3240 
3 3238 3024 3240 
3 3214 2693 3241 
3 2693 2667 3241 
3 3242 2786 2879 
3 3214 3243 2690 
3 3212 3214 3241 
3 3199 2691 3139 
3 2678 2676 2683 
3 2676 2710 2682 
3 3218 2717 2716 
3 3016 3244 3245 
3 3244 3246 3245 
3 3208 3030 3247 
3 3081 3208 3247 
3 3248 3249 3250 
3 3251 3248 3250 
3 3252 3253 3254 
3 3255 2880 2879 
3 2688 2687 3256 
3 3243 2187 3232 
3 1994 2717 3219 
3 3068 3257 2922 
3 3221 2744 3258 
3 2410 3252 3254 
3 3236 3238 3237 
3 3238 3223 3237 
3 3259 3218 3222 
3 3260 3261 3262 
3 3263 3260 3262 
3 3264 3265 3266 
3 3267 2907 3268 
3 2907 3269 3268 
3 2988 3270 3271 
3 3272 3242 3273 
3 2918 2642 3274 
3 2786 3242 3272 
3 2273 2786 3275 
3 2679 3224 3101 
3 3238 3236 3239 
3 2679 2936 3224 
3 2936 3128 3276 
3 2646 3180 3225 
3 2642 2834 3274 
3 3277 2918 3274 
3 2832 3277 2833 
3 2514 2245 2030 
3 3278 3279 3280 
3 3215 3281 3282 
3 2527 3167 3283 
3 2832 2850 3284 
3 3167 2532 2521 
3 2667 3212 3241 
3 2879 2786 3285 
3 3286 2791 2790 
3 2760 2503 3287 
3 2665 2007 2935 
3 3128 2936 3226 
3 3288 3176 3178 
3 2850 3289 3284 
3 3290 3291 3292 
3 2915 3032 3293 
3 3223 3259 3222 
3 3294 3244 3295 
3 3244 3291 3295 
3 3296 2867 2868 
3 2869 3297 2618 
3 3202 3201 2174 
3 2108 3008 2110 
3 3167 2273 3283 
3 2026 2928 2027 
3 2821 3067 3298 
3 2532 2525 2098 
3 3299 3300 3301 
3 3022 2903 2536 
3 2862 2374 3302 
3 3281 3128 3227 
3 2161 3058 2812 
3 3215 3022 3216 
3 3201 2171 2174 
3 2995 2994 3303 
3 2994 3304 3303 
3 3305 2360 2818 
3 3306 2713 2059 
3 2339 3306 2341 
3 3307 3308 3309 
3 3310 2506 2852 
3 2806 3311 2807 
3 2674 2703 2805 
3 2257 3200 2256 
3 2796 2798 2801 
3 2521 2532 2522 
3 2978 2460 3005 
3 2460 2463 3005 
3 3312 3155 3070 
3 2978 3312 3070 
3 3197 2263 3198 
3 2777 2400 3313 
3 2953 3314 2954 
3 3314 3155 2954 
3 2969 3310 2852 
3 3315 2613 2752 
3 3242 2729 3316 
3 2157 3200 2851 
3 3317 3061 3318 
3 2243 2533 2244 
3 2361 2715 2363 
3 2817 3305 2816 
3 2952 3319 3320 
3 3314 2432 2950 
3 3311 3321 2652 
3 3321 3311 2528 
3 3155 3314 2950 
3 3311 2806 2811 
3 2763 2937 2976 
3 2937 2972 2976 
3 3174 2485 2764 
3 2763 3174 2764 
3 3322 2731 2735 
3 2180 3322 2735 
3 2912 2864 3323 
3 2263 3197 2264 
3 2715 2867 3296 
3 2890 3324 3325 
3 3326 3327 3328 
3 3329 3326 3328 
3 3330 3331 3332 
3 3286 2790 2501 
3 2007 2765 2502 
3 2859 3021 3333 
3 2920 2923 2921 
3 2922 3257 2923 
3 3257 2418 2923 
3 2922 3149 3334 
3 2920 2953 3187 
3 3199 3243 3232 
3 2706 2742 3179 
3 3335 2712 2714 
3 2421 2432 2944 
3 2131 2800 2756 
3 2246 3040 2247 
3 2864 2859 2265 
3 3322 2180 2696 
3 2890 3336 2688 
3 2799 2252 2254 
3 3243 3214 3213 
3 2699 3322 2696 
3 2670 3257 3337 
3 3336 3067 3069 
3 3142 3147 3143 
3 2175 3159 3338 
3 3067 3324 3298 
3 3339 3321 3340 
3 3138 3197 3196 
3 3288 2760 3341 
3 2877 2669 2822 
3 2364 2360 2362 
3 2276 3056 2169 
3 2276 2928 2930 
3 3193 2263 3195 
3 2241 2702 2738 
3 2702 3342 2738 
3 2942 3164 2943 
3 3314 2920 2743 
3 2880 3343 3344 
3 3342 2664 2739 
3 2664 2742 2739 
3 3182 3164 3188 
3 2972 2941 2943 
3 3345 2776 2795 
3 2007 2761 3346 
3 2941 3136 2942 
3 2864 2265 3323 
3 2573 2800 2813 
3 3136 2941 2777 
3 3193 2946 3191 
3 3174 3146 3158 
3 3271 3270 3347 
3 3147 2528 2530 
3 3136 3138 3137 
3 2938 2941 2939 
3 2941 2972 2939 
3 2453 2403 3348 
3 2777 2941 3349 
3 2680 2771 2742 
3 3132 3004 3131 
3 2664 2663 2680 
3 2736 2880 2754 
3 2180 2730 2736 
3 2730 2880 2736 
3 3350 2503 3351 
3 3350 2792 3352 
3 3002 3011 3353 
3 2659 2694 2883 
3 2692 2659 2883 
3 3354 3002 3353 
3 2791 3255 3355 
3 2618 3297 3356 
3 3215 3282 3357 
3 2080 2796 2804 
3 2742 2706 2739 
3 3163 2972 3162 
3 3144 2972 3163 
3 3184 3161 3183 
3 2955 3184 3182 
3 3011 3297 3358 
3 3359 2665 2772 
3 3342 3359 2772 
3 3360 2952 3165 
3 3142 3339 3340 
3 3361 3319 3362 
3 3360 3361 3362 
3 2538 2666 2668 
3 2632 2538 2668 
3 2791 3286 3343 
3 3255 2791 3343 
3 2627 3200 2809 
3 2786 2788 3285 
3 2880 2729 2881 
3 3363 2791 3355 
3 2880 3255 3343 
3 3069 3364 3365 
3 3286 2737 2754 
3 3191 2946 2945 
3 2532 2523 2522 
3 2754 2880 3344 
3 2685 3366 3367 
3 3359 2007 2665 
3 2659 2191 2660 
3 2191 3368 2660 
3 2695 2671 2699 
3 2671 3322 2699 
3 2682 2717 2683 
3 2717 2678 2683 
3 3369 3146 3145 
3 3370 3371 3372 
3 3312 3132 3135 
3 2413 2385 2384 
3 2410 3373 2384 
3 3374 3375 3376 
3 2044 3374 3376 
3 2716 2717 2682 
3 3221 3218 2716 
3 3259 1999 3218 
3 3228 3031 3377 
3 2238 2676 2677 
3 2239 2238 2677 
3 3359 3342 2658 
3 2657 3359 2658 
3 2191 2190 3368 
3 2190 2539 3368 
3 2238 2707 2711 
3 2676 2238 2711 
3 2238 2241 2707 
3 3369 3157 3146 
3 3144 3369 3145 
3 3378 3379 1989 
3 2539 2632 3368 
3 2710 2676 2711 
3 2239 2213 2240 
3 3111 3174 3158 
3 3130 3133 3132 
3 3134 3312 3135 
3 3380 1990 1996 
3 3004 3023 3131 
3 2459 2044 3376 
3 3073 3072 3080 
3 2010 2064 3381 
3 2676 2678 2675 
3 2637 2676 2675 
3 3126 2637 2639 
3 2633 3126 2639 
3 2314 2191 2672 
3 2191 2659 2672 
3 2693 2690 2692 
3 2694 2693 2883 
3 2693 3214 2690 
3 3212 2188 3214 
3 2187 3243 3213 
3 3382 2872 2873 
3 2698 2671 2700 
3 2671 2659 2700 
3 2697 3322 2698 
3 3322 2671 2698 
3 2731 3322 2697 
3 2556 3316 3383 
3 2880 2730 2729 
3 3124 3384 3385 
3 3386 3022 3231 
3 2292 2196 2493 
3 2209 3130 2723 
3 2385 3387 3388 
3 3307 2385 3388 
3 2385 2413 3387 
3 3389 3307 3388 
3 2410 2384 2386 
3 3058 2751 2858 
3 2912 3197 3138 
3 1981 3390 3391 
3 2512 3392 3393 
3 3220 3394 3395 
3 2651 3396 3397 
3 1993 1995 3398 
3 3399 3400 3401 
3 2565 2343 3402 
3 3403 3404 3405 
3 3093 3403 3405 
3 3406 2726 2728 
3 3407 3408 3409 
3 3408 3410 3409 
3 3411 3412 3407 
3 3412 3413 3407 
3 2290 2292 3123 
3 3414 3415 3416 
3 2201 2218 3417 
3 3418 2548 3419 
3 3420 3414 3416 
3 3421 3414 3422 
3 3414 3423 3422 
3 2000 3424 3425 
3 3424 3426 3425 
3 3420 3246 3427 
3 3246 3294 3427 
3 3246 3244 3294 
3 2836 2835 3292 
3 3252 3428 3429 
3 3253 3252 3430 
3 3431 2924 3432 
3 2924 3289 3432 
3 3400 3413 3433 
3 3434 3400 3433 
3 3400 3399 3413 
3 3435 3436 3437 
3 3438 3435 3437 
3 2487 2478 2484 
3 2992 2048 2136 
3 2259 2138 2137 
3 3439 3088 3440 
3 3088 2041 3440 
3 3441 2459 3442 
3 2459 3375 3442 
3 3443 3444 2518 
3 3445 3443 2518 
3 3260 3446 3447 
3 3404 3260 3447 
3 3448 3404 3447 
3 3449 3450 3451 
3 3450 3452 3451 
3 2417 2249 3230 
3 3265 3453 3454 
3 2596 3117 3119 
3 3260 3403 3371 
3 2282 2782 2933 
3 2308 2751 3455 
3 3456 3457 3141 
3 3456 3141 2597 
3 3456 2597 3116 
3 2278 2435 2251 
3 2435 2248 2251 
3 2414 2576 3458 
3 3091 3212 3092 
3 1995 3220 3398 
3 1999 3459 3460 
3 2875 3461 2870 
3 3462 3053 3463 
3 3233 2271 3464 
3 2576 2359 3458 
3 2899 2248 2436 
3 2361 2360 3465 
3 3466 2361 3465 
3 2595 3467 3091 
3 3091 3467 3090 
3 3467 2595 3140 
3 3467 2189 3090 
3 2378 2371 2411 
3 3459 3259 3468 
3 2371 2183 2411 
3 3467 3469 2189 
3 3469 3470 2927 
3 2237 3471 2236 
3 3470 3317 2925 
3 3305 2134 2816 
3 2985 3472 3473 
3 3474 3475 3476 
3 2183 2376 2411 
3 3477 2685 3266 
3 2488 2291 2434 
3 2291 2392 2434 
3 2461 2392 2462 
3 2392 2464 2462 
3 2453 2446 2448 
3 2504 2453 2448 
3 3200 2157 2256 
3 2937 2763 2446 
3 3029 3317 3028 
3 2975 3174 2763 
3 2949 3155 2950 
3 2845 3478 2844 
3 3061 3317 3479 
3 3212 2596 3092 
3 3102 2959 2983 
3 2877 3354 3480 
3 3354 3353 3480 
3 3481 3482 2878 
3 2877 3481 2878 
3 3161 3184 3483 
3 3102 2960 2959 
3 2369 2368 3484 
3 2391 2369 3484 
3 2479 3485 2480 
3 3485 2504 2480 
3 2389 2396 2398 
3 2390 2389 2398 
3 3485 2443 2445 
3 2504 3485 2445 
3 2196 2292 2488 
3 2270 3272 3066 
3 3486 3487 3488 
3 2197 2196 2488 
3 2444 2426 2454 
3 3486 3043 3044 
3 2504 2444 2454 
3 3489 2199 2457 
3 3486 3049 3487 
3 3235 3233 3464 
3 3102 2986 3103 
3 3031 3041 3490 
3 3030 3208 3209 
3 2840 2885 2686 
3 2885 2684 2686 
3 3013 3491 3492 
3 2964 3493 2982 
3 2602 2838 2148 
3 2838 2145 2148 
3 3336 2785 2689 
3 2688 3336 2689 
3 2793 2227 2226 
3 2032 2021 2784 
3 2887 2886 3494 
3 2886 3495 3494 
3 3496 3497 3495 
3 2525 2524 3498 
3 2273 3167 2787 
3 3497 3499 3495 
3 3500 3315 2221 
3 2793 2778 2780 
3 2249 2248 2897 
3 3224 2936 3276 
3 2048 2992 2759 
3 2189 3469 2927 
3 2541 3471 2542 
3 2604 2915 3501 
3 2392 3489 2457 
3 2494 2463 2495 
3 2463 2291 2495 
3 2657 2345 2767 
3 3502 3113 2204 
3 2345 2181 2767 
3 3058 2052 2853 
3 3503 2345 3504 
3 3317 3029 2925 
3 2291 2290 2495 
3 2486 2981 2487 
3 2981 2478 2487 
3 2458 3489 2394 
3 3489 2392 2394 
3 2390 2407 2409 
3 2368 2401 3484 
3 2673 2179 2482 
3 2179 2181 2482 
3 2481 2980 2479 
3 2980 3485 2479 
3 2106 2105 3505 
3 2401 2391 3484 
3 2872 3382 3506 
3 2877 2876 2882 
3 3021 2862 3507 
3 3297 2869 3057 
3 3482 3481 3358 
3 3481 3011 3358 
3 3372 3093 3508 
3 3093 3095 3508 
3 3220 1999 3460 
3 2325 2092 2311 
3 2615 3509 2752 
3 3510 2228 2230 
3 2096 3511 2794 
3 3512 2331 2750 
3 3014 3513 3514 
3 2895 3014 3514 
3 2992 2440 2748 
3 2579 2992 2748 
3 2673 2346 2701 
3 2346 2674 2701 
3 3056 2276 2930 
3 2929 3056 2930 
3 2574 2233 2232 
3 2874 2870 3515 
3 2621 2874 3515 
3 3491 3516 3517 
3 2301 3491 3517 
3 3518 3519 2598 
3 3045 3518 2598 
3 3049 3048 3454 
3 3453 3049 3454 
3 2774 3049 3453 
3 3048 3265 3454 
3 3265 3264 3453 
3 3040 2017 2781 
3 3297 2872 3482 
3 2979 2393 2461 
3 2393 2392 2461 
3 2978 2949 2979 
3 2949 2393 2979 
3 3004 3312 2978 
3 3155 2949 3070 
3 2381 2669 2382 
3 2105 2104 2940 
3 2418 3257 2381 
3 2393 2433 2458 
3 2393 2432 2433 
3 2420 3489 2458 
3 2433 2420 2458 
3 2182 2429 2430 
3 2183 2182 2430 
3 2456 3489 2429 
3 3489 2420 2429 
3 2936 2776 3520 
3 2403 2453 2426 
3 3348 2403 3521 
3 2403 2396 3521 
3 3361 3522 3523 
3 2561 3521 3524 
3 2444 2397 2426 
3 2389 2399 2395 
3 2450 2444 2443 
3 2404 2371 2405 
3 2371 2370 2405 
3 2104 2371 2378 
3 2397 2423 2425 
3 2076 2705 2075 
3 3319 3271 3347 
3 3304 3319 3347 
3 3319 3361 3271 
3 3361 2988 3271 
3 2055 3510 2230 
3 2131 3180 2770 
3 3471 2234 2236 
3 3462 2832 3525 
3 3180 3526 2769 
3 2625 2551 2616 
3 2390 2397 2425 
3 2969 2968 3310 
3 2397 2444 2423 
3 2997 3527 3528 
3 2444 2450 2423 
3 2216 2427 2450 
3 2420 2415 2416 
3 2183 2430 3529 
3 2422 2376 2415 
3 2938 2937 2973 
3 2377 2376 2422 
3 2376 2183 2416 
3 2421 2418 2422 
3 2913 2400 3530 
3 2504 2478 2480 
3 3060 2829 2998 
3 2401 2910 2402 
3 2368 2375 2911 
3 2375 2910 2911 
3 2401 2368 2911 
3 2863 2860 3531 
3 2860 2910 3531 
3 2191 2314 2315 
3 2192 2191 2315 
3 2671 2695 2314 
3 2756 2800 2757 
3 2751 2932 3455 
3 2643 3491 3532 
3 2179 2673 2695 
3 2235 3278 2237 
3 3533 3270 3534 
3 3007 3518 3008 
3 2400 2399 3530 
3 2531 3147 2530 
3 3339 3142 3535 
3 2374 2372 3536 
3 3184 2955 2958 
3 2466 2793 2780 
3 2965 2967 3537 
3 3175 2965 3537 
3 3180 2769 2770 
3 3538 2618 3356 
3 2985 3240 2986 
3 3538 2619 2618 
3 2867 3175 3537 
3 2535 3216 2536 
3 3539 2535 2537 
3 3368 2632 2660 
3 3192 3191 3194 
3 2416 2183 3529 
3 2040 2325 2330 
3 2956 3540 2957 
3 2271 2270 3065 
3 2146 3033 2147 
3 3270 2016 2995 
3 2014 2178 2015 
3 3270 2988 2909 
3 3012 3541 3542 
3 3321 3339 3543 
3 3021 2712 3544 
3 2984 3102 2983 
3 2374 2862 2863 
3 3545 3184 2958 
3 3184 3248 3483 
3 2915 3039 2916 
3 3248 3184 3545 
3 3043 3486 3488 
3 3102 3478 2960 
3 3361 3523 3546 
3 3547 3075 3548 
3 2988 3361 3546 
3 3549 3547 3550 
3 2528 3147 3551 
3 3147 3340 3551 
3 2003 3500 2223 
3 2475 2144 2749 
3 2199 2455 2200 
3 2455 2198 2200 
3 2453 2504 2454 
3 3489 2456 2199 
3 2182 2431 2456 
3 2373 2368 2379 
3 2368 2370 2379 
3 3552 2372 2373 
3 2104 2106 2380 
3 3382 2374 3536 
3 2370 2104 2379 
3 2056 3021 3553 
3 3554 3369 3555 
3 3556 3251 3250 
3 3557 3558 3251 
3 3549 3075 3547 
3 3075 3522 3548 
3 2208 3549 3550 
3 3559 3018 3077 
3 3549 3560 3076 
3 3561 3562 3513 
3 3014 3561 3513 
3 3563 2507 3564 
3 3565 3563 3564 
3 2837 2836 3566 
3 2836 2998 3566 
3 2057 3567 3568 
3 3186 2057 3568 
3 2057 2056 3567 
3 3098 3097 2085 
3 3097 2086 2085 
3 3558 3569 3554 
3 3369 3570 3555 
3 2400 2912 3313 
3 2374 3382 3302 
3 2259 3186 2260 
3 2941 2938 3349 
3 3333 3021 3544 
3 2859 2864 2860 
3 3569 2512 3571 
3 3569 3557 3572 
3 2859 3333 3099 
3 2867 2715 3573 
3 3174 2975 3146 
3 3574 3575 3576 
3 2183 2184 2186 
3 2162 2183 2186 
3 2371 2404 2184 
3 2183 2371 2184 
3 2216 2450 2443 
3 2431 2182 2164 
3 2182 2162 2164 
3 3554 3569 3571 
3 3569 3572 3577 
3 3111 3157 2511 
3 2322 3578 3579 
3 3392 2287 3393 
3 3580 3574 3121 
3 2208 3130 2209 
3 3574 3576 3581 
3 3248 3570 3582 
3 3483 3248 3582 
3 3580 3121 3122 
3 3428 3252 3583 
3 3331 3450 3332 
3 3450 3584 3332 
3 2928 2278 3585 
3 3586 3587 3588 
3 2715 3335 2714 
3 2726 3406 2727 
3 2829 2828 2837 
3 2915 3293 3501 
3 3589 3590 3591 
3 2638 3127 2633 
3 3592 3593 3594 
3 2705 2904 2130 
3 2938 2453 3348 
3 2841 2685 3367 
3 3037 3036 3595 
3 3596 2541 3181 
3 3597 3421 3598 
3 3467 3140 3599 
3 3387 2413 3600 
3 3457 3456 3114 
3 3601 3602 3603 
3 2188 3212 3091 
3 3602 3601 2651 
3 2654 2161 2160 
3 3041 3209 3042 
3 3485 2451 2452 
3 2443 3485 2452 
3 2651 3601 2650 
3 3269 2931 3604 
3 2765 3359 2766 
3 3359 2657 2766 
3 3502 3605 3606 
3 3114 3456 3115 
3 3457 3140 3141 
3 3120 2489 3390 
3 3114 3502 3606 
3 3602 2651 3397 
3 3607 3601 3603 
3 3601 2648 2650 
3 3266 3265 3608 
3 3265 3609 3608 
3 3499 2887 3494 
3 2531 2529 3610 
3 2159 2654 2160 
3 2745 2158 2161 
3 2652 3060 2159 
3 3457 3611 3140 
3 3486 3172 3612 
3 3613 3467 3599 
3 3502 3614 3605 
3 2964 3615 3616 
3 3312 3004 3132 
3 3617 3607 3618 
3 3373 2410 3254 
3 3619 2002 3620 
3 3471 2237 3621 
3 3216 2535 3622 
3 3623 3234 3624 
3 2063 3623 3624 
3 3509 2615 2616 
3 3625 2797 2857 
3 2078 3625 2857 
3 2138 2157 2607 
3 3073 3626 3627 
3 3628 3629 3630 
3 3629 3470 3630 
3 3631 2517 3632 
3 3632 2517 3633 
3 3203 3215 3217 
3 2080 2804 3634 
3 3635 3133 3547 
3 3636 3474 3637 
3 3370 3638 3639 
3 3094 3640 3641 
3 3094 3641 3095 
3 2155 2255 2156 
3 2140 2138 2607 
3 2152 2305 2153 
3 2253 2599 3642 
3 3643 2646 2081 
3 2127 3644 3645 
3 3074 3073 3627 
3 3264 3266 2684 
3 2885 3264 2684 
3 2625 2616 2617 
3 3646 3647 3648 
3 3649 3646 3648 
3 2752 2613 2753 
3 2609 2140 2338 
3 3253 2578 3650 
3 3254 3253 3650 
3 3062 3629 3168 
3 3192 3182 3189 
3 2158 2745 2747 
3 2806 2158 2747 
3 3629 3651 3168 
3 3512 2142 3652 
3 3629 3628 3651 
3 2142 3306 3652 
3 3493 2964 3261 
3 3197 2265 2264 
3 3403 3093 3372 
3 3371 3639 3653 
3 2552 2551 2808 
3 2551 2625 2808 
3 2715 2713 2363 
3 2713 2364 2363 
3 3654 2025 2028 
3 2417 3654 2028 
3 3655 3386 3656 
3 3288 3655 3656 
3 2899 2436 2628 
3 2125 2899 2623 
3 3176 3288 3656 
3 2621 2869 2620 
3 3655 3341 3657 
3 2025 3655 3657 
3 3658 3056 2929 
3 2026 3658 2929 
3 2903 3022 2902 
3 3046 3486 3612 
3 3619 3659 3171 
3 3062 3168 3170 
3 2035 2465 2128 
3 2621 2619 3660 
3 2619 2558 3660 
3 3176 3231 3357 
3 3282 3176 3357 
3 3661 3625 3662 
3 3663 3307 3309 
3 3041 2963 2962 
3 3664 3592 3665 
3 3666 3592 3594 
3 3592 3263 3615 
3 3028 3317 3318 
3 2331 3512 2332 
3 2142 3512 2749 
3 2364 2141 2143 
3 2755 2082 2756 
3 2082 2131 2756 
3 2130 2904 2129 
3 2167 2293 2166 
3 3032 3228 3293 
3 3228 2172 3293 
3 2255 2157 2156 
3 3625 2078 3662 
3 3011 3625 3661 
3 3356 3011 3661 
3 3518 3007 3667 
3 2830 2829 3668 
3 2829 3543 3668 
3 3474 3472 3638 
3 3669 3670 3671 
3 3430 3252 3429 
3 3669 3672 3673 
3 3030 2915 2914 
3 3040 2246 3674 
3 2144 2364 2143 
3 3587 3586 2516 
3 2037 2568 2570 
3 3669 3673 3675 
3 2529 2810 3676 
3 3610 2529 3676 
3 3500 2003 3610 
3 2810 3500 3676 
3 3500 2221 2223 
3 3500 3610 3676 
3 3120 3677 3678 
3 2117 2029 2118 
3 2115 2293 2116 
3 2568 2533 2590 
3 2057 3186 2341 
3 3306 2057 2341 
3 2712 2056 2058 
3 2057 3306 2059 
3 2089 2253 3642 
3 2580 2125 2584 
3 2874 2621 2261 
3 3186 2874 2261 
3 3047 3389 3609 
3 2870 2869 3515 
3 2869 2618 2620 
3 2417 2251 2250 
3 2723 3023 2724 
3 2451 2980 3679 
3 3520 3345 3680 
3 3345 3178 3680 
3 3477 3387 3600 
3 3681 3477 3600 
3 2574 2573 2233 
3 2564 2137 2139 
3 2269 2612 3682 
3 2586 2074 3683 
3 2074 3684 3683 
3 2619 2077 2559 
3 2558 2619 2559 
3 3684 3033 3683 
3 2140 2564 2139 
3 3306 2142 2141 
3 3244 3016 3685 
3 3291 3244 3685 
3 2591 2611 3686 
3 3519 2081 2083 
3 2082 2755 2084 
3 3390 1980 3687 
3 1980 3688 3687 
3 2904 2149 2150 
3 2637 2640 2641 
3 2239 2637 2641 
3 3689 3690 3691 
3 3690 3692 3691 
3 2765 3286 2502 
3 3286 2501 2502 
3 3629 3061 3479 
3 3470 3629 3479 
3 2163 2406 2428 
3 2427 2163 2428 
3 3318 3061 3693 
3 3044 3026 3063 
3 2455 2732 2198 
3 3475 3694 3468 
3 3694 3459 3468 
3 3475 3223 3476 
3 3473 3472 3695 
3 2483 2504 2974 
3 2504 2448 2974 
3 3150 3320 3696 
3 2135 2992 2136 
3 2749 3512 2750 
3 2514 2117 2827 
3 2117 2472 2827 
3 2359 2576 2473 
3 2118 2471 2119 
3 2365 3697 3098 
3 3386 3654 2900 
3 3654 2901 2900 
3 3698 2629 3699 
3 2117 2514 2030 
3 2029 2117 2030 
3 3053 3700 3463 
3 3700 3698 3463 
3 2744 2708 3258 
3 2708 3236 3258 
3 3472 3476 3695 
3 3643 2088 2646 
3 3007 3562 3701 
3 2365 2085 2087 
3 2084 3519 2083 
3 3226 3177 3227 
3 3177 3281 3227 
3 3236 3221 3258 
3 3698 3700 3702 
3 3414 3420 3427 
3 3520 3177 3226 
3 3703 2077 2079 
3 2552 3703 2553 
3 2800 2477 2813 
3 3704 2931 2906 
3 2600 2755 2575 
3 2154 2574 2232 
3 3058 2605 2812 
3 2134 3705 3706 
3 2608 2334 2815 
3 3319 2952 3362 
3 2952 3360 3362 
3 3694 3636 3618 
3 3607 3694 3618 
3 3462 3561 3053 
3 3707 3289 3708 
3 3709 3707 3708 
3 3710 3711 3712 
3 3491 2299 2956 
3 3707 3710 3431 
3 3370 3636 3637 
3 3710 3707 3709 
3 2629 3698 3713 
3 3590 3710 3714 
3 3423 3715 3422 
3 3716 3597 3598 
3 3420 2886 2889 
3 3421 3597 3415 
3 3597 3496 3717 
3 3638 3370 3637 
3 2649 3718 3719 
3 3720 2649 3719 
3 3721 3715 3267 
3 2321 3557 3722 
3 2800 2131 2133 
3 2687 3143 3148 
3 2531 2687 3148 
3 2038 2591 2324 
3 2610 2745 2611 
3 2559 3703 2560 
3 2471 2120 2119 
3 3315 3207 3204 
3 2613 3315 3204 
3 3500 2810 3207 
3 3315 3500 3207 
3 2755 2573 2575 
3 2282 2350 2934 
3 3559 3723 3724 
3 3725 3540 3726 
3 3248 3725 3249 
3 3727 3556 3728 
3 3725 3729 3249 
3 3710 3730 3711 
3 3721 3731 3716 
3 3730 3732 3436 
3 3710 3709 3714 
3 3415 3597 3717 
3 2907 2931 3269 
3 2931 3018 3604 
3 2629 2832 3699 
3 3733 3734 3735 
3 3503 2702 2703 
3 2213 2674 2805 
3 2576 2472 2473 
3 3736 2146 2449 
3 2167 2097 2100 
3 2987 2799 2308 
3 2580 2127 2126 
3 2612 2626 3737 
3 3435 3727 3728 
3 3558 3248 3251 
3 3559 3738 3739 
3 3738 3559 3724 
3 3740 3733 3741 
3 3742 3740 3743 
3 3075 3549 3076 
3 3723 3575 3744 
3 3703 2552 2560 
3 2465 2045 2353 
3 3018 3559 3739 
3 2098 2097 2169 
3 2565 2067 2102 
3 2582 2580 2584 
3 2582 2758 2581 
3 2758 2579 2581 
3 3072 3074 3745 
3 2704 3072 3745 
3 3683 3033 3034 
3 2101 2111 2113 
3 3518 3045 2110 
3 3008 3518 2110 
3 3746 2321 3747 
3 2887 3748 2888 
3 2321 3746 2322 
3 3045 2107 2109 
3 2108 2895 3008 
3 3009 3423 3749 
3 3746 3727 3750 
3 3575 3751 3744 
3 3751 3752 3753 
3 2904 2012 2129 
3 3075 3077 3020 
3 3019 3075 3020 
3 3561 3014 3054 
3 3575 3560 3576 
3 3053 3561 3054 
3 2080 3703 2079 
3 3016 3052 3017 
3 3052 2893 3017 
3 2819 2013 3051 
3 2013 3050 3051 
3 2066 2582 2469 
3 2892 2895 3754 
3 2050 2892 3754 
3 2872 3297 3057 
3 2871 2872 3057 
3 2276 2169 2170 
3 2032 3040 2781 
3 2644 2349 3755 
3 3281 3203 3756 
3 2293 2165 2166 
3 2098 2525 2099 
3 2074 3757 3684 
3 3757 3038 3684 
3 2797 3625 3003 
3 3625 3011 3003 
3 2896 2071 2355 
3 2998 2997 2656 
3 2997 2653 2656 
3 2654 3060 2655 
3 2295 2644 3755 
3 2123 2279 2281 
3 2279 2349 2351 
3 3578 2562 3579 
3 3746 3578 2322 
3 3578 2968 2562 
3 3134 3635 3156 
3 3635 3360 3156 
3 3342 3503 3504 
3 2658 3342 3504 
3 3574 2593 3758 
3 3759 3760 3758 
3 2593 3759 3758 
3 2592 2726 2593 
3 3761 3732 3762 
3 3763 3764 3765 
3 2406 2185 2407 
3 2185 2404 2407 
3 2219 3766 2220 
3 3766 3767 2220 
3 2773 3487 3768 
3 3761 3379 3769 
3 3379 3770 3769 
3 2503 2790 3351 
3 2946 2967 2966 
3 2608 2477 2476 
3 2004 2798 2891 
3 2688 2004 2891 
3 2782 2466 2468 
3 2909 2989 3534 
3 2989 3533 3534 
3 2013 2016 3533 
3 2989 2013 3533 
3 3270 2909 3534 
3 2253 2089 2091 
3 2644 2350 2349 
3 3068 3067 3771 
3 3337 3068 3771 
3 2821 2670 3337 
3 3067 2821 3771 
3 3257 3068 3337 
3 3095 3370 3508 
3 2588 2987 3772 
3 2951 2892 2049 
3 2892 2050 2049 
3 3773 2847 2848 
3 3774 2224 3775 
3 2048 2352 2047 
3 3773 2884 2847 
3 2365 2367 2825 
3 2060 2063 3624 
3 2288 2563 2289 
3 2592 2594 3776 
3 2576 3373 2578 
3 3697 2365 2825 
3 2088 3643 2366 
3 2778 3511 3777 
3 2524 3234 3498 
3 2797 2890 2798 
3 2841 2094 2093 
3 2092 2253 2091 
3 2357 2094 2841 
3 3324 2890 3778 
3 2890 2797 3778 
3 3757 3779 3039 
3 3038 3757 3039 
3 3774 2093 2095 
3 2243 2612 3737 
3 2440 2992 2839 
3 2441 2622 2442 
3 2838 2437 2439 
3 2871 3461 2873 
3 3461 3382 2873 
3 2040 2533 2039 
3 3643 2367 2366 
3 2896 2297 2296 
3 2918 3277 2919 
3 3431 3710 3712 
3 2848 3774 3775 
3 3062 3171 3780 
3 2465 2071 2128 
3 2525 3623 2100 
3 3623 2167 2100 
3 2342 2103 2335 
3 3426 3781 3425 
3 3469 3613 3782 
3 3630 3469 3782 
3 3783 3035 3784 
3 3785 3144 3163 
3 3161 3785 3163 
3 3786 3124 3720 
3 2074 2586 2076 
3 2705 2073 2075 
3 2896 2022 2072 
3 3396 2649 3787 
3 2920 3314 2953 
3 2968 2563 2562 
3 3420 2889 3788 
3 2146 3736 3789 
3 2609 2338 2337 
3 2269 2305 2302 
3 3049 2774 3768 
3 2884 2063 2062 
3 2774 3264 3790 
3 3790 2885 2061 
3 2885 2884 2061 
3 2644 3000 2645 
3 3269 3721 3268 
3 3487 3049 3768 
3 3299 3439 3441 
3 2552 3200 2257 
3 3426 2517 2519 
3 2720 2463 2494 
3 3791 2549 2718 
3 3787 3792 3793 
3 2463 2720 2719 
3 3525 2824 3794 
3 2824 3562 3795 
3 3796 3797 3798 
3 2713 3306 2141 
3 2168 2899 2628 
3 3511 2471 3777 
3 3703 2554 2553 
3 2067 2565 2068 
3 3038 2604 2603 
3 2438 3539 2441 
3 2440 2838 2439 
3 2903 3644 3539 
3 2622 3644 2127 
3 3644 3006 3645 
3 2542 3471 3799 
3 3471 3097 3799 
3 2092 2799 2254 
3 2112 2571 2585 
3 3305 2144 3705 
3 2640 3126 3800 
3 3614 3631 3605 
3 3094 3801 3802 
3 2549 3766 3803 
3 3804 3614 3805 
3 3411 3410 3806 
3 3233 2273 2272 
3 3786 3720 3719 
3 3124 3792 3720 
3 2297 2896 2355 
3 3253 3430 3807 
3 3808 3253 3807 
3 3669 3078 3809 
3 3078 3586 3809 
3 3072 2704 3810 
3 3079 3072 3810 
3 3739 3731 3811 
3 3731 3604 3811 
3 3738 3731 3739 
3 2064 3079 3810 
3 2297 2112 2585 
3 2070 2022 2036 
3 3646 3812 3813 
3 3804 3443 3814 
3 2517 3815 3633 
3 2517 3631 3445 
3 3443 3445 3814 
3 3766 3804 3805 
3 3816 3443 3817 
3 3801 3818 3819 
3 3820 3821 3822 
3 3519 3643 2081 
3 3640 3094 3802 
3 3802 3801 3819 
3 2235 3175 3466 
3 3278 2235 3466 
3 3279 3823 3280 
3 3823 2237 3280 
3 3697 2831 3824 
3 2831 2834 3824 
3 2132 3279 2817 
3 3279 3825 2817 
3 3279 3278 3825 
3 2517 3445 2518 
3 3410 3411 3409 
3 3389 3047 3826 
3 3816 3827 3828 
3 3829 3801 3830 
3 3094 3093 3812 
3 3647 3452 3648 
3 3278 2360 3825 
3 3831 3587 2065 
3 3587 2516 2065 
3 2245 2515 2246 
3 3830 3094 3812 
3 2533 2040 2244 
3 3601 3640 2648 
3 2063 2884 3832 
3 2024 2229 3833 
3 3528 3834 3835 
3 3834 2052 3836 
3 3292 3291 3837 
3 3291 3527 3837 
3 3838 3619 3620 
3 3781 2000 3425 
3 3839 2438 2437 
3 2601 2838 2602 
3 3211 3062 3780 
3 3840 3796 3841 
3 3842 3840 3843 
3 3399 3796 3798 
3 3299 3441 3844 
3 3403 3260 3404 
3 3088 3448 3446 
3 3299 3845 3300 
3 3846 3670 3847 
3 3045 2598 2589 
3 3033 2148 2147 
3 3838 3848 3849 
3 3796 3850 3848 
3 3851 3852 3853 
3 2172 2601 2604 
3 2602 3038 2603 
3 2165 2435 2277 
3 3252 2410 3583 
3 2931 3704 3019 
3 3850 3796 3399 
3 3408 3327 3410 
3 3428 3434 3854 
3 3801 3094 3830 
3 2041 2459 3440 
3 3670 3855 3856 
3 2044 3670 3856 
3 3857 3375 3858 
3 3859 3860 3861 
3 3862 3073 3863 
3 3350 3658 3864 
3 3658 2026 3864 
3 3781 2001 2000 
3 2412 3366 3681 
3 2413 2412 3681 
3 2854 2050 2567 
3 2050 3754 2567 
3 2514 2826 3865 
3 2826 2578 3866 
3 2918 2301 3517 
3 3646 3300 3647 
3 3605 3457 3606 
3 3457 3114 3606 
3 3060 2652 3867 
3 3543 3060 3867 
3 2229 2784 3833 
3 3863 3073 3868 
3 3073 3080 3868 
3 3731 3741 3869 
3 3735 3731 3869 
3 3731 3738 3741 
3 2387 2385 3870 
3 2385 3307 3870 
3 2258 3660 3871 
3 2824 2367 3562 
3 3872 3873 3874 
3 1985 3872 3874 
3 3449 3875 3876 
3 3877 3449 3876 
3 3326 3584 3877 
3 3875 3326 3876 
3 3808 2826 3866 
3 3434 3412 3854 
3 3446 3878 3879 
3 3858 3411 3806 
3 3591 3880 3881 
3 2886 3496 3495 
3 3597 3734 3496 
3 3373 2414 3882 
3 3589 3764 3763 
3 3883 3710 3590 
3 3711 3730 3884 
3 3764 3589 3885 
3 3859 3761 3762 
3 3764 3762 3765 
3 3886 3859 3861 
3 3496 3734 3887 
3 3859 3764 3860 
3 3880 3709 2849 
3 2413 2384 3882 
3 2414 2413 3882 
3 3452 3829 3649 
3 3829 3830 3649 
3 3444 3828 3888 
3 3842 3444 3888 
3 2496 3690 3889 
3 3690 3890 3889 
3 3891 3892 3438 
3 3892 3893 3894 
3 3891 3563 3892 
3 3770 3891 3769 
3 2359 2412 3458 
3 3895 3851 3896 
3 3379 3886 3897 
3 3851 3898 3886 
3 3578 3899 3900 
3 1989 3379 3897 
3 3307 3663 3870 
3 1980 3898 3901 
3 2339 2259 2137 
3 3902 3903 3904 
3 3578 3746 3899 
3 3746 3893 3899 
3 3893 2506 3899 
3 2506 3893 3565 
3 3901 3740 3742 
3 3378 3905 3906 
3 3907 3872 3908 
3 3740 3901 3895 
3 3378 1989 1982 
3 3898 1980 1989 
3 3752 3742 3753 
3 3120 3752 3677 
3 1980 3901 3688 
3 3751 3759 3677 
3 3614 3502 3805 
3 2565 2103 2344 
3 3310 3578 3900 
3 3444 3426 2519 
3 3752 3751 3677 
3 2968 3578 3310 
3 2518 3444 2519 
3 2968 3909 2971 
3 2506 3565 3564 
3 2498 3692 2499 
3 3905 3378 2546 
3 3770 3378 3906 
3 3120 3390 3687 
3 3378 1982 2546 
3 3108 3120 3678 
3 3841 3796 3910 
3 3759 2726 3108 
3 2203 2549 3803 
3 3875 3299 3844 
3 3794 2824 3795 
3 3852 3733 3853 
3 3733 3896 3853 
3 3887 3734 3852 
3 3734 3733 3852 
3 3838 3663 3309 
3 3308 3838 3309 
3 3093 3405 3813 
3 3812 3093 3813 
3 2477 2134 3706 
3 2578 3253 3866 
3 3253 3808 3866 
3 3846 3078 3671 
3 3078 3669 3671 
3 3646 3830 3812 
3 3405 3646 3813 
3 3779 3783 3784 
3 3037 3779 3784 
3 3757 2074 3783 
3 3021 3507 3553 
3 2059 2712 2058 
3 2862 3461 3507 
3 3461 2875 3507 
3 3382 3461 3302 
3 3589 3499 3885 
3 3461 2862 3302 
3 2357 2412 2359 
3 2375 2863 3531 
3 2910 2375 3531 
3 2667 3118 3117 
3 1984 3418 3419 
3 3779 3757 3783 
3 3307 3389 3826 
3 2064 3810 3381 
3 2884 3773 3001 
3 2612 2627 2626 
3 2060 3790 2061 
3 2060 2774 3790 
3 2061 2884 2062 
3 3234 2060 3624 
3 2549 2548 3767 
3 3060 2656 2655 
3 2826 2472 2577 
3 3277 3289 2919 
3 3289 2917 2919 
3 2924 2301 2917 
3 3289 2924 2917 
3 2096 3774 2095 
3 3587 2514 3865 
3 2826 3808 3865 
3 2045 3736 3911 
3 3736 2035 3912 
3 3804 3913 3817 
3 3913 3816 3817 
3 3913 3914 3816 
3 3443 3804 3817 
3 3326 3877 3876 
3 3326 3329 3584 
3 3915 3916 3890 
3 3916 2496 3889 
3 3917 3915 3918 
3 3450 3917 3918 
3 3903 3919 3920 
3 3327 3857 3410 
3 3921 3858 3922 
3 3923 2193 2195 
3 3924 3698 3702 
3 3246 3924 3702 
3 3511 2356 3925 
3 2367 3643 3667 
3 3921 3412 3411 
3 3380 3919 3926 
3 3738 3740 3741 
3 3908 3380 3926 
3 3857 3326 3875 
3 3584 3450 3877 
3 3563 3770 3906 
3 3905 3563 3906 
3 3927 3408 3797 
3 3928 3927 3797 
3 3796 3928 3797 
3 3892 3435 3438 
3 3436 3732 3437 
3 1990 3908 3929 
3 1991 1990 3929 
3 3903 3840 3930 
3 3840 3842 3930 
3 3781 3444 3842 
3 3643 3519 3931 
3 3366 2357 3367 
3 3845 3299 3449 
3 2357 2841 3367 
3 2845 3202 3377 
3 3031 2845 3377 
3 3084 3666 3594 
3 3593 3084 3594 
3 3884 3730 3436 
3 3208 3664 3665 
3 2963 3208 3665 
3 3081 3593 3664 
3 3208 3081 3664 
3 3263 3262 3616 
3 3615 3263 3616 
3 3262 2964 3616 
3 2964 2963 3615 
3 3639 3493 3653 
3 3493 3261 3653 
3 2963 3592 3615 
3 3638 3493 3639 
3 3840 3841 3843 
3 3732 3891 3438 
3 3851 3887 3852 
3 3734 3716 3735 
3 3907 3903 3932 
3 3914 3907 3932 
3 3840 3903 3928 
3 3796 3840 3928 
3 3497 3496 3887 
3 3851 3497 3887 
3 3450 3918 3933 
3 3914 3913 3873 
3 3913 1983 3873 
3 3818 3801 3822 
3 3801 3820 3822 
3 3452 3845 3451 
3 3801 3829 3820 
3 3829 3915 3820 
3 3690 3821 3890 
3 3917 3916 3915 
3 3917 3331 3934 
3 1996 3917 3934 
3 3435 3884 3436 
3 3667 3643 3931 
3 3510 2055 3935 
3 2854 2567 2566 
3 3835 3834 3836 
3 2305 2304 2303 
3 3167 2788 2787 
3 2471 3511 3925 
3 3340 3321 3551 
3 2779 2571 3936 
3 2472 2117 2120 
3 2144 2142 2749 
3 2549 3791 2550 
3 2096 2793 2225 
3 3805 3502 3937 
3 2146 2586 3034 
3 2586 3683 3034 
3 2498 3124 3692 
3 1983 3767 3418 
3 2499 3938 2500 
3 3384 3124 3125 
3 2638 2678 2662 
3 3124 3786 3692 
3 3827 3842 3888 
3 3572 2320 3577 
3 2320 3392 3577 
3 3335 3333 3544 
3 2712 3335 3544 
3 2875 2056 3553 
3 3507 2875 3553 
3 2874 3186 3568 
3 3523 3704 3546 
3 3704 2988 3546 
3 3075 3704 3523 
3 3522 3075 3523 
3 3779 2914 2916 
3 3039 3779 2916 
3 3596 2235 2234 
3 2578 2826 2577 
3 3759 3108 3678 
3 3677 3759 3678 
3 3939 3711 3884 
3 3435 3939 3884 
3 3901 3752 3688 
3 3752 3120 3688 
3 3497 3764 3885 
3 3499 3497 3885 
3 3495 3499 3494 
3 3767 1983 2220 
3 1984 1983 3418 
3 3742 3940 3753 
3 3940 3751 3753 
3 3499 3589 3591 
3 1991 3872 1985 
3 3873 1983 3874 
3 3589 3883 3590 
3 3732 3730 3883 
3 3730 3710 3883 
3 3872 1991 3929 
3 3908 3872 3929 
3 3916 1998 2496 
3 3890 3916 3889 
3 1998 3916 1997 
3 3916 1996 1997 
3 3786 3689 3691 
3 3692 3690 2499 
3 2221 3315 3941 
3 2248 2899 2897 
3 2293 1986 2116 
3 3526 3279 2769 
3 3279 2132 2769 
3 3823 3279 3526 
3 2086 3823 3526 
3 2392 2291 2464 
3 3035 3783 2073 
3 2325 2040 2329 
3 2999 2227 2802 
3 2643 2948 3181 
3 2948 3596 3181 
3 2229 2024 2054 
3 2571 2779 2572 
3 2022 2896 2023 
3 2793 2466 2783 
3 2052 2050 2853 
3 2050 2854 2853 
3 3834 2049 2051 
3 2069 2352 3942 
3 2352 2045 2047 
3 2659 2632 2694 
3 3872 3914 3873 
3 3930 3827 3943 
3 3914 3827 3816 
3 3907 3908 3926 
3 1990 3380 3908 
3 3919 3907 3926 
3 3157 3369 3554 
3 3821 3915 3890 
3 3821 3818 3822 
3 3380 1996 3934 
3 3916 3917 1996 
3 3331 3380 3934 
3 3872 3907 3914 
3 3796 3848 3910 
3 2001 3781 3841 
3 3915 3821 3820 
3 1986 2279 1987 
3 3663 3838 3849 
3 3838 2001 3848 
3 3828 3827 3888 
3 3445 3614 3814 
3 3614 3804 3814 
3 3927 3928 3902 
3 3380 3330 3919 
3 3330 3329 3920 
3 3379 3859 3886 
3 3915 3829 3918 
3 3452 3450 3933 
3 3830 3646 3649 
3 3450 3449 3877 
3 3631 3614 3445 
3 3903 3907 3919 
3 3845 3449 3451 
3 3896 3851 3853 
3 3893 3746 3750 
3 3894 3893 3750 
3 3435 3892 3894 
3 2305 2152 2302 
3 3329 3927 3902 
3 3827 3914 3932 
3 3327 3927 3328 
3 3927 3329 3328 
3 3408 3927 3327 
3 3326 3857 3327 
3 2901 3654 3230 
3 3654 2417 3230 
3 2616 2551 3944 
3 3449 3299 3875 
3 3919 3330 3920 
3 2020 2904 2150 
3 3855 3430 3429 
3 3428 3855 3429 
3 2755 2600 3945 
3 2533 2037 2039 
3 2796 2222 2804 
3 3411 3407 3409 
3 3667 3007 3701 
3 3159 3336 3365 
3 3336 3069 3365 
3 3056 2523 3055 
3 2098 3056 3055 
3 2564 2140 3946 
3 2004 2688 3256 
3 2255 2258 3871 
3 3176 3386 3231 
3 3205 2810 2806 
3 2610 3205 2746 
3 3336 3159 2785 
3 3159 2175 2785 
3 2417 2028 3585 
3 2278 2417 3585 
3 2046 2045 3911 
3 2449 2046 3911 
3 2654 2768 3059 
3 2161 2654 3059 
3 2274 2583 2624 
3 2583 2623 2624 
3 2583 2274 3947 
3 2469 2583 3947 
3 2903 3539 2537 
3 2536 2903 2537 
3 2781 2017 3948 
3 2017 2022 3948 
3 2035 3736 3949 
3 3736 2045 3949 
3 2035 2033 3912 
3 2033 3789 3912 
3 2784 2021 3833 
3 2021 2024 3833 
3 2001 3838 3620 
3 2002 2001 3620 
3 3727 3435 3894 
3 3169 3424 2000 
3 2459 3439 3440 
3 3085 3862 3086 
3 3862 3863 3950 
3 3085 3036 3626 
3 3846 3863 3868 
3 3752 3901 3742 
3 2507 2506 3564 
3 3892 3563 3565 
3 3857 3441 3442 
3 3951 2649 2648 
3 3640 3951 2648 
3 3404 3646 3405 
3 3898 1989 3897 
3 3886 3898 3897 
3 2506 3310 3900 
3 3899 2506 3900 
3 3851 3886 3861 
3 3860 3851 3861 
3 3764 3497 3860 
3 3497 3851 3860 
3 3439 2459 3441 
3 3727 3894 3750 
3 3439 3299 3301 
3 3646 3448 3300 
3 3855 3921 3374 
3 3893 3892 3565 
3 2094 2357 2356 
3 1986 2295 3755 
3 2349 1986 3755 
3 3006 2124 3645 
3 2124 2127 3645 
3 2626 2614 3737 
3 2614 2243 3737 
3 2096 2094 3952 
3 2094 2356 3952 
3 3673 3855 3675 
3 3855 3670 3675 
3 2356 3511 3952 
3 3430 3855 3673 
3 2246 3831 3674 
3 3831 2012 3674 
3 3738 3940 3743 
3 3940 3742 3743 
3 3940 3738 3724 
3 3723 3940 3724 
3 3260 3878 3446 
3 3898 3851 3895 
3 3901 3898 3895 
3 3740 3738 3743 
3 3448 3088 3439 
3 3413 3412 3433 
3 3399 3408 3413 
3 3424 3628 3815 
3 3426 3424 3815 
3 3444 3781 3426 
3 3446 3448 3447 
3 3448 3646 3404 
3 3412 3434 3433 
3 3850 3399 3401 
3 3400 2410 2387 
3 3663 2387 3870 
3 3387 3389 3388 
3 3842 3827 3930 
3 2517 3426 3815 
3 3951 3802 3819 
3 3818 3951 3819 
3 2410 3400 3434 
3 2472 2826 2827 
3 3477 3389 3387 
3 2384 3373 3882 
3 3951 3640 3802 
3 3375 3857 3442 
3 2611 2605 3686 
3 2605 2324 3686 
3 3705 2475 3706 
3 2475 2477 3706 
3 2599 2600 3642 
3 2600 2089 3642 
3 2804 2803 3634 
3 2803 2554 3634 
3 2932 2987 3455 
3 2987 2308 3455 
3 2802 2782 2934 
3 2782 2282 2934 
3 2468 2121 2933 
3 2121 2282 2933 
3 2575 2574 2647 
3 2574 2089 2647 
3 3766 3805 3937 
3 3803 3766 3937 
3 3631 3457 3605 
3 3186 2261 2260 
3 3670 3846 3671 
3 3918 3829 3933 
3 3829 3452 3933 
3 3716 3731 3735 
3 3741 3733 3869 
3 3321 3543 3867 
3 3845 3452 3647 
3 3300 3845 3647 
3 3410 3857 3806 
3 3857 3858 3806 
3 3920 3329 3904 
3 3329 3902 3904 
3 2551 2554 3953 
3 3084 3088 3879 
3 3088 3446 3879 
3 2297 2342 2335 
3 2042 2041 3950 
3 3732 3438 3437 
3 3415 2886 3416 
3 3414 3421 3415 
3 3413 3408 3407 
3 2535 3839 3954 
3 2630 3748 3955 
3 2172 2171 3956 
3 3863 2042 3950 
3 3846 2042 3863 
3 3441 3857 3844 
3 3366 3477 3681 
3 3527 2836 3837 
3 3957 2924 3431 
3 3862 2041 3087 
3 3707 3431 3432 
3 3289 3707 3432 
3 3715 3421 3422 
3 3414 3290 3423 
3 2320 2322 3579 
3 2562 2320 3579 
3 3727 3746 3747 
3 3722 3727 3747 
3 3857 3875 3844 
3 2042 3846 3847 
3 2044 2042 3847 
3 2341 3186 2340 
3 2653 2997 3835 
3 3903 3930 3943 
3 3932 3903 3943 
3 3670 2044 3847 
3 3827 3932 3943 
3 3047 3659 3826 
3 3848 2001 3910 
3 2001 3841 3910 
3 3766 2549 3767 
3 3080 3846 3868 
3 2928 2276 2278 
3 2375 2374 2863 
3 2948 2965 3596 
3 2965 2235 3596 
3 3527 3015 3528 
3 3015 3834 3528 
3 3291 3015 3527 
3 2836 3292 3837 
3 2997 3528 3835 
3 3060 2998 2656 
3 2835 3290 3292 
3 3552 3382 3536 
3 2372 3552 3536 
3 2829 3060 3543 
3 2652 3321 3867 
3 3715 3012 3542 
3 3267 3715 3542 
3 2033 2586 3789 
3 2586 2146 3789 
3 2045 2465 3949 
3 2224 3773 3775 
3 3773 2848 3775 
3 2402 2913 3530 
3 2399 2402 3530 
3 2588 3045 2589 
3 3487 2271 3488 
3 2271 3043 3488 
3 3062 3211 3172 
3 3773 2224 3958 
3 3001 3773 3958 
3 2305 2154 2153 
3 2138 2259 2155 
3 3623 2525 3498 
3 3754 2108 2567 
3 3659 3211 3780 
3 3171 3659 3780 
3 3171 3062 3170 
3 2824 3697 2825 
3 2360 3278 3465 
3 3175 2361 3466 
3 2144 3305 2818 
3 2299 3491 2301 
3 3029 2187 2925 
3 3082 3030 2914 
3 3779 3082 2914 
3 3521 2396 3524 
3 2396 2395 3524 
3 2561 3348 3521 
3 2395 2561 3524 
3 2561 2938 3348 
3 2529 3311 2811 
3 2245 2032 2031 
3 2895 2108 3754 
3 3834 2951 2049 
3 2171 3839 3956 
3 2352 2048 3942 
3 3033 3038 2602 
3 3013 2948 3532 
3 2948 2643 3532 
3 3491 3013 3532 
3 2869 2621 3515 
3 2430 2420 3529 
3 2420 2416 3529 
3 2955 3013 3492 
3 2956 2955 3492 
3 2845 3031 3490 
3 3234 3623 3498 
3 2558 2255 3871 
3 3660 2558 3871 
3 1992 1991 3107 
3 3478 2845 3490 
3 3315 3509 3941 
3 3353 3481 3480 
3 3552 2106 3505 
3 2876 3552 3505 
3 2601 3839 2437 
3 3510 2778 3777 
3 2471 3510 3777 
3 2465 2343 2354 
3 3815 3628 3633 
3 3628 3632 3633 
3 3444 3443 3828 
3 3443 3816 3828 
3 3748 2887 3959 
3 3955 3748 3959 
3 2887 3880 3959 
3 3880 2849 3955 
3 3478 3102 2842 
3 3709 2850 2849 
3 2410 3434 3583 
3 3434 3428 3583 
3 3619 3169 2002 
3 3169 2000 2002 
3 2896 2024 2023 
3 3921 3428 3854 
3 3412 3921 3854 
3 3085 3084 3593 
3 3081 3085 3593 
3 3030 3082 3247 
3 3080 3072 3079 
3 3375 3374 3922 
3 3858 3375 3922 
3 3921 3411 3858 
3 3374 3921 3922 
3 3740 3895 3896 
3 3733 3740 3896 
3 3850 3663 3849 
3 3848 3850 3849 
3 3374 2044 3856 
3 3855 3374 3856 
3 3375 2459 3376 
3 2459 2041 2043 
3 3408 3399 3798 
3 3797 3408 3798 
3 3448 3439 3301 
3 3300 3448 3301 
3 3960 3350 3864 
3 2025 3960 2026 
3 2704 3745 3961 
3 2705 2704 3961 
3 2623 2168 2624 
3 3011 3481 3353 
3 3481 2877 3480 
3 3658 3350 3352 
3 2520 3658 3352 
3 2792 2520 3352 
3 2022 2021 3948 
3 3903 3920 3904 
3 3928 3903 3902 
3 2834 3096 3824 
3 2605 3058 2858 
3 3960 2760 3287 
3 3350 3960 3287 
3 2792 3350 3351 
3 2790 2792 3351 
3 2889 3924 3788 
3 3924 3246 3788 
3 3748 3924 2889 
3 2026 3960 3864 
3 3525 2831 3962 
3 2831 3697 3962 
3 3841 3781 3843 
3 3781 3842 3843 
3 3078 3846 3080 
3 3732 3763 3765 
3 3762 3732 3765 
3 3732 3883 3763 
3 3036 3083 3595 
3 3082 3779 3037 
3 2987 2107 3772 
3 3006 3644 3963 
3 3644 2903 3963 
3 2021 2781 3948 
3 3964 2299 2298 
3 2582 2583 2469 
3 2274 2327 3947 
3 3097 3621 3965 
3 2086 3097 3965 
3 2327 2067 2470 
3 2237 3823 3621 
3 2171 3622 3954 
3 3839 2171 3954 
3 2111 2467 3966 
3 2467 2571 3966 
3 2035 2070 2034 
3 3655 2025 3967 
3 3386 3655 3967 
3 3512 3652 3968 
3 2564 3512 3968 
3 1983 1985 3874 
3 2207 3121 3581 
3 3576 2207 3581 
3 2609 2332 3946 
3 2140 2609 3946 
3 3256 2531 2005 
3 2531 2003 2005 
3 2324 2591 3686 
3 2144 2475 3705 
3 2924 3957 2298 
3 3957 3726 3964 
3 3711 3957 3712 
3 3957 3431 3712 
3 2850 3709 3708 
3 3289 2850 3708 
3 3329 3330 3584 
3 3826 3659 3969 
3 3659 3308 3969 
3 3623 2063 3970 
3 3587 3831 2515 
3 3040 2032 2247 
3 3052 3700 3053 
3 3014 3052 3054 
3 3672 3430 3673 
3 2030 2245 2031 
3 2515 3831 2246 
3 2360 3305 3825 
3 2514 3587 2515 
3 3265 3047 3609 
3 3477 3266 3608 
3 2167 3623 3970 
3 2391 2390 2408 
3 3700 3246 3702 
3 3096 3697 3824 
3 3862 3085 3626 
3 3073 3862 3626 
3 2835 3009 3749 
3 3290 2835 3749 
3 2041 3862 3950 
3 2465 2035 3949 
3 2886 3415 3717 
3 3496 2886 3717 
3 3670 3669 3675 
3 3672 3808 3807 
3 2928 2028 2027 
3 3789 3736 3912 
3 3586 3078 2516 
3 3078 2064 2516 
3 3587 3865 3588 
3 3672 3669 3809 
3 3430 3672 3807 
3 3709 3880 3714 
3 3880 3590 3714 
3 2642 2918 3516 
3 2643 2642 3516 
3 3074 3035 3745 
3 2887 3499 3881 
3 3499 3591 3881 
3 3880 2887 3881 
3 3590 3880 3591 
3 2571 2112 3966 
3 3223 3473 3695 
3 3476 3223 3695 
3 3462 3525 3794 
3 3077 3018 3020 
3 3704 3075 3019 
3 3921 3855 3428 
3 2018 2904 2019 
3 3035 3037 3784 
3 2112 2111 3966 
3 3180 2086 3526 
3 3096 2642 2542 
3 3083 3082 3595 
3 3082 3037 3595 
3 2745 2605 2611 
3 2327 2469 3947 
3 3539 3644 2441 
3 3382 3552 3506 
3 3552 2876 3506 
3 2876 2872 3506 
3 2773 3235 3464 
3 2271 2773 3464 
3 2774 2773 3768 
3 2773 2271 3487 
3 2352 2069 3402 
3 2343 2352 3402 
3 3401 3400 3971 
3 3400 2387 3971 
3 2103 2101 2113 
3 2107 3045 3772 
3 3045 2588 3772 
3 3865 3808 3588 
3 3808 3586 3588 
3 3839 2601 3956 
3 2601 2172 3956 
3 3509 2803 3941 
3 2803 2221 3941 
3 2803 3509 3953 
3 2554 2803 3953 
3 3562 2367 3701 
3 2367 3667 3701 
3 2055 2229 2054 
3 2565 2069 2068 
3 2554 2080 3634 
3 2779 2778 3935 
3 2055 2779 3935 
3 2103 2565 2102 
3 2580 2579 3972 
3 2127 2580 3972 
3 2758 2069 3942 
3 2048 2758 3942 
3 2600 2587 3945 
3 2587 2084 3945 
3 2052 2653 3836 
3 2653 3835 3836 
3 2535 3539 3973 
3 3519 3518 3931 
3 3518 3667 3931 
3 2052 3834 2051 
3 3783 2074 2073 
3 2467 2466 3936 
3 2571 2467 3936 
3 2356 2388 3925 
3 2388 2471 3925 
3 3001 2977 3832 
3 2977 2063 3832 
3 2704 2010 3381 
3 3810 2704 3381 
3 3697 2824 3962 
3 2904 2020 2019 
3 3462 3698 3699 
3 2832 3462 3699 
3 3721 3716 3598 
3 3421 3721 3598 
3 2832 2831 3525 
3 2466 2779 3936 
3 3142 2178 3535 
3 2178 2014 3535 
3 2012 3831 2011 
3 3698 3924 3713 
3 3924 2630 3713 
3 3304 2994 3154 
3 2994 3153 3154 
3 3663 3401 3971 
3 3150 3304 3154 
3 3562 3561 3795 
3 3561 3794 3795 
3 3831 2065 2009 
3 3151 3150 3153 
3 3320 3319 3696 
3 3319 3304 3696 
3 2070 2020 2034 
3 3150 2953 3320 
3 3831 2009 2011 
3 3018 3739 3811 
3 3731 3269 3604 
3 3586 3672 3809 
3 3211 3046 3612 
3 3172 3211 3612 
3 2350 2999 2802 
3 2840 3774 2848 
3 2412 2357 3366 
3 3511 2096 3952 
3 3774 2840 2093 
3 2685 3477 3366 
3 3371 3403 3372 
3 3688 3120 3687 
3 3289 3277 3284 
3 3026 3318 3693 
3 3063 3026 3693 
3 3026 3028 3318 
3 3084 3878 3666 
3 3878 3263 3666 
3 3304 3270 3303 
3 3263 3592 3666 
3 3736 2449 3911 
3 3097 3096 3799 
3 2927 3470 2926 
3 2012 3040 3674 
3 2992 2579 2759 
3 2612 2243 3682 
3 3264 2885 3790 
3 3234 2773 2775 
3 2885 2840 2847 
3 2105 2876 3505 
3 3659 3619 3308 
3 3307 3826 3969 
3 3628 3630 3782 
3 2904 2076 2149 
3 2622 2127 3972 
3 3308 3307 3969 
3 2017 3040 2018 
3 2225 2793 2226 
3 2977 2167 3970 
3 2063 2977 3970 
3 3007 2895 3514 
3 2996 3151 3153 
3 2778 3510 3935 
3 2227 2999 3974 
3 2999 3958 3974 
3 3205 2747 2746 
3 2525 2100 2099 
3 3056 3658 2523 
3 3658 2520 2523 
3 3354 2877 2822 
3 2821 3354 2822 
3 3316 2729 3383 
3 2729 2731 3383 
3 2556 2555 3316 
3 3655 3288 3341 
3 2165 2293 2115 
3 2587 3519 2084 
3 2253 2588 2599 
3 2084 2755 3945 
3 2561 2777 3349 
3 2938 2561 3349 
3 2134 3305 3705 
3 3345 2761 3229 
3 3288 3345 3229 
3 3321 2528 3551 
3 3147 3142 3340 
3 2954 3155 3165 
3 3324 3354 3298 
3 3354 2821 3298 
3 2649 3720 3787 
3 3141 2595 2597 
3 2661 1993 3975 
3 3792 3124 3385 
3 3127 2638 2661 
3 3071 3110 3112 
3 3113 3502 3114 
3 3767 2548 3418 
3 3071 2485 3110 
3 3324 3067 3325 
3 3067 3336 3325 
3 2176 2175 3338 
3 2996 2176 3338 
3 2731 2556 3383 
3 3159 2996 3338 
3 2263 3193 3198 
3 3193 3196 3198 
3 2664 3342 2772 
3 2287 2320 2288 
3 2320 2562 2288 
3 2286 2285 2316 
3 2767 2180 2348 
3 2722 2207 2209 
3 2211 2210 2283 
3 3720 3792 3787 
3 2673 2286 2316 
3 2316 2285 2317 
3 3127 2661 3975 
3 2722 2209 2723 
3 2594 3580 3776 
3 3390 2489 3391 
3 1981 1980 3390 
3 2004 3256 2005 
3 2204 3113 2205 
3 3174 3111 3110 
3 3574 3580 2594 
3 2197 2392 2457 
3 3212 2667 3117 
3 3803 3502 2204 
3 2192 2313 3976 
3 3396 3787 3793 
3 3760 3574 3758 
3 2321 3722 3747 
3 3663 3850 3401 
3 3291 3290 3295 
3 3700 3016 3245 
3 3290 3414 3294 
3 2321 2320 3572 
3 3557 2321 3572 
3 3294 3414 3427 
3 2216 2443 2452 
3 3290 3294 3295 
3 3423 3290 3749 
3 3193 3190 3196 
3 3190 3138 3196 
3 2761 3345 3346 
3 3345 2795 3346 
3 2999 3001 3958 
3 3364 3159 3365 
3 3068 3364 3069 
3 2201 2202 2218 
3 3703 2080 2554 
3 2263 2262 2868 
3 2262 3296 2868 
3 3335 2715 3296 
3 2262 3335 3296 
3 3286 2754 3344 
3 3343 3286 3344 
3 3314 2743 2944 
3 2432 3314 2944 
3 3205 2806 2747 
3 3923 2195 2741 
3 2649 3396 2651 
3 2218 2217 3417 
3 2726 2725 3108 
3 2593 3574 2594 
3 3016 3015 3685 
3 3172 3044 3173 
3 3270 2995 3303 
3 3751 3940 3744 
3 3205 2610 3206 
3 3940 3723 3744 
3 3559 3560 3723 
3 3560 3575 3723 
3 2972 3160 3162 
3 3560 2207 3576 
3 3121 3574 3581 
3 3246 3700 3245 
3 3128 3025 3276 
3 3025 3224 3276 
3 3311 2652 2807 
3 3175 2867 3573 
3 2742 2771 3179 
3 2771 2708 3179 
3 3149 3364 3334 
3 3364 3068 3334 
3 2967 2946 3195 
3 2946 3193 3195 
3 2028 2928 3585 
3 2003 2531 3610 
3 3339 2830 3668 
3 2760 3288 3229 
3 2945 2955 3194 
3 2955 3192 3194 
3 3013 2955 2945 
3 3311 2529 2528 
3 3960 2025 3657 
3 3341 3960 3657 
3 3373 3254 3650 
3 3234 2524 3235 
3 2524 3233 3235 
3 3201 3216 3622 
3 2619 3538 2077 
3 3012 3715 3009 
3 3023 2719 2721 
3 3157 3571 2511 
3 3718 3786 3719 
3 2726 3759 2593 
3 2207 2722 3121 
3 2190 2192 3976 
3 2490 2725 2491 
3 3938 2496 2497 
3 2852 2505 3109 
3 2320 2287 3392 
3 2884 3001 3832 
3 3270 3304 3347 
3 3883 3589 3763 
3 3304 3150 3696 
3 2332 2564 3946 
3 2413 3681 3600 
3 2768 3058 3059 
3 2052 3058 2768 
3 3629 3062 3061 
3 3061 3063 3693 
3 2788 3255 3285 
3 3255 2879 3285 
3 3692 3786 3691 
3 2007 3359 2765 
3 2737 3286 2765 
3 2270 2273 3275 
3 3272 2270 3275 
3 2539 2190 3105 
3 2512 3569 3392 
3 3076 3559 3077 
3 3651 3169 3168 
3 3628 3424 3651 
3 3424 3169 3651 
3 2301 2918 2917 
3 3277 2832 3284 
3 3733 3735 3869 
3 3604 3018 3811 
3 3734 3597 3716 
3 3726 3540 3964 
3 3939 3957 3711 
3 3878 3260 3263 
3 3261 2964 3262 
3 3611 3631 3632 
3 3628 3611 3632 
3 3502 3803 3937 
3 3640 3617 3641 
3 3617 3370 3641 
3 3470 3469 3630 
3 3613 3628 3782 
3 3913 3804 2219 
3 1983 3913 2219 
3 3804 3766 2219 
3 3759 3751 3760 
3 2345 2658 3504 
3 3751 3575 3760 
3 3575 3574 3760 
3 2077 3703 2559 
3 3818 3786 3718 
3 3951 3818 3718 
3 3474 3638 3637 
3 2649 3951 3718 
3 2447 2485 2483 
3 3472 3474 3476 
3 2478 2504 2483 
3 3818 3821 3689 
3 3786 3818 3689 
3 3821 3690 3689 
3 2214 2239 2641 
3 3188 3190 3189 
3 3190 3192 3189 
3 2258 2621 3660 
3 2942 3190 3188 
3 3509 3315 2752 
3 3164 2942 3188 
3 2637 3126 2640 
3 2544 2214 2640 
3 2217 2216 2451 
3 3485 2980 2451 
3 3027 3272 3273 
3 2555 3027 3273 
3 2364 2713 2141 
3 3242 2555 3273 
3 3228 3202 2174 
3 2520 2788 2521 
3 3567 2874 3568 
3 2171 3201 3622 
3 3233 2527 3283 
3 3035 2705 3961 
3 3371 3370 3639 
3 3472 3493 3638 
3 3619 3838 3308 
3 3178 3177 3680 
3 2224 3774 2225 
3 3721 3267 3268 
3 3731 3721 3269 
3 3389 3477 3609 
3 3609 3477 3608 
3 3939 3435 3728 
3 3556 3939 3728 
3 3729 3556 3249 
3 3939 3556 3729 
3 3726 3939 3729 
3 3611 3613 3599 
3 3140 3611 3599 
3 3611 3457 3631 
3 3601 3617 3640 
3 3540 2299 3964 
3 3957 3939 3726 
3 3878 3084 3879 
3 3862 3087 3086 
3 3085 3081 3083 
3 3593 3592 3664 
3 3626 3036 3627 
3 3556 3727 3722 
3 3557 3556 3722 
3 3541 2907 3267 
3 3652 2339 3968 
3 2273 3233 3283 
3 3233 2524 2527 
3 2525 2532 2526 
3 2455 2193 2733 
3 2455 2431 2193 
3 3177 3176 3282 
3 3231 3215 3357 
3 3255 2788 3355 
3 2788 3363 3355 
3 2339 2564 3968 
3 3917 3450 3331 
3 3330 3380 3331 
3 3361 3360 3522 
3 3248 3558 3570 
3 3369 3785 3570 
3 2014 3339 3535 
3 3785 3369 3144 
3 2975 2972 3144 
3 3725 3726 3729 
3 3611 3628 3613 
3 3469 3467 3613 
3 3859 3379 3761 
3 3891 3732 3761 
3 3133 3635 3134 
3 3155 3312 3134 
3 2788 2520 3363 
3 2520 2792 3363 
3 2025 3654 3967 
3 3370 3617 3636 
3 3694 3474 3636 
3 3622 2535 3954 
3 3510 2471 2118 
3 3715 3721 3421 
3 3491 2643 3516 
3 3538 3356 3661 
3 2928 2026 2929 
3 3808 3672 3586 
3 2578 3373 3650 
3 2630 2629 3713 
3 3659 3047 3210 
3 2962 2964 2961 
3 2776 3345 3520 
3 3177 3520 3680 
3 3345 3288 3178 
3 3474 3694 3475 
3 3259 3223 3475 
3 2555 3242 3316 
3 3386 3176 3656 
3 2948 2946 2966 
3 3068 2922 3334 
3 3036 3074 3627 
3 3202 2843 3977 
3 2843 3128 3977 
3 3281 3215 3203 
3 3977 3281 3756 
3 3317 3470 3479 
3 3764 3859 3762 
3 2163 2185 2406 
3 2390 2424 2406 
3 3360 3165 3166 
3 3342 2702 3503 
3 2346 2345 3503 
3 2401 2389 2391 
3 2313 2312 2317 
3 2202 2216 2218 
3 2406 2424 2428 
3 2194 2163 2427 
3 2450 2424 2423 
3 2193 3923 2733 
3 2456 2455 2199 
3 2163 2194 2431 
3 2346 3503 2703 
3 2214 2544 2212 
3 2286 2673 2701 
3 3452 3649 3648 
3 2613 2568 2753 
3 2810 3205 3207 
3 2803 2222 2221 
3 2227 2793 2783 
3 2771 3100 3239 
3 3891 3761 3769 
3 3379 3378 3770 
3 3563 3891 3770 
3 3236 2771 3239 
3 2069 2565 3402 
3 3538 3661 3662 
3 3592 2963 3665 
3 3082 3081 3247 
3 3130 3023 2723 
3 2207 3549 2208 
3 3133 3130 2208 
3 3169 3619 3171 
3 3636 3617 3618 
3 3603 3602 3394 
3 3617 3601 3607 
3 3978 3694 3607 
3 3259 3475 3468 
3 3266 2685 2684 
3 3694 3978 3459 
3 1999 3259 3459 
3 3047 3265 3048 
3 3049 3486 3046 
3 3260 3371 3261 
3 3261 3371 3653 
3 3031 3030 3209 
3 2503 3350 3287 
3 3364 3151 3152 
3 3159 3364 3152 
3 3364 3149 3151 
3 2797 2796 2857 
3 3156 3360 3166 
3 3128 3281 3977 
3 3281 3177 3282 
3 3243 3199 3139 
3 2690 3243 3139 
3 2222 2004 2003 
3 3004 2463 2719 
3 2733 3923 2734 
3 3211 3659 3210 
3 2657 2737 2766 
3 2843 2846 3129 
3 3128 2843 3129 
3 1982 1981 2546 
3 3224 3024 3101 
3 3024 3100 3101 
3 2685 2840 2686 
3 2614 2625 2617 
3 3200 2808 2809 
3 2089 2600 2647 
3 2365 3098 2085 
3 3823 2086 3965 
3 3097 3471 3621 
3 3621 3823 3965 
3 2263 2867 2967 
3 3277 2834 2833 
3 3036 3035 3074 
3 2248 2435 2436 
3 3825 3305 2817 
3 3978 3607 3603 
3 3220 3978 3394 
3 2610 2591 2569 
3 2899 2168 2623 
3 3199 3185 2557 
3 3185 2555 2557 
3 2760 3960 3341 
3 2086 3180 2088 
3 2332 2609 2333 
3 3510 2118 2228 
3 2448 2447 2974 
3 2020 2070 2036 
3 3584 3330 3332 
3 2886 3420 3416 
3 3957 3964 2298 
3 2998 2829 3566 
3 3561 3462 3794 
3 3562 3007 3513 
3 2796 2080 2856 
3 3512 2564 2332 
3 2838 2440 2839 
3 2967 2867 3537 
3 3690 3938 2499 
3 2217 2451 3679 
3 2203 3803 2204 
3 3909 2968 2970 
3 3938 3690 2496 
3 2544 2640 3800 
3 3157 3554 3571 
3 2551 3953 3944 
3 2687 2175 3143 
3 3228 2174 2173 
3 3785 3483 3582 
3 3336 2890 3325 
3 2829 2837 3566 
3 3491 2956 3492 
3 2016 2178 2991 
3 2995 2016 2990 
3 2993 2995 2990 
3 2786 3272 3275 
3 3223 3240 3473 
3 3031 3228 3032 
3 3038 2915 2604 
3 2732 2455 2733 
3 1991 1985 3106 
3 3044 3063 3173 
3 3012 2828 2819 
3 2176 2996 2993 
3 3556 3557 3251 
3 3249 3556 3250 
3 3202 3228 3377 
3 3540 2958 2957 
3 3278 3466 3465 
3 3240 2985 3473 
3 2986 3024 3103 
3 2312 2192 2315 
3 3024 2846 3103 
3 1997 1990 1992 
3 3569 3558 3557 
3 2909 2988 2908 
3 3001 2999 3000 
3 3133 2208 3550 
3 3547 3133 3550 
3 3018 2931 3019 
3 2988 3704 2906 
3 3522 3635 3548 
3 3635 3547 3548 
3 3360 3635 3522 
3 3570 3558 3555 
3 3558 3554 3555 
3 2990 2016 2991 
3 3540 3545 2958 
3 3015 2893 2951 
3 2997 2836 3527 
3 3015 3291 3685 
3 3700 3052 3016 
3 3513 3007 3514 
3 3834 3015 2951 
3 3052 3014 2893 
3 3272 3027 3066 
3 3027 3026 3066 
3 2387 3663 3971 
3 3246 3420 3788 
3 2630 3924 3748 
3 2630 2849 2631 
3 2849 2630 3955 
3 3880 3955 3959 
3 2850 2832 2629 
3 3339 2014 2830 
3 3486 3044 3172 
3 2824 3525 3962 
3 2907 3541 2989 
3 3118 2667 2666 
3 2989 3541 3050 
3 2507 3905 2545 
3 3541 3012 3050 
3 2642 3096 2834 
3 2016 3270 3533 
3 3306 2339 3652 
3 3563 3905 2507 
3 2830 2014 2820 
3 3560 3559 3076 
3 3012 3009 3010 
3 3549 2207 3560 
3 2964 2982 2959 
3 3013 2945 2947 
3 2299 3540 2956 
3 2071 2896 2072 
3 2301 2924 2300 
3 3516 2918 3517 
3 3478 3041 2960 
3 3725 3248 3545 
3 3540 3725 3545 
3 2834 3277 3274 
3 3240 3024 2986 
3 3715 3423 3009 
3 2237 3278 3280 
3 3511 2778 2794 
3 2953 2952 3320 
3 2903 2901 3963 
3 2870 3461 2871 
3 2262 2265 3099 
3 3333 2262 3099 
3 3392 3569 3577 
3 3335 2262 3333 
3 3370 3372 3508 
3 3641 3370 3095 
3 3064 3043 3065 
3 3043 2271 3065 
3 3066 3026 3064 
3 3026 3043 3064 
3 2865 2910 2866 
3 3571 2512 2511 
3 2910 2860 2866 
3 3839 2535 3973 
3 2901 3006 3963 
3 3022 3386 2900 
3 3216 3022 2536 
3 3654 3386 3967 
3 3978 3603 3394 
3 2792 2791 3363 
3 3644 2622 2441 
3 2838 2601 2437 
3 2860 2862 2861 
3 2862 3021 2861 
3 2579 2622 3972 
3 2125 2580 2126 
3 2123 2327 2280 
3 2111 2101 2122 
3 1987 2279 2275 
3 2078 3538 3662 
3 2936 3520 3226 
3 3297 3482 3358 
3 3002 3324 3778 
3 3041 3478 3490 
3 2705 3035 2073 
3 2797 3002 3778 
3 3697 3096 3098 
3 3096 2542 3799 
3 3570 3785 3582 
3 3785 3161 3483 
3 2982 3493 3089 
3 3493 3472 3089 
3 3519 2587 2598 
3 2165 2276 2170 
3 2107 2854 2566 
3 3472 2985 3089 
3 3471 2541 2234 
3 3394 3602 3395 
3 3543 3339 3668 
3 2960 3041 2962 
3 3142 2175 2177 
3 3470 2925 2926 
3 2187 2189 2927 
3 2541 3596 2234 
3 3745 3035 3961 
3 3038 3033 3684 
3 3478 2842 2844 
3 3102 2846 2842 
3 3033 2602 2148 
3 2843 3202 2845 
3 3774 2096 2225 
3 2795 2007 3346 
3 2412 2414 3458 
3 3373 2576 2414 
3 3264 2774 3453 
3 3459 3978 3460 
3 3978 3220 3460 
3 2890 2688 2891 
3 3197 2912 3323 
3 2265 3197 3323 
3 3190 2942 3137 
3 3138 3190 3137 
3 2953 3150 3187 
3 3150 3149 3187 
3 2152 2609 2337 
3 2446 2453 2973 
3 2453 2938 2973 
3 2378 2377 2383 
3 2377 2382 2383 
3 2006 2503 2762 
3 2503 2760 2762 
3 2729 3242 2881 
3 3242 2879 2881 
3 2669 2105 2940 
3 2382 2669 2940 
3 2418 2743 2921 
3 2923 2418 2921 
3 2952 2954 3165 
3 2785 2687 2689 
3 2687 2531 3256 
3 3002 3354 3324 
3 2663 2665 2935 
3 2795 2663 2935 
3 3136 2777 3313 
3 2912 3136 3313 
3 3221 2716 2744 
3 3698 3462 3463 
3 2056 2875 3567 
3 2788 3167 2521 
3 2712 3021 2056 
3 2710 2708 2744 
3 2875 2874 3567 
3 2708 2710 2709 
3 2710 2707 2709 
3 2738 3342 2740 
3 3342 2739 2740 
3 2381 3257 2670 
3 2821 3337 3771 
3 3538 2078 2077 
3 3297 3011 3356 
3 2663 2776 2681 
3 2680 2663 2681 
3 2082 2646 3225 
3 2799 2092 2326 
3 2131 2082 3225 
3 3202 3977 3756 
3 3203 3202 3756 
3 2151 2233 2815 
3 2334 2151 2815 
3 2476 2331 2814 
3 2331 2334 2814 
3 2828 2830 2820 
3 2819 2828 2820 
3 2678 1994 2662 
3 1994 2661 2662 
3 2694 2632 2789 
3 2632 2668 2789 
3 2904 2705 2076 
3 3905 2546 2547 
3 2105 2669 2882 
3 2669 2877 2882 
3 3482 2876 2878 
3 2913 2402 2865 
3 2402 2910 2865 
3 2912 2400 2913 
3 3541 3267 3542 
3 2478 2981 2481 
3 2381 2377 2419 
3 2986 3102 2984 
3 2591 2037 2570 
3 2569 2591 2570 
3 2377 2422 2419 
3 2347 2657 2348 
3 2657 2767 2348 
3 2422 2418 2419 
3 2180 2736 2347 
3 2373 2379 2380 
3 2106 2373 2380 
3 3552 2373 2106 
3 2872 2876 3482 
3 3748 2889 2888 
3 2178 3142 2177 
3 3036 3085 3083 
3 2614 2590 2534 
3 2243 2614 2534 
3 2067 2066 2470 
3 2066 2469 2470 
3 2468 2467 2474 
3 2467 2111 2474 
3 2114 2116 1988 
3 1987 2114 1988 
3 2172 2604 3501 
3 3293 2172 3501 
3 3216 3201 3217 
3 3201 3203 3217 
3 3953 3509 3944 
3 3509 2616 3944 
3 2438 3839 3973 
3 3539 2438 3973 
3 2361 3175 3573 
3 2715 2361 3573 
3 2613 3204 3206 
3 2610 2613 3206 
3 3958 2224 3974 
3 2224 2227 3974 
3 2060 3234 2775 
3 2774 2060 2775 
3 2242 2269 3682 
3 2243 2242 3682 
3 3979 3980 3981 
3 3980 3982 3981 
3 3983 3984 3985 
3 3986 3987 3988 
3 3989 3980 3979 
3 3990 3991 3992 
3 3993 3994 3995 
3 3996 3993 3995 
3 3993 3997 3994 
3 3998 3990 3992 
3 3999 4000 4001 
3 4002 4003 4004 
3 4005 4006 4007 
3 4006 4008 4007 
3 4009 4010 4011 
3 4012 4009 4011 
3 4013 4014 4015 
3 4014 4016 4015 
3 4017 4018 4019 
3 4020 4021 4022 
3 4021 4023 4022 
3 4000 4024 4001 
3 4025 4026 4027 
3 4028 4025 4027 
3 4029 4030 4031 
3 4032 4033 4034 
3 4035 4036 4037 
3 4026 4038 4039 
3 4026 4040 4038 
3 4041 4042 4039 
3 4025 4043 4040 
3 4026 4025 4040 
3 4044 4025 4045 
3 4026 4039 4046 
3 4047 4048 4049 
3 4047 4042 4050 
3 4051 4047 4050 
3 4052 4053 4054 
3 4055 4056 4057 
3 4056 4058 4057 
3 4059 4060 4061 
3 4060 4062 4061 
3 4063 4064 4065 
3 4066 4063 4065 
3 4067 4068 4069 
3 4068 4070 4069 
3 4021 4071 4072 
3 4023 4021 4072 
3 4073 4074 4075 
3 4076 4073 4075 
3 4077 4078 4079 
3 4080 4077 4079 
3 4081 4082 4083 
3 4082 4084 4083 
3 4085 4086 4087 
3 4086 4088 4087 
3 4089 4090 4088 
3 4086 4089 4088 
3 4091 4092 4093 
3 4094 4091 4093 
3 4095 4096 4097 
3 4020 4095 4097 
3 4098 4099 4100 
3 4099 4101 4100 
3 4102 4103 4101 
3 4103 4098 4100 
3 4104 4105 4106 
3 4105 4107 4106 
3 4108 4109 4110 
3 4111 4108 4110 
3 4112 4113 4114 
3 4113 4115 4114 
3 4116 4113 4112 
3 4117 4116 4112 
3 4056 4055 4118 
3 4119 4056 4118 
3 4120 4121 4122 
3 4123 4120 4122 
3 4049 4026 4124 
3 4125 4126 4127 
3 4128 4129 4130 
3 4129 4131 4130 
3 4128 4132 4133 
3 4132 4134 4133 
3 4135 4132 4136 
3 4132 4131 4136 
3 4137 4138 4139 
3 4138 4140 4139 
3 4131 4141 4136 
3 4142 4138 4137 
3 4143 4144 4145 
3 4144 4111 4145 
3 4146 4147 4148 
3 4147 4149 4148 
3 4150 4151 4152 
3 4153 4150 4152 
3 4154 4055 4155 
3 4156 4154 4155 
3 4157 4158 4159 
3 4160 4157 4159 
3 4161 4162 4163 
3 4164 4165 4166 
3 4167 4164 4166 
3 4168 4169 4170 
3 4171 4172 4173 
3 4172 4174 4173 
3 4175 4176 4177 
3 4176 4178 4177 
3 4176 4179 4180 
3 4178 4176 4180 
3 4181 4035 4182 
3 4183 4184 4185 
3 4186 4187 4188 
3 4189 4190 4191 
3 4192 4193 4194 
3 4195 4196 4197 
3 4198 4199 4200 
3 4199 4192 4201 
3 4202 4203 4204 
3 4205 4206 4204 
3 4207 4208 4209 
3 4210 4202 4208 
3 4211 4212 4213 
3 4214 4190 4215 
3 4216 4198 4217 
3 4218 4199 4216 
3 4200 4199 4219 
3 4220 4193 4192 
3 4221 4222 4223 
3 4224 4225 4226 
3 4212 4227 4228 
3 4213 4212 4229 
3 4230 4168 4170 
3 4134 4132 4231 
3 4132 4135 4231 
3 4232 4233 4234 
3 4235 4236 4237 
3 4238 4239 4236 
3 4233 4240 4234 
3 4241 4242 4243 
3 4242 4244 4243 
3 4245 4246 4247 
3 4240 4245 4247 
3 4246 4248 4249 
3 4248 4250 4249 
3 4193 4220 4251 
3 4252 4253 4254 
3 4253 4255 4254 
3 4256 4257 4258 
3 4257 4193 4259 
3 4260 4261 4259 
3 4262 4062 4263 
3 4264 4262 4263 
3 4265 4266 4267 
3 4268 4265 4267 
3 4269 4270 4271 
3 4272 4273 4274 
3 4275 4276 4277 
3 4278 4279 4280 
3 4281 4189 4282 
3 4283 4284 4285 
3 4284 4286 4285 
3 4287 4284 4283 
3 4288 4289 4290 
3 4291 4288 4290 
3 4232 4292 4293 
3 4294 4272 4295 
3 4292 4250 4293 
3 4296 4297 4298 
3 4297 4299 4298 
3 4300 4301 4302 
3 4301 4058 4302 
3 4129 4303 4304 
3 4305 4129 4304 
3 4306 4230 4307 
3 4308 4306 4307 
3 4309 4310 4311 
3 4310 4312 4311 
3 4313 4150 4314 
3 4150 4315 4314 
3 4316 4305 4317 
3 4318 4316 4317 
3 4319 4320 4321 
3 4322 4319 4321 
3 4323 4324 4325 
3 4326 4323 4325 
3 4327 4230 4328 
3 4329 4327 4328 
3 4161 4300 4330 
3 4331 4161 4330 
3 4332 4333 4334 
3 4335 4336 4337 
3 4338 4335 4337 
3 4339 4340 4341 
3 4342 4339 4341 
3 4131 4129 4343 
3 4129 4305 4343 
3 4301 4250 4344 
3 4055 4301 4344 
3 4250 4301 4345 
3 4301 4300 4345 
3 4169 4168 4346 
3 4168 4347 4346 
3 4348 4349 4350 
3 4351 4348 4350 
3 4308 4352 4353 
3 4352 4354 4353 
3 4303 4355 4356 
3 4355 4357 4356 
3 4308 4056 4358 
3 4056 4119 4358 
3 4058 4056 4359 
3 4056 4308 4359 
3 4058 4360 4361 
3 4360 4169 4361 
3 4168 4230 4362 
3 4363 4168 4362 
3 4245 4240 4364 
3 4365 4245 4364 
3 4366 4367 4368 
3 4369 4366 4368 
3 4169 4370 4371 
3 4370 4331 4371 
3 4128 4355 4372 
3 4355 4303 4372 
3 4373 4374 4375 
3 4357 4373 4375 
3 4144 4357 4376 
3 4111 4144 4376 
3 4355 4128 4377 
3 4111 4355 4377 
3 4378 4134 4379 
3 4380 4378 4379 
3 4134 4378 4381 
3 4378 4109 4381 
3 4161 4382 4383 
3 4300 4161 4383 
3 4384 4385 4386 
3 4387 4388 4389 
3 4373 4357 4390 
3 4391 4392 4393 
3 4394 4395 4396 
3 4397 4398 4399 
3 4398 4400 4399 
3 4401 4342 4402 
3 4403 4404 4405 
3 4406 4407 4408 
3 4347 4370 4346 
3 4109 4108 4381 
3 4409 4410 4411 
3 4410 4412 4411 
3 4413 4414 4415 
3 4414 4296 4415 
3 4416 4417 4418 
3 4085 4416 4418 
3 4419 4420 4421 
3 4123 4419 4421 
3 4303 4129 4372 
3 4422 4423 4424 
3 4425 4422 4424 
3 4355 4111 4376 
3 4326 4373 4426 
3 4373 4427 4428 
3 4429 4430 4431 
3 4432 4429 4431 
3 4433 4202 4434 
3 4435 4436 4437 
3 4436 4438 4437 
3 4108 4111 4377 
3 4439 4440 4441 
3 4438 4442 4443 
3 4442 4179 4443 
3 4444 4380 4379 
3 4373 4326 4374 
3 4246 4245 4445 
3 4342 4446 4402 
3 4429 4447 4448 
3 4430 4429 4448 
3 4374 4449 4375 
3 4450 4373 4390 
3 4427 4373 4450 
3 4451 4452 4453 
3 4454 4455 4162 
3 4456 4454 4162 
3 4128 4108 4377 
3 4357 4355 4376 
3 4457 4458 4459 
3 4457 4460 4458 
3 4461 4462 4463 
3 4463 4462 4460 
3 4464 4465 4466 
3 4464 4467 4465 
3 3986 4468 3987 
3 3986 4187 4469 
3 4470 4471 4472 
3 4473 4474 4475 
3 4476 4196 4477 
3 4091 4094 4478 
3 4477 4479 4480 
3 4195 4481 4482 
3 4200 4195 4197 
3 4483 4479 4484 
3 4485 4391 4393 
3 4486 4392 4487 
3 4488 4225 4489 
3 4490 4225 4488 
3 4491 4492 4493 
3 4492 4494 4493 
3 4461 4495 4496 
3 4497 4498 4499 
3 4500 4501 4502 
3 4495 4501 4503 
3 4504 4462 4505 
3 4506 4501 4495 
3 4507 4508 4509 
3 4505 4461 4510 
3 4462 4461 4505 
3 4462 4511 4460 
3 4512 4513 4473 
3 4199 4201 4514 
3 4199 4514 4219 
3 4515 4516 4517 
3 4518 4519 4520 
3 4507 4286 4521 
3 4522 4523 4524 
3 4284 4391 4485 
3 4286 4284 4485 
3 4525 4526 4527 
3 4528 4403 4405 
3 4519 4529 4530 
3 4519 4531 4532 
3 4507 4509 4286 
3 4533 4507 4521 
3 4534 4535 4536 
3 4537 4538 4539 
3 4540 4537 4539 
3 4541 4542 4540 
3 4542 4537 4540 
3 4543 4544 4545 
3 4546 4547 4548 
3 4547 4549 4548 
3 4550 4551 4552 
3 4553 4554 4555 
3 4556 4557 4558 
3 4559 4560 4561 
3 4562 4563 4564 
3 4556 4565 4566 
3 4567 4556 4568 
3 4486 4201 4516 
3 4523 4569 4524 
3 4205 4204 4570 
3 4202 4204 4434 
3 4571 4572 4573 
3 4192 4199 4218 
3 4193 4574 4194 
3 4519 4532 4520 
3 4529 4519 4575 
3 4518 4257 4256 
3 4391 4481 4392 
3 4560 4576 4577 
3 4497 4562 4564 
3 4559 4578 4579 
3 4580 4581 4582 
3 4563 4556 4566 
3 4583 4584 4585 
3 4586 4587 4588 
3 4565 4556 4558 
3 4589 4590 4591 
3 4592 4593 4594 
3 4593 4595 4594 
3 4596 4597 4598 
3 4599 4600 4581 
3 4601 4205 4602 
3 4603 4604 4605 
3 4604 4606 4607 
3 4601 4270 4211 
3 4270 4601 4608 
3 4608 4609 4606 
3 4273 4610 4611 
3 4238 4251 4239 
3 4251 4260 4612 
3 4613 4614 4615 
3 4238 4616 4617 
3 4261 4260 4618 
3 4257 4259 4258 
3 4604 4619 4620 
3 4621 4622 4623 
3 4624 4625 4626 
3 4624 4626 4627 
3 4628 4597 4629 
3 4156 4446 4630 
3 4614 4626 4615 
3 4631 4632 4633 
3 4634 4631 4613 
3 4446 4342 4635 
3 4248 4246 4636 
3 4135 4444 4231 
3 4331 4637 4371 
3 4446 4635 4630 
3 4638 4064 4639 
3 4640 4641 4642 
3 4641 4643 4642 
3 4644 4645 4646 
3 4241 4644 4646 
3 4647 4436 4648 
3 4436 4435 4648 
3 4628 4629 4649 
3 4649 4604 4603 
3 4149 4650 4651 
3 4650 4652 4651 
3 4260 4653 4654 
3 4653 4238 4655 
3 4606 4604 4620 
3 4135 4141 4656 
3 4657 4262 4658 
3 4021 4659 4071 
3 4660 4619 4661 
3 4272 4271 4295 
3 4062 4262 4657 
3 4619 4662 4663 
3 4663 4664 4665 
3 4666 4274 4667 
3 4611 4666 4667 
3 4666 4611 4668 
3 4669 4670 4671 
3 4672 4673 4674 
3 4675 4616 4676 
3 4621 4654 4677 
3 4678 4621 4677 
3 4664 4673 4679 
3 4680 4681 4682 
3 4683 4624 4622 
3 4684 4685 4686 
3 4685 4687 4683 
3 4688 4675 4676 
3 4621 4685 4683 
3 4689 4120 4690 
3 4120 4123 4690 
3 4373 4428 4426 
3 4179 4442 4691 
3 4442 4692 4691 
3 4693 4444 4694 
3 4230 4306 4328 
3 4370 4695 4696 
3 4272 4664 4679 
3 4604 4607 4605 
3 4662 4672 4674 
3 4697 4672 4662 
3 4588 4587 4698 
3 4017 4699 4700 
3 4701 4551 4702 
3 4588 4703 4704 
3 4705 4610 4706 
3 4637 4169 4371 
3 4696 4456 4707 
3 4611 4610 4708 
3 4709 4475 4710 
3 4711 4712 4713 
3 4714 4675 4715 
3 4716 4717 4718 
3 4719 3999 4720 
3 4721 4522 4722 
3 4151 4327 4723 
3 4329 4309 4724 
3 4401 4123 4122 
3 4327 4363 4362 
3 4725 4264 4263 
3 4726 4474 4727 
3 4474 4473 4727 
3 4728 4729 4730 
3 4367 4731 4368 
3 4105 4732 4733 
3 4732 4734 4733 
3 4419 4365 4364 
3 4035 4000 4388 
3 4000 3999 4389 
3 4425 4266 4735 
3 4587 4017 4019 
3 4736 4587 4019 
3 4699 4288 4700 
3 4169 4637 4361 
3 4456 4331 4707 
3 4141 4255 4656 
3 4737 4738 4739 
3 4740 4737 4739 
3 4741 4742 4743 
3 4744 4745 4746 
3 4747 4744 4746 
3 4748 4749 4750 
3 4751 4583 4752 
3 4753 4754 4755 
3 4756 4757 4758 
3 4759 4760 4761 
3 4762 4748 4750 
3 4763 4316 4318 
3 4084 4763 4318 
3 4108 4134 4381 
3 4157 4266 4158 
3 4248 4156 4155 
3 4764 4765 4766 
3 4765 4767 4766 
3 4742 4109 4743 
3 4378 4768 4741 
3 4769 4770 4771 
3 4742 4769 4771 
3 4253 4252 4772 
3 4167 4253 4772 
3 4119 4352 4358 
3 4773 4351 4350 
3 4120 4264 4774 
3 4121 4120 4774 
3 4775 4419 4776 
3 4230 4327 4362 
3 4327 4151 4777 
3 4313 4363 4778 
3 4779 4414 4780 
3 4414 4781 4780 
3 4782 4783 4784 
3 4785 4786 4500 
3 4783 4787 4784 
3 4788 4789 4787 
3 4789 4790 4787 
3 4791 4792 4793 
3 4792 4012 4793 
3 4794 4795 4796 
3 4797 4794 4796 
3 4164 4798 4799 
3 4165 4164 4799 
3 4800 4801 4802 
3 4801 4803 4802 
3 4804 4805 4806 
3 4805 4807 4806 
3 4800 4808 4809 
3 4808 4165 4809 
3 4810 4178 4811 
3 4252 4810 4811 
3 4812 4645 4813 
3 4814 4250 4345 
3 4815 4816 4817 
3 4816 4818 4817 
3 4819 4820 4818 
3 4115 4819 4818 
3 4821 4416 4822 
3 4416 4085 4822 
3 4823 4824 4825 
3 4824 4435 4825 
3 4826 4033 4827 
3 4425 4812 4268 
3 4812 4828 4268 
3 4357 4449 4356 
3 4064 4063 4312 
3 4063 4829 4312 
3 4695 4370 4347 
3 4370 4169 4346 
3 4265 4146 3990 
3 3998 4265 3990 
3 4455 4830 4831 
3 4830 4832 4831 
3 4833 4834 4835 
3 4836 4833 4835 
3 4009 4313 4314 
3 4010 4009 4315 
3 4354 4306 4353 
3 4129 4128 4372 
3 4547 4546 4837 
3 4838 4839 4840 
3 4841 4838 4067 
3 4240 4419 4364 
3 4196 4479 4477 
3 4842 4454 4843 
3 4454 4456 4843 
3 4844 4086 4289 
3 4288 4844 4289 
3 4312 4829 4311 
3 4845 4094 4093 
3 4095 4494 4096 
3 4846 4847 4848 
3 4541 4846 4848 
3 4849 4850 4851 
3 4850 4440 4851 
3 4140 4852 4853 
3 4852 4652 4853 
3 4650 4854 4855 
3 4652 4650 4855 
3 4336 4856 4857 
3 4856 4858 4857 
3 4808 4800 4693 
3 4444 4135 4694 
3 4859 4335 4338 
3 4860 4859 4338 
3 4861 4862 4863 
3 4862 4864 4863 
3 4856 4865 4866 
3 4366 4033 4867 
3 4858 4856 4866 
3 4511 4462 4210 
3 4467 4868 4869 
3 4384 4870 4385 
3 4349 4773 4350 
3 4351 4830 4871 
3 4422 4872 4423 
3 4336 4873 4337 
3 4874 4875 4876 
3 4769 4768 4877 
3 4160 4769 4877 
3 4305 4316 4878 
3 4316 4178 4878 
3 4810 4131 4343 
3 4134 4444 4379 
3 4768 4378 4380 
3 4032 4879 4880 
3 4467 4881 4882 
3 4543 4091 4478 
3 4703 4701 4702 
3 4883 4884 4885 
3 4886 4887 4888 
3 4887 4839 4888 
3 4842 4384 4386 
3 4889 4407 4890 
3 4641 4891 4892 
3 4893 4883 4894 
3 4427 4852 4895 
3 4896 3991 4897 
3 4898 4899 4900 
3 4899 4901 4902 
3 4903 4427 4895 
3 4904 4903 4895 
3 4905 4490 4906 
3 4140 4138 4904 
3 4907 4187 4908 
3 4187 3986 4188 
3 4909 4334 4910 
3 4911 4912 4913 
3 4914 4911 4913 
3 4471 4915 4472 
3 4916 4917 4142 
3 4138 4903 4904 
3 4641 4918 4891 
3 4444 4919 4380 
3 3998 4769 4160 
3 4920 4160 4877 
3 4768 4920 4877 
3 4154 4858 4866 
3 4921 4922 4923 
3 4885 4924 4925 
3 4924 4894 4925 
3 4870 4926 4385 
3 4926 4348 4385 
3 4927 4828 4813 
3 4645 4927 4813 
3 4138 4874 4876 
3 4903 4138 4876 
3 4401 4245 4365 
3 4123 4401 4365 
3 4637 4331 4330 
3 4382 4814 4383 
3 4928 4929 4930 
3 4064 4795 4065 
3 4922 4839 4923 
3 4931 4932 4933 
3 4914 4931 4933 
3 4873 4338 4337 
3 4934 4935 4936 
3 4187 4915 4469 
3 4915 4468 4469 
3 4937 4938 4939 
3 4938 4932 4939 
3 4699 4369 4940 
3 4941 4942 4943 
3 4942 4944 4943 
3 4945 4320 4946 
3 4919 4444 4693 
3 4340 4947 4341 
3 4401 4121 4948 
3 4949 4339 4121 
3 3997 3993 4950 
3 3993 4951 4950 
3 4892 4859 4860 
3 4101 4103 4100 
3 4810 4305 4878 
3 4952 4953 4954 
3 4953 4955 4954 
3 4956 4467 4957 
3 4958 4786 4959 
3 4960 4785 4956 
3 4961 4960 4962 
3 4963 4467 4882 
3 4471 4470 4964 
3 4471 4464 4466 
3 4965 4966 4881 
3 4967 4965 4968 
3 4969 4966 4965 
3 4970 4225 4971 
3 4972 4973 4048 
3 4481 4970 4482 
3 4974 4975 4224 
3 4226 4490 4976 
3 4942 4977 4978 
3 4979 4980 4044 
3 4225 4224 4971 
3 4490 4972 4976 
3 4981 4942 4978 
3 4873 4860 4338 
3 4982 4936 4983 
3 4984 4973 4287 
3 4287 4973 4905 
3 4972 4490 4985 
3 4973 4984 4048 
3 4800 4919 4693 
3 4986 4980 4987 
3 3993 4988 4989 
3 4951 3993 4989 
3 4947 4336 4857 
3 4990 4991 4992 
3 4993 4994 4995 
3 4342 4401 4948 
3 4996 4997 4998 
3 4997 4436 4647 
3 4999 5000 5001 
3 5002 4999 5001 
3 5003 4571 5004 
3 4191 4214 5005 
3 5006 5007 5008 
3 5009 5010 5011 
3 4687 5012 5013 
3 4867 4033 5014 
3 4033 4366 4034 
3 5015 4699 4940 
3 4984 4287 5016 
3 5017 5018 5019 
3 4498 4879 4553 
3 4490 4905 4985 
3 4958 5020 5021 
3 4467 4956 4868 
3 4569 4599 5022 
3 5023 4987 5024 
3 5023 5025 5026 
3 4578 4522 4579 
3 5027 5028 5029 
3 4028 4984 5030 
3 5031 5032 5033 
3 5030 4599 5034 
3 4523 5035 4244 
3 4523 5023 5026 
3 4611 5036 4668 
3 4854 4439 4855 
3 5037 5038 5039 
3 4215 5040 5041 
3 5036 4611 4708 
3 4211 4270 4227 
3 5042 4567 5043 
3 5044 4550 4552 
3 4384 4018 4870 
3 5045 4586 5046 
3 4018 4384 5047 
3 5048 5049 5050 
3 4582 4560 4559 
3 5051 4721 5052 
3 3987 4207 3988 
3 4439 4140 4853 
3 4406 4849 4851 
3 4795 4794 5053 
3 4433 4213 4229 
3 4227 4269 4228 
3 5054 5055 5056 
3 5057 5058 5059 
3 4475 5060 4710 
3 5061 5062 5063 
3 4278 4280 5064 
3 3985 5057 5065 
3 5066 4595 5067 
3 5068 4398 5069 
3 4477 5070 5071 
3 5072 5073 5074 
3 5066 5068 5069 
3 4150 5075 4315 
3 5076 5077 4409 
3 5078 5079 4397 
3 5079 5080 4596 
3 4613 4631 5081 
3 4660 5082 5083 
3 4847 4631 4848 
3 4757 4711 4713 
3 5084 5085 5086 
3 4631 5087 5081 
3 4406 4447 4849 
3 5070 4477 4480 
3 5088 4670 5089 
3 4670 5090 4671 
3 5091 4052 5092 
3 5028 4054 5093 
3 4958 4961 5094 
3 5094 4961 5095 
3 4961 4962 5096 
3 4937 5097 5098 
3 5020 5094 5027 
3 5099 5100 5101 
3 4051 5099 5101 
3 5100 4972 5101 
3 4441 5102 5103 
3 4595 5104 5067 
3 5105 5106 5107 
3 4557 5042 5108 
3 5109 5100 5110 
3 5111 5112 5113 
3 5114 5105 5115 
3 5105 5116 5106 
3 5117 5118 5119 
3 5120 4619 4663 
3 5121 4714 5122 
3 5123 5124 5125 
3 5126 4685 4684 
3 5127 5049 5128 
3 5126 5129 5130 
3 5131 5049 5132 
3 5133 4685 5134 
3 5135 4461 4496 
3 4225 4970 4489 
3 4542 5012 5136 
3 4501 5137 4503 
3 5138 5139 4893 
3 5049 5140 5136 
3 5049 5131 5050 
3 5048 5141 5142 
3 5143 4883 5144 
3 4974 5109 5110 
3 4969 4222 5145 
3 4222 5146 5145 
3 4447 4406 4448 
3 5147 5148 5149 
3 5146 4221 5150 
3 4221 5151 5150 
3 4963 5146 5150 
3 5146 4966 5145 
3 4659 4021 4096 
3 5152 5124 5153 
3 5154 5155 5156 
3 4181 5157 5158 
3 4036 5159 5160 
3 5000 4442 4438 
3 5079 5161 4397 
3 5106 5116 5162 
3 5163 5164 5165 
3 5164 4320 5165 
3 4725 4060 4918 
3 5049 5127 5132 
3 5166 5167 5168 
3 5167 5169 5168 
3 4261 4624 4627 
3 5167 5170 5169 
3 5170 5171 5169 
3 4320 4319 5172 
3 5118 4833 5119 
3 5173 4660 5083 
3 5174 4916 5175 
3 4673 4672 5176 
3 5177 4318 4317 
3 5171 4183 5169 
3 5178 4672 4697 
3 5179 5180 5181 
3 5124 4684 5125 
3 5057 5182 5058 
3 4716 5088 5183 
3 5184 4717 5185 
3 5186 5184 5185 
3 3982 3980 4716 
3 5185 4717 5187 
3 5188 5189 5190 
3 5191 5124 5123 
3 5192 5188 5190 
3 5193 5194 5195 
3 5196 5197 5198 
3 5043 5199 5200 
3 5186 5201 5191 
3 3989 5201 5186 
3 3980 5185 5187 
3 5126 5124 5152 
3 4716 3980 5187 
3 3980 5186 5185 
3 5201 5202 5203 
3 5191 5201 5203 
3 5049 5136 5128 
3 5042 4598 5108 
3 5131 5129 5204 
3 5205 4326 4325 
3 5206 4842 4843 
3 5199 4592 5200 
3 4324 5205 4325 
3 4949 4725 4640 
3 4326 5207 4374 
3 4322 5164 5208 
3 5209 4322 5208 
3 4506 4495 5210 
3 4319 5193 5211 
3 4610 4705 5212 
3 5118 5213 4834 
3 5140 5049 5048 
3 4893 5139 5214 
3 4030 5215 5216 
3 4921 5141 4922 
3 4705 4673 5217 
3 5181 4279 5176 
3 5218 5179 5173 
3 5179 5178 5173 
3 4984 4027 5219 
3 5220 5131 5204 
3 5221 5222 5223 
3 4717 4714 4715 
3 4929 4928 5224 
3 5225 5172 5226 
3 4672 5181 5176 
3 5227 5228 5229 
3 5230 4561 4577 
3 4576 5230 4577 
3 4578 4559 4561 
3 5230 4578 4561 
3 5231 5232 5233 
3 5234 5235 5236 
3 5218 5116 5233 
3 5124 5191 5203 
3 5237 4518 5238 
3 4518 4520 5238 
3 5091 4911 5239 
3 4911 4053 5239 
3 5240 5241 5242 
3 5241 5234 5242 
3 4982 4861 5243 
3 5244 5076 5245 
3 4731 4369 4368 
3 4498 5246 5137 
3 5116 5218 5082 
3 5162 5116 5082 
3 5247 5106 5162 
3 4660 5247 5162 
3 5129 5126 5152 
3 5202 5129 5152 
3 5178 4660 5173 
3 5174 5149 5248 
3 4537 5141 5249 
3 5136 5140 5250 
3 5140 4537 5250 
3 4495 5246 4496 
3 5246 5135 4496 
3 5124 5203 5153 
3 4846 4541 4540 
3 4196 4476 4197 
3 4476 4200 4197 
3 4196 4195 4482 
3 4970 4196 4482 
3 4481 4488 4489 
3 4970 4481 4489 
3 4631 4634 4541 
3 5072 4836 4835 
3 4538 5149 5251 
3 5147 5085 5252 
3 4850 5253 5254 
3 5148 5147 5252 
3 4632 4631 4847 
3 4392 4481 4487 
3 4481 4195 4487 
3 5080 5079 5115 
3 5114 5115 5255 
3 4195 4486 4487 
3 5078 5114 5255 
3 4970 4483 4484 
3 4196 4970 4484 
3 5213 5118 5256 
3 5111 5078 5257 
3 4479 4196 4484 
3 5118 5143 5256 
3 4554 4499 4555 
3 5247 5080 5106 
3 5078 4397 4399 
3 4660 5162 5082 
3 5068 5213 5258 
3 4463 4506 5210 
3 5079 4596 5161 
3 4230 4360 4307 
3 4834 5072 4835 
3 5072 4748 4836 
3 4701 5076 5104 
3 5068 5066 5073 
3 4407 4406 4440 
3 5084 5086 5259 
3 4786 5260 5261 
3 4550 5262 4551 
3 4599 4581 5022 
3 5020 5263 4826 
3 4828 4927 4889 
3 4792 4018 5047 
3 5241 4988 5264 
3 5265 5241 5264 
3 4433 4206 4213 
3 5266 4695 4347 
3 4310 4064 4312 
3 4360 4308 4307 
3 4360 4058 4359 
3 4266 4425 4267 
3 5267 4172 4171 
3 5268 5269 5270 
3 5269 5271 5270 
3 5272 5269 5268 
3 4006 4823 4825 
3 4816 4115 4818 
3 4861 5273 5274 
3 5273 4420 4078 
3 4861 4982 4983 
3 4033 4826 5014 
3 5023 4979 5025 
3 4600 4599 5030 
3 4812 5275 4645 
3 4049 4984 5219 
3 4980 4043 4044 
3 4599 4979 5034 
3 4921 5174 5248 
3 4975 4483 5276 
3 4224 4975 4971 
3 4391 4284 4906 
3 4284 4905 4906 
3 4501 4506 4868 
3 4956 4501 4868 
3 5277 4786 4958 
3 4972 5109 4976 
3 5109 4226 4976 
3 4973 4972 4985 
3 4905 4973 4985 
3 4284 4287 4905 
3 4490 4488 5278 
3 5030 4984 5016 
3 4286 4509 4285 
3 5137 4786 5261 
3 4879 4498 5260 
3 4481 4391 4488 
3 5109 4224 4226 
3 5109 4974 4224 
3 4225 4490 4226 
3 5279 5280 5096 
3 4965 4464 4968 
3 4464 4471 4968 
3 4966 4963 4882 
3 4881 4966 4882 
3 4464 4965 4881 
3 4467 4464 4881 
3 4967 4969 4965 
3 4960 4963 4962 
3 4960 4956 4957 
3 4963 4960 4957 
3 4465 4467 4869 
3 4960 4961 4785 
3 4467 4963 4957 
3 4315 4009 4314 
3 5068 5072 5213 
3 5281 5282 5283 
3 4146 3991 3990 
3 4786 5137 4500 
3 5177 4305 4304 
3 5284 5285 5286 
3 4947 4342 4341 
3 4435 4008 5287 
3 4400 5078 4399 
3 4748 5075 5288 
3 4836 4748 5288 
3 5289 5290 5291 
3 5290 5292 5291 
3 5293 5290 5289 
3 5294 5295 5296 
3 5295 5297 5296 
3 4058 4637 4302 
3 4770 3998 3992 
3 4303 5177 4304 
3 4717 5184 5122 
3 5184 5121 5122 
3 5298 5295 5294 
3 5299 5295 5298 
3 5300 4491 5301 
3 4996 4998 5302 
3 4494 5303 4493 
3 5304 5305 5306 
3 5305 5307 5306 
3 5305 5304 5308 
3 5305 5285 5309 
3 5307 5305 5309 
3 4714 4717 5122 
3 5184 5123 5121 
3 5184 5191 5123 
3 4678 4714 5121 
3 5184 5186 5191 
3 5123 4678 5121 
3 3980 3989 5186 
3 5088 4716 4718 
3 4688 5088 4718 
3 5247 4660 4661 
3 4604 5247 4661 
3 4675 4688 4715 
3 4688 4717 4715 
3 4678 4684 4686 
3 4621 4678 4686 
3 5124 5126 4684 
3 5272 5310 5311 
3 5129 5132 5130 
3 4687 4685 5133 
3 4222 4221 5146 
3 4966 4969 5145 
3 5109 4972 5100 
3 4685 4621 4686 
3 5312 4222 4969 
3 4967 5313 5058 
3 4222 5312 5314 
3 4969 4967 5182 
3 3983 3985 5065 
3 5058 5313 5059 
3 4452 4451 5315 
3 4944 4942 4981 
3 5316 5317 5318 
3 4975 4974 5319 
3 5320 5316 5318 
3 5321 5320 5318 
3 5322 4836 5288 
3 5323 5324 5325 
3 5100 5323 5110 
3 4199 4198 4216 
3 4384 5206 5326 
3 4993 5157 4745 
3 5155 5327 5156 
3 5328 5329 5330 
3 5331 5332 5333 
3 5099 5323 5100 
3 5334 4051 5335 
3 5323 5099 5336 
3 5337 4252 4811 
3 4673 4705 4706 
3 4273 4673 4706 
3 5120 4606 4620 
3 4619 5120 4620 
3 4388 4000 4389 
3 4654 4621 4618 
3 4621 4683 4622 
3 4618 4621 4623 
3 4616 5090 4676 
3 5090 4688 4676 
3 4687 4624 4683 
3 4260 4654 4618 
3 4685 5126 5134 
3 5012 4634 5013 
3 4626 5338 4627 
3 5338 4261 4627 
3 4664 4662 4674 
3 4673 4664 4674 
3 4675 4681 4655 
3 4681 4653 4655 
3 4628 4649 4603 
3 4565 4628 4603 
3 4273 4272 4679 
3 4673 4273 4679 
3 4675 4714 4682 
3 4714 4680 4682 
3 4714 4678 4680 
3 4678 4677 4680 
3 4654 4681 4677 
3 4681 4675 4682 
3 4677 4681 4680 
3 4653 4681 4654 
3 4629 5247 4649 
3 5247 4604 4649 
3 5080 5247 4629 
3 4596 5080 5339 
3 4625 4624 4687 
3 4576 4529 5340 
3 4625 4634 4613 
3 5341 5020 5342 
3 5017 5341 5343 
3 5028 5027 5344 
3 5345 5346 5347 
3 5012 4542 4634 
3 5151 5279 5348 
3 5020 4958 5094 
3 5151 5348 5349 
3 5350 5279 5351 
3 5323 4974 5110 
3 5182 4967 5058 
3 3984 5312 3985 
3 5319 5352 4754 
3 5353 5354 4756 
3 4974 5323 5325 
3 4972 4048 5334 
3 4042 5355 4050 
3 4048 4984 4049 
3 4986 4030 5216 
3 5150 5151 5349 
3 4126 4035 4388 
3 5355 4051 4050 
3 5356 5037 5357 
3 4369 4699 5358 
3 4038 4549 5359 
3 4846 4538 5251 
3 4043 5159 5360 
3 4041 5355 4042 
3 5361 3983 5362 
3 4040 5363 4038 
3 5364 5365 5366 
3 5054 5056 5367 
3 3981 3982 5368 
3 5007 4216 4217 
3 5228 5369 5370 
3 4767 5292 5371 
3 5372 5373 5374 
3 5375 5372 5374 
3 5376 5369 5377 
3 5369 5227 5377 
3 4460 4511 4458 
3 4178 5337 4811 
3 5017 5019 5378 
3 5158 5157 5379 
3 4699 4017 5380 
3 4962 5279 5096 
3 4051 5101 5335 
3 4033 4032 4827 
3 4029 4036 5160 
3 4030 5159 5215 
3 5381 4760 5382 
3 4296 4728 4415 
3 4728 4413 4415 
3 4427 5383 5384 
3 4984 4028 4027 
3 4036 4029 4037 
3 4236 5385 4237 
3 5055 4734 5056 
3 4208 4433 4209 
3 5047 5386 5387 
3 5388 5389 5390 
3 5327 5391 5392 
3 4996 5327 5392 
3 5292 5290 5393 
3 5290 5394 5393 
3 5394 5395 5396 
3 5395 4918 5397 
3 4941 5290 5398 
3 5290 5293 5398 
3 5399 4773 4291 
3 4412 5400 4411 
3 4803 4919 4802 
3 5047 4384 5326 
3 4000 4029 4024 
3 4728 4296 4298 
3 5401 4165 4799 
3 4440 4406 4851 
3 4728 4730 4413 
3 5401 4800 4809 
3 5401 4020 4022 
3 5402 5403 5404 
3 5405 5402 5404 
3 5376 5406 4764 
3 5406 5299 4764 
3 5407 5391 5408 
3 5409 5407 5408 
3 4997 4996 5002 
3 4436 4997 5410 
3 5327 5409 5408 
3 5411 5188 5412 
3 5188 5413 5412 
3 5414 5415 5416 
3 4250 4814 4293 
3 4814 4232 4293 
3 5417 4638 4639 
3 5418 5414 5416 
3 5419 5420 5421 
3 4206 4601 4211 
3 5420 5422 5421 
3 4013 5423 5424 
3 5143 5118 5117 
3 4002 4004 5425 
3 4798 5401 4799 
3 5267 5426 4823 
3 5267 4070 5427 
3 5174 4921 5346 
3 4637 4300 4302 
3 5111 5143 5112 
3 4422 4425 4720 
3 3999 4422 4720 
3 4017 4587 5380 
3 4587 5358 5380 
3 4288 4926 4700 
3 4926 4017 4700 
3 4586 4588 4704 
3 5046 4586 4704 
3 5262 5045 5046 
3 4703 5262 5046 
3 4271 4666 5428 
3 5429 5111 5113 
3 5139 5430 5214 
3 5042 5431 5432 
3 4816 4815 5433 
3 4794 5434 5435 
3 5434 3997 5436 
3 5231 5105 5437 
3 4070 5267 4171 
3 5141 5438 5439 
3 5164 5163 5440 
3 4513 4512 5441 
3 4595 4701 5104 
3 5105 5442 5437 
3 4543 5420 5419 
3 5443 5418 5416 
3 5403 5373 5444 
3 5373 5445 5444 
3 5446 5447 5448 
3 4945 5426 5449 
3 5450 5446 5448 
3 5446 5451 5447 
3 5445 5452 5444 
3 5420 5453 5454 
3 5422 5420 5454 
3 5446 5450 5455 
3 5456 5446 5455 
3 5457 5458 5459 
3 5460 5457 5459 
3 5461 5293 5462 
3 5297 5461 5462 
3 5461 5463 5293 
3 5464 5461 5465 
3 5461 5297 5465 
3 5466 5467 5289 
3 5468 5461 5464 
3 5469 4783 4782 
3 5116 5231 5233 
3 5470 5295 5471 
3 5295 5299 5471 
3 4190 5472 5473 
3 4215 4190 5473 
3 4614 5087 5474 
3 5218 5475 5476 
3 5477 5478 5479 
3 5480 5356 5481 
3 5281 5480 5481 
3 5482 5483 5484 
3 5485 5180 5486 
3 4512 5061 5487 
3 4512 5180 5441 
3 5487 5061 4280 
3 5180 4512 5487 
3 4476 4477 5071 
3 5365 5488 3979 
3 5365 3979 3981 
3 5365 3981 5368 
3 5488 3989 3979 
3 5201 3989 5489 
3 5488 4732 5490 
3 5491 5201 5489 
3 3989 5488 5490 
3 5222 5220 5492 
3 5491 5493 5221 
3 5222 5494 5495 
3 5129 5202 5204 
3 5494 5496 5495 
3 4872 4029 4031 
3 4986 4872 4031 
3 5494 5197 5497 
3 4701 4595 5498 
3 4260 4251 4653 
3 5499 5474 5500 
3 4576 4614 5501 
3 4632 5502 5503 
3 5087 4631 4633 
3 4447 5051 5504 
3 4251 4238 4653 
3 4631 4541 4848 
3 4522 4578 4722 
3 5120 4663 4665 
3 4272 5120 4665 
3 4662 4664 4663 
3 5505 4791 4793 
3 4619 4697 4662 
3 4664 4272 4665 
3 4619 4660 4697 
3 4660 5178 4697 
3 5179 5181 5178 
3 5180 4279 5181 
3 4628 4565 4558 
3 4557 4628 4558 
3 5506 4554 4553 
3 4879 5506 4553 
3 5507 4550 5508 
3 4032 5508 5509 
3 4879 4032 5509 
3 4786 5277 5260 
3 4595 5066 5510 
3 4598 5042 5432 
3 4551 4701 5498 
3 5042 5043 5200 
3 5505 5400 4412 
3 4998 4997 4647 
3 4565 5511 5512 
3 4534 4563 4566 
3 5499 4578 5230 
3 5044 4593 5199 
3 5506 4550 5044 
3 4554 5506 5044 
3 4554 5044 5199 
3 4032 5507 5508 
3 4512 4473 5062 
3 5062 4709 5063 
3 5513 5364 5366 
3 4703 5046 4704 
3 4790 4782 4784 
3 4289 5399 4290 
3 4288 4699 5015 
3 4879 5260 4880 
3 4018 4792 5514 
3 4734 5488 5364 
3 5515 4982 4090 
3 4606 4609 4607 
3 4609 4565 4607 
3 4610 4273 4706 
3 5120 4608 4606 
3 5516 4596 4598 
3 5262 4550 5517 
3 4581 4508 4582 
3 4531 4560 5518 
3 4581 4600 5519 
3 4600 4509 5519 
3 4597 4628 4557 
3 4560 4582 5518 
3 4530 4529 5520 
3 4522 4721 5521 
3 5035 4523 5522 
3 4556 5042 4557 
3 4554 4562 4499 
3 5206 4456 4696 
3 4731 5015 4940 
3 4369 4731 4940 
3 4729 4125 4127 
3 4730 4729 4127 
3 4000 4035 4037 
3 4029 4000 4037 
3 4024 4422 4001 
3 4422 3999 4001 
3 4562 4497 4499 
3 5135 5246 4497 
3 5246 4498 4497 
3 4531 4507 4532 
3 4507 4533 4532 
3 4486 4515 4392 
3 4508 4507 4531 
3 4515 4286 4485 
3 5523 4533 4517 
3 4516 5523 4517 
3 4533 4515 4517 
3 4201 5523 4516 
3 4814 4300 4383 
3 4531 4519 4530 
3 4286 4515 4521 
3 4515 4533 4521 
3 4509 4283 4285 
3 4600 4287 4283 
3 5141 4537 5142 
3 5135 4203 4510 
3 4203 4505 4510 
3 4203 4504 4505 
3 4461 5135 4510 
3 4203 4202 4504 
3 4202 4210 4504 
3 4907 4470 4472 
3 4915 4907 4472 
3 4465 4457 4466 
3 4457 4471 4466 
3 4506 4457 4465 
3 4915 4471 4459 
3 4458 4915 4459 
3 5430 5139 5524 
3 5051 5525 5526 
3 3999 4719 4781 
3 4719 4779 4780 
3 4523 4522 5522 
3 4457 4506 4463 
3 4250 4292 4249 
3 4781 4719 4780 
3 5527 5528 5529 
3 5266 4168 4363 
3 4198 4200 5530 
3 4572 5531 5532 
3 4828 4147 4146 
3 5252 5502 5533 
3 5502 4632 5533 
3 4769 3998 4770 
3 4770 4896 4771 
3 5526 5525 5503 
3 5525 4632 5503 
3 5525 5499 5500 
3 5102 4850 5534 
3 4850 5254 5534 
3 4366 4867 4367 
3 4242 5535 5536 
3 4987 4242 5536 
3 4242 5275 5535 
3 5000 4438 5537 
3 5001 5000 5410 
3 4270 4294 4295 
3 4271 4270 4295 
3 5120 4272 4294 
3 4608 5120 4294 
3 4601 4609 4608 
3 5018 5017 5538 
3 4060 4725 4062 
3 5073 5244 5074 
3 5244 5245 5074 
3 4151 4150 4777 
3 4949 4121 4774 
3 4777 4313 4778 
3 4120 4262 4264 
3 4270 4269 4227 
3 5539 5345 5540 
3 5141 4921 5249 
3 4261 4256 4258 
3 4259 4261 4258 
3 4261 5338 4256 
3 5338 4518 4256 
3 4533 4574 5237 
3 4619 4604 4661 
3 4832 5541 4831 
3 5542 4929 5543 
3 4193 4251 4612 
3 4259 4193 4612 
3 5544 4281 5545 
3 5546 5544 5545 
3 4574 5523 4194 
3 5523 4192 4194 
3 4195 4200 4219 
3 4514 4195 4219 
3 4486 4195 4514 
3 4201 4486 4514 
3 4515 4486 4516 
3 4192 5523 4201 
3 5209 5542 5543 
3 5164 4887 5208 
3 4887 4886 5542 
3 5220 5222 5495 
3 5496 5220 5495 
3 5337 4167 4772 
3 5547 5548 5549 
3 4740 5547 5549 
3 5241 5550 5551 
3 5496 5494 5497 
3 5234 5241 5551 
3 5552 4740 5549 
3 5241 5265 5550 
3 5343 5097 5553 
3 5097 5538 5553 
3 4768 4769 4741 
3 4204 4206 4434 
3 4206 4433 4434 
3 4086 4844 5554 
3 4844 5018 5554 
3 5555 5272 5556 
3 5272 5268 5556 
3 4923 4838 5557 
3 4838 5346 5557 
3 5346 4921 5557 
3 5275 4242 4241 
3 4240 4292 4234 
3 4918 4060 5397 
3 4060 5396 5397 
3 4748 5245 4749 
3 5157 4747 4746 
3 4339 4643 4340 
3 4717 4716 5187 
3 5352 5353 4756 
3 5558 5559 4223 
3 5559 5560 5561 
3 5314 5558 5562 
3 4235 4238 4236 
3 5314 5312 3984 
3 5376 4764 4766 
3 5354 5563 4711 
3 4535 4205 4570 
3 5564 5565 5336 
3 5566 5564 5567 
3 5028 4052 4054 
3 5568 5189 4914 
3 4737 4442 5569 
3 5568 4914 4913 
3 5308 5304 5570 
3 4292 4246 4249 
3 4223 5559 5561 
3 5571 5568 4912 
3 5330 5329 5572 
3 4060 5573 5396 
3 5574 5575 5576 
3 5575 5577 5576 
3 5578 5575 5574 
3 5579 3984 5361 
3 5527 5575 5578 
3 5314 5579 5580 
3 5581 5563 5582 
3 5324 5323 5583 
3 5581 5584 5585 
3 5584 5581 5586 
3 5587 4109 5588 
3 5355 5564 5566 
3 4403 5586 4404 
3 5573 5394 5396 
3 5589 5587 5588 
3 5564 5355 5590 
3 4305 5177 4317 
3 4547 4041 4549 
3 4820 5591 4994 
3 5591 5592 5593 
3 5564 4528 4405 
3 4963 4966 5146 
3 5594 5595 4937 
3 5097 5596 5098 
3 5400 4762 4750 
3 4089 5538 5597 
3 5598 5599 4952 
3 5189 5600 5601 
3 5600 4955 5601 
3 4246 4292 4247 
3 4039 4038 5359 
3 5159 4036 5602 
3 4993 4745 5603 
3 4126 4730 4127 
3 4126 4387 4730 
3 5307 5604 5605 
3 5599 5598 5227 
3 5595 5594 5606 
3 5607 4945 5608 
3 4299 4728 4298 
3 5355 5592 5590 
3 4292 4232 4234 
3 5370 5573 4059 
3 5423 5609 5417 
3 5610 4740 4739 
3 4738 4737 5569 
3 4738 5610 4739 
3 4082 4172 4005 
3 5611 5491 5489 
3 5323 5336 5583 
3 4911 4932 4053 
3 5272 5329 5310 
3 5310 5329 5328 
3 4002 4099 5555 
3 5282 4584 4583 
3 5394 5612 5613 
3 5612 4944 5614 
3 5426 4945 5607 
3 5524 5139 5240 
3 5163 4840 5615 
3 4928 5131 5616 
3 4945 5163 5165 
3 4745 5157 4746 
3 4444 4134 4231 
3 5617 4951 5618 
3 3989 5611 5489 
3 5267 4823 5619 
3 5202 5491 5221 
3 5222 5492 5223 
3 4767 5376 4766 
3 4395 4394 4692 
3 5620 5621 5622 
3 5621 5623 5622 
3 4740 5552 4395 
3 4935 5595 5624 
3 4951 5240 5618 
3 5604 5307 5625 
3 4003 3997 4004 
3 5604 5331 5626 
3 4092 5390 5627 
3 4912 5628 5629 
3 5389 5265 5264 
3 4845 4092 3996 
3 5271 4845 3996 
3 5482 5235 5550 
3 5497 5196 5630 
3 5225 5155 5172 
3 5631 5632 5193 
3 5631 5193 5198 
3 5632 5631 5633 
3 5225 5409 5634 
3 5295 5635 5636 
3 5637 5477 5638 
3 5265 5639 5640 
3 5637 5641 5642 
3 5457 5641 5637 
3 4726 4513 5643 
3 5644 5460 5459 
3 5641 5457 5460 
3 4076 5641 5460 
3 4513 4726 4727 
3 4726 5641 4076 
3 4474 5060 4475 
3 5116 5105 5231 
3 4474 4726 4074 
3 5061 4512 5062 
3 4732 5488 4734 
3 5611 4732 5645 
3 5621 5494 5623 
3 5494 5222 5623 
3 5646 5621 5647 
3 4104 5648 5649 
3 4124 4026 4046 
3 5494 5621 5650 
3 5651 5652 5653 
3 5652 5654 5655 
3 5656 5657 5658 
3 5657 5659 5658 
3 4245 4402 4445 
3 5376 5600 5660 
3 4077 4821 5274 
3 4821 4861 5274 
3 4821 5661 5243 
3 4861 4821 5243 
3 4416 4821 5662 
3 4821 4077 5662 
3 4643 4873 4340 
3 4429 5663 5664 
3 5663 4721 5664 
3 5020 5027 5029 
3 5342 5020 5029 
3 5548 4095 5665 
3 4169 4360 4170 
3 5666 4864 5667 
3 5668 5666 5667 
3 5669 5599 5668 
3 5599 5670 5668 
3 4174 4082 4081 
3 4473 4513 4727 
3 4300 4637 4330 
3 4695 5206 4696 
3 4833 5322 5671 
3 5322 5672 5671 
3 5606 5673 5624 
3 5673 4935 5624 
3 5674 4759 5675 
3 5477 5483 5676 
3 5670 5228 4657 
3 5677 4070 4171 
3 4644 4927 4645 
3 4643 4949 4642 
3 4150 4313 4777 
3 5245 5072 5074 
3 4131 4132 4130 
3 4829 4151 4723 
3 4252 5337 4772 
3 4165 4253 4166 
3 4414 4387 4781 
3 4309 4723 4724 
3 4692 4394 4691 
3 4149 3991 4148 
3 5678 4309 4329 
3 4736 4792 4791 
3 4412 4736 4791 
3 4313 5266 4363 
3 5007 4218 4216 
3 4253 4167 4166 
3 4123 5679 4690 
3 4858 4947 4857 
3 4154 4119 4118 
3 4732 5611 5490 
3 5611 3989 5490 
3 4792 4736 5514 
3 4736 4019 5514 
3 4306 5678 4329 
3 5680 4729 5681 
3 5395 5614 5682 
3 4891 5395 5682 
3 5670 5599 5229 
3 5599 5227 5229 
3 4864 5666 5683 
3 5666 5679 5683 
3 4262 4120 4689 
3 5670 4657 4658 
3 4824 4823 5684 
3 5607 4824 5684 
3 4491 5303 5685 
3 5478 5218 5479 
3 5686 5687 5166 
3 5687 5167 5166 
3 5688 5686 5689 
3 5690 5688 5689 
3 5691 4768 5692 
3 5179 5478 5486 
3 5180 5179 5486 
3 5084 5102 5534 
3 5085 5084 5254 
3 5396 5395 5397 
3 4980 4986 5216 
3 5215 4980 5216 
3 5621 5649 5647 
3 4309 4829 4723 
3 5564 5693 4528 
3 5213 5072 4834 
3 5194 5196 5195 
3 5196 5198 5195 
3 4322 5196 5194 
3 5193 4319 5194 
3 5585 5584 5694 
3 5639 5457 5640 
3 4884 5117 5119 
3 4833 4884 5119 
3 5172 4319 5226 
3 4319 5211 5226 
3 4918 4641 4640 
3 5097 4937 5695 
3 4934 5097 5695 
3 5207 4449 4374 
3 5696 5620 5645 
3 4732 4105 5697 
3 4435 4824 4648 
3 4616 4675 4617 
3 4675 4655 4617 
3 5595 4934 5695 
3 5104 5244 5067 
3 5244 5066 5067 
3 4916 5147 5175 
3 5147 5149 5175 
3 4447 5253 4849 
3 5253 4850 4849 
3 5149 5174 5175 
3 4852 4904 4895 
3 5102 4137 4139 
3 4395 5552 4396 
3 5161 4398 4397 
3 4008 4435 5698 
3 4927 4644 4430 
3 4085 5661 4822 
3 5077 4410 4409 
3 4703 4410 5077 
3 4762 5505 4010 
3 5275 4241 4646 
3 4824 4998 4647 
3 5699 4744 4747 
3 5386 4012 5387 
3 5025 4569 5026 
3 4569 4523 5026 
3 4979 4599 5025 
3 4599 4569 5025 
3 4805 4149 4651 
3 5383 4804 4806 
3 4335 5700 5701 
3 4439 4652 4855 
3 5702 4014 5703 
3 4055 4248 4155 
3 5680 5699 4125 
3 4729 5680 4125 
3 5587 4143 4145 
3 5337 4178 4180 
3 5084 4142 4137 
3 4641 4873 4643 
3 4949 4640 4642 
3 4936 4862 4983 
3 4862 4861 4983 
3 4935 4862 4936 
3 5704 4153 4152 
3 5600 5188 5411 
3 4108 4128 4133 
3 4264 4949 4774 
3 4947 4858 4635 
3 4245 4401 4402 
3 4839 4838 4923 
3 4178 4316 4177 
3 4423 4872 5705 
3 4316 4175 4177 
3 4179 5337 4180 
3 4763 4008 4175 
3 5702 4098 5706 
3 4650 4407 4854 
3 4407 4440 4854 
3 4652 4439 4853 
3 4795 4638 4796 
3 4102 4794 4797 
3 4795 4924 4066 
3 4924 4885 4066 
3 4142 4917 4874 
3 5539 4875 5707 
3 4158 3998 4159 
3 4920 4157 4160 
3 4632 5148 5533 
3 4769 4742 4741 
3 4134 4108 4133 
3 4427 4903 4428 
3 4901 5708 5709 
3 5708 5528 5710 
3 4179 4176 4443 
3 4812 4425 4424 
3 5353 5352 5319 
3 5651 5711 5712 
3 5711 5713 5712 
3 5338 4529 4575 
3 4518 5338 4575 
3 5579 5714 5709 
3 5372 5715 5716 
3 3998 4160 4159 
3 4449 4357 4375 
3 4449 4303 4356 
3 4438 4176 4437 
3 4644 4432 4431 
3 4903 4323 4428 
3 4144 5383 4450 
3 5205 5207 4326 
3 4423 4812 4424 
3 4641 4892 4860 
3 4873 4641 4860 
3 5275 4812 4423 
3 4986 4987 5536 
3 4147 4889 4890 
3 4149 4147 5717 
3 4147 4828 4889 
3 4407 4650 4890 
3 3991 4146 4148 
3 5575 5718 5577 
3 5568 5571 5192 
3 5575 5719 5718 
3 5719 5192 5718 
3 5164 4322 4321 
3 5580 5527 5578 
3 5383 4427 4450 
3 5720 5721 5722 
3 5720 5722 5723 
3 5724 5527 5529 
3 5527 5580 5528 
3 5723 5527 5725 
3 5726 5531 5727 
3 5531 5724 5727 
3 4899 5531 5726 
3 5728 4899 4902 
3 4239 5385 4236 
3 4760 5381 4761 
3 5584 4276 5694 
3 4276 4275 5729 
3 4275 4760 5730 
3 5731 5644 5453 
3 4276 5584 5732 
3 4845 4977 5733 
3 4232 4814 5734 
3 5735 5463 5736 
3 5737 5735 5736 
3 4454 4348 4351 
3 4830 4455 4871 
3 5738 5739 5740 
3 4109 5587 4110 
3 5693 5591 5741 
3 5693 5742 4528 
3 4551 5262 4702 
3 5262 4703 4702 
3 5399 4085 4418 
3 5681 4729 5743 
3 4121 4401 4122 
3 5679 4689 4690 
3 5400 4409 4411 
3 4410 4736 4412 
3 4840 4068 4067 
3 4410 4588 4698 
3 4736 4410 4698 
3 4410 4703 4588 
3 4838 4840 4067 
3 4509 4600 4283 
3 4765 5292 4767 
3 4765 5299 5298 
3 5188 5600 5189 
3 5355 4041 5592 
3 5600 5411 5660 
3 4526 5744 5745 
3 4366 4369 5746 
3 5721 5747 5748 
3 5720 4184 5721 
3 4184 4183 5749 
3 5724 5750 5751 
3 4709 4473 4475 
3 4276 5739 5752 
3 5753 5739 5754 
3 5443 4112 4114 
3 5443 4115 5755 
3 4113 4116 5756 
3 4116 5738 5756 
3 5443 4117 4112 
3 5757 5604 5626 
3 5045 4366 5746 
3 5547 4740 5758 
3 5467 5466 5294 
3 5332 5443 5755 
3 5625 5321 5759 
3 4740 5610 5758 
3 5154 5607 5608 
3 4946 5154 5608 
3 4077 5760 5761 
3 5662 4077 5761 
3 5231 5762 5763 
3 5430 5524 5764 
3 5744 5285 5765 
3 4864 5273 4863 
3 4856 5700 5703 
3 4014 4865 5766 
3 5767 4296 5768 
3 4055 4154 4118 
3 4801 5769 5770 
3 4008 5698 5771 
3 5386 4695 5772 
3 4991 5680 5773 
3 5680 5681 5774 
3 4916 4142 5259 
3 5086 4916 5259 
3 4206 4211 4213 
3 5085 5147 5086 
3 5147 4916 5086 
3 5292 5370 5371 
3 4875 5539 5775 
3 5776 5031 5777 
3 5778 4832 5779 
3 4779 4157 5780 
3 5781 5470 5471 
3 4265 3998 4158 
3 4183 5166 5168 
3 4117 5443 5415 
3 5321 5307 5320 
3 5373 5744 5765 
3 5415 5443 5416 
3 5285 5744 5782 
3 5443 5332 5418 
3 5744 5373 5783 
3 4567 4554 5043 
3 5778 5662 5761 
3 4554 5199 5043 
3 4279 4705 5217 
3 5176 4279 5217 
3 4562 4567 4568 
3 4563 4562 4568 
3 5280 5350 5091 
3 4052 5344 5092 
3 4574 4257 5237 
3 4257 4518 5237 
3 5628 5350 5351 
3 5151 5628 5351 
3 5055 5784 5785 
3 4107 5055 5785 
3 5612 5394 5786 
3 5612 4941 4943 
3 5511 4534 5512 
3 4534 4566 5512 
3 5511 4609 4602 
3 4609 4601 4602 
3 4094 4845 5733 
3 4092 4845 4093 
3 4119 4865 5787 
3 5468 5788 5789 
3 5467 5297 5462 
3 5788 4094 5737 
3 5788 5737 5789 
3 5373 5372 5445 
3 5451 5790 5791 
3 5452 5407 5792 
3 5405 5790 5793 
3 5693 5741 5742 
3 5745 5744 5783 
3 5794 5790 5405 
3 4157 4920 5780 
3 4207 4210 4208 
3 4316 4763 4175 
3 5372 5375 5795 
3 5269 4845 5271 
3 4296 5767 5769 
3 4991 5604 5757 
3 5764 5524 5796 
3 5232 5235 5484 
3 5483 5232 5484 
3 4483 4970 5276 
3 4970 4971 5276 
3 4535 5135 4536 
3 4564 4563 5797 
3 5798 5674 5799 
3 5585 5798 5799 
3 4563 4536 5797 
3 4614 5474 5501 
3 4470 4967 4964 
3 4967 4968 4964 
3 4003 5268 5270 
3 5584 5800 5732 
3 5639 5389 5388 
3 5457 5639 5458 
3 5422 5388 5421 
3 4544 5801 4545 
3 5802 5731 5453 
3 5644 5422 5454 
3 5731 5803 5804 
3 5731 5805 5806 
3 5807 5808 5809 
3 5810 5811 5812 
3 5813 5814 5456 
3 5648 5456 5455 
3 5321 5332 5759 
3 5604 4991 5605 
3 5633 5631 5815 
3 5816 5621 5646 
3 4789 5451 5817 
3 4790 4789 5817 
3 4398 5068 5258 
3 4803 4801 5770 
3 5452 5391 5407 
3 4172 4082 4174 
3 5541 4382 5818 
3 4352 4013 4354 
3 5435 4924 5053 
3 4924 4795 5053 
3 4927 4430 4408 
3 4407 4927 4408 
3 5672 5322 5819 
3 5322 5704 5819 
3 4063 4885 5672 
3 4725 4918 4640 
3 4419 4123 4365 
3 4021 4020 4097 
3 5609 5702 5706 
3 4002 4102 4101 
3 4614 4576 5340 
3 5820 4614 5340 
3 4529 5338 5820 
3 5338 4626 5820 
3 4894 4883 4925 
3 4017 4926 4870 
3 4348 4454 4842 
3 4012 5386 5821 
3 4336 4335 5701 
3 5174 5346 5822 
3 5823 5174 5822 
3 4292 4240 4247 
3 4917 4916 5823 
3 4720 4425 4735 
3 5417 4310 5824 
3 4893 5112 5144 
3 5825 4474 5826 
3 4073 5803 5827 
3 4074 4073 5827 
3 5112 5143 5144 
3 4306 4308 4353 
3 4419 4240 4776 
3 5060 5825 5828 
3 5829 4751 5825 
3 5631 5830 5815 
3 5829 5282 5831 
3 5282 4583 5831 
3 5832 5784 5833 
3 4451 5832 5315 
3 4474 4074 5826 
3 5834 5808 5835 
3 5807 4104 4106 
3 5661 4821 4822 
3 5834 5832 5836 
3 5832 4451 5836 
3 4417 5399 4418 
3 5837 5807 5809 
3 5669 5673 5838 
3 5673 4952 5838 
3 4107 5834 5835 
3 4099 4002 4101 
3 5383 4144 4143 
3 4080 4419 4775 
3 4435 4437 5698 
3 5541 4832 5839 
3 4417 5778 5840 
3 4103 4797 5841 
3 5609 4103 5841 
3 4549 5363 4548 
3 5312 4969 5182 
3 4149 4805 4897 
3 3991 4149 4897 
3 4652 4852 4807 
3 4020 5842 5843 
3 5477 5676 5638 
3 5303 4095 5548 
3 5547 5685 5844 
3 5610 4999 5845 
3 4999 5375 5845 
3 4020 5401 4798 
3 5842 5665 5843 
3 4096 4021 4097 
3 5773 5680 5774 
3 5072 5068 5073 
3 4306 4329 4328 
3 5304 5306 5301 
3 4491 5304 5301 
3 5679 4123 4421 
3 5306 5300 5301 
3 4858 4154 4156 
3 4275 4277 5846 
3 5639 5388 5847 
3 5794 5452 5792 
3 5757 4744 4992 
3 4744 4990 4992 
3 5699 5680 4990 
3 5680 4991 4990 
3 5548 5547 5844 
3 4996 5392 5848 
3 5002 4996 5848 
3 4082 4005 5849 
3 5329 4099 5572 
3 4271 4272 4274 
3 5633 5850 5851 
3 5738 4116 5852 
3 5531 4899 5532 
3 4016 5423 4015 
3 5704 5322 5853 
3 5322 5288 5853 
3 5801 5854 5855 
3 5856 5801 5855 
3 5227 5598 5377 
3 5857 5657 5854 
3 5402 5858 5859 
3 4525 5402 5859 
3 5860 4589 5858 
3 5861 5860 5858 
3 5761 5760 5862 
3 4073 4076 5863 
3 5864 4275 5846 
3 5458 5639 5847 
3 4786 4785 4959 
3 5422 5458 5847 
3 5388 5422 5847 
3 5207 4081 4083 
3 5600 5376 5865 
3 4425 4268 4267 
3 4449 5207 5866 
3 5316 5744 4526 
3 4717 4688 4718 
3 5867 5651 5653 
3 4825 4435 5287 
3 5816 5646 5868 
3 5830 5816 5868 
3 5869 5870 5871 
3 5531 4572 5750 
3 5505 4412 4791 
3 4572 5869 5750 
3 4899 5728 4900 
3 4705 4278 5212 
3 5872 5873 5874 
3 4275 5875 4760 
3 4099 5329 5555 
3 4760 5875 5382 
3 5329 5272 5555 
3 5207 4084 5866 
3 5876 4099 4098 
3 5699 4181 4182 
3 5776 5777 5864 
3 5752 5877 5878 
3 5877 5776 4277 
3 5452 5405 5404 
3 5657 5856 5855 
3 5170 5879 5635 
3 5842 4164 5880 
3 4396 5842 5880 
3 5554 5018 5881 
3 5882 4184 5870 
3 5872 5883 5882 
3 4184 5882 4185 
3 4829 4309 4311 
3 5884 5480 5281 
3 5882 5869 5873 
3 4572 4571 5874 
3 5326 5206 5885 
3 5872 5874 5003 
3 5873 4572 5874 
3 5886 5757 5626 
3 5331 5886 5626 
3 4068 5426 5427 
3 4070 4068 5427 
3 4220 5007 5006 
3 5887 4332 4334 
3 4190 5810 5472 
3 5284 5373 5765 
3 5285 5284 5765 
3 5739 5753 5752 
3 5888 5889 5890 
3 5890 5889 5891 
3 5889 5776 5891 
3 5739 4403 5740 
3 5652 5888 5892 
3 5888 5890 5892 
3 5652 5852 5893 
3 5853 5075 4153 
3 5894 5802 5895 
3 5170 5470 5171 
3 5854 5657 5855 
3 5466 5298 5294 
3 5170 5167 5896 
3 5169 4183 5168 
3 5829 5803 5283 
3 5297 5879 5465 
3 5879 5170 5896 
3 5803 5281 5283 
3 5883 5690 5689 
3 4333 4332 5897 
3 4332 5690 5897 
3 5874 4571 5003 
3 5898 5899 5900 
3 5713 5898 5900 
3 5713 5888 5712 
3 5652 4117 5654 
3 4783 5546 5901 
3 5867 5902 5903 
3 4783 4788 4787 
3 4526 5745 4527 
3 4589 4525 5859 
3 5657 5904 5659 
3 5904 5167 5659 
3 5281 5803 5905 
3 5803 5806 5905 
3 5884 5281 5905 
3 5805 5884 5806 
3 5904 5857 5468 
3 5879 5904 5464 
3 5904 5657 5857 
3 5808 5834 5906 
3 5472 5808 5906 
3 5894 5907 5908 
3 5907 5480 5908 
3 5808 5472 5909 
3 5812 5808 5909 
3 5813 5808 5812 
3 5811 5813 5812 
3 5857 5788 5468 
3 5472 5810 5909 
3 5810 5910 5811 
3 5801 4544 5854 
3 5911 5912 5913 
3 5657 5895 5856 
3 5912 5894 5895 
3 4737 4395 4692 
3 4442 4737 4692 
3 5485 5477 5637 
3 4909 5907 5887 
3 5415 5414 4590 
3 5480 5884 5908 
3 4909 5887 4334 
3 5688 4332 5911 
3 5907 5912 5911 
3 5907 4909 5038 
3 5907 5911 5887 
3 5898 4281 4282 
3 5899 5009 5011 
3 4281 5711 5545 
3 5810 4190 5914 
3 5814 5813 5811 
3 5912 5656 5913 
3 5903 4783 5901 
3 5814 5910 5469 
3 5814 5469 4782 
3 5711 5867 5546 
3 4783 5544 5546 
3 5790 4789 5861 
3 4928 5616 5224 
3 5861 4789 4788 
3 4875 4874 5707 
3 4142 5084 5259 
3 5167 5904 5896 
3 5904 5879 5896 
3 5687 5656 5658 
3 4183 5686 5166 
3 5731 5802 5805 
3 5802 5894 5805 
3 5803 5731 5806 
3 5656 5688 5913 
3 5688 5911 5913 
3 5418 5321 5317 
3 5915 4526 5916 
3 5858 4589 5859 
3 4526 4525 5916 
3 5317 5316 5915 
3 5297 5467 5296 
3 4189 5910 5914 
3 5894 5884 5805 
3 4190 4189 5914 
3 5879 5464 5465 
3 5293 5467 5462 
3 5292 5466 5291 
3 5463 4941 5398 
3 5467 5293 5289 
3 5802 5420 5801 
3 5884 5894 5908 
3 5806 5884 5905 
3 4589 5860 5917 
3 5860 5902 5917 
3 5356 5282 5481 
3 5860 5861 4788 
3 4783 5860 4788 
3 5282 5281 5481 
3 5282 5829 5283 
3 5918 4583 4585 
3 4712 5674 5675 
3 4757 5354 4711 
3 5040 4451 4453 
3 4214 4215 5041 
3 4483 4753 5919 
3 5910 5810 5914 
3 5299 5781 5471 
3 5920 4215 5473 
3 5288 5075 5853 
3 4525 4589 4591 
3 5921 4117 5415 
3 4790 5814 4782 
3 5810 5812 5909 
3 5834 5920 5906 
3 5413 5781 5412 
3 5902 5921 5917 
3 4544 5857 5854 
3 5890 5922 5892 
3 5922 5652 5892 
3 5652 5922 5852 
3 5922 5738 5852 
3 5546 5867 5901 
3 5867 5903 5901 
3 5860 4783 5903 
3 5902 5860 5903 
3 5921 4589 5917 
3 4823 4006 5619 
3 4006 4172 5619 
3 4172 4006 4005 
3 5547 5923 5570 
3 5923 5308 5570 
3 5000 4738 5569 
3 4442 5000 5569 
3 4932 4931 5924 
3 4931 4953 5924 
3 5228 5370 4059 
3 5019 5263 5378 
3 5263 5341 5378 
3 4255 4141 4254 
3 4901 5709 5925 
3 5040 5920 4451 
3 5369 4767 5371 
3 5370 5369 5371 
3 5369 5376 4767 
3 4544 5788 5857 
3 5724 5531 5750 
3 4929 5496 5630 
3 5496 5497 5630 
3 5197 5196 5497 
3 5196 4929 5630 
3 5653 5652 5655 
3 5910 5544 5469 
3 5544 4783 5469 
3 4189 5544 5910 
3 5747 4183 5171 
3 5470 5747 5171 
3 5781 5747 5470 
3 4183 5747 5749 
3 5747 5721 5749 
3 5889 5713 5900 
3 5899 5889 5900 
3 4898 4572 5532 
3 4899 4898 5532 
3 4787 4790 4784 
3 4583 4751 5831 
3 4751 5829 5831 
3 4277 4276 5878 
3 4276 5752 5878 
3 5877 4277 5878 
3 4859 5330 5926 
3 4360 4230 4170 
3 4310 4309 5927 
3 4841 5677 5540 
3 5823 5345 5928 
3 4742 4896 5589 
3 5753 5877 5752 
3 5739 5738 5754 
3 5922 5890 5753 
3 5877 5890 5891 
3 5776 5877 5891 
3 5890 5877 5753 
3 5910 5814 5811 
3 5777 5875 5864 
3 5875 4275 5864 
3 5829 5825 5826 
3 4074 5829 5826 
3 5807 4107 5835 
3 5808 5807 5835 
3 5750 5869 5751 
3 5869 5871 5751 
3 5870 5720 5871 
3 5720 5724 5871 
3 5869 5882 5870 
3 5871 5724 5751 
3 5690 5872 5897 
3 5872 4333 5897 
3 5685 5303 5844 
3 5303 5548 5844 
3 4803 5767 5929 
3 5767 5780 5929 
3 5737 4094 5930 
3 4023 4297 5931 
3 5767 4803 5770 
3 5798 4276 5729 
3 5730 5798 5729 
3 5724 5708 5727 
3 5708 5726 5727 
3 4275 5730 5729 
3 5803 4073 5804 
3 4073 5863 5804 
3 4451 5920 5836 
3 5920 5834 5836 
3 5803 5829 5827 
3 5829 4074 5827 
3 5769 5767 5770 
3 4175 4008 5771 
3 4437 4176 5698 
3 5760 4080 4775 
3 4233 5760 4775 
3 4013 4352 5932 
3 4352 4308 4358 
3 4865 5932 5787 
3 5678 4306 4354 
3 4013 5678 4354 
3 4414 4779 5768 
3 4296 4414 5768 
3 5700 4856 5701 
3 4430 4644 4431 
3 4644 5035 4432 
3 4089 5515 4090 
3 4088 5661 4087 
3 4089 5597 5515 
3 5035 5663 4432 
3 5538 5097 5597 
3 5097 4934 5597 
3 4844 4288 5015 
3 4731 4844 5015 
3 5253 4447 5504 
3 5526 5253 5504 
3 5180 5485 5441 
3 5485 4513 5441 
3 5904 5468 5464 
3 5446 5814 4790 
3 4014 5702 4016 
3 5702 5609 4016 
3 4071 4297 4072 
3 4297 5769 5931 
3 4164 5842 4798 
3 4141 4252 4254 
3 4865 4014 5932 
3 4828 4146 5933 
3 4062 5228 4061 
3 4730 4387 4413 
3 4387 4414 4413 
3 4779 5767 5768 
3 5609 4638 5417 
3 4807 5383 4806 
3 4004 5434 5425 
3 4456 4162 5934 
3 4331 4456 5934 
3 5434 4102 5425 
3 4926 4288 4291 
3 4982 5661 4090 
3 5358 4699 5380 
3 4586 4369 5358 
3 4587 4586 5358 
3 4872 4422 4024 
3 4029 4872 4024 
3 4416 5778 4417 
3 4335 4859 5926 
3 4859 5328 5330 
3 5157 4181 4747 
3 4181 5699 4747 
3 5386 5047 5326 
3 4745 5886 5603 
3 5886 4815 5603 
3 4244 5035 4243 
3 4342 4947 4635 
3 4729 4728 4299 
3 4078 4420 4079 
3 5760 4077 4080 
3 4030 4029 5160 
3 5159 4030 5160 
3 4181 5158 5935 
3 4035 4181 5935 
3 5132 5127 5130 
3 5127 5126 5130 
3 4036 4035 5935 
3 5129 5131 5132 
3 4944 4981 5311 
3 5310 4944 5311 
3 4090 5661 4088 
3 3991 4896 4770 
3 5154 5156 5302 
3 4998 5154 5302 
3 5303 4491 4493 
3 4095 5303 4494 
3 5305 5308 5286 
3 5285 5305 5286 
3 4320 5172 5936 
3 4946 4320 5936 
3 3993 3996 5937 
3 4988 3993 5937 
3 5581 5324 5938 
3 5324 5583 5938 
3 4154 4866 5939 
3 4119 4154 5939 
3 4233 4232 5940 
3 5839 4233 5940 
3 4246 4446 4636 
3 4446 4156 4636 
3 5733 5735 5930 
3 5735 5737 5930 
3 5932 4352 5787 
3 4352 4119 5787 
3 5463 5735 5941 
3 5735 4942 5941 
3 4146 4265 5933 
3 4265 4268 5933 
3 5769 4801 5931 
3 4801 4023 5931 
3 4176 4175 5771 
3 5698 4176 5771 
3 5665 4095 5843 
3 4095 4020 5843 
3 4382 4455 5818 
3 4455 4831 5818 
3 4105 5055 4107 
3 5784 5834 5785 
3 5644 5731 5863 
3 4076 5644 5863 
3 5882 5883 4185 
3 5883 4183 4185 
3 5422 5644 5458 
3 5453 5644 5454 
3 5388 5419 5421 
3 5225 5850 5409 
3 4323 4326 4426 
3 4428 4323 4426 
3 5942 5830 5447 
3 5830 5450 5448 
3 4092 4091 5390 
3 4091 4543 5419 
3 5292 5573 5370 
3 5942 5850 5633 
3 5850 5225 5851 
3 4789 5790 5451 
3 4820 4993 4815 
3 4919 5691 5692 
3 4380 4919 5692 
3 5681 4492 5774 
3 4492 5773 5774 
3 4012 4792 5387 
3 4792 5047 5387 
3 5390 5389 5627 
3 5389 4988 5627 
3 4742 5589 5588 
3 4109 4742 5588 
3 5324 5581 5582 
3 5354 5324 5582 
3 4032 5277 4827 
3 5277 4826 4827 
3 4310 5417 4639 
3 4064 4310 4639 
3 4942 5735 4977 
3 3997 4003 3994 
3 5920 5472 5906 
3 5814 5446 5456 
3 5450 5648 5455 
3 4094 5733 5930 
3 5745 5402 4527 
3 5402 4525 4527 
3 4420 4080 4079 
3 5414 5915 5916 
3 4525 5414 5916 
3 5414 5317 5915 
3 5414 5418 5317 
3 5414 4525 4591 
3 4590 5414 4591 
3 4589 5921 4590 
3 5921 5415 4590 
3 5801 5420 4545 
3 5420 4543 4545 
3 4538 4846 4539 
3 5802 5801 5856 
3 5895 5802 5856 
3 4273 4611 4667 
3 4274 4273 4667 
3 4666 4271 4274 
3 5648 5450 5646 
3 5447 5830 5448 
3 5631 5816 5830 
3 5646 5450 5868 
3 5392 5715 5848 
3 5715 4999 5002 
3 5452 5794 5405 
3 5403 5452 5404 
3 5808 5813 5809 
3 5813 5837 5809 
3 5813 5648 5837 
3 5648 4104 5837 
3 4404 5564 4405 
3 5742 4403 4528 
3 5060 4474 5825 
3 4202 4433 4208 
3 5943 4403 5742 
3 4779 4719 5944 
3 4253 4165 4255 
3 5715 5002 5848 
3 4297 4023 4072 
3 5741 5943 5742 
3 5388 4091 5419 
3 5739 4276 5732 
3 5800 5739 5732 
3 5648 5813 5456 
3 4276 5798 5694 
3 5798 5585 5694 
3 5293 5463 5398 
3 5850 5942 5794 
3 5420 5802 5453 
3 4403 5739 5800 
3 5586 4403 5800 
3 5445 5372 5716 
3 5788 4544 4543 
3 4760 4759 5730 
3 4759 5798 5730 
3 4941 5463 5941 
3 4104 5807 5837 
3 4845 5269 4977 
3 5269 5272 4981 
3 5850 5407 5409 
3 5188 5719 5413 
3 5781 5411 5412 
3 5304 5547 5570 
3 5674 5563 5799 
3 5563 5581 5585 
3 5406 5781 5299 
3 5332 5321 5418 
3 4977 5269 4978 
3 4333 5003 5004 
3 5702 5700 5945 
3 5032 5899 5033 
3 5385 5006 5008 
3 5433 5331 5333 
3 4744 5886 4745 
3 5317 5321 5318 
3 5316 4526 5915 
3 5285 5320 5309 
3 5320 5307 5309 
3 5744 5316 5782 
3 5552 5842 4396 
3 5466 4765 5298 
3 5467 5294 5296 
3 5466 5289 5291 
3 5781 5406 5411 
3 5299 4765 4764 
3 4113 4819 4115 
3 5943 4819 4113 
3 5292 4765 5466 
3 5394 5573 5393 
3 5573 5292 5393 
3 5284 5375 5374 
3 4955 5600 5865 
3 4991 5757 4992 
3 5402 5861 5858 
3 5410 5000 5537 
3 4277 5776 5846 
3 5776 5864 5846 
3 5010 4191 5005 
3 5196 5209 5543 
3 4929 5196 5543 
3 5163 4068 4840 
3 4533 5237 5238 
3 4532 4533 4520 
3 5265 5482 5550 
3 4856 4336 5701 
3 5266 5821 5772 
3 4695 5266 5772 
3 4865 4856 5766 
3 4856 5703 5766 
3 5426 5267 5427 
3 4841 4067 4069 
3 4147 4890 5717 
3 5583 5565 5938 
3 5196 4322 5209 
3 4394 5880 5946 
3 5177 4084 4318 
3 5474 5087 5500 
3 5087 5525 5500 
3 4830 5840 5779 
3 4832 4830 5779 
3 4832 5778 5862 
3 5778 5761 5862 
3 4875 5775 4324 
3 4323 4875 4324 
3 4455 4454 4871 
3 4454 4351 4871 
3 5066 5244 5073 
3 5228 4059 4061 
3 5737 5461 5789 
3 5461 5468 5789 
3 5850 5794 5792 
3 5407 5850 5792 
3 5402 5405 5793 
3 5861 5402 5793 
3 5322 4833 4836 
3 5075 4150 4153 
3 5395 5394 5613 
3 5614 5395 5613 
3 5213 4400 5258 
3 4400 4398 5258 
3 5641 4726 5643 
3 5642 5641 5643 
3 4726 4076 4075 
3 4077 5274 4078 
3 4429 5664 5947 
3 4447 4429 5947 
3 4837 4546 5379 
3 4546 5158 5379 
3 5018 4844 5948 
3 4844 4731 5948 
3 5394 5290 5786 
3 5290 4941 5786 
3 5446 4790 5817 
3 5451 5446 5817 
3 4638 4797 4796 
3 5842 4020 4798 
3 4492 4659 4494 
3 5762 5764 5796 
3 5234 5762 5796 
3 5762 5429 5764 
3 5886 4744 5757 
3 5762 5234 5236 
3 5763 5762 5236 
3 5235 5232 5763 
3 5232 5231 5763 
3 5300 5307 5605 
3 4991 5300 5605 
3 5942 5633 5815 
3 5830 5942 5815 
3 4807 4852 5384 
3 4852 4427 5384 
3 4299 4297 4071 
3 4070 4841 4069 
3 4658 4262 5949 
3 4262 4689 5949 
3 5320 5285 5782 
3 5316 5320 5782 
3 5308 5284 5286 
3 5483 5479 5476 
3 5475 5483 5476 
3 5233 5232 5475 
3 5232 5483 5475 
3 5331 5625 5759 
3 5332 5331 5759 
3 5715 5391 5716 
3 5391 5445 5716 
3 5452 5403 5444 
3 5391 5452 5445 
3 5230 4576 5501 
3 5474 5230 5501 
3 5375 4999 5795 
3 4999 5715 5795 
3 5284 5923 5375 
3 5923 5610 5845 
3 5135 4564 5797 
3 4536 5135 5797 
3 4816 5332 5755 
3 4115 4816 5755 
3 5942 5451 5791 
3 5794 5942 5791 
3 5344 5280 5092 
3 5280 5091 5092 
3 5027 5280 5344 
3 5790 5794 5791 
3 5738 5943 5756 
3 5943 4113 5756 
3 4041 4994 5593 
3 4131 4810 5950 
3 4810 4252 5950 
3 4839 5440 5615 
3 4840 4839 5615 
3 4887 5164 5440 
3 4839 4887 5440 
3 5535 5275 5705 
3 5275 4423 5705 
3 4248 4055 4344 
3 4659 5681 5743 
3 4299 4659 5743 
3 5876 5330 5572 
3 4099 5876 5572 
3 4103 5609 5706 
3 4098 4103 5706 
3 4058 4301 4057 
3 4105 5696 5697 
3 5696 5645 5697 
3 4164 4167 5946 
3 5657 5912 5895 
3 5880 4164 5946 
3 5526 5502 5951 
3 5502 5085 5951 
3 4266 4157 5944 
3 4157 4779 5944 
3 4903 4876 5952 
3 4323 4903 5952 
3 4897 4805 5953 
3 4805 4804 5953 
3 5592 4041 5593 
3 4820 4819 5954 
3 4819 5741 5954 
3 5741 5591 5954 
3 5852 4116 5893 
3 4116 4117 5893 
3 5337 4179 5955 
3 4167 5337 5955 
3 5683 5679 5956 
3 5679 4420 5956 
3 4438 4436 5537 
3 4436 5410 5537 
3 5738 5922 5754 
3 5922 5753 5754 
3 4062 4725 4263 
3 5879 5297 5636 
3 5635 5879 5636 
3 5297 5295 5636 
3 5295 5470 5635 
3 4955 5598 4954 
3 5719 5721 5748 
3 5413 5719 5748 
3 4156 4248 4636 
3 5461 5737 5736 
3 5463 5461 5736 
3 5373 5403 5783 
3 5403 5745 5783 
3 5403 5402 5745 
3 5411 5406 5660 
3 5406 5376 5660 
3 4977 5735 5733 
3 4864 4862 5957 
3 4862 5958 5957 
3 5673 5669 5958 
3 5959 5310 5328 
3 4859 5959 5328 
3 5959 4944 5310 
3 4981 5272 5311 
3 4797 4638 5841 
3 5648 5646 5647 
3 5649 5648 5647 
3 4885 4063 4066 
3 4593 4551 5498 
3 4595 4593 5498 
3 4929 5542 4930 
3 5542 5960 4930 
3 5542 4886 5960 
3 4886 5438 5960 
3 4935 5673 5958 
3 5926 5876 5961 
3 5876 5700 5961 
3 4398 5161 5962 
3 5069 4398 5962 
3 5516 5069 5962 
3 4919 4803 5691 
3 4829 4063 5963 
3 4063 5819 5963 
3 5066 5516 5510 
3 5516 5431 5510 
3 4729 4299 5743 
3 4638 5609 5841 
3 4308 4360 4359 
3 5508 5506 5509 
3 5506 4879 5509 
3 4550 5506 5508 
3 4498 4553 4555 
3 4499 4498 4555 
3 5669 4864 5957 
3 4982 4934 4936 
3 5663 5035 5522 
3 4814 4382 5734 
3 4550 5507 5517 
3 5507 5045 5517 
3 4560 4530 5520 
3 5678 4013 5424 
3 5824 5678 5424 
3 4008 4763 4007 
3 5760 4233 5839 
3 4832 5760 5839 
3 4650 4149 5717 
3 4890 4650 5717 
3 4838 4841 5347 
3 5346 4838 5347 
3 4151 5704 4152 
3 5704 5853 4153 
3 5598 4955 5865 
3 5376 5598 5865 
3 5332 4816 5333 
3 4816 5433 5333 
3 5886 5331 5433 
3 4815 5886 5433 
3 5563 5354 5582 
3 4862 4935 5958 
3 5330 5876 5926 
3 4926 4291 4349 
3 4348 4926 4349 
3 4801 4800 5964 
3 4023 4801 5964 
3 4023 5401 4022 
3 4804 5587 5589 
3 5587 4804 4143 
3 5597 4934 5515 
3 4305 4810 4343 
3 5541 5839 5940 
3 4917 5823 5928 
3 5539 4917 5928 
3 4917 5539 5707 
3 4874 4917 5707 
3 4107 5807 4106 
3 4165 4808 4255 
3 4303 4449 5965 
3 5386 5326 5885 
3 4695 5386 5885 
3 4831 5541 5818 
3 4084 5177 5866 
3 5876 4098 5945 
3 5700 5876 5945 
3 4566 4565 5512 
3 4952 5599 5838 
3 4689 5666 5949 
3 4805 4652 4807 
3 4126 5699 4182 
3 4018 4017 4870 
3 4763 4084 5849 
3 4005 4763 5849 
3 4252 4141 5950 
3 4003 5271 3994 
3 4250 4248 4344 
3 4941 5612 5786 
3 4030 4986 4031 
3 5492 5202 5223 
3 5202 5221 5223 
3 5204 5202 5492 
3 5470 5170 5635 
3 3994 5271 3995 
3 5225 5632 5851 
3 4883 4893 5144 
3 4781 4387 5966 
3 4852 4140 4904 
3 4063 5672 5819 
3 4968 4471 4964 
3 5105 5114 5442 
3 5767 4779 5780 
3 5540 5677 5967 
3 4492 5300 5773 
3 5114 5078 5968 
3 4919 4800 4802 
3 4804 4896 5953 
3 5138 4893 4894 
3 4883 4885 4925 
3 4266 4265 4158 
3 4773 4417 5840 
3 4012 5505 4793 
3 5399 4291 4290 
3 5760 4832 5862 
3 5399 4086 4085 
3 5780 4920 5929 
3 4916 5174 5823 
3 4009 4012 5821 
3 5821 5386 5772 
3 4626 4614 5820 
3 5018 5538 5881 
3 4430 4406 4408 
3 4232 5541 5940 
3 4773 5399 4417 
3 4010 5505 4011 
3 5632 5633 5851 
3 4117 5652 5893 
3 3997 5434 4004 
3 5677 5775 5967 
3 4887 5209 5208 
3 5819 5704 5963 
3 5307 5321 5625 
3 5700 4335 5961 
3 4830 4773 5840 
3 5273 4861 4863 
3 5958 5669 5957 
3 5669 5668 5667 
3 5240 5139 5618 
3 5139 5617 5618 
3 5617 5138 5436 
3 3997 5617 5436 
3 5401 4023 5964 
3 5747 5413 5748 
3 5341 5017 5378 
3 4576 4560 5520 
3 5045 5262 5517 
3 4560 4531 4530 
3 5135 4497 4564 
3 4508 4531 5518 
3 4582 4508 5518 
3 4578 5499 4722 
3 5499 4721 4722 
3 4369 4586 5746 
3 5516 4598 5432 
3 5431 5516 5432 
3 5112 5430 5113 
3 5430 5429 5113 
3 5762 5442 5429 
3 5442 5111 5429 
3 4509 4508 5519 
3 4508 4581 5519 
3 4596 5516 5161 
3 5499 5230 5474 
3 5577 5559 5576 
3 5271 3996 3995 
3 5450 5830 5868 
3 4737 4740 4395 
3 5654 5902 5655 
3 5902 5653 5655 
3 5563 5585 5799 
3 5921 5902 5654 
3 4117 5921 5654 
3 4440 4439 4854 
3 5834 4107 5785 
3 5154 4824 5607 
3 4823 5426 5684 
3 4944 5959 5614 
3 4659 4492 5681 
3 5206 4384 4842 
3 5559 5574 5576 
3 5426 4068 5449 
3 4068 5163 5449 
3 5163 4945 5449 
3 4084 4082 5849 
3 5762 5231 5437 
3 5442 5762 5437 
3 5496 4929 5224 
3 5616 5496 5224 
3 5220 5496 5616 
3 5131 5220 5616 
3 5610 5923 5758 
3 4951 5241 5240 
3 4763 4005 4007 
3 4824 4647 4648 
3 5075 4748 4762 
3 4749 5400 4750 
3 4132 4128 4130 
3 4803 4920 5691 
3 5824 4310 5927 
3 4597 4596 5339 
3 4629 4597 5339 
3 5159 4043 5215 
3 4043 4980 5215 
3 5138 4924 5435 
3 5700 5702 5703 
3 5703 4014 5766 
3 4335 5926 5961 
3 5434 5138 5435 
3 4945 4946 5608 
3 5677 5205 5775 
3 5778 4416 5662 
3 4773 4830 4351 
3 5573 4060 4059 
3 4734 5055 4733 
3 5409 5327 5634 
3 5327 5155 5634 
3 5391 5327 5408 
3 4382 4161 4163 
3 4456 5206 4843 
3 4291 4773 4349 
3 4815 4993 5603 
3 5206 4695 5885 
3 5273 5683 5956 
3 4794 5435 5053 
3 4103 4102 4797 
3 4297 4296 5769 
3 4920 4803 5929 
3 5609 5423 4016 
3 4800 5401 5964 
3 4086 5399 4289 
3 4301 4055 4057 
3 4014 4013 5932 
3 4140 5102 4139 
3 4896 4742 4771 
3 4111 5587 4145 
3 4942 4941 5941 
3 4927 4407 4889 
3 4009 5821 5969 
3 4387 4389 5966 
3 5271 4003 5270 
3 4176 4438 4443 
3 4420 5273 5956 
3 4865 4119 5939 
3 5369 5228 5227 
3 5228 5670 5229 
3 5699 4126 4125 
3 4719 4266 5944 
3 5423 4013 4015 
3 5479 5218 5476 
3 5279 5151 5351 
3 4701 4703 5077 
3 4896 4897 5953 
3 4261 4618 4623 
3 4622 4261 4623 
3 5159 5363 5360 
3 5363 4040 5360 
3 5348 4963 5349 
3 4963 5150 5349 
3 4744 5699 4990 
3 4165 5401 4809 
3 4999 5610 4738 
3 5000 4999 4738 
3 5923 5547 5758 
3 4586 5045 5746 
3 5028 5342 5029 
3 5304 4491 5685 
3 5307 5300 5306 
3 4768 4380 5692 
3 4955 4931 5601 
3 4931 5189 5601 
3 5434 4794 4102 
3 5599 5669 5838 
3 5673 4953 4952 
3 5679 5666 4689 
3 4804 5383 4143 
3 4141 4135 4136 
3 5666 5670 4658 
3 4592 5042 5200 
3 4876 4875 5952 
3 4138 4142 4874 
3 5345 4841 5540 
3 5363 5159 5602 
3 4546 5363 5602 
3 4036 4546 5602 
3 4953 5673 5606 
3 5594 4953 5606 
3 5101 4972 5335 
3 4972 5334 5335 
3 4934 4982 5515 
3 4098 5702 5945 
3 4040 4043 5360 
3 4962 4963 5348 
3 4048 4047 5334 
3 4047 4051 5334 
3 5596 5097 5343 
3 5341 5596 5343 
3 4911 5091 5970 
3 5971 4911 5970 
3 5350 5628 5971 
3 5628 4912 5971 
3 5596 5341 5342 
3 5028 5596 5342 
3 5263 5020 5341 
3 4912 4911 5971 
3 5075 4010 4315 
3 4019 4018 5514 
3 4584 5356 5357 
3 5480 5037 5356 
3 4251 4220 4239 
3 5088 4688 4670 
3 5353 5324 5354 
3 5037 5480 5038 
3 4279 5487 4280 
3 5038 4909 5039 
3 5313 4967 4470 
3 4210 4462 4504 
3 5078 4400 5257 
3 4400 5143 5257 
3 4563 4534 4536 
3 5798 4759 5674 
3 4712 5563 5674 
3 5031 5776 5032 
3 4975 4753 4483 
3 5442 5114 5968 
3 5480 5907 5038 
3 5832 5834 5784 
3 5055 5054 5784 
3 4400 5213 5256 
3 5143 4400 5256 
3 4583 5918 4752 
3 4279 4278 4705 
3 5612 5614 5613 
3 5312 5057 3985 
3 5313 4470 5972 
3 5010 4189 4191 
3 4189 5010 4282 
3 5898 4282 5009 
3 4974 5353 5319 
3 4975 5319 4754 
3 4479 4483 5919 
3 5354 4757 4756 
3 4279 5180 5487 
3 4239 4220 5006 
3 4754 5352 4755 
3 5057 5312 5182 
3 4470 4907 5972 
3 4753 4975 4754 
3 4584 5282 5356 
3 5776 5889 5032 
3 4572 4898 4573 
3 4269 4271 5428 
3 5352 4756 4758 
3 4688 5090 4670 
3 5784 5054 5833 
3 5426 5607 5684 
3 4394 4167 5955 
3 5235 5234 5551 
3 5524 5240 5242 
3 5235 5763 5236 
3 5350 5971 5970 
3 5280 5279 5350 
3 5228 4062 4657 
3 5300 4492 4491 
3 4953 4931 4955 
3 5591 4820 5954 
3 4819 5943 5741 
3 5042 4556 4567 
3 4673 5176 5217 
3 4562 4554 4567 
3 4529 5820 5340 
3 4529 4576 5520 
3 5528 5579 5710 
3 5579 5709 5710 
3 4901 4899 5726 
3 5708 4901 5726 
3 4670 4669 5089 
3 4471 4457 4459 
3 4394 4396 5880 
3 4457 4463 4460 
3 4506 4465 4869 
3 4868 4506 4869 
3 5670 5666 5668 
3 4956 4785 4502 
3 4785 4500 4502 
3 5137 4501 4500 
3 4501 4956 4502 
3 4624 4261 4622 
3 4238 4235 4616 
3 5538 5017 5553 
3 5090 4616 5973 
3 5943 5738 5740 
3 4403 5943 5740 
3 5688 5687 5686 
3 4183 5883 5686 
3 5477 5485 5478 
3 5179 5218 5478 
3 4052 5028 5344 
3 5912 5657 5656 
3 5687 5688 5656 
3 5912 5907 5894 
3 5867 5711 5651 
3 5888 5652 5651 
3 5696 5621 5620 
3 5493 5611 5620 
3 5959 4891 5682 
3 5611 5493 5491 
3 5202 5201 5491 
3 4534 4205 4535 
3 4203 5135 4535 
3 4934 5595 4935 
3 4971 4975 5276 
3 5718 5571 5577 
3 5571 5559 5577 
3 5192 5571 5718 
3 4565 4609 5511 
3 4205 4534 5511 
3 5189 5568 5190 
3 5719 5188 5192 
3 4193 4257 4574 
3 4533 5523 4574 
3 5711 5546 5545 
3 5598 4952 4954 
3 5724 5720 5725 
3 5720 5723 5725 
3 5115 5079 5255 
3 5079 5078 5255 
3 5203 5202 5153 
3 5202 5152 5153 
3 4270 4608 4294 
3 4206 4205 4601 
3 4212 4211 4227 
3 4205 5511 4602 
3 5279 4962 5348 
3 4542 5136 5250 
3 4537 4542 5250 
3 5148 4632 4847 
3 4846 5148 4847 
3 5564 5336 5567 
3 5563 4712 4711 
3 4051 5355 5566 
3 5711 5898 5713 
3 5889 5888 5713 
3 5888 5651 5712 
3 5721 4184 5749 
3 5544 4189 4281 
3 5898 5711 4281 
3 4260 4259 4612 
3 4282 5010 5009 
3 5620 5611 5645 
3 5488 5365 5364 
3 5722 5575 5723 
3 5575 5527 5723 
3 5721 5719 5722 
3 5719 5575 5722 
3 5478 5485 5486 
3 5051 5526 5504 
3 5181 4672 5178 
3 4332 5688 5690 
3 5883 5872 5690 
3 4184 5720 5870 
3 5686 5883 5689 
3 4734 5513 5056 
3 5385 4239 5006 
3 4190 4214 4191 
3 3982 4716 5183 
3 5085 5253 5951 
3 5889 5899 5032 
3 4473 4709 5062 
3 5709 5714 5925 
3 5899 5898 5009 
3 5714 5361 5362 
3 5825 4751 5828 
3 4334 4333 4910 
3 3984 3983 5361 
3 5714 5579 5361 
3 5869 4572 5873 
3 5872 5882 5873 
3 4313 4009 5969 
3 5277 4958 5021 
3 4826 5277 5021 
3 4538 4537 5249 
3 4921 4538 5249 
3 5659 5687 5658 
3 5149 4538 5248 
3 4458 4511 4468 
3 4538 4921 5248 
3 4041 4039 5359 
3 4549 4041 5359 
3 4038 5363 4549 
3 4207 4511 4210 
3 5007 4220 4218 
3 4468 4511 3987 
3 5920 5040 4215 
3 5527 5724 5725 
3 4944 5612 4943 
3 4115 5443 4114 
3 5708 5724 5529 
3 5528 5708 5529 
3 5580 5579 5528 
3 5644 4076 5460 
3 5458 5644 5459 
3 4074 4726 4075 
3 5363 4546 4548 
3 5211 5225 5226 
3 4041 4547 4995 
3 5085 5502 5252 
3 5253 5526 5951 
3 4028 4979 4045 
3 4979 4044 4045 
3 4043 4025 4044 
3 4025 4028 4045 
3 4488 4391 5278 
3 4391 4906 5278 
3 5149 5148 5251 
3 5148 4846 5251 
3 5902 5867 5653 
3 4026 4049 5219 
3 4027 4026 5219 
3 5645 4732 5697 
3 4872 4986 5535 
3 4866 4865 5939 
3 4495 4461 5210 
3 4461 4463 5210 
3 5963 5704 5974 
3 5438 4928 5960 
3 5234 5524 5242 
3 4513 5485 5642 
3 5485 5637 5642 
3 5457 5637 5638 
3 5676 5457 5638 
3 4652 4805 4651 
3 4997 5002 5001 
3 4498 5137 5261 
3 4220 4192 4218 
3 5709 5708 5710 
3 4200 4476 5530 
3 5260 4498 5261 
3 4846 4540 4539 
3 4634 4542 4541 
3 5587 4111 4110 
3 4520 4533 5238 
3 4556 4563 4568 
3 4561 4560 4577 
3 4519 4518 4575 
3 5102 5084 4137 
3 5842 5552 5665 
3 5482 5265 5640 
3 5457 5482 5640 
3 4091 5388 5390 
3 5241 4951 4989 
3 5505 4012 4011 
3 5482 5457 5676 
3 5483 5482 5676 
3 5207 5205 4081 
3 5246 4495 4503 
3 5137 5246 4503 
3 5430 5112 5214 
3 5112 4893 5214 
3 5375 5923 5845 
3 5790 5861 5793 
3 4655 4238 4617 
3 4168 5266 4347 
3 4161 4331 5934 
3 5167 5687 5659 
3 5621 5816 5650 
3 5151 4221 5560 
3 5816 5197 5650 
3 5197 5494 5650 
3 5816 5631 5197 
3 5389 5639 5265 
3 4988 5389 5264 
3 4468 3986 4469 
3 5696 4104 5649 
3 5621 5696 5649 
3 5696 4105 4104 
3 5222 5493 5623 
3 5078 5111 5968 
3 5111 5442 5968 
3 4280 5061 5064 
3 5493 5620 5622 
3 5220 5204 5492 
3 5198 5193 5195 
3 4320 5164 4321 
3 4319 4322 5194 
3 5193 5632 5211 
3 4084 5207 4083 
3 5632 5225 5211 
3 5568 5192 5190 
3 5155 5225 5634 
3 5327 4996 5156 
3 5156 4996 5302 
3 5391 5715 5392 
3 4824 5154 4998 
3 4420 4419 4080 
3 4937 5595 5695 
3 5595 5606 5624 
3 4684 4678 5125 
3 4678 5123 5125 
3 5127 5133 5134 
3 5126 5127 5134 
3 5012 4687 5133 
3 4511 4207 3987 
3 5127 5012 5133 
3 5094 5280 5027 
3 4721 5051 5664 
3 4795 4066 4065 
3 4725 4949 4264 
3 4320 4945 5165 
3 5197 5631 5198 
3 5075 4762 4010 
3 4002 5555 5556 
3 5138 5434 5436 
3 4102 4002 5425 
3 5559 5571 5629 
3 5571 4912 5629 
3 4988 5241 4989 
3 5617 3997 4950 
3 4938 4937 5098 
3 5596 4938 5098 
3 4174 5677 4173 
3 4915 4458 4468 
3 4748 5072 5245 
3 4597 4557 5108 
3 4598 4597 5108 
3 5507 4034 5975 
3 5106 5080 5107 
3 5080 5115 5107 
3 5245 5076 4749 
3 5012 5127 5128 
3 5136 5012 5128 
3 4921 4923 5557 
3 5483 5477 5479 
3 4841 5345 5347 
3 5345 5823 5822 
3 5345 5539 5928 
3 5493 5222 5221 
3 5139 5138 5617 
3 5715 5372 5795 
3 5451 5942 5447 
3 5205 4174 4081 
3 5373 5284 5374 
3 3996 4092 5937 
3 4988 4092 5627 
3 5552 5548 5665 
3 5300 4991 5773 
3 5331 5604 5625 
3 5172 5155 5936 
3 4546 4036 5158 
3 5594 4937 4939 
3 4052 5091 5239 
3 5189 4931 4914 
3 4932 4911 4933 
3 4891 5959 4892 
3 5280 5094 5095 
3 5096 5280 5095 
3 5253 5085 5254 
3 4961 5096 5095 
3 4054 4938 5093 
3 4938 5596 5093 
3 5516 5066 5069 
3 5161 5516 5962 
3 5596 5028 5093 
3 4883 5143 5117 
3 4884 4883 5117 
3 5672 4884 5671 
3 4885 4884 5672 
3 5140 5048 5142 
3 5472 5920 5473 
3 4616 4235 5973 
3 4333 5872 5003 
3 5911 4332 5887 
3 5863 5731 5804 
3 5076 5400 4749 
3 4918 5395 4891 
3 5959 4859 4892 
3 4912 5568 4913 
3 5035 4644 4241 
3 5614 5959 5682 
3 5628 5559 5629 
3 5091 5350 5970 
3 5099 5566 5567 
3 5336 5099 5567 
3 5565 5581 5938 
3 5336 5565 5583 
3 4449 5866 5965 
3 4141 4131 5950 
3 4167 4394 5946 
3 5400 5505 4762 
3 4179 4394 5955 
3 5548 5552 5549 
3 4659 4299 4071 
3 5747 5781 5413 
3 5923 5284 5308 
3 5547 5304 5685 
3 5594 4932 5924 
3 4172 5267 5619 
3 4953 5594 5924 
3 4394 4179 4691 
3 5598 5376 5377 
3 4864 5669 5667 
3 4537 5140 5142 
3 5346 5345 5822 
3 5775 5205 4324 
3 5076 5244 5104 
3 5115 5105 5107 
3 5400 5076 4409 
3 5131 4928 5050 
3 4928 5048 5050 
3 5076 4701 5077 
3 4587 4736 4698 
3 4637 4058 4361 
3 5102 4140 5103 
3 5423 5417 5824 
3 4614 4613 5081 
3 5087 4614 5081 
3 4906 4490 5278 
3 5218 5173 5083 
3 5082 5218 5083 
3 4634 4625 5013 
3 4625 4687 5013 
3 4837 4993 5976 
3 5661 4085 4087 
3 5666 4658 5949 
3 5269 4981 4978 
3 4203 4535 4570 
3 4204 4203 4570 
3 5157 4993 4837 
3 4994 4041 4995 
3 5157 4837 5379 
3 4993 4820 4994 
3 4820 4815 4817 
3 4818 4820 4817 
3 5693 5564 5590 
3 5592 5693 5590 
3 4951 5617 4950 
3 4339 4949 4643 
3 5584 5586 5800 
3 5591 5693 5592 
3 4994 5591 5593 
3 5586 5565 4404 
3 5565 5564 4404 
3 5581 5565 5586 
3 5099 4051 5566 
3 4092 4988 5937 
3 4406 4430 4448 
3 5383 4807 5384 
3 5035 4241 4243 
3 4242 5023 4244 
3 4645 5275 4646 
3 5023 4523 4244 
3 5663 4429 4432 
3 4028 5030 5034 
3 4979 4028 5034 
3 5018 5977 5019 
3 5977 5263 5019 
3 4089 4086 5554 
3 5017 5343 5553 
3 5499 5525 5052 
3 4721 5499 5052 
3 5522 4522 5521 
3 5274 5273 4078 
3 4581 4580 5022 
3 4580 4569 5022 
3 5977 5018 5948 
3 4003 4002 5268 
3 4873 4336 5978 
3 4340 4873 5978 
3 4494 4659 4096 
3 4222 5314 5562 
3 4223 4222 5562 
3 5558 5578 5574 
3 5559 5558 5574 
3 5558 5580 5578 
3 5558 4223 5562 
3 5558 5314 5580 
3 5254 5084 5534 
3 5560 4221 5561 
3 4221 4223 5561 
3 5559 5628 5560 
3 5628 5151 5560 
3 4884 4833 5671 
3 5235 5482 5484 
3 5218 5233 5475 
3 5664 5051 5947 
3 4887 5542 5209 
3 5840 5778 5779 
3 4053 4052 5239 
3 5268 4002 5556 
3 5661 4982 5243 
3 5550 5235 5551 
3 5524 5234 5796 
3 5429 5430 5764 
3 4638 4795 4064 
3 5525 5051 5052 
3 5440 5163 5615 
3 4922 4886 4888 
3 5677 4841 4070 
3 4187 4186 4908 
3 5155 5154 4946 
3 4911 4914 4933 
3 4600 5030 5016 
3 4287 4600 5016 
3 5045 5507 5975 
3 5507 4032 4034 
3 5623 5493 5622 
3 4987 4980 5024 
3 4980 4979 5024 
3 5535 4986 5536 
3 5023 4242 4987 
3 4979 5023 5024 
3 4886 4922 5439 
3 5438 4886 5439 
3 4922 5141 5439 
3 5141 5048 5438 
3 4420 5679 4421 
3 4867 5977 4367 
3 5048 4928 5438 
3 5263 4867 5014 
3 4826 5263 5014 
3 5263 5977 4867 
3 5977 4731 4367 
3 4961 4958 4959 
3 4785 4961 4959 
3 5260 5277 4880 
3 5277 4032 4880 
3 4920 4768 5691 
3 4997 5001 5410 
3 4178 4810 4878 
3 4839 4922 4888 
3 5051 4447 5947 
3 4731 5977 5948 
3 4993 4995 5976 
3 4513 5642 5643 
3 5155 4946 5936 
3 5579 5314 3984 
3 4833 5118 4834 
3 5205 5677 4174 
3 5055 4105 4733 
3 4162 4161 5934 
3 4924 5138 4894 
3 4932 5594 4939 
3 5960 4928 4930 
3 5704 4151 5974 
3 4387 4126 4388 
3 4268 4828 5933 
3 5273 4864 5683 
3 5020 4826 5021 
3 5143 5111 5257 
3 5431 4595 5510 
3 4439 4441 5103 
3 4140 4439 5103 
3 4850 5102 4441 
3 4440 4850 4441 
3 4907 4915 4187 
3 4109 4378 4743 
3 4378 4741 4743 
3 4632 5525 4633 
3 5525 5087 4633 
3 5502 5526 5503 
3 5148 5252 5533 
3 4625 4613 4615 
3 4626 4625 4615 
3 4607 4565 4605 
3 4565 4603 4605 
3 5423 5824 5424 
3 4580 4559 4579 
3 4522 4580 4579 
3 4580 4582 4559 
3 5431 4592 4594 
3 4595 5431 4594 
3 5199 4593 4592 
3 4551 4593 4552 
3 4896 4804 5589 
3 4593 5044 4552 
3 5431 5042 4592 
3 4569 4580 4524 
3 4580 4522 4524 
3 4515 4485 4393 
3 4392 4515 4393 
3 4300 4814 4345 
3 4094 5788 4478 
3 5788 4543 4478 
3 4240 4233 4776 
3 4233 4775 4776 
3 4363 4327 4778 
3 4327 4777 4778 
3 4370 4696 4707 
3 4331 4370 4707 
3 4135 4808 4694 
3 4808 4693 4694 
3 4327 4329 4724 
3 4723 4327 4724 
3 4255 4808 4656 
3 4808 4135 4656 
3 5513 4734 5364 
3 4635 4858 4630 
3 4858 4156 4630 
3 5056 5513 5367 
3 4039 4042 4046 
3 4042 4124 4046 
3 4042 4047 4124 
3 4047 4049 4124 
3 4053 4938 4054 
3 4875 4323 5952 
3 4932 4938 4053 
3 4828 4812 4813 
3 4872 5535 5705 
3 5677 4171 4173 
3 5158 4036 5935 
3 4035 4126 4182 
3 5080 4629 5339 
3 4144 4450 4390 
3 4357 4144 4390 
3 4455 4382 4163 
3 4162 4455 4163 
3 4121 4339 4948 
3 4339 4342 4948 
3 4995 4547 5976 
3 4547 4837 5976 
3 4151 4829 5974 
3 4829 5963 5974 
3 4947 4340 5978 
3 4336 4947 5978 
3 5866 5177 5965 
3 5177 4303 5965 
3 5541 4232 5734 
3 4382 5541 5734 
3 5663 5522 5521 
3 4721 5663 5521 
3 4446 4246 4445 
3 4402 4446 4445 
3 5324 5353 5325 
3 5353 4974 5325 
3 5538 4089 5881 
3 4089 5554 5881 
3 4008 4006 5287 
3 4006 4825 5287 
3 4348 4842 4386 
3 4385 4348 4386 
3 4389 3999 5966 
3 3999 4781 5966 
3 5821 5266 5969 
3 5266 4313 5969 
3 4266 4719 4735 
3 4719 4720 4735 
3 5678 5824 5927 
3 4309 5678 5927 
3 5539 5540 5967 
3 5775 5539 5967 
3 4366 5045 5975 
3 4034 4366 5975 
3 3991 4770 3992 

