ply
format ascii 1.0
element vertex 2304
property float32 x
property float32 y
property float32 z
property uchar red
property uchar green
property uchar blue
property uchar alpha
element face 4604
property list uint8 int32 vertex_indices
end_header
-0.175010382797899 0.266962825662957 0.429903937037857 255 128 128 255 
-0.226601048936909 0.2286737853753 0.413377732423736 255 128 128 255 
-0.197574443995331 0.24443679547133 0.457951791550977 255 128 128 255 
-0.259368996756797 0.165467244568843 0.492733258508819 255 128 128 255 
-0.281564027698902 0.117705945556045 0.504911723383175 255 128 128 255 
-0.26689048159346 0.136641405972264 0.529895006517356 255 128 128 255 
0.130513066266964 -0.0769421090684362 -0.903531947586209 255 128 128 255 
0.110874397980392 -0.0688053386739551 -0.929398468504117 255 128 128 255 
0.129233263633557 -0.054062758581952 -0.918154583774311 255 128 128 255 
-0.170971710345546 -0.16735446013566 -0.736267012553495 255 128 128 255 
-0.15274873348275 -0.158259446292292 -0.782926627255598 255 128 128 255 
-0.142985618198457 -0.180306453288557 -0.759182152962125 255 128 128 255 
0.322214437116965 0.133704533592693 0.162502624316583 255 128 128 255 
0.341898685767609 0.0751966895461117 0.140020123952468 255 128 128 255 
0.3327454368167 0.113134069199598 0.108853904325141 255 128 128 255 
0.314377019399215 0.158717229059833 0.0883579756964401 255 128 128 255 
-0.0449985171113582 0.0790373563139675 -0.966346628537021 255 128 128 255 
-0.0680478441702227 0.0882235239796949 -0.949046246521227 255 128 128 255 
-0.0490358788537039 0.0947966164391455 -0.953348134210704 255 128 128 255 
-0.200564451053398 -0.250030067579027 -0.421984158749473 255 128 128 255 
-0.242153672336365 -0.205352299650158 -0.439927216876827 255 128 128 255 
-0.205611523657137 -0.233700846630151 -0.47419653485695 255 128 128 255 
-0.159063292918143 -0.250407305495769 0.544022281858443 255 128 128 255 
-0.160272989423981 -0.265437224729613 0.480463174604373 255 128 128 255 
-0.134789150443833 -0.270407673348716 0.519319321934964 255 128 128 255 
-0.202707700304486 -0.234717478646905 0.480143937234197 255 128 128 255 
-0.187277268398974 -0.238673086825141 0.513516307415853 255 128 128 255 
-0.110457562844458 -0.299454939985556 -0.430123426784831 255 128 128 255 
-0.169353970268749 -0.282296878925399 -0.364720214130816 255 128 128 255 
-0.161747242104556 -0.27628150593303 -0.424323808271804 255 128 128 255 
0.142084190812088 0.289521098534804 -0.409776267998668 255 128 128 255 
0.172736087172509 0.259950915673954 -0.469788908508945 255 128 128 255 
0.130396933468384 0.284368868749105 -0.465883872229586 255 128 128 255 
0.21205117903102 -0.00712098289782771 0.799917897298379 255 128 128 255 
0.198498422344423 0.00946489140754948 0.827085424620085 255 128 128 255 
0.20106113693927 -0.0146962152640481 0.821503201787249 255 128 128 255 
0.0869657097016281 -0.317188880665589 0.366913141624111 255 128 128 255 
0.088029502292648 -0.306535986292658 0.431615425337077 255 128 128 255 
0.0487647226222701 -0.319870522758427 0.4030368757121 255 128 128 255 
-0.277788462234746 -0.19953557866628 0.253284154312885 255 128 128 255 
-0.25952315407355 -0.215409877994526 0.299950668287221 255 128 128 255 
-0.282157454601791 -0.187595624946764 0.285587800867881 255 128 128 255 
-0.292302702177454 0.198548116793515 0.0331914376943192 255 128 128 255 
-0.245916123546009 0.254014955638909 0.00355754480429999 255 128 128 255 
-0.281632310000213 0.213546641333637 -0.0254644342685872 255 128 128 255 
0.050642840637963 -0.314191071496299 0.435607800000927 255 128 128 255 
0.0408209223915145 -0.30096469622522 0.511889564507268 255 128 128 255 
0.00867818379725737 -0.316626754189189 0.444271524100352 255 128 128 255 
0.0561207972854651 -0.308425499193817 0.462377846458314 255 128 128 255 
-0.2731362872639 0.185362652889682 0.35818612163039 255 128 128 255 
-0.266839681422368 0.176308708013797 0.426256030473512 255 128 128 255 
0.282982592438664 0.0379791870433744 -0.589768840997143 255 128 128 255 
0.275681918448414 -0.00362829419694763 -0.626011300447022 255 128 128 255 
0.272747000157479 0.0395277030665559 -0.626396836059471 255 128 128 255 
0.125389343866487 -0.238927330602456 -0.646165371713387 255 128 128 255 
0.140345516849401 -0.247958571412369 -0.592078820949787 255 128 128 255 
0.112281422895947 -0.25600233179451 -0.612246251277078 255 128 128 255 
0.0098066432923507 -0.349299201730305 0.152150854259045 255 128 128 255 
0.0227159206340241 -0.351914346203123 0.0715675159035133 255 128 128 255 
0.049137725940037 -0.347967758889597 0.109687341271955 255 128 128 255 
0.0758532724296853 -0.336448159746626 0.21997867937073 255 128 128 255 
0.0796051468844108 -0.340920312603826 0.139608575690398 255 128 128 255 
-0.201391176616204 -0.135915000856388 0.726463744029753 255 128 128 255 
-0.172375007941815 -0.17369841972502 0.72175166991113 255 128 128 255 
-0.182543363327916 -0.149649057601256 0.744489506441563 255 128 128 255 
0.0873936907611435 -0.224306972030165 -0.732386197759307 255 128 128 255 
0.129479560506104 -0.203759916486668 -0.730571974843258 255 128 128 255 
0.118523290679057 -0.217910925108292 -0.712556278166295 255 128 128 255 
-0.238832462692636 -0.170011184188888 0.55896499095282 255 128 128 255 
-0.267810694093521 -0.130441184573299 0.538609291226601 255 128 128 255 
-0.247453951660943 -0.169616789819454 0.529125143659639 255 128 128 255 
-0.238495582078844 -0.206064230391942 0.453054915392265 255 128 128 255 
-0.219784677740533 -0.205732627656173 0.524356757484833 255 128 128 255 
-0.257549626690519 -0.168283021433785 0.492739177956935 255 128 128 255 
0.0329678935587156 0.204680666257905 0.81003179434046 255 128 128 255 
0.0614803488034838 0.211899577084285 0.781376832776721 255 128 128 255 
0.0333702199205837 0.216000201978577 0.786029717256398 255 128 128 255 
-0.299503983500822 -0.181242127068163 0.139960816602731 255 128 128 255 
-0.329325110823862 -0.118712031786195 0.14006716658053 255 128 128 255 
-0.316274789395608 -0.153560013247839 0.105435236100332 255 128 128 255 
-0.339721827322367 -0.0655078955284312 0.205867867846042 255 128 128 255 
-0.349918122870124 0.00464435704636088 0.14242135037259 255 128 128 255 
-0.344748461143155 -0.0609586426351484 0.139498910900353 255 128 128 255 
0.129238033424497 0.271338479670587 -0.526671809731154 255 128 128 255 
0.173254386146089 0.248171124920085 -0.516867419648068 255 128 128 255 
-0.283726836988551 -0.0635561509092006 0.568926614676014 255 128 128 255 
-0.30029440041162 -0.0401770789480799 0.515434032371886 255 128 128 255 
-0.286277127652918 -0.0854821834594331 0.534701347535312 255 128 128 255 
-0.267424664112304 -0.101190641549693 0.588180168004408 255 128 128 255 
-0.277426068922676 -0.095551998534216 0.557885932076804 255 128 128 255 
-0.282992820362919 -0.0257466679937526 0.59499349100733 255 128 128 255 
-0.293588046188559 0.0139403954051771 0.555781791920258 255 128 128 255 
-0.291627402025577 -0.0289438053816427 0.559397593311762 255 128 128 255 
-0.13132654521498 0.328182548201825 0.0199017898734806 255 128 128 255 
-0.183550439385103 0.302016829163629 -0.0275672130280684 255 128 128 255 
-0.173236264518231 0.308052253327592 0.0272764553611501 255 128 128 255 
-0.273807198455845 0.221724368814445 0.0833264187027119 255 128 128 255 
-0.237760614835405 0.260092789959746 0.0810730965013658 255 128 128 255 
-0.263787635452652 0.234734679753932 0.0502558044671291 255 128 128 255 
-0.302306507864925 0.152521264820127 -0.287721617515036 255 128 128 255 
-0.28960793006728 0.188375353620726 -0.212451210013098 255 128 128 255 
-0.2716774202747 0.205558230129265 -0.267390033261951 255 128 128 255 
0.280552891086462 -0.193610515601633 0.265405474757537 255 128 128 255 
0.310558746517905 -0.134542728279939 0.289156534588919 255 128 128 255 
0.284416804213079 -0.179283191700986 0.309381368649264 255 128 128 255 
0.343395585684416 0.0805056965122233 -0.0691820666408195 255 128 128 255 
0.352567147101138 0.00860753173150743 -0.0705560499555031 255 128 128 255 
0.348487093017 0.0455995406058395 -0.108716617224522 255 128 128 255 
0.340046611056755 0.0825562392061243 -0.142904868496554 255 128 128 255 
0.00961988415501282 0.353418919860105 0.00447334620417011 255 128 128 255 
0.016317546204615 0.352034153001591 0.0802817532881996 255 128 128 255 
0.0513098970025134 0.349623085209962 0.032370638412133 255 128 128 255 
0.316499254657301 0.0107492986827265 0.444635671952934 255 128 128 255 
0.328774482036857 0.0103047052784737 0.366618419261489 255 128 128 255 
0.319659607333207 0.0521807732859369 0.400947773671958 255 128 128 255 
0.258939314281384 -0.0431506037642039 -0.669856129438166 255 128 128 255 
0.260874437407526 0.000544779724858303 -0.674947237537462 255 128 128 255 
-0.11119694789159 0.331143459125041 0.154380131090313 255 128 128 255 
-0.061034747813953 0.338816606903278 0.227648770323015 255 128 128 255 
-0.0408335340646744 0.346744184950812 0.157506910379748 255 128 128 255 
-0.279814044687862 -0.154951497642193 0.426089808078067 255 128 128 255 
-0.166336383385601 0.258200537924072 0.495294988810837 255 128 128 255 
-0.161264626957395 0.243892938164542 0.562209380627353 255 128 128 255 
-0.138901934009242 0.264945255953339 0.532993493340087 255 128 128 255 
-0.120075765628424 0.27945978885667 0.509776532275756 255 128 128 255 
-0.10616448179977 0.272082545715855 0.563561171036769 255 128 128 255 
-0.0671200682238991 0.296652281012197 0.509841277257354 255 128 128 255 
-0.0169189937530196 0.304973468942541 0.503626150602565 255 128 128 255 
-0.0348027875238341 0.308482878477474 0.478556786651939 255 128 128 255 
0.00127023424607286 0.316267186147807 0.446975588911037 255 128 128 255 
-0.0616136028872097 0.320818748416604 0.38240249822036 255 128 128 255 
-0.0561952897802863 0.310182443953751 0.452803739897642 255 128 128 255 
0.299755351715504 0.0423444863687123 0.516554913815905 255 128 128 255 
0.307408751596963 0.0605525089529462 0.463320539624669 255 128 128 255 
-0.0185038275386259 0.291805701471841 0.562188491538492 255 128 128 255 
0.29745115987996 0.141853709557517 0.362218942414588 255 128 128 255 
0.30950234123892 0.135729034747695 0.293745589828455 255 128 128 255 
0.290145826930028 0.164549503554813 0.331528037153229 255 128 128 255 
0.207731415106426 0.0429313294220692 -0.800022666558952 255 128 128 255 
0.185207833615813 0.0639413247212755 -0.832391980941475 255 128 128 255 
0.194907726208423 0.0736995809234067 -0.807858130477309 255 128 128 255 
0.177422192697339 0.101019295110581 -0.816413862512587 255 128 128 255 
0.185601187251878 0.125038155896068 -0.774171263541838 255 128 128 255 
0.204798115465691 0.0859256377111606 -0.778071964453967 255 128 128 255 
-0.165230527964028 -0.229856424706153 0.599098472129557 255 128 128 255 
-0.183003087616879 -0.19842276255132 0.645837382524493 255 128 128 255 
-0.209123851466318 -0.19407686208697 0.590602041430618 255 128 128 255 
-0.184826786792076 0.190074007208579 0.661579480582958 255 128 128 255 
-0.196519874570573 0.196035786291493 0.61935381711571 255 128 128 255 
-0.204473737653608 0.175350180315412 0.647720939153834 255 128 128 255 
-0.0767181802286529 0.0294033545446163 -0.972624334869102 255 128 128 255 
-0.0955173219700293 0.0418087383398724 -0.955524851199904 255 128 128 255 
-0.0766704786513925 0.0475459730987438 -0.966896137038242 255 128 128 255 
0.0832127022016182 -0.245700897676604 -0.679450911384876 255 128 128 255 
0.0598221988751371 -0.244069449501175 -0.703428178719169 255 128 128 255 
-0.0796129149973735 -0.0917021521209534 0.939159188444773 255 128 128 255 
-0.0958172472704339 -0.103582884196688 0.916906252818475 255 128 128 255 
-0.0764285556598357 -0.106953288449202 0.928308867030104 255 128 128 255 
0.111745096572561 -0.167908128307112 0.821315445021432 255 128 128 255 
0.139460836429812 -0.15906174021674 0.801249187543881 255 128 128 255 
0.134092542337316 -0.148813132395074 0.82400892666858 255 128 128 255 
-0.116395071597641 -0.195297497580224 -0.765825390487915 255 128 128 255 
-0.0981038900953535 -0.224522951767136 -0.720916225718175 255 128 128 255 
-0.137963108133041 -0.197938030963999 -0.73095391384183 255 128 128 255 
0.127073650492484 -0.136081000221094 0.85010229203919 255 128 128 255 
0.282680978093801 -0.168206759548732 0.366582493673064 255 128 128 255 
0.311527991114456 -0.108862397888048 0.358878968328124 255 128 128 255 
0.274095977552133 0.195583532891406 0.30487267881999 255 128 128 255 
0.305143904144635 0.0944778411722379 0.428589461387023 255 128 128 255 
0.292410388538468 0.0978400287723215 0.489272690849255 255 128 128 255 
0.317005378729164 0.090362435127749 0.361576484944798 255 128 128 255 
0.317179262939768 0.134778926092443 -0.223283156971827 255 128 128 255 
0.338478682349426 0.0662571074653151 -0.219855874072685 255 128 128 255 
0.325891445169706 0.102867317178013 -0.256329066281675 255 128 128 255 
0.00714069755722302 0.328023214619609 0.37255577221722 255 128 128 255 
0.0147292006102712 0.336454273207219 0.304388531019807 255 128 128 255 
-0.0260332527597069 0.332314753006874 0.333336636869445 255 128 128 255 
-0.230827447694437 -0.227406441358778 -0.400049940422823 255 128 128 255 
0.286931250687007 0.147314088332591 -0.409575155438418 255 128 128 255 
0.304589030358214 0.12776715149459 -0.356663024377466 255 128 128 255 
0.307033914192055 0.110767313926974 -0.384299582228632 255 128 128 255 
-0.10303308753372 -0.27611134916698 0.552424897838482 255 128 128 255 
-0.0984697307628568 -0.258798374526433 0.621785015564867 255 128 128 255 
-0.132860502530043 -0.253468043688017 0.587210538249748 255 128 128 255 
-0.131155976805309 0.250299195663638 0.600988616755931 255 128 128 255 
0.0840743815953825 0.309880236016729 -0.41862363565442 255 128 128 255 
0.10600238212999 0.308673899373432 -0.384540380709112 255 128 128 255 
0.0704007794716206 0.337370014492322 -0.22315856810319 255 128 128 255 
0.122761952790427 0.314665644731208 -0.29549934731328 255 128 128 255 
0.0718961757774841 0.330520326422902 -0.291028945656412 255 128 128 255 
0.0715114042383774 0.322294998701025 0.357904907287002 255 128 128 255 
0.0828661999919762 0.308568112935401 0.428195233360944 255 128 128 255 
0.105549026979968 0.307578442806701 0.392478253227623 255 128 128 255 
0.0768356955945845 -0.328733594710276 0.29705864339123 255 128 128 255 
0.111117383762724 -0.32210853776992 0.266818424396468 255 128 128 255 
0.115025220575729 -0.317749993962075 0.293995056354155 255 128 128 255 
0.124670316661333 0.313526214655205 0.298778293948275 255 128 128 255 
0.0779602382760982 0.335405585146964 0.226719177996133 255 128 128 255 
0.0666584971559068 0.331653284769975 0.29069187225287 255 128 128 255 
0.10465487332753 0.167143898243076 0.829989231117545 255 128 128 255 
0.0933937696160827 0.145285014627597 0.872558810957475 255 128 128 255 
0.119570204823695 0.142345726428601 0.85060287444152 255 128 128 255 
-0.119170975726518 -0.0510759365768439 0.930331235769449 255 128 128 255 
-0.117883341753435 -0.0774775568444952 0.91695470398284 255 128 128 255 
-0.107668320937565 -0.0652888476446155 0.934429873728385 255 128 128 255 
-0.209463897287474 -0.156089330834497 0.673860151828948 255 128 128 255 
-0.167471499749265 -0.158209275230373 0.758541316291595 255 128 128 255 
-0.168911085708121 -0.123383986109507 0.806203106894961 255 128 128 255 
-0.140423120366633 -0.138782033425678 0.829558333443735 255 128 128 255 
-0.160448602899034 -0.115728904427049 0.828797023662072 255 128 128 255 
-0.0595450018430924 -0.105705844455639 0.939279150748645 255 128 128 255 
-0.0484701498200582 -0.121643276097491 0.92888559746681 255 128 128 255 
-0.0436918488454955 -0.113435834360255 0.939034966772004 255 128 128 255 
-0.0714102594671782 0.011675940185843 -0.978832965830799 255 128 128 255 
-0.0568735473666014 0.019395915693161 -0.985450953208994 255 128 128 255 
-0.0628318257075065 0.00684821344183137 -0.983891309377377 255 128 128 255 
-0.0743987555790912 -0.170273498502834 0.850749099278395 255 128 128 255 
-0.0550222103631388 -0.158945743181269 0.879585348211287 255 128 128 255 
-0.0794113053497949 -0.155964072463955 0.868879971371278 255 128 128 255 
-0.318519202728105 0.103827545191709 0.319566446752621 255 128 128 255 
-0.30267730440667 0.152311797255787 0.285481705401531 255 128 128 255 
-0.321338626619886 0.106296091848103 0.289034535383645 255 128 128 255 
-0.0510177786379136 -0.0447617168406236 0.981401342718064 255 128 128 255 
-0.0646475092469803 -0.0546637630915914 0.970907089427581 255 128 128 255 
-0.0523637456221927 -0.0579958649025355 0.975272342267503 255 128 128 255 
-0.156578391328015 -0.0581925505916932 0.881348132658269 255 128 128 255 
-0.184711259457957 -0.0485213230188615 0.841557638616201 255 128 128 255 
-0.165906097937767 -0.0783800813100036 0.854782886592336 255 128 128 255 
0.337501524841332 0.0160818632326474 0.294401859996415 255 128 128 255 
0.333167513442338 -0.02689562958631 0.32589599547789 255 128 128 255 
0.131795972856713 -0.317522122214426 0.233400988881327 255 128 128 255 
0.313657396319041 0.054754343760004 0.434704443991963 255 128 128 255 
0.125089783713882 -0.0307717550729496 -0.93125996590233 255 128 128 255 
0.101293950754385 -0.0230616991683228 -0.955856428189487 255 128 128 255 
0.11785812364762 -0.00643779316021383 -0.942626182010417 255 128 128 255 
-0.320081993179114 0.128180904043051 0.221217248922367 255 128 128 255 
-0.325212266607493 0.103979797125461 0.25961768852181 255 128 128 255 
-0.324181846590132 0.131068718694348 0.147702145951887 255 128 128 255 
-0.338941665913809 0.0673375936884288 0.211359268447686 255 128 128 255 
-0.295408406470967 0.180793431051312 0.200948687311077 255 128 128 255 
-0.319658252049421 -0.0797456391835496 -0.362868336933802 255 128 128 255 
-0.307440964558535 -0.0853968207551852 -0.430696412519897 255 128 128 255 
-0.304210233976778 -0.112902842207618 -0.397080069471405 255 128 128 255 
-0.295010854030618 -0.147042346752621 -0.361630572174305 255 128 128 255 
-0.287872538534613 -0.136974301729982 -0.432364918990525 255 128 128 255 
0.056540478539853 0.188167014016175 0.831366777139116 255 128 128 255 
0.0488494815885003 0.164946898246686 0.873641758343464 255 128 128 255 
0.0765329838778573 0.167909733781328 0.852990123758761 255 128 128 255 
0.0347982877306831 0.300352666422092 0.518284130206199 255 128 128 255 
0.0510224295569804 0.30895867324223 0.464251982660466 255 128 128 255 
0.0417384162376352 0.319939740947017 0.408866288019178 255 128 128 255 
0.0444806331303396 0.314834539258987 0.437270458874205 255 128 128 255 
-0.274777635285732 -0.202020357720743 -0.26359082880113 255 128 128 255 
-0.301579394370828 -0.155311937523963 -0.281823275146435 255 128 128 255 
-0.279127021295577 -0.190550435598873 -0.293647878102362 255 128 128 255 
0.229771922207388 0.0194346630450099 -0.758035015593285 255 128 128 255 
0.247009213385727 -0.0100927245422464 -0.714896139951142 255 128 128 255 
0.233283508944743 -0.0155546312387658 -0.750129867647968 255 128 128 255 
0.0490476050460737 -0.320518067174449 -0.398622520782907 255 128 128 255 
0.00831083994950964 -0.317167565914408 -0.44123122427939 255 128 128 255 
0.0507209186124119 -0.31474352383989 -0.43233226568335 255 128 128 255 
0.353506659711033 0.00563501141922794 0.00319275614876673 255 128 128 255 
0.349286547482468 -0.0547256839712442 0.00564188801830074 255 128 128 255 
0.352392558195828 -0.0261766399040637 -0.0327731234964717 255 128 128 255 
0.153604490297868 -0.301646770632665 0.288650173868799 255 128 128 255 
0.116834819033588 -0.313567731606151 0.322798915373027 255 128 128 255 
0.136342014569247 -0.320723709388772 0.168453264339846 255 128 128 255 
-0.298684867225292 0.0657580094517069 -0.501702274479691 255 128 128 255 
-0.293636784085942 0.0140620873369602 -0.555551127310862 255 128 128 255 
-0.306455646783038 0.0123268713202064 -0.497457246446139 255 128 128 255 
-0.310508630802754 0.0296051844018717 -0.470811357706658 255 128 128 255 
-0.180518416316328 -0.184613102424543 0.683116953307265 255 128 128 255 
0.177887897421924 -0.295301672432542 0.221861182496527 255 128 128 255 
0.283335537929555 0.0770511620285777 -0.55702110005772 255 128 128 255 
0.265255021243505 0.081139422947035 -0.620039553339759 255 128 128 255 
0.265112366399173 0.111510306278172 -0.581590068477655 255 128 128 255 
-0.0988190150757013 0.25610423794998 0.630208858576489 255 128 128 255 
0.222158010795877 0.226602305376415 0.440882178562459 255 128 128 255 
0.235489076111802 0.231699043523163 0.356206500269703 255 128 128 255 
0.193199879999708 0.261701498706739 0.391776478835536 255 128 128 255 
0.0910980221934193 0.297222805208549 -0.476316968905931 255 128 128 255 
0.0532928544621708 0.310535725785099 -0.453673220485577 255 128 128 255 
0.0395997734366082 0.302406799566474 -0.505821591565089 255 128 128 255 
0.249839678132666 -0.0201705086247925 0.705255839737751 255 128 128 255 
0.273071471796778 -0.015894609406622 0.633588395190216 255 128 128 255 
0.259899520482081 0.0270760402250497 0.673611659523436 255 128 128 255 
-0.037602758760611 0.0232960214234631 -0.992142439350732 255 128 128 255 
-0.0486101283041404 0.0309501390504724 -0.986627160476071 255 128 128 255 
-0.217655867555137 0.217665912324111 0.491914052868844 255 128 128 255 
-0.177548584692661 0.264193963798929 -0.435228876194865 255 128 128 255 
-0.187171679865036 0.271276964276162 -0.361944664203274 255 128 128 255 
-0.153194371979372 0.285134732376606 -0.402290003390971 255 128 128 255 
0.00271853058425731 0.318186774392214 -0.435887341307427 255 128 128 255 
-0.0571301501445221 0.323553179691306 -0.369317242164273 255 128 128 255 
0.00979168566338908 0.329376677204406 -0.36238187381599 255 128 128 255 
0.293038662828463 -0.0124632249716439 0.558375885296323 255 128 128 255 
0.281400212615539 0.0279611332210875 0.600213798624723 255 128 128 255 
0.264539230570724 0.0683142772679774 0.634678612679913 255 128 128 255 
0.271468567705426 0.0271265673842201 0.63604375201371 255 128 128 255 
0.26951785362086 0.132955036970045 -0.526748684255602 255 128 128 255 
-0.0642220515973699 0.330766565114431 0.30290584007475 255 128 128 255 
-0.213658182006498 0.28025532210175 -0.0803550923851929 255 128 128 255 
-0.256831712087683 0.241462294670966 -0.0765964197609659 255 128 128 255 
-0.226336264150031 0.271137541158037 -0.0452826398631334 255 128 128 255 
-0.000213511481827256 0.349449883189849 -0.151909202802976 255 128 128 255 
-0.0654931937861623 0.338902902411826 -0.21643220841786 255 128 128 255 
-0.0703521221360092 0.342786430184011 -0.142772525383701 255 128 128 255 
-0.0590307570678703 0.347545553120358 -0.0762824066717189 255 128 128 255 
0.089067892358685 -0.317566926587675 -0.360201279266243 255 128 128 255 
0.0882976085078942 -0.307029130381516 -0.428360910578122 255 128 128 255 
0.116603150496058 -0.302554692359307 -0.398641268815638 255 128 128 255 
-0.0126710775052261 -0.0330749905939101 -0.994969300694071 255 128 128 255 
-0.0135276158770767 -0.0143469780111347 -0.998443459451602 255 128 128 255 
-0.00348054946501413 -0.0235273296526822 -0.997734836520447 255 128 128 255 
-0.0588128911207623 0.0373946174641381 -0.980378237203695 255 128 128 255 
0.331765639484937 -0.0666683694043281 0.289646227950189 255 128 128 255 
0.32124861265539 -0.0940034790184758 0.322026937576775 255 128 128 255 
0.29938608342728 -0.109290592474125 0.432882803920022 255 128 128 255 
0.315821111233555 -0.0783444176166035 0.391092554907239 255 128 128 255 
0.313872007366012 -0.0692186540212528 0.416587442774691 255 128 128 255 
0.148185646779723 -0.292955981821125 -0.37113636867897 255 128 128 255 
0.137512766585908 -0.308446822926201 -0.295982693752766 255 128 128 255 
-0.295991448842902 -0.178909448316505 0.207469643650181 255 128 128 255 
-0.27242860806523 -0.216058845383329 0.181134495323853 255 128 128 255 
-0.272967388068976 -0.210935826673996 0.218995465408827 255 128 128 255 
0.201630511213423 -0.224619947658328 0.52069938318085 255 128 128 255 
0.235696580657996 -0.191361578227758 0.512467442742691 255 128 128 255 
0.226215893506482 -0.195014947449591 0.535130165677164 255 128 128 255 
-0.0524122064295811 0.00165214432315067 -0.988939758695185 255 128 128 255 
-0.04543255751394 0.0120321679697477 -0.991125056033192 255 128 128 255 
0.175345154202506 0.0610381803824955 0.851015463351822 255 128 128 255 
0.191632371111441 0.0604955377366702 0.822762740618705 255 128 128 255 
0.176289385128536 0.0760012903544043 0.839742129827865 255 128 128 255 
-0.0120240113958235 -0.274663812762902 -0.628745739139203 255 128 128 255 
-0.0583899833453089 -0.254342014361451 -0.67468913025838 255 128 128 255 
-0.0089922614308799 -0.258884099206928 -0.680577086367858 255 128 128 255 
0.0329840487971836 -0.282621151963974 0.593547391919576 255 128 128 255 
0.0763392763915908 -0.265954296086961 0.622514840168226 255 128 128 255 
0.0343687758025735 -0.272490793579546 0.629714495994793 255 128 128 255 
0.218080791198914 -0.195342646415497 0.560585471668953 255 128 128 255 
0.00536430802672778 0.195665911603313 0.832759593981395 255 128 128 255 
0.00663184250242391 0.21569738040964 0.79211440671556 255 128 128 255 
-0.0116095900001629 0.205981232341265 0.812093332853392 255 128 128 255 
0.349371504248275 0.00930857043209475 -0.151071361842775 255 128 128 255 
0.336298623306076 0.0743121363767481 0.225932638149939 255 128 128 255 
0.121226402715369 -0.113885232937841 0.882425333912038 255 128 128 255 
0.145297655957956 -0.0960570165616766 0.870225882837535 255 128 128 255 
0.131253880644557 -0.0901455454611659 0.892843536640462 255 128 128 255 
0.135627318737547 -0.115464088729868 0.863820693278269 255 128 128 255 
0.116057351913192 0.187022384710157 0.78257680830504 255 128 128 255 
0.132401998645526 0.161677941206099 0.806622337152015 255 128 128 255 
-0.0573024301742198 -0.279806399001114 -0.589404967842206 255 128 128 255 
-0.0118730937503932 -0.294281135405984 -0.553227500534569 255 128 128 255 
-0.058122663208024 -0.28973998272284 -0.548980610596549 255 128 128 255 
-0.11092417160068 -0.311147952695943 -0.356457634119144 255 128 128 255 
-0.212225347603387 -0.189691890500962 -0.593143069207134 255 128 128 255 
-0.247212206098682 -0.139900736238451 -0.595408324665108 255 128 128 255 
-0.224917077295106 -0.156846266814756 -0.63126252297892 255 128 128 255 
0.221774534854773 0.0577552460591036 -0.761474244318598 255 128 128 255 
-0.118877710142823 -0.175693260989522 -0.79999979151455 255 128 128 255 
-0.13323364547788 -0.178030846839968 -0.777451282498994 255 128 128 255 
-0.33741431050505 -0.0745858311851693 -0.211441601633157 255 128 128 255 
-0.323827051879669 -0.132055156214248 -0.14689780736191 255 128 128 255 
-0.341830851950041 -0.0739036680002312 -0.146693511578588 255 128 128 255 
-0.34437876365629 -0.0748347808620025 -0.0801433716667976 255 128 128 255 
-0.0571980819770411 -0.340607766450115 0.213815644697253 255 128 128 255 
-0.108657879259859 -0.332148746406049 0.151542881553259 255 128 128 255 
-0.0569061130010476 -0.345273418447436 0.14277069897898 255 128 128 255 
-0.109313318287966 -0.334956075341831 0.0827038399158657 255 128 128 255 
-0.0804578866953485 -0.34188405747525 0.11460593375467 255 128 128 255 
-0.266073922181146 0.227394772390876 -0.141315669762082 255 128 128 255 
-0.25164023652598 0.237892719336828 -0.201677326440817 255 128 128 255 
-0.27761574392289 0.210071772942041 -0.17434090547686 255 128 128 255 
-0.301341981860872 0.183246187657516 -0.0700744678299277 255 128 128 255 
-0.282028722030035 0.20980149082067 -0.107447734130796 255 128 128 255 
-0.329170318386652 0.118959398538425 -0.141293079794005 255 128 128 255 
-0.346382780941982 0.0667892026961498 -0.0668141922082322 255 128 128 255 
-0.326552664849863 0.132648645938099 -0.0783663668144063 255 128 128 255 
-0.302272587473584 0.183288901362177 -0.0170765545229287 255 128 128 255 
0.245862213378583 -0.235263955516632 -0.271331715047469 255 128 128 255 
0.280651984044264 -0.190688781814241 -0.2810299598545 255 128 128 255 
0.272100485578486 -0.208064030339093 -0.247720505734623 255 128 128 255 
0.144153714405056 0.212953416280711 -0.686268332397678 255 128 128 255 
0.126649232093986 0.239596891310878 -0.642204210208823 255 128 128 255 
0.156881380242458 0.217457525274473 -0.651769596866951 255 128 128 255 
0.129157402995777 0.282549796112372 0.477359132697993 255 128 128 255 
0.142100419564548 0.287764881595408 0.419512107380257 255 128 128 255 
0.111359551228081 0.294723032037136 0.45376100494573 255 128 128 255 
-0.0613638897062402 -0.300110481871024 -0.499344513990032 255 128 128 255 
-0.332345614808904 0.0629818772053832 0.290924685806676 255 128 128 255 
-0.322302402910775 0.0636110405746402 0.369591120328405 255 128 128 255 
-0.302771141629679 0.130351533169296 0.361530771844943 255 128 128 255 
-0.305785974441078 -0.0920571983276885 0.429142272129462 255 128 128 255 
-0.320093026147879 -0.0806178706089389 0.358230742179718 255 128 128 255 
-0.302980549259483 -0.118786249279122 0.390820664032461 255 128 128 255 
-0.298448708022082 -0.144036937867051 0.348501700911212 255 128 128 255 
0.292443332567517 -0.194188756581432 -0.118915365092125 255 128 128 255 
0.26702027422008 -0.2243782187101 -0.163818510094715 255 128 128 255 
0.295216018477946 -0.186036153683831 -0.160948140590906 255 128 128 255 
0.332378100299569 -0.0601214504376932 -0.295433904063781 255 128 128 255 
0.339015258245015 -0.0629959663382314 -0.220909804438057 255 128 128 255 
0.328320798165173 -0.094636006697833 -0.256896376577923 255 128 128 255 
-0.0620471379455212 0.197713481193457 0.810232178930793 255 128 128 255 
-0.081418123378151 0.172758117716677 0.841549514607125 255 128 128 255 
-0.0541471074657713 0.185906306151847 0.836693173212691 255 128 128 255 
0.231645284520746 -0.257046295033044 -0.20528265098409 255 128 128 255 
0.236409733233202 -0.256635075431889 -0.161217146554823 255 128 128 255 
-0.262098768108451 -0.0253981401388667 0.667287974411413 255 128 128 255 
-0.275397311194573 0.0156846671085379 0.625525555086011 255 128 128 255 
-0.273512815444694 -0.025288224348449 0.629610914956377 255 128 128 255 
-0.316307530863859 -0.138056048531825 -0.217072285606497 255 128 128 255 
-0.291007372510831 -0.184999811112489 -0.220721877975226 255 128 128 255 
-0.306285353193555 -0.163956884682816 -0.18563221862049 255 128 128 255 
-0.287825490824065 -0.197581471813085 -0.157937033500038 255 128 128 255 
-0.196400812828597 -0.289191991658909 -0.149523809337267 255 128 128 255 
-0.247177955933145 -0.245511016874279 -0.170349416191042 255 128 128 255 
-0.215301588619544 -0.271049288124908 -0.203519020995073 255 128 128 255 
-0.0231550491907456 -0.0988350909002983 -0.957895473361281 255 128 128 255 
-0.0305717590154849 -0.118230811884256 -0.938453365063809 255 128 128 255 
-0.0364392267967045 -0.10446665031163 -0.949774295352373 255 128 128 255 
-0.195091996571368 -0.279193691201639 -0.268178609954803 255 128 128 255 
-0.177656634105361 -0.295710048821676 -0.218973329627753 255 128 128 255 
-0.208186713667245 -0.273545756431918 -0.233769238819026 255 128 128 255 
-0.159978443674425 -0.313369613719097 -0.0982388273007713 255 128 128 255 
-0.202146170717919 -0.288350178528228 -0.0890433479889747 255 128 128 255 
-0.277713419099287 -0.21591521995543 -0.100234341642206 255 128 128 255 
-0.241808622150803 -0.255534369656916 -0.0992271521557505 255 128 128 255 
-0.266055952577072 -0.231650499183389 -0.0664691168548022 255 128 128 255 
-0.00304908700568996 -0.127972767010105 -0.932153071869425 255 128 128 255 
-0.0114589532878858 -0.111400118264836 -0.94850916806631 255 128 128 255 
-0.168596831379037 -0.229007462330209 -0.594176209821849 255 128 128 255 
-0.194134878131907 -0.220584240843389 -0.556087999941357 255 128 128 255 
-0.043762118643419 0.173885416692693 0.861852561434498 255 128 128 255 
-0.293819146494652 -0.196091994283936 -0.0417770769796712 255 128 128 255 
-0.32191532545329 -0.143806852453247 -0.074299453862065 255 128 128 255 
-0.303073572572944 -0.178291010150525 -0.104257604478577 255 128 128 255 
0.0205863982448667 -0.352950977136523 0.00377287156746585 255 128 128 255 
-0.0127780126209782 -0.353038891673458 0.0400253189594356 255 128 128 255 
-0.328531676452051 -0.130637696412906 0.00204267698100142 255 128 128 255 
0.00847365728818465 -0.350085388562304 -0.137648016074756 255 128 128 255 
-0.0449577203445558 -0.349705738454822 -0.0740082845886449 255 128 128 255 
-0.0542347976850652 -0.345702630736664 -0.142779594476655 255 128 128 255 
-0.0647578863273272 -0.339397664629314 -0.211954436766416 255 128 128 255 
0.00725150435278553 -0.345094828868916 -0.216461210185408 255 128 128 255 
-0.0259771346464256 -0.34698017736038 -0.177311811854319 255 128 128 255 
0.0224437871140474 -0.352122055145852 -0.0636432223781651 255 128 128 255 
0.0473831046330493 -0.3484455265144 -0.103558630444165 255 128 128 255 
0.238183784161188 0.0724852178364087 0.710010352387135 255 128 128 255 
0.242313828928745 0.109087485456069 0.659599315665674 255 128 128 255 
0.225956217783012 0.114415420664103 0.69772711597496 255 128 128 255 
0.265377868189315 0.134360189327167 0.5405321765999 255 128 128 255 
0.284931780970251 0.0885603065599832 0.536439666354324 255 128 128 255 
0.25543742630012 0.242826503724985 -0.0793453392490794 255 128 128 255 
0.291076967110601 0.194529247303309 -0.139499547783018 255 128 128 255 
0.24426890786262 0.2495239443028 -0.15672814850994 255 128 128 255 
0.281302590506079 0.152836639978914 0.424356280333824 255 128 128 255 
0.255395981634083 0.198068367403594 0.405381747187764 255 128 128 255 
0.254543098581827 0.190016129127069 0.439105180998057 255 128 128 255 
0.184539944362083 0.186992499533294 0.669201229012333 255 128 128 255 
0.197503572743795 0.20127943630064 0.603184251882405 255 128 128 255 
0.166924689341056 0.216547260853508 0.633993197641608 255 128 128 255 
0.231484492815327 0.174964930799313 0.571329517799699 255 128 128 255 
0.221947166025185 0.172840454934235 0.605743369166937 255 128 128 255 
0.0731160431344598 0.322941405239069 -0.350574889160866 255 128 128 255 
0.122198992712194 0.306892374682534 -0.356476816139182 255 128 128 255 
0.233162839201636 0.246229574196289 -0.282928633022856 255 128 128 255 
0.196976852390128 0.274377096679511 -0.295530910401095 255 128 128 255 
0.218120200053279 0.262776014611565 -0.258802493198379 255 128 128 255 
0.26894962700116 0.205476715282524 -0.289072744793793 255 128 128 255 
0.231465298469337 0.238341592649417 -0.341959739234713 255 128 128 255 
0.216946382245522 0.146564016110555 0.672031162442567 255 128 128 255 
0.241000141556313 0.141025270648391 0.613389145277338 255 128 128 255 
0.213760235767421 0.170837474674715 0.63322103202836 255 128 128 255 
0.163287413834234 0.289590709758803 -0.340287222756968 255 128 128 255 
0.162747605533845 0.295305940828481 -0.300767202318959 255 128 128 255 
0.220504128267562 0.273535086783107 -0.111587530836038 255 128 128 255 
0.243962714829231 0.243031575876105 -0.226588837062995 255 128 128 255 
0.220836104684574 0.267519205388444 -0.193181433131092 255 128 128 255 
0.219198625739989 0.277082764148181 -0.0376382729468999 255 128 128 255 
0.177094085479527 0.306001436005192 0.00247795488214367 255 128 128 255 
0.217996799676007 0.278340840544335 0.00548584847098633 255 128 128 255 
0.216157607889321 0.279228402302149 0.0495867172045518 255 128 128 255 
-0.12566334067036 0.320698535664162 -0.225586151126211 255 128 128 255 
-0.102468425958504 0.325288878144713 -0.263626310842811 255 128 128 255 
-0.0634132776611474 0.331950353356672 -0.293771409120856 255 128 128 255 
-0.0232010118737848 0.333817184058471 -0.32283481569964 255 128 128 255 
0.32874655130274 0.0736140219387626 0.303402601380262 255 128 128 255 
0.311783949728428 0.129461675046895 -0.297057766755001 255 128 128 255 
0.322049794503898 0.0770432550735609 -0.350407742903206 255 128 128 255 
0.297065535419927 0.167181545708429 -0.265365956844488 255 128 128 255 
0.292194893800661 0.168857346089727 -0.298118569983144 255 128 128 255 
0.286813811472419 0.192004839179286 -0.216738439787206 255 128 128 255 
0.195374155790854 0.283421677058575 -0.228053862716047 255 128 128 255 
0.267959253118555 0.221145712711392 -0.185308411144797 255 128 128 255 
0.286026138106725 0.169872016512323 -0.338615134046554 255 128 128 255 
0.286927240022222 0.206192294471555 -0.0354932980973329 255 128 128 255 
0.287867951715455 0.203203028792233 -0.0820029501839042 255 128 128 255 
0.220064516556979 0.275339654365882 -0.0779577117941461 255 128 128 255 
0.34359218360697 0.0833233798804727 0.00359140202495105 255 128 128 255 
0.330660224752057 0.124614197488111 -0.0328760318586791 255 128 128 255 
-0.126768584373463 0.278724453555705 -0.499939058707762 255 128 128 255 
-0.105679030188787 0.273743916789329 -0.557825312919555 255 128 128 255 
-0.141338883971459 0.264487151742484 -0.529678093980862 255 128 128 255 
0.0390373493512068 -0.112414843615354 -0.941653796742743 255 128 128 255 
0.0261422517680436 -0.13492406815788 -0.921355839529838 255 128 128 255 
0.0184549348237777 -0.118841876853015 -0.940365981960506 255 128 128 255 
-0.337976267000613 -0.00692794024552385 -0.292902835396319 255 128 128 255 
-0.332703884473394 0.0613117639255468 -0.29050246499857 255 128 128 255 
-0.332567099586523 0.0276281981783411 -0.330282203938175 255 128 128 255 
0.317499265687727 0.00832178403433808 -0.439316843165069 255 128 128 255 
0.32282681316316 -0.0549108339846399 -0.377014979797729 255 128 128 255 
0.312617331018977 -0.0489239901270285 -0.446110407677279 255 128 128 255 
-0.344086121815626 -0.00772725470935431 -0.228822789936241 255 128 128 255 
-0.340756947841862 0.0269612040253934 -0.255464827687486 255 128 128 255 
-0.100531838376346 -0.0342737347262137 -0.953807772358247 255 128 128 255 
-0.121217119677311 -0.0420295049969131 -0.931836581620496 255 128 128 255 
-0.115249490034391 -0.0220426016129148 -0.943320422954957 255 128 128 255 
-0.330418857891989 -0.0735819570106724 -0.288569561380963 255 128 128 255 
-0.33129109882509 -0.0423949272211434 -0.328010543381477 255 128 128 255 
-0.081546862972801 0.0653559952176637 -0.955316493772277 255 128 128 255 
-0.0969116617286762 0.058543566147478 -0.947336393417493 255 128 128 255 
-0.120302585307945 -0.134507614716381 -0.859930160300275 255 128 128 255 
-0.11360828174559 -0.119626094936478 -0.8844557680996 255 128 128 255 
-0.105318173611625 -0.137477760811993 -0.871816250189941 255 128 128 255 
0.328571762783014 0.125117105271736 -0.105310804715759 255 128 128 255 
0.330118853965698 0.124126330009774 -0.070096589909022 255 128 128 255 
-0.198027502354254 0.00952838945229968 -0.827982174394868 255 128 128 255 
-0.177759251950999 -0.0135629849121161 -0.863563199184388 255 128 128 255 
-0.195087337454016 -0.0225956873905929 -0.831530441700157 255 128 128 255 
0.139656010927153 0.144357054044063 -0.822956759792035 255 128 128 255 
0.155419007567439 0.159940040608751 -0.775959247841163 255 128 128 255 
0.164530196775432 0.131637832856791 -0.803000819151043 255 128 128 255 
-0.328623091911327 -0.00872019114626982 -0.368030039899857 255 128 128 255 
-0.133272186107548 -0.0132030343894917 -0.925480187900181 255 128 128 255 
0.0458910352331944 -0.330133991046144 -0.333533219057347 255 128 128 255 
0.00748788416609731 -0.329352153343864 -0.362999406444018 255 128 128 255 
0.0481386866571001 -0.325747911423975 -0.364098459099014 255 128 128 255 
0.0561797189720246 -0.308873722569597 -0.459920461455237 255 128 128 255 
-0.0465537722368546 -0.10716664822221 -0.94381377535121 255 128 128 255 
0.0390323307160141 0.16423135134561 -0.878655916802226 255 128 128 255 
0.0203699956149205 0.188766622276478 -0.843574312523158 255 128 128 255 
0.0489534491641418 0.177446548713102 -0.853774102721985 255 128 128 255 
0.108817089124917 -0.167625983980676 -0.824913856847928 255 128 128 255 
0.0908959810421492 -0.151972957433169 -0.865527020144589 255 128 128 255 
0.125051598352495 -0.137959759187882 -0.850078545898897 255 128 128 255 
0.0905953891514845 -0.295738238329158 -0.484407744302485 255 128 128 255 
-0.0064249990300142 0.275184458577348 -0.627580616787578 255 128 128 255 
-0.0452473668751876 0.258323738003943 -0.670650270450625 255 128 128 255 
-0.0510032139479722 0.26963305662721 -0.630534201975565 255 128 128 255 
0.0403748480886211 -0.301458006591335 -0.509846277060851 255 128 128 255 
0.0823813019683619 -0.289957439391594 -0.522593488774088 255 128 128 255 
-0.0106391176497668 -0.306950003909439 -0.495326048297242 255 128 128 255 
0.320425051176222 -0.0926224063225416 -0.331648728892408 255 128 128 255 
0.284121239752934 -0.1588821237311 -0.390195448958588 255 128 128 255 
0.307308420855145 -0.119174025867093 -0.361762946200869 255 128 128 255 
0.292125789418701 -0.158689419733568 -0.340354864709097 255 128 128 255 
-0.252614907732554 0.173461432270003 -0.498773055608431 255 128 128 255 
-0.263941865374981 0.178633852847773 -0.432893444548127 255 128 128 255 
-0.240249635591929 0.200080751175608 -0.466885841141808 255 128 128 255 
-0.012051916409635 0.294344800869889 -0.552925425400875 255 128 128 255 
-0.0555976635554269 0.279325973848944 -0.592525849816262 255 128 128 255 
-0.0605366405849325 0.288572697653212 -0.551805009581796 255 128 128 255 
0.0645707306448656 0.0688218652136232 -0.963718505103584 255 128 128 255 
0.0479400023168539 0.0516439494667921 -0.979937375190408 255 128 128 255 
0.0438117609066298 0.0712419270265705 -0.971617688629758 255 128 128 255 
-0.27859704006596 0.127584127211217 -0.498846266959906 255 128 128 255 
-0.262649033586654 0.144550967133955 -0.530060337080144 255 128 128 255 
0.0592183825262799 0.0874289454995489 -0.954355745669643 255 128 128 255 
0.0518852167091936 0.0796086526056831 -0.963204595125873 255 128 128 255 
-0.0294587491312233 -0.340191210302368 -0.25926220268736 255 128 128 255 
0.0109528628337426 0.11027882612511 -0.949604596521745 255 128 128 255 
0.0042923073829562 0.135896282190621 -0.923098130770691 255 128 128 255 
0.0303378414994276 0.124071742327726 -0.932462603461004 255 128 128 255 
-0.0508632670392728 -0.313052242605065 -0.441915821809441 255 128 128 255 
-0.0707708952707493 -0.314003864202378 -0.413696024874188 255 128 128 255 
-0.231290663758066 0.231329155974649 -0.379382921360996 255 128 128 255 
-0.206078466802151 0.249408295675958 -0.403258341168874 255 128 128 255 
-0.215116945600036 0.218199007216133 -0.498909785218732 255 128 128 255 
-0.224293437152088 0.225698929369029 -0.435912143883356 255 128 128 255 
-0.197914763870407 0.24186872565005 -0.467583228159966 255 128 128 255 
-0.239527148202065 0.235714158262853 -0.310683363549463 255 128 128 255 
-0.213958788942979 0.267016340355004 -0.251775403077513 255 128 128 255 
-0.199310971131898 0.27157755923668 -0.30358833928574 255 128 128 255 
-0.216112883946652 -0.256730737431634 -0.31476368149026 255 128 128 255 
-0.180666316632437 -0.283574486803808 -0.309130138601224 255 128 128 255 
-0.0698694186562443 -0.331483572184659 -0.286173135190691 255 128 128 255 
0.29572960596885 0.0955603130138625 -0.476757455911738 255 128 128 255 
0.282240283727694 0.134883844732347 -0.466019408939544 255 128 128 255 
0.257802095414784 -0.0990290205062386 0.624379978887843 255 128 128 255 
0.276464939297607 -0.100025772049507 0.555423838388437 255 128 128 255 
0.278857710359304 -0.0573659116029009 0.592941835290693 255 128 128 255 
0.0725708416993966 -0.330701479208922 -0.288027375954676 255 128 128 255 
-0.24073966976578 -0.143604288577107 0.609407317193204 255 128 128 255 
-0.212045829899079 -0.174183792081618 0.630533495820263 255 128 128 255 
0.274303405449344 0.18206542302914 0.364524928023053 255 128 128 255 
-0.248852789636751 0.207005447928286 -0.402204198100483 255 128 128 255 
0.0872885994486568 0.0441620324599611 -0.960959575793244 255 128 128 255 
0.0677089989017959 0.0483143664116413 -0.971930913843756 255 128 128 255 
0.0757839106841428 0.0565910557862817 -0.963552805333438 255 128 128 255 
0.082004849888478 0.0865931202490446 -0.941389727839993 255 128 128 255 
0.0834163414147517 0.0640407441418983 -0.954737641864812 255 128 128 255 
-0.01247200507755 0.122074710558751 0.937836683981878 255 128 128 255 
0.00618789330720831 0.102741540158414 0.95668545292651 255 128 128 255 
0.00958723959516991 0.118689156217939 0.941577262170546 255 128 128 255 
0.0147504337648122 0.352428572504251 -0.067910226887873 255 128 128 255 
0.0837772047436758 0.34235425911521 -0.0787342857602127 255 128 128 255 
0.0414061606108408 0.348934429141697 -0.110644749564757 255 128 128 255 
0.0661296762216455 0.343605515259942 -0.143166008377733 255 128 128 255 
-0.119910245718467 -0.323690448728796 0.216259098598975 255 128 128 255 
-0.0951985636813297 -0.328625778900841 0.252068535826757 255 128 128 255 
-0.0662094960982782 -0.331857104530831 0.289650026071625 255 128 128 255 
-0.298764492483072 0.181433588395666 0.150242820563876 255 128 128 255 
-0.298779074146847 0.185309795467054 0.10550124116453 255 128 128 255 
-0.315168540821551 -0.114719979709286 -0.316330233219637 255 128 128 255 
0.0377417241192618 0.210380818740724 -0.796569884483232 255 128 128 255 
0.0585807317673106 0.188409144816959 -0.829796497068456 255 128 128 255 
0.126991999795085 0.205060176529041 -0.731154347485287 255 128 128 255 
0.170819364371239 0.174715158028024 -0.722746425261171 255 128 128 255 
0.144295419863616 0.183443383603843 -0.751144998588764 255 128 128 255 
-0.0509792815282386 0.231611558184699 -0.741658555928366 255 128 128 255 
-0.0292129952018006 0.219015041018894 -0.78066128082129 255 128 128 255 
-0.0585376374816858 0.218406687790395 -0.768748909166545 255 128 128 255 
-0.274665276659241 0.0124520365776668 -0.628674056657858 255 128 128 255 
-0.278447305865131 0.05878082506897 -0.593375958482069 255 128 128 255 
-0.268697643375808 0.0557793040872691 -0.63049336691103 255 128 128 255 
0.277521438444876 -0.0965329877403366 -0.556152515760826 255 128 128 255 
0.280627864671819 -0.0505329302842231 -0.591231871237782 255 128 128 255 
0.290117578445811 -0.0534122855737139 -0.551208893881243 255 128 128 255 
0.126725268428147 0.168856932374682 -0.802137329174267 255 128 128 255 
-0.287916348510303 0.0621371695733921 -0.553122995454415 255 128 128 255 
-0.256756894376327 0.05441211094746 -0.670016074350975 255 128 128 255 
-0.0626461469004105 0.20683793867452 -0.791421613065792 255 128 128 255 
0.265000176377425 -0.160010294636102 -0.483086493086433 255 128 128 255 
0.254104259760893 -0.195444609647882 -0.421733417571952 255 128 128 255 
0.234731049029793 -0.204034376042017 -0.475573608633028 255 128 128 255 
-0.13563112928005 0.153856823092533 -0.814529383787623 255 128 128 255 
-0.150201572636226 0.164537283732021 -0.776489338562789 255 128 128 255 
-0.122864474650462 0.178824967416831 -0.789561639337848 255 128 128 255 
0.138372988784268 -0.286978487723253 -0.433555092778686 255 128 128 255 
0.200580714968207 -0.261118821041317 -0.364245139133958 255 128 128 255 
0.198547053127191 -0.273344312546968 -0.294780094666552 255 128 128 255 
0.17220929212612 -0.285629659610322 -0.33177879747611 255 128 128 255 
0.0906909041750545 -0.295264903257824 0.486569914424944 255 128 128 255 
0.0827642876000441 -0.289457632104721 0.524323122193855 255 128 128 255 
-0.320780259221028 0.146493435430664 0.0715330632715586 255 128 128 255 
-0.268679932418515 0.223886089709663 0.146589434849136 255 128 128 255 
-0.344174490953607 0.076261720691493 0.0763107176536054 255 128 128 255 
-0.226009787532868 0.10409085572518 -0.710406349200373 255 128 128 255 
-0.20232061653822 0.101929346301497 -0.767732997100768 255 128 128 255 
-0.226361023095161 0.0599174106797322 -0.74924258829547 255 128 128 255 
-0.224468926011041 0.0702487881984025 0.746612373968956 255 128 128 255 
-0.223807325978773 0.117576875903234 0.699061729320019 255 128 128 255 
-0.241284826585661 0.0731348001906239 0.701044452098215 255 128 128 255 
-0.102326812887626 0.317570519303564 0.330795070946542 255 128 128 255 
-0.128395349813363 0.302254310664621 0.370479917123123 255 128 128 255 
-0.0219238656218969 0.250366387096132 0.703340495237839 255 128 128 255 
-0.023257623463541 0.230979264962213 0.754228910589623 255 128 128 255 
0.00638151350966307 0.238457266248902 0.738091621503636 255 128 128 255 
0.00211833443582141 0.228025431589848 0.764198477854885 255 128 128 255 
-0.0107031678103816 0.222793590004284 0.775878639462583 255 128 128 255 
-0.137776857479882 -0.309280949654047 -0.28792715442154 255 128 128 255 
-0.0966259902917963 -0.320796808750112 -0.319409694278098 255 128 128 255 
0.124727779633118 -0.271881703565459 0.533091242480516 255 128 128 255 
0.145005686093025 -0.0680777720730974 0.891465141727886 255 128 128 255 
0.111255149641624 -0.293843874825648 0.458502496286325 255 128 128 255 
0.294525091786141 -0.00668633883234916 -0.552884821822295 255 128 128 255 
-0.27146258282747 -0.174341089842427 -0.409030432423407 255 128 128 255 
-0.267472551887513 -0.170743940844916 -0.440952928576353 255 128 128 255 
-0.0304362309067285 0.213850011992624 0.791665595856325 255 128 128 255 
-0.241097624970424 -0.24374890962884 -0.244268288755398 255 128 128 255 
-0.256548647696687 -0.217756907170192 -0.306786029846139 255 128 128 255 
-0.279284401419255 -0.184330843662208 -0.322767445919329 255 128 128 255 
-0.0286758496109225 -0.310764187354118 -0.469921784456202 255 128 128 255 
-0.0801047435178696 -0.315818987601713 -0.38824314789126 255 128 128 255 
0.0350235382097121 0.283079192020919 -0.590860369832973 255 128 128 255 
0.0343381628561731 0.292727732590964 -0.552314081449978 255 128 128 255 
0.0840207850059949 0.290723386820804 -0.517071801915535 255 128 128 255 
-0.14519965171802 -0.110633804737684 -0.856398037137426 255 128 128 255 
-0.134623995944621 -0.14557480470474 -0.827933985249082 255 128 128 255 
-0.155991900671096 -0.121615499382097 -0.828860386845323 255 128 128 255 
0.176869821800685 -0.0523771461709925 0.853105802027483 255 128 128 255 
0.169271720213221 -0.0921080212112357 0.838394575800712 255 128 128 255 
0.186483958611348 -0.0692880201530368 0.826669938177394 255 128 128 255 
0.142681110503281 0.218756910900961 0.674017741855701 255 128 128 255 
0.158340311048693 0.196227448410195 0.700988600902329 255 128 128 255 
0.0572261923547567 -0.0552009027158192 -0.974383993190329 255 128 128 255 
0.0679133881329012 -0.0745800125917781 -0.958438696102953 255 128 128 255 
0.0523170405214976 -0.0724529182341818 -0.967526749383665 255 128 128 255 
0.204215754754035 0.133407447767269 0.723869403891148 255 128 128 255 
0.215155714463379 0.101209900358994 0.740078731763506 255 128 128 255 
0.221655662716199 0.106158690812164 0.718883000765288 255 128 128 255 
-0.187215506793895 -0.117700712296485 -0.78024041628499 255 128 128 255 
-0.17652117576993 -0.0972435623414381 -0.821627366946017 255 128 128 255 
-0.164164965905732 -0.130581654009608 -0.804975969894627 255 128 128 255 
-0.127504572741728 0.319917469926972 0.226192020214821 255 128 128 255 
-0.148997995791219 0.302993849651154 0.296570599748231 255 128 128 255 
-0.102161392677236 0.324648643366341 0.270795757054823 255 128 128 255 
-0.105008237853446 0.320477095227196 0.300235850516601 255 128 128 255 
0.0134006496620495 -0.337026422058263 0.299781170802494 255 128 128 255 
0.00848433887733936 -0.328622649917351 0.368077735786982 255 128 128 255 
-0.0277999508464426 -0.332900239920302 0.327470134899439 255 128 128 255 
-0.0254864781273981 -0.339734544313193 0.267295637252364 255 128 128 255 
-0.0266529462186149 -0.33664117151877 0.296139684966042 255 128 128 255 
-0.299026785497727 0.06260895098369 0.503293428417708 255 128 128 255 
-0.295851820913929 0.116343975661927 0.437589920977719 255 128 128 255 
-0.314000288583736 0.047338456798602 0.43966211170381 255 128 128 255 
0.130932197694148 0.203296306128025 0.72953327339731 255 128 128 255 
-0.126014265197207 -0.321456292635247 -0.215150715235773 255 128 128 255 
-0.100216644494659 -0.327286279486789 -0.250444471117191 255 128 128 255 
-0.304488664575595 -0.151469372435873 0.273403090949021 255 128 128 255 
-0.317009972767994 -0.112112308406441 0.309004792167153 255 128 128 255 
-0.320903822247254 -0.110724814637635 0.279438693339677 255 128 128 255 
-0.320349464396413 -0.130107942890508 0.208769825430515 255 128 128 255 
-0.325301826404834 -0.10645321317011 0.25054217210287 255 128 128 255 
0.0190488277573495 0.337484456985267 -0.293139374164754 255 128 128 255 
-0.0269763878089262 0.339765865251856 -0.265803258706003 255 128 128 255 
-0.0237259482283763 0.33708191003735 -0.294113743465499 255 128 128 255 
-0.189362741158442 0.233075584662312 0.527768989716855 255 128 128 255 
0.20994436242333 0.214695459546253 0.527857101030468 255 128 128 255 
0.169952306591783 0.235244334614835 0.571148243923613 255 128 128 255 
-0.0575940795030321 -0.268822757299968 -0.628758979873829 255 128 128 255 
-0.207669123125051 0.206538173440684 0.560110607354402 255 128 128 255 
-0.181695445833465 0.219818471345937 0.591043814074036 255 128 128 255 
-0.232954670102178 0.241088001636519 0.317598598712995 255 128 128 255 
-0.270649612782485 0.200500303031672 0.303952393295922 255 128 128 255 
-0.264558119564678 0.216729089098514 0.253573571011902 255 128 128 255 
0.265704113618659 0.103141945247087 0.591696212791509 255 128 128 255 
0.254667293613302 0.10605284065111 0.625442939975832 255 128 128 255 
-0.147473064331924 0.215828673558807 -0.673318083771475 255 128 128 255 
-0.182217128171899 0.192979838807919 -0.660640252991068 255 128 128 255 
-0.168826309147313 0.211593499224745 -0.643278264432864 255 128 128 255 
-0.0327587110507519 -0.0156229030499662 -0.994717212448044 255 128 128 255 
-0.0348234671610128 0.00368891815015104 -0.995082781848574 255 128 128 255 
-0.0240071511922313 -0.00524621821971715 -0.997581611076907 255 128 128 255 
-0.134227233014656 -0.203316845923623 0.724680885295971 255 128 128 255 
-0.0961567709548124 -0.226561094973652 0.717907580197924 255 128 128 255 
-0.114946816945461 -0.205454462515296 0.746059987231432 255 128 128 255 
-0.0616448664344409 -0.0854345796134175 -0.954571496304032 255 128 128 255 
-0.0627822760383519 -0.0716161234553825 -0.963034853672173 255 128 128 255 
-0.0534959318572621 -0.080947659169176 -0.961605580932437 255 128 128 255 
0.164655117309998 -0.244303802145195 0.552842315510916 255 128 128 255 
0.164654834970187 -0.252369522928662 0.523055632230242 255 128 128 255 
-0.228487880870104 -0.0146046794841567 -0.761997245958446 255 128 128 255 
-0.207206566253757 -0.0388402620234604 -0.802779450665804 255 128 128 255 
-0.221427466318052 -0.0521533138335014 -0.765505850090937 255 128 128 255 
-0.255625339580034 -0.195945683641742 0.412416963353232 255 128 128 255 
0.25701351453666 0.177123793446691 -0.469647944031165 255 128 128 255 
-0.196004104610753 0.0508599935929723 0.819734770874671 255 128 128 255 
-0.170139409802923 0.0752403014079902 0.850371491330484 255 128 128 255 
-0.186034975213971 0.0836894147693032 0.816759762043886 255 128 128 255 
0.0721770495972829 0.042905922149793 0.971388917826526 255 128 128 255 
0.0890380629847688 0.0511566304053899 0.956891724474663 255 128 128 255 
0.0760415614245494 0.0586859990368749 0.962387173572614 255 128 128 255 
-0.0789523868480991 -0.0796807768047332 -0.948335354906906 255 128 128 255 
-0.0900328073749741 -0.0583405676328994 -0.952850334688979 255 128 128 255 
-0.0757425415219633 -0.0658674815008685 -0.958851571479085 255 128 128 255 
-0.196594842646734 0.0401818124644145 -0.823338988775817 255 128 128 255 
-0.180234001385371 0.0533884519186973 -0.846949196026101 255 128 128 255 
-0.189832905138771 0.031023570665114 -0.83905187081767 255 128 128 255 
-0.00782737460840047 -0.0722174787274477 0.978665894417604 255 128 128 255 
0.00407544072747226 -0.0914606129704709 0.965891693196928 255 128 128 255 
0.0091525610008629 -0.0766864901592614 0.975850039353721 255 128 128 255 
-0.180463669633396 -0.206985411369311 -0.629856452005037 255 128 128 255 
-0.197810116478999 -0.178501747813347 -0.657317373058931 255 128 128 255 
-0.171960369163474 -0.203876695038336 -0.656438395292071 255 128 128 255 
-0.217228820958019 -0.256363780582692 0.310988278020913 255 128 128 255 
-0.24106103041238 -0.245168921942651 0.23292453421426 255 128 128 255 
-0.193109136290601 -0.281082120456848 0.263843472104859 255 128 128 255 
-0.114683835191345 0.149589222775428 0.846029185548238 255 128 128 255 
-0.117300768490767 0.171679289444857 0.808785395800519 255 128 128 255 
-0.134650865128202 0.145515431789533 0.827982612143237 255 128 128 255 
-0.135433724099023 -0.090793158040572 0.887307385949048 255 128 128 255 
-0.13623163411696 -0.0659100068545715 0.903755764586804 255 128 128 255 
0.138423959991977 -0.286675727317884 0.43502480259628 255 128 128 255 
0.12624598037539 -0.283390964708268 0.479595740293605 255 128 128 255 
0.16329102925583 -0.26291109595364 0.483435789911069 255 128 128 255 
-0.0789722981327552 -0.20874881178694 -0.775563258073317 255 128 128 255 
-0.0542841782448102 -0.228100409877215 -0.748456627642831 255 128 128 255 
0.173933406168993 -0.271559393444611 -0.409903952228988 255 128 128 255 
-0.107420548302545 -0.239320910482028 -0.670440495838953 255 128 128 255 
-0.129535141338622 -0.221598868960463 -0.687689365420562 255 128 128 255 
-0.11494000882123 -0.284350705078488 -0.497461118160675 255 128 128 255 
0.13350624715288 0.0204514383777506 0.924155044760583 255 128 128 255 
0.129599244272235 0.0477392417979081 0.920543311426448 255 128 128 255 
0.121681093950244 0.0342618468814872 0.933894368454467 255 128 128 255 
-0.0909742193787378 -0.204456389896371 0.774189875006456 255 128 128 255 
-0.0510641607751777 -0.226879308420174 0.753223498194556 255 128 128 255 
-0.100654434826283 -0.277206810502078 -0.551543594581904 255 128 128 255 
-0.136265089892613 -0.268578066966879 -0.523814028848782 255 128 128 255 
-0.212800332570867 -0.141147726990411 -0.691626069373913 255 128 128 255 
-0.201224026724446 -0.128463309536804 -0.737596370261713 255 128 128 255 
-0.194100426898059 -0.15196650645046 -0.716833051544143 255 128 128 255 
-0.135649773919463 -0.254640726094759 -0.577977369438037 255 128 128 255 
-0.138529203551176 -0.243589832431837 -0.609745179278805 255 128 128 255 
-0.137234374188442 -0.0341883742512912 -0.916505887573887 255 128 128 255 
-0.244879286621012 0.019649819777778 -0.719154962553867 255 128 128 255 
-0.241187318993617 0.0640383043785234 -0.70839402490224 255 128 128 255 
-0.0112484339166696 -0.293988536140603 0.554574811966628 255 128 128 255 
-0.0103008377638194 -0.306542659631316 0.49739700673801 255 128 128 255 
-0.129355251245025 0.235692340067626 0.649407934123743 255 128 128 255 
-0.129520050547801 0.243481553606712 0.625723822374299 255 128 128 255 
0.205258332482241 -0.241631937137829 0.442565010592532 255 128 128 255 
-0.0554687809755928 -0.25490912053632 0.674948797213304 255 128 128 255 
-0.0143009893963887 -0.244134579252698 0.722184209826537 255 128 128 255 
-0.0546364691248419 -0.240056112639627 0.717706933066074 255 128 128 255 
0.0978641475528954 -0.0952187839895588 -0.922414173762228 255 128 128 255 
0.0850440207959505 -0.114148648268739 -0.915369211576591 255 128 128 255 
0.0810186671310864 -0.104843515588957 -0.927119462843894 255 128 128 255 
-0.282862059383874 -0.180600926436183 0.314608980086196 255 128 128 255 
0.185664750540543 -0.21605811820856 0.592266526973743 255 128 128 255 
0.140290460112156 -0.2480484388166 0.591882040421533 255 128 128 255 
0.233818299837765 0.0146527910670814 0.748942099330682 255 128 128 255 
0.213336433652928 0.0337276188608064 0.791706993359709 255 128 128 255 
0.222449311289372 0.00276121873561173 0.77721901570074 255 128 128 255 
0.102575382569869 -0.11706815214541 -0.897878985525317 255 128 128 255 
0.116094235825953 -0.0967839294463228 -0.904013262775687 255 128 128 255 
0.0791076431047035 -0.0387608056695918 -0.968460953663842 255 128 128 255 
0.0890240515484297 -0.0605465517184031 -0.952507556758588 255 128 128 255 
0.0737529672880852 -0.0573806605347953 -0.964439563143448 255 128 128 255 
0.202261727257291 -0.224312814111847 -0.519799313706995 255 128 128 255 
0.236500468409559 -0.190267968539352 -0.512762086332823 255 128 128 255 
-0.0612401801571434 -0.299765148458621 0.501122263095509 255 128 128 255 
-0.0283700023985229 -0.310367615604612 0.472161676213894 255 128 128 255 
-0.0397848557321909 -0.322127047208621 0.39649785062421 255 128 128 255 
-0.0504126834504434 -0.312741004384544 0.444086510851754 255 128 128 255 
0.138623416505402 -0.179283273626256 -0.76754693585611 255 128 128 255 
0.114095241866768 -0.20195552341819 -0.754698544197735 255 128 128 255 
-0.020684332073198 -0.0539209145649206 0.986568570311798 255 128 128 255 
-0.0241516524417736 -0.0678414782263287 0.979037205672717 255 128 128 255 
-0.144700224283292 0.125312452209797 -0.840754999374048 255 128 128 255 
-0.174561265162604 0.108926411524993 -0.813207888626481 255 128 128 255 
-0.155728680160514 0.132445511446712 -0.815876275273687 255 128 128 255 
0.114483151098725 -0.0845190150446373 -0.915424026547787 255 128 128 255 
-0.0455012654584117 -0.137021734552049 -0.912818362183184 255 128 128 255 
-0.0237588578363247 -0.133705208606592 -0.923291643106617 255 128 128 255 
0.109303584594295 0.0482983361501714 0.941148211253551 255 128 128 255 
0.0972819713669627 0.0331669250223988 0.956812091862326 255 128 128 255 
-0.240019876100754 -0.120868936283536 -0.649806966605926 255 128 128 255 
-0.219888320633922 -0.150087036546294 -0.658015222885543 255 128 128 255 
0.162163140906745 -0.0948790842290408 -0.847117709361119 255 128 128 255 
0.131189180504318 -0.107713637748673 -0.877209923892219 255 128 128 255 
0.148468688738041 -0.0794535857050458 -0.879291395690266 255 128 128 255 
-0.0288088622629449 -0.0814444908106212 0.969687963410102 255 128 128 255 
0.0219895313120547 -0.156983553610472 0.893857352462094 255 128 128 255 
0.036514658435855 -0.138066601170449 0.914786475782258 255 128 128 255 
0.0145495954366638 -0.145735388676834 0.910162641371833 255 128 128 255 
-0.130729639507643 -0.0981688267378206 -0.886668544207113 255 128 128 255 
-0.117217109381063 -0.101818828657941 -0.898412264378962 255 128 128 255 
-0.31624150653998 -0.0114688031281875 0.445957355145059 255 128 128 255 
-0.310392385010746 0.0275223426613142 0.472432698464625 255 128 128 255 
-0.0703060436886587 -0.0532126324905083 -0.968402706798964 255 128 128 255 
-0.0536469678798209 -0.0598865861045506 -0.973799155519879 255 128 128 255 
0.262088084329243 -0.203953782734277 -0.343076130942208 255 128 128 255 
0.287808624992357 -0.172716899506107 -0.314134499272047 255 128 128 255 
0.233110048544841 -0.0954735970641223 -0.701680329474908 255 128 128 255 
0.202317201080073 -0.140759682317505 -0.716962699567212 255 128 128 255 
0.210171473662752 -0.114240004342288 -0.736354079914725 255 128 128 255 
-0.169829737826217 0.180886103270776 -0.712393339856973 255 128 128 255 
-0.206149031569466 0.161342613762136 -0.672137628875841 255 128 128 255 
0.0891957562021467 0.295223553985821 0.488975641541802 255 128 128 255 
0.191113153207433 0.11513252696758 0.775733142750486 255 128 128 255 
-0.282912897427446 -0.0299349308599872 -0.593728350783803 255 128 128 255 
-0.272733748210367 -0.0309890398179905 -0.630275949452822 255 128 128 255 
0.164914157791367 -0.244278436462417 -0.55231402933058 255 128 128 255 
0.164822072037814 -0.252613714485437 -0.521689449426731 255 128 128 255 
0.136564900811578 -0.0206512916945287 0.920536998721266 255 128 128 255 
0.159441825266022 -0.0350186042879219 0.887026443556229 255 128 128 255 
0.154277793716962 -0.00611641735243775 0.899604122267632 255 128 128 255 
-0.0504357548076661 -0.217621330948567 -0.775098384774704 255 128 128 255 
0.240600930423603 -0.257512161922879 0.079932728192887 255 128 128 255 
0.233797964267342 -0.265212893937666 0.00214002750936251 255 128 128 255 
0.262107843847307 -0.236888876823028 0.0382754173101414 255 128 128 255 
0.310712360501947 -0.133631322682169 -0.291210258916574 255 128 128 255 
0.284168874048532 -0.112691363387496 -0.502383776615022 255 128 128 255 
0.268556562166382 -0.133705896187396 -0.52915102003726 255 128 128 255 
-0.30616961608338 0.0106538155530528 0.499172458482617 255 128 128 255 
-0.15251829552227 0.145568720476741 0.802734865464976 255 128 128 255 
-0.0753823006817652 -0.121433910725485 -0.914642261182571 255 128 128 255 
-0.101218888626381 -0.105798067812436 -0.91021536703963 255 128 128 255 
-0.0844430443377945 -0.101881694474016 -0.927316522773843 255 128 128 255 
0.18606027729934 -0.215564196881189 -0.59271317152825 255 128 128 255 
0.163464944295912 -0.263298212811658 -0.481275276828257 255 128 128 255 
-0.229354760726544 0.150076789779964 0.631653808617455 255 128 128 255 
-0.203950876256666 0.161779527791561 0.676647096983784 255 128 128 255 
-0.0169399520098641 -0.20013457935167 -0.822966217856573 255 128 128 255 
-0.0186805100706042 -0.222773389117682 -0.77471561586444 255 128 128 255 
-0.0492368405416684 -0.206350310439973 -0.799976362204935 255 128 128 255 
0.171455517267469 0.257908388099703 0.482379155951988 255 128 128 255 
0.18352328364786 0.260331002903359 0.434022632288353 255 128 128 255 
-0.0956588076358132 0.233910214415407 -0.699344485310298 255 128 128 255 
-0.0515376883956277 0.244488358445276 -0.707498671810791 255 128 128 255 
-0.172653597173113 0.179929037448025 0.708893458738438 255 128 128 255 
-0.133832175058134 0.197644420550006 0.737702366225907 255 128 128 255 
-0.142040538557151 0.206946344316867 0.704259517875005 255 128 128 255 
-0.344352445034687 -0.000485936480343401 0.226647087711321 255 128 128 255 
-0.340272292282942 -0.0354920430598777 0.252270850389851 255 128 128 255 
-0.3315868185617 -0.0703426258832081 0.284282568718079 255 128 128 255 
0.160842680795763 0.0518623328092997 0.878361759639046 255 128 128 255 
0.182965525601788 0.0314355803812701 0.851048352204676 255 128 128 255 
0.160921502778049 0.0831421002050088 0.858797566897543 255 128 128 255 
-0.192231826385362 0.201193121697883 -0.616884038595019 255 128 128 255 
-0.202104848078291 0.180101144512665 -0.643224413806302 255 128 128 255 
-0.328703087290521 -0.00920568617679437 0.367363307728248 255 128 128 255 
-0.318971424949258 -0.0496477044947201 0.407846253561669 255 128 128 255 
-0.260102717048922 -0.0326525015755195 -0.671001440646319 255 128 128 255 
0.120083039589166 0.1897076412523 -0.772482019688547 255 128 128 255 
0.245965674051422 0.0871845504048639 -0.674683471665904 255 128 128 255 
0.226869355657808 0.0871268239975476 -0.726301233401035 255 128 128 255 
0.228705416942569 0.11534838216251 -0.689281232959366 255 128 128 255 
0.204994025022687 0.00306660553782577 -0.814705016136187 255 128 128 255 
0.216739716064202 0.0107269731166419 -0.789474874134444 255 128 128 255 
-0.0578087878028118 -0.239494163367485 -0.717220625415946 255 128 128 255 
0.24631523757223 -0.164138684271042 -0.54689877413978 255 128 128 255 
0.254321676841867 -0.131903595217795 -0.585982325552563 255 128 128 255 
0.262793351455534 -0.132130715539953 -0.554841420602654 255 128 128 255 
0.0892014188472215 0.247132939752852 -0.669139143829099 255 128 128 255 
0.112512462588929 0.231305192545977 -0.686083662236093 255 128 128 255 
0.0860883154723992 0.0373990545518389 0.964116642092327 255 128 128 255 
0.134346187053321 -0.203738801872922 0.723555615575557 255 128 128 255 
0.0894311572573688 -0.225394522977592 0.727732614228775 255 128 128 255 
0.119634428632588 -0.21924247081846 0.70778720345273 255 128 128 255 
0.329081215036144 0.0484182370847711 0.33895392814025 255 128 128 255 
-0.338147829199349 -0.00445464302556723 0.291700743933289 255 128 128 255 
-0.340396832852938 0.0314235487694475 0.255226112335498 255 128 128 255 
0.189507292288155 -0.129565750899129 -0.760524514867888 255 128 128 255 
0.16154751658105 -0.147389757716612 -0.785766626152028 255 128 128 255 
0.176729604995974 -0.119510086368101 -0.797415734303731 255 128 128 255 
0.152132344774552 -0.130703015429421 -0.823516662809189 255 128 128 255 
0.242531191756964 -0.242655416624609 0.24161007611841 255 128 128 255 
0.199339013383512 -0.276498504914941 0.265518699232111 255 128 128 255 
0.209160579411585 -0.272874669028755 0.233088189158373 255 128 128 255 
0.214007369678874 -0.272141525044678 0.202777261787283 255 128 128 255 
-0.0991553378512469 -0.192080662658644 -0.791319077714408 255 128 128 255 
0.168791444494284 -0.177971438076922 -0.720197678967506 255 128 128 255 
0.169306137518306 -0.158252877418226 -0.755203037152284 255 128 128 255 
0.244084191319496 -0.219602838258668 0.37091758427123 255 128 128 255 
0.249890242947506 -0.200067987186394 0.424524469623214 255 128 128 255 
0.22734822132484 -0.230273596347451 0.402858304122147 255 128 128 255 
0.256756417586582 -0.215975398681164 0.315350419571672 255 128 128 255 
0.253191854318449 -0.135059625493198 0.584142243129362 255 128 128 255 
0.262054081704938 -0.134326672233994 0.553418471499989 255 128 128 255 
-0.25623863773797 -0.205766984066954 -0.36880000223114 255 128 128 255 
-0.238178632640238 -0.232044618636778 -0.339720243629742 255 128 128 255 
-0.220066376959589 -0.244094535010195 -0.368658426150856 255 128 128 255 
0.219223066997671 -0.0224883461457071 -0.781974436121891 255 128 128 255 
0.196673487060085 -0.0332219257601614 -0.825667399749772 255 128 128 255 
0.159993658459287 0.0821856391777475 -0.860918252860523 255 128 128 255 
0.0307848757202875 0.0165751545825637 0.99509820797695 255 128 128 255 
0.0270636831114029 -0.00355614029042581 0.997015188443119 255 128 128 255 
0.0385716001565188 0.00460160190013391 0.993945901357744 255 128 128 255 
-0.17721559939389 0.297390484322685 -0.20304632704497 255 128 128 255 
-0.150065091069449 0.303417135166577 -0.288699352414809 255 128 128 255 
0.259481849614213 -0.0924967280586751 -0.626823504299389 255 128 128 255 
0.133403971788869 0.010305131052578 -0.925622722807643 255 128 128 255 
0.129883699316525 -0.0101399328532826 -0.929633930792713 255 128 128 255 
0.095825951921884 0.181278703791914 -0.814642991821038 255 128 128 255 
0.0807496440761185 0.20824072654191 -0.775191725433748 255 128 128 255 
0.107392221524131 -0.0459382017800319 -0.943849946699569 255 128 128 255 
0.0946302867532801 -0.0420170959930883 -0.956157609190915 255 128 128 255 
0.136370785605274 -0.159551072650878 -0.804718382011403 255 128 128 255 
-0.13271195154877 0.208721586521415 -0.714550614410962 255 128 128 255 
-0.104640366593426 0.321491667350187 -0.292485830174959 255 128 128 255 
0.147517333042516 0.0276809865840064 -0.905416570390417 255 128 128 255 
0.134595651782147 0.0324436597254973 -0.920136591477261 255 128 128 255 
0.210148125695633 0.147462463924869 -0.687561277515131 255 128 128 255 
0.201228625857055 0.131578453872785 -0.733180092117002 255 128 128 255 
-0.141651861989394 0.0936179696217435 0.877133584584792 255 128 128 255 
-0.154456497321873 0.0636787610560117 0.881309030888607 255 128 128 255 
0.283622141701157 -0.211084127566914 -0.003931866091312 255 128 128 255 
0.285390175886919 -0.207039004914678 0.0741493980820483 255 128 128 255 
0.244188481177469 0.039110843134028 -0.714659701860356 255 128 128 255 
-0.224143923583142 -0.20279306036905 -0.518724881758314 255 128 128 255 
-0.194442798551816 -0.227740393707078 -0.531611198773037 255 128 128 255 
0.206198950334826 -0.241890068664892 -0.437914477916173 255 128 128 255 
0.232484045521618 -0.229033613625571 -0.384653180065454 255 128 128 255 
0.21746192806712 0.121369897872511 -0.709814930321331 255 128 128 255 
-0.132041467575862 0.191929873624138 -0.752212522475604 255 128 128 255 
-0.0901678273425475 0.211831524437307 -0.758931615708623 255 128 128 255 
-0.109743809102367 0.194006101736213 -0.776236699876932 255 128 128 255 
0.141372388684356 -0.0149919599567879 -0.915594174291584 255 128 128 255 
-0.048902562384556 0.0657190050966855 0.972787954596928 255 128 128 255 
-0.0650216366997459 0.081226988891525 0.955716950123761 255 128 128 255 
-0.0683998275596589 0.0612401407225785 0.965696051424557 255 128 128 255 
-0.166148893607374 0.112200587321626 0.82367741048937 255 128 128 255 
0.298114481414075 -0.110287544980489 -0.437851971297904 255 128 128 255 
0.277101779725689 -0.157188897170776 -0.433647236830357 255 128 128 255 
0.344738349305782 -0.00552990371738334 -0.221356820058936 255 128 128 255 
0.340411144370874 -0.0287419608683552 -0.257591020523199 255 128 128 255 
0.32880731545154 0.0118742001889311 -0.366002164280072 255 128 128 255 
0.332659680507765 -0.0222400764975153 -0.332781010753354 255 128 128 255 
0.131856197964337 0.323748246985452 -0.149690122951945 255 128 128 255 
0.196031129500315 0.288783399851601 -0.15939654274065 255 128 128 255 
0.167596829722239 0.303884729358326 -0.191109693656231 255 128 128 255 
0.179309512974453 0.148810901511147 -0.752081955964181 255 128 128 255 
-0.283948378241642 -0.0694558892862015 -0.562488563806055 255 128 128 255 
-0.292050340875585 -0.0312822533242019 -0.55661843881339 255 128 128 255 
-0.30118587690509 -0.0389448927314647 -0.512018161314228 255 128 128 255 
-0.224572216039296 0.16177412128597 -0.622231071281646 255 128 128 255 
0.193028085317308 -0.29078502731427 0.159604314739339 255 128 128 255 
0.24219770467573 -0.25151749908723 0.156950471340143 255 128 128 255 
-0.286330182810239 0.152984629633833 0.396088063384373 255 128 128 255 
-0.162378944228711 -0.264632089500371 -0.478354597509918 255 128 128 255 
-0.109620580939779 -0.299456769950667 0.431822902972852 255 128 128 255 
-0.161121428054507 -0.276235042953805 0.426465119953715 255 128 128 255 
0.101145223929284 -0.19637035596666 0.780811412959352 255 128 128 255 
0.080937997141483 -0.187528768278613 0.816245032916811 255 128 128 255 
-0.258031829897729 0.0959999167537847 -0.627398214505636 255 128 128 255 
-0.249359758996003 0.133392505720996 -0.600174227628446 255 128 128 255 
-0.2424131688547 0.130212318545009 -0.627889186422921 255 128 128 255 
0.171711778256851 -0.157816784737444 0.751579261217597 255 128 128 255 
0.170944272208523 -0.176367797433793 0.71929098138124 255 128 128 255 
0.185079123090856 -0.152226506760396 0.735243127774088 255 128 128 255 
-0.1504581744988 0.232761957558292 -0.620865105849946 255 128 128 255 
-0.123120706166284 0.236716431814351 -0.656089089832378 255 128 128 255 
0.156300223975568 -0.229022707990444 -0.620443924564627 255 128 128 255 
-0.0955094038272624 0.25785988013963 -0.628561377258954 255 128 128 255 
-0.128680070189996 0.254095799559581 -0.592464366782819 255 128 128 255 
0.0812291098027102 0.230909886538152 -0.721567269478257 255 128 128 255 
0.117113492708133 0.220904615177288 -0.707025188587323 255 128 128 255 
-0.241239401763368 0.165266663243987 -0.562070796654143 255 128 128 255 
-0.229519673177412 0.192767067765599 -0.53037021283961 255 128 128 255 
-0.189662984782992 -0.223405845728915 0.559412346336902 255 128 128 255 
0.32024280253777 0.13905279850309 -0.157704723586024 255 128 128 255 
0.0500171710787636 0.0122892707907517 0.989332122677515 255 128 128 255 
0.0985375554243409 -0.195641379078443 -0.784932013627877 255 128 128 255 
0.0793575444207063 0.2658904617985 -0.619707077056453 255 128 128 255 
0.0377249650111957 0.272560947719755 -0.627932133621695 255 128 128 255 
0.23173030436353 -0.0485585047473362 -0.742660687077942 255 128 128 255 
0.0995561358765462 0.104281438637849 -0.913078078532024 255 128 128 255 
0.101616126473122 0.0835349720977009 -0.928207172865612 255 128 128 255 
-0.0381693754440652 0.197894393651357 -0.821612553680097 255 128 128 255 
-0.266687721635862 -0.103954999995714 -0.586999200759393 255 128 128 255 
-0.266319376554584 -0.0729046391532317 -0.624556587048408 255 128 128 255 
-0.256318709319 -0.109947336329968 -0.614571708377951 255 128 128 255 
-0.0945964536266314 -0.122087962387574 -0.899537833819683 255 128 128 255 
-0.259747378219486 0.00905738494325661 -0.677933636745171 255 128 128 255 
-0.253243513175858 -0.00891179819112289 -0.697356722267752 255 128 128 255 
-0.204183041880571 0.209865451000612 -0.560469490237175 255 128 128 255 
-0.188400223124109 0.233186572851161 -0.530127319979714 255 128 128 255 
-0.165486192052552 -0.247121715578026 -0.540704495790034 255 128 128 255 
0.0416470020984144 0.25882682499492 -0.670964430176019 255 128 128 255 
-0.00269520868339121 0.20689174694777 -0.810868788394001 255 128 128 255 
-0.0101647059028192 0.194568958621647 -0.834455967469363 255 128 128 255 
0.0101977114075666 0.171958607486431 -0.87327539517479 255 128 128 255 
0.244083286503508 -0.132429348595131 -0.618939793616921 255 128 128 255 
0.112183385615759 -0.22882835707552 -0.69312316909111 255 128 128 255 
0.160537884519822 0.151256542939559 0.781531987647526 255 128 128 255 
0.167439078008891 0.124133464131419 0.80773774850836 255 128 128 255 
0.0563746246856155 0.109120966636657 -0.937718533915333 255 128 128 255 
-0.159149272173689 0.171587056139629 -0.749556597686073 255 128 128 255 
-0.132128444531313 -0.211828864195026 -0.708071198916589 255 128 128 255 
-0.0201195939613469 0.180025173107755 -0.858771785133011 255 128 128 255 
0.118011369295444 0.0798730337015542 -0.915176969300885 255 128 128 255 
-0.0224251528261706 -0.0243167018988928 -0.995613621807169 255 128 128 255 
0.0684765634887848 0.19825673643486 -0.8050104185778 255 128 128 255 
-0.169156671713991 -0.282322171692475 0.365295371404715 255 128 128 255 
0.21872346402124 -0.19433200022478 -0.56139190473475 255 128 128 255 
0.226908392021897 -0.194082419960946 -0.535496723698396 255 128 128 255 
-0.101285423999356 -0.258432490159068 -0.619379449619867 255 128 128 255 
-0.108108354160385 -0.0651304822789089 -0.934111779221073 255 128 128 255 
-0.122998183502984 -0.0609514948338315 -0.921548093476084 255 128 128 255 
0.130132691767999 0.0962814672279702 -0.88902351505984 255 128 128 255 
0.124554025812523 -0.27229161572333 -0.531740781183578 255 128 128 255 
0.229202357634919 -0.243292448253812 -0.325884048707559 255 128 128 255 
0.23202241919036 -0.235445198162537 -0.35475232073441 255 128 128 255 
-0.0150412484317158 0.00557364049365213 -0.998970250755096 255 128 128 255 
-0.13838519825442 -0.0532028912017925 -0.907828109011695 255 128 128 255 
0.0442421711829404 -0.338180689726628 0.263460706424111 255 128 128 255 
-0.105436746249076 -0.0502890915962214 -0.94383938950087 255 128 128 255 
-0.13857284207591 -0.231026210685653 0.647607500643175 255 128 128 255 
-0.134419881458474 -0.244405708918959 0.614473047969857 255 128 128 255 
0.171304663978869 -0.267111075600832 -0.440966037024971 255 128 128 255 
0.0233372144054668 -0.0234917276399484 0.99560439117344 255 128 128 255 
0.0423633699094123 -0.0267992517473333 0.989897549047057 255 128 128 255 
0.0347806275585944 -0.015276236707214 0.99421102176354 255 128 128 255 
0.02621394840317 0.0288105738559113 -0.993912589062668 255 128 128 255 
0.0249282429074613 0.050911687312428 -0.987062640611091 255 128 128 255 
0.0369320953968196 0.0401798981128097 -0.988014558199917 255 128 128 255 
0.339823863749898 -0.0272529744445147 0.26498314336528 255 128 128 255 
0.336909186362939 -0.026327633309977 0.293925870764357 255 128 128 255 
-0.204703838612888 -0.0868769934666806 0.777425020162316 255 128 128 255 
-0.178938325102909 -0.0924390336308012 0.821881178979354 255 128 128 255 
-0.198730724117592 -0.0639872376013638 0.807027759379327 255 128 128 255 
0.224504148243848 -0.168373203623489 -0.608265159581162 255 128 128 255 
-0.0945518178490805 -0.0616819597058069 0.947650942012408 255 128 128 255 
-0.105360676767483 -0.0403396491084351 0.947720799574495 255 128 128 255 
-0.107002159466784 -0.0546918896320396 0.940465139931127 255 128 128 255 
0.325099311724161 -0.0636752516955556 0.349352463327369 255 128 128 255 
0.127796274634593 0.268642187478197 0.540365980486749 255 128 128 255 
0.0816041719600826 0.286859733397186 0.537045543761174 255 128 128 255 
0.153695976260973 0.0220452815742389 0.898405463861542 255 128 128 255 
0.140912940080097 0.0338792701397003 0.912121649414663 255 128 128 255 
0.103516978335622 0.243802960357116 0.662385543001672 255 128 128 255 
0.0644861348721595 0.238549579388832 0.71518154693408 255 128 128 255 
0.109309998609118 0.226777526762278 0.702129708713491 255 128 128 255 
-0.0727309190197777 -0.0736681282110485 0.956172444127871 255 128 128 255 
-0.0817651419818352 -0.052038899126978 0.961691899638999 255 128 128 255 
-0.0531101206738222 -0.117660192184527 -0.930958182381601 255 128 128 255 
0.139788409557019 0.0678966161091564 0.898217102668705 255 128 128 255 
0.15136772645003 0.0735462141936415 0.879448758769915 255 128 128 255 
0.0101574319984703 -0.343386868574095 0.236342771491992 255 128 128 255 
0.0480374190811589 -0.324943392496605 0.369910203650352 255 128 128 255 
0.142443882723904 0.0898077508028147 0.879292013495107 255 128 128 255 
-0.145899953717839 -0.22716735621615 -0.645651143463767 255 128 128 255 
0.0249467226685311 0.290757095758934 0.564538508140394 255 128 128 255 
0.067695047037792 -0.0994617403536506 0.940317994672555 255 128 128 255 
0.0599292858726743 -0.084638764688993 0.95601154224736 255 128 128 255 
0.0539281756786064 -0.099596099768673 0.947300874608807 255 128 128 255 
0.0381382125595975 -0.0979192374805961 0.954808034720542 255 128 128 255 
0.0437419301856668 -0.0824504381696346 0.964525036225615 255 128 128 255 
0.300045038913715 -0.0585408975091234 -0.502361478144588 255 128 128 255 
0.270619928458304 -0.0477556765735111 -0.629185096801091 255 128 128 255 
0.0435253975244364 0.321177263064473 -0.399506642811825 255 128 128 255 
0.301585838274047 0.0443505912566282 -0.506588294817061 255 128 128 255 
0.307119957194327 -0.00794649672631422 -0.494887195169706 255 128 128 255 
0.197516044188991 0.0339780267283993 0.823810190848267 255 128 128 255 
0.0494972875801696 -0.0658353229030052 0.972484350001665 255 128 128 255 
-0.185403917984495 -0.108432204442274 0.794319037551862 255 128 128 255 
-0.200794310627638 -0.248962947931858 0.426136584488092 255 128 128 255 
-0.213246582738039 0.0351891903349678 -0.791391700454479 255 128 128 255 
-0.213552245737202 -0.00194941673997165 -0.796952357922996 255 128 128 255 
-0.0420224805997397 -0.184192813005417 0.845255501362629 255 128 128 255 
0.00725553333690132 0.343449759785585 0.236466935954718 255 128 128 255 
0.0418339572076719 0.338377869506112 0.264580135421197 255 128 128 255 
0.00179278967929367 0.173130579012099 0.871883397196915 255 128 128 255 
-0.00534682975192925 0.148979937623409 0.90675853934885 255 128 128 255 
0.0215788810124227 0.158209815151774 0.892206263829209 255 128 128 255 
-0.0678872053795928 0.29838927227237 -0.500840039943056 255 128 128 255 
-0.0147514647004619 0.307243878863768 -0.493019831339927 255 128 128 255 
0.18892213340084 -0.0174575914544566 0.84381824462537 255 128 128 255 
0.0462042889414716 0.316278776927648 -0.427391105615548 255 128 128 255 
0.112531321386603 0.296241843107318 -0.443418259758467 255 128 128 255 
0.142263267524401 0.247548644162219 -0.589785187378132 255 128 128 255 
0.108776962354706 0.26621803210705 -0.581690801391272 255 128 128 255 
0.0718153766133501 0.0986580908818476 0.938548356711005 255 128 128 255 
0.056896928043586 0.120119920147244 0.92664530586084 255 128 128 255 
0.0517324302009911 0.106623338414473 0.942147411351365 255 128 128 255 
-0.233124071906617 0.126788056732625 -0.660774955379379 255 128 128 255 
-0.296400289516971 0.116737414152382 -0.433765734170906 255 128 128 255 
-0.274357392779368 0.150138587857033 -0.466359398530722 255 128 128 255 
-0.159703665116708 0.245362918763888 -0.560654986908444 255 128 128 255 
-0.152600142089408 -0.206094377027962 0.688408555095818 255 128 128 255 
-0.13578798229744 -0.182818520404832 0.764926075354955 255 128 128 255 
-0.199568186393076 0.150514675260818 0.707207817137679 255 128 128 255 
0.308484211667155 0.0886887999802659 -0.419254304110036 255 128 128 255 
0.32033259982459 0.0476570101281278 -0.401156565300235 255 128 128 255 
0.31529272870024 0.0508889943859913 -0.428959685377928 255 128 128 255 
0.173026266387552 0.237746701655208 -0.555254012885599 255 128 128 255 
0.171093095234663 0.228758461918693 -0.589214440776342 255 128 128 255 
-0.258407202097471 0.0592258858094983 0.661622160274006 255 128 128 255 
-0.270618857197566 0.0556839953480506 0.623953342938169 255 128 128 255 
0.0463459460898595 0.0912116881098471 0.957214610413286 255 128 128 255 
0.294472404395883 0.117126059946778 -0.443328194158609 255 128 128 255 
0.309474781923402 0.0579726150908426 -0.454880423826211 255 128 128 255 
0.289418911662831 0.0881263584144617 -0.517458596696101 255 128 128 255 
0.130855901859745 -0.322394485932438 -0.177504712852101 255 128 128 255 
0.0752551952055496 -0.336630887493932 -0.219385765098658 255 128 128 255 
0.125863654478379 -0.319753689982691 -0.235217348423999 255 128 128 255 
0.337867729629553 0.0147833481313216 -0.291571405485391 255 128 128 255 
0.329788426802624 0.0787172576563106 -0.283452414334389 255 128 128 255 
0.245528852740037 0.145260140981088 -0.5906949307935 255 128 128 255 
0.235475034685182 0.176205655354603 -0.554999079393936 255 128 128 255 
0.223859904787824 0.228535522080464 -0.425752626616579 255 128 128 255 
0.183896813622566 0.262553736796254 -0.421876564509895 255 128 128 255 
0.205667045083147 -0.255747605024227 0.371959163466679 255 128 128 255 
0.174937574504225 -0.270460736491011 0.4122894417388 255 128 128 255 
-0.152734100863193 -0.083740733121886 0.870217362210952 255 128 128 255 
-0.126997618017564 -0.167245928224425 0.80448939160627 255 128 128 255 
-0.117317254348735 -0.159912596179881 0.827838727182653 255 128 128 255 
0.193414027783088 -0.0875106504014084 0.799664371695287 255 128 128 255 
0.180494235042986 -0.118789630514098 0.791509193816938 255 128 128 255 
0.195532050654791 -0.107579775094765 0.775596840296072 255 128 128 255 
0.213367156266185 -0.0921893768572905 0.753528037324726 255 128 128 255 
0.23266860905979 -0.1022792617654 0.695150208971598 255 128 128 255 
0.233457425868706 -0.0617915233251568 0.730366596809731 255 128 128 255 
0.168713640154585 -0.210029456513435 0.647600597330321 255 128 128 255 
0.19556728656364 -0.193138545991544 0.628973327973289 255 128 128 255 
0.201745909465586 -0.0432460069900474 0.812050984923792 255 128 128 255 
0.212721637917956 -0.0635520582300916 0.778257713945508 255 128 128 255 
-0.0899437618394911 0.206382514950055 0.771058127050318 255 128 128 255 
-0.104410658169616 0.230838726603562 0.697491641556986 255 128 128 255 
0.123773430937235 -0.176512372309056 0.792583208255704 255 128 128 255 
-0.279904671179665 0.056647964862921 0.589537884469154 255 128 128 255 
-0.288636136124111 0.0594964244681686 0.552444348406385 255 128 128 255 
0.257050182002406 -0.0597206021056939 0.665484023292026 255 128 128 255 
0.245009517607817 -0.0614306370943351 0.699694803236137 255 128 128 255 
-0.186712430666159 -0.299964622508198 -0.0357374967164647 255 128 128 255 
-0.124878061038595 -0.330764358339685 0.00161349447027667 255 128 128 255 
-0.173688103650794 -0.307905842730892 0.0145394496993159 255 128 128 255 
0.0331329308794934 -0.292292205084359 -0.55474295194602 255 128 128 255 
-0.120189093284935 0.293797864752078 -0.440339393961823 255 128 128 255 
-0.0101236542885426 -0.274658881889069 0.629030681405531 255 128 128 255 
-0.0565627416826658 -0.279568857031328 0.590876466842902 255 128 128 255 
-0.157563603010285 0.165527691281346 0.763016516769865 255 128 128 255 
-0.19248821792067 0.138550607395609 0.741630559289758 255 128 128 255 
-0.175127159012337 0.136269780845835 0.778516629333426 255 128 128 255 
0.0327701517850834 0.10738795584675 -0.948236016371033 255 128 128 255 
0.191726590520573 0.264811118078648 -0.380693679910175 255 128 128 255 
0.0370250824081355 -0.259675221452103 0.670509629963773 255 128 128 255 
0.0376310974800468 -0.2425418649312 0.719762854312406 255 128 128 255 
0.0137129090422474 -0.252573067105396 0.698677599255766 255 128 128 255 
-0.114612981267016 -0.284437010661693 0.497670010847736 255 128 128 255 
-0.180867187121392 0.145052029627956 -0.754967285741239 255 128 128 255 
0.126431047357019 -0.283623503519024 -0.478103705699558 255 128 128 255 
0.11136954019501 -0.294197853938487 -0.456459827615797 255 128 128 255 
0.122752833332782 0.305638179228131 0.363505492677778 255 128 128 255 
0.0338231157856745 -0.291911765170401 0.556010866303915 255 128 128 255 
0.0345057927968838 -0.259333524656309 -0.672639231730085 255 128 128 255 
0.0753736129206653 -0.266014495575354 -0.623249968192638 255 128 128 255 
0.0327326560061526 -0.272575275934172 -0.630119226548031 255 128 128 255 
0.106033840475899 -0.266333875590853 0.585307328822155 255 128 128 255 
-0.00582698879315285 -0.25919682628202 0.679900203205187 255 128 128 255 
0.125272690325863 -0.239555016333534 0.64448503989016 255 128 128 255 
0.112630249945374 -0.256000365515617 0.611740049104912 255 128 128 255 
0.148437673857435 -0.293624285650135 0.366070924330957 255 128 128 255 
0.11613003615275 -0.302453498571366 0.400356734669191 255 128 128 255 
0.202093825184176 0.269804341181937 0.301511957421126 255 128 128 255 
0.200175528871543 0.26393776216412 0.349475124364914 255 128 128 255 
0.0825898506373481 0.12236652195669 0.908648855561527 255 128 128 255 
0.0667739841564252 0.144575300289642 0.892812245356463 255 128 128 255 
0.0616251860348574 0.132324257592998 0.91079141892118 255 128 128 255 
-0.0239824088891283 -0.214495007631005 0.792044025058473 255 128 128 255 
-0.0173962903424709 -0.229550963801256 0.758966228362451 255 128 128 255 
-0.0321622053387119 0.00459653872913994 0.995768905816657 255 128 128 255 
-0.0494958023386068 0.00615510538804624 0.989999111133902 255 128 128 255 
-0.0423213014947109 -0.00434877207466323 0.992733581846271 255 128 128 255 
0.233159822632781 -0.205466623171269 0.476822331309908 255 128 128 255 
-0.181436651887807 0.274852667440394 0.363721677357622 255 128 128 255 
0.306130109758623 -0.00933689704917483 0.499577093884622 255 128 128 255 
0.260425286126532 0.19781725807292 -0.379968137490182 255 128 128 255 
-0.117297415237693 0.294135090711553 0.444753762337417 255 128 128 255 
-0.151352416068216 0.286092804943027 0.402426093628274 255 128 128 255 
0.214193873894322 0.0745372942037422 0.767151409135576 255 128 128 255 
0.196373522180679 0.0828631046720503 0.797852824706923 255 128 128 255 
-0.293347820803342 -0.095131887073312 0.489055904960253 255 128 128 255 
-0.307693003659196 -0.0587629891524285 0.463654320237447 255 128 128 255 
-0.135037985587441 -0.262907232151308 -0.548777020375673 255 128 128 255 
0.264163269797919 -0.161970168494012 0.481525763919947 255 128 128 255 
0.153992166352313 -0.198067563896072 0.704588683376312 255 128 128 255 
0.199439507534127 -0.17175424259681 0.667678568399041 255 128 128 255 
0.155899240135086 -0.22956502326783 0.61964713377303 255 128 128 255 
0.276220977138823 -0.161030849197844 0.426811564570407 255 128 128 255 
0.231078023815996 -0.137436705059071 0.649394047992764 255 128 128 255 
-0.319240440923314 -0.0467542325454023 -0.408896769730997 255 128 128 255 
-0.308692549766524 -0.0546535408768335 -0.462358242095046 255 128 128 255 
-0.314194245140667 -0.0492370568769149 -0.436876967829063 255 128 128 255 
-0.29594857088521 -0.0889225046677053 -0.485857751702521 255 128 128 255 
0.242534737086568 0.236375927751694 0.287100119814329 255 128 128 255 
0.0390430281520684 0.0906827812551375 -0.960217779579227 255 128 128 255 
0.0164735902221585 0.162011039513503 -0.887608215487568 255 128 128 255 
-0.237243965565186 -0.219535604090055 0.405160823543444 255 128 128 255 
-0.12023318186887 0.0325229659504248 -0.935889883022638 255 128 128 255 
-0.104735531365152 0.0200738978059983 -0.953425427291554 255 128 128 255 
0.288732717237909 0.196442953118951 0.156039190083006 255 128 128 255 
0.253282082078828 0.2442021410475 0.0985260956121521 255 128 128 255 
0.250614292055514 0.241800738920294 0.172623488261736 255 128 128 255 
-0.279317099819548 -0.134392028547229 0.481005062911927 255 128 128 255 
-0.290868814693157 -0.119680321503182 0.456700765723906 255 128 128 255 
0.28630825793049 0.190309258758758 0.233408313040658 255 128 128 255 
0.269313330840891 0.218046965317088 0.198511366051754 255 128 128 255 
-0.313536531032701 -0.0532117423558486 0.436928827436091 255 128 128 255 
0.263590886793974 0.216300965019165 0.26432907974381 255 128 128 255 
-0.0661553806405207 -0.325016070839771 -0.346271715840176 255 128 128 255 
-0.0301533150151544 -0.333321986696861 -0.322331796249953 255 128 128 255 
-0.272384790264248 -0.123656596907882 -0.533033050938777 255 128 128 255 
-0.290033424671501 -0.0808800528594025 -0.524129901147301 255 128 128 255 
0.22422043647471 0.257126136633981 0.262470446700871 255 128 128 255 
0.2015439104149 0.27892995680106 0.229401076136558 255 128 128 255 
-0.183943522251036 0.291789983903584 0.219514975418248 255 128 128 255 
-0.234013696637173 0.254897350417553 0.205229660920933 255 128 128 255 
-0.213350799017676 0.268941831311539 0.239194076966473 255 128 128 255 
-0.22234144846651 0.270107965945507 0.14438681874878 255 128 128 255 
-0.205001848127444 0.280986849534563 0.179346079780174 255 128 128 255 
0.0034401831757192 0.219917215865856 -0.782941017255979 255 128 128 255 
-0.0163334644109384 0.232077950379553 -0.752983607734233 255 128 128 255 
0.0318750413965892 -0.282910618035289 -0.592928591526318 255 128 128 255 
-0.270990471542824 0.188039347830719 -0.360059014517887 255 128 128 255 
0.171307479728791 -0.26654280167267 0.44369969840002 255 128 128 255 
-0.0324627657067432 -0.328732280933053 -0.356440780799847 255 128 128 255 
-0.204767701004673 -0.0803422297059086 -0.782893590973302 255 128 128 255 
0.245487669077006 0.176986189457477 -0.517004241601113 255 128 128 255 
0.0634622915306323 -0.213710150644741 -0.776146891510259 255 128 128 255 
-0.177576269185249 0.223468843235396 -0.590107373748563 255 128 128 255 
-0.0806718304114915 -0.18479110619823 -0.821434252221348 255 128 128 255 
-0.0994785574361828 -0.154942147636957 -0.853683496335533 255 128 128 255 
-0.0725456808268757 -0.166874549426374 -0.857391413097739 255 128 128 255 
0.0325947654400525 -0.240800225241075 -0.726376261546425 255 128 128 255 
0.052912247009148 -0.226907257660307 -0.752135016277855 255 128 128 255 
-0.0408469650587199 -0.322479624707575 -0.393328403834311 255 128 128 255 
0.310718389934435 -0.0268871544478078 -0.471008777883343 255 128 128 255 
-0.204247262267181 -0.0134135923041061 -0.815368040350048 255 128 128 255 
0.10555089141909 -0.266605317716413 -0.585016960636954 255 128 128 255 
-0.322876562365708 -0.111777462663233 -0.257006023028965 255 128 128 255 
-0.0635974739601562 0.286210318641475 0.558848835574819 255 128 128 255 
0.245730190085329 -0.165523958533206 0.545662764213481 255 128 128 255 
0.267901901873081 -0.135760862803075 0.52761769058198 255 128 128 255 
0.22568135913985 -0.0303723058190524 0.764959729404619 255 128 128 255 
-0.322338586942364 0.0641325029723569 -0.368616451768026 255 128 128 255 
-0.314049711036442 0.0490472244328142 -0.437877683578187 255 128 128 255 
-0.318945291701345 -0.114286943374145 -0.28583059013823 255 128 128 255 
-0.272972212273598 0.196789653685256 -0.306724449466242 255 128 128 255 
-0.0616593884701238 0.255859234651956 0.667737343174274 255 128 128 255 
-0.0950476841423911 0.141438389080488 0.876178557130441 255 128 128 255 
-0.0689870739147714 0.157441096138335 0.873856190946732 255 128 128 255 
-0.0595843808239401 0.232817441493454 0.733461466482679 255 128 128 255 
-0.0620717378635952 0.244293309827773 0.701243846763783 255 128 128 255 
0.0621362523046319 0.265491240164379 0.636574902118497 255 128 128 255 
0.0216208693346249 0.260106860423297 0.674548298525699 255 128 128 255 
0.11497035546162 0.255715400615152 -0.609205698270365 255 128 128 255 
-0.149441878263111 0.274220391746039 -0.468788190783477 255 128 128 255 
-0.23024660556436 -0.00758185006311431 0.75857228692133 255 128 128 255 
-0.217730917262193 0.0310029524068902 0.782979153047926 255 128 128 255 
-0.231367139070973 0.0300112925009363 0.751364405397921 255 128 128 255 
-0.0837665012419768 0.0748754652038211 0.948163853428777 255 128 128 255 
-0.076327306842698 0.0684732405049219 0.957018525819871 255 128 128 255 
0.23207988497781 -0.133807703428691 -0.652591126419537 255 128 128 255 
0.199867654830301 -0.17045458172105 -0.669316815331043 255 128 128 255 
0.21835281967708 -0.136077659810057 -0.685885736902583 255 128 128 255 
-0.0198443698826351 0.272172571458737 0.635787701605306 255 128 128 255 
-0.0613011283531874 0.276662855693869 0.597995395961382 255 128 128 255 
-0.158070369213085 0.227693469151336 0.62077005607255 255 128 128 255 
0.210571626855963 -0.0882168118925408 -0.763556737075316 255 128 128 255 
0.21805808096624 -0.0549649196379561 -0.77164513325295 255 128 128 255 
0.136002275921002 0.243546935460817 0.614415134880673 255 128 128 255 
0.0973545248067926 0.267561251051891 0.592844405632241 255 128 128 255 
0.0296549252129663 0.228269998997316 0.759017187796543 255 128 128 255 
-0.00557114868380823 -0.196001427460626 0.832117263942029 255 128 128 255 
0.0115437814602902 -0.209445526012635 0.804981024894206 255 128 128 255 
-0.284235629342466 -0.124979100348189 -0.478249531180611 255 128 128 255 
-0.29482757935262 -0.109421934047586 -0.456977348793826 255 128 128 255 
0.188388862079687 -0.0884013727737786 -0.808429711030905 255 128 128 255 
0.182771486974013 -0.0627043634698057 -0.837437705448109 255 128 128 255 
-0.302322849037939 0.13136244385911 -0.361604732050387 255 128 128 255 
-0.28517960601703 0.154733627350475 -0.39729167250868 255 128 128 255 
-0.318457136592431 0.104074390649233 -0.319418886117429 255 128 128 255 
0.294565820748812 -0.179915252967198 -0.216544062896661 255 128 128 255 
0.32385950319984 -0.118802155788131 -0.21910798845326 255 128 128 255 
-0.246318572298367 -0.0254210194181317 0.713755773484699 255 128 128 255 
-0.2549930247489 -0.0025646208874887 0.692658513398817 255 128 128 255 
0.282252870756727 0.0662391730262137 0.572333304856321 255 128 128 255 
-0.0523840883955951 0.220311843449141 0.767951006419178 255 128 128 255 
-0.242902257865558 -0.105277926375792 0.662812214435262 255 128 128 255 
-0.25621046667841 -0.104490422799151 0.622497803122608 255 128 128 255 
0.254096009476709 0.0179459806912226 -0.693473328279459 255 128 128 255 
0.196236143906234 -0.19196041214094 -0.630190879552299 255 128 128 255 
-0.245760305181301 0.158342160868773 0.562349300586536 255 128 128 255 
-0.254128117760722 0.124533041447059 0.599402447070671 255 128 128 255 
-0.11448951945343 -0.330497840858806 -0.145966787399102 255 128 128 255 
-0.17097798305478 -0.137599083895742 -0.784005206034149 255 128 128 255 
0.0830038482517762 -0.0169605657807455 -0.970866415384374 255 128 128 255 
0.156513075334163 2.35777025136763E-05 -0.896676758575358 255 128 128 255 
0.160618406347917 -0.0257005890386616 -0.887879290476662 255 128 128 255 
0.151775572380836 -0.0200302352050424 -0.901389881307339 255 128 128 255 
-0.247039177574501 -0.0791984499849031 -0.679406988774139 255 128 128 255 
-0.230497337196669 -0.107958179511819 -0.694066296926382 255 128 128 255 
-0.219009958651741 -0.115062333046167 -0.714396492584923 255 128 128 255 
-0.266442771698398 0.217218567694363 -0.233655151781541 255 128 128 255 
0.262992523580719 0.203907313174478 -0.337718622136987 255 128 128 255 
-0.0619664728957249 0.311920871892535 -0.43694841396281 255 128 128 255 
-0.124077797982518 0.3040454964929 -0.370523712532021 255 128 128 255 
-0.0913264286212236 0.310171677315372 -0.404504672226824 255 128 128 255 
-0.234113934472242 0.188273586806486 0.527209332139519 255 128 128 255 
-0.246417648661607 0.104738600784703 0.653043060833445 255 128 128 255 
-0.249374406325437 0.117853684634791 0.625606339399491 255 128 128 255 
0.132079718164072 0.116398812835626 0.867208198894284 255 128 128 255 
0.147480297515927 0.100137262210295 0.86358364899354 255 128 128 255 
0.143502139856439 0.313015148340099 -0.226779281810652 255 128 128 255 
0.196754063786523 0.268022132991754 -0.340023164282563 255 128 128 255 
0.349150998588078 0.00726629755113019 0.155965839233218 255 128 128 255 
0.345286668371636 -0.0587364793143561 0.136443577589571 255 128 128 255 
0.350476138047438 -0.0254441755154499 0.110238359938575 255 128 128 255 
-0.0606503666710896 0.348300741937884 0.008036826725622 255 128 128 255 
-0.0925307265223189 0.340774131143506 0.0498835051597149 255 128 128 255 
-0.0300279449283351 0.195149298687175 0.829530310107533 255 128 128 255 
-0.203366758047757 0.00901318176489781 0.817609748489624 255 128 128 255 
-0.153494373916822 -0.000561707813535297 0.900840281769921 255 128 128 255 
-0.131471348461062 0.0149599929786452 0.927325092955255 255 128 128 255 
-0.145004272373301 0.0270676863089417 0.908806237281618 255 128 128 255 
-0.191480942615062 -0.236517142924577 -0.509075097545439 255 128 128 255 
-0.209359894677207 -0.0300354320586068 0.801330349801318 255 128 128 255 
-0.194650612704945 -0.0177092941159469 0.833294741069144 255 128 128 255 
0.29223926985797 0.0384572689737245 -0.552211838013727 255 128 128 255 
0.165141253180771 0.297731258289787 -0.269584208397916 255 128 128 255 
0.16533676189935 0.22265905595819 -0.620236586720735 255 128 128 255 
0.226517383341767 0.174028087474555 -0.58926454279787 255 128 128 255 
0.254547690778061 0.117317393562456 -0.609538175400581 255 128 128 255 
0.0216414618169198 0.348325039509706 0.160031375341016 255 128 128 255 
-0.0150326201496442 0.350622707503345 0.1212510393902 255 128 128 255 
-0.0184587630434467 0.346247980658679 0.195378601820922 255 128 128 255 
-0.118784894731691 0.331669392631844 0.0841684121238976 255 128 128 255 
-0.0155836340051714 0.102324101945735 0.956187961154096 255 128 128 255 
-0.347386163154577 -0.0610121981076464 0.0692881481657636 255 128 128 255 
-0.353539686674436 0.00303495791852086 -0.00171644315925 255 128 128 255 
-0.348386919605706 -0.0601110334822801 -0.0102621497535814 255 128 128 255 
0.0308846800944677 0.238979333356845 0.731765060520065 255 128 128 255 
0.172091900354069 -0.308835101551646 0.00645707497744857 255 128 128 255 
0.128016961581899 -0.329197803018231 0.043858630459868 255 128 128 255 
0.129295865471051 -0.3290580907185 0.00517340820909775 255 128 128 255 
0.169728562453709 -0.308980657263688 -0.076059385650279 255 128 128 255 
0.128912099446452 -0.328996752871124 -0.0337981927620924 255 128 128 255 
-0.0378860565115555 0.104760154838697 0.949062495122762 255 128 128 255 
0.125323217542289 -0.328182637352813 -0.11279108148304 255 128 128 255 
0.160375830160183 -0.311341768215879 -0.136993101599352 255 128 128 255 
0.214592871405248 -0.266875936429999 -0.248629954994542 255 128 128 255 
0.290440186361718 0.121212780783725 0.455648604847046 255 128 128 255 
0.0483760597276266 0.0288003887943931 -0.987239763154032 255 128 128 255 
0.0928953320071172 -0.035470237899684 0.959634584481483 255 128 128 255 
0.0722127927253381 -0.0510270860279305 0.968221241499701 255 128 128 255 
0.0876835701595352 -0.053791168219482 0.956736540745812 255 128 128 255 
-0.18974069757074 -0.230518923967981 0.53560799258083 255 128 128 255 
-0.244789807108281 0.0929134537330481 -0.671982348812368 255 128 128 255 
0.169768075383315 -0.208808621639864 -0.648553722700477 255 128 128 255 
0.143253964610608 -0.211380327122204 -0.691645261051161 255 128 128 255 
-0.267261237661572 0.220209892206026 0.201574276273148 255 128 128 255 
-0.170884936455666 0.308310312939557 0.0771011799377804 255 128 128 255 
-0.144984352874865 0.319841042448665 0.115973725782371 255 128 128 255 
-0.175692053926784 0.302315099928066 0.14799580047679 255 128 128 255 
-0.146424561617331 -0.315782789687336 0.175295671201789 255 128 128 255 
-0.182166723010037 -0.298642055121721 0.14500145703025 255 128 128 255 
-0.14616702443432 -0.317659332291345 0.147722627414752 255 128 128 255 
-0.14455790859275 -0.319892418793047 0.119057715267385 255 128 128 255 
-0.0452982012972223 -0.349460673429433 0.0812532145409018 255 128 128 255 
0.120954804072531 0.0360513586550768 -0.934110187405544 255 128 128 255 
0.119644757221112 -0.0400984820087769 0.934140209984537 255 128 128 255 
0.130679186596214 -0.0426100517150226 0.92133526128728 255 128 128 255 
0.0845689173433739 -0.24615329290293 0.67679619551852 255 128 128 255 
0.074628192522388 0.122118328663332 -0.914407970796167 255 128 128 255 
0.0785399207282838 0.105965745248339 -0.92780489268964 255 128 128 255 
-0.100095239386466 0.163616031462357 -0.840051014253004 255 128 128 255 
-0.0920510758616361 0.189906441648015 -0.802307345251903 255 128 128 255 
-0.0671865051268909 0.184311386292011 -0.83193884114589 255 128 128 255 
0.220380986789179 0.168164394054826 -0.620663732705687 255 128 128 255 
0.237515041458276 0.129156909337052 -0.644391634630254 255 128 128 255 
0.215042287566496 0.159765280930922 -0.652575590205391 255 128 128 255 
0.0736359547650457 0.284220300554991 -0.557110672806068 255 128 128 255 
-0.108449985917053 -0.335509655250762 -0.0733128874219829 255 128 128 255 
-0.0823101963699474 -0.343608015761903 -0.0356144941330152 255 128 128 255 
-0.0485797703205793 -0.350197900590988 0.00333297734522481 255 128 128 255 
0.330067695214467 -0.124075806652711 0.0726891715268393 255 128 128 255 
0.347794429552156 -0.0580638072019803 0.0730808060508722 255 128 128 255 
0.339425413150723 -0.0910956005798735 0.109250966949584 255 128 128 255 
-0.0810031927349724 -0.341981608667075 -0.109070808949643 255 128 128 255 
0.0107824970466615 -0.338076052675779 -0.291043631306137 255 128 128 255 
0.0417091293240625 -0.339414156183459 -0.253903453396228 255 128 128 255 
-0.227453752335671 -0.0805662966804502 -0.730883478481671 255 128 128 255 
-0.116778261502781 -0.0184360785826349 0.942434919805668 255 128 128 255 
-0.112532590044863 0.00682910441278533 0.947796508333505 255 128 128 255 
-0.124341875645671 -0.00254076430171957 0.936088208706782 255 128 128 255 
0.167740859265864 -0.30954044048454 0.09155033662546 255 128 128 255 
0.0730774142885117 -0.201598391527479 0.795073719941944 255 128 128 255 
0.178056119457954 -0.29515622620688 -0.222328790445755 255 128 128 255 
0.0456324917668594 -0.202537815169049 0.809424948539692 255 128 128 255 
0.0197479979207052 -0.226159455672466 0.766612715131776 255 128 128 255 
0.0640959140482805 -0.215385409765319 0.772014636780061 255 128 128 255 
0.0503550715427024 0.349808291705837 -0.0280736100616993 255 128 128 255 
0.0508945276619718 0.349870308989401 0.0020216674379189 255 128 128 255 
0.268456330456301 -0.0581707582418731 0.629586227832972 255 128 128 255 
-0.327665633992981 -0.130015234322043 0.0764844863878981 255 128 128 255 
-0.303195260726704 -0.18039094373412 0.0652203947423192 255 128 128 255 
0.0624246961317253 -0.244811532897184 0.699545364067401 255 128 128 255 
-0.0652148753156348 0.195643074153225 -0.81226008635931 255 128 128 255 
-0.1720219773233 -0.307939439215969 0.0682174293798005 255 128 128 255 
0.134465605817387 0.326657612449105 -0.0413549435663944 255 128 128 255 
0.133540324592778 0.325868763973261 -0.0883861812651936 255 128 128 255 
0.21285030288996 0.216282515659174 -0.51315887765285 255 128 128 255 
-0.0239319791209078 0.35254919467514 -0.0330226383135872 255 128 128 255 
0.350580708861888 0.0448169440503459 -0.0260152393237811 255 128 128 255 
0.35072181434737 0.0446427070210806 0.00314378139185075 255 128 128 255 
-0.155259304358862 -0.311594937213272 -0.174427828221757 255 128 128 255 
0.0911433187860726 0.134376232768203 -0.888305862736456 255 128 128 255 
0.0768133405810163 0.163701053917558 -0.859309749689737 255 128 128 255 
0.10073074114855 0.146221417565503 -0.864743250944983 255 128 128 255 
-0.268755592840707 -0.217956431836025 -0.205239731829599 255 128 128 255 
0.350636884428773 0.0438995141540983 0.0318245505385464 255 128 128 255 
-0.157392783115969 -0.312579766821459 -0.142025200841773 255 128 128 255 
-0.264810043807325 -0.229569935850396 -0.131856906270358 255 128 128 255 
0.0414561882376952 -0.345348000309491 -0.179245823526084 255 128 128 255 
0.103332989478965 -0.325394985926764 -0.259852117358096 255 128 128 255 
0.168851594727013 -0.304682522181335 -0.171060103107853 255 128 128 255 
0.0599521494624055 0.283285206234941 0.573795918773452 255 128 128 255 
0.0921383583969048 0.277710019616227 0.561338862782104 255 128 128 255 
0.263593791484975 -0.222271855473036 -0.221151789158079 255 128 128 255 
0.109977442226884 0.155697942587435 -0.842202373073502 255 128 128 255 
0.164537093216118 -0.146798023007275 0.781679601549466 255 128 128 255 
0.14128822552146 -0.179084709760271 0.764022432851032 255 128 128 255 
0.191858698570487 -0.130147992314996 0.754992619276657 255 128 128 255 
-0.095042580751071 -0.17914200370199 0.819146052629679 255 128 128 255 
-0.0676074714063848 -0.184298644021382 0.831688581598005 255 128 128 255 
-0.0587058967847848 -0.198806708961406 0.810083937063709 255 128 128 255 
-0.315367662023211 0.155204539177163 -0.107880750404922 255 128 128 255 
-0.298503565648236 0.182727825973423 -0.141594912249808 255 128 128 255 
-0.327382756992471 0.133478562530087 -0.00552081499595425 255 128 128 255 
-0.00575503487971794 0.158803028511238 -0.893301616537069 255 128 128 255 
0.0218771009188139 0.150395404959865 -0.902895834451589 255 128 128 255 
-0.0638896227562389 0.072660626121124 -0.961825550139252 255 128 128 255 
-0.0826322583757453 -0.343436901835421 0.0422364324091753 255 128 128 255 
-0.310881071972526 0.156240774011334 -0.177578584386567 255 128 128 255 
-0.0555296315981828 -0.268909915946421 0.629945411969007 255 128 128 255 
0.140074537760986 -0.0461475722733604 0.908843320779223 255 128 128 255 
-0.170738559966154 0.254331872105269 -0.499308534925655 255 128 128 255 
-0.349420399972507 -0.0119083884069318 -0.148685550206846 255 128 128 255 
-0.243761107445136 -0.0314474976407546 -0.71884106203899 255 128 128 255 
-0.245837492819773 -0.0562649371690182 -0.700846225432003 255 128 128 255 
-0.339393017450864 -0.0407900662483613 -0.255320038527488 255 128 128 255 
0.350322778831907 -0.0277898007196928 -0.109605194153505 255 128 128 255 
-0.12844204740125 0.183057615570179 0.774558148673519 255 128 128 255 
0.0849496574026833 0.0216013719992344 0.968780409444717 255 128 128 255 
0.0986774362653758 0.0193198183393065 0.958705410001063 255 128 128 255 
-0.204098258158661 0.124363537402877 -0.736899486165424 255 128 128 255 
0.0711676097710101 -0.283919941633915 -0.560889393101456 255 128 128 255 
0.258916892291468 0.189055360431902 -0.421616837646006 255 128 128 255 
0.0655935884188926 0.148214420466019 -0.888729260688932 255 128 128 255 
0.0170878994706483 0.0606784759723394 0.983976120091165 255 128 128 255 
-0.00491262836917518 0.0636678468433395 0.983553845001917 255 128 128 255 
0.00457026364955802 0.0521767758888522 0.988965910868378 255 128 128 255 
-0.15960676250799 0.08851435380032 -0.856461907535022 255 128 128 255 
-0.178889997920425 0.0807918213402364 -0.831726136246501 255 128 128 255 
-0.195723303455484 0.0703693855023774 -0.808655780505883 255 128 128 255 
0.0717339072513194 -0.283564693601472 0.561749325197931 255 128 128 255 
0.226809844284998 -0.269907483915725 -0.0752175374085614 255 128 128 255 
0.201838472093099 -0.290003326715051 -0.0356973246438951 255 128 128 255 
0.312328333742816 0.163694126656713 -0.0724002482349894 255 128 128 255 
0.31429704147424 0.156360813444885 -0.11895078914756 255 128 128 255 
-0.0966211449563599 0.337747095845943 -0.112827137035255 255 128 128 255 
-0.127384687188871 0.328683957774403 -0.0769390788238861 255 128 128 255 
0.112094477487462 -0.0185535004455925 0.946955510104848 255 128 128 255 
0.124449259716386 0.000494325251752679 0.936000579609361 255 128 128 255 
0.112333801741855 0.000978411587066068 0.948177870004674 255 128 128 255 
0.0815743534815421 -0.0712274370045238 0.951933926791827 255 128 128 255 
-0.202425644778493 0.142871494645233 -0.713367115129911 255 128 128 255 
0.187385265485764 0.19040289792252 -0.655032453242529 255 128 128 255 
0.0985587758930225 0.00215494618762585 0.960339614826942 255 128 128 255 
-0.340444663761606 0.0601628712351009 -0.209336440938269 255 128 128 255 
-0.319336727565478 0.131429868474555 -0.214479648341905 255 128 128 255 
-0.346360535409594 0.0526942573051601 -0.134391870472339 255 128 128 255 
0.305326140333305 0.165905384207826 -0.184420050147255 255 128 128 255 
-0.127993119601664 0.324990619013932 -0.154888073517937 255 128 128 255 
0.330714693809614 0.106265809541117 -0.18623340041306 255 128 128 255 
0.0863316146806369 -0.136528559745288 0.889524823542325 255 128 128 255 
0.0944690611689789 -0.155340820366423 0.857647090357671 255 128 128 255 
0.107113314255227 -0.134012921161794 0.874378741327043 255 128 128 255 
0.171338748909671 -0.193215910088518 -0.68299715869653 255 128 128 255 
-0.163741910167701 0.0332284474340904 -0.881292008170763 255 128 128 255 
-0.161661484532003 0.0600016487705997 -0.872996510984255 255 128 128 255 
0.0174142845712857 0.231143648149644 -0.755085940502762 255 128 128 255 
-0.0126885678525041 0.246628112974876 -0.715617518883368 255 128 128 255 
0.0317501378994015 0.244386662814473 -0.717033186422295 255 128 128 255 
0.123341655321191 0.128066248970958 -0.864341869066226 255 128 128 255 
-0.00130752831163838 0.260205103372143 -0.677002711722268 255 128 128 255 
0.0150630277648559 0.253504064005244 -0.695751636140281 255 128 128 255 
-0.124634160673559 0.144598613795296 -0.84170095860291 255 128 128 255 
-0.210838315417152 0.0674778151355942 -0.779712475715707 255 128 128 255 
-0.21875131162519 0.272949859766316 -0.145497154150056 255 128 128 255 
-0.216581295472191 0.270297256488138 -0.200637495969648 255 128 128 255 
-0.175979528557906 0.304327006602609 -0.106442207309768 255 128 128 255 
-0.176030541662864 0.301831575942531 -0.152602310866012 255 128 128 255 
-0.00063106936491815 0.344032490290519 -0.230498369200231 255 128 128 255 
0.143212537484077 0.00328465888484423 0.914240138864133 255 128 128 255 
0.134810019494614 0.000819778992020283 0.92444831608058 255 128 128 255 
0.102547597455573 -0.0568125263636961 0.943424928502237 255 128 128 255 
0.10722301066787 -0.0378542454590539 0.946869711927348 255 128 128 255 
0.147290793496456 -0.114390188510954 0.849566023960694 255 128 128 255 
0.0286014334330669 0.181973636408724 0.853545779055567 255 128 128 255 
0.0254947303881228 0.170066194871464 0.87373912327266 255 128 128 255 
-0.0918286179347245 0.0248728719601654 -0.963115132023664 255 128 128 255 
-0.263634256851965 -0.162844926542673 -0.481485033722439 255 128 128 255 
-0.252522162542693 -0.164799640410039 -0.522100558852258 255 128 128 255 
-0.114443465898812 0.131798441144052 -0.869629108396521 255 128 128 255 
-0.137938879790174 0.108832744796114 -0.867770913191128 255 128 128 255 
0.0470006936082399 -0.329074895967903 0.340595232451613 255 128 128 255 
-0.243437732424453 -0.165669849176461 -0.553473027744337 255 128 128 255 
-0.231481595804599 -0.0448673944340108 -0.745134528979544 255 128 128 255 
-0.249741822754375 0.233702384862465 -0.253175233842857 255 128 128 255 
0.0531263203314896 0.224282870039406 -0.758286388858374 255 128 128 255 
0.0463247948154479 0.233675641344651 -0.738916527744529 255 128 128 255 
0.118386037322497 0.163329860167822 -0.821258063841369 255 128 128 255 
0.112776195026559 -0.0921419059879988 0.91122508468648 255 128 128 255 
0.0892867660787917 -0.0906449265237852 0.933001041677967 255 128 128 255 
0.0950230590180451 -0.104112907305387 0.917087214048478 255 128 128 255 
0.241069064513895 -0.254583047337137 -0.128784145861184 255 128 128 255 
-0.123820655851734 0.103145006379632 -0.89007662618537 255 128 128 255 
-0.0648361711682455 -0.0286140759241042 0.979704057905925 255 128 128 255 
-0.0799555616875004 -0.0152729962214129 0.973134494684805 255 128 128 255 
-0.0771019389608779 -0.0294045717599485 0.972381250651358 255 128 128 255 
0.203107186552903 -0.284678604072693 -0.147119885734476 255 128 128 255 
0.0857446863092558 -0.342995338627087 0.00402154796223766 255 128 128 255 
0.0834191675925193 -0.342547687306052 0.0749560024750341 255 128 128 255 
0.0533633610065797 -0.349235794487141 0.0386476519241104 255 128 128 255 
-0.263480501699436 0.0896650835211262 0.616689145508297 255 128 128 255 
0.178080482160899 -0.0148248108949084 -0.862867541571129 255 128 128 255 
0.169482252781692 0.0156400125480283 -0.876498265883958 255 128 128 255 
-0.192028542733643 0.0250682367290732 0.836643867846153 255 128 128 255 
0.159308305841471 0.0221084972871812 -0.890537263239632 255 128 128 255 
0.0998835049487469 -0.115431417340441 0.901992776294607 255 128 128 255 
0.103921958348093 -0.125210223847813 0.887795588874001 255 128 128 255 
0.0206209747114202 0.246961615394979 0.713216527686365 255 128 128 255 
-0.267491862269592 -0.0651693922817721 0.627382022651355 255 128 128 255 
-0.232458513412386 -0.0768907876103232 0.721392059545062 255 128 128 255 
-0.249357274253123 -0.04875426157532 0.695378849290942 255 128 128 255 
-0.216378638701019 0.000158578480906793 0.790848937778171 255 128 128 255 
-0.145911836554424 -0.321525919445764 -0.0514439434983635 255 128 128 255 
0.0533946440684469 -0.349321817983982 -0.0314035372282218 255 128 128 255 
-0.179558366689256 0.0372911358733747 0.85495337100851 255 128 128 255 
-0.181228419699522 -0.0560673647195953 -0.843861031816265 255 128 128 255 
0.266749857094175 -0.22951287294779 -0.0966786194326957 255 128 128 255 
0.259915947565261 -0.23911246380009 -0.0463826229283445 255 128 128 255 
-0.0254951077632301 0.335855705186113 0.303986078119558 255 128 128 255 
0.0738789770407815 -0.342032112425477 -0.142993469614075 255 128 128 255 
-0.171578254660609 -0.0211522696153025 0.872300279200896 255 128 128 255 
-0.170367104029481 0.00695533166684668 0.87602132743162 255 128 128 255 
0.0124083330660939 -0.153051907892247 -0.900760318428476 255 128 128 255 
0.00502045376488897 -0.141828334565804 -0.9159018172499 255 128 128 255 
-0.161926766748017 0.0327270946309659 0.88412058940837 255 128 128 255 
-0.174894756531855 0.0200645604836692 0.867221941216242 255 128 128 255 
-0.160567385502231 -0.198810764815755 -0.691041974575837 255 128 128 255 
-0.245595234819244 -0.25340665826501 0.0611891086745237 255 128 128 255 
-0.245250662889136 -0.254510488419468 -0.0247302599322117 255 128 128 255 
-0.207042186120126 -0.286460841100689 0.0242815446396024 255 128 128 255 
-0.269967330629015 -0.212888408299092 -0.233172266442532 255 128 128 255 
0.29956544682187 -0.06044049061645 0.502851359891756 255 128 128 255 
0.205546537284138 -0.287051816703805 0.0530554035221848 255 128 128 255 
0.31276695124518 -0.0493104621659183 0.444929555648849 255 128 128 255 
0.0915568340900791 -0.0791227177746284 -0.939603918928107 255 128 128 255 
0.346907215705525 -0.0636809581099489 -0.0692858065754031 255 128 128 255 
0.331793155107346 -0.12207237128108 -0.00961893123373132 255 128 128 255 
0.331451705499546 -0.119783646952602 -0.0795799125013077 255 128 128 255 
0.310771717643966 -0.16819093569909 0.0325852487897263 255 128 128 255 
0.310168334303738 -0.16964643466965 -0.0111998237953819 255 128 128 255 
0.322242864183508 -0.0387750205848115 0.396545285066579 255 128 128 255 
0.310270636073674 -0.0271034882068669 0.473265488268982 255 128 128 255 
-0.139272644591736 0.167227494935223 0.788101990748728 255 128 128 255 
0.165782614129496 0.287091769149871 0.347498703268284 255 128 128 255 
0.200691681143172 0.203495185616286 -0.588642710606772 255 128 128 255 
0.180742268571397 0.302439591202558 -0.0830651002965798 255 128 128 255 
0.124137784483571 -0.0630058568527466 0.919217354220618 255 128 128 255 
-0.134732342756204 -0.0146131756833651 0.92361744372738 255 128 128 255 
-0.145807050998246 -0.0214933204738081 0.908970143555476 255 128 128 255 
0.231798034735633 0.0513164372012462 -0.741006285927619 255 128 128 255 
0.346027315560329 -0.0311987445929641 -0.185293844613571 255 128 128 255 
0.321218456416734 -0.138588035791528 -0.144553803301828 255 128 128 255 
0.337667360296065 -0.0972818953613859 -0.110162637985275 255 128 128 255 
0.35245740430405 0.00842336979633442 0.0749822463778906 255 128 128 255 
0.352403228858074 -0.0248771403238187 0.0393024830616359 255 128 128 255 
-0.0664152024961126 -0.100562703541638 -0.940111317923207 255 128 128 255 
0.112505299109623 -0.230005645598056 0.689579333340009 255 128 128 255 
-0.154258179564028 -0.0288981264280052 0.896077268014457 255 128 128 255 
0.161082034950768 -0.057538479272098 0.875177240377774 255 128 128 255 
0.222318199012301 -0.0622304832628029 0.757374321005931 255 128 128 255 
-0.10336068912429 -0.241094397821226 0.670462794957236 255 128 128 255 
-0.124217607178036 -0.225126876195773 0.686369420630164 255 128 128 255 
-0.352556372665435 -0.00413497211748352 -0.074127312831946 255 128 128 255 
-0.351598358857438 -0.0341167457376359 -0.0414373968767103 255 128 128 255 
0.203022068343371 -0.14240760444338 0.712752963730635 255 128 128 255 
0.218007293457676 -0.139091773139278 0.681916656950444 255 128 128 255 
0.0264415176752811 -0.0141097808582932 -0.996400562085917 255 128 128 255 
0.046550160570483 -0.0152055726141052 -0.990361036168969 255 128 128 255 
0.0356818285627021 -0.0247940584483311 -0.992419514895267 255 128 128 255 
0.211408594458679 -0.117240607440461 0.729717983263923 255 128 128 255 
-0.347637901536701 0.0643447633281016 0.00779497931680537 255 128 128 255 
0.255007774534627 0.244875570778323 0.00745292801311991 255 128 128 255 
-0.27510649161554 0.101877103680896 0.558121363000146 255 128 128 255 
-0.0341031774851109 -0.0147015081905511 0.994468053943256 255 128 128 255 
-0.112733409642968 -0.184444966742064 0.791308936787491 255 128 128 255 
0.245699772709317 0.0272701651607273 0.714915072298388 255 128 128 255 
-0.0954928174101629 -0.00262178878128558 0.962805264601017 255 128 128 255 
-0.091645700400717 -0.01763374270992 0.96453145750903 255 128 128 255 
0.0396640796907995 -0.155000360998143 -0.891747246434724 255 128 128 255 
0.0194059575572993 -0.162566659451494 -0.886320436023929 255 128 128 255 
0.0528436681817262 -0.228964605927675 0.747169317145152 255 128 128 255 
-0.0230462308956077 0.352443427519192 0.0449433754686067 255 128 128 255 
0.287226055391184 0.205360245982875 0.0512508320707647 255 128 128 255 
0.327665540868976 -0.121076315207269 0.154291986688834 255 128 128 255 
-0.0958701393595529 -0.0135745462003118 -0.961767735439608 255 128 128 255 
-0.106146882137839 -0.0178617181710277 -0.952528417235525 255 128 128 255 
0.28768229526705 0.202541298617108 0.0986267015054065 255 128 128 255 
-0.228457231987835 0.0223910202273291 -0.760557314913572 255 128 128 255 
-0.109028924795017 -0.166298384718328 -0.826837517201425 255 128 128 255 
-0.21666555736582 0.185589855702576 -0.590677144304464 255 128 128 255 
-0.102524640444648 0.0315466485401774 0.952863072606521 255 128 128 255 
-0.0846758597494758 0.0186438084153526 0.969463377621707 255 128 128 255 
-0.086837060202243 0.0370058599928487 0.963700744354833 255 128 128 255 
0.176210900335921 0.0967363349436649 0.822638643009034 255 128 128 255 
-0.101283609087113 -0.0200056801937414 0.95641582074866 255 128 128 255 
-0.0738463257101128 -0.040207516926156 0.971308707125883 255 128 128 255 
-0.15331954245379 0.212994918333808 0.670082180178378 255 128 128 255 
-0.0584876606035686 0.166961164113462 -0.865808973566055 255 128 128 255 
-0.0461266688786768 0.183311685686793 -0.845075873855561 255 128 128 255 
0.16517218659556 -0.0531678621925091 -0.871280947846318 255 128 128 255 
0.100435664953918 0.256443822872574 0.627051748996029 255 128 128 255 
0.17545003916369 -0.0263863235281257 0.864967249316317 255 128 128 255 
-0.122844903083459 0.0828665715941969 0.90793063347727 255 128 128 255 
-0.101424425086696 0.111071363779186 0.904991617937536 255 128 128 255 
-0.121929429227965 0.101982767909292 0.893231112714695 255 128 128 255 
-0.243555960377022 0.089237626657806 0.679512389489701 255 128 128 255 
0.206004621597058 -0.05868621008473 -0.795577858633486 255 128 128 255 
-0.015447814490832 -0.14871663849844 -0.906177556537074 255 128 128 255 
-0.000788696697089852 -0.169274170621767 -0.877932244658583 255 128 128 255 
-0.0295398902323756 -0.164271525324821 -0.88155434359441 255 128 128 255 
0.0151192677198711 -0.18768312702023 -0.846387322948929 255 128 128 255 
-0.0135165200645982 -0.183373184328164 -0.854126809879195 255 128 128 255 
0.0253317882526183 0.100125296730958 -0.956381619217529 255 128 128 255 
0.0269606920388185 -0.223496260703585 -0.771090292807524 255 128 128 255 
0.0416662539151314 -0.201864309340769 -0.812476248048406 255 128 128 255 
-0.179765998991442 -0.284393361058168 0.307305536810229 255 128 128 255 
-0.0461349616087715 0.147663674706261 -0.899186302709787 255 128 128 255 
-0.0313759020572004 0.162502466822389 -0.883667349336568 255 128 128 255 
-0.0258184828283492 0.153757934555686 -0.897516141190167 255 128 128 255 
-0.0879333912067794 0.054904481067812 0.956046920562424 255 128 128 255 
-0.204013624748644 0.288414058706953 0.0395732238229428 255 128 128 255 
-0.204877678192335 0.286891619369278 0.0758067292444805 255 128 128 255 
-0.138927942542365 0.0529998739483877 0.907259761036016 255 128 128 255 
-0.120456728553773 0.0432418773443865 0.932181581543116 255 128 128 255 
-0.122271721638096 0.0627480541824294 0.921356852379733 255 128 128 255 
0.228594027133825 0.0476310599115102 0.750871747109806 255 128 128 255 
0.237345620347511 0.0408586127923352 0.732107250109483 255 128 128 255 
-0.201913453188644 0.273586707638779 0.273952636231804 255 128 128 255 
-0.230439758618647 0.25214567026535 0.257993383567084 255 128 128 255 
-0.261982722092354 -0.19942552423136 0.364356730369481 255 128 128 255 
-0.223163241627596 -0.241314786779039 0.368405326217027 255 128 128 255 
0.206981657248898 -0.285053986508743 0.0849853296686668 255 128 128 255 
0.0912977720024258 0.341562141643338 0.00011169456080018 255 128 128 255 
-0.312687293041009 -0.153080663612139 0.174194400406541 255 128 128 255 
-0.303213341544579 -0.181780025506813 0.0118923080667713 255 128 128 255 
-0.31651516312113 -0.00931853992965426 -0.444803677849443 255 128 128 255 
0.344207578100255 0.0763840205155053 0.07411344640495 255 128 128 255 
0.33156794662979 0.121794470159684 0.0427823080015739 255 128 128 255 
0.332046962175263 0.118202756838387 0.07863427329325 255 128 128 255 
0.211292094661393 -0.28055491470216 0.114702340899512 255 128 128 255 
0.300121802664367 -0.17189465375946 0.207443156912976 255 128 128 255 
0.307000431515959 -0.166569979660387 0.155052731447832 255 128 128 255 
0.223797242896413 -0.170116159790598 0.606466832313231 255 128 128 255 
-0.17362186066333 0.20764997998814 0.643347080978169 255 128 128 255 
0.194249026828572 -0.0614006245957567 -0.817299342945274 255 128 128 255 
0.309546667332373 -0.166123180692797 0.112567520819292 255 128 128 255 
-0.172843896787845 0.124659392691459 0.79792240380517 255 128 128 255 
-0.194422463198785 0.102384462365303 0.783414603634411 255 128 128 255 
0.00848814903354076 -0.174924513137873 0.868697219892497 255 128 128 255 
-0.0155205785635778 -0.182401314998893 0.855517946584687 255 128 128 255 
0.168423437980444 0.0265348897427014 0.876033983290219 255 128 128 255 
-0.352593932778439 0.0124522532453448 0.064647032455937 255 128 128 255 
0.34002739297017 -0.0603634538902341 0.214243621891667 255 128 128 255 
0.34882828053238 0.0420533915604346 0.111367245076031 255 128 128 255 
0.028357412699135 -0.188699563633124 0.841847133982836 255 128 128 255 
0.0205735628508536 -0.200241904894207 0.822094430488543 255 128 128 255 
-0.0239808871590997 -0.169774614388615 0.874535265890992 255 128 128 255 
0.0360709364566128 -0.17358514301459 0.865180135143351 255 128 128 255 
0.138647667533488 0.170335527038964 0.783645996479748 255 128 128 255 
-0.0656286083317188 -0.0901467971028474 0.948963393258297 255 128 128 255 
0.131099196705668 -0.149771524185262 -0.826469546818582 255 128 128 255 
0.260166031979181 0.0413630389643056 -0.666949545727322 255 128 128 255 
0.245414033424067 0.0643059790355451 -0.69648654534134 255 128 128 255 
-0.342667086422015 0.0704751148454558 0.144567441821699 255 128 128 255 
-0.280109992301876 -0.215582083234114 0.0224025059947257 255 128 128 255 
-0.277381736297871 -0.218102235759197 0.0626597398180697 255 128 128 255 
0.284603046944282 -0.203367111391973 0.145407013015864 255 128 128 255 
0.270494136692867 -0.216863790569977 0.196020450022166 255 128 128 255 
0.207088388529271 0.281338855354491 0.153955793320923 255 128 128 255 
-0.321435997718695 0.106037205735848 -0.288929084075482 255 128 128 255 
-0.32559787281545 0.103198251823617 -0.258242113456392 255 128 128 255 
-0.111566102319341 -0.00178174728484311 -0.948893367495701 255 128 128 255 
-0.0892240631710832 0.00702877775006502 -0.967428180565106 255 128 128 255 
-0.0406068438232102 0.0149298777762719 0.992484490280258 255 128 128 255 
-0.221712012404928 -0.050784312301278 0.765583307120308 255 128 128 255 
-0.233965890002051 -0.0409011624120037 0.740740444128795 255 128 128 255 
-0.0562781921153844 0.347666555065003 0.087666189903386 255 128 128 255 
-0.150526507870566 0.312997089638802 0.1870739293467 255 128 128 255 
0.170179082885963 0.308401707797109 0.0861360563904103 255 128 128 255 
0.132482333043964 0.3274819164172 0.0403989563692177 255 128 128 255 
-0.0603882252250143 0.266820442436663 0.63346732618564 255 128 128 255 
-0.220080323176906 -0.275826789184036 -0.0622400046790183 255 128 128 255 
0.323858524489228 -0.117614427059957 0.224186961716171 255 128 128 255 
0.328320115480605 -0.0954284641848217 0.254547446092785 255 128 128 255 
0.128754934282725 -0.0785428805561274 0.904447597361077 255 128 128 255 
0.182782014352004 0.143793911114804 0.753201380350118 255 128 128 255 
0.212980185287885 0.280106907704996 0.0971409276634502 255 128 128 255 
0.247297693937407 0.239132580154014 0.230814958302012 255 128 128 255 
0.22749101880385 0.261528994483936 0.196985614387367 255 128 128 255 
0.134467803859547 0.326983763969591 0.000410381016677279 255 128 128 255 
-0.0438303103138453 -0.074066381746667 -0.969919891785713 255 128 128 255 
-0.0288281546668282 -0.0632162404616677 -0.980500459654739 255 128 128 255 
-0.0299689409104273 -0.075191410734636 -0.97343973309507 255 128 128 255 
0.0911661506237398 0.337582064867719 0.147703627789653 255 128 128 255 
-0.350591840462543 0.0261016077438011 -0.105983291420933 255 128 128 255 
0.0626798538805138 -0.138087159405929 0.903341219239362 255 128 128 255 
0.056521896968095 -0.127504810405557 0.918902812381988 255 128 128 255 
0.0492084283799674 -0.115031858613637 0.93529118111875 255 128 128 255 
0.146407838521098 0.3119370891562 0.223784836323984 255 128 128 255 
0.116742500462449 0.32696251924392 0.189033114781806 255 128 128 255 
-0.00617079318360127 0.226174851175823 -0.768410605236144 255 128 128 255 
0.0220304169774171 0.281349827502383 0.602374748279503 255 128 128 255 
0.155893797526002 -0.129055390379216 0.819960085764519 255 128 128 255 
0.143495508983127 -0.11860677262395 -0.850136313416598 255 128 128 255 
-0.104035485698164 0.0970719855579725 -0.915439317564076 255 128 128 255 
-0.104475339957588 0.116366588166253 -0.896855477708679 255 128 128 255 
-0.113215742187598 0.172451794052214 -0.812121035305718 255 128 128 255 
0.014983908357435 -0.0846000209844012 -0.970023989127835 255 128 128 255 
0.00242588549611937 -0.0670691424652446 -0.981818085745341 255 128 128 255 
0.0191629527893225 -0.0691012339604877 -0.979215197359167 255 128 128 255 
0.314375466636166 0.141391041755039 0.222289923744013 255 128 128 255 
0.10304041883264 0.209530953553476 -0.750889853874516 255 128 128 255 
-0.0929553672686587 -0.046896345090429 0.955656977388887 255 128 128 255 
-0.0975727531618635 -0.0800804605922863 0.93409496787114 255 128 128 255 
-0.0864159632807431 -0.0772266786527251 0.944746827755847 255 128 128 255 
0.195320369799698 0.160516429993969 0.699053204924442 255 128 128 255 
-0.083404080581183 -0.0422426841864254 -0.964403709928958 255 128 128 255 
0.0091787221934602 -0.21136862079401 -0.801194363084808 255 128 128 255 
0.0123664489621746 -0.201323281009148 -0.821296559924301 255 128 128 255 
-0.0476891734950931 -0.19399065744141 -0.825073875200301 255 128 128 255 
-0.150571440642102 -0.10546283578601 0.854193530425466 255 128 128 255 
-0.131976710076434 -0.110901635481361 0.873077196677662 255 128 128 255 
-0.0455484607045006 -0.0924331308373659 -0.956583307839138 255 128 128 255 
0.0135768430475223 -0.0616481805362817 0.983931585049356 255 128 128 255 
0.11155673536612 0.11627429261325 -0.890102825473655 255 128 128 255 
-0.0935544217797463 -0.072800740241873 -0.942115160709418 255 128 128 255 
-0.0317252935237934 -0.0841880251673498 -0.967081720894746 255 128 128 255 
-0.222296733551483 -0.117768521380187 0.702650557804253 255 128 128 255 
-0.217343469774803 -0.110285832573233 0.724424453949412 255 128 128 255 
0.0358101517214197 -0.0706086931136469 -0.974605741033596 255 128 128 255 
0.186494759321507 0.00591126623114918 0.849398658686511 255 128 128 255 
-0.0962154400438409 -0.0863116111647341 -0.930775559914191 255 128 128 255 
-0.122087042702141 -0.0814163912238275 -0.909796093364153 255 128 128 255 
-0.00287426558985878 -0.0538678856226232 0.988291411583059 255 128 128 255 
-0.128635801524139 -0.125880373522007 0.860729724026806 255 128 128 255 
-0.13445109258672 0.0347325406904446 0.919637117895887 255 128 128 255 
0.151435474149935 0.115021156734631 -0.843029880587568 255 128 128 255 
0.142022701601027 0.105836259735962 -0.865462811650074 255 128 128 255 
-0.0128260169958174 0.00256078332954832 0.999315507951808 255 128 128 255 
-0.021594568688437 0.0136569587617242 0.99738522961349 255 128 128 255 
-0.0795078596216653 -0.154510036658393 -0.87088528690608 255 128 128 255 
-0.134764996417274 -0.310588994466385 0.288066529489619 255 128 128 255 
-0.094062231965817 -0.321298030370086 0.321494830630045 255 128 128 255 
-0.109285721838866 -0.311490671149515 0.358107999685295 255 128 128 255 
-0.0641580363263747 -0.32500211878094 0.349369290293479 255 128 128 255 
-0.0788318224578754 -0.315772801315322 0.390620811459047 255 128 128 255 
0.216877055283074 -0.256965716544044 0.30897184473441 255 128 128 255 
0.0689370735943816 0.00736025119560432 0.980585563127166 255 128 128 255 
0.0684148311929384 0.0247433358384651 0.978599725598039 255 128 128 255 
0.0605042862323249 0.0191233293762433 0.983762286511485 255 128 128 255 
-0.21794693401616 0.134680812761585 -0.689116591760184 255 128 128 255 
0.183718340814755 -0.279078380767351 0.326959559085371 255 128 128 255 
-0.24318994513699 0.0794892018791131 -0.690160070712687 255 128 128 255 
-0.0496862339774894 0.0444029665567475 0.982078017802012 255 128 128 255 
-0.0385567761850124 0.0552154756417584 0.981690892517318 255 128 128 255 
-0.0183896135300784 -0.100765595621684 0.957112804313149 255 128 128 255 
-0.0127206458066082 -0.0867546376719065 0.968759279016632 255 128 128 255 
-0.100548570041061 0.319110931860422 -0.323211134224233 255 128 128 255 
0.183183300671407 -0.152325702655982 -0.738868087463845 255 128 128 255 
0.0544579128183766 -0.0463949599987139 0.979313404182717 255 128 128 255 
-0.0217020976952608 -0.174722729129871 -0.867183884264049 255 128 128 255 
0.181669339584213 -0.0414162915864685 -0.849851466657604 255 128 128 255 
0.0491568098944245 -0.157539808522158 0.884374637956988 255 128 128 255 
0.0625159965317954 -0.175841620443855 0.849336027290613 255 128 128 255 
0.072680945666225 -0.155198348576188 0.874669997996223 255 128 128 255 
-0.331706983247798 -0.0414251699529188 0.325630698390688 255 128 128 255 
0.343946063379837 0.00200017521493044 0.231465714795889 255 128 128 255 
0.328508353596501 -0.0299420333956051 0.35984144932989 255 128 128 255 
-0.164111088126803 0.139075657547125 -0.79360195154341 255 128 128 255 
-0.0992202269965705 0.0139568749022563 0.959001779705502 255 128 128 255 
0.192109750732013 -0.107077243680781 -0.782960051826812 255 128 128 255 
0.0059271190273917 -0.0327247029805098 -0.995566021742146 255 128 128 255 
0.00498005574134832 -0.0482519741771995 -0.990543066643399 255 128 128 255 
-0.00343643497172619 -0.0413556178546053 -0.993087725236298 255 128 128 255 
-0.125166419960002 0.0833525512996856 -0.905033558924321 255 128 128 255 
-0.134176739482886 0.0875430570504966 -0.89143845765871 255 128 128 255 
-0.207393458306144 0.0663209814689812 0.78785518095851 255 128 128 255 
-0.196866273493256 0.0757337854777433 0.802536292271829 255 128 128 255 
-0.0527537458328092 -0.0130777252892456 0.988113414638114 255 128 128 255 
-0.0496695849468367 -0.0285470639849904 0.986784666828706 255 128 128 255 
-0.0857374073423492 0.149738052944785 -0.872823490409998 255 128 128 255 
-0.0681123119080881 0.148097277874484 -0.887368730288763 255 128 128 255 
-0.0211859612205126 0.14336273314534 -0.912132794111319 255 128 128 255 
-0.332518941936523 0.0284048966100592 0.330143002309747 255 128 128 255 
0.304295579196188 0.166451979310185 0.193864527310935 255 128 128 255 
-0.192709938540143 0.274970934184142 0.313098668085145 255 128 128 255 
-0.0429837542705284 -0.179636831663732 -0.852680447961711 255 128 128 255 
0.0619512119261816 -0.0299274865527947 0.980882834865466 255 128 128 255 
-0.188330270148805 -0.168529033558797 -0.699312049672372 255 128 128 255 
0.161187420391128 0.0446009360361715 -0.881041923414858 255 128 128 255 
0.174330391687091 0.0544126053156189 -0.856262473256929 255 128 128 255 
0.186252144766711 0.0257366737988854 -0.846865930290243 255 128 128 255 
-0.023691275062966 -0.00621106994739248 0.997597698702697 255 128 128 255 
0.166233562430068 0.292795250690386 0.305120798806592 255 128 128 255 
-0.0668197038988453 -0.138861255403125 -0.900011898607675 255 128 128 255 
0.19266143591386 -0.00500135989774936 -0.838362943960722 255 128 128 255 
0.169211383731555 0.295164440994005 0.271962465570671 255 128 128 255 
-0.0372632696823836 -0.151919175720062 -0.896803262900817 255 128 128 255 
-0.0871931769980729 -0.139049731726162 -0.885720125350302 255 128 128 255 
-0.030946646984577 -0.0337715454438833 -0.991571631677452 255 128 128 255 
-0.0438166949140769 -0.0483743235065495 -0.982812379232274 255 128 128 255 
-0.0457985259475015 -0.0323955447373322 -0.987331853265942 255 128 128 255 
-0.0402546563469647 -0.140489094883245 0.910570662224227 255 128 128 255 
-0.00762783047879338 -0.153032403893831 0.901212028142149 255 128 128 255 
-0.0161067854562455 -0.135359731746639 0.922684399531503 255 128 128 255 
0.113175805676762 0.131710855203965 0.871061359328329 255 128 128 255 
0.0268106664681225 0.00705911923706457 -0.996920685904855 255 128 128 255 
0.0481129083758992 0.00639008376135425 -0.990532440176947 255 128 128 255 
0.0370303486812098 -0.00393658609344846 -0.994437555511969 255 128 128 255 
0.205630442644762 0.10818202160741 -0.753725502177411 255 128 128 255 
0.0343299468122866 0.0364849872821087 0.989910299388625 255 128 128 255 
0.042359316542553 0.0244113343444597 0.990392952173482 255 128 128 255 
-0.177564186569484 -0.142562485479413 -0.764967416084423 255 128 128 255 
0.0813598611918631 -0.0767820230330559 -0.94862044513718 255 128 128 255 
-0.164613703206143 -0.0441907640041558 -0.876125556086737 255 128 128 255 
0.00681623129824747 -0.131975402833412 0.927517234416393 255 128 128 255 
-0.181482015583792 0.124386215428486 -0.782776312433368 255 128 128 255 
-0.154916402014974 0.101846595430534 0.851484235249814 255 128 128 255 
0.0811608146117483 0.179117612426613 0.831046576521448 255 128 128 255 
-0.00121683816001446 -0.104761504809228 0.955085529222734 255 128 128 255 
0.0471057998930313 -0.0886389768169758 -0.958850034713626 255 128 128 255 
0.0579772435693294 -0.100151637419426 -0.94491602940352 255 128 128 255 
-0.193742920923573 -0.0684212049476248 -0.813792173832276 255 128 128 255 
-0.24154927047233 -0.229191752371857 0.336155742440549 255 128 128 255 
-0.206311792135951 -0.102175493300875 -0.758923488799831 255 128 128 255 
-0.181512246826581 0.0207581873785902 -0.856142031698267 255 128 128 255 
-0.171841087729382 0.0104988802019555 -0.873431909919051 255 128 128 255 
-0.0574332883218291 -0.0494741055656896 -0.976744511805232 255 128 128 255 
-0.148216075560098 0.132380074440198 0.827079245473207 255 128 128 255 
-0.0815131645827678 -0.0924913771114993 -0.937234010982232 255 128 128 255 
0.189001584565095 -0.279643155773079 0.297699224853091 255 128 128 255 
0.171165463306379 0.245873352754841 0.531026631765074 255 128 128 255 
-0.0244855126342554 0.162277455093757 0.885738036628264 255 128 128 255 
-0.0125000001918356 -0.0513724672846265 -0.988755254987622 255 128 128 255 
-0.0135714544437857 -0.0652886596227495 -0.982051755679862 255 128 128 255 
-0.153034656103672 -0.0265639233204478 -0.898330653087812 255 128 128 255 
-0.160871344332901 0.0025868092880884 -0.890454779489945 255 128 128 255 
-0.171570825545462 -0.299586269536207 0.215619977935782 255 128 128 255 
-0.204902446733808 -0.276766327359535 0.22654591340978 255 128 128 255 
-0.209465867535611 -0.276521402859281 0.193078835504218 255 128 128 255 
-0.241226580433855 -0.253378857532598 0.144467007541638 255 128 128 255 
0.278130957046031 0.137637031775837 0.479159338271497 255 128 128 255 
0.176908554548674 0.298545421652554 0.191290064775357 255 128 128 255 
0.170611977738207 -0.109152649585663 -0.819645043759983 255 128 128 255 
-0.0583732916359257 -0.28935096491503 0.550407582058736 255 128 128 255 
0.0855793488302784 0.190400773900573 0.807087178397285 255 128 128 255 
-0.244162784483127 0.198348988547189 0.456440141737828 255 128 128 255 
0.288854001093909 -0.0579494701130717 0.552848720749127 255 128 128 255 
0.283987674789583 -0.114178886138439 0.500512985970365 255 128 128 255 
0.00988640442954851 -0.251977455177604 -0.700911505241594 255 128 128 255 
0.0878924609446974 -0.172436264198315 0.836854338091393 255 128 128 255 
0.242981312018082 -0.135830518843203 0.616507232081621 255 128 128 255 
0.275598563206963 0.0986719199582919 0.560780036401589 255 128 128 255 
-0.0584516774044906 0.210647858291798 0.785930676592497 255 128 128 255 
0.0761270920195353 -0.092612518777363 -0.940755380111386 255 128 128 255 
-0.144550776393775 0.0712990496456681 -0.890040516756151 255 128 128 255 
-0.12530491112084 0.0601424930564155 -0.919484875161295 255 128 128 255 
-0.145242146477579 0.0457706177424383 -0.902484421734929 255 128 128 255 
-0.035257603026094 0.121551615964642 0.933732743097544 255 128 128 255 
0.0248979725472841 -0.0340657986314975 -0.992852907959864 255 128 128 255 
-0.0318787018383965 0.136295721859098 0.918290672510246 255 128 128 255 
-0.246177730885323 0.0264875743872121 0.713834103255379 255 128 128 255 
0.253038693404698 0.177934514652809 0.484236935973618 255 128 128 255 
0.301715584026695 0.1204752450708 0.394496289359403 255 128 128 255 
0.122398738296116 0.0693700787425617 0.917415236084618 255 128 128 255 
0.116595108403437 0.0602244249645951 0.928562755678416 255 128 128 255 
0.095164341953925 0.0983070942283211 0.922082252594941 255 128 128 255 
0.01355415149331 0.132862949008472 0.925910221625803 255 128 128 255 
0.3437204440938 -0.064463845525453 -0.146986190437439 255 128 128 255 
-0.0189198054656502 -0.243743433466387 -0.722391321802366 255 128 128 255 
-0.114491678657791 0.0785996614690138 -0.919624914091582 255 128 128 255 
0.109685965426577 -0.130601602539656 -0.875955282446532 255 128 128 255 
-0.125768384683924 -0.0322072444621304 0.93013980096371 255 128 128 255 
-0.117056064220201 -0.0353397958024077 0.938291964984502 255 128 128 255 
0.0454923405381895 -0.12538768251322 -0.926103126337881 255 128 128 255 
0.127537969245987 -0.328733323518259 -0.0731279383621882 255 128 128 255 
0.0043818959977403 0.0279856278283482 -0.996785246084594 255 128 128 255 
0.0158843341045155 0.0177853769396895 -0.99772288026194 255 128 128 255 
0.0606737380606083 -0.0346644879116304 -0.980273718062487 255 128 128 255 
-0.164893869232537 -0.0848332473135364 -0.851414468032719 255 128 128 255 
0.00720716683060155 -0.106310069963957 -0.953503955900894 255 128 128 255 
-0.00411675982264195 -0.0925026842536453 -0.96509607840325 255 128 128 255 
-0.210379329893994 0.107814484913183 0.743594317146564 255 128 128 255 
0.0522109675755326 -0.136043207554977 -0.911114737437444 255 128 128 255 
0.0584875374564745 -0.145181555136916 -0.896667266802371 255 128 128 255 
0.0895973548524679 0.00112585092762145 -0.967351206998844 255 128 128 255 
0.0687538753392438 0.004600318937121 -0.980823086651776 255 128 128 255 
0.0794133878051159 0.0141396340300084 -0.973626558070299 255 128 128 255 
-0.0259860369856508 0.338913836187544 0.275130924401169 255 128 128 255 
-0.27247172675128 0.108033622674594 -0.559198208200318 255 128 128 255 
-0.113223205870357 0.212664890454789 -0.731869639893522 255 128 128 255 
-0.0441543355099814 0.0847782544114794 0.962758708377376 255 128 128 255 
-0.0519387960911879 0.092794215966087 0.953694268285539 255 128 128 255 
-0.0389044805708818 -0.0627239777083864 0.977965821150917 255 128 128 255 
-0.0539099520544498 -0.0690456744990384 0.968819535049856 255 128 128 255 
-0.0499519110819448 -0.0873890535786166 0.95861549455237 255 128 128 255 
-0.0429946407573959 -0.0753552598615093 0.96942475934619 255 128 128 255 
0.144580541358252 0.135573234153626 0.828088685593737 255 128 128 255 
0.1256211820172 0.152337965862122 0.82951774668268 255 128 128 255 
-0.00772197224036111 -0.102522163002987 -0.956784519516593 255 128 128 255 
-0.125611554831219 0.0100234915580332 -0.934328700901042 255 128 128 255 
-0.115913755168076 0.0151398650860483 -0.943757534688062 255 128 128 255 
0.0773122072264546 -0.134514451848046 -0.898570777442496 255 128 128 255 
0.0647034188291426 -0.153176418180477 -0.88249849576565 255 128 128 255 
0.018968401382639 -0.0426050976687831 0.991261842960209 255 128 128 255 
0.0075783401000039 -0.0493130401190431 0.989993102119842 255 128 128 255 
0.000508557784204895 -0.0385468818752982 0.994037742257489 255 128 128 255 
0.132122881525661 0.0755829070170101 -0.902577497894951 255 128 128 255 
0.144535135529277 0.071062747629954 -0.890212001982528 255 128 128 255 
0.0374282200508828 0.0178169070463945 -0.99310295958178 255 128 128 255 
-0.0425208575454698 -0.0614599466621129 -0.977403300756086 255 128 128 255 
0.0701714622866299 0.136009598155498 -0.901453733515865 255 128 128 255 
-0.00608639494945731 -0.116331809309854 0.944160430027467 255 128 128 255 
-0.0280760217640388 -0.120702973247942 0.93655764180073 255 128 128 255 
-0.010995623096358 -0.126403717820037 0.933386076920345 255 128 128 255 
0.00394671708487066 -0.0200114410436398 0.998334475120053 255 128 128 255 
0.011714204378463 -0.0312351877269756 0.995538609656669 255 128 128 255 
0.0314233811547166 0.193328286100539 0.832522641743216 255 128 128 255 
0.104179000476897 0.0383014941042485 -0.949440804748227 255 128 128 255 
0.107738365190231 0.0168262080535716 -0.951248945755242 255 128 128 255 
0.0971058040020997 0.0308588723950444 -0.957572733828155 255 128 128 255 
0.0889302173026539 0.0226989605667248 -0.965717029720789 255 128 128 255 
0.0622925972967816 -0.0890652828174257 -0.951575567064447 255 128 128 255 
-0.015355083836286 -0.0171186794682632 0.997882446348256 255 128 128 255 
-0.0178203621006102 -0.0356330168852081 0.993630606043394 255 128 128 255 
-0.00720900039353068 -0.0278794695703621 0.99667754244607 255 128 128 255 
0.145925498482393 -0.0400222450466163 -0.903787432615751 255 128 128 255 
0.146742501494395 -0.0616209624701198 -0.892947900094938 255 128 128 255 
0.138931893805656 -0.0579273025036369 -0.904841891673082 255 128 128 255 
0.0615947906485379 -0.0103181152847616 0.984274831125491 255 128 128 255 
0.0458692918043716 -0.00717918131011052 0.991340374262891 255 128 128 255 
0.0530088960790029 -0.0185426154926929 0.987304322961224 255 128 128 255 
0.154313650504313 0.108928384904585 0.845325506841848 255 128 128 255 
0.160696922870864 0.117206202182029 0.826748833778549 255 128 128 255 
0.0664462852165498 -0.0175556731736611 -0.980924823820732 255 128 128 255 
0.0768058591136065 -0.00706493381742984 -0.975913711578186 255 128 128 255 
-0.0408412855047686 0.0433860716965683 -0.985696251689612 255 128 128 255 
-0.019534582786957 0.046460384738156 -0.989787178279333 255 128 128 255 
-0.0288137041641872 0.0349033657580498 -0.991772253708412 255 128 128 255 
0.0228441497700658 -0.10920470878936 -0.948904531354556 255 128 128 255 
0.027249127517395 -0.0983285053362504 -0.957450736771342 255 128 128 255 
0.00567924778798991 0.00681055270988083 -0.999685399972927 255 128 128 255 
0.00620980484861166 -0.0137230993541234 -0.999092046791004 255 128 128 255 
-0.00416337285795907 -0.00395732570030551 -0.999868014749929 255 128 128 255 
0.0023737832823655 0.0493580769221597 -0.990184405913072 255 128 128 255 
-0.00745298083952755 0.0374762183928565 -0.994142790670994 255 128 128 255 
-0.023477860468953 0.0860936151920536 0.967622563730408 255 128 128 255 
-0.00907146893252276 0.0934342483011349 0.964106838261799 255 128 128 255 
-0.00250864971446958 0.0823693828808591 0.972456643702024 255 128 128 255 
-0.0287850313869749 0.0446987265213983 0.988629133199745 255 128 128 255 
-0.00766875889299139 0.0433919159662752 0.992202928424097 255 128 128 255 
-0.0170400455197646 0.0544003231118665 0.986915362289959 255 128 128 255 
-0.0266986656021565 0.0653959186493836 0.979838984093251 255 128 128 255 
-0.0273451703224083 -0.0478431965280338 -0.987778396539523 255 128 128 255 
-0.0207529965060371 -0.0415893877327938 -0.991320880182411 255 128 128 255 
0.0159703423657916 -0.0236616295366251 -0.996734971420766 255 128 128 255 
-0.00549930578490517 0.016677478231257 -0.998765715481078 255 128 128 255 
-0.0171284769607191 0.0261362540551297 -0.996086386810764 255 128 128 255 
-0.0261125320363836 0.014653370331072 -0.996407203308121 255 128 128 255 
-0.0305292458010302 0.0244266042834643 0.993866413222971 255 128 128 255 
-0.0397637259758246 0.0346236913656207 0.988817661605439 255 128 128 255 
-0.0519680702635175 -0.0178691901588653 -0.987846187547601 255 128 128 255 
-0.0402530068147105 -0.0250435625122906 -0.990969284625668 255 128 128 255 
-0.0428950574577204 -0.00707322500427999 -0.992411138484813 255 128 128 255 
-0.0194470397173269 0.0339974974606641 0.993844988818517 255 128 128 255 
0.0136947285988432 0.0406363767968186 0.992617303622927 255 128 128 255 
0.0223415176046766 0.0286019314218653 0.994717190080493 255 128 128 255 
0.0104110280565622 0.020209345505361 0.997930629496805 255 128 128 255 
-0.0708519729740989 0.0410578798436491 0.972807265582856 255 128 128 255 
-0.0589838197381642 0.0332734689328061 0.98148371422175 255 128 128 255 
-0.0654949889816921 0.0225329901270222 0.980622945684819 255 128 128 255 
0.0259431036709517 0.0485482346774476 0.987805746670873 255 128 128 255 
-0.010265421352154 -0.0455675227283605 0.991234470563605 255 128 128 255 
-0.0357307108481444 -0.0329060337841954 0.990517073327424 255 128 128 255 
-0.0431536582343726 -0.0224090298198201 0.990497237269929 255 128 128 255 
0.056723968122965 0.000611005723839197 0.987044145050976 255 128 128 255 
0.0172239752104937 0.0916806815836652 -0.964564093341126 255 128 128 255 
0.0228201119293579 0.0730998015049891 -0.976260867143888 255 128 128 255 
0.00885623916413557 0.0815923116794756 -0.972683962696221 255 128 128 255 
-0.000457652648856494 0.0703798743400118 -0.979985562987641 255 128 128 255 
0.00717728708677009 -0.000165033425687947 0.999793815514316 255 128 128 255 
0.0154337854486968 -0.0118131109208279 0.998487851244577 255 128 128 255 
-0.0594664822564489 0.0533659444838573 0.974128587986251 255 128 128 255 
0.0442505096489866 -0.0359647341347066 -0.986908019384242 255 128 128 255 
0.0545727077276492 -0.0257471598623841 -0.985327978882288 255 128 128 255 
0.0704108598793469 0.0276129232808549 -0.976851415394542 255 128 128 255 
0.0585407370940213 0.0391482156367281 -0.979960811806986 255 128 128 255 
0.0573950411245428 -0.00539844209358722 -0.986617112844183 255 128 128 255 
0.0163792112728794 -0.00348241419671389 -0.998877746998871 255 128 128 255 
-0.00428249577892272 -0.00870509551508949 0.999623455143119 255 128 128 255 
0.058772840990212 0.0168816940749757 -0.984929485172482 255 128 128 255 
-0.00142572759810683 0.0114380111625118 0.999468415349541 255 128 128 255 
0.0189134997712291 0.00833602577606711 0.998289698039738 255 128 128 255 
0.0379899350230642 -0.0465173900285697 0.985465968214468 255 128 128 255 
0.049237163608424 -0.0374505216502042 0.9845736541826 255 128 128 255 
-0.0273785489616318 -0.0425965606428577 0.989690650839642 255 128 128 255 
-0.0349193848432073 -0.0475803918919503 0.985968529833349 255 128 128 255 
0.0349031528247169 0.061671358158564 -0.979707765679937 255 128 128 255 
-0.0358948116496651 0.0755495158307852 0.971612403879435 255 128 128 255 
0.0124379948861254 0.0608265016082685 -0.984461000698654 255 128 128 255 
-0.0258009852316116 -0.0251934782317519 0.994784791900787 255 128 128 255 
-0.0144494628404459 0.0743588669889574 0.976778262335945 255 128 128 255 
-0.0101408969745379 0.0582535331722277 -0.98591556592726 255 128 128 255 
-0.022904886657057 0.0668898188143653 -0.97980045884203 255 128 128 255 
-0.0126101005765788 0.0778264747774747 -0.974819060175288 255 128 128 255 
-0.0229163530257534 0.0837301647573249 -0.969387845227506 255 128 128 255 
-0.275213201043186 -0.218951040720853 0.102688559148711 255 128 128 255 
-0.27331450848011 -0.21857092169672 0.142152736527924 255 128 128 255 
0.00150089365803926 0.0319076152161177 0.995910242275858 255 128 128 255 
-0.0400484044216657 0.060278540288102 -0.978826327111349 255 128 128 255 
-0.0308553057247652 0.054254009296084 -0.984294478221868 255 128 128 255 
0.0145089453773939 0.0392794691677325 -0.992961685764117 255 128 128 255 
0.0307867852207456 -0.0349863558199573 0.991274447089015 255 128 128 255 
0.0218504456184783 -0.0538945168052525 -0.986378988092572 255 128 128 255 
0.0145914115972954 -0.0421748097807587 -0.992001516457396 255 128 128 255 
0.0254014635958225 -0.0533081057623053 0.985953392150584 255 128 128 255 
0.0307782661528151 -0.0618036877437324 0.980746662954189 255 128 128 255 
0.0326660371288804 -0.0438909669977039 -0.987953492712746 255 128 128 255 
0.0386830288253443 -0.0520814495121903 -0.983020429192541 255 128 128 255 
-0.106816992564105 -0.00827152940851395 0.952981475941972 255 128 128 255 
-0.0681609686295079 0.00253826099169629 0.981214099627342 255 128 128 255 
-0.0583890602600243 0.0139866365047578 0.985474876654318 255 128 128 255 
-0.0680621963433195 0.0430186941570132 -0.973722462546205 255 128 128 255 
0.0214131704259863 0.0818809154746294 0.970925288938811 255 128 128 255 
0.0290641381581112 0.0679133275727769 0.977928650379538 255 128 128 255 
0.0392033994577773 0.0729922015090753 0.972153201160338 255 128 128 255 
0.00774701494191378 0.0721566276869542 0.978706920747565 255 128 128 255 
-0.0638636142649691 -0.0422801956661111 0.976253343146293 255 128 128 255 
-0.151674948513331 -0.0731811269943348 -0.879268853135362 255 128 128 255 
-0.0594756007119692 0.0998035150499033 0.944465603823006 255 128 128 255 
0.0537301505627664 0.0317140864718153 0.984305997963636 255 128 128 255 
0.0453099447021363 0.0432466068930009 0.984181852385571 255 128 128 255 
0.0541863406937107 0.0483118381225203 0.978692214515515 255 128 128 255 
-0.0102981690222116 0.0229228291469399 0.997470767182674 255 128 128 255 
-0.209611981345125 -0.108495376088931 0.744535096244978 255 128 128 255 
-0.0494719758263247 0.0244661210461056 0.987740582472786 255 128 128 255 
-0.0885562666022353 -0.032935794626974 0.963630719430468 255 128 128 255 
-0.0766737958153697 0.110998274812781 -0.924339794381832 255 128 128 255 
-0.0532423189169671 0.107910286636769 -0.940300474646704 255 128 128 255 
-0.0127685970293071 0.119810964785117 -0.940137405734444 255 128 128 255 
-0.140737561191681 0.0921810585245013 -0.879525283228392 255 128 128 255 
0.120992261705763 -0.17638275842779 -0.796241133668487 255 128 128 255 
0.134374134923153 0.0541878415087788 -0.912172181042329 255 128 128 255 
-0.0827984412400024 0.096623315231196 0.932988079357004 255 128 128 255 
-0.101149843656153 0.0734561142227808 -0.935405392317578 255 128 128 255 
-0.0874160921451812 0.0904078042323103 -0.934600895597129 255 128 128 255 
-0.322361551295231 0.0239709910353016 -0.405052195032904 255 128 128 255 
-0.0926504285054314 0.114626328351831 -0.908962934972098 255 128 128 255 
0.330942988853994 0.124392615743075 0.00506793573569346 255 128 128 255 
0.312459311494235 0.165419083956445 0.00673780150758434 255 128 128 255 
-0.108455932547772 0.0534222442987876 -0.93971643844107 255 128 128 255 
-0.127387896467036 -0.216021099570259 0.704881303374134 255 128 128 255 
0.167694006632134 -0.195181968059576 0.68575631312003 255 128 128 255 
0.0704976490227225 -0.200464989212069 -0.79921895341791 255 128 128 255 
0.286874529701542 0.206630032518475 0.00749638523136678 255 128 128 255 
0.241711772526567 0.176773647212919 0.531612486943124 255 128 128 255 
0.290680476871429 0.0313642257089458 0.562289170635493 255 128 128 255 
-0.142908336261292 0.0181750464346776 -0.913222281760068 255 128 128 255 
-0.134191013741852 0.0389020286506456 -0.918605041027001 255 128 128 255 
0.168422076929345 0.225137388946735 0.606281492117617 255 128 128 255 
-0.154542308476479 0.052390863090332 -0.887116099400154 255 128 128 255 
-0.16735154267645 0.0521077995241929 0.868461797723399 255 128 128 255 
0.0836917836351116 -0.342619237974249 -0.0697262213491189 255 128 128 255 
-0.0171986212986829 0.183229667666684 0.853843516555292 255 128 128 255 
-0.0204928306437688 0.173649095180058 0.869142266284666 255 128 128 255 
0.307554170980459 -0.17291557803013 -0.0639123524921883 255 128 128 255 
0.144311507274657 0.177814220689452 0.761872879511741 255 128 128 255 
0.148925162389871 0.31578423195669 0.157520396167317 255 128 128 255 
-0.0297794634319386 -0.337066039244231 -0.289822918471793 255 128 128 255 
0.087216650274041 0.341590416346516 0.075323966323308 255 128 128 255 
0.105327876514719 0.0616313867440762 -0.93854184952728 255 128 128 255 
-0.322310599363643 0.0227182257751883 0.405953173348091 255 128 128 255 
-0.0323352503365187 -0.199725949908778 0.820068161072409 255 128 128 255 
0.0294281569650131 -0.166286174219999 0.878557413526818 255 128 128 255 
0.231750034977734 -0.238052732910277 0.342027063605657 255 128 128 255 
-0.0698359765169119 -0.313817688667651 0.416090289618187 255 128 128 255 
0.141033285457035 -0.214844321394 0.686740271459867 255 128 128 255 
0.112931180513641 0.0200607831481891 0.945913784396555 255 128 128 255 
0.310248262271133 -0.167562635352789 0.0731448792820913 255 128 128 255 
0.0543551980449244 0.34694263441337 0.115803557089645 255 128 128 255 
-0.103608024127817 0.337854156518948 -0.0309748981121232 255 128 128 255 
0.119086639780905 -0.330566260763085 0.111150617034875 255 128 128 255 
0.12506171031777 -0.329467009028673 0.0805507504981177 255 128 128 255 
-0.0563510845138969 -0.212680003217915 0.782773355884794 255 128 128 255 
0.0661419842922908 -0.0684863921514447 0.963057013287553 255 128 128 255 
0.0749014953830838 -0.0867443551186268 0.946002885656069 255 128 128 255 
-0.221200772361965 0.178859836443594 0.593830736046015 255 128 128 255 
-0.0308890206220292 -0.328328757556301 0.360511780375021 255 128 128 255 
-0.221796038003598 0.0104845555690573 -0.778185531338117 255 128 128 255 
0.09474529604307 0.212274587131397 0.753460369129522 255 128 128 255 
0.0820174678267761 0.0731758087081311 0.95044593167704 255 128 128 255 
0.0964399785622568 0.062074934568636 0.945921909997664 255 128 128 255 
-0.136957540823025 0.325787658068525 -0.028986508839069 255 128 128 255 
-0.0703097104687115 -0.00580585740122499 -0.979889119310478 255 128 128 255 
-0.0390576414931879 -0.104183809715752 0.949190111798766 255 128 128 255 
-0.184830528209941 -0.0211903023200731 0.85035825507813 255 128 128 255 
0.204363122635767 0.0635623893579256 0.79596751137812 255 128 128 255 
-0.0841777284658307 0.131298318152161 -0.897440170600958 255 128 128 255 
-0.0647503729693332 0.140232802884853 -0.899520537732123 255 128 128 255 
-0.0612830052563786 0.130279704485186 -0.913330563714724 255 128 128 255 
-0.104797520654744 -0.150351915437168 0.85515735378581 255 128 128 255 
-0.0825362031981966 -0.140278539848953 0.887737346112235 255 128 128 255 
-0.209366580923477 -0.0586165380633637 0.788566974632763 255 128 128 255 
0.0808671495043125 -0.0140245389503618 0.972682123439113 255 128 128 255 
0.0837358372651138 0.00430469783433341 0.971472196848975 255 128 128 255 
0.0953572384691626 -0.13409353041604 -0.885103028510317 255 128 128 255 
-0.0575353723464618 0.120692214109106 0.925734565336234 255 128 128 255 
-0.0768241615730371 0.131397737176309 0.902585964987414 255 128 128 255 
-0.0800187589861572 0.115548367140135 0.917586273504564 255 128 128 255 
-0.10458331988337 0.0703185034280519 0.934313142413246 255 128 128 255 
-0.103442968054961 0.0908006476418702 0.921107127046906 255 128 128 255 
-0.261037670460121 0.0147542101734482 0.673151620221125 255 128 128 255 
0.12956376048608 0.32780757266562 0.0777391589906953 255 128 128 255 
-0.203322637317946 0.286834046954876 0.105304447393374 255 128 128 255 
0.0154951043802246 -0.10941507071978 0.949897855230639 255 128 128 255 
0.0282902756550726 -0.121838526857688 0.935328957104257 255 128 128 255 
0.274701762301794 -0.207491104413148 0.227795965619539 255 128 128 255 
0.126112061926079 0.328043700548879 0.108924484179291 255 128 128 255 
0.0715543576904765 0.156149172743775 0.874059075606125 255 128 128 255 
-0.0162656443056033 -0.078994142061153 -0.973633826760091 255 128 128 255 
-0.000426911028022734 -0.0809027087218172 -0.973466257260289 255 128 128 255 
-0.140076649275799 0.0734990985222178 0.894321702105147 255 128 128 255 
0.0259342293058497 -0.170864154544796 -0.872389147452811 255 128 128 255 
0.0401876287960437 0.140600154235516 0.91045721400143 255 128 128 255 
0.0174643403336174 0.145602568251089 0.909922580042545 255 128 128 255 
0.0384390669403674 0.0560419942867099 0.981353075343425 255 128 128 255 
0.0485916332916722 0.137893151760853 -0.910491398098321 255 128 128 255 
0.0266946331713103 0.137566119839353 -0.918097851568038 255 128 128 255 
0.0263611184609555 0.0980376497144012 0.957888132330437 255 128 128 255 
-0.152702755490483 -0.0496681265116865 -0.890909397846052 255 128 128 255 
0.0327970030113313 -0.111354721654538 0.94456119848534 255 128 128 255 
0.0965462556503977 -0.0165679635182493 0.960850966050254 255 128 128 255 
-0.0375296327359683 0.126525121842907 -0.927719418539874 255 128 128 255 
-0.0164471534478673 0.131907200952601 -0.926628213054 255 128 128 255 
0.026539360160659 -0.0799328179925849 0.971211222898571 255 128 128 255 
0.0681842737659315 -0.147140238409434 0.888597342102824 255 128 128 255 
-0.0825045939149059 0.000925566750316588 0.97238730956221 255 128 128 255 
-0.0667842395663421 -0.0137294135037683 0.981229303927747 255 128 128 255 
-0.10429618643619 0.0505333106277162 0.944748385146489 255 128 128 255 
-0.117236499540461 0.0245354935940679 0.940866034434308 255 128 128 255 
-0.0507927889595853 0.148332747225178 0.89629227636332 255 128 128 255 
-0.0281947485819869 0.149534108402968 0.902638822189854 255 128 128 255 
-0.0295888543110486 0.10236266219233 -0.953504607540154 255 128 128 255 
-0.00458115126366731 0.0910748481616949 -0.966165133084825 255 128 128 255 
-0.0801579860557897 -0.025433253955825 -0.97129952458072 255 128 128 255 
-0.08409526161731 -0.00920550901896856 -0.970951060680282 255 128 128 255 
0.100553859301737 0.221490430293111 0.725704650162813 255 128 128 255 
0.105303563506582 -0.0755552283233807 0.930387298429065 255 128 128 255 
0.0949804164591103 -0.0736538303491646 0.940441740362676 255 128 128 255 
0.0211600567036901 -0.0950497041548972 0.961323276278189 255 128 128 255 
0.104471191616057 -0.00263839175096365 -0.955316945114608 255 128 128 255 
0.118878150411097 0.0942685452869204 0.903244893548643 255 128 128 255 
0.101225302018442 0.109357294578311 0.906838107792773 255 128 128 255 
0.107515894282367 0.120769860604676 0.889291714370481 255 128 128 255 
-0.0570525897779793 0.119540980587975 -0.927167537098199 255 128 128 255 
-0.0615928426132068 -0.0361406514864416 -0.979388275985098 255 128 128 255 
-0.0739944280760959 -0.0392422796605515 -0.971534324572809 255 128 128 255 
0.118708185230359 -0.0495979394014806 -0.931443656198143 255 128 128 255 
0.0773694301448113 -0.0327512071910224 0.971355049635046 255 128 128 255 
-0.0661259002362833 -0.0212865449220771 -0.980507003887917 255 128 128 255 
-0.0599749835848151 0.0566669479204682 -0.972386163869316 255 128 128 255 
0.0899942581593166 0.201329396099625 0.781626536711825 255 128 128 255 
-0.0847546423724136 0.0795434825228476 -0.944412979769639 255 128 128 255 
-0.033986241318651 -0.0936919899029869 0.959444614888214 255 128 128 255 
0.104534267813629 0.0746482602575593 0.931666124386041 255 128 128 255 
-0.138690329296575 -0.04177233576764 0.912228309423184 255 128 128 255 
-0.072967317825446 0.145238970772589 0.888060407390796 255 128 128 255 
-0.111799846783852 -0.119054263031898 0.886913146064389 255 128 128 255 
-0.0903689158009172 -0.12259656236488 0.902456824488791 255 128 128 255 
-0.0700605808761575 -0.124054160386702 0.915213961736762 255 128 128 255 
-0.0621453585625955 -0.141895530720561 0.898904270438982 255 128 128 255 
0.0598912687420842 0.0665142607265703 0.967424977226598 255 128 128 255 
-0.137981451425419 0.124368199651862 0.850852103352427 255 128 128 255 
-0.185147978250896 0.00430579051014777 0.851829475718638 255 128 128 255 
0.0885308166418346 0.0865067296385768 0.936712888432528 255 128 128 255 
0.0769993294664872 -0.186670390485098 -0.820854479550277 255 128 128 255 
-0.00885789220557035 0.106396816431077 -0.953315285913288 255 128 128 255 
0.0652384713839448 0.082701695747804 0.954586277763709 255 128 128 255 
0.0317203516166407 0.115181393097324 0.94117823625195 255 128 128 255 
0.0314579426407079 -0.0857568110160766 -0.966048308890773 255 128 128 255 
0.175447058361478 -0.107411299482944 0.81329522305495 255 128 128 255 
-0.351138844838217 0.0391522392871629 0.0367268117503587 255 128 128 255 
0.117048389935396 -0.202476656664634 0.749948643576708 255 128 128 255 
0.264502552611749 -0.231102039768596 0.11420117014068 255 128 128 255 
0.341567596346679 -0.0904087875926701 0.0355322643694212 255 128 128 255 
0.333779676409123 -0.0969641222090987 -0.183064483063849 255 128 128 255 
0.160386032318357 -0.0736512920649885 0.866495493398575 255 128 128 255 
0.32492406389054 0.0505013217607771 0.367412200331913 255 128 128 255 
-0.115798730478272 -0.0984289252838707 0.902894892337897 255 128 128 255 
-0.120000836248366 0.11861754183805 0.878770380942504 255 128 128 255 
-0.211639426313877 -0.28115736556985 0.0963025272987093 255 128 128 255 
-0.210340098887965 -0.283324401227003 0.0622459943495588 255 128 128 255 
0.0055974373533555 -0.234123250235199 -0.749159353489841 255 128 128 255 
-0.185896212739848 -0.128786926571191 0.768669049206531 255 128 128 255 
-0.0127482316784266 -0.353134783116215 -0.0326555080884015 255 128 128 255 
0.0554842981141159 -0.174397184057486 -0.85560313639971 255 128 128 255 
-0.128429777390271 -0.0592143744107123 0.916512736648329 255 128 128 255 
-0.252453268922466 -0.0648539060467379 0.675640781290304 255 128 128 255 
0.0834870708626195 -0.171185643191521 -0.842498100067763 255 128 128 255 
0.145505742579945 0.0449157934909227 0.902488333118937 255 128 128 255 
-0.148357951530757 -0.0051586585735933 -0.907582744834872 255 128 128 255 
-0.0317271804722275 -0.156599539835536 0.892053666844809 255 128 128 255 
0.0765383873923158 -0.116930348153749 0.918560452363557 255 128 128 255 
0.172630962121596 7.92996791541766E-05 0.87269025132759 255 128 128 255 
0.0647799938380948 -0.115960964393029 -0.926743129367411 255 128 128 255 
-0.0580945196979674 -0.155256699946397 -0.883268374748838 255 128 128 255 
0.159020691875115 0.12340864391576 -0.822108139558563 255 128 128 255 
0.171678847251487 0.170899338728927 0.728394204722814 255 128 128 255 
-0.155487569366141 -0.151117407014291 0.789871541643197 255 128 128 255 
-0.0878221443967168 0.188397788612754 0.808917986944357 255 128 128 255 
-0.117198115175675 0.134096280531215 0.863864748090151 255 128 128 255 
0.28774025050023 -0.203265024234627 -0.0843268152716513 255 128 128 255 
0.281953535501986 -0.212295742520145 -0.058836594023983 255 128 128 255 
0.0220768021063152 0.27138949273891 0.637873655259615 255 128 128 255 
-0.0355453445726602 0.310579020434399 -0.46713760915918 255 128 128 255 
0.244619038071907 -0.0497159661330323 -0.708179826543217 255 128 128 255 

3 0 1 2 
3 3 4 5 
3 6 7 8 
3 9 10 11 
3 12 13 14 
3 15 12 14 
3 16 17 18 
3 19 20 21 
3 22 23 24 
3 25 23 26 
3 27 28 29 
3 30 31 32 
3 33 34 35 
3 36 37 38 
3 39 40 41 
3 42 43 44 
3 38 37 45 
3 46 47 48 
3 1 49 50 
3 51 52 53 
3 54 55 56 
3 57 58 59 
3 60 57 61 
3 62 63 64 
3 65 66 67 
3 68 69 70 
3 71 72 73 
3 74 75 76 
3 77 78 79 
3 80 81 82 
3 83 31 84 
3 85 86 87 
3 69 88 89 
3 90 91 92 
3 93 94 95 
3 96 97 98 
3 99 100 101 
3 102 103 104 
3 105 106 107 
3 108 105 107 
3 109 110 111 
3 112 113 114 
3 52 115 116 
3 117 118 119 
3 120 71 73 
3 121 122 123 
3 124 121 123 
3 122 125 123 
3 125 126 124 
3 126 127 128 
3 129 130 131 
3 132 112 133 
3 126 134 127 
3 135 136 137 
3 138 139 140 
3 141 142 143 
3 144 145 146 
3 147 148 149 
3 150 151 152 
3 65 153 154 
3 143 138 140 
3 155 156 157 
3 158 159 160 
3 161 162 163 
3 164 158 160 
3 165 103 166 
3 136 167 137 
3 168 169 133 
3 170 136 135 
3 171 172 173 
3 174 175 176 
3 20 19 177 
3 178 179 180 
3 181 182 183 
3 22 181 183 
3 125 122 184 
3 30 185 186 
3 187 188 189 
3 190 191 192 
3 193 194 195 
3 196 197 198 
3 199 200 201 
3 202 203 204 
3 205 63 62 
3 63 206 64 
3 207 208 209 
3 210 211 212 
3 213 214 215 
3 216 217 218 
3 219 220 221 
3 222 223 224 
3 225 226 227 
3 228 113 229 
3 60 230 194 
3 133 112 231 
3 232 233 234 
3 220 235 236 
3 237 238 235 
3 239 237 235 
3 240 241 242 
3 243 240 242 
3 241 244 242 
3 245 246 247 
3 129 248 249 
3 191 250 251 
3 131 126 128 
3 252 253 254 
3 255 256 257 
3 258 259 260 
3 261 262 263 
3 230 264 194 
3 265 193 195 
3 60 266 230 
3 267 268 269 
3 36 193 265 
3 267 269 270 
3 63 205 271 
3 266 272 230 
3 273 274 275 
3 276 125 184 
3 277 278 279 
3 185 280 281 
3 280 282 281 
3 283 284 285 
3 286 214 287 
3 288 121 2 
3 121 0 2 
3 289 290 291 
3 292 293 294 
3 284 295 296 
3 297 285 298 
3 299 273 275 
3 130 174 176 
3 300 130 176 
3 301 302 303 
3 304 305 306 
3 307 304 306 
3 308 309 310 
3 191 190 250 
3 130 129 174 
3 311 312 313 
3 214 314 287 
3 103 315 316 
3 166 103 316 
3 317 318 319 
3 320 308 310 
3 321 308 320 
3 322 77 323 
3 317 165 166 
3 322 323 324 
3 325 326 327 
3 328 214 329 
3 330 331 332 
3 333 334 335 
3 336 337 338 
3 339 325 327 
3 340 341 342 
3 106 343 107 
3 343 172 108 
3 12 344 13 
3 345 346 347 
3 346 345 348 
3 349 199 350 
3 351 352 353 
3 28 27 354 
3 355 356 357 
3 138 143 358 
3 359 161 360 
3 361 362 363 
3 362 364 363 
3 365 366 367 
3 366 368 369 
3 370 371 372 
3 302 373 44 
3 373 302 374 
3 371 100 372 
3 302 370 374 
3 375 376 377 
3 44 373 378 
3 97 43 98 
3 379 380 381 
3 382 383 384 
3 385 386 387 
3 352 388 353 
3 389 390 219 
3 390 391 219 
3 392 393 394 
3 393 395 394 
3 396 397 398 
3 399 400 401 
3 402 403 404 
3 405 397 406 
3 302 43 303 
3 407 408 409 
3 410 411 412 
3 411 413 412 
3 414 415 416 
3 417 418 419 
3 420 421 422 
3 414 423 424 
3 425 426 427 
3 428 418 429 
3 355 430 431 
3 403 432 404 
3 433 434 435 
3 436 58 437 
3 438 364 434 
3 439 440 441 
3 442 443 444 
3 441 442 444 
3 445 439 446 
3 447 448 449 
3 169 450 451 
3 132 169 451 
3 452 453 454 
3 455 456 457 
3 458 459 460 
3 461 459 462 
3 463 188 464 
3 465 466 467 
3 468 469 465 
3 470 471 472 
3 473 188 474 
3 471 450 461 
3 452 454 475 
3 454 476 477 
3 478 479 480 
3 479 481 480 
3 482 305 483 
3 293 484 485 
3 136 170 486 
3 344 136 486 
3 487 488 179 
3 489 487 490 
3 476 491 468 
3 466 492 467 
3 476 454 493 
3 487 494 490 
3 452 495 496 
3 478 452 497 
3 453 452 496 
3 498 105 499 
3 500 501 502 
3 452 475 497 
3 503 504 505 
3 506 507 508 
3 509 510 511 
3 506 512 513 
3 514 515 516 
3 517 506 518 
3 519 151 520 
3 521 522 523 
3 105 524 525 
3 526 527 528 
3 529 530 531 
3 506 532 518 
3 515 533 516 
3 534 535 536 
3 507 506 513 
3 535 258 536 
3 537 309 260 
3 418 538 419 
3 539 540 541 
3 542 543 544 
3 545 309 537 
3 546 547 548 
3 545 549 550 
3 388 352 551 
3 510 399 552 
3 553 554 555 
3 556 557 558 
3 559 560 561 
3 562 563 564 
3 565 556 566 
3 567 562 568 
3 443 442 569 
3 570 571 572 
3 27 573 574 
3 575 290 576 
3 577 578 579 
3 580 581 582 
3 420 583 584 
3 442 585 569 
3 586 299 587 
3 588 589 590 
3 308 321 591 
3 290 580 582 
3 592 146 593 
3 167 278 594 
3 575 578 595 
3 596 597 598 
3 577 556 558 
3 290 289 576 
3 562 599 600 
3 151 519 152 
3 601 602 603 
3 604 605 606 
3 605 607 606 
3 608 365 609 
3 365 610 609 
3 237 239 611 
3 612 237 611 
3 243 253 613 
3 540 614 615 
3 616 617 618 
3 619 620 621 
3 622 623 624 
3 625 626 627 
3 530 529 628 
3 623 268 629 
3 630 622 624 
3 620 631 621 
3 632 633 634 
3 635 636 637 
3 309 638 310 
3 639 640 641 
3 46 642 643 
3 42 644 612 
3 239 645 611 
3 646 237 644 
3 647 648 649 
3 650 651 652 
3 130 300 653 
3 654 130 653 
3 655 656 657 
3 341 658 659 
3 660 354 661 
3 585 660 661 
3 617 530 618 
3 660 28 354 
3 72 146 68 
3 642 662 643 
3 346 663 347 
3 642 37 664 
3 52 665 626 
3 243 244 666 
3 20 666 667 
3 668 341 659 
3 583 669 670 
3 253 671 254 
3 573 388 672 
3 673 27 574 
3 674 559 675 
3 280 83 676 
3 677 678 679 
3 87 69 89 
3 680 681 682 
3 458 683 684 
3 685 686 687 
3 688 689 690 
3 691 692 693 
3 694 695 696 
3 695 653 697 
3 698 699 700 
3 610 701 702 
3 703 704 705 
3 704 390 705 
3 683 706 684 
3 707 660 708 
3 660 585 708 
3 709 710 711 
3 712 709 713 
3 714 294 485 
3 484 715 716 
3 714 463 294 
3 80 712 713 
3 121 288 717 
3 122 121 717 
3 459 718 719 
3 333 351 720 
3 721 148 722 
3 122 721 722 
3 49 723 724 
3 723 725 724 
3 450 471 726 
3 448 297 727 
3 728 729 730 
3 731 732 733 
3 734 735 736 
3 737 738 739 
3 325 740 741 
3 742 743 744 
3 71 120 745 
3 299 746 587 
3 747 748 749 
3 750 751 752 
3 753 754 755 
3 756 757 758 
3 759 760 761 
3 334 333 720 
3 333 352 351 
3 762 763 764 
3 765 766 767 
3 768 769 770 
3 771 203 772 
3 773 774 664 
3 37 773 664 
3 775 662 774 
3 162 776 777 
3 639 320 778 
3 162 779 780 
3 388 27 781 
3 782 783 784 
3 662 642 774 
3 785 735 786 
3 787 781 788 
3 789 790 791 
3 792 430 793 
3 430 355 762 
3 533 515 794 
3 795 630 796 
3 308 591 534 
3 46 797 798 
3 799 276 800 
3 801 325 775 
3 709 322 39 
3 802 803 804 
3 805 806 807 
3 40 808 41 
3 809 810 740 
3 810 662 740 
3 811 812 813 
3 814 805 815 
3 816 817 818 
3 634 819 820 
3 594 278 456 
3 278 277 456 
3 798 821 822 
3 823 47 824 
3 825 66 826 
3 759 827 828 
3 829 830 831 
3 805 7 832 
3 259 537 260 
3 833 418 834 
3 835 751 836 
3 357 837 838 
3 839 840 841 
3 842 759 828 
3 843 844 845 
3 522 846 847 
3 705 848 849 
3 738 850 851 
3 380 852 853 
3 852 555 853 
3 530 142 531 
3 854 855 856 
3 729 857 858 
3 859 191 249 
3 688 860 689 
3 861 622 862 
3 863 819 864 
3 865 866 867 
3 777 776 868 
3 869 870 871 
3 554 872 555 
3 873 632 874 
3 872 380 853 
3 86 91 875 
3 91 703 875 
3 753 738 737 
3 769 876 770 
3 754 850 755 
3 877 878 879 
3 560 546 548 
3 880 819 863 
3 819 881 864 
3 148 882 149 
3 882 883 149 
3 884 885 886 
3 817 686 818 
3 887 277 888 
3 277 279 888 
3 889 547 890 
3 891 892 893 
3 268 622 861 
3 619 889 890 
3 894 80 895 
3 80 896 895 
3 897 898 330 
3 899 897 330 
3 900 729 901 
3 902 393 903 
3 622 904 862 
3 905 530 628 
3 857 729 728 
3 906 907 908 
3 909 138 910 
3 334 162 911 
3 912 913 914 
3 915 383 916 
3 751 750 917 
3 393 392 903 
3 918 919 920 
3 486 170 921 
3 894 922 923 
3 922 389 923 
3 81 80 894 
3 238 81 894 
3 924 925 926 
3 925 927 926 
3 928 929 930 
3 931 928 930 
3 161 359 932 
3 933 825 934 
3 935 936 937 
3 936 801 937 
3 938 165 935 
3 589 939 940 
3 670 941 942 
3 941 943 942 
3 944 945 909 
3 946 141 139 
3 947 948 949 
3 950 951 581 
3 952 625 913 
3 535 259 258 
3 234 953 954 
3 551 259 672 
3 259 573 672 
3 309 308 258 
3 549 259 551 
3 382 617 616 
3 905 955 956 
3 957 817 958 
3 925 825 959 
3 927 925 959 
3 728 889 960 
3 483 484 961 
3 729 900 730 
3 874 912 914 
3 962 953 963 
3 617 964 965 
3 966 748 967 
3 968 969 871 
3 870 968 871 
3 256 255 970 
3 971 431 972 
3 639 973 974 
3 817 816 958 
3 965 964 975 
3 678 677 521 
3 20 971 21 
3 976 977 978 
3 953 979 954 
3 980 981 982 
3 748 983 749 
3 632 984 985 
3 984 553 985 
3 986 400 987 
3 510 988 989 
3 400 399 987 
3 990 991 992 
3 617 965 993 
3 861 994 995 
3 994 996 995 
3 997 900 901 
3 858 997 901 
3 998 999 931 
3 704 3 50 
3 49 391 1000 
3 19 1001 29 
3 28 19 29 
3 1002 23 1003 
3 546 559 674 
3 1004 158 1005 
3 1006 1007 1008 
3 637 976 978 
3 1009 1010 1011 
3 728 1012 1013 
3 880 55 1014 
3 1015 1012 1016 
3 559 546 560 
3 616 1017 1018 
3 964 908 975 
3 1019 556 1020 
3 144 146 1021 
3 268 267 629 
3 108 1022 524 
3 1023 947 949 
3 1024 825 826 
3 674 1025 1026 
3 256 1027 257 
3 599 1028 1029 
3 620 1030 631 
3 1031 1032 1033 
3 815 805 832 
3 522 878 1034 
3 1035 795 1036 
3 1037 577 1038 
3 356 837 357 
3 430 1039 431 
3 1025 1040 1026 
3 622 268 623 
3 1019 997 1007 
3 1041 540 1042 
3 540 539 1043 
3 904 622 1035 
3 952 913 1044 
3 153 65 1045 
3 860 1046 1047 
3 837 789 838 
3 1048 599 567 
3 857 976 1049 
3 636 976 637 
3 379 852 380 
3 163 162 1050 
3 1051 540 1043 
3 1028 1052 1029 
3 731 312 1053 
3 615 614 1054 
3 614 540 1041 
3 540 615 541 
3 1055 1002 1003 
3 632 634 820 
3 1056 912 1057 
3 704 703 4 
3 388 787 353 
3 312 311 1053 
3 787 1058 351 
3 1039 430 792 
3 515 1059 1060 
3 162 777 911 
3 787 351 353 
3 1028 1061 1052 
3 27 1001 781 
3 878 522 847 
3 55 880 863 
3 783 835 784 
3 1012 1015 1013 
3 1062 55 863 
3 773 775 774 
3 1063 639 1064 
3 973 639 778 
3 732 1065 733 
3 1066 515 1060 
3 60 193 1067 
3 1059 515 1068 
3 1069 144 1070 
3 973 778 1071 
3 1072 1073 1074 
3 840 6 841 
3 1075 1076 1077 
3 1078 228 1079 
3 1080 1081 1082 
3 391 220 219 
3 912 1083 913 
3 1084 1085 1086 
3 1087 315 229 
3 1088 859 1089 
3 782 1090 1091 
3 1092 1093 1094 
3 1095 223 1096 
3 583 28 584 
3 418 1097 538 
3 1098 897 1099 
3 1100 60 1067 
3 36 38 1101 
3 1032 837 1033 
3 510 509 988 
3 249 191 251 
3 268 861 995 
3 248 859 249 
3 1102 1098 1099 
3 162 334 779 
3 220 239 235 
3 1103 430 762 
3 678 693 679 
3 248 134 1104 
3 1105 1106 1107 
3 1108 1106 1109 
3 188 473 464 
3 1110 625 627 
3 115 52 1111 
3 1081 226 1082 
3 625 1110 873 
3 292 294 1112 
3 1113 509 1114 
3 34 812 1115 
3 1106 1116 1109 
3 859 248 1089 
3 207 1081 1117 
3 31 83 32 
3 71 1118 25 
3 1119 526 1120 
3 1121 217 216 
3 592 69 68 
3 386 191 387 
3 197 1122 1123 
3 175 190 198 
3 464 30 186 
3 1124 1125 1126 
3 282 280 676 
3 559 1127 1128 
3 34 1129 35 
3 185 281 1130 
3 30 32 1131 
3 83 1132 1133 
3 996 268 995 
3 556 1019 566 
3 1134 1135 1136 
3 997 858 1137 
3 714 187 189 
3 1138 557 1139 
3 268 996 269 
3 1140 1037 1038 
3 63 1141 734 
3 1142 63 734 
3 891 883 1143 
3 1144 1145 1146 
3 1132 1147 1148 
3 408 1149 1150 
3 463 714 189 
3 1151 1134 1136 
3 586 587 1152 
3 1144 586 1152 
3 530 617 993 
3 586 1144 1153 
3 1113 586 1153 
3 586 1113 1154 
3 299 586 1154 
3 1155 1156 1157 
3 583 670 942 
3 1158 488 1159 
3 172 1158 1159 
3 299 1160 1161 
3 1162 31 1163 
3 494 487 179 
3 1164 801 1165 
3 282 559 1128 
3 225 227 1166 
3 208 1167 1168 
3 1132 83 1147 
3 447 297 448 
3 1169 1170 1171 
3 1172 1173 1174 
3 556 577 1020 
3 1012 1140 1016 
3 1175 809 1176 
3 1177 1169 1178 
3 1179 1180 892 
3 159 158 1181 
3 501 1140 502 
3 91 1182 1183 
3 1184 283 1185 
3 1127 559 561 
3 1186 1187 1188 
3 549 352 1189 
3 1062 545 550 
3 1190 1127 500 
3 797 1191 1192 
3 1193 1194 1195 
3 572 1048 1196 
3 1197 1162 1163 
3 1198 1199 1200 
3 144 22 183 
3 23 1201 24 
3 337 1198 338 
3 1202 857 1049 
3 545 1203 1204 
3 1205 190 192 
3 797 46 1206 
3 37 642 48 
3 1207 1208 1209 
3 662 810 1210 
3 802 1191 1211 
3 1212 337 1213 
3 36 1214 1215 
3 28 583 943 
3 297 726 727 
3 278 1216 1217 
3 1218 1219 1220 
3 1221 786 1222 
3 1223 1224 1225 
3 1 723 49 
3 325 801 1226 
3 283 1174 1185 
3 1 288 2 
3 1227 1 0 
3 167 594 137 
3 594 135 137 
3 132 295 1228 
3 1162 469 1229 
3 134 248 127 
3 126 1230 124 
3 1230 654 1231 
3 1232 860 1233 
3 392 1234 1235 
3 792 787 1236 
3 1226 1237 326 
3 1010 918 1238 
3 1239 1175 1176 
3 1175 1212 1240 
3 317 1237 1241 
3 165 317 1241 
3 588 1173 1242 
3 279 278 1217 
3 240 532 1243 
3 1244 241 1245 
3 996 1246 1244 
3 112 114 231 
3 169 132 133 
3 278 167 1247 
3 973 819 634 
3 1058 787 792 
3 787 788 1236 
3 1048 1248 1196 
3 1043 539 1249 
3 337 1210 1213 
3 1250 71 745 
3 1251 151 1252 
3 120 392 394 
3 37 48 45 
3 1237 936 1241 
3 801 1164 937 
3 1253 1254 1255 
3 1256 1234 1257 
3 852 553 555 
3 86 1234 87 
3 1234 69 87 
3 1258 1253 1259 
3 1235 848 1260 
3 1247 167 1261 
3 585 1262 1263 
3 638 320 310 
3 1216 278 1247 
3 167 1258 1261 
3 1246 241 1244 
3 1264 1246 1265 
3 1246 996 1265 
3 220 236 221 
3 1230 121 124 
3 642 46 48 
3 1253 1255 1259 
3 1216 1247 1266 
3 1267 1216 1266 
3 809 325 339 
3 1268 1269 1270 
3 1271 1269 1272 
3 1041 620 1273 
3 620 619 1274 
3 1208 1275 1209 
3 1001 27 29 
3 19 943 177 
3 881 638 1203 
3 1276 580 575 
3 801 775 1277 
3 1214 1164 1165 
3 1001 19 21 
3 162 161 776 
3 1263 1262 1278 
3 354 27 673 
3 1135 1218 1220 
3 1262 585 661 
3 1191 797 336 
3 692 691 1279 
3 746 299 1280 
3 1024 65 1281 
3 900 1037 1282 
3 1283 1284 1285 
3 65 1286 1287 
3 633 632 985 
3 162 780 1050 
3 1262 1288 1278 
3 511 1110 1289 
3 852 633 553 
3 528 743 1290 
3 418 833 1097 
3 633 973 634 
3 352 333 1275 
3 55 1062 1291 
3 55 54 1014 
3 1083 912 1056 
3 55 1291 56 
3 244 243 242 
3 253 410 1292 
3 134 126 1293 
3 1294 1237 1295 
3 812 33 813 
3 1296 283 811 
3 891 147 883 
3 1227 0 1231 
3 1297 1138 1298 
3 1138 267 1298 
3 517 613 1299 
3 1276 99 1300 
3 276 1180 1301 
3 255 138 358 
3 403 1302 1303 
3 1180 1304 1305 
3 1153 1144 1146 
3 1093 1306 1307 
3 399 510 989 
3 555 872 853 
3 1132 383 1308 
3 276 184 800 
3 289 1190 1309 
3 1310 1311 1312 
3 981 1313 1314 
3 1315 1316 1317 
3 91 86 92 
3 1318 134 1319 
3 122 1320 184 
3 432 403 1303 
3 121 1230 0 
3 1027 1321 1322 
3 1323 1088 1324 
3 776 161 932 
3 654 1227 1231 
3 695 1227 654 
3 341 1325 658 
3 1088 1323 719 
3 1326 1221 1327 
3 191 859 387 
3 859 385 387 
3 1088 887 385 
3 859 1088 385 
3 1328 244 1329 
3 244 241 1329 
3 499 105 525 
3 99 101 1300 
3 1330 839 1331 
3 1138 1332 1333 
3 99 1332 1334 
3 1335 872 1336 
3 407 1337 1338 
3 557 1138 1333 
3 1339 297 296 
3 228 344 486 
3 488 487 1159 
3 656 655 1304 
3 668 656 1340 
3 1302 403 768 
3 166 1087 318 
3 408 91 90 
3 69 592 88 
3 63 1142 206 
3 592 1341 1342 
3 1234 392 1257 
3 1315 952 1044 
3 256 970 1343 
3 1316 1083 1344 
3 880 1083 1056 
3 1316 855 1317 
3 91 408 1182 
3 882 1345 1346 
3 912 820 1057 
3 819 880 1056 
3 1190 500 1309 
3 442 1347 707 
3 691 693 1348 
3 233 816 1349 
3 365 57 1100 
3 1350 1351 1352 
3 837 1353 1354 
3 790 789 1355 
3 101 100 1356 
3 1138 1297 1332 
3 468 494 1357 
3 1127 1190 1358 
3 1190 1359 1360 
3 288 3 1361 
3 1362 882 1363 
3 1364 1102 1365 
3 290 1359 291 
3 1366 990 992 
3 466 469 1367 
3 469 1162 1197 
3 725 220 724 
3 1368 1369 1370 
3 1371 93 1372 
3 1373 668 402 
3 1358 1190 1360 
3 188 463 189 
3 747 1311 1374 
3 1311 650 1312 
3 1375 1376 1377 
3 21 971 1378 
3 812 34 33 
3 882 1346 1363 
3 1379 226 1380 
3 273 1113 1381 
3 188 1382 474 
3 491 171 489 
3 665 52 51 
3 272 264 230 
3 383 1132 1383 
3 1161 1160 1384 
3 1160 275 1385 
3 1386 110 1387 
3 1122 1386 1388 
3 93 1389 1372 
3 602 601 1390 
3 1391 1392 1393 
3 1325 1093 1394 
3 78 80 82 
3 1391 78 82 
3 1395 1396 1397 
3 1398 1395 1399 
3 266 60 61 
3 601 1400 1390 
3 3 1345 1361 
3 1401 1155 1402 
3 640 379 1403 
3 169 168 1404 
3 185 30 1131 
3 1405 1075 1077 
3 1406 1407 1408 
3 988 509 1145 
3 26 22 1409 
3 649 795 796 
3 1006 1137 1410 
3 1411 54 1412 
3 272 998 931 
3 1269 645 1413 
3 725 1269 1413 
3 165 938 104 
3 938 102 104 
3 1389 1414 1415 
3 1414 1416 1415 
3 1417 1418 1419 
3 1418 1420 1419 
3 368 1421 369 
3 1421 367 369 
3 953 1422 963 
3 865 1423 1424 
3 337 1212 1425 
3 1426 1028 1427 
3 1428 1429 1430 
3 1431 1432 1433 
3 1432 964 1433 
3 282 1434 675 
3 1434 674 675 
3 1435 440 1436 
3 440 1437 1436 
3 1438 1439 1440 
3 1439 1369 1440 
3 509 1153 1146 
3 1145 509 1146 
3 1435 1347 1441 
3 1442 591 1443 
3 1292 517 1299 
3 1279 1444 744 
3 1445 1446 1447 
3 1399 1395 1397 
3 1395 1448 1396 
3 1004 1005 1449 
3 1450 1155 1157 
3 1451 1452 1453 
3 1454 109 1455 
3 109 111 1455 
3 284 1184 1456 
3 590 284 1456 
3 1457 1458 79 
3 1458 77 79 
3 1391 438 1457 
3 438 1458 1457 
3 1198 1425 1459 
3 631 1030 1460 
3 1418 1461 1420 
3 1461 368 1420 
3 605 1462 1463 
3 990 605 1463 
3 1464 1147 84 
3 31 1464 84 
3 307 1371 1465 
3 604 307 1465 
3 261 1466 1467 
3 421 416 422 
3 707 1347 1468 
3 411 253 252 
3 1469 1470 1471 
3 415 413 1472 
3 1473 261 1467 
3 1347 423 1474 
3 426 425 1475 
3 439 443 1476 
3 1347 442 441 
3 321 1157 1477 
3 1402 1155 1478 
3 1089 1479 1480 
3 1479 1324 1480 
3 665 51 1381 
3 1113 665 1381 
3 1481 379 381 
3 549 545 537 
3 397 405 1481 
3 1155 1450 1478 
3 1161 1464 1280 
3 1470 1482 1471 
3 1464 746 1280 
3 1483 1484 1009 
3 1485 1483 1009 
3 216 1486 1487 
3 1486 785 1488 
3 377 373 1489 
3 373 1490 1489 
3 376 1491 377 
3 1491 373 377 
3 571 1492 1493 
3 519 17 1494 
3 1437 1421 1495 
3 1421 368 1495 
3 375 1490 1496 
3 253 411 410 
3 1420 366 1419 
3 802 182 1497 
3 182 1192 1497 
3 866 865 1498 
3 1486 1488 1487 
3 1032 904 1353 
3 1286 65 154 
3 1045 65 67 
3 1499 1140 1038 
3 580 290 575 
3 364 1500 363 
3 577 1499 1038 
3 904 1501 1502 
3 517 361 1503 
3 146 72 1021 
3 172 343 986 
3 343 106 1504 
3 769 1179 1505 
3 1179 892 1505 
3 836 1506 1507 
3 648 647 1508 
3 1275 1509 1189 
3 1509 549 1189 
3 1229 178 1510 
3 178 746 1510 
3 539 1470 1511 
3 1512 1513 1514 
3 473 466 1367 
3 1197 473 1367 
3 830 1515 1516 
3 648 830 1517 
3 1518 336 1206 
3 46 1518 1206 
3 1398 1519 1520 
3 1395 1398 1520 
3 1521 524 1522 
3 453 1521 1522 
3 307 306 1523 
3 1524 307 1523 
3 1525 1526 1527 
3 1407 1528 1408 
3 379 405 1403 
3 647 1529 1508 
3 1491 646 644 
3 383 1383 384 
3 1530 617 382 
3 383 382 916 
3 1531 1525 1527 
3 1532 375 1533 
3 376 375 1534 
3 870 1395 1520 
3 105 498 1466 
3 491 453 1535 
3 468 491 489 
3 306 1536 1523 
3 172 171 1537 
3 1538 1539 1540 
3 526 1119 756 
3 746 1162 1510 
3 22 144 1021 
3 1083 880 1344 
3 1411 1412 1541 
3 860 1232 689 
3 1542 757 1543 
3 1544 1545 1546 
3 1025 383 915 
3 529 1547 1482 
3 1548 1040 1549 
3 1248 1048 567 
3 635 1428 1550 
3 565 1138 1139 
3 1037 1019 1020 
3 577 1037 1020 
3 1119 649 1551 
3 578 557 595 
3 371 1552 1553 
3 1536 305 482 
3 22 1021 1409 
3 72 25 26 
3 23 22 26 
3 72 71 25 
3 795 742 1501 
3 1554 1536 1555 
3 837 1032 1353 
3 305 304 1556 
3 305 484 483 
3 304 187 1556 
3 1022 453 1522 
3 858 857 1529 
3 187 990 1366 
3 865 1557 1558 
3 1406 1559 1560 
3 605 990 607 
3 1561 346 348 
3 1562 1124 1563 
3 1252 151 1564 
3 1025 1434 1133 
3 1434 83 1133 
3 971 1565 1566 
3 829 1567 1568 
3 524 1022 1522 
3 681 346 1561 
3 1569 36 1101 
3 1565 1264 1566 
3 1264 1570 1566 
3 1552 950 1553 
3 950 581 1553 
3 742 744 1571 
3 1353 904 1502 
3 100 371 1356 
3 371 1572 1356 
3 580 101 1572 
3 581 580 1572 
3 1573 1544 1574 
3 1040 1017 1546 
3 1316 1411 1541 
3 628 529 1575 
3 1576 1577 1578 
3 1470 955 1482 
3 670 252 254 
3 671 670 254 
3 941 670 671 
3 243 941 671 
3 1383 1530 384 
3 1530 382 384 
3 1450 640 1403 
3 405 1450 1403 
3 1021 72 1409 
3 72 26 1409 
3 397 1579 406 
3 1567 1580 1568 
3 1525 865 1526 
3 1335 1481 381 
3 380 1335 381 
3 405 379 1481 
3 1581 1582 1583 
3 1584 1450 405 
3 1144 488 1145 
3 488 988 1145 
3 829 635 1550 
3 1585 1586 1587 
3 416 669 422 
3 669 420 422 
3 1588 1362 1363 
3 1346 1588 1363 
3 1588 1149 1362 
3 440 1435 1441 
3 441 440 1441 
3 1589 1350 1590 
3 747 1374 1591 
3 1347 441 1441 
3 1350 962 1592 
3 10 678 359 
3 345 1593 1594 
3 1307 655 1595 
3 655 657 1595 
3 1341 1596 1342 
3 1596 88 1342 
3 1544 1546 1574 
3 1597 1337 1598 
3 1310 1379 1599 
3 1519 870 1520 
3 423 1435 1600 
3 1585 436 1601 
3 1379 1374 1599 
3 1602 747 1591 
3 527 1603 528 
3 118 1122 1388 
3 119 118 1388 
3 1519 1604 1605 
3 176 175 1606 
3 1156 1155 1607 
3 1608 1375 1609 
3 504 1610 1611 
3 1612 1602 1613 
3 1229 469 1357 
3 469 468 1357 
3 789 1354 1355 
3 355 971 1570 
3 763 1614 764 
3 1552 371 370 
3 988 1158 989 
3 1158 399 989 
3 488 1158 988 
3 1264 356 1570 
3 994 1032 1031 
3 1264 994 1031 
3 426 414 424 
3 1347 1435 423 
3 1615 1616 1617 
3 411 252 1618 
3 880 1411 1344 
3 421 414 416 
3 439 1607 446 
3 295 1619 1228 
3 1335 397 1481 
3 1448 1395 1620 
3 1586 58 1587 
3 494 178 1229 
3 1619 317 1621 
3 7 805 1622 
3 1623 1624 1625 
3 1624 1626 1627 
3 969 869 871 
3 789 837 1354 
3 113 112 1628 
3 1228 1619 1629 
3 876 769 1630 
3 891 1193 892 
3 386 1205 192 
3 191 386 192 
3 196 190 1205 
3 1631 196 1205 
3 1464 1632 1147 
3 1633 990 1463 
3 284 283 1184 
3 1214 773 1215 
3 773 37 1215 
3 1500 361 363 
3 415 426 1475 
3 1173 588 1184 
3 1559 1634 1423 
3 1208 1509 1275 
3 1518 337 336 
3 1635 1375 1636 
3 1203 638 1204 
3 638 309 1204 
3 358 907 1637 
3 438 1391 1393 
3 400 986 1638 
3 1625 1639 1640 
3 1572 101 1356 
3 1641 1439 1642 
3 545 1062 1203 
3 1062 881 1203 
3 1643 877 879 
3 819 973 881 
3 919 1425 1644 
3 1375 1608 1645 
3 680 866 1646 
3 876 1193 1195 
3 1201 181 24 
3 181 22 24 
3 821 181 1201 
3 182 181 1192 
3 1296 1178 1647 
3 283 1296 1174 
3 803 786 804 
3 1648 735 1649 
3 1632 1464 1161 
3 1466 498 1467 
3 1650 364 1651 
3 1490 375 1489 
3 588 590 1456 
3 1199 1198 1459 
3 1652 1239 1653 
3 108 172 1537 
3 241 240 1243 
3 116 256 1343 
3 1654 1655 1656 
3 1652 1173 1657 
3 1191 802 1497 
3 1533 375 1496 
3 1421 57 367 
3 375 377 1489 
3 646 1491 1658 
3 1641 261 1473 
3 343 108 107 
3 375 1532 1534 
3 171 491 1535 
3 452 1659 495 
3 494 1229 1357 
3 106 105 1466 
3 158 1004 1181 
3 1010 1239 1652 
3 1182 1660 1183 
3 1660 703 1183 
3 1484 1010 1009 
3 1588 1660 1182 
3 488 1144 180 
3 179 488 180 
3 1144 178 180 
3 178 494 179 
3 1661 1223 1225 
3 1486 1167 1662 
3 811 283 1663 
3 1193 891 1194 
3 386 1631 1205 
3 1187 1437 1495 
3 919 1004 1453 
3 1211 1198 1200 
3 1582 1664 1665 
3 1437 1187 1436 
3 1160 1432 1431 
3 1610 1666 1667 
3 1113 273 1154 
3 273 299 1154 
3 1524 1536 1554 
3 509 1113 1153 
3 1371 109 1465 
3 305 1536 306 
3 1536 950 1555 
3 1452 1199 1668 
3 110 109 1669 
3 990 1633 991 
3 1633 479 478 
3 1462 1633 1463 
3 1659 1254 1670 
3 604 109 1454 
3 469 1197 1367 
3 57 1421 58 
3 1369 1671 1440 
3 1672 514 1673 
3 51 273 1381 
3 587 178 1152 
3 178 1144 1152 
3 1110 1114 1289 
3 746 178 587 
3 1254 1253 1674 
3 743 1279 744 
3 581 371 1553 
3 1434 282 676 
3 83 1434 676 
3 964 1530 1433 
3 649 1119 1675 
3 248 1479 1089 
3 359 678 1676 
3 145 1069 1141 
3 144 183 1070 
3 145 144 1069 
3 1037 1140 1282 
3 1019 1037 1677 
3 463 464 186 
3 185 463 186 
3 473 30 464 
3 210 155 157 
3 1432 1160 1385 
3 1088 1089 1480 
3 1479 1306 1324 
3 1678 1679 1680 
3 69 73 70 
3 1681 860 1047 
3 280 185 1131 
3 32 280 1131 
3 1411 1316 1344 
3 1664 1682 1665 
3 1683 1581 1583 
3 184 1320 800 
3 1320 799 800 
3 1684 1180 799 
3 1180 276 799 
3 1051 1685 1686 
3 839 1687 1331 
3 1324 1306 1688 
3 1306 1092 1688 
3 683 1323 1092 
3 1323 1324 1688 
3 680 1129 1689 
3 1690 1691 1692 
3 1306 1093 1092 
3 655 1301 1305 
3 1304 655 1305 
3 509 511 1289 
3 1114 509 1289 
3 665 1113 1114 
3 1110 665 1114 
3 696 695 697 
3 651 1362 1693 
3 944 1027 1322 
3 1694 944 1322 
3 1321 1330 1694 
3 1695 1696 1697 
3 1173 1172 1657 
3 1698 884 1699 
3 33 1296 813 
3 1296 811 813 
3 1196 1248 1700 
3 1701 1702 1281 
3 1187 1435 1436 
3 1461 1187 368 
3 943 941 177 
3 941 20 177 
3 1544 614 1273 
3 614 1041 1273 
3 1055 765 1703 
3 765 767 1703 
3 1704 1705 1706 
3 1707 1678 1680 
3 1416 1271 1272 
3 1268 1416 1272 
3 97 645 1271 
3 1708 97 1709 
3 1710 1711 1712 
3 447 1713 1714 
3 788 1039 1236 
3 1039 792 1236 
3 1715 1268 1270 
3 1716 1715 1270 
3 723 1715 1716 
3 725 723 1716 
3 1717 1250 745 
3 120 1717 745 
3 1717 1718 1250 
3 1269 725 1716 
3 810 1212 1213 
3 1210 810 1213 
3 1620 869 1719 
3 1500 364 1650 
3 368 1187 1495 
3 366 608 1417 
3 366 1417 1419 
3 111 1720 1455 
3 322 712 1721 
3 1458 438 1722 
3 532 1723 1243 
3 1452 803 1199 
3 1724 1725 1726 
3 78 1457 79 
3 61 57 59 
3 57 365 367 
3 106 261 263 
3 869 999 1727 
3 1586 1585 1396 
3 1671 1728 1729 
3 1239 1730 1242 
3 148 147 1731 
3 1631 279 1217 
3 1331 945 1732 
3 1254 1659 481 
3 1216 1631 1217 
3 285 447 1663 
3 1438 1671 1733 
3 983 876 1734 
3 1194 1735 1195 
3 1326 1736 1737 
3 1212 810 1240 
3 810 809 1240 
3 1198 1191 338 
3 1191 336 338 
3 333 1207 1209 
3 1275 333 1209 
3 19 28 943 
3 1632 1161 1384 
3 1431 1632 1384 
3 1685 1428 1430 
3 1530 1632 1431 
3 426 1616 427 
3 897 1090 1738 
3 292 282 1128 
3 1174 1173 1185 
3 1173 1184 1185 
3 591 1156 1443 
3 1156 443 1443 
3 30 1197 1163 
3 81 646 1739 
3 81 1391 82 
3 1368 1740 1369 
3 31 30 1163 
3 13 1368 1741 
3 1641 1368 1370 
3 1452 1451 1327 
3 1742 1326 1743 
3 1736 1744 1737 
3 1736 1742 1745 
3 809 1730 1176 
3 1730 1239 1176 
3 281 292 1130 
3 292 1112 1130 
3 463 185 1112 
3 294 463 1112 
3 109 1371 1669 
3 350 1046 1746 
3 1588 1182 1150 
3 1149 1588 1150 
3 651 1194 1143 
3 883 651 1143 
3 275 274 1385 
3 274 1432 1385 
3 1095 155 1747 
3 1491 376 1658 
3 1391 81 1739 
3 42 1491 644 
3 959 542 1748 
3 1530 1431 1433 
3 617 1530 964 
3 1749 970 1750 
3 356 1264 1031 
3 391 704 1000 
3 704 50 1000 
3 644 237 612 
3 1269 1268 1272 
3 373 1491 378 
3 81 238 1751 
3 1752 1615 1753 
3 1368 1641 1741 
3 1754 1728 1755 
3 1254 1756 1255 
3 94 1708 95 
3 344 1368 13 
3 390 704 391 
3 1160 1431 1384 
3 99 1334 1757 
3 1533 99 1758 
3 507 1532 1758 
3 100 99 1533 
3 1345 1660 1346 
3 1660 1588 1346 
3 735 785 736 
3 1759 1760 1672 
3 900 1012 730 
3 1012 728 730 
3 1224 1223 1761 
3 743 742 1120 
3 1762 1310 1763 
3 117 1764 1389 
3 117 1416 1765 
3 1766 479 1767 
3 1319 276 1768 
3 1186 1616 1769 
3 424 1186 1769 
3 423 1186 424 
3 117 1389 1415 
3 103 1770 1771 
3 1616 426 1769 
3 1720 1454 1455 
3 426 424 1769 
3 1576 347 1772 
3 1046 860 1773 
3 990 187 607 
3 1764 117 119 
3 1254 481 1774 
3 1775 1255 1776 
3 1462 1720 1777 
3 1778 1779 1780 
3 1386 197 1781 
3 651 882 1362 
3 1534 1500 1782 
3 844 1783 1784 
3 345 1576 1593 
3 1785 844 1784 
3 341 340 74 
3 197 1786 1787 
3 645 239 1413 
3 272 931 930 
3 1273 620 1788 
3 1177 1296 33 
3 1025 1133 1308 
3 383 1025 1308 
3 1789 1479 1104 
3 367 366 369 
3 341 668 342 
3 1790 1483 1170 
3 1660 1345 5 
3 4 1660 5 
3 1345 3 5 
3 703 1660 4 
3 1040 1025 915 
3 544 840 1791 
3 1565 20 667 
3 1792 1580 1793 
3 635 637 1794 
3 1297 507 1334 
3 1332 1297 1334 
3 1310 1337 1763 
3 99 1276 1332 
3 625 873 874 
3 1795 1796 1797 
3 984 632 873 
3 1110 984 873 
3 956 614 1573 
3 136 344 1798 
3 1017 616 1799 
3 1479 248 1104 
3 331 898 1115 
3 812 331 1115 
3 1758 99 1757 
3 738 1778 739 
3 1085 1084 1800 
3 1084 1095 1096 
3 155 210 1747 
3 1084 1801 1802 
3 470 458 1803 
3 850 754 1804 
3 913 1083 1044 
3 1083 1315 1044 
3 854 952 1315 
3 1805 884 1806 
3 884 886 1807 
3 771 1808 1809 
3 1097 1643 538 
3 1643 1810 538 
3 833 877 1097 
3 877 1643 1097 
3 183 182 1070 
3 182 1069 1070 
3 1811 759 761 
3 1028 1469 1812 
3 1374 1379 1380 
3 1416 117 1415 
3 754 753 1813 
3 1814 1778 1780 
3 698 1100 1067 
3 193 698 1067 
3 1815 62 1816 
3 1817 1795 1797 
3 34 898 1818 
3 1172 1169 1171 
3 1819 1820 1059 
3 827 759 1821 
3 1411 880 1014 
3 54 1411 1014 
3 889 728 1013 
3 1015 889 1013 
3 1291 1208 56 
3 1208 54 56 
3 1690 1710 1712 
3 1808 208 1822 
3 1710 1377 1823 
3 1545 547 1548 
3 1470 1469 1511 
3 933 1412 66 
3 825 933 66 
3 141 946 1824 
3 1824 946 1825 
3 1223 1826 1827 
3 1285 1284 1828 
3 1829 1055 1703 
3 80 78 712 
3 239 725 1413 
3 1055 1118 1718 
3 542 544 1748 
3 1118 71 1250 
3 57 60 1100 
3 1829 610 1830 
3 1055 1829 1831 
3 1831 1832 1833 
3 928 1834 929 
3 999 928 931 
3 1214 36 265 
3 1835 1836 1837 
3 1007 997 1008 
3 997 1137 1008 
3 858 1529 1838 
3 1671 1740 1770 
3 103 165 104 
3 1834 1164 1839 
3 647 796 1840 
3 980 1841 1842 
3 1831 1829 1830 
3 842 1843 1844 
3 976 636 1049 
3 636 1202 1049 
3 546 674 1026 
3 1040 546 1026 
3 837 356 1033 
3 356 1031 1033 
3 253 243 671 
3 1632 1530 1383 
3 620 1274 1788 
3 1030 620 1041 
3 1030 1430 1460 
3 293 1359 1845 
3 1429 977 631 
3 1316 933 855 
3 934 924 1846 
3 1116 1407 1847 
3 1696 1699 1848 
3 1589 945 1849 
3 1017 916 1018 
3 1850 1851 1852 
3 228 486 921 
3 902 922 1853 
3 1061 1028 1812 
3 946 1061 1825 
3 1032 994 861 
3 694 117 1765 
3 1368 344 1854 
3 315 1087 316 
3 1628 1087 1855 
3 976 857 960 
3 925 924 934 
3 614 1544 1573 
3 830 1856 831 
3 857 1202 1529 
3 1137 1006 1008 
3 1137 858 1838 
3 1817 685 687 
3 1158 986 987 
3 399 1158 987 
3 403 769 768 
3 945 1331 1849 
3 1039 1378 972 
3 431 1039 972 
3 820 819 1057 
3 819 1056 1057 
3 1446 1664 1857 
3 1330 1321 1858 
3 1859 1860 1861 
3 1580 1862 1863 
3 1864 747 1865 
3 983 1735 749 
3 956 1017 1799 
3 1866 1581 1867 
3 625 874 914 
3 913 625 914 
3 1685 1430 1686 
3 1704 1685 1705 
3 1868 1685 1869 
3 767 1829 1703 
3 1492 571 1870 
3 929 272 930 
3 922 902 1871 
3 49 220 391 
3 1740 1368 1854 
3 1258 136 1798 
3 926 1330 1858 
3 1253 1258 1872 
3 695 1715 1873 
3 113 228 921 
3 1321 1694 1322 
3 1165 801 1277 
3 1874 884 1807 
3 1407 1875 1847 
3 259 1288 573 
3 388 551 672 
3 259 535 1288 
3 27 388 573 
3 943 583 942 
3 781 1001 788 
3 1001 1039 788 
3 787 388 781 
3 1876 789 791 
3 118 117 694 
3 1269 1716 1270 
3 226 225 1608 
3 1375 1612 1609 
3 1877 946 1878 
3 138 1879 139 
3 484 293 1845 
3 878 1819 879 
3 1311 1310 1599 
3 197 1386 1122 
3 1223 1661 1880 
3 1230 130 654 
3 0 1230 1231 
3 197 196 1786 
3 196 1631 1881 
3 881 1062 864 
3 1062 863 864 
3 877 833 1882 
3 190 196 198 
3 748 747 1602 
3 944 909 910 
3 255 944 910 
3 945 1589 1883 
3 1879 138 909 
3 904 1032 862 
3 1032 861 862 
3 1786 196 1884 
3 759 1811 1821 
3 136 1258 167 
3 1321 854 856 
3 1695 1697 1885 
3 1886 877 1882 
3 1887 1888 1889 
3 504 1666 1610 
3 763 357 838 
3 789 763 838 
3 636 635 1856 
3 1202 636 1856 
3 1890 1891 1892 
3 340 1124 1562 
3 1517 830 1516 
3 1090 782 1557 
3 1643 753 737 
3 1810 1643 737 
3 757 1515 1543 
3 417 1810 1814 
3 1820 1819 878 
3 1281 65 1287 
3 522 677 846 
3 1851 1539 1852 
3 1364 201 1893 
3 1736 1326 1742 
3 680 1177 1129 
3 1894 1895 1896 
3 143 142 1897 
3 1898 947 1899 
3 790 691 1900 
3 953 1350 979 
3 1452 1221 1222 
3 817 1622 1901 
3 1603 527 1902 
3 1891 1903 1892 
3 830 648 1904 
3 983 748 1905 
3 786 735 804 
3 735 802 804 
3 709 39 41 
3 808 709 41 
3 40 1717 808 
3 1717 395 808 
3 1581 222 1867 
3 245 247 1906 
3 1058 792 793 
3 1103 1058 793 
3 47 798 822 
3 824 47 822 
3 430 1103 793 
3 47 46 798 
3 1180 1684 893 
3 892 1180 893 
3 909 945 1883 
3 760 1843 1907 
3 503 1908 1909 
3 1279 743 1910 
3 1717 40 1911 
3 1718 1717 1911 
3 765 1055 1718 
3 40 765 1911 
3 691 790 1912 
3 591 1442 534 
3 1442 535 534 
3 527 1913 1914 
3 851 850 1915 
3 770 876 1916 
3 748 966 1905 
3 1059 754 1813 
3 879 1819 1917 
3 662 775 741 
3 740 662 741 
3 1664 1679 1857 
3 1718 1118 1250 
3 264 929 1918 
3 922 894 895 
3 754 514 1804 
3 1058 334 720 
3 351 1058 720 
3 719 718 1919 
3 718 887 1919 
3 1103 762 764 
3 1614 1103 764 
3 355 763 762 
3 887 1088 1919 
3 1125 1124 1920 
3 1921 1796 1922 
3 1923 527 1924 
3 1925 767 1926 
3 1927 1925 1926 
3 1418 1925 1927 
3 765 1718 1911 
3 1928 1418 1927 
3 471 448 727 
3 23 1118 1003 
3 1118 23 25 
3 13 1724 14 
3 726 471 727 
3 766 1928 1927 
3 471 470 448 
3 1929 169 1404 
3 1267 1756 1930 
3 821 1002 824 
3 927 839 1931 
3 797 1192 1932 
3 1933 245 1906 
3 23 1002 1201 
3 37 36 1215 
3 120 73 1256 
3 50 3 1934 
3 1565 244 1328 
3 589 1619 1935 
3 1296 1177 1178 
3 1191 1198 1211 
3 710 896 711 
3 896 713 711 
3 1237 1294 326 
3 936 165 1241 
3 395 393 710 
3 393 896 710 
3 1619 589 1936 
3 743 1603 1910 
3 559 282 675 
3 1434 1025 674 
3 311 1859 1861 
3 1286 1207 1937 
3 825 925 934 
3 971 20 1565 
3 1005 158 1938 
3 626 665 627 
3 1717 120 395 
3 389 922 1871 
3 1884 196 1881 
3 665 1110 627 
3 625 952 626 
3 1062 1509 1291 
3 1509 1208 1291 
3 922 896 1853 
3 1702 1701 1805 
3 356 355 1570 
3 848 902 903 
3 241 1246 1329 
3 715 714 716 
3 714 485 716 
3 1556 714 715 
3 1169 1172 1178 
3 939 588 1939 
3 1628 112 1621 
3 238 894 923 
3 726 1339 1940 
3 187 714 1556 
3 590 589 1935 
3 485 484 716 
3 402 668 1941 
3 1304 1179 1340 
3 681 1169 682 
3 1169 1177 682 
3 701 698 702 
3 698 700 702 
3 1100 698 701 
3 1177 680 682 
3 805 1942 1622 
3 700 610 702 
3 678 10 693 
3 1943 1944 1945 
3 1400 601 1946 
3 1947 1654 1656 
3 1093 1595 1394 
3 75 1093 1325 
3 601 1125 1948 
3 1428 635 1794 
3 1149 1949 652 
3 1949 650 652 
3 647 649 796 
3 1410 647 1840 
3 1006 630 624 
3 623 1006 624 
3 540 1051 1042 
3 833 1695 1885 
3 898 331 330 
3 973 633 974 
3 633 852 974 
3 3 288 1934 
3 3 704 4 
3 848 86 875 
3 955 905 628 
3 1246 1328 1329 
3 594 455 135 
3 529 1482 1575 
3 775 325 741 
3 1950 455 457 
3 135 455 1951 
3 1112 185 1130 
3 309 545 1204 
3 253 1292 1299 
3 613 253 1299 
3 517 240 613 
3 240 243 613 
3 639 974 1064 
3 783 1952 1953 
3 1218 1134 1954 
3 783 1098 1952 
3 614 956 1054 
3 955 1470 615 
3 563 562 597 
3 1955 601 603 
3 1279 691 1912 
3 1276 575 595 
3 557 1276 595 
3 578 577 558 
3 723 1 1227 
3 557 578 558 
3 852 379 1063 
3 379 640 1063 
3 1442 443 569 
3 1956 343 1504 
3 1957 334 911 
3 777 1957 911 
3 1862 1792 1958 
3 1230 126 131 
3 814 840 1959 
3 660 420 584 
3 28 660 584 
3 945 1694 1732 
3 148 1320 722 
3 1319 134 1293 
3 125 124 123 
3 1685 1051 1705 
3 1684 891 893 
3 386 887 888 
3 1445 1960 1961 
3 504 503 1962 
3 158 164 1539 
3 805 814 806 
3 1401 1398 1963 
3 887 386 385 
3 774 642 664 
3 1499 577 579 
3 289 1499 579 
3 578 575 576 
3 289 578 576 
3 1964 1075 1965 
3 578 289 579 
3 512 1532 513 
3 1532 507 513 
3 455 594 456 
3 816 685 1966 
3 1320 122 722 
3 692 1603 1967 
3 547 1015 548 
3 1015 560 548 
3 1810 1778 1814 
3 1795 1968 1969 
3 651 650 1970 
3 840 839 1791 
3 1666 1971 1972 
3 1973 1974 1975 
3 175 1122 1976 
3 1977 623 629 
3 267 1977 629 
3 1977 1006 623 
3 279 386 888 
3 889 1015 547 
3 1518 662 1210 
3 337 1518 1210 
3 1518 46 643 
3 662 1518 643 
3 336 797 1206 
3 977 889 619 
3 547 1545 890 
3 976 960 1978 
3 797 821 798 
3 857 728 960 
3 161 163 11 
3 678 1284 1676 
3 981 1979 1980 
3 1981 222 224 
3 1982 1981 224 
3 1982 1983 1984 
3 1983 842 1984 
3 1985 350 1986 
3 201 1985 1986 
3 1968 429 1987 
3 1969 1968 1987 
3 1759 1988 1989 
3 1252 1759 1989 
3 1971 1990 1972 
3 1990 1991 1972 
3 1811 1992 1993 
3 1821 1811 1993 
3 202 204 1086 
3 1085 202 1086 
3 1994 1821 1993 
3 1801 1084 204 
3 1052 1061 1995 
3 1061 1996 1995 
3 1895 1894 1997 
3 1405 1895 1997 
3 1451 1742 1743 
3 1327 1451 1743 
3 1888 1779 1998 
3 851 1888 1998 
3 1469 1426 1999 
3 1511 1469 1999 
3 2000 2001 2002 
3 2001 1892 2002 
3 2003 1994 2004 
3 1994 1992 2004 
3 245 74 2005 
3 1562 245 2005 
3 2006 2007 2008 
3 2007 2009 2008 
3 1913 526 758 
3 526 756 758 
3 757 1913 758 
3 1517 757 756 
3 1908 686 2010 
3 1909 1908 2010 
3 2011 2012 2013 
3 2003 2011 2013 
3 2014 2015 2016 
3 8 2014 2016 
3 2017 2018 2019 
3 2018 1073 2019 
3 1985 2020 2021 
3 1047 1985 2021 
3 1349 2022 2023 
3 2022 1974 2023 
3 2024 2025 2026 
3 286 2024 2026 
3 505 1968 2027 
3 1968 2028 2027 
3 2029 2030 2031 
3 1065 2029 2031 
3 2032 1964 2033 
3 2025 2032 2033 
3 1390 2034 2035 
3 2034 2036 2035 
3 2037 2038 2039 
3 2040 2037 2039 
3 2041 1887 2042 
3 1887 311 2042 
3 2030 1654 2043 
3 1654 1947 2043 
3 2029 1065 2044 
3 1964 2029 2044 
3 2045 1065 2046 
3 286 2045 2046 
3 2047 2037 2048 
3 2037 1841 2048 
3 1889 2049 2050 
3 2049 731 2050 
3 731 2049 2051 
3 2049 328 2051 
3 2037 2047 2052 
3 2038 2037 2052 
3 1898 2053 2054 
3 2053 2055 2054 
3 1841 2056 2057 
3 2056 2058 2057 
3 2053 1898 2059 
3 1512 2053 2059 
3 1821 1994 2060 
3 1994 2012 2060 
3 2061 1661 2062 
3 1867 2061 2062 
3 1023 2018 2063 
3 2018 2017 2063 
3 2064 2065 2066 
3 2065 2067 2066 
3 948 2068 2069 
3 2068 2003 2069 
3 2056 1841 2070 
3 982 2056 2070 
3 2071 1655 2072 
3 1966 2071 2072 
3 2073 1405 2074 
3 597 2073 2074 
3 2022 1655 2075 
3 1974 2022 2075 
3 1894 1654 2076 
3 1654 2030 2076 
3 2068 1826 2077 
3 2003 2068 2077 
3 2073 1974 2078 
3 1405 2073 2078 
3 2068 2055 2079 
3 1826 2068 2079 
3 2055 2068 2080 
3 2068 948 2080 
3 1073 2081 2082 
3 2081 1847 2082 
3 2012 2061 2083 
3 2061 2084 2083 
3 1076 2065 2085 
3 2065 564 2085 
3 2040 2034 2086 
3 2034 1979 2086 
3 1076 2032 2087 
3 2032 2067 2087 
3 2061 2012 2088 
3 1661 2061 2088 
3 2034 2040 2089 
3 2036 2034 2089 
3 2067 2032 2090 
3 2032 2025 2090 
3 2067 2091 2092 
3 2091 2093 2092 
3 77 2094 2095 
3 323 77 2095 
3 2053 2038 2096 
3 2055 2053 2096 
3 2097 2091 2098 
3 2091 2025 2098 
3 1964 2032 2099 
3 2032 1076 2099 
3 1992 2081 2100 
3 2081 1073 2100 
3 1947 2101 2102 
3 2101 1860 2102 
3 2081 1992 2103 
3 2104 2081 2103 
3 1947 2071 2105 
3 2071 2106 2105 
3 2073 2009 1975 
3 1974 2073 1975 
3 1445 1682 2107 
3 1446 1445 2107 
3 2108 1224 2109 
3 2058 2108 2109 
3 314 150 2110 
3 150 152 2110 
3 2111 1512 2112 
3 2113 2111 2112 
3 2111 2036 2114 
3 1512 2111 2114 
3 1707 982 1314 
3 1313 1707 1314 
3 1581 1683 2115 
3 222 1581 2115 
3 1149 652 1693 
3 1362 1149 1693 
3 2116 677 1967 
3 1603 2116 1967 
3 1894 2029 1965 
3 2029 1964 1965 
3 1400 2117 1980 
3 1979 1400 1980 
3 1898 2118 2119 
3 2118 2120 2119 
3 2071 1947 1656 
3 1655 2071 1656 
3 1851 1005 1938 
3 1539 1851 1938 
3 630 1410 1840 
3 796 630 1840 
3 1137 647 1410 
3 158 1539 1938 
3 1921 311 1861 
3 1860 1921 1861 
3 965 907 1897 
3 907 143 1897 
3 2011 1826 1880 
3 1661 2011 1880 
3 1643 879 1917 
3 753 1643 1917 
3 1654 1894 1896 
3 1655 1654 1896 
3 1430 1030 1686 
3 1030 1051 1686 
3 1331 1687 1849 
3 1687 1589 1849 
3 616 905 1799 
3 905 956 1799 
3 2037 2040 1842 
3 1841 2037 1842 
3 2118 1023 1837 
3 1836 2118 1837 
3 1023 2118 1899 
3 2118 1898 1899 
3 1826 2121 1827 
3 2121 2047 1827 
3 1597 1815 1816 
3 2122 1597 1816 
3 2123 1224 1761 
3 2047 2123 1761 
3 1705 1492 1706 
3 1492 1870 1706 
3 570 1196 1700 
3 2064 570 1700 
3 2124 1683 1583 
3 1582 2124 1583 
3 1584 405 406 
3 1579 1584 406 
3 1567 829 1550 
3 1428 1567 1550 
3 2038 2053 1514 
3 2053 1512 1514 
3 1529 647 1838 
3 647 1137 1838 
3 352 549 551 
3 17 2125 2126 
3 1990 543 1991 
3 571 570 2127 
3 295 284 590 
3 1184 588 1456 
3 1162 1464 31 
3 1147 83 84 
3 1568 1580 2128 
3 1428 1685 1868 
3 581 951 582 
3 951 290 582 
3 1156 591 1477 
3 1157 1156 1477 
3 321 1450 1157 
3 591 321 1477 
3 299 1161 1280 
3 1464 1162 746 
3 1977 565 566 
3 1019 1977 566 
3 1162 1229 1510 
3 1977 267 565 
3 560 501 561 
3 501 1127 561 
3 267 1138 565 
3 1015 501 560 
3 309 258 260 
3 259 549 537 
3 872 1335 380 
3 504 428 505 
3 825 1024 2129 
3 7 817 957 
3 2130 1877 962 
3 2130 1052 1995 
3 9 1614 1876 
3 1977 1019 1007 
3 1006 1977 1007 
3 549 1509 550 
3 1509 1062 550 
3 352 1275 1189 
3 1087 229 1855 
3 1536 1524 1523 
3 2131 981 2117 
3 2132 1792 2133 
3 223 1095 1982 
3 532 240 518 
3 240 517 518 
3 1298 1723 2134 
3 288 721 717 
3 2125 1792 2135 
3 1725 498 2136 
3 146 592 68 
3 1521 2137 499 
3 945 944 1694 
3 1284 678 521 
3 1886 522 1034 
3 1723 532 2134 
3 821 797 1932 
3 1792 2125 2133 
3 1002 821 1201 
3 802 735 1648 
3 527 526 1913 
3 151 1251 2138 
3 1515 830 829 
3 1141 1649 2139 
3 325 809 740 
3 83 280 32 
3 984 1110 511 
3 809 1175 1240 
3 1198 337 1425 
3 510 984 511 
3 1134 1218 1135 
3 2140 1010 1238 
3 515 1066 794 
3 977 976 1978 
3 1908 503 2028 
3 1971 504 1962 
3 1281 1702 2141 
3 1499 500 502 
3 1140 1499 502 
3 1095 1084 1802 
3 1127 501 500 
3 495 1521 496 
3 1521 453 496 
3 2137 1521 495 
3 1659 1670 2142 
3 951 482 483 
3 484 1845 961 
3 951 950 482 
3 454 453 493 
3 453 491 493 
3 468 489 490 
3 494 468 490 
3 171 487 489 
3 491 476 493 
3 450 1950 2143 
3 718 459 461 
3 1663 447 1714 
3 991 1633 475 
3 454 991 475 
3 205 592 593 
3 1141 63 271 
3 703 91 1183 
3 476 465 467 
3 592 205 1341 
3 492 476 467 
3 476 468 465 
3 589 588 939 
3 1659 452 478 
3 118 694 696 
3 132 1339 2144 
3 1631 386 279 
3 297 447 285 
3 821 824 822 
3 1237 1936 1295 
3 190 175 174 
3 175 1976 1606 
3 1160 299 275 
3 585 442 708 
3 709 395 710 
3 713 709 711 
3 848 875 849 
3 50 49 1000 
3 1251 2145 2146 
3 1087 1628 318 
3 1087 166 316 
3 766 40 39 
3 1925 1829 767 
3 305 1556 715 
3 294 293 485 
3 442 707 708 
3 354 1262 661 
3 610 1829 609 
3 238 389 236 
3 506 517 1503 
3 512 506 1503 
3 1500 1532 512 
3 361 1500 512 
3 1843 760 1844 
3 883 147 149 
3 147 1684 1731 
3 1234 86 1235 
3 1284 1886 1828 
3 524 1521 525 
3 283 285 1663 
3 1521 499 525 
3 652 651 1693 
3 2145 1251 1988 
3 105 108 524 
3 459 719 2147 
3 1339 451 1940 
3 683 458 460 
3 479 1633 1462 
3 2145 1945 2146 
3 533 2145 1988 
3 1543 1943 2148 
3 455 1950 1929 
3 1580 1792 1862 
3 1826 1223 1880 
3 677 692 1967 
3 1633 478 497 
3 475 1633 497 
3 1140 501 1016 
3 501 1015 1016 
3 481 1659 480 
3 1659 478 480 
3 479 1462 1777 
3 1767 479 1777 
3 527 1923 1902 
3 466 473 474 
3 1382 466 474 
3 492 466 1382 
3 1366 492 1382 
3 188 187 1366 
3 605 1720 1462 
3 147 891 1684 
3 368 366 1420 
3 721 122 717 
3 1602 1612 2149 
3 492 991 477 
3 991 454 477 
3 476 492 477 
3 950 1536 482 
3 461 450 2143 
3 277 718 1950 
3 134 1789 1104 
3 459 472 462 
3 1306 1479 1789 
3 688 470 1803 
3 1339 132 451 
3 447 1232 1713 
3 130 1230 131 
3 1619 1621 1629 
3 1320 1684 799 
3 2150 445 446 
3 460 459 2147 
3 1607 2150 446 
3 435 413 425 
3 440 439 445 
3 495 1659 2142 
3 1585 2150 1399 
3 660 421 420 
3 1124 2151 2152 
3 362 410 412 
3 413 362 412 
3 669 583 420 
3 362 361 410 
3 1398 1399 1963 
3 2150 1607 1401 
3 1398 1584 1519 
3 1450 321 640 
3 320 639 641 
3 1639 396 398 
3 1335 1639 398 
3 1639 2153 396 
3 1046 2154 1746 
3 42 44 378 
3 1491 42 378 
3 1604 397 396 
3 1264 1565 1328 
3 1246 1264 1328 
3 295 590 1935 
3 1619 295 1935 
3 848 903 1260 
3 86 848 1235 
3 588 1242 1939 
3 1730 1294 939 
3 205 62 1815 
3 734 1141 2139 
3 88 592 1342 
3 170 135 1951 
3 168 170 1951 
3 125 1319 1293 
3 126 125 1293 
3 288 1 1934 
3 1 50 1934 
3 1253 15 1674 
3 15 1670 1674 
3 2155 1786 1930 
3 1756 2155 1930 
3 699 47 823 
3 300 118 696 
3 1263 1442 2156 
3 455 1929 1404 
3 168 455 1404 
3 1950 450 1929 
3 450 169 1929 
3 1192 181 1932 
3 181 821 1932 
3 1216 1884 1881 
3 1631 1216 1881 
3 1267 1786 1884 
3 1216 1267 1884 
3 1781 197 1787 
3 1670 1254 1674 
3 1770 1740 1771 
3 1740 315 1771 
3 103 1728 1770 
3 1720 2157 1767 
3 2158 2130 1422 
3 1925 1418 1417 
3 608 1925 1417 
3 1829 1925 608 
3 607 304 606 
3 393 902 1853 
3 896 393 1853 
3 848 705 2159 
3 331 1681 332 
3 1359 951 1845 
3 515 514 1068 
3 1268 694 1765 
3 1416 1268 1765 
3 1268 695 694 
3 220 49 724 
3 239 220 725 
3 1839 264 1918 
3 264 272 929 
3 1488 1221 2160 
3 1736 1745 2161 
3 1736 1891 1744 
3 935 1164 2162 
3 1164 1214 1839 
3 1832 1831 1830 
3 610 1832 1830 
3 1002 1055 1831 
3 823 824 2163 
3 712 78 1721 
3 1212 1175 2164 
3 1483 1485 1170 
3 78 77 1721 
3 896 80 713 
3 322 709 712 
3 1766 1756 1774 
3 481 1766 1774 
3 479 1766 481 
3 1708 1414 95 
3 1414 93 95 
3 43 97 1708 
3 998 1448 1727 
3 999 998 1727 
3 769 1505 1630 
3 2165 836 1507 
3 1531 2165 1507 
3 1005 1451 1449 
3 1451 1453 1449 
3 1351 2014 1352 
3 2014 979 1352 
3 1389 1764 1372 
3 1764 1371 1372 
3 15 2137 1670 
3 2157 1720 111 
3 110 2157 111 
3 969 1626 2166 
3 1785 1105 1107 
3 1386 1781 2167 
3 1108 1785 1107 
3 1682 1664 2107 
3 1295 589 940 
3 93 1371 2168 
3 1096 223 1683 
3 771 225 1166 
3 1754 969 1733 
3 1586 61 59 
3 58 1586 59 
3 1194 651 1970 
3 2169 1586 2170 
3 1437 436 437 
3 1720 605 1454 
3 1683 223 2115 
3 1221 1488 2171 
3 1833 823 2163 
3 1129 34 1818 
3 882 651 883 
3 866 680 1689 
3 1116 1106 2172 
3 1528 1106 2173 
3 1221 1452 1327 
3 882 148 2174 
3 605 604 1454 
3 304 307 604 
3 498 1473 1467 
3 261 106 1466 
3 282 292 281 
3 109 604 1465 
3 986 343 1638 
3 343 1956 1638 
3 601 1948 1946 
3 1158 172 986 
3 1724 1641 1473 
3 498 1724 1473 
3 262 1623 263 
3 1623 106 263 
3 869 1727 1719 
3 870 869 1620 
3 1626 968 1627 
3 968 2153 1627 
3 39 322 324 
3 1194 891 1143 
3 2038 2121 2096 
3 223 222 2115 
3 2094 1928 2095 
3 365 1100 701 
3 699 823 2175 
3 165 936 935 
3 119 1386 1387 
3 1832 610 700 
3 1829 608 609 
3 898 34 1115 
3 982 981 1314 
3 1513 1512 2114 
3 1207 333 335 
3 1119 1120 2176 
3 1891 1736 843 
3 1092 1323 1688 
3 1093 75 2177 
3 1124 340 2151 
3 436 445 1601 
3 1517 1119 1551 
3 2178 751 2179 
3 751 2178 752 
3 1586 1396 2170 
3 1624 1438 1626 
3 1395 870 1620 
3 2153 1624 1627 
3 1711 1710 1823 
3 1552 1554 1555 
3 950 1552 1555 
3 94 1524 1554 
3 93 2168 2180 
3 94 93 2180 
3 453 1022 1535 
3 1022 171 1535 
3 492 1366 992 
3 1224 1866 1225 
3 1866 1661 1225 
3 1076 563 1077 
3 563 1405 1077 
3 1887 731 1053 
3 311 1887 1053 
3 2018 948 1074 
3 1073 2018 1074 
3 1577 1528 2173 
3 1105 1577 2173 
3 2018 1023 949 
3 948 2018 949 
3 2132 519 520 
3 2138 2132 520 
3 846 1820 847 
3 1820 878 847 
3 312 731 733 
3 1065 312 733 
3 597 562 598 
3 562 600 598 
3 1248 567 568 
3 564 1248 568 
3 1859 311 313 
3 2030 1859 313 
3 314 2024 287 
3 2024 286 287 
3 328 2181 215 
3 2181 213 215 
3 732 328 329 
3 286 732 329 
3 211 2001 212 
3 2001 2182 212 
3 1380 226 2183 
3 226 1608 2183 
3 1233 331 2184 
3 331 812 2184 
3 2185 1869 2186 
3 2187 2185 2186 
3 2188 216 218 
3 2189 2188 218 
3 1082 1379 2190 
3 1379 1762 2190 
3 1835 2191 2192 
3 2191 1531 2192 
3 1959 543 2193 
3 543 1990 2193 
3 2124 1085 1800 
3 1096 2124 1800 
3 1075 1894 1965 
3 991 492 992 
3 100 1533 1496 
3 2025 2024 2098 
3 2194 2195 2196 
3 2131 2194 2196 
3 1690 2197 2198 
3 2197 2131 2198 
3 1949 2199 1338 
3 1337 1949 1338 
3 2131 1691 2198 
3 1490 100 1496 
3 1724 13 1741 
3 1641 1724 1741 
3 1767 2157 2200 
3 266 998 272 
3 1439 262 1642 
3 1258 1798 1872 
3 695 654 653 
3 12 15 1253 
3 1164 935 937 
3 1728 103 102 
3 97 1271 2201 
3 645 1269 1271 
3 1164 1834 2162 
3 2202 1903 2203 
3 1728 102 2204 
3 203 156 1801 
3 1766 2155 1756 
3 1786 1267 1930 
3 187 304 607 
3 304 604 606 
3 2157 2205 2200 
3 1345 882 2174 
3 297 1339 726 
3 766 1927 1926 
3 928 938 1834 
3 1323 683 460 
3 1339 296 2144 
3 277 1950 457 
3 456 277 457 
3 471 461 462 
3 472 471 462 
3 458 470 472 
3 459 458 472 
3 443 439 444 
3 439 441 444 
3 1156 1607 1476 
3 443 1156 1476 
3 1607 439 1476 
3 434 362 435 
3 362 413 435 
3 364 362 434 
3 1949 1149 2199 
3 1687 841 2015 
3 2014 1687 2015 
3 1219 200 2206 
3 200 247 2206 
3 1969 2207 2208 
3 2207 1796 2208 
3 1690 966 2209 
3 966 967 2209 
3 1422 2007 2006 
3 340 1562 2005 
3 1696 1610 1667 
3 2210 1696 1667 
3 2211 1126 2212 
3 1955 2211 2212 
3 2213 2113 2112 
3 2111 602 2036 
3 962 1877 1592 
3 1877 1590 1592 
3 2214 572 2215 
3 1493 2214 2215 
3 2111 1151 2216 
3 602 2111 2216 
3 2116 1902 2217 
3 1066 2116 2217 
3 2025 2091 2090 
3 1513 2036 2089 
3 1108 2202 2218 
3 2202 2203 2218 
3 2191 1406 2219 
3 1531 2191 2219 
3 2220 1870 2221 
3 2127 2220 2221 
3 2222 1116 2104 
3 1811 2222 2104 
3 1860 1859 2102 
3 1076 1075 2099 
3 1852 1538 2223 
3 1538 1783 2223 
3 1582 2108 2224 
3 2108 1679 2224 
3 1866 2108 2225 
3 2108 1582 2225 
3 1593 1538 1594 
3 1538 1540 1594 
3 1779 1888 2041 
3 1888 1887 2041 
3 2108 1866 1224 
3 1664 1446 2107 
3 1224 2123 2109 
3 1679 2108 2058 
3 2197 1711 2226 
3 1707 2197 2226 
3 1711 1376 2227 
3 1376 1446 2227 
3 2067 2065 2087 
3 1847 1875 2082 
3 2228 1948 2229 
3 1920 2228 2229 
3 16 2230 2093 
3 2230 2231 2093 
3 2181 2232 2233 
3 2232 1672 2233 
3 1093 2177 2234 
3 1094 1093 2234 
3 1811 2104 2103 
3 1073 1072 2100 
3 1577 2235 2236 
3 1528 1577 2236 
3 2101 1947 2105 
3 1817 2101 2106 
3 1108 2222 2237 
3 2222 760 2237 
3 1973 2007 2238 
3 2007 234 2238 
3 1954 2239 2240 
3 2239 2241 2240 
3 2125 2187 2242 
3 2126 2125 2242 
3 2073 596 2009 
3 2106 2101 2105 
3 2232 2243 2244 
3 1804 2232 2244 
3 2191 1835 2017 
3 1875 2191 2017 
3 232 8 2245 
3 957 232 2245 
3 2191 1875 2246 
3 1406 2191 2246 
3 2061 222 2084 
3 827 2012 2083 
3 2243 2232 2247 
3 2232 2181 2247 
3 2036 1513 2114 
3 152 2248 2110 
3 1862 1943 1863 
3 1943 2128 1863 
3 1512 2213 2112 
3 1151 2111 2113 
3 349 2177 2249 
3 1933 349 2249 
3 2133 17 2250 
3 17 519 2250 
3 1983 2182 2251 
3 842 1983 2251 
3 2121 1826 2079 
3 1895 1405 2078 
3 2252 2178 2179 
3 835 2252 2179 
3 2248 2024 314 
3 2123 2058 2109 
3 2253 1635 1636 
3 1645 2253 1636 
3 2121 2055 2096 
3 16 2091 2097 
3 2024 2097 2098 
3 2091 2067 2090 
3 1302 2195 2254 
3 1303 1302 2254 
3 1072 1992 2100 
3 948 947 2080 
3 2009 1973 1975 
3 2011 2003 2077 
3 2255 2189 2256 
3 156 2255 2256 
3 335 1957 1937 
3 1957 1286 1937 
3 334 1957 335 
3 2257 156 2256 
3 750 1506 917 
3 1506 836 917 
3 516 1759 1673 
3 1759 1672 1673 
3 1745 1850 2161 
3 1850 843 2161 
3 1979 980 2086 
3 2084 827 2083 
3 1121 1488 2160 
3 1326 1121 2160 
3 1004 1484 1181 
3 1484 159 1181 
3 1735 1194 1970 
3 650 1735 1970 
3 1819 753 1917 
3 1895 1974 2075 
3 1974 1895 2078 
3 2022 1966 2072 
3 1066 1923 794 
3 1923 533 794 
3 2022 816 1966 
3 1655 2022 2072 
3 1542 1543 2148 
3 1945 1542 2148 
3 2012 2011 2088 
3 2012 827 2060 
3 1400 2194 2117 
3 2194 2131 2117 
3 1942 686 1901 
3 1622 1942 1901 
3 2181 1760 213 
3 1760 150 213 
3 1515 1568 2128 
3 1943 1515 2128 
3 1952 2252 1953 
3 2252 835 1953 
3 1859 1947 2102 
3 2101 1796 1860 
3 2055 2121 2079 
3 2030 2029 2076 
3 1890 2257 2258 
3 2257 2189 2258 
3 563 597 2074 
3 980 982 2070 
3 1948 2194 1946 
3 2194 1400 1946 
3 432 1920 2152 
3 2151 432 2152 
3 201 200 1893 
3 200 2241 1893 
3 1913 1542 1914 
3 1542 1924 1914 
3 2185 1868 1869 
3 812 1232 2184 
3 199 1933 1906 
3 247 199 1906 
3 2055 947 2054 
3 2003 1072 2069 
3 222 2061 1867 
3 1661 1866 2062 
3 2011 1661 2088 
3 564 563 2085 
3 2259 2213 2120 
3 750 2259 2120 
3 9 1876 791 
3 790 9 791 
3 1614 763 1876 
3 763 789 1876 
3 1796 2207 1922 
3 2207 1779 1922 
3 2260 770 1916 
3 983 2260 1916 
3 2202 760 1907 
3 2000 2202 1907 
3 1888 851 1915 
3 2243 1888 1915 
3 1678 1446 1857 
3 1679 1678 1857 
3 2243 2049 1889 
3 1841 2123 2048 
3 1874 1697 1848 
3 1699 1874 1848 
3 1835 1506 1836 
3 1506 750 1836 
3 2081 1116 1847 
3 1875 1073 2082 
3 1283 776 932 
3 359 1283 932 
3 933 934 1846 
3 855 933 1846 
3 1377 1376 1823 
3 1376 1711 1823 
3 759 842 1844 
3 760 759 1844 
3 1106 1105 2173 
3 1866 1867 2062 
3 1992 1994 1993 
3 2213 1512 2059 
3 1819 1059 1813 
3 753 1819 1813 
3 2058 2123 2057 
3 2121 2038 2052 
3 2101 1817 1797 
3 1796 2101 1797 
3 328 732 2051 
3 732 286 2046 
3 1120 526 1290 
3 526 528 1290 
3 743 1120 1290 
3 1603 743 528 
3 2261 1374 1380 
3 2182 210 212 
3 2207 1814 1780 
3 1779 2207 1780 
3 1764 110 1669 
3 1371 1764 1669 
3 2252 1954 2262 
3 2178 2252 2262 
3 1696 1698 1699 
3 1697 1696 1848 
3 1179 402 1941 
3 1340 1179 1941 
3 2197 1690 1712 
3 1711 2197 1712 
3 2017 1835 2063 
3 1248 2065 2064 
3 1024 1281 2141 
3 2263 1024 2141 
3 2056 1707 1680 
3 1679 2056 1680 
3 2230 2127 2264 
3 2231 2230 2264 
3 1749 116 1343 
3 970 1749 1343 
3 115 256 116 
3 570 2231 2264 
3 1682 2124 1665 
3 2124 1582 1665 
3 340 1373 2151 
3 1373 432 2151 
3 803 1211 1200 
3 1199 803 1200 
3 803 802 1211 
3 1920 1124 2152 
3 1178 1172 1647 
3 1172 1174 1647 
3 112 1228 1629 
3 1621 112 1629 
3 112 132 1228 
3 1174 1296 1647 
3 1652 1485 1011 
3 1485 1009 1011 
3 1545 1548 1549 
3 1546 1545 1549 
3 1879 1589 1590 
3 1877 1879 1590 
3 1525 1406 1560 
3 1423 1525 1560 
3 1539 164 1540 
3 164 345 1540 
3 10 359 360 
3 11 10 360 
3 246 1562 1563 
3 1126 246 1563 
3 2248 519 1494 
3 16 2248 1494 
3 1557 782 1558 
3 782 1526 1558 
3 164 1561 348 
3 345 164 348 
3 1790 681 1561 
3 164 1790 1561 
3 1526 2165 1527 
3 2165 1531 1527 
3 1501 904 1036 
3 904 1035 1036 
3 795 1501 1036 
3 630 795 1035 
3 1528 1559 1408 
3 1559 1406 1408 
3 1376 1635 1447 
3 1446 1376 1447 
3 599 1048 1427 
3 640 639 1063 
3 415 669 416 
3 1895 1655 1896 
3 433 438 434 
3 94 301 303 
3 43 94 303 
3 1439 1641 1370 
3 1369 1439 1370 
3 1048 1426 1427 
3 1634 1498 1424 
3 1423 1634 1424 
3 1151 2259 2265 
3 2259 2178 2265 
3 1400 2034 1390 
3 2045 2025 2033 
3 899 2020 1365 
3 1102 899 1365 
3 1359 293 1360 
3 293 1358 1360 
3 816 2022 1349 
3 1681 1047 2021 
3 2211 1135 1220 
3 1219 2211 1220 
3 1407 1116 2172 
3 1528 1407 2172 
3 1492 1043 1249 
3 1493 1492 1249 
3 1870 1704 1706 
3 570 572 1196 
3 1147 1632 1148 
3 1632 1383 1148 
3 731 1887 2050 
3 1887 1889 2050 
3 2266 1151 1136 
3 1135 2266 1136 
3 546 1040 1548 
3 547 546 1548 
3 1116 2222 1109 
3 2222 1108 1109 
3 1795 1817 2267 
3 2028 1795 2267 
3 899 1102 1099 
3 897 899 1099 
3 1760 1252 1564 
3 150 1760 1564 
3 599 562 567 
3 600 596 598 
3 947 2055 2080 
3 2067 2231 2066 
3 2047 2121 2052 
3 1596 407 409 
3 90 1596 409 
3 370 1490 374 
3 1490 373 374 
3 1490 370 372 
3 100 1490 372 
3 408 90 409 
3 2036 602 2035 
3 302 1552 370 
3 2158 599 1029 
3 763 355 357 
3 418 428 834 
3 1192 1191 1497 
3 1785 1108 2218 
3 143 907 358 
3 907 970 1637 
3 906 1749 1750 
3 1170 1169 2268 
3 1739 646 2269 
3 656 1304 1340 
3 2020 1364 1365 
3 326 1294 327 
3 1294 339 327 
3 75 1325 76 
3 161 11 360 
3 919 918 2270 
3 323 766 324 
3 766 39 324 
3 97 2201 1709 
3 94 43 1708 
3 1724 498 1725 
3 395 120 394 
3 395 709 808 
3 766 765 40 
3 645 612 611 
3 1740 1671 1369 
3 1671 1438 1440 
3 1754 999 2271 
3 729 858 901 
3 969 1754 2271 
3 238 237 1751 
3 237 646 1751 
3 266 1448 998 
3 645 97 96 
3 969 968 1626 
3 1733 969 2166 
3 61 1586 2169 
3 262 1439 2272 
3 646 81 1751 
3 1336 400 2273 
3 193 36 1569 
3 469 466 465 
3 1928 766 323 
3 1221 1326 2160 
3 321 320 641 
3 640 321 641 
3 843 1736 2161 
3 1302 1691 2195 
3 285 284 298 
3 1856 830 1904 
3 284 296 298 
3 1616 1615 1752 
3 269 1723 270 
3 1723 1298 270 
3 996 1723 269 
3 296 297 298 
3 706 349 2154 
3 860 688 1773 
3 217 1890 2258 
3 1519 1584 1579 
3 250 129 251 
3 129 249 251 
3 75 245 1933 
3 174 129 250 
3 2257 1890 211 
3 2001 1843 2182 
3 229 315 1079 
3 315 1078 1079 
3 315 1740 1078 
3 1740 1854 1078 
3 1052 2158 1029 
3 1422 2130 963 
3 2130 962 963 
3 1492 1051 1043 
3 1106 1528 2172 
3 877 1886 1034 
3 878 877 1034 
3 1886 1284 523 
3 1284 521 523 
3 522 1886 523 
3 677 522 521 
3 2197 1707 1313 
3 2131 2197 1313 
3 979 232 954 
3 232 234 954 
3 1707 2056 982 
3 1841 980 2070 
3 1072 948 2069 
3 1826 2011 2077 
3 816 233 958 
3 233 957 958 
3 980 2040 2086 
3 2034 1400 1979 
3 685 816 818 
3 686 685 818 
3 886 885 868 
3 885 777 868 
3 866 663 1646 
3 663 2274 1646 
3 827 1981 828 
3 1981 842 828 
3 1947 1859 2043 
3 2045 1964 2044 
3 2178 2259 752 
3 2259 750 752 
3 1921 2041 2042 
3 630 1006 1410 
3 689 447 690 
3 447 449 690 
3 686 1908 687 
3 1908 1817 687 
3 602 2266 603 
3 2266 1955 603 
3 599 2158 600 
3 2158 596 600 
3 1405 563 2074 
3 596 2073 597 
3 2065 1248 564 
3 563 1076 2085 
3 2222 1811 761 
3 760 2222 761 
3 538 1810 419 
3 1810 417 419 
3 1585 1399 1397 
3 1396 1585 1397 
3 1681 899 332 
3 899 330 332 
3 918 2164 1238 
3 2164 2140 1238 
3 228 229 1079 
3 344 228 1854 
3 200 1218 2241 
3 1908 2028 2267 
3 1808 1822 1809 
3 1085 1445 1961 
3 899 1681 2020 
3 208 2188 1822 
3 114 113 2275 
3 1903 2202 2000 
3 1341 205 1815 
3 1080 1597 2122 
3 203 771 2276 
3 2189 2257 2256 
3 1350 1589 1351 
3 1093 1307 1595 
3 190 174 250 
3 554 510 552 
3 681 680 2274 
3 145 205 593 
3 146 145 593 
3 1691 2277 1692 
3 1239 1010 2140 
3 1484 1483 159 
3 1483 1790 159 
3 1614 9 163 
3 172 1159 173 
3 2028 503 2027 
3 532 506 508 
3 1928 1615 2278 
3 1756 1254 1774 
3 1615 1617 2279 
3 1532 1500 1534 
3 1500 1650 1782 
3 1728 1671 1770 
3 1720 1767 1777 
3 2093 2231 2092 
3 77 1458 2094 
3 1752 1458 1722 
3 78 1391 1457 
3 110 1386 2167 
3 840 544 1959 
3 498 499 2136 
3 1439 1438 2272 
3 1624 1623 262 
3 376 1392 1658 
3 210 2257 211 
3 1624 2153 1625 
3 397 1335 398 
3 514 516 1673 
3 1957 885 2280 
3 1207 335 1937 
3 2117 981 1980 
3 1875 2017 2019 
3 142 965 1897 
3 785 1486 1662 
3 948 1072 1074 
3 1469 1028 1426 
3 1547 529 1824 
3 127 129 128 
3 129 131 128 
3 248 129 127 
3 168 133 231 
3 114 168 231 
3 170 168 114 
3 2164 1175 2140 
3 1175 1239 2140 
3 2025 2045 2026 
3 1065 732 2046 
3 349 350 1746 
3 2154 349 1746 
3 311 1921 2042 
3 2029 1894 2076 
3 2049 2181 328 
3 732 731 2051 
3 2281 62 64 
3 206 2281 64 
3 2257 210 157 
3 156 2257 157 
3 519 2248 152 
3 2248 314 2110 
3 1325 341 76 
3 341 74 76 
3 966 1690 1692 
3 2277 966 1692 
3 2230 16 18 
3 2126 2230 18 
3 2150 1585 1601 
3 445 2150 1601 
3 2259 1151 2113 
3 349 706 2177 
3 1421 1437 437 
3 58 1421 437 
3 440 445 2282 
3 1437 440 2282 
3 2283 1698 2210 
3 1666 2283 2210 
3 742 1675 2176 
3 1120 742 2176 
3 785 1142 736 
3 1142 734 736 
3 2253 772 2284 
3 202 2253 2284 
3 407 2285 1598 
3 1337 407 1598 
3 1596 1341 2285 
3 407 1596 2285 
3 748 1602 2149 
3 967 748 2149 
3 2283 543 2286 
3 2263 2283 2286 
3 17 16 1494 
3 865 867 1557 
3 1608 2261 2183 
3 1681 331 1233 
3 885 1701 2280 
3 1701 1286 2280 
3 1702 1805 1806 
3 1698 1702 1806 
3 2261 1609 1613 
3 1602 2261 1613 
3 1704 2220 2187 
3 2241 1218 2240 
3 2094 1458 1753 
3 1458 1752 1753 
3 783 782 1091 
3 2287 783 1091 
3 113 921 2275 
3 979 1350 1352 
3 1924 2145 2288 
3 2145 533 2288 
3 1687 2014 1351 
3 1589 1687 1351 
3 1891 1890 2289 
3 1744 1891 2289 
3 1577 2290 1578 
3 2290 1593 1578 
3 1735 1864 1865 
3 749 1735 1865 
3 202 1085 1961 
3 1960 202 1961 
3 1635 2253 1960 
3 2253 202 1960 
3 771 2255 2276 
3 2255 156 2276 
3 1859 2030 2043 
3 1634 1559 2235 
3 1822 2255 1809 
3 2255 771 1809 
3 2239 1098 1102 
3 1364 2239 1102 
3 918 1484 2270 
3 1484 1004 2270 
3 225 2253 1645 
3 1608 225 1645 
3 2164 918 920 
3 1644 2164 920 
3 1425 1212 1644 
3 1212 2164 1644 
3 921 170 2275 
3 170 114 2275 
3 519 2132 2250 
3 1983 210 2182 
3 1890 2001 211 
3 214 286 329 
3 1658 1392 2269 
3 1392 1739 2269 
3 681 1790 2268 
3 1790 1170 2268 
3 970 907 1750 
3 907 906 1750 
3 970 255 1637 
3 255 358 1637 
3 1650 376 1782 
3 376 1534 1782 
3 844 1785 2203 
3 1903 844 2203 
3 898 2291 1818 
3 2291 1129 1818 
3 1461 2278 2279 
3 1617 1461 2279 
3 2155 1781 1787 
3 1786 2155 1787 
3 2194 2228 2195 
3 1964 2045 2033 
3 2248 16 2097 
3 1375 1645 1636 
3 1834 1839 1918 
3 929 1834 1918 
3 1214 264 1839 
3 751 835 2179 
3 668 1373 342 
3 1373 340 342 
3 1073 1875 2019 
3 1985 1364 2020 
3 2168 1524 2180 
3 1524 94 2180 
3 307 1524 2168 
3 1371 307 2168 
3 1678 1711 2227 
3 850 2243 1915 
3 1438 1733 2166 
3 1626 1438 2166 
3 110 1764 1387 
3 1764 119 1387 
3 823 1832 2175 
3 1832 700 2175 
3 1134 1151 2265 
3 1954 1134 2262 
3 1193 876 1630 
3 1505 1193 1630 
3 2213 1898 2119 
3 1023 1835 1837 
3 981 980 1979 
3 1002 1833 2163 
3 824 1002 2163 
3 1002 1831 1833 
3 2178 1134 2265 
3 2040 980 1842 
3 1407 1406 2246 
3 1759 533 1988 
3 417 1969 1987 
3 1061 946 1996 
3 946 1877 1996 
3 1945 1944 2146 
3 1944 1251 2146 
3 113 1628 1855 
3 229 113 1855 
3 839 927 1791 
3 927 544 1791 
3 1843 842 2251 
3 1284 1283 1676 
3 1283 359 1676 
3 145 1141 271 
3 205 145 271 
3 1944 1862 1958 
3 2132 1944 1958 
3 1898 2213 2059 
3 1944 1943 1862 
3 2292 1971 1962 
3 503 2292 1962 
3 596 2006 2008 
3 760 2202 2237 
3 754 1059 1068 
3 514 754 1068 
3 1845 951 961 
3 951 483 961 
3 960 889 1978 
3 889 977 1978 
3 223 1982 224 
3 1095 1983 1982 
3 2045 286 2026 
3 428 1968 505 
3 1968 1795 2028 
3 503 505 2027 
3 2283 1666 1991 
3 543 2283 1991 
3 2185 2125 2135 
3 1793 2185 2135 
3 1580 1567 1793 
3 1567 2185 1793 
3 1376 1375 1635 
3 214 150 314 
3 1973 1349 2023 
3 2189 217 2258 
3 544 543 1959 
3 1531 1506 2192 
3 75 1933 2249 
3 2125 17 2133 
3 1542 2145 1924 
3 1090 2287 1091 
3 2009 596 2008 
3 757 1542 1913 
3 1697 2293 1885 
3 2293 833 1885 
3 637 1429 1794 
3 1429 1428 1794 
3 245 75 74 
3 1992 1072 2004 
3 2228 2194 1948 
3 827 1821 2060 
3 2177 75 2249 
3 199 349 1933 
3 432 2228 1920 
3 1948 1125 2229 
3 2207 417 1814 
3 2145 1542 1945 
3 1877 2130 1996 
3 693 10 1348 
3 10 1900 1348 
3 1679 1664 2224 
3 1513 2040 2039 
3 1603 692 1910 
3 692 1279 1910 
3 1942 2292 1909 
3 2292 503 1909 
3 1119 1517 756 
3 449 688 690 
3 246 245 1562 
3 74 340 2005 
3 2214 1511 1999 
3 1843 2001 2000 
3 542 1024 2263 
3 543 542 2286 
3 2001 1890 1892 
3 1903 2000 2002 
3 1589 1879 1883 
3 1879 909 1883 
3 1024 542 2129 
3 542 959 2129 
3 1223 2047 1761 
3 1051 1492 1705 
3 839 1330 1931 
3 1330 926 1931 
3 966 2260 1905 
3 2260 983 1905 
3 1702 2283 2263 
3 1981 827 2084 
3 2007 1973 2009 
3 2266 602 2216 
3 2116 1603 1902 
3 1559 1528 2236 
3 706 1094 2234 
3 2049 2243 2247 
3 2231 2067 2092 
3 916 382 1018 
3 382 616 1018 
3 1017 915 916 
3 2012 1994 2013 
3 1017 1040 915 
3 1943 1945 2148 
3 1446 1678 2227 
3 1539 1538 1852 
3 1072 2003 2004 
3 1125 1955 2212 
3 2181 2049 2247 
3 1762 1080 2190 
3 850 1804 2244 
3 2293 1886 1882 
3 833 2293 1882 
3 2291 1090 867 
3 866 2291 867 
3 6 8 2016 
3 232 2014 8 
3 2293 1285 1828 
3 1886 2293 1828 
3 2015 6 2016 
3 2293 1874 1285 
3 2128 1580 1863 
3 1513 2038 1514 
3 7 957 2245 
3 1835 1023 2063 
3 1274 1544 1788 
3 1544 1273 1788 
3 1283 1874 1807 
3 886 1283 1807 
3 1098 2239 1952 
3 2239 2252 1952 
3 907 965 975 
3 908 907 975 
3 1432 906 908 
3 964 1432 908 
3 274 1749 906 
3 1432 274 906 
3 1824 529 2294 
3 529 531 2294 
3 773 1165 1277 
3 775 773 1277 
3 924 926 1858 
3 1321 924 1858 
3 62 2122 1816 
3 1106 1108 1107 
3 1061 1547 1825 
3 1547 1824 1825 
3 1547 1061 1812 
3 1469 1547 1812 
3 2232 514 1672 
3 1760 2181 2233 
3 735 734 2139 
3 1649 735 2139 
3 1141 1069 1649 
3 1069 1648 1649 
3 182 802 1648 
3 1069 182 1648 
3 876 983 1916 
3 2202 1108 2237 
3 514 2232 1804 
3 2243 850 2244 
3 2295 688 1803 
3 458 2295 1803 
3 688 2295 1773 
3 2295 1046 1773 
3 423 414 1474 
3 414 1468 1474 
3 1801 155 1802 
3 155 1095 1802 
3 544 927 1748 
3 927 959 1748 
3 2188 2255 1822 
3 1576 1634 2235 
3 668 1340 1941 
3 1796 1795 2208 
3 1392 1391 1739 
3 646 1658 2269 
3 2281 1080 2122 
3 62 2281 2122 
3 1540 345 1594 
3 1326 1327 1743 
3 8 7 2245 
3 233 232 957 
3 1597 1762 1763 
3 1337 1597 1763 
3 1334 507 1757 
3 507 1758 1757 
3 2295 706 2154 
3 1046 2295 2154 
3 234 233 2238 
3 2252 2239 1954 
3 1218 1954 2240 
3 93 1414 1389 
3 952 115 1111 
3 626 952 1111 
3 85 90 92 
3 86 85 92 
3 42 96 98 
3 43 42 98 
3 88 85 89 
3 85 87 89 
3 72 68 70 
3 73 72 70 
3 2296 2281 206 
3 1142 2296 206 
3 274 51 53 
3 1749 274 53 
3 47 38 45 
3 48 47 45 
3 47 699 38 
3 52 1749 53 
3 208 2296 1167 
3 2296 1142 1167 
3 2281 2296 207 
3 2296 208 207 
3 142 141 531 
3 141 1824 2294 
3 507 1297 508 
3 1297 532 508 
3 1461 1418 2278 
3 1418 1928 2278 
3 872 554 552 
3 399 872 552 
3 553 984 554 
3 984 510 554 
3 1442 569 2156 
3 535 1442 1263 
3 769 403 2297 
3 1584 1402 1478 
3 1450 1584 1478 
3 1584 1398 1402 
3 1398 1401 1402 
3 1378 971 972 
3 971 355 431 
3 2239 1364 2241 
3 1783 2290 1784 
3 2290 1785 1784 
3 1538 2290 1783 
3 1850 1852 2223 
3 2220 1704 1870 
3 1525 1531 2219 
3 1744 1121 1737 
3 1121 1326 1737 
3 1195 1735 1734 
3 1735 983 1734 
3 811 1663 1714 
3 1713 811 1714 
3 1125 1920 2229 
3 2024 2248 2097 
3 1485 1652 1657 
3 1172 1485 1657 
3 1874 2293 1697 
3 2241 1364 1893 
3 1694 1330 1732 
3 1330 1331 1732 
3 1727 1448 1719 
3 1448 1620 1719 
3 1678 1707 2226 
3 2056 1679 2058 
3 1302 768 2298 
3 2277 1302 2298 
3 2260 966 2277 
3 768 2260 2298 
3 1581 1866 2225 
3 1783 1850 2223 
3 1664 1582 2224 
3 2123 1841 2057 
3 1870 571 2221 
3 2230 2220 2127 
3 1167 1142 1662 
3 414 421 1468 
3 421 707 1468 
3 421 660 707 
3 2177 706 2234 
3 1142 785 1662 
3 663 346 2274 
3 1190 289 291 
3 346 681 2274 
3 2020 1681 2021 
3 1046 1985 1047 
3 795 649 1675 
3 1359 1190 291 
3 366 365 608 
3 290 951 1359 
3 721 288 1361 
3 1345 721 1361 
3 1039 1001 1378 
3 1001 21 1378 
3 1612 1375 1377 
3 1311 747 1864 
3 1182 408 1150 
3 408 407 2199 
3 670 669 252 
3 1472 411 1618 
3 403 402 2297 
3 1577 1576 2235 
3 94 1554 301 
3 414 426 415 
3 433 1752 1722 
3 438 433 1722 
3 1552 302 301 
3 433 1616 1752 
3 892 1193 1505 
3 42 612 96 
3 1781 2157 2167 
3 2157 110 2167 
3 742 795 1675 
3 1396 1448 2170 
3 1448 2169 2170 
3 58 436 1587 
3 436 1585 1587 
3 1567 1428 1868 
3 2185 1567 1868 
3 778 638 1071 
3 638 881 1071 
3 2261 1608 1609 
3 884 1698 1806 
3 2261 1380 2183 
3 881 973 1071 
3 648 1517 1551 
3 649 648 1551 
3 686 817 1901 
3 817 7 1622 
3 1604 396 2299 
3 2300 1604 2299 
3 2153 968 2300 
3 968 1605 2300 
3 968 870 1605 
3 870 1519 1605 
3 1122 175 1123 
3 175 198 1123 
3 1354 1444 1355 
3 1444 790 1355 
3 1353 1444 1354 
3 198 197 1123 
3 1628 1621 319 
3 318 1628 319 
3 317 166 318 
3 1621 317 319 
3 790 1444 1912 
3 1444 1279 1912 
3 151 150 1564 
3 744 1444 1571 
3 1444 1501 1571 
3 2261 1602 1591 
3 1374 2261 1591 
3 1879 1877 1878 
3 139 1879 1878 
3 1017 1573 1574 
3 1546 1017 1574 
3 1597 1341 1815 
3 2047 1223 1827 
3 1610 1695 1611 
3 1695 428 1611 
3 596 2158 2006 
3 1696 1695 1610 
3 663 1634 1772 
3 347 663 1772 
3 1186 423 1600 
3 1187 1186 1600 
3 782 2165 1526 
3 1526 865 1558 
3 1515 1943 1543 
3 685 2071 1966 
3 1942 1909 2010 
3 222 1981 2084 
3 150 214 213 
3 1515 829 1568 
3 1582 1581 2225 
3 2290 1538 1593 
3 1482 955 1575 
3 955 628 1575 
3 1778 851 1998 
3 1048 2214 1426 
3 1444 1353 1502 
3 1501 1444 1502 
3 1028 599 1427 
3 1412 933 1541 
3 933 1316 1541 
3 1426 2214 1999 
3 2214 539 1511 
3 1529 1202 1508 
3 1202 648 1508 
3 2203 1785 2218 
3 1875 1407 2246 
3 1923 1066 2217 
3 2091 16 2093 
3 1506 1835 2192 
3 1406 1525 2219 
3 2231 2064 2066 
3 1974 1973 2023 
3 1121 216 1487 
3 1488 1121 1487 
3 1498 865 1424 
3 865 1525 1423 
3 1547 1469 1471 
3 1482 1547 1471 
3 1515 757 1516 
3 757 1517 1516 
3 663 866 1498 
3 1634 663 1498 
3 1430 1429 1460 
3 1429 631 1460 
3 1199 919 1668 
3 919 1453 1668 
3 1425 919 1459 
3 919 1199 1459 
3 1453 1452 1668 
3 919 1644 920 
3 844 1850 1783 
3 2213 2259 2113 
3 571 1493 2215 
3 602 1390 2035 
3 1350 953 962 
3 1151 2266 2216 
3 2040 1513 2089 
3 2290 1577 1105 
3 1785 2290 1105 
3 1595 657 1394 
3 657 1325 1394 
3 1393 1392 1651 
3 1392 1650 1651 
3 1392 376 1650 
3 364 1393 1651 
3 924 855 1846 
3 1710 1612 1377 
3 650 1949 1312 
3 1949 1310 1312 
3 1992 1811 2103 
3 1116 2081 2104 
3 500 1499 1309 
3 1499 289 1309 
3 677 2116 846 
3 2116 1820 846 
3 2228 432 1303 
3 2195 2228 2254 
3 1090 897 2287 
3 897 1098 2287 
3 1085 2124 1682 
3 1749 52 116 
3 436 1437 2282 
3 1134 2178 2262 
3 854 1315 1317 
3 855 854 1317 
3 619 1545 1274 
3 1545 1544 1274 
3 2214 1048 572 
3 1590 1350 1592 
3 535 1263 1278 
3 1288 535 1278 
3 1924 527 1914 
3 320 638 778 
3 780 1614 1050 
3 1614 163 1050 
3 779 1103 780 
3 1103 1614 780 
3 334 1058 779 
3 1058 1103 779 
3 773 1214 1165 
3 531 141 2294 
3 786 803 1222 
3 803 1452 1222 
3 750 2118 1836 
3 571 2127 2221 
3 539 2214 1493 
3 572 571 2215 
3 1173 1652 1653 
3 1242 1173 1653 
3 1170 1485 1171 
3 1485 1172 1171 
3 1129 1177 35 
3 1177 33 35 
3 2281 207 1117 
3 1080 2281 1117 
3 2211 2266 1135 
3 1973 233 1349 
3 947 1023 1899 
3 2071 685 2106 
3 1666 2210 1667 
3 2211 246 1126 
3 226 1379 1082 
3 217 2189 218 
3 1412 1045 67 
3 66 1412 67 
3 54 153 1045 
3 1412 54 1045 
3 706 683 1094 
3 683 1092 1094 
3 2124 1096 1683 
3 1248 2064 1700 
3 1760 1759 1252 
3 1988 1251 1989 
3 38 699 1101 
3 699 1569 1101 
3 2231 570 2064 
3 539 1493 1249 
3 648 1202 1904 
3 1202 1856 1904 
3 622 630 1035 
3 2235 1559 2236 
3 835 783 1953 
3 2120 2213 2119 
3 852 1063 1064 
3 974 852 1064 
3 835 2165 784 
3 2165 782 784 
3 1820 1066 1060 
3 1059 1820 1060 
3 1796 1921 1860 
3 947 1898 2054 
3 1691 1690 2198 
3 2195 1691 2196 
3 2130 2158 1052 
3 203 1801 204 
3 7 6 832 
3 6 815 832 
3 10 9 1900 
3 9 790 1900 
3 1991 1666 1972 
3 2228 1303 2254 
3 685 1817 2106 
3 2065 1076 2087 
3 1027 944 257 
3 944 255 257 
3 666 244 667 
3 244 1565 667 
3 1030 1041 1042 
3 1051 1030 1042 
3 1429 637 978 
3 977 1429 978 
3 2123 2047 2048 
3 2038 1513 2039 
3 956 955 1054 
3 955 615 1054 
3 1711 1678 2226 
3 1702 2263 2141 
3 953 2007 1422 
3 967 1710 2209 
3 1710 1690 2209 
3 1612 1710 967 
3 2165 835 836 
3 247 246 2206 
3 417 2207 1969 
3 428 1695 834 
3 1695 833 834 
3 1795 1969 2208 
3 2118 750 2120 
3 806 2292 807 
3 2292 1942 807 
3 814 1990 806 
3 1990 2292 806 
3 850 738 755 
3 738 753 755 
3 1856 635 831 
3 635 829 831 
3 1903 1891 845 
3 1891 843 845 
3 1850 844 843 
3 844 1903 845 
3 562 564 568 
3 1232 447 689 
3 855 924 856 
3 924 1321 856 
3 1981 1982 1984 
3 2182 1843 2251 
3 840 814 815 
3 6 840 815 
3 1851 1850 1745 
3 1742 1851 1745 
3 1075 1405 1997 
3 1451 1851 1742 
3 65 1024 826 
3 66 65 826 
3 1888 2243 1889 
3 1921 1779 2041 
3 1843 2000 1907 
3 1779 1778 1998 
3 2253 225 772 
3 225 771 772 
3 1902 1923 2217 
3 1820 2116 1066 
3 2291 866 1689 
3 1129 2291 1689 
3 2260 768 770 
3 1779 1921 1922 
3 1810 737 739 
3 1778 1810 739 
3 706 2295 684 
3 2295 458 684 
3 656 668 659 
3 658 656 659 
3 657 656 658 
3 1325 657 658 
3 653 300 697 
3 300 696 697 
3 692 677 679 
3 693 692 679 
3 470 688 449 
3 448 470 449 
3 1994 2003 2013 
3 1218 200 1219 
3 1288 673 574 
3 573 1288 574 
3 1288 1262 673 
3 1262 354 673 
3 905 616 618 
3 530 905 618 
3 1126 1125 2212 
3 2266 2211 1955 
3 142 530 993 
3 965 142 993 
3 631 977 621 
3 977 619 621 
3 615 1470 541 
3 1470 539 541 
3 2220 2126 2242 
3 2158 1422 2006 
3 557 556 1139 
3 556 565 1139 
3 1075 1964 2099 
3 1894 1075 1997 
3 1944 2132 2138 
3 1251 1944 2138 
3 308 534 536 
3 258 308 536 
3 1687 839 841 
3 1149 408 2199 
3 836 751 917 
3 533 1759 516 
3 199 201 1986 
3 1968 428 429 
3 1616 433 427 
3 433 425 427 
3 413 415 1475 
3 425 413 1475 
3 433 435 425 
3 432 1373 404 
3 1373 402 404 
3 397 1604 1579 
3 1604 1519 1579 
3 842 1981 1984 
3 1985 1046 350 
3 1506 1531 1507 
3 1851 1451 1005 
3 1576 345 347 
3 1634 1576 1772 
3 1996 2130 1995 
3 1084 1096 1800 
3 1383 1132 1148 
3 2030 312 2031 
3 1892 1903 2002 
3 1559 1423 1560 
3 2292 1990 1971 
3 1251 1252 1989 
3 264 265 195 
3 194 264 195 
3 264 1214 265 
3 1666 504 1971 
3 200 199 247 
3 246 1219 2206 
3 941 243 666 
3 20 941 666 
3 2007 953 234 
3 233 1973 2238 
3 236 389 221 
3 389 219 221 
3 1808 771 1166 
3 227 1808 1166 
3 1081 1808 227 
3 226 1081 227 
3 210 1983 1747 
3 1983 1095 1747 
3 2255 2188 2189 
3 1655 1895 2075 
3 350 199 1986 
3 1364 1985 201 
3 2132 2133 2250 
3 1124 1126 1563 
3 312 2030 313 
3 214 328 215 
3 1790 164 160 
3 159 1790 160 
3 1286 1701 1287 
3 1701 1281 1287 
3 139 141 140 
3 141 143 140 
3 1207 1286 154 
3 153 1207 154 
3 1208 1207 153 
3 54 1208 153 
3 1167 1486 1168 
3 1486 2188 1168 
3 2187 2220 2242 
3 2220 2230 2126 
3 981 2131 1313 
3 2014 232 979 
3 533 1923 2288 
3 841 6 2015 
3 1081 207 209 
3 1808 1081 209 
3 885 884 1805 
3 1701 885 1805 
3 705 390 2159 
3 390 902 2159 
3 1318 1307 2301 
3 1789 1318 2301 
3 2199 407 1338 
3 1310 1949 1337 
3 1597 1080 1762 
3 1792 2132 1958 
3 2137 15 1725 
3 1635 1445 1447 
3 1445 1085 1682 
3 204 1084 1086 
3 1990 814 2193 
3 1040 1546 1549 
3 2260 2277 2298 
3 926 927 1931 
3 1766 1767 2200 
3 2205 1766 2200 
3 2155 1766 2205 
3 1781 2155 2205 
3 1065 2045 2044 
3 2188 1486 216 
3 418 417 429 
3 429 417 1987 
3 1609 1612 1613 
3 1501 742 1571 
3 542 2263 2286 
3 1435 1187 1600 
3 15 14 1726 
3 1725 15 1726 
3 1243 1723 1245 
3 1723 1244 1245 
3 928 1755 2204 
3 102 928 2204 
3 2291 898 1738 
3 1090 2291 1738 
3 292 1128 2302 
3 1358 292 2302 
3 1468 1347 1474 
3 156 155 1801 
3 928 999 1755 
3 115 854 2303 
3 854 1027 2303 
3 946 139 1878 
3 1017 956 1573 
3 747 749 1865 
3 1445 1635 1960 
3 1593 1576 1578 
3 1735 650 1864 
3 669 1472 1618 
3 252 669 1618 
3 669 415 1472 
3 650 1311 1864 
3 1301 1318 1768 
3 1318 1319 1768 
3 402 1179 2297 
3 1179 769 2297 
3 261 1641 1642 
3 262 261 1642 
3 106 1623 1504 
3 1623 1956 1504 
3 569 585 2156 
3 585 1263 2156 
3 699 698 1569 
3 698 193 1569 
3 1778 738 851 
3 1004 919 2270 
3 814 1959 2193 
3 1127 1358 2302 
3 1615 1928 2094 
3 1942 805 807 
3 1438 1624 2272 
3 1624 262 2272 
3 156 203 2276 
3 217 1744 2289 
3 266 61 2169 
3 1448 266 2169 
3 1928 323 2095 
3 2127 570 2264 
3 171 1022 1537 
3 1022 108 1537 
3 1488 785 2171 
3 785 786 2171 
3 1874 1283 1285 
3 959 825 2129 
3 1691 1302 2277 
3 1900 691 1348 
3 1294 1295 940 
3 939 1294 940 
3 938 935 2162 
3 1834 938 2162 
3 2201 1414 1709 
3 1414 1708 1709 
3 1271 1416 2201 
3 1416 1414 2201 
3 1890 217 2289 
3 217 1121 1744 
3 1239 1242 1653 
3 1169 681 2268 
3 1685 1704 1869 
3 151 2138 520 
3 295 132 2144 
3 296 295 2144 
3 1323 460 2147 
3 719 1323 2147 
3 1684 1320 1731 
3 1320 148 1731 
3 1242 1730 1939 
3 1730 939 1939 
3 903 392 1260 
3 392 1235 1260 
3 1670 2137 2142 
3 2137 495 2142 
3 1399 2150 1963 
3 2150 1401 1963 
3 875 703 849 
3 703 705 849 
3 812 811 1713 
3 1232 812 1713 
3 451 450 1940 
3 450 726 1940 
3 1936 589 1295 
3 317 1619 1936 
3 1237 317 1936 
3 2274 680 1646 
3 1792 1793 2135 
3 2137 1725 2136 
3 499 2137 2136 
3 300 176 1606 
3 1976 300 1606 
3 118 300 1976 
3 1122 118 1976 
3 1698 1696 2210 
3 428 504 1611 
3 1297 1298 2134 
3 532 1297 2134 
3 1923 1924 2288 
3 1817 1908 2267 
3 686 1942 2010 
3 1869 1704 2186 
3 2188 208 1168 
3 867 1090 1557 
3 1232 1233 2184 
3 718 461 2143 
3 1950 718 2143 
3 487 171 173 
3 1159 487 173 
3 2125 2185 2187 
3 767 766 1926 
3 1956 1623 1640 
3 1623 1625 1640 
3 1639 1956 1640 
3 2153 1639 1625 
3 1956 1639 2273 
3 1639 1336 2273 
3 390 389 1871 
3 902 390 1871 
3 163 9 11 
3 1461 1617 1188 
3 1187 1461 1188 
3 1081 1080 1117 
3 246 2211 1219 
3 1125 601 1955 
3 999 869 2271 
3 869 969 2271 
3 2157 1781 2205 
3 1010 1652 1011 
3 148 721 2174 
3 721 1345 2174 
3 1728 1754 1729 
3 1754 1733 1729 
3 1616 1186 1617 
3 1615 2094 1753 
3 2278 1615 2279 
3 896 922 895 
3 1755 1728 2204 
3 938 928 102 
3 898 897 1738 
3 1098 783 2287 
3 1083 1316 1315 
3 312 1065 2031 
3 1374 1311 1599 
3 203 202 2284 
3 1691 2131 2196 
3 876 1195 1734 
3 1080 1082 2190 
3 2285 1597 1598 
3 772 203 2284 
3 1675 1119 2176 
3 1379 1310 1762 
3 1324 1088 1480 
3 274 273 51 
3 1341 1597 2285 
3 1306 1789 2301 
3 1301 1180 1305 
3 1180 1179 1304 
3 52 626 1111 
3 85 1596 90 
3 410 361 1292 
3 361 517 1292 
3 1332 1276 1333 
3 1276 557 1333 
3 1318 655 1307 
3 902 848 2159 
3 872 399 401 
3 1336 872 401 
3 400 1956 2273 
3 1639 1335 1336 
3 655 1318 1301 
3 413 411 1472 
3 999 1754 1755 
3 952 854 115 
3 101 580 1300 
3 580 1276 1300 
3 256 115 2303 
3 854 1321 1027 
3 885 1957 777 
3 776 886 868 
3 1453 1004 1449 
3 138 255 910 
3 1307 1306 2301 
3 134 1318 1789 
3 1140 1012 1282 
3 1012 900 1282 
3 208 1808 209 
3 455 168 1951 
3 125 276 1319 
3 1286 1957 2280 
3 860 1681 1233 
3 1612 967 2149 
3 2283 1702 1698 
3 884 1874 1699 
3 1798 12 1872 
3 12 1253 1872 
3 276 1301 1768 
3 344 12 1798 
3 1027 256 2303 
3 371 581 1572 
3 1128 1127 2302 
3 293 292 1358 
3 997 1019 1677 
3 900 997 1677 
3 1247 1775 1266 
3 1775 1267 1266 
3 443 1442 1443 
3 30 473 1197 
3 1723 996 1244 
3 241 1243 1245 
3 994 1264 1265 
3 996 994 1265 
3 1298 267 270 
3 1775 1247 1261 
3 1258 1775 1261 
3 1037 900 1677 
3 120 1256 1257 
3 392 120 1257 
3 69 1234 1256 
3 73 69 1256 
3 325 1226 326 
3 1010 1484 918 
3 936 1237 1226 
3 2153 2300 2299 
3 1605 1604 2300 
3 1532 1533 1758 
3 361 512 1503 
3 1617 1186 1188 
3 786 1221 2171 
3 396 2153 2299 
3 1607 1155 1401 
3 445 436 2282 
3 1672 1760 2233 
3 1386 119 1388 
3 776 1283 886 
3 1832 823 1833 
3 188 1366 1382 
3 484 305 715 
3 1133 1132 1308 
3 193 60 194 
3 610 365 701 
3 1704 2187 2186 
3 17 2126 18 
3 1570 971 1566 
3 1554 1552 301 
3 43 302 44 
3 801 936 1226 
3 718 277 887 
3 1088 719 1919 
3 389 238 923 
3 77 322 1721 
3 364 438 1393 
3 1255 1775 1259 
3 1775 1258 1259 
3 1596 85 88 
3 235 238 236 
3 1545 619 890 
3 700 699 2175 
3 1733 1671 1729 
3 723 1227 1873 
3 1715 723 1873 
3 1227 695 1873 
3 695 1268 1715 
3 1294 1730 339 
3 1854 228 1078 
3 315 103 1771 
3 14 1724 1726 
3 612 645 96 
3 1956 400 1638 
3 400 1336 401 
3 553 633 985 
3 632 912 874 
3 912 632 820 
3 1118 1055 1003 
3 1730 809 339 
3 1756 1267 1776 
3 1255 1756 1776 
3 1267 1775 1776 

