ply
format ascii 1.0
element vertex 3566
property float32 x
property float32 y
property float32 z
property uchar red
property uchar green
property uchar blue
property uchar alpha
element face 4948
property list uint8 int32 vertex_indices
end_header
-0.436991100840546 0.76545805955828 0.366677281594621 0 216 255 255 
-0.389279887580701 0.781125200175376 0.417742967273463 0 216 255 255 
-0.369564624684875 0.820649041254574 0.360305293120314 0 216 255 255 
-0.709147355740815 0.561722831120063 0.347163801889017 0 216 255 255 
-0.762813283684654 0.557190878604338 0.258616558981591 0 216 255 255 
-0.759082175057881 0.530861415560032 0.328090398131982 0 216 255 255 
-0.809016994374947 0.5 0.309016994374948 0 216 255 255 
-0.657578515850059 0.593594126932952 0.366861345966884 0 216 255 255 
-0.689548045758671 0.600443095636536 0.291421144197807 0 216 255 255 
-0.493840231991629 0.844524124107308 0.0735782247586399 0 216 255 255 
-0.525731112119133 0.85065080835204 1.33616058176208E-17 0 216 255 255 
-0.518604286521993 0.813196660806465 0.102194624626295 0 216 255 255 
-0.574305096434073 0.790526008876392 0.0529860031085628 0 216 255 255 
-0.622190095510975 0.731254034217627 0.105220439828671 0 216 255 255 
-0.55909345000084 0.761890068240568 0.149187380479249 0 216 255 255 
-0.462296745473541 0.838464179035187 0.146354947490018 0 216 255 255 
-0.669399834252668 0.672817895713152 0.156718281708453 0 216 255 255 
-0.604617742787992 0.704281432552155 0.201837931546007 0 216 255 255 
-0.65067452514575 0.64920865804477 0.247476855695064 0 216 255 255 
-0.716609572994361 0.614381757208676 0.208216123588235 0 216 255 255 
-0.496403079779521 0.793797320438118 0.189381547551049 0 216 255 255 
-0.537735643066543 0.738854030305729 0.24345564721447 0 216 255 255 
-0.431147718151771 0.832480015093395 0.218221579082841 0 216 255 255 
-0.585384875581637 0.675087737877963 0.306806621003881 0 216 255 255 
-0.637170125029571 0.629173274611214 0.320080507647588 0 216 255 255 
-0.511516248409449 0.719239692821239 0.338589748111287 0 216 255 255 
-0.468979965808057 0.779299283869851 0.274585027573028 0 216 255 255 
-0.399998690830001 0.826495851151604 0.290088210675664 0 216 255 255 
-0.60266466281174 0.62753275456385 0.387836571374305 0 216 255 255 
-0.545943931459951 0.662588094406007 0.409501962883937 0 216 255 255 
-0.489223200108162 0.697643434248164 0.431167354393568 0 216 255 255 
-0.429539746258544 0.734529837293214 0.453964405198137 0 216 255 255 
-0.309016994374948 0.809016994374947 0.5 0 216 255 255 
-0.339290809529911 0.814833017814761 0.430152646560157 0 216 255 255 
-0.369278370316746 0.771773415834081 0.476982202599068 0 216 255 255 
-0.55753133188904 0.258316528728537 0.762538236239086 0 151 255 255 
-0.5 0.309016994374947 0.809016994374948 0 151 255 255 
-0.529923924826483 0.32751099699451 0.760599066928902 0 151 255 255 
-0.560931859697569 0.346674954665785 0.710427174386541 0 151 255 255 
-0.809016994374947 0.5 0.309016994374948 0 151 255 255 
-0.814621342170204 0.432694758660116 0.338188986368012 0 151 255 255 
-0.770733345918628 0.476339404040642 0.370961238790624 0 151 255 255 
-0.82022568996546 0.365389517320232 0.367360978361078 0 151 255 255 
-0.825920005257433 0.297003814113857 0.397001273034448 0 151 255 255 
-0.762667884219017 0.358704068447039 0.444882235847131 0 151 255 255 
-0.660759352444403 0.408371738195011 0.548902898110481 0 151 255 255 
-0.686709190291804 0.292631780896266 0.578121393331183 0 151 255 255 
-0.63653961545069 0.332154615811494 0.621186911329087 0 151 255 255 
-0.732449697462309 0.452678808081285 0.432905483206301 0 151 255 255 
-0.838129583746468 0.150373259251013 0.460555095697332 0 151 255 255 
-0.844390196049254 0.0751866296255068 0.493143103908233 0 151 255 255 
-0.801131387218199 0.185267238226364 0.489208727222605 0 151 255 255 
-0.831946882972817 0.224624212779478 0.42837263592616 0 151 255 255 
-0.770367957700345 0.142078975799908 0.552048199488002 0 151 255 255 
-0.780842979451494 0.273196661714563 0.467747942780174 0 151 255 255 
-0.720682105009589 0.333873897321229 0.512212289249776 0 151 255 255 
-0.744608443149877 0.237607006528684 0.53350683775943 0 151 255 255 
-0.695886828167816 0.430081712131068 0.492065448451011 0 151 255 255 
-0.85065080835204 3.59457219623497E-16 0.525731112119134 0 151 255 255 
-0.79099005688132 0.0525770529042204 0.573930198543197 0 151 255 255 
-0.731942523506025 0.10461369692236 0.621633874647251 0 151 255 255 
-0.709145139397398 0.197222230592312 0.600866454847295 0 151 255 255 
-0.673502593642052 0.156114880002243 0.668846676375238 0 151 255 255 
-0.65367092736128 0.24648305556403 0.645481618978026 0 151 255 255 
-0.625631876720989 0.386661764258955 0.605740347769951 0 151 255 255 
-0.591939794568655 0.365838912337059 0.66025528184418 0 151 255 255 
-0.61506266377808 0.207616063082127 0.716059478103225 0 151 255 255 
-0.601673965118978 0.292623302061484 0.687317925506063 0 151 255 255 
-0.408444032905751 0.548713628100559 0.660876327743585 0 112 255 255 
-0.297099793646581 0.581928825165855 0.68186390870903 0 112 255 255 
-0.334447511840645 0.62251822409346 0.63453796284101 0 112 255 255 
-0.33708100295269 0.512778897524957 0.718891273469723 0 112 255 255 
-0.38671838397606 0.605592115426136 0.625723489347698 0 112 255 255 
-0.366670396275663 0.658078428631817 0.593285163842415 0 112 255 255 
-0.346622408575265 0.710564741837497 0.560846838337132 0 112 255 255 
-0.262248167208209 0.766142496508582 0.553069984338128 0 112 255 255 
-0.327819701475107 0.759790868106222 0.530423419168566 0 112 255 255 
-0.309016994374948 0.809016994374947 0.5 0 112 255 255 
-0.295537155512151 0.689386967619211 0.598836488595616 0 112 255 255 
-0.431012779883973 0.338918003461085 0.814761396553162 0 112 255 255 
-0.417803639669377 0.390053336109749 0.780497331595598 0 112 255 255 
-0.476632889496769 0.370192883891282 0.771208215361844 0 112 255 255 
-0.291311316940317 0.399468562039898 0.82639400599421 0 112 255 255 
-0.366735586889063 0.437916617500251 0.764712761240021 0 112 255 255 
-0.361162048412145 0.369193282750491 0.820577701273686 0 112 255 255 
-0.21547934004147 0.723267998642217 0.606139968676256 0 112 255 255 
-0.253359430116896 0.651523101429346 0.646072380688502 0 112 255 255 
-0.430169681835442 0.491835140774981 0.696029166139472 0 112 255 255 
-0.208306283608149 0.611115069854777 0.696499587600755 0 112 255 255 
-0.245874479586825 0.5414358612492 0.734954554357297 0 112 255 255 
-0.170645119578384 0.682167017368267 0.657014697035497 0 112 255 255 
-0.125810899115298 0.641066036094317 0.707889425394739 0 112 255 255 
-0.162500782549862 0.571514275405846 0.746614740510592 0 112 255 255 
-0.5 0.309016994374947 0.809016994374948 0 112 255 255 
-0.453265778993537 0.431368773407618 0.73339943634874 0 112 255 255 
-0.276045741362948 0.470476672417502 0.777519016544085 0 112 255 255 
-0.219384161797712 0.430643821977055 0.832383209588427 0 112 255 255 
-0.194674987696105 0.501141984658134 0.787879290946219 0 112 255 255 
-0.116848770190596 0.532058267254686 0.796552549208878 0 112 255 255 
-0.146556332562633 0.462209459496864 0.838447410177885 0 112 255 255 
-0.0737285033275535 0.493775097016673 0.844511610767342 0 112 255 255 
-0.0417446375511013 0.563999772721548 0.803281921953851 0 112 255 255 
-0.0834892751022025 0.602268433323962 0.755913035555663 0 112 255 255 
2.3967491328123E-17 0.525731112119134 0.85065080835204 0 112 255 255 
-0.38671838397606 0.605592115426136 0.625723489347698 0 216 255 255 
-0.366670396275663 0.658078428631817 0.593285163842415 0 216 255 255 
-0.405957780780472 0.65070928917023 0.561366918799194 0 216 255 255 
-0.430169681835442 0.491835140774981 0.696029166139472 0 216 255 255 
-0.408444032905751 0.548713628100559 0.660876327743585 0 216 255 255 
-0.494315498122839 0.47764238902691 0.646076101600146 0 216 255 255 
-0.346622408575265 0.710564741837497 0.560846838337132 0 216 255 255 
-0.327819701475107 0.759790868106222 0.530423419168566 0 216 255 255 
-0.390344359348961 0.705930732209835 0.521758897191099 0 216 255 255 
-0.309016994374948 0.809016994374947 0.5 0 216 255 255 
-0.369278370316746 0.771773415834081 0.476982202599068 0 216 255 255 
-0.709147355740815 0.561722831120063 0.347163801889017 0 216 255 255 
-0.759082175057881 0.530861415560032 0.328090398131982 0 216 255 255 
-0.711718402978904 0.5336570961229 0.372658489648091 0 216 255 255 
-0.809016994374947 0.5 0.309016994374948 0 216 255 255 
-0.770733345918628 0.476339404040642 0.370961238790624 0 216 255 255 
-0.548374634947348 0.380656739622403 0.689002614180144 0 216 255 255 
-0.560931859697569 0.346674954665785 0.710427174386541 0 216 255 255 
-0.529923924826483 0.32751099699451 0.760599066928902 0 216 255 255 
-0.657578515850059 0.593594126932952 0.366861345966884 0 216 255 255 
-0.657326341963149 0.543799365229719 0.416908281557027 0 216 255 255 
-0.501762159743723 0.611995589857736 0.504276239148436 0 216 255 255 
-0.487933890168197 0.665462477509918 0.464637621071781 0 216 255 255 
-0.545943931459951 0.662588094406007 0.409501962883937 0 216 255 255 
-0.431316360107839 0.698546468746185 0.488171159895871 0 216 255 255 
-0.429539746258544 0.734529837293214 0.453964405198137 0 216 255 255 
-0.457190048527096 0.691632460978244 0.469211479244555 0 216 255 255 
-0.490824713388355 0.433193995839979 0.694015279521561 0 216 255 255 
-0.453265778993537 0.431368773407618 0.73339943634874 0 216 255 255 
-0.462588945192683 0.565882798954877 0.589562244602336 0 216 255 255 
-0.440306438185903 0.620127565381271 0.557599985182721 0 216 255 255 
-0.516948081081474 0.423132403203883 0.677953504464537 0 216 255 255 
-0.502139809766238 0.394800940092626 0.721093238891032 0 216 255 255 
-0.686150495115504 0.49551155983563 0.43637193379876 0 216 255 255 
-0.732449697462309 0.452678808081285 0.432905483206301 0 216 255 255 
-0.643145953899963 0.485802163015276 0.489085871834656 0 216 255 255 
-0.711679987136595 0.499765903016242 0.406588098597058 0 216 255 255 
-0.579106728335091 0.388204725256436 0.650722535158369 0 216 255 255 
-0.591939794568655 0.365838912337059 0.66025528184418 0 216 255 255 
-0.557632246355925 0.418434244806522 0.641967497587448 0 216 255 255 
-0.625631876720989 0.386661764258955 0.605740347769951 0 216 255 255 
-0.587716751217345 0.450994828249247 0.579322409283303 0 216 255 255 
-0.476632889496769 0.370192883891282 0.771208215361844 0 216 255 255 
-0.544815579759951 0.529056670192808 0.544161738797136 0 216 255 255 
-0.582910917991991 0.576609654175689 0.458513416582215 0 216 255 255 
-0.444973005266027 0.663486369121917 0.509574614361951 0 216 255 255 
-0.695886828167816 0.430081712131068 0.492065448451011 0 216 255 255 
-0.5 0.309016994374947 0.809016994374948 0 216 255 255 
-0.489223200108162 0.697643434248164 0.431167354393568 0 216 255 255 
-0.660759352444403 0.408371738195011 0.548902898110481 0 216 255 255 
-0.60266466281174 0.62753275456385 0.387836571374305 0 216 255 255 
-0.525731112119133 0.85065080835204 1.33616058176208E-17 0 151 255 255 
-0.493840231991629 0.844524124107308 0.0735782247586399 0 151 255 255 
-0.453885774625579 0.871060563131601 9.23463854246491E-18 0 151 255 255 
-0.38522501172873 0.878399745004718 0.0589446068693232 0 151 255 255 
-0.385327865820756 0.890536428312573 6.65252220980599E-18 0 151 255 255 
-0.189686160197134 0.946114136981439 1.04112254947259E-18 0 151 255 255 
-0.233201134911315 0.925893983557861 0.0380747679104377 0 151 255 255 
-0.204612913362982 0.924895364169258 0.082261456751235 0 151 255 255 
-0.369564624684875 0.820649041254574 0.360305293120314 0 151 255 255 
-0.339290809529911 0.814833017814761 0.430152646560157 0 151 255 255 
-0.272402136718685 0.831646220899757 0.440755915818928 0 151 255 255 
-0.253005715545054 0.928126378241802 4.98609246453314E-18 0 151 255 255 
-0.316769957015933 0.910012293493545 4.07040610021954E-18 0 151 255 255 
-0.285944436663051 0.904313728830328 0.0700376148905157 0 151 255 255 
-0.31367505555818 0.843297605636042 0.327496880123761 0 151 255 255 
-0.25326423569488 0.874564747962965 0.259153849742648 0 151 255 255 
-0.349667970811862 0.853133158322138 0.230302973335199 0 151 255 255 
-0.0323715236972956 0.979993298087449 0.0523782256098474 0 151 255 255 
-0.126366604849214 0.964101895721076 -2.90384736599094E-18 0 151 255 255 
-0.0647430473945913 0.959986596174897 0.104756451219694 0 151 255 255 
-0.136131185948745 0.935860958610425 0.123389431581521 0 151 255 255 
-0.0979332593433338 0.939473917096761 0.158459342246573 0 151 255 255 
-0.344362853459469 0.872268106986079 0.14489473803088 0 151 255 255 
-0.417383374177449 0.856814304747987 0.119265316374997 0 151 255 255 
-0.401192028233875 0.850415368606644 0.172554064726125 0 151 255 255 
-0.264192305704551 0.892594371160465 0.156757924471104 0 151 255 255 
-0.063491735624253 0.981963328452094 -1.17094732638823E-17 0 151 255 255 
-0.462296745473541 0.838464179035187 0.146354947490018 0 151 255 255 
-0.431147718151771 0.832480015093395 0.218221579082841 0 151 255 255 
-0.192617533702657 0.907369916350536 0.183683644381949 0 151 255 255 
-0.131123471292076 0.918961238018626 0.212162233273451 0 151 255 255 
-0.165739404784944 0.897567414567728 0.268171990217216 0 151 255 255 
-0.302871841417691 0.873140096107912 0.197777371394958 0 151 255 255 
-0.200355338277811 0.87617359111683 0.324181747160982 0 151 255 255 
-0.236378737498248 0.853909906008293 0.382468831489955 0 151 255 255 
-0.399998690830001 0.826495851151604 0.290088210675664 0 151 255 255 
-1.33385454577687E-17 1 4.15445976843473E-16 0 151 255 255 
-0.309016994374948 0.809016994374947 0.5 0 151 255 255 
-0.0491633430207631 0.674888312343794 0.666024266380301 0 112 255 255 
-0.125810899115298 0.641066036094317 0.707889425394739 0 112 255 255 
-0.0462976044304934 0.631281995111723 0.720000095549484 0 112 255 255 
-0.0417446375511013 0.563999772721548 0.803281921953851 0 112 255 255 
0.0424581402952897 0.564653863784689 0.802472289090399 0 112 255 255 
-0.00252800449165338 0.600318512266214 0.758326644697343 0 112 255 255 
0.0295034995774498 0.637868681530329 0.711847105719373 0 112 255 255 
-0.228697062133353 0.809016994374948 0.5 0 112 255 255 
-0.204009949363223 0.787174479770973 0.527036629363014 0 112 255 255 
-0.145350816866919 0.809016994374947 0.5 0 112 255 255 
-0.21547934004147 0.723267998642217 0.606139968676256 0 112 255 255 
-0.106042225881447 0.72976629959925 0.598096382227988 0 112 255 255 
-0.17335652835381 0.765266956834807 0.55415372593481 0 112 255 255 
-0.262248167208209 0.766142496508582 0.553069984338128 0 112 255 255 
-0.103982357736756 0.776233472112873 0.540579391003477 0 112 255 255 
2.3967491328123E-17 0.525731112119134 0.85065080835204 0 112 255 255 
-0.309016994374948 0.809016994374947 0.5 0 112 255 255 
-0.0620045716004844 0.809016994374948 0.5 0 112 255 255 
-0.0286590519212224 0.768845638389802 0.54972403967547 0 112 255 255 
0.028079902944453 0.809016994374947 0.5 0 112 255 255 
0.0683824211313435 0.766778201838902 0.552283109305121 0 112 255 255 
0.120835294438311 0.809016994374948 0.5 0 112 255 255 
0.166618965625374 0.766689973604259 0.552392318071724 0 112 255 255 
0.214926144406629 0.809016994374947 0.5 0 112 255 255 
0.263094611935398 0.766918459791144 0.552109498237955 0 112 255 255 
0.309016994374947 0.809016994374948 0.5 0 112 255 255 
-0.170645119578384 0.682167017368267 0.657014697035497 0 112 255 255 
0.0094432026223496 0.723521973851899 0.605825598571161 0 112 255 255 
0.115639588573227 0.723897743024024 0.605360472095709 0 112 255 255 
0.0676213936863103 0.681156438306315 0.658265590169159 0 112 255 255 
0.217172229495849 0.724819925207341 0.60421899647591 0 112 255 255 
0.172492547953816 0.683860614765062 0.654918364908107 0 112 255 255 
0.127812866411783 0.642901304322782 0.705617733340304 0 112 255 255 
0.0849162805905793 0.603576615450243 0.754293769828759 0 112 255 255 
-0.0834892751022025 0.602268433323962 0.755913035555663 0 112 255 255 
0.474947374988579 0.8408945419548 0.117167579249498 0 216 255 255 
0.424529429720331 0.879400085522933 1.2425742172855E-18 0 216 255 255 
0.385800941825667 0.872633265645725 0.0860908843162736 0 216 255 255 
0.0382040632654886 0.976388590393577 0.0618154728719121 0 216 255 255 
0.105883209860467 0.969920798984085 6.33926864254284E-18 0 216 255 255 
0.0526652407380812 0.985038908767501 1.37244595280451E-17 0 216 255 255 
0.321046637339839 0.908797378236319 3.9932378879859E-19 0 216 255 255 
0.266959256914691 0.924162469551328 1.30855170105878E-18 0 216 255 255 
0.318041291742705 0.901539839114258 0.0392997645964464 0 216 255 255 
0.105018455872403 0.958257196102907 0.0577011658814118 0 216 255 255 
0.317985965617586 0.84069773325048 0.334159976622439 0 216 255 255 
0.269632987700502 0.833357649112907 0.436275338587596 0 216 255 255 
0.354308866961924 0.817718196758939 0.395503179353455 0 216 255 255 
0.20206637831062 0.907274838922113 0.171139081978251 0 216 255 255 
0.15308430948325 0.905388693595044 0.247695615888207 0 216 255 255 
0.246453282623126 0.875317228150111 0.264882505701415 0 216 255 255 
0.297871250277696 0.893756382283469 0.104772812642563 0 216 255 255 
0.219213836141318 0.921154531427075 0.0802895948320958 0 216 255 255 
0.250792904781659 0.901083502659762 0.134070209158171 0 216 255 255 
0.449887475016571 0.836080184567384 0.17498545524406 0 216 255 255 
0.359840883242837 0.863757408941737 0.164825957510496 0 216 255 255 
0.395491431543163 0.845858744016411 0.20247741309373 0 216 255 255 
0.373358311025508 0.893936727994002 6.39865998898707E-19 0 216 255 255 
0.500339243553856 0.84577267515342 0.058583789624749 0 216 255 255 
0.525731112119133 0.85065080835204 2.81015666363529E-18 0 216 255 255 
0.475130270919732 0.865025446937487 2.02636544064174E-18 0 216 255 255 
0.146048429106536 0.937239702598133 0.103059410791323 0 216 255 255 
0.159101178982852 0.954802689200669 -1.04592213142322E-18 0 216 255 255 
0.213030217948771 0.939482579375998 1.31314784898378E-19 0 216 255 255 
0.26321135307283 0.915952810974704 0.0449348906198417 0 216 255 255 
0.377244490988402 0.822124451017345 0.342586405252121 0 216 255 255 
0.11462409585948 0.929158412829115 0.185465683030365 0 216 255 255 
0.284020154397002 0.882148258006393 0.180079347179776 0 216 255 255 
0.34691388516453 0.852236284568548 0.238439060201002 0 216 255 255 
0.425323482748715 0.831361097987977 0.231659179419362 0 216 255 255 
0.0764140795624841 0.952773501611346 0.123640577951138 0 216 255 255 
0.400759490480859 0.82664201140857 0.288332903594664 0 216 255 255 
0.19154452310702 0.881618974360972 0.309925548746049 0 216 255 255 
0.230588755403761 0.85748831173694 0.373100443666822 0 216 255 255 
0.309016994374947 0.809016994374948 0.5 0 216 255 255 
0.331662930668436 0.813367595566943 0.447751589676727 0 216 255 255 
-1.33385454577687E-17 1 4.15445976843473E-16 0 216 255 255 
0.10831414324204 0.851618463751026 0.388467905202738 0 151 255 255 
0.167936634152271 0.847221421852831 0.39997951034217 0 151 255 255 
0.164130725061604 0.863152492699599 0.358271425388149 0 151 255 255 
-0.17572532827933 0.866139668813503 0.350450896791567 0 151 255 255 
-0.188582765827789 0.843591284748402 0.409483332665388 0 151 255 255 
-0.132141420916562 0.855194800991399 0.37910493275221 0 151 255 255 
-0.0469016794391648 0.941137949412682 0.154102849085113 0 151 255 255 
-0.0979332593433338 0.939473917096761 0.158459342246573 0 151 255 255 
-0.0619802426715206 0.919924604774634 0.209640106362591 0 151 255 255 
-0.133583957637752 0.873710877337469 0.33062921553991 0 151 255 255 
-0.117290530155133 0.883802345980898 0.30420940763501 0 151 255 255 
-0.165739404784944 0.897567414567728 0.268171990217216 0 151 255 255 
-0.0119569018594621 0.956128021608219 0.114858330583383 0 151 255 255 
-0.0647430473945913 0.959986596174897 0.104756451219694 0 151 255 255 
0.124839550119488 0.878453357925815 0.318213240168635 0 151 255 255 
0.15308430948325 0.905388693595044 0.247695615888207 0 151 255 255 
0.0815163470565901 0.899264890429335 0.263727940716446 0 151 255 255 
0.0544987775808528 0.870688418045448 0.338542116696034 0 151 255 255 
-0.0323715236972956 0.979993298087449 0.0523782256098474 0 151 255 255 
-0.0780930794130172 0.867983571002563 0.345623498188678 0 151 255 255 
0.11462409585948 0.929158412829115 0.185465683030365 0 151 255 255 
0.0764140795624841 0.952773501611346 0.123640577951138 0 151 255 255 
0.0545748093438528 0.93564697674934 0.16847840214904 0 151 255 255 
-0.00836228734724439 0.862298819515372 0.360506370799739 0 151 255 255 
-0.0430259954218809 0.838556680432978 0.422664097883074 0 151 255 255 
-0.093342089901637 0.896991768716116 0.269679050622219 0 151 255 255 
-0.0620045716004844 0.809016994374948 0.5 0 151 255 255 
0.028079902944453 0.809016994374947 0.5 0 151 255 255 
-0.272402136718685 0.831646220899757 0.440755915818928 0 151 255 255 
-0.192600066959445 0.825029178016716 0.458079558991745 0 151 255 255 
0.0382040632654886 0.976388590393577 0.0618154728719121 0 151 255 255 
-1.33385454577687E-17 1 4.15445976843473E-16 0 151 255 255 
-0.0068625683957375 0.894411714419452 0.276433720463705 0 151 255 255 
0.00149533982070222 0.929799783277503 0.183786553397105 0 151 255 255 
0.048913917692208 0.917488745761137 0.216017268051728 0 151 255 255 
-0.123052611394938 0.831874395685526 0.44015854647441 0 151 255 255 
-0.0938107829465431 0.847869008360931 0.39828410685331 0 151 255 255 
-0.131123471292076 0.918961238018626 0.212162233273451 0 151 255 255 
-0.228697062133353 0.809016994374948 0.5 0 151 255 255 
-0.145350816866919 0.809016994374947 0.5 0 151 255 255 
0.214926144406629 0.809016994374947 0.5 0 151 255 255 
0.209176776194466 0.833779750452125 0.435170262934827 0 151 255 255 
0.171675823886031 0.824108112908113 0.460490938751919 0 151 255 255 
0.138024300461929 0.832717214262394 0.437952018793818 0 151 255 255 
-0.309016994374948 0.809016994374947 0.5 0 151 255 255 
0.0858591606455583 0.828969225051093 0.447764381938472 0 151 255 255 
0.0362510561040376 0.842958776360398 0.41113926112335 0 151 255 255 
0.230588755403761 0.85748831173694 0.373100443666822 0 151 255 255 
0.269632987700502 0.833357649112907 0.436275338587596 0 151 255 255 
0.175416603928823 0.836009611076152 0.429332412030949 0 151 255 255 
0.194712199362512 0.843338366943487 0.410145480075015 0 151 255 255 
0.0318383552599017 0.949944704475812 0.131046464999244 0 151 255 255 
0.120835294438311 0.809016994374948 0.5 0 151 255 255 
0.19154452310702 0.881618974360972 0.309925548746049 0 151 255 255 
0.309016994374947 0.809016994374948 0.5 0 151 255 255 
-0.200355338277811 0.87617359111683 0.324181747160982 0 151 255 255 
-0.236378737498248 0.853909906008293 0.382468831489955 0 151 255 255 
-0.371520706506229 0.883890405507123 -0.0512043483524978 0 112 255 255 
-0.453885774625579 0.871060563131601 9.23463854246491E-18 0 112 255 255 
-0.385327865820756 0.890536428312573 6.65252220980599E-18 0 112 255 255 
-0.226359013404865 0.920647485782312 -0.0729117720057199 0 112 255 255 
-0.146587547840607 0.94523759532397 -0.0635670536560868 0 112 255 255 
-0.168332646206969 0.924955672129974 -0.131904764441367 0 112 255 255 
-0.155127472307969 0.904125949524817 -0.251001522783152 0 112 255 255 
-0.1935673161359 0.880368819516917 -0.313198496618983 0 112 255 255 
-0.25020553431859 0.872759723481046 -0.272109255058846 0 112 255 255 
-0.204280606934424 0.90145555786701 -0.196286262692939 0 112 255 255 
-0.237906562838238 0.903295263863815 -0.141090606633127 0 112 255 255 
-0.335096813821105 0.886466918092038 -0.0888541603449033 0 112 255 255 
-0.29900600628159 0.903739518876036 -0.0548419921530236 0 112 255 255 
-0.297135743390953 0.876581060018829 -0.189000733291857 0 112 255 255 
-0.353134904250223 0.81749266209759 -0.398211730886509 0 112 255 255 
-0.232013349773094 0.85660786399651 -0.375405485776585 0 112 255 255 
-0.331075949312585 0.813254828236269 -0.449105865443254 0 112 255 255 
-0.295323312996562 0.892688575182845 -0.113453344094828 0 112 255 255 
-0.375164322946288 0.821724821633676 -0.347385741963008 0 112 255 255 
-0.325276719830068 0.840680316301062 -0.324209500619727 0 112 255 255 
-0.343978078890508 0.849545534468778 -0.255516714632272 0 112 255 255 
-0.397164128801705 0.825951292128772 -0.29662807540114 0 112 255 255 
-0.418952984858324 0.830137236216207 -0.246357109477409 0 112 255 255 
-0.37544887725947 0.851197643094299 -0.204196300219111 0 112 255 255 
-0.376435738242619 0.865401204464042 -0.134020800140339 0 112 255 255 
-0.440555121789492 0.834287308947331 -0.196516939496727 0 112 255 255 
-0.116687628480037 0.927883079532717 -0.18880454894732 0 112 255 255 
-0.126366604849214 0.964101895721076 -2.90384736599094E-18 0 112 255 255 
-0.0906530017198628 0.963820926525 -0.0505168721626937 0 112 255 255 
-0.442056422470026 0.85799405464594 -0.079589811816551 0 112 255 255 
-0.189686160197134 0.946114136981439 1.04112254947259E-18 0 112 255 255 
-0.063491735624253 0.981963328452094 -1.17094732638823E-17 0 112 255 255 
-1.33385454577687E-17 1 4.15445976843473E-16 0 112 255 255 
-0.0389397067617467 0.975933937709286 -0.0630057690524606 0 112 255 255 
-0.316769957015933 0.910012293493545 4.07040610021954E-18 0 112 255 255 
-0.0778794135234937 0.951867875418573 -0.126011538104921 0 112 255 255 
-0.270515172074021 0.832812429185729 -0.437702742888292 0 112 255 255 
-0.309016994374947 0.809016994374948 -0.5 0 112 255 255 
-0.525731112119133 0.85065080835204 1.33616058176208E-17 0 112 255 255 
-0.504651894322754 0.846601195702656 -0.0486336977392067 0 112 255 255 
-0.253005715545054 0.928126378241802 4.98609246453314E-18 0 112 255 255 
-0.462157258720659 0.838437381678456 -0.146676769516046 0 112 255 255 
-0.483572676526375 0.842551583053271 -0.0972673954784135 0 112 255 255 
0.23308581833042 0.855945041976217 -0.377140776354203 0 216 255 255 
0.332915252185373 0.813608184051064 -0.444862249725152 0 216 255 255 
0.271051406352683 0.832481018175582 -0.438570388177101 0 216 255 255 
0.105883209860467 0.969920798984085 6.33926864254284E-18 0 216 255 255 
0.0613677358591841 0.962072653426398 -0.0992950824327861 0 216 255 255 
0.0526652407380812 0.985038908767501 1.37244595280451E-17 0 216 255 255 
0.159101178982852 0.954802689200669 -1.04592213142322E-18 0 216 255 255 
0.213030217948771 0.939482579375998 1.31314784898378E-19 0 216 255 255 
0.19964912349664 0.935270235779997 -0.0388265822399989 0 216 255 255 
0.13774565296173 0.943244457403435 -0.0853937641123994 0 216 255 255 
0.330458594236563 0.842195796068216 -0.309734661791482 0 216 255 255 
0.356813509995799 0.818199373727181 -0.389724499450305 0 216 255 255 
0.444654158302332 0.863014062193715 -0.0516920636911135 0 216 255 255 
0.40185986882905 0.879781631520528 -0.0293533579416107 0 216 255 255 
0.424529429720331 0.879400085522933 1.2425742172855E-18 0 216 255 255 
0.382422003004835 0.823119123512151 -0.330640916720209 0 216 255 255 
0.408030496013872 0.828038873297121 -0.271557333990114 0 216 255 255 
0.252053362520979 0.873146807577362 -0.267690489456979 0 216 255 255 
0.19560228325735 0.879111140669873 -0.316491142587478 0 216 255 255 
0.350346375553471 0.854725556319264 -0.221653954777083 0 216 255 255 
0.160254924414709 0.900957009847165 -0.259297914567545 0 216 255 255 
0.124907565572067 0.922802879024456 -0.202104686547612 0 216 255 255 
0.214843501708826 0.898293240105913 -0.197069325832295 0 216 255 255 
0.282763417363652 0.881145505354481 -0.186667500811002 0 216 255 255 
0.344367390693468 0.872960647481361 -0.141533088159773 0 216 255 255 
0.400199778888664 0.852375932587993 -0.164420715491766 0 216 255 255 
0.436485447903999 0.833505467656788 -0.205906438270169 0 216 255 255 
0.465910601930314 0.839158451420518 -0.138017104772641 0 216 255 255 
-1.33385454577687E-17 1 4.15445976843473E-16 0 216 255 255 
0.0301408444661672 0.981371933670284 -0.0487689107958831 0 216 255 255 
0.222354905019851 0.914240339760839 -0.10946600433773 0 216 255 255 
0.364160048231483 0.883389693686583 -0.0637614075014205 0 216 255 255 
0.404005901216561 0.862056948811009 -0.112276868038125 0 216 255 255 
0.266959256914691 0.924162469551328 1.30855170105878E-18 0 216 255 255 
0.495335755956629 0.844811435184248 -0.0701277712751121 0 216 255 255 
0.373358311025508 0.893936727994002 6.39865998898707E-19 0 216 255 255 
0.321046637339839 0.908797378236319 3.9932378879859E-19 0 216 255 255 
0.525731112119133 0.85065080835204 2.81015666363529E-18 0 216 255 255 
0.475130270919732 0.865025446937487 2.02636544064174E-18 0 216 255 255 
0.0925946272522011 0.942773373182512 -0.149821254069689 0 216 255 255 
0.309016994374947 0.809016994374948 -0.5 0 216 255 255 
0.251725595208544 0.896477450455171 -0.155103101153077 0 216 255 255 
0.286940556741845 0.892230716599454 -0.127209573631283 0 216 255 255 
0.297490692771603 0.901588864620695 -0.0673477056255711 0 216 255 255 
0.3232396721096 0.887542480597023 -0.0999629437295121 0 216 255 255 
0.0018727715670583 0.702102140560188 -0.632339033687289 0 151 255 255 
0.090531638900214 0.668318729154352 -0.674156085860926 0 151 255 255 
0.00708473849626012 0.629596159885267 -0.722086819674943 0 151 255 255 
0.101669842011839 0.61893514755217 -0.735283003553516 0 151 255 255 
0.0655646758982274 0.585836372977731 -0.776252613360998 0 151 255 255 
2.28885766401349E-16 0.525731112119134 -0.85065080835204 0 151 255 255 
-0.0424101385482888 0.564609859029298 -0.802526758105678 0 151 255 255 
0.0324453722311615 0.555474835166516 -0.813834075915845 0 151 255 255 
-0.173066613360939 0.684386879107444 -0.654266955753533 0 151 255 255 
-0.0821626843874851 0.663283950468565 -0.680388126801287 0 151 255 255 
-0.129269774664342 0.644236899281004 -0.70396453605422 0 151 255 255 
0.179051029150912 0.689872986789893 -0.647476260508719 0 151 255 255 
0.140360435581375 0.654404067171032 -0.691379632031118 0 151 255 255 
-0.114072429353721 0.71669881025379 -0.614271299472821 0 151 255 255 
-0.217597493334681 0.725209778335059 -0.60373643690293 0 151 255 255 
0.116522348368392 0.718103204341673 -0.612532942734957 0 151 255 255 
0.220327050176373 0.727712051453178 -0.600639127271405 0 151 255 255 
-0.15977682331156 0.764630292834261 -0.554941787608278 0 151 255 255 
-0.0537159559276723 0.760346139033757 -0.560244706275769 0 151 255 255 
0.0545548272631091 0.760653551441787 -0.55986419169271 0 151 255 255 
0.160454223624445 0.765335835965206 -0.554068467458247 0 151 255 255 
-0.263307243854814 0.767113386355003 -0.551868218451465 0 151 255 255 
-0.206291202736659 0.809016994374947 -0.5 0 151 255 255 
-0.309016994374947 0.809016994374948 -0.5 0 151 255 255 
-0.103452900637198 0.809016994374948 -0.5 0 151 255 255 
-0.0004609489033022 0.809016994374947 -0.5 0 151 255 255 
0.102656524849734 0.809016994374948 -0.5 0 151 255 255 
0.26467202227566 0.768364522914063 -0.550319563635702 0 151 255 255 
0.20583675961234 0.809016994374947 -0.5 0 151 255 255 
0.309016994374947 0.809016994374948 -0.5 0 151 255 255 
-0.0854729359677436 0.604086919454563 -0.753662116354907 0 151 255 255 
-0.120013046416422 0.82854551147793 -0.448873678474509 0 112 255 255 
-0.159888466909032 0.823549702502485 -0.461952876173526 0 112 255 255 
-0.159674009878655 0.83866085853536 -0.422391356070154 0 112 255 255 
-0.10661787293391 0.845966488520578 -0.403264968459624 0 112 255 255 
-0.169318669703461 0.85570498618033 -0.377769250587033 0 112 255 255 
0.20583675961234 0.809016994374947 -0.5 0 112 255 255 
0.168271954090489 0.826565705527342 -0.454056877744277 0 112 255 255 
0.218926467765621 0.831213706387603 -0.441888253512376 0 112 255 255 
0.130672237714525 0.842521517276746 -0.412284020266242 0 112 255 255 
0.0839020266355805 0.855099247574639 -0.37935509484503 0 112 255 255 
0.127440478802349 0.869314973508314 -0.342137841175915 0 112 255 255 
-0.0723490864440114 0.826198442678614 -0.455018384365051 0 112 255 255 
-0.103452900637198 0.809016994374948 -0.5 0 112 255 255 
0.0739894616291043 0.837725063339358 -0.424841299699797 0 112 255 255 
0.0325656216538806 0.829354861229374 -0.446754773316442 0 112 255 255 
0.023294220473554 0.855671851363555 -0.377855998663561 0 112 255 255 
-0.00533342892847723 0.961020920396077 -0.102048555253259 0 112 255 255 
-0.0389397067617467 0.975933937709286 -0.0630057690524606 0 112 255 255 
-0.00364625591024518 0.979580382244811 -0.0534592533203664 0 112 255 255 
-0.1935673161359 0.880368819516917 -0.313198496618983 0 112 255 255 
-0.131862941574947 0.866763071554836 -0.348818807226078 0 112 255 255 
0.102656524849734 0.809016994374948 -0.5 0 112 255 255 
-0.0004609489033022 0.809016994374947 -0.5 0 112 255 255 
-0.0313049056138553 0.839073633649611 -0.421310696791335 0 112 255 255 
-0.210011174876226 0.832508153749239 -0.438499346322965 0 112 255 255 
-0.309016994374947 0.809016994374948 -0.5 0 112 255 255 
-0.270515172074021 0.832812429185729 -0.437702742888292 0 112 255 255 
-0.249059343096051 0.820882984849083 -0.46893443362853 0 112 255 255 
-0.206291202736659 0.809016994374947 -0.5 0 112 255 255 
0.309016994374947 0.809016994374948 -0.5 0 112 255 255 
0.251119691893911 0.820519695822188 -0.469885536648682 0 112 255 255 
0.271051406352683 0.832481018175582 -0.438570388177101 0 112 255 255 
0.173781479824296 0.857463887506893 -0.373164387131233 0 112 255 255 
0.23308581833042 0.855945041976217 -0.377140776354203 0 112 255 255 
0.18466373817012 0.842464749105729 -0.412432641267444 0 112 255 255 
-0.155127472307969 0.904125949524817 -0.251001522783152 0 112 255 255 
-0.125549481572122 0.883541899825754 -0.304891264521415 0 112 255 255 
-0.0642613675293427 0.868233163730599 -0.344970055943333 0 112 255 255 
0.0301408444661672 0.981371933670284 -0.0487689107958831 0 112 255 255 
-0.116687628480037 0.927883079532717 -0.18880454894732 0 112 255 255 
-0.0453887639489928 0.914567503890774 -0.223665178557697 0 112 255 255 
-0.0834732464916617 0.898312455407462 -0.266221447975786 0 112 255 255 
0.0064700986789976 0.891705259484208 -0.283519311473195 0 112 255 255 
0.00257443491969682 0.919716515574722 -0.210184890960651 0 112 255 255 
-0.0357277997634632 0.935654341407107 -0.168459121224691 0 112 255 255 
0.0587695422327214 0.918385991895352 -0.213668247176077 0 112 255 255 
0.0982782501583616 0.894366087164568 -0.276553174167805 0 112 255 255 
0.0925946272522011 0.942773373182512 -0.149821254069689 0 112 255 255 
0.124907565572067 0.922802879024456 -0.202104686547612 0 112 255 255 
0.160254924414709 0.900957009847165 -0.259297914567545 0 112 255 255 
0.0613677358591841 0.962072653426398 -0.0992950824327861 0 112 255 255 
0.0666942009265084 0.872281496650527 -0.334371382761187 0 112 255 255 
0.19560228325735 0.879111140669873 -0.316491142587478 0 112 255 255 
0.0290408519286438 0.939937299313695 -0.157246191852859 0 112 255 255 
0.144572139974568 0.885747550861106 -0.299116795143542 0 112 255 255 
-0.232013349773094 0.85660786399651 -0.375405485776585 0 112 255 255 
-0.0778794135234937 0.951867875418573 -0.126011538104921 0 112 255 255 
-0.192754301057859 0.84587046561536 -0.403516359689184 0 112 255 255 
-1.33385454577687E-17 1 4.15445976843473E-16 0 112 255 255 
-0.440555121789492 0.834287308947331 -0.196516939496727 0 216 255 255 
-0.488117749737234 0.795591496904089 -0.200451151775403 0 216 255 255 
-0.462157258720659 0.838437381678456 -0.146676769516046 0 216 255 255 
-0.408413385308325 0.747586646419048 -0.462033957022522 0 216 255 255 
-0.353134904250223 0.81749266209759 -0.398211730886509 0 216 255 255 
-0.331075949312585 0.813254828236269 -0.449105865443254 0 216 255 255 
-0.563916318529207 0.803385221418588 -0.0416536031392218 0 216 255 255 
-0.504651894322754 0.846601195702656 -0.0486336977392067 0 216 255 255 
-0.538450335020926 0.812341825101615 -0.0674979350431302 0 216 255 255 
-0.557637239376176 0.655361232672862 -0.405035516700857 0 216 255 255 
-0.565626710710504 0.669473205249489 -0.356714358624395 0 216 255 255 
-0.507867064195712 0.686120892560425 -0.424046031993758 0 216 255 255 
-0.607523469549705 0.62452984685502 -0.385980672345169 0 216 255 255 
-0.439602308291577 0.762185538200909 -0.369621609002608 0 216 255 255 
-0.45809688901525 0.716880552447987 -0.443056547286658 0 216 255 255 
-0.418952984858324 0.830137236216207 -0.246357109477409 0 216 255 255 
-0.461635833794681 0.788158258224429 -0.26712414493009 0 216 255 255 
-0.309016994374947 0.809016994374948 -0.5 0 216 255 255 
-0.3587298816014 0.778292740390109 -0.481011366758386 0 216 255 255 
-0.602101524939281 0.756119634485135 -0.0833072062784437 0 216 255 255 
-0.483572676526375 0.842551583053271 -0.0972673954784135 0 216 255 255 
-0.687803092702494 0.601204135860414 -0.292841920752981 0 216 255 255 
-0.624840387685589 0.638166256792401 -0.321527785763506 0 216 255 255 
-0.657623560492111 0.593566287813152 -0.366844140444631 0 216 255 255 
-0.581482642798819 0.688993385321744 -0.280983162079933 0 216 255 255 
-0.650374718360637 0.649664094781508 -0.24694940173718 0 216 255 255 
-0.514525515650093 0.723595891364204 -0.322668653800356 0 216 255 255 
-0.766064575584424 0.553166434732429 -0.262163168656249 0 216 255 255 
-0.723112156793901 0.606332869464858 -0.215309342937551 0 216 255 255 
-0.604315851984184 0.704450146264672 -0.201995697789948 0 216 255 255 
-0.681977224126554 0.657249622804111 -0.170438087245392 0 216 255 255 
-0.532346308308894 0.74532317245318 -0.238056271500033 0 216 255 255 
-0.544810767972747 0.770097483624158 -0.156115683988613 0 216 255 255 
-0.397164128801705 0.825951292128772 -0.29662807540114 0 216 255 255 
-0.640842291459207 0.708166376143365 -0.125566831553233 0 216 255 255 
-0.525731112119133 0.85065080835204 1.33616058176208E-17 0 216 255 255 
-0.809016994374947 0.5 -0.309016994374948 0 216 255 255 
-0.758539405234305 0.53119686575907 -0.32829771775652 0 216 255 255 
-0.708061816093662 0.562393731518139 -0.347578441138093 0 216 255 255 
-0.375164322946288 0.821724821633676 -0.347385741963008 0 216 255 255 
-0.394093479289147 0.787244299344609 -0.394293373251815 0 216 255 255 
-0.419380039314019 0.388673376682429 -0.78090863896021 0 151 255 255 
-0.3696855009769 0.43549293094231 -0.765358904600472 0 151 255 255 
-0.366761418163403 0.366766357799357 -0.820111455036461 0 151 255 255 
-0.176911410859983 0.449052711472332 -0.835919814811701 0 151 255 255 
-0.237815908687449 0.422654982445668 -0.830848441745867 0 151 255 255 
-0.203272852889907 0.479769928632887 -0.800905121221569 0 151 255 255 
-0.282751480756157 0.461753798207484 -0.781490286790428 0 151 255 255 
-0.300693161252892 0.395402205813872 -0.825612802072466 0 151 255 255 
-0.116006913032518 0.475450440498996 -0.840991187877535 0 151 255 255 
-0.333349934573796 0.745312529888143 -0.539371524287955 0 151 255 255 
-0.263307243854814 0.767113386355003 -0.551868218451465 0 151 255 255 
-0.275389616678467 0.695168443804023 -0.602812299544774 0 151 255 255 
-0.432829675073913 0.338130509784842 -0.814610108000455 0 151 255 255 
-0.476579855541226 0.370331728589451 -0.771122404619218 0 151 255 255 
-0.453065496494137 0.431893119798399 -0.733075372457359 0 151 255 255 
-0.429551137447047 0.493454511007348 -0.6950283402955 0 151 255 255 
-0.338054125275742 0.508631827209853 -0.721711382750204 0 151 255 255 
-0.247636720907903 0.526888032150146 -0.745542377023388 0 151 255 255 
-0.167104374043577 0.535316074145891 -0.772867523529805 0 151 255 255 
-0.100793518055409 0.544414735596628 -0.793685898889954 0 151 255 255 
-0.0580034565162587 0.500590776309065 -0.845820998114788 0 151 255 255 
-0.199903722505717 0.598589191324298 -0.709790207285288 0 151 255 255 
-0.295399527407165 0.575409518051272 -0.687656423414825 0 151 255 255 
-0.254361605638416 0.635914556140639 -0.657806097055396 0 151 255 255 
-0.405732702289433 0.555811983808818 -0.656489302651644 0 151 255 255 
-0.328361551213981 0.626633911400537 -0.633893815786231 0 151 255 255 
-0.173066613360939 0.684386879107444 -0.654266955753533 0 151 255 255 
-0.357682874772645 0.681608065401339 -0.578743048575911 0 151 255 255 
-0.381914267131819 0.618169456610288 -0.617950265007789 0 151 255 255 
-0.217597493334681 0.725209778335059 -0.60373643690293 0 151 255 255 
-0.129269774664342 0.644236899281004 -0.70396453605422 0 151 255 255 
-0.5 0.309016994374948 -0.809016994374947 0 151 255 255 
-0.0854729359677436 0.604086919454563 -0.753662116354907 0 151 255 255 
-0.136362056791929 0.585194180080242 -0.746960644132818 0 151 255 255 
-0.0424101385482888 0.564609859029298 -0.802526758105678 0 151 255 255 
-0.309016994374947 0.809016994374948 -0.5 0 151 255 255 
2.28885766401349E-16 0.525731112119134 -0.85065080835204 0 151 255 255 
-0.637153571928856 0.332233735272273 -0.620355790445284 0 112 255 255 
-0.626167393672889 0.386992731936782 -0.604873863140224 0 112 255 255 
-0.592872410792732 0.366415300861999 -0.658746277095164 0 112 255 255 
-0.5 0.309016994374948 -0.809016994374947 0 112 255 255 
-0.557771955865677 0.258104474752719 -0.762343839494833 0 112 255 255 
-0.529788713956287 0.327427432081082 -0.760817842712526 0 112 255 255 
-0.560934653842665 0.346676681542424 -0.710422653364806 0 112 255 255 
-0.615543911731353 0.20719195513049 -0.715670684614718 0 112 255 255 
-0.602120053420895 0.29262927728597 -0.686741884150619 0 112 255 255 
-0.65392763908869 0.246230642408405 -0.645288372391175 0 112 255 255 
-0.673981869267648 0.15569251019795 -0.668459476302667 0 112 255 255 
-0.709709982404483 0.197000434020867 -0.600260999656375 0 112 255 255 
-0.732419826803944 0.104193065265409 -0.621248267990617 0 112 255 255 
-0.687115386694433 0.292787939538645 -0.577515424649956 0 112 255 255 
-0.791305629309696 0.0522989493293765 -0.573675251993357 0 112 255 255 
-0.85065080835204 1.02764259450472E-17 -0.525731112119133 0 112 255 255 
-0.844345571796247 0.0757225432104528 -0.492910823828735 0 112 255 255 
-0.770551733656285 0.142174108576931 -0.551760811595193 0 112 255 255 
-0.745274047521511 0.23734568653608 -0.532793353510335 0 112 255 255 
-0.801432749503816 0.185121887947071 -0.488900294316091 0 112 255 255 
-0.721553923798278 0.334030333620949 -0.511008274587996 0 112 255 255 
-0.781280509071768 0.272959415512016 -0.4673143162564 0 112 255 255 
-0.661510364967183 0.408835889460067 -0.547687734322645 0 112 255 255 
-0.696853336261477 0.430679046983353 -0.490501605505065 0 112 255 255 
-0.838040335240455 0.151445086420906 -0.460090535538336 0 112 255 255 
-0.832006541905544 0.223907740673896 -0.428683175166658 0 112 255 255 
-0.825972748570633 0.296370394926887 -0.397275814794981 0 112 255 255 
-0.763213997232026 0.358897370937849 -0.444076532483357 0 112 255 255 
-0.820170986783785 0.366046473486981 -0.36707623500893 0 112 255 255 
-0.771234736640583 0.476649280548454 -0.370149971560858 0 112 255 255 
-0.814593990579366 0.433023236743491 -0.338046614691938 0 112 255 255 
-0.73404403645103 0.453664163765903 -0.430325788532962 0 112 255 255 
-0.809016994374947 0.5 -0.309016994374948 0 112 255 255 
-0.520809951363745 0.390513836077018 -0.706710201309133 0 216 255 255 
-0.560934653842665 0.346676681542424 -0.710422653364806 0 216 255 255 
-0.592872410792732 0.366415300861999 -0.658746277095164 0 216 255 255 
-0.487334677038983 0.431849448243696 -0.698849863467216 0 216 255 255 
-0.453065496494137 0.431893119798399 -0.733075372457359 0 216 255 255 
-0.758539405234305 0.53119686575907 -0.32829771775652 0 216 255 255 
-0.731550581467668 0.497329583933684 -0.389153823348544 0 216 255 255 
-0.771234736640583 0.476649280548454 -0.370149971560858 0 216 255 255 
-0.617719801308679 0.503942425376642 -0.496371762064574 0 216 255 255 
-0.661510364967183 0.408835889460067 -0.547687734322645 0 216 255 255 
-0.666759488254033 0.462889422281859 -0.488385078214002 0 216 255 255 
-0.583424034462086 0.465648154504582 -0.568961799783227 0 216 255 255 
-0.541532922033698 0.547876171324631 -0.528624895391566 0 216 255 255 
-0.500868758961379 0.506570118598556 -0.610595111189959 0 216 255 255 
-0.455406247867962 0.602725315782062 -0.559902425099871 0 216 255 255 
-0.405732702289433 0.555811983808818 -0.656489302651644 0 216 255 255 
-0.462322477186065 0.492047445920126 -0.663664065643704 0 216 255 255 
-0.668131710677474 0.502838457173977 -0.447063820898444 0 216 255 255 
-0.513218193231322 0.623082631405754 -0.481733164112819 0 216 255 255 
-0.578560496370761 0.585288382280189 -0.454185110098945 0 216 255 255 
-0.607523469549705 0.62452984685502 -0.385980672345169 0 216 255 255 
-0.637277434195333 0.557305354703828 -0.423451199850734 0 216 255 255 
-0.657623560492111 0.593566287813152 -0.366844140444631 0 216 255 255 
-0.694105566773265 0.533666728723989 -0.390261693252641 0 216 255 255 
-0.702136571463693 0.49114480453968 -0.424752612746522 0 216 255 255 
-0.557637239376176 0.655361232672862 -0.405035516700857 0 216 255 255 
-0.408413385308325 0.747586646419048 -0.462033957022522 0 216 255 255 
-0.454234114592058 0.675739067182334 -0.488060806975502 0 216 255 255 
-0.45809688901525 0.716880552447987 -0.443056547286658 0 216 255 255 
-0.392822869909647 0.692773665951364 -0.532437452888884 0 216 255 255 
-0.476579855541226 0.370331728589451 -0.771122404619218 0 216 255 255 
-0.5 0.309016994374948 -0.809016994374947 0 216 255 255 
-0.529788713956287 0.327427432081082 -0.760817842712526 0 216 255 255 
-0.626167393672889 0.386992731936782 -0.604873863140224 0 216 255 255 
-0.55544968878293 0.441994951682065 -0.6205893482849 0 216 255 255 
-0.560564393916949 0.406398932996251 -0.651070661836695 0 216 255 255 
-0.49818748908349 0.671451220439928 -0.448395279226476 0 216 255 255 
-0.429551137447047 0.493454511007348 -0.6950283402955 0 216 255 255 
-0.4679407353256 0.458912992675975 -0.691180260748319 0 216 255 255 
-0.507522524972449 0.446077844423391 -0.664433619354054 0 216 255 255 
-0.73404403645103 0.453664163765903 -0.430325788532962 0 216 255 255 
-0.692477871168292 0.468170642103364 -0.457385475478239 0 216 255 255 
-0.696853336261477 0.430679046983353 -0.490501605505065 0 216 255 255 
-0.809016994374947 0.5 -0.309016994374948 0 216 255 255 
-0.3587298816014 0.778292740390109 -0.481011366758386 0 216 255 255 
-0.309016994374947 0.809016994374948 -0.5 0 216 255 255 
-0.333349934573796 0.745312529888143 -0.539371524287955 0 216 255 255 
-0.357682874772645 0.681608065401339 -0.578743048575911 0 216 255 255 
-0.381914267131819 0.618169456610288 -0.617950265007789 0 216 255 255 
-0.507867064195712 0.686120892560425 -0.424046031993758 0 216 255 255 
-0.708061816093662 0.562393731518139 -0.347578441138093 0 216 255 255 
-0.625402673749675 0.727277510052978 -0.0419434614524539 0 151 255 255 
-0.563916318529207 0.803385221418588 -0.0416536031392218 0 151 255 255 
-0.602101524939281 0.756119634485135 -0.0833072062784437 0 151 255 255 
-0.662564136055424 0.681279111921413 0.0385492167885221 0 151 255 255 
-0.609564552033901 0.746881911579063 0.0227529234539297 0 151 255 255 
-0.809016994374947 0.5 0.309016994374948 0 151 255 255 
-0.762813283684654 0.557190878604338 0.258616558981591 0 151 255 255 
-0.809016994374948 0.5 0.232384211660064 0 151 255 255 
-0.766064575584424 0.553166434732429 -0.262163168656249 0 151 255 255 
-0.809016994374947 0.5 -0.309016994374948 0 151 255 255 
-0.809016994374948 0.5 -0.232564242687519 0 151 255 255 
-0.772099611984411 0.545696276406013 -0.157796089280131 0 151 255 255 
-0.723112156793901 0.606332869464858 -0.215309342937551 0 151 255 255 
-0.809016994374948 0.5 -0.155126472544191 0 151 255 255 
-0.769851100263727 0.548479480588899 0.154508981636577 0 151 255 255 
-0.809016994374948 0.5 0.15575142894518 0 151 255 255 
-0.574305096434073 0.790526008876392 0.0529860031085628 0 151 255 255 
-0.525731112119133 0.85065080835204 1.33616058176208E-17 0 151 255 255 
-0.809016994374948 0.5 -0.0776887024008628 0 151 255 255 
-0.722436695913755 0.607168953853347 -0.110801920748869 0 151 255 255 
-0.765972174443839 0.553280808715279 -0.0507774314846851 0 151 255 255 
-0.681977224126554 0.657249622804111 -0.170438087245392 0 151 255 255 
-0.675258233918828 0.665566378051099 -0.0690891808303074 0 151 255 255 
-0.640842291459207 0.708166376143365 -0.125566831553233 0 151 255 255 
-0.809016994374948 0.5 0.000350018306998379 0 151 255 255 
-0.718123175236157 0.612508222793961 -0.00604493737400202 0 151 255 255 
-0.764909592511922 0.554596070917547 0.0462887230042981 0 151 255 255 
-0.809016994374948 0.5 0.0783887390148596 0 151 255 255 
-0.717243501814122 0.613597081137576 0.100534404514099 0 151 255 255 
-0.669399834252668 0.672817895713152 0.156718281708453 0 151 255 255 
-0.622190095510975 0.731254034217627 0.105220439828671 0 151 255 255 
-0.716609572994361 0.614381757208676 0.208216123588235 0 151 255 255 
-0.946543970667662 5.36930835053285E-18 -0.188173082426905 0 112 255 255 
-0.923747669085459 0.0871174539227048 -0.205124880332676 0 112 255 255 
-0.925794237751435 0.039827471036239 -0.232278841454835 0 112 255 255 
-0.828335661817618 0.449423072017734 -0.277758733835351 0 112 255 255 
-0.809016994374947 0.5 -0.309016994374948 0 112 255 255 
-0.814593990579366 0.433023236743491 -0.338046614691938 0 112 255 255 
-0.935722387878718 0.125179330714549 -0.135318537456224 0 112 255 255 
-0.960612941279274 0.103116658447749 -0.0637295997270224 0 112 255 255 
-0.941091931246628 0.154223326207943 -0.095315257454571 0 112 255 255 
-0.825972748570633 0.296370394926887 -0.397275814794981 0 112 255 255 
-0.846667091753167 0.245058537734237 -0.36170893072379 0 112 255 255 
-0.845277893667628 0.286907627927535 -0.336193968442889 0 112 255 255 
-0.964301962450246 5.36800789140882E-18 -0.125662340548459 0 112 255 255 
-0.837316062724432 0.328553258110008 -0.333963462488844 0 112 255 255 
-0.820170986783785 0.366046473486981 -0.36707623500893 0 112 255 255 
-0.833960743057241 0.372947205422414 -0.313520590312459 0 112 255 255 
-0.832006541905544 0.223907740673896 -0.428683175166658 0 112 255 255 
-0.851410334470524 0.182873152910796 -0.390192345695401 0 112 255 255 
-0.838040335240455 0.151445086420906 -0.460090535538336 0 112 255 255 
-0.849679650445331 0.304309481065665 -0.308055951062239 0 112 255 255 
-0.850264808845402 0.33585537857225 -0.283076671340584 0 112 255 255 
-0.866753914844576 0.260246467800878 -0.279965683144594 0 112 255 255 
-0.873106595911254 0.145612228415329 -0.340889961889351 0 112 255 255 
-0.861702563498886 0.207138327212392 -0.33633250525869 0 112 255 255 
-0.879131243127756 0.0598951863519353 -0.381959394369437 0 112 255 255 
-0.856938878513839 0.124076997008019 -0.413448965595579 0 112 255 255 
-0.844345571796247 0.0757225432104528 -0.492910823828735 0 112 255 255 
-0.85065080835204 1.02764259450472E-17 -0.525731112119133 0 112 255 255 
-0.871827313249673 8.3407745619075E-18 -0.451186701481335 0 112 255 255 
-0.872975012731527 0.193508927574937 -0.30655416513699 0 112 255 255 
-0.890336976671393 0.16103868687115 -0.269028510255327 0 112 255 255 
-0.847654329260288 0.398846144035467 -0.246500473295755 0 112 255 255 
-0.866224152740544 0.350229714999071 -0.216453867739614 0 112 255 255 
-0.8847939762208 0.301613285962675 -0.186407262183474 0 112 255 255 
-0.903287341498767 0.200559587660587 -0.194727706914372 0 112 255 255 
-0.921915959869417 0.204426671040778 -0.126342630910194 0 112 255 255 
-0.903354968045108 0.253019978501726 -0.156374946546834 0 112 255 255 
-0.928785978885078 5.37060784405728E-18 -0.250683824305351 0 112 255 255 
-0.891420639910416 7.01212076638194E-18 -0.382215310998376 0 112 255 255 
-0.904085311836206 0.0721924302222513 -0.285182933086027 0 112 255 255 
-0.911013966571158 5.68346693371793E-18 -0.313243920515418 0 112 255 255 
-0.98013395131192 0.0520099906875541 -0.0321439419994738 0 112 255 255 
-0.982045933701493 5.67826639706742E-18 -0.0632009530016342 0 112 255 255 
-1 3.89890304137225E-16 -1.03369456235614E-19 0 112 255 255 
-0.847137601394963 0.280227965252233 0.334500582832284 0 216 255 255 
-0.868417300983459 0.254764206875216 0.278093415094582 0 216 255 255 
-0.850566648562622 0.230561846280972 0.35851438029261 0 216 255 255 
-0.879901811913575 0.0617832514282855 0.377875119379686 0 216 255 255 
-0.911057276203906 6.23434027736392E-19 0.313091464240705 0 216 255 255 
-0.895830998353208 -1.00298599684853E-18 0.366690200862939 0 216 255 255 
-0.851572448223663 0.295960095445841 0.307459208336364 0 216 255 255 
-0.840429660509265 0.364443666935081 0.296927232161999 0 216 255 255 
-0.853570876499439 0.316602706423827 0.28542671222945 0 216 255 255 
-0.839211603947638 0.322849863545279 0.331434637403416 0 216 255 255 
-0.868223368833171 0.344995699317716 0.213219068150887 0 216 255 255 
-0.844390196049254 0.0751866296255068 0.493143103908233 0 216 255 255 
-0.88060472050251 -2.62940602143345E-18 0.420288937485172 0 216 255 255 
-0.838129583746468 0.150373259251013 0.460555095697332 0 216 255 255 
-0.856338353129995 0.124292201032802 0.415406548360553 0 216 255 255 
-0.870055116637377 0.156378967220304 0.34380912393623 0 216 255 255 
-0.873372204322149 0.195356241874764 0.303813839940945 0 216 255 255 
-0.865194294920413 0.210317689557951 0.321731155339894 0 216 255 255 
-0.825920005257433 0.297003814113857 0.397001273034448 0 216 255 255 
-0.831946882972817 0.224624212779478 0.42837263592616 0 216 255 255 
-0.889822104747348 0.159964103845585 0.271621665393074 0 216 255 255 
-0.865627764427275 1.85441376137836E-17 0.473010024802153 0 216 255 255 
-0.888263102375332 0.292530995778848 0.18079409815418 0 216 255 255 
-0.926167328134788 -2.23573634644476E-19 0.259901859943913 0 216 255 255 
-0.922941541962393 0.0389833870997279 0.242934012916504 0 216 255 255 
-0.941105537058695 -6.81895292078214E-21 0.207317168296266 0 216 255 255 
-0.985405055949766 3.84667287996358E-18 0.0513763488250587 0 216 255 255 
-0.970724400966184 2.02830430438325E-18 0.103054412736839 0 216 255 255 
-0.963487443050036 0.047787579344666 0.0938098598846014 0 216 255 255 
-0.82022568996546 0.365389517320232 0.367360978361078 0 216 255 255 
-0.956043745982601 2.09935728802911E-19 0.154732476648619 0 216 255 255 
-0.938495740608692 0.104132566874926 0.140847297111051 0 216 255 255 
-0.921830902352949 0.0827082640064906 0.215075645024906 0 216 255 255 
-0.97653458433438 0.0614332557727382 0.0379678401071177 0 216 255 255 
-1 3.89890304137225E-16 -1.03369456235614E-19 0 216 255 255 
-0.953721130458591 0.121159653420331 0.0748807838789222 0 216 255 255 
-0.930907676582802 0.180886051067925 0.111793727650727 0 216 255 255 
-0.905875020315217 0.189758784690292 0.193465939730986 0 216 255 255 
-0.909585389479067 0.236708523423386 0.146293912902453 0 216 255 255 
-0.902490557296163 0.0732252843924209 0.290046291050074 0 216 255 255 
-0.828600314832979 0.448730201428292 0.277330516261271 0 216 255 255 
-0.848183635291011 0.397460402856585 0.245644038147595 0 216 255 255 
-0.814621342170204 0.432694758660116 0.338188986368012 0 216 255 255 
-0.85065080835204 3.59457219623497E-16 0.525731112119134 0 216 255 255 
-0.849215057303302 0.177738897638898 0.401650298881284 0 216 255 255 
-0.809016994374947 0.5 0.309016994374948 0 216 255 255 
-0.822729803072055 0.464099400749747 0.146269611979832 0 151 255 255 
-0.837149470745075 0.426348220675302 0.168329973537938 0 151 255 255 
-0.822772614320296 0.463987319446753 0.215342562315652 0 151 255 255 
-0.835692941545009 0.430161463626682 0.113243393199354 0 151 255 255 
-0.828335661817618 0.449423072017734 -0.277758733835351 0 151 255 255 
-0.847685512647038 0.398764504869072 -0.222315240765379 0 151 255 255 
-0.841198736372617 0.41574710563292 -0.17689401681864 0 151 255 255 
-0.97653458433438 0.0614332557727382 0.0379678401071177 0 151 255 255 
-0.953721130458591 0.121159653420331 0.0748807838789222 0 151 255 255 
-0.952086058660025 0.125440326963023 0.0329901881607334 0 151 255 255 
-0.937266528198924 0.164238361407501 0.0552447240180008 0 151 255 255 
-0.931847217284296 0.178426301577599 0.0038742239813198 0 151 255 255 
-0.963501816471661 0.0955534850048232 -0.00945302245652414 0 151 255 255 
-0.809016994374947 0.5 0.309016994374948 0 151 255 255 
-0.809016994374948 0.5 0.232384211660064 0 151 255 255 
-0.893572023579611 0.278632059622451 -0.000378535448139126 0 151 255 255 
-0.893349705267235 0.279214096520574 -0.0968885613412312 0 151 255 255 
-0.92060193227892 0.207866839934854 -0.0600740383869006 0 151 255 255 
-0.921915959869417 0.204426671040778 -0.126342630910194 0 151 255 255 
-0.833011181181496 0.437182403408041 -0.103655057162212 0 151 255 255 
-0.84760242854096 0.398982021882708 -0.0892871802014101 0 151 255 255 
-0.842761062090577 0.411656883801804 -0.0660526277813043 0 151 255 255 
-0.888263102375332 0.292530995778848 0.18079409815418 0 151 255 255 
-0.877652510888875 0.320309884931133 0.154651588969474 0 151 255 255 
-0.883974642591078 0.303758329253412 0.13224086908422 0 151 255 255 
-0.909585389479067 0.236708523423386 0.146293912902453 0 151 255 255 
-0.900643369326812 0.260119036110077 0.0859639474487727 0 151 255 255 
-0.918422519798736 0.21357261588348 0.0516298000829889 0 151 255 255 
-0.862699305783622 0.359457884137433 -0.0649277988896211 0 151 255 255 
-0.870402180600318 0.339291496056238 -0.119289614252065 0 151 255 255 
-0.868800671185351 0.343484302137926 0.0723905097595198 0 151 255 255 
-0.809016994374948 0.5 0.000350018306998379 0 151 255 255 
-0.809016994374948 0.5 -0.0776887024008628 0 151 255 255 
-0.828604322738417 0.448719708595632 -0.0403666762082453 0 151 255 255 
-0.846072000601551 0.402988734245414 -0.0261399473492729 0 151 255 255 
-0.860857484089131 0.364279835934828 0.00336839190572067 0 151 255 255 
-0.835437828306006 0.430829358757372 0.0372789742270855 0 151 255 255 
-0.930907676582802 0.180886051067925 0.111793727650727 0 151 255 255 
-0.866224152740544 0.350229714999071 -0.216453867739614 0 151 255 255 
-0.8847939762208 0.301613285962675 -0.186407262183474 0 151 255 255 
-0.873884685792117 0.33017417909811 -0.17927690237357 0 151 255 255 
-0.809016994374948 0.5 -0.155126472544191 0 151 255 255 
-0.86141912770935 0.362809433847531 0.149383033061938 0 151 255 255 
-0.868223368833171 0.344995699317716 0.213219068150887 0 151 255 255 
-0.852877729778008 0.385171103943222 -0.120169724180831 0 151 255 255 
-0.862977182156033 0.358730394349792 -0.165191581316608 0 151 255 255 
-0.943297962431732 0.1484478615851 -0.0451298677183436 0 151 255 255 
-0.854669311337318 0.380480682527329 -0.194527935297893 0 151 255 255 
-0.941091931246628 0.154223326207943 -0.095315257454571 0 151 255 255 
-0.848183635291011 0.397460402856585 0.245644038147595 0 151 255 255 
-0.828600314832979 0.448730201428292 0.277330516261271 0 151 255 255 
-0.844317530525422 0.407581996536964 0.211661090757589 0 151 255 255 
-0.809016994374948 0.5 0.0783887390148596 0 151 255 255 
-0.817823939018634 0.476943119585791 0.0386725771829812 0 151 255 255 
-0.809016994374948 0.5 0.15575142894518 0 151 255 255 
-0.903354968045108 0.253019978501726 -0.156374946546834 0 151 255 255 
-0.809016994374947 0.5 -0.309016994374948 0 151 255 255 
-0.809016994374948 0.5 -0.232564242687519 0 151 255 255 
-0.881238106764502 0.31092267305882 -0.150287831714004 0 151 255 255 
-0.850337642186429 0.391821139592378 0.0930739775619743 0 151 255 255 
-1 3.89890304137225E-16 -1.03369456235614E-19 0 151 255 255 
-0.960612941279274 0.103116658447749 -0.0637295997270224 0 151 255 255 
-0.98013395131192 0.0520099906875541 -0.0321439419994738 0 151 255 255 
-0.847654329260288 0.398846144035467 -0.246500473295755 0 151 255 255 
0.612553821189874 0.743181799037001 0.0947088940221268 0 112 255 255 
0.565450836277204 0.757717668462665 0.147337293825076 0 112 255 255 
0.648062189908001 0.699229597483131 0.133442519888186 0 112 255 255 
0.500339243553856 0.84577267515342 0.058583789624749 0 112 255 255 
0.474947374988579 0.8408945419548 0.117167579249498 0 112 255 255 
0.582799366508912 0.780011815071939 0.0622518153934316 0 112 255 255 
0.553044911827951 0.816841831106877 0.0297947367647365 0 112 255 255 
0.396141500192518 0.786686966848243 0.391827636579524 0 112 255 255 
0.354308866961924 0.817718196758939 0.395503179353455 0 112 255 255 
0.410567162824829 0.746255538709643 0.461211287215423 0 112 255 255 
0.377244490988402 0.822124451017345 0.342586405252121 0 112 255 255 
0.443024855460897 0.760760987039864 0.366672946940975 0 112 255 255 
0.686349882208561 0.651837153679659 0.175207917803736 0 112 255 255 
0.611793642187034 0.698866169039674 0.201426581828164 0 112 255 255 
0.655049771442666 0.645800493231684 0.247478903842738 0 112 255 255 
0.72463757450912 0.604444709876188 0.216973315719286 0 112 255 255 
0.540565144751393 0.740645712366121 0.233961506778622 0 112 255 255 
0.766827284442034 0.552222354938094 0.262995155047117 0 112 255 255 
0.691481533086708 0.598508537387029 0.292440183559464 0 112 255 255 
0.809016994374947 0.5 0.309016994374948 0 112 255 255 
0.760433304675419 0.530026371533187 0.327574312541289 0 112 255 255 
0.71184961497589 0.560052743066374 0.346131630707631 0 112 255 255 
0.586866637073001 0.685594766597969 0.279095684814007 0 112 255 255 
0.519117826420026 0.721140719662481 0.320004315805401 0 112 255 255 
0.570482976318223 0.666533988539744 0.354711808201283 0 112 255 255 
0.629993000083736 0.63462979607601 0.320396080772639 0 112 255 255 
0.468149848629217 0.784405439303577 0.263987109145254 0 112 255 255 
0.613185372959729 0.621030598106607 0.383818017683559 0 112 255 255 
0.662891709622086 0.590310392593025 0.364831886534784 0 112 255 255 
0.511916065575182 0.683618472087418 0.422499451087296 0 112 255 255 
0.562570618108907 0.652312236936659 0.40315113370433 0 112 255 255 
0.461261513041457 0.714924707238177 0.441847768470261 0 112 255 255 
0.400759490480859 0.82664201140857 0.288332903594664 0 112 255 255 
0.492012077921876 0.79614951113036 0.19191805525383 0 112 255 255 
0.309016994374947 0.809016994374948 0.5 0 112 255 255 
0.359792078599888 0.777636266542295 0.480605643607711 0 112 255 255 
0.331662930668436 0.813367595566943 0.447751589676727 0 112 255 255 
0.458843221079095 0.811999058247325 0.215637449765626 0 112 255 255 
0.425323482748715 0.831361097987977 0.231659179419362 0 112 255 255 
0.449887475016571 0.836080184567384 0.17498545524406 0 112 255 255 
0.525731112119133 0.85065080835204 2.81015666363529E-18 0 112 255 255 
0.420668784665956 0.387862446904888 0.780997851260035 0 216 255 255 
0.434098456709692 0.337580583999226 0.814504459563251 0 216 255 255 
0.476805652399563 0.369740584739773 0.77148775161056 0 216 255 255 
0.120004832489325 0.548972004692572 0.782052571800543 0 216 255 255 
0.14470746694991 0.58910929380291 0.740399864319051 0 216 255 255 
0.0849162805905793 0.603576615450243 0.754293769828759 0 216 255 255 
0.371988064911379 0.433732732683578 0.765760754314812 0 216 255 255 
0.368834987713362 0.365867614208155 0.819938793818637 0 216 255 255 
0.324737083759993 0.621076560761521 0.639746908164421 0 216 255 255 
0.301423960291031 0.571159443234851 0.688431118548987 0 216 255 255 
0.409351637592007 0.546337488183592 0.662344862974296 0 216 255 255 
0.117779663580056 0.474682080357215 0.840843575144487 0 216 255 255 
0.0424581402952897 0.564653863784689 0.802472289090399 0 216 255 255 
0.058043132576386 0.500573579584333 0.845817694383374 0 216 255 255 
0.5 0.309016994374948 0.809016994374947 0 216 255 255 
0.180031092638393 0.546160602366132 0.758982485427319 0 216 255 255 
0.211649153671299 0.60473981659679 0.700057726744701 0 216 255 255 
0.341026137841675 0.507042516134607 0.721698441758043 0 216 255 255 
0.2530426204882 0.529822023509753 0.740982633083111 0 216 255 255 
0.38758191456827 0.603331362985405 0.627120711196219 0 216 255 255 
0.367348088280261 0.656304207929875 0.594381692539759 0 216 255 255 
0.293917747289718 0.689775881674065 0.59921507425337 0 216 255 255 
0.34770685823193 0.707725615777261 0.562601514740704 0 216 255 255 
0.263094611935398 0.766918459791144 0.552109498237955 0 216 255 255 
0.217172229495849 0.724819925207341 0.60421899647591 0 216 255 255 
0.28473015831823 0.462316194677759 0.780219667359103 0 216 255 255 
0.431121360615744 0.489343613381779 0.697569014752373 0 216 255 255 
0.172492547953816 0.683860614765062 0.654918364908107 0 216 255 255 
0.127812866411783 0.642901304322782 0.705617733340304 0 216 255 255 
0.271545865311827 0.61337089110326 0.668131117642309 0 216 255 255 
0.453963506507653 0.429542099060776 0.734528383181466 0 216 255 255 
0.178362893797369 0.44842359778394 0.835798953270489 0 216 255 255 
0.200546945203256 0.485938553629169 0.797248275041129 0 216 255 255 
0.303571518717032 0.394154644417085 0.825373128074023 0 216 255 255 
0.240967206257201 0.421289121100512 0.830586040672256 0 216 255 255 
0.328361926303439 0.758371305076104 0.531300757370352 0 216 255 255 
2.3967491328123E-17 0.525731112119134 0.85065080835204 0 216 255 255 
0.248373263524986 0.656507743819878 0.644288717111128 0 216 255 255 
0.154590633477758 0.513938310261272 0.794781726853369 0 216 255 255 
0.309016994374947 0.809016994374948 0.5 0 216 255 255 
0.781221670281274 0.417719014740939 0.389168955101126 0 151 255 255 
0.814812930704176 0.430393882092842 0.339186251238642 0 151 255 255 
0.771750206080207 0.476967858182304 0.369315924487383 0 151 255 255 
0.826518523576608 0.289815926889498 0.400116706310991 0 151 255 255 
0.820665727140392 0.36010490449117 0.369651478774817 0 151 255 255 
0.765749854321443 0.367145404576005 0.436363462835683 0 151 255 255 
0.677018770946457 0.307223969695476 0.582679761931452 0 151 255 255 
0.720568754268084 0.339474084776421 0.509331776741229 0 151 255 255 
0.662440910456337 0.409410998200442 0.546182080093115 0 151 255 255 
0.809016994374947 0.5 0.309016994374948 0 151 255 255 
0.62732582375308 0.38770868109993 0.602999483896885 0 151 255 255 
0.79442070300784 0.20741418453324 0.485858663749038 0 151 255 255 
0.778916042210163 0.147543087015279 0.538119248341287 0 151 255 255 
0.838480992294179 0.146153029176682 0.462384262571803 0 151 255 255 
0.844533804468546 0.0734619687600522 0.493890620623962 0 151 255 255 
0.832499757935393 0.21798447803309 0.431250484441397 0 151 255 255 
0.780359668724714 0.278129107062312 0.465703302885072 0 151 255 255 
0.743278997377452 0.24692056267033 0.530181366948819 0 151 255 255 
0.697555997159594 0.431113315300955 0.489364676289346 0 151 255 255 
0.85065080835204 -2.48724998307062E-16 0.525731112119134 0 151 255 255 
0.791193249880755 0.0523979856142892 0.573766041761744 0 151 255 255 
0.73173569140947 0.104795971228579 0.621800971404354 0 151 255 255 
0.708768857032901 0.201657907123784 0.598952811329292 0 151 255 255 
0.67330154322397 0.156292059105881 0.669009102195192 0 151 255 255 
0.650751731636218 0.247351834947641 0.648760651701193 0 151 255 255 
0.614867395038469 0.207788146983183 0.716217232986032 0 151 255 255 
0.600856079909899 0.291129249805868 0.689175466574306 0 151 255 255 
0.557433697519235 0.258402570679065 0.76261711368049 0 151 255 255 
0.629697743665613 0.320019676971656 0.636529535190885 0 151 255 255 
0.594593610829949 0.367479060986436 0.65596131693351 0 151 255 255 
0.561861397906818 0.347249440872943 0.708923149970135 0 151 255 255 
0.5 0.309016994374948 0.809016994374947 0 151 255 255 
0.53037846017893 0.327791915291412 0.759863613279554 0 151 255 255 
0.734483417785467 0.453935716364608 0.429614854599819 0 151 255 255 
0.561861397906818 0.347249440872943 0.708923149970135 0 112 255 255 
0.540075647766599 0.373525169821137 0.704433171162159 0 112 255 255 
0.53037846017893 0.327791915291412 0.759863613279554 0 112 255 255 
0.641234593514772 0.559019261253598 0.417780133981525 0 112 255 255 
0.662891709622086 0.590310392593025 0.364831886534784 0 112 255 255 
0.613185372959729 0.621030598106607 0.383818017683559 0 112 255 255 
0.697207894727297 0.477490620988085 0.443335473034514 0 112 255 255 
0.722233380506824 0.498113902098828 0.397686706144242 0 112 255 255 
0.674201247182615 0.509093888375073 0.434738853192207 0 112 255 255 
0.668283699165111 0.471600716304484 0.478149573280301 0 112 255 255 
0.662440910456337 0.409410998200442 0.546182080093115 0 112 255 255 
0.691994383858761 0.448710273431715 0.477329331459419 0 112 255 255 
0.34770685823193 0.707725615777261 0.562601514740704 0 112 255 255 
0.367348088280261 0.656304207929875 0.594381692539759 0 112 255 255 
0.410567162824829 0.746255538709643 0.461211287215423 0 112 255 255 
0.697555997159594 0.431113315300955 0.489364676289346 0 112 255 255 
0.507263929108424 0.622215590305869 0.488554469335602 0 112 255 255 
0.511916065575182 0.683618472087418 0.422499451087296 0 112 255 255 
0.456689691856099 0.680744402174145 0.480599894719651 0 112 255 255 
0.695289364604531 0.541609975897221 0.381134648248143 0 112 255 255 
0.581413797610715 0.584022736958845 0.452597454180335 0 112 255 255 
0.544665035645256 0.540866506488082 0.532502446616557 0 112 255 255 
0.71184961497589 0.560052743066374 0.346131630707631 0 112 255 255 
0.760433304675419 0.530026371533187 0.327574312541289 0 112 255 255 
0.465966990318292 0.483778797139292 0.66828820129231 0 112 255 255 
0.431121360615744 0.489343613381779 0.697569014752373 0 112 255 255 
0.470192538329154 0.451669212308949 0.696172238111792 0 112 255 255 
0.484203627947519 0.427428007307968 0.706402353494408 0 112 255 255 
0.515707206256563 0.428253544654931 0.674073237838402 0 112 255 255 
0.506221171112994 0.49646538795793 0.615347429678971 0 112 255 255 
0.453963506507653 0.429542099060776 0.734528383181466 0 112 255 255 
0.38758191456827 0.603331362985405 0.627120711196219 0 112 255 255 
0.409351637592007 0.546337488183592 0.662344862974296 0 112 255 255 
0.464339324138401 0.574579321888694 0.5791153427228 0 112 255 255 
0.734483417785467 0.453935716364608 0.429614854599819 0 112 255 255 
0.6215771508058 0.506155026223718 0.490301811720376 0 112 255 255 
0.359792078599888 0.777636266542295 0.480605643607711 0 112 255 255 
0.499710223011706 0.393422433997935 0.724901331740254 0 112 255 255 
0.562570618108907 0.652312236936659 0.40315113370433 0 112 255 255 
0.587174841095203 0.461760975593437 0.569098172061255 0 112 255 255 
0.328361926303439 0.758371305076104 0.531300757370352 0 112 255 255 
0.309016994374947 0.809016994374948 0.5 0 112 255 255 
0.433334769110805 0.636207356161368 0.548491863477721 0 112 255 255 
0.565580143700315 0.428865001812546 0.623588843237034 0 112 255 255 
0.62732582375308 0.38770868109993 0.602999483896885 0 112 255 255 
0.416785666713376 0.680069251684223 0.521179070352295 0 112 255 255 
0.594593610829949 0.367479060986436 0.65596131693351 0 112 255 255 
0.476805652399563 0.369740584739773 0.77148775161056 0 112 255 255 
0.771750206080207 0.476967858182304 0.369315924487383 0 112 255 255 
0.461261513041457 0.714924707238177 0.441847768470261 0 112 255 255 
0.809016994374947 0.5 0.309016994374948 0 112 255 255 
0.5 0.309016994374948 0.809016994374947 0 112 255 255 
-0.0600557598644701 0.380638953950553 0.879473210927924 0 216 255 255 
-2.9352866095711E-18 0.307505691464047 0.912644077193409 0 216 255 255 
1.50413014960328E-18 0.363413364110555 0.896761879004646 0 216 255 255 
-0.245669005635633 0.336457214393091 0.85371457735191 0 216 255 255 
-0.162227236426539 0.364969402414499 0.862836868473938 0 216 255 255 
-0.229834856637861 0.382988840991641 0.843764014564461 0 216 255 255 
-7.75715157971824E-18 0.417969719274327 0.881263561794304 0 216 255 255 
-0.431012779883973 0.338918003461085 0.814761396553162 0 216 255 255 
-0.5 0.309016994374947 0.809016994374948 0 216 255 255 
-0.44383449732743 0.274304804728076 0.830470307400646 0 216 255 255 
-0.0849743130409539 0.204806067437555 0.924280571796013 0 216 255 255 
-8.47931702654955E-18 0.187169594170806 0.946829040651959 0 216 255 255 
-0.0395400837884963 0.232826820721311 0.925697883761977 0 216 255 255 
-5.44927596976602E-18 0.248101728293784 0.929519498251148 0 216 255 255 
-0.32995689993445 0.307234236345863 0.844619570364192 0 216 255 255 
-0.253363723029267 0.257180990811442 0.874647136051159 0 216 255 255 
-0.205940407746247 0.306786925349428 0.870343088784378 0 216 255 255 
-0.291311316940317 0.399468562039898 0.82639400599421 0 216 255 255 
-0.162501665893549 0.268540093778681 0.890173773260507 0 216 255 255 
-0.0737285033275535 0.493775097016673 0.844511610767342 0 216 255 255 
-0.391672464156192 0.242066895305951 0.85039443114976 0 216 255 255 
-0.194508722644689 0.188871609426925 0.906199807424356 0 216 255 255 
-0.292416434547537 0.180723295419437 0.8883068608719 0 216 255 255 
-0.245144989641391 0.15150793577012 0.90636294612873 0 216 255 255 
-0.197873544735244 0.122292576120804 0.92441903138556 0 216 255 255 
-1.15093580833331E-17 0.126237460047828 0.964138583052771 0 216 255 255 
-0.121397105152554 0.133111199032794 0.937130080828668 0 216 255 255 
-0.342044449351865 0.211395095362694 0.86935064601083 0 216 255 255 
-0.219384161797712 0.430643821977055 0.832383209588427 0 216 255 255 
-0.149237471934658 0.0922338300507268 0.942996358116069 0 216 255 255 
-0.361162048412145 0.369193282750491 0.820577701273686 0 216 255 255 
-0.0731860221130312 0.287962230021395 0.903090698918543 0 216 255 255 
-0.146556332562633 0.462209459496864 0.838447410177885 0 216 255 255 
-0.110641958045299 0.425398228219647 0.856317275086772 0 216 255 255 
-0.0997690857508465 0.0616606860205258 0.96189160026968 0 216 255 255 
-2.75058015002538E-16 6.57559084432561E-20 1 0 216 255 255 
-1.5055451133974E-17 0.063777154972134 0.981882246796654 0 216 255 255 
-0.0503006995670355 0.0310875419903249 0.98078684242329 0 216 255 255 
-1.70184340425241E-17 0.472526074438099 0.865765244583962 0 216 255 255 
2.3967491328123E-17 0.525731112119134 0.85065080835204 0 216 255 255 
-0.801778760233617 -0.043069324407034 0.565214156045205 0 151 255 255 
-0.752428075878429 -0.0865604551460699 0.605083883490556 0 151 255 255 
-0.775504689647347 -0.0142620845175397 0.586440610082095 0 151 255 255 
-0.718380047366952 -0.0382293100020884 0.63259080937296 0 151 255 255 
-0.527550617885493 0.196542390115415 0.786759235634665 0 151 255 255 
-0.552671139652933 0.144934283122459 0.766464717549678 0 151 255 255 
-0.5 0.147074501307903 0.809016994374948 0 151 255 255 
-0.5 0.309016994374947 0.809016994374948 0 151 255 255 
-0.55753133188904 0.258316528728537 0.762538236239086 0 151 255 255 
-0.5 0.229975595455081 0.809016994374948 0 151 255 255 
-0.739037383883531 0.0285244552521319 0.615902036209548 0 151 255 255 
-0.5 0.0641734071607254 0.809016994374948 0 151 255 255 
-0.85065080835204 3.59457219623497E-16 0.525731112119134 0 151 255 255 
-0.70307739152324 -0.130051585885106 0.644953610935907 0 151 255 255 
-0.79099005688132 0.0525770529042204 0.573930198543197 0 151 255 255 
-0.661513554596814 -0.0716820353721524 0.678532453286152 0 151 255 255 
-0.678369602016012 0.0379229209537068 0.664914688402235 0 151 255 255 
-0.731942523506025 0.10461369692236 0.621633874647251 0 151 255 255 
-0.6526975454849 -0.17444968287797 0.685654783706496 0 151 255 255 
-0.602317699446561 -0.218847779870835 0.726355956477085 0 151 255 255 
-0.605538798111111 -0.116116057177111 0.723753675931067 0 151 255 255 
-0.55215219791898 -0.164775351430945 0.766883963316238 0 151 255 255 
-0.61106984296824 -0.0119694525463016 0.719285222173574 0 151 255 255 
-0.553897840232928 -0.0649134647273214 0.765473683313366 0 151 255 255 
-0.613985866371602 0.0963676771878964 0.716929407662887 0 151 255 255 
-0.673502593642052 0.156114880002243 0.668846676375238 0 151 255 255 
-0.555270781537617 0.0343341779972821 0.764364503241567 0 151 255 255 
-0.61506266377808 0.207616063082127 0.716059478103225 0 151 255 255 
-0.55115884972328 -0.263932387122891 0.767686475426016 0 151 255 255 
-0.5 -0.309016994374947 0.809016994374948 0 151 255 255 
-0.5 -0.209783814264997 0.809016994374948 0 151 255 255 
-0.5 -0.115058605422514 0.809016994374948 0 151 255 255 
-0.5 -0.0225873822137649 0.809016994374948 0 151 255 255 
-0.0619198819473775 -0.0382685916228601 0.976348709675483 0 112 255 255 
-0.12377108929547 -0.0764947400091987 0.952723650713729 0 112 255 255 
-0.0477993506624947 -0.0961550433297452 0.962818796032201 0 112 255 255 
-0.447061723533196 -0.33196193813375 0.813425039084321 0 112 255 255 
-0.394123447066392 -0.354906881892552 0.817833083793695 0 112 255 255 
-0.436275338587596 -0.269632987700503 0.833357649112907 0 112 255 255 
-0.0384905247339851 -0.326809836301307 0.899215902831604 0 112 255 255 
-4.60787304367026E-18 -0.331835037764125 0.90573261975922 0 112 255 255 
-2.92533558711805E-18 -0.273511361941919 0.922301153820051 0 112 255 255 
-0.5 -0.309016994374947 0.809016994374948 0 112 255 255 
1.90629509628211E-18 -0.105971359914484 0.969895757401025 0 112 255 255 
-6.22398570077884E-19 -0.0523889390272257 0.985117400293332 0 112 255 255 
-0.0442074764783285 -0.266134479776759 0.91527254694592 0 112 255 255 
-0.102878556719203 -0.300748514494742 0.893329977726869 0 112 255 255 
-0.169896232735022 -0.201971037610334 0.907558441716354 0 112 255 255 
-0.185622296643563 -0.114720888395537 0.929098591751975 0 112 255 255 
-0.247800024963672 -0.153148837840622 0.90534881287695 0 112 255 255 
-0.339001535404583 -0.378798274800876 0.822422954626074 0 112 255 255 
-0.313810173199577 -0.327604417220924 0.842165440703777 0 112 255 255 
-0.0793062767368418 -0.219205013111352 0.921359990301474 0 112 255 255 
-0.132448286804586 -0.251856711963649 0.901116054818612 0 112 255 255 
-0.177712081027279 -0.285502282638167 0.88221580952975 0 112 255 255 
-0.101105132732121 -0.144252848602961 0.938153143600921 0 112 255 255 
4.43498876248092E-18 -0.159553780801742 0.954674114508719 0 112 255 255 
-0.160728683790299 -0.363692305461336 0.863508959485906 0 112 255 255 
-0.232038888030174 -0.350109351298755 0.852649486382455 0 112 255 255 
-0.19743177257431 -0.398302604336165 0.846101546268761 0 112 255 255 
-0.17003255932028 -0.452034199957372 0.836492600462461 0 112 255 255 
-0.226926959156487 -0.427374560627195 0.831755138744223 0 112 255 255 
-0.283879623742773 -0.4026896677092 0.827012825458453 0 112 255 255 
-0.373126545935689 -0.230604887493104 0.857478341557416 0 112 255 255 
-0.0563020243979491 -0.501328225029907 0.845962672331404 0 112 255 255 
6.86463422086903E-19 -0.46064676502681 0.869139907443005 0 112 255 255 
-0.113138159484074 -0.476693839287549 0.841230062180699 0 112 255 255 
-0.26069099901785 -0.248517440131055 0.875595952404567 0 112 255 255 
-0.0838571152063786 -0.39575697640004 0.870266004770605 0 112 255 255 
-2.02759615041449E-18 -0.395562417934487 0.887629006533969 0 112 255 255 
-1.24495290644702E-16 -0.525731112119134 0.85065080835204 0 112 255 255 
-0.309977753283782 -0.191576787285706 0.881599034001925 0 112 255 255 
-1.24279813056584E-18 -0.215187686119714 0.938869687880881 0 112 255 255 
-2.75058015002538E-16 6.57559084432561E-20 1 0 112 255 255 
-0.282027412540067 0.00942905131495229 0.892275114168883 0 216 255 255 
-0.36282438572756 -0.0540318723075793 0.861413416599374 0 216 255 255 
-0.274201416103007 -0.0896031206794518 0.895264378812004 0 216 255 255 
-0.5 0.0641734071607254 0.809016994374948 0 216 255 255 
-0.5 -0.0225873822137649 0.809016994374948 0 216 255 255 
-0.449138799299251 0.033546405470691 0.828444244334004 0 216 255 255 
-0.290259729437292 0.140927375237713 0.889130648920303 0 216 255 255 
-0.323444259073576 0.15522012787688 0.876455286499921 0 216 255 255 
-0.31634109952588 0.125006736986468 0.879168452019627 0 216 255 255 
-0.12377108929547 -0.0764947400091987 0.952723650713729 0 216 255 255 
-0.0619198819473775 -0.0382685916228601 0.976348709675483 0 216 255 255 
-0.150912164330213 -0.0566247884808831 0.942356682541668 0 216 255 255 
-0.197873544735244 0.122292576120804 0.92441903138556 0 216 255 255 
-0.245144989641391 0.15150793577012 0.90636294612873 0 216 255 255 
-0.2706330633873 0.100724560536417 0.896627368265556 0 216 255 255 
-0.309977753283782 -0.191576787285706 0.881599034001925 0 216 255 255 
-0.33566844349155 -0.124231395911036 0.871786063537001 0 216 255 255 
-0.384125072333261 -0.162998960267104 0.853277278299706 0 216 255 255 
-0.341370591857545 0.135153345652091 0.869608036670086 0 216 255 255 
-0.368655208160315 0.171016564064142 0.859186240612428 0 216 255 255 
-0.427076321200251 0.183189203032609 0.836871361091772 0 216 255 255 
-0.432964122088292 0.226500259429411 0.834622421271532 0 216 255 255 
-0.5 0.229975595455081 0.809016994374948 0 216 255 255 
-0.106097068977103 0.0198328239288688 0.959474525757489 0 216 255 255 
-0.0503006995670355 0.0310875419903249 0.98078684242329 0 216 255 255 
-0.4306878441287 -0.124504904032516 0.835491882084254 0 216 255 255 
-0.390283080934168 -0.107334730532443 0.850925128317174 0 216 255 255 
-0.43505704598267 -0.0735734392557872 0.833822995479746 0 216 255 255 
-0.5 -0.115058605422514 0.809016994374948 0 216 255 255 
-0.441730900952252 -0.169793846603906 0.831273809717353 0 216 255 255 
-0.426546965105594 -0.0179231410259061 0.837073557127779 0 216 255 255 
-0.0997690857508465 0.0616606860205258 0.96189160026968 0 216 255 255 
-0.356068241355442 0.0973895587466756 0.863994034116622 0 216 255 255 
-0.382895579184208 0.0245295577862585 0.853746902893709 0 216 255 255 
-0.418583349164809 0.0785073939498284 0.840115387743808 0 216 255 255 
-0.292416434547537 0.180723295419437 0.8883068608719 0 216 255 255 
-0.331622490912885 0.178493449901429 0.873331479905181 0 216 255 255 
-0.5 -0.209783814264997 0.809016994374948 0 216 255 255 
-0.145181113466874 0.0466990036646279 0.944545749180209 0 216 255 255 
-0.167896131199378 -0.00170733889683675 0.935869384461449 0 216 255 255 
-0.451566149015664 0.129120018216778 0.827517079244916 0 216 255 255 
-0.403030915540828 0.137827911519943 0.846055888780392 0 216 255 255 
-0.149237471934658 0.0922338300507268 0.942996358116069 0 216 255 255 
-0.202905809472383 0.0614750172198548 0.92249687729636 0 216 255 255 
-0.247800024963672 -0.153148837840622 0.90534881287695 0 216 255 255 
-0.292598952567522 -0.139842904393933 0.888237145191825 0 216 255 255 
-0.185622296643563 -0.114720888395537 0.929098591751975 0 216 255 255 
-0.5 -0.309016994374947 0.809016994374948 0 216 255 255 
-0.436275338587596 -0.269632987700503 0.833357649112907 0 216 255 255 
-0.391672464156192 0.242066895305951 0.85039443114976 0 216 255 255 
-0.44383449732743 0.274304804728076 0.830470307400646 0 216 255 255 
-0.342044449351865 0.211395095362694 0.86935064601083 0 216 255 255 
-0.5 0.147074501307903 0.809016994374948 0 216 255 255 
-0.45523010406914 0.0764480455506182 0.826117572947741 0 216 255 255 
-0.405081610572012 0.205305062143151 0.84527259297904 0 216 255 255 
-0.431595326425202 -0.214630565475419 0.835145254691179 0 216 255 255 
-0.407644461411601 -0.194507064959883 0.844293671066413 0 216 255 255 
-0.373126545935689 -0.230604887493104 0.857478341557416 0 216 255 255 
-0.408608502150287 0.109895435909836 0.843925440270775 0 216 255 255 
-0.5 0.309016994374947 0.809016994374948 0 216 255 255 
-0.212634799114298 -0.0508408909435658 0.918780733929344 0 216 255 255 
-2.75058015002538E-16 6.57559084432561E-20 1 0 216 255 255 
-0.970724400966184 2.02830430438325E-18 0.103054412736839 0 151 255 255 
-0.947552417282754 -0.0321870125668607 0.16123796859934 0 151 255 255 
-0.956043745982601 2.09935728802911E-19 0.154732476648619 0 151 255 255 
-0.936647063465913 -0.165860141133354 0.102507204599267 0 151 255 255 
-0.946879519249244 -0.0869921765245682 0.123788386238084 0 151 255 255 
-0.954448639799333 -0.119255009239135 0.0737036490384678 0 151 255 255 
-0.970818149026906 -0.0763990777021953 0.0472172267291008 0 151 255 255 
-0.911057276203906 6.23434027736392E-19 0.313091464240705 0 151 255 255 
-0.887055946907901 -0.0485673538306962 0.362293424039559 0 151 255 255 
-0.895830998353208 -1.00298599684853E-18 0.366690200862939 0 151 255 255 
-0.922923172223698 -0.0739428863097353 0.217599114163614 0 151 255 255 
-0.926167328134788 -2.23573634644476E-19 0.259901859943913 0 151 255 255 
-0.941105537058695 -6.81895292078214E-21 0.207317168296266 0 151 255 255 
-0.809016994374948 -0.5 0.309016994374947 0 151 255 255 
-0.813307779562264 -0.448469948133062 0.331351573830259 0 151 255 255 
-0.83204236938025 -0.439718785632406 0.271761155012656 0 151 255 255 
-0.81759856474958 -0.396939896266124 0.35368615328557 0 151 255 255 
-0.855067744385552 -0.379437571264812 0.234505315650364 0 151 255 255 
-0.866806958518251 -0.127434169261119 0.376272744745983 0 151 255 255 
-0.876026831883806 -0.190986861211179 0.297643701510151 0 151 255 255 
-0.851698448629827 -0.198445433700123 0.377864217244239 0 151 255 255 
-0.921245143277411 -0.148326117888138 0.169463441648428 0 151 255 255 
-0.898470260826612 -0.206118206701036 0.207645965964147 0 151 255 255 
-0.902400614418613 -0.14677344226347 0.236927038652804 0 151 255 255 
-0.871010815217176 -0.276886217336018 0.252891282285208 0 151 255 255 
-0.985405055949766 3.84667287996358E-18 0.0513763488250587 0 151 255 255 
-1 3.89890304137225E-16 -1.03369456235614E-19 0 151 255 255 
-0.985876828254204 -0.036974943659447 0.0228517719136505 0 151 255 255 
-0.840398421214159 -0.123125725924626 0.472364945988398 0 151 255 255 
-0.8455246147831 -0.0615628629623128 0.499048029053766 0 151 255 255 
-0.864336404392199 -0.0601150186631257 0.433879684352505 0 151 255 255 
-0.918845487132493 -0.212465273027574 0.131310760160067 0 151 255 255 
-0.88060472050251 -2.62940602143345E-18 0.420288937485172 0 151 255 255 
-0.865627764427275 1.85441376137836E-17 0.473010024802153 0 151 255 255 
-0.893337663881537 -0.114493139207263 0.292282969977679 0 151 255 255 
-0.904682318216528 -0.0544048026262534 0.296004850775431 0 151 255 255 
-0.85065080835204 3.59457219623497E-16 0.525731112119134 0 151 255 255 
-0.835598936701541 -0.180764986589753 0.447382462943458 0 151 255 255 
-0.887970721881054 -0.0862248662313329 0.331713497384663 0 151 255 255 
-0.849260063856612 -0.254636904183687 0.345622197123085 0 151 255 255 
-0.840175034858621 -0.324444563859778 0.326884601353948 0 151 255 255 
-0.898280971923807 -0.266303872806077 0.164584844729884 0 151 255 255 
-0.877716456715122 -0.320142472584581 0.197858929299702 0 151 255 255 
-0.830799452188923 -0.238404247254879 0.422399979898517 0 151 255 255 
-0.82621496382957 -0.293461518273522 0.398536604070102 0 151 255 255 
-0.821898057113235 -0.345305275834504 0.376066055709359 0 151 255 255 
-0.919322797129937 -0.211215659231097 -0.130538456361033 0 112 255 255 
-0.939668454920219 -0.157950035612663 -0.0976184905328816 0 112 255 255 
-0.918186387384881 -0.113374733547467 -0.205624379228683 0 112 255 255 
-0.84418438802691 -0.0776582746981513 -0.492071823145643 0 112 255 255 
-0.856997296014334 -0.0926604190475506 -0.436068807377892 0 112 255 255 
-0.871827313249673 8.3407745619075E-18 -0.451186701481335 0 112 255 255 
-0.876809592317584 -0.322516674400522 -0.199326266718106 0 112 255 255 
-0.89806619472376 -0.266866166815809 -0.164932361539569 0 112 255 255 
-0.892188288894548 -0.222596381579484 -0.217787335915843 0 112 255 255 
-0.871801733959671 -0.202057782710764 -0.304473172089007 0 112 255 255 
-0.863916896851548 -0.143532712442668 -0.374749910453191 0 112 255 255 
-0.849158237039837 -0.213074206193919 -0.376177710157056 0 112 255 255 
-0.813159179064173 -0.450254561214298 -0.330578072131429 0 112 255 255 
-0.809016994374948 -0.5 -0.309016994374947 0 112 255 255 
-0.831705702820426 -0.440600190128902 -0.272305892949327 0 112 255 255 
-0.85065080835204 1.02764259450472E-17 -0.525731112119133 0 112 255 255 
-0.847505328588627 -0.0377755418365413 -0.509358125676304 0 112 255 255 
-0.840863447465194 -0.117541007559761 -0.474785520614981 0 112 255 255 
-0.949274233808266 -0.0702999933728636 -0.127486219861153 0 112 255 255 
-0.946543970667662 5.36930835053285E-18 -0.188173082426905 0 112 255 255 
-0.82559150582841 -0.300948917836564 -0.395291353689097 0 112 255 255 
-0.846807520850489 -0.262981367866654 -0.348192901341725 0 112 255 255 
-0.829618846455296 -0.252582695262024 -0.416254640196817 0 112 255 255 
-0.837254817273688 -0.160878740123623 -0.456001723659759 0 112 255 255 
-0.883936913218993 -0.0563517794611002 -0.367617164912442 0 112 255 255 
-0.891420639910416 7.01212076638194E-18 -0.382215310998376 0 112 255 255 
-0.902957254738303 -0.0661678961295144 -0.293530940148906 0 112 255 255 
-0.889179528328914 -0.131854552930483 -0.29430641304136 0 112 255 255 
-0.967106871788852 -0.0453290702721637 -0.0828551499873633 0 112 255 255 
-0.964301962450246 5.36800789140882E-18 -0.125662340548459 0 112 255 255 
-0.821444991616764 -0.350746351887737 -0.373707739716448 0 112 255 255 
-0.838211734500729 -0.330403220706932 -0.32946648965153 0 112 255 255 
-0.854394411265904 -0.381200380257803 -0.235594791523707 0 112 255 255 
-0.817301363753398 -0.400509122428596 -0.352139149887911 0 112 255 255 
-0.863730613689406 -0.286033183964238 -0.271873001750294 0 112 255 255 
-0.893028116698322 -0.166994160101797 -0.25522839712906 0 112 255 255 
-0.959837755637735 -0.105146120804888 -0.0649838764426232 0 112 255 255 
-0.928785978885078 5.37060784405728E-18 -0.250683824305351 0 112 255 255 
-0.911013966571158 5.68346693371793E-18 -0.313243920515418 0 112 255 255 
-0.885186780340759 -0.0990000326506894 -0.332231679199312 0 112 255 255 
-0.982045933701493 5.67826639706742E-18 -0.0632009530016342 0 112 255 255 
-0.980007056355251 -0.052342205997114 -0.0323492623523649 0 112 255 255 
-0.833436831864492 -0.206730717692824 -0.436128181928288 0 112 255 255 
-1 3.89890304137225E-16 -1.03369456235614E-19 0 112 255 255 
-0.525731112119133 -0.85065080835204 8.25644555023256E-18 0 216 255 255 
-0.564275634935228 -0.802940460150493 0.0420455565783907 0 216 255 255 
-0.564275634935228 -0.802940460150493 -0.0420455565783907 0 216 255 255 
-0.62251882013916 -0.730847139402819 -0.000230526273281789 0 216 255 255 
-0.661141524299286 -0.683040018459672 0.0826788760397588 0 216 255 255 
-0.603565689022145 -0.754307294543844 0.0849043617051643 0 216 255 255 
-0.643667922549432 -0.704668814535273 0.128649117263205 0 216 255 255 
-0.809016994374948 -0.5 -0.309016994374947 0 216 255 255 
-0.766850781709662 -0.552193270058105 -0.263020786592751 0 216 255 255 
-0.809016994374948 -0.5 -0.207040662977784 0 216 255 255 
-0.764241099240514 -0.555423530811172 -0.160323172951977 0 216 255 255 
-0.724684569044378 -0.60438654011621 -0.217024578810555 0 216 255 255 
-0.68377015607672 -0.655030334526702 -0.172393872821247 0 216 255 255 
-0.71568664112279 -0.615524160791386 -0.114480259955805 0 216 255 255 
-0.603565689022145 -0.754307294543844 -0.0849043617051645 0 216 255 255 
-0.661306803593372 -0.68283543601591 -0.0834409657894561 0 216 255 255 
-0.643667922549432 -0.704668814535273 -0.128649117263206 0 216 255 255 
-0.809016994374948 -0.5 -0.10506433158062 0 216 255 255 
-0.759573560039704 -0.561201003309082 -0.0551945754757087 0 216 255 255 
-0.699500765166718 -0.635559011955474 -0.00085159416327499 0 216 255 255 
-0.809016994374948 -0.5 -0.00219312369531515 0 216 255 255 
-0.759442165181477 -0.561363643652764 0.0522820216399806 0 216 255 255 
-0.71557379296819 -0.61566384405522 0.113074640616938 0 216 255 255 
-0.68377015607672 -0.655030334526703 0.172393872821246 0 216 255 255 
-0.809016994374948 -0.5 0.100934403017479 0 216 255 255 
-0.764035387594316 -0.555678160355195 0.158462853413573 0 216 255 255 
-0.724684569044378 -0.60438654011621 0.217024578810555 0 216 255 255 
-0.809016994374948 -0.5 0.204847539282469 0 216 255 255 
-0.766850781709662 -0.552193270058105 0.263020786592751 0 216 255 255 
-0.809016994374948 -0.5 0.309016994374947 0 216 255 255 
-0.917825196182792 -0.215136429412304 -0.0626664678276633 0 151 255 255 
-0.939846453393376 -0.157484029559993 -0.0452422133634574 0 151 255 255 
-0.939668454920219 -0.157950035612663 -0.0976184905328816 0 151 255 255 
-0.876809592317584 -0.322516674400522 -0.199326266718106 0 151 255 255 
-0.895945803961702 -0.272417421900308 -0.15089751465255 0 151 255 255 
-0.89806619472376 -0.266866166815809 -0.164932361539569 0 151 255 255 
-0.832056012932582 -0.439683066348674 -0.0523605706884733 0 151 255 255 
-0.860748588774838 -0.364564927568864 -0.0800871422855347 0 151 255 255 
-0.83718115967995 -0.426265257966732 -0.149084904925201 0 151 255 255 
-0.919322797129937 -0.211215659231097 -0.130538456361033 0 151 255 255 
-0.928710246223953 -0.186638998435303 0.010815403785284 0 151 255 255 
-0.953014256929413 -0.123010272345468 -0.0120429875372963 0 151 255 255 
-0.954448639799333 -0.119255009239135 0.0737036490384678 0 151 255 255 
-0.970818149026906 -0.0763990777021953 0.0472172267291008 0 151 255 255 
-0.961423389745099 -0.100994876818088 0.0224848845509517 0 151 255 255 
-0.959837755637735 -0.105146120804888 -0.0649838764426232 0 151 255 255 
-0.947518016614319 -0.137399616300719 0.0380167643707678 0 151 255 255 
-0.936647063465913 -0.165860141133354 0.102507204599267 0 151 255 255 
-0.83280843375021 -0.437713203074281 -0.218317408775783 0 151 255 255 
-0.809016994374948 -0.5 -0.207040662977784 0 151 255 255 
-0.980007056355251 -0.052342205997114 -0.0323492623523649 0 151 255 255 
-0.861192220066349 -0.363403485769214 -0.160113460462496 0 151 255 255 
-0.849124685554583 -0.39499670128143 -0.184372245819365 0 151 255 255 
-0.809016994374948 -0.5 -0.00219312369531515 0 151 255 255 
-0.835940648740624 -0.429512957769305 0.0321964772721012 0 151 255 255 
-0.856475789910748 -0.375751260222142 -0.00944125884200857 0 151 255 255 
-0.890207616391105 -0.287440191993955 -0.00438853775675833 0 151 255 255 
-0.918845487132493 -0.212465273027574 0.131310760160067 0 151 255 255 
-0.913519295894018 -0.226409422720483 0.0670223677897216 0 151 255 255 
-0.891753999150781 -0.283391709369506 0.0971841414121811 0 151 255 255 
-0.86468724593726 -0.354253389247608 0.0562350980060265 0 151 255 255 
-0.809016994374948 -0.5 -0.10506433158062 0 151 255 255 
-0.832391953313148 -0.438803563014159 0.213263123135843 0 151 255 255 
-0.83789756234781 -0.424389691432644 0.175856902858679 0 151 255 255 
-0.824481129053301 -0.459514369805466 0.167103222256061 0 151 255 255 
-0.809016994374948 -0.5 0.204847539282469 0 151 255 255 
-0.809016994374948 -0.5 0.100934403017479 0 151 255 255 
-0.809016994374948 -0.5 0.309016994374947 0 151 255 255 
-0.83204236938025 -0.439718785632406 0.271761155012656 0 151 255 255 
-0.820711243529756 -0.469384058239801 0.249569839698571 0 151 255 255 
-0.851935060138509 -0.387639045099592 0.167924879866249 0 151 255 255 
-0.855067744385552 -0.379437571264812 0.234505315650364 0 151 255 255 
-0.877716456715122 -0.320142472584581 0.197858929299702 0 151 255 255 
-0.844364485049816 -0.407459067996175 0.103218963689595 0 151 255 255 
-0.985876828254204 -0.036974943659447 0.0228517719136505 0 151 255 255 
-0.888894882805236 -0.290876973139933 -0.112215411503064 0 151 255 255 
-0.843518586393784 -0.409673659428705 -0.195205791908749 0 151 255 255 
-0.854394411265904 -0.381200380257803 -0.235594791523707 0 151 255 255 
-0.8450109026337 -0.405766724790641 0.196115190538761 0 151 255 255 
-0.831705702820426 -0.440600190128902 -0.272305892949327 0 151 255 255 
-0.820760220572451 -0.469255834677359 -0.251114984989953 0 151 255 255 
-0.809016994374948 -0.5 -0.309016994374947 0 151 255 255 
-0.816408461893897 -0.48064888680865 -0.0527849669795389 0 151 255 255 
-0.83408214085565 -0.434378594580525 0.140614142985838 0 151 255 255 
-0.869406128981914 -0.341899193047768 0.127304714040807 0 151 255 255 
-0.884930544794407 -0.301255744795177 0.144739095922927 0 151 255 255 
-0.898280971923807 -0.266303872806077 0.164584844729884 0 151 255 255 
-1 3.89890304137225E-16 -1.03369456235614E-19 0 151 255 255 
-0.557771955865677 0.258104474752719 -0.762343839494833 0 112 255 255 
-0.5 0.249740508823464 -0.809016994374948 0 112 255 255 
-0.534772804815042 0.208127445696084 -0.780924531856941 0 112 255 255 
-0.607427175027847 0.109472732413228 -0.722228082639543 0 112 255 255 
-0.584421046695555 0.166512692416225 -0.740814411849886 0 112 255 255 
-0.548413568257482 0.148812838965844 -0.769904349914126 0 112 255 255 
-0.5 0.0431665824161701 -0.809016994374948 0 112 255 255 
-0.545141187895895 0.0457469785147103 -0.772548060225719 0 112 255 255 
-0.5 0.114291718235807 -0.809016994374948 0 112 255 255 
-0.615543911731353 0.20719195513049 -0.715670684614718 0 112 255 255 
-0.5 0.309016994374948 -0.809016994374947 0 112 255 255 
-0.5 -0.309016994374947 -0.809016994374948 0 112 255 255 
-0.552582231719512 -0.262678007506914 -0.766536545025215 0 112 255 255 
-0.5 -0.215129719293992 -0.809016994374948 0 112 255 255 
-0.552876383897025 -0.165425688330832 -0.766298903596365 0 112 255 255 
-0.605164463439024 -0.21633902063888 -0.724056095675482 0 112 255 255 
-0.5 -0.121242444213036 -0.809016994374948 0 112 255 255 
-0.552374965439145 -0.0661588326129723 -0.766703992553346 0 112 255 255 
-0.607108644446553 -0.114434792614383 -0.72248541903974 0 112 255 255 
-0.5 -0.0347600344550841 -0.809016994374948 0 112 255 255 
-0.609123576395394 -0.00683701457920926 -0.720857583708358 0 112 255 255 
-0.5 0.185416854055444 -0.809016994374948 0 112 255 255 
-0.567678499952053 0.198562551882951 -0.754340481125849 0 112 255 255 
-0.655945618717 -0.171587263046657 -0.683030710784744 0 112 255 255 
-0.663162495880262 -0.0688485918201552 -0.677200296692916 0 112 255 255 
-0.706726773994976 -0.126835505454434 -0.642005325894006 0 112 255 255 
-0.678243451210797 0.0415223152813314 -0.665016603872845 0 112 255 255 
-0.720544995519705 -0.0360489999222678 -0.630841778049254 0 112 255 255 
-0.673981869267648 0.15569251019795 -0.668459476302667 0 112 255 255 
-0.732419826803944 0.104193065265409 -0.621248267990617 0 112 255 255 
-0.755082592654448 -0.0842211170464417 -0.602939336525466 0 112 255 255 
-0.776734125885685 -0.013365748761092 -0.58544736574568 0 112 255 255 
-0.802866700503244 -0.0421105585232209 -0.5643352243223 0 112 255 255 
-0.85065080835204 1.02764259450472E-17 -0.525731112119133 0 112 255 255 
-0.739954028974979 0.0298872335960022 -0.615161491464573 0 112 255 255 
-0.791305629309696 0.0522989493293765 -0.573675251993357 0 112 255 255 
-0.237240011961913 0.307750404529036 -0.863609286869764 0 216 255 255 
-0.257313754351033 0.245589586099998 -0.877124742502354 0 216 255 255 
-0.317147917362103 0.31287011783981 -0.845662250986079 0 216 255 255 
-0.121146995354949 0.133603137816328 -0.937041952867812 0 216 255 255 
-0.102269830539508 0.0632062312971077 -0.9609364007576 0 216 255 255 
-0.155004204683834 0.0957978668937551 -0.940793662209921 0 216 255 255 
-5.64973825164035E-18 0.123504194557182 -0.964915046499916 0 216 255 255 
-0.0507909704921791 0.0313905460857596 -0.980599575593581 0 216 255 255 
-2.63859242174249E-16 9.78396508403831E-20 -1 0 216 255 255 
-6.69799499854E-18 0.0626562899953027 -0.982200661047547 0 216 255 255 
-0.207738578828161 0.128389502490403 -0.920650923662242 0 216 255 255 
-0.18149668162259 0.189730992841965 -0.908641301405023 0 216 255 255 
-0.0823160801077501 0.200382742895022 -0.926085792935734 0 216 255 255 
-0.0391849691765991 0.226274408057145 -0.927632580946708 0 216 255 255 
-0.0744237965986461 0.276971171966982 -0.905957557089339 0 216 255 255 
-4.77793898793788E-18 0.182233414793434 -0.948231305769708 0 216 255 255 
-0.263722012243649 0.162989167148091 -0.899267154904442 0 216 255 255 
-0.319705445659137 0.197588831805779 -0.877883386146642 0 216 255 255 
-0.160505314902415 0.256785096719088 -0.893925159459839 0 216 255 255 
-3.90613972423542E-18 0.240962635029686 -0.9315475650395 0 216 255 255 
-0.379273328891766 0.234403808281428 -0.855130479389663 0 216 255 255 
-0.438841212124394 0.271218784757078 -0.832377572632684 0 216 255 255 
-0.165658438150246 0.331253622468534 -0.871706630385087 0 216 255 255 
-0.204850034736247 0.287099897059241 -0.876160809046967 0 216 255 255 
-0.0772166586145035 0.357891746835954 -0.882393283382736 0 216 255 255 
-3.21079809244511E-18 0.297573170940312 -0.915465698126716 0 216 255 255 
-0.5 0.309016994374948 -0.809016994374947 0 216 255 255 
-0.432829675073913 0.338130509784842 -0.814610108000455 0 216 255 255 
-0.144717235747538 0.39045646951788 -0.859210512282763 0 216 255 255 
-0.112614493942692 0.420110744518618 -0.857412215854925 0 216 255 255 
-0.366761418163403 0.366766357799357 -0.820111455036461 0 216 255 255 
-0.300693161252892 0.395402205813872 -0.825612802072466 0 216 255 255 
-0.191185177170267 0.393973522293959 -0.848620616979368 0 216 255 255 
-0.241229915209938 0.361938799177595 -0.847392001428333 0 216 255 255 
-0.237815908687449 0.422654982445668 -0.830848441745867 0 216 255 255 
-0.176911410859983 0.449052711472332 -0.835919814811701 0 216 255 255 
-1.04255190702004E-18 0.398978131838508 -0.886658673794083 0 216 255 255 
-0.0518447479332487 0.420596009423147 -0.869816964782369 0 216 255 255 
8.61220203603276E-19 0.442472228960014 -0.874302912271103 0 216 255 255 
-2.12667499973257E-18 0.34827565138941 -0.9010621859604 0 216 255 255 
-0.0580034565162587 0.500590776309065 -0.845820998114788 0 216 255 255 
-0.116006913032518 0.475450440498996 -0.840991187877535 0 216 255 255 
2.76499231422659E-18 0.48596632608152 -0.861947150748124 0 216 255 255 
2.28885766401349E-16 0.525731112119134 -0.85065080835204 0 216 255 255 
6.08316648807213E-18 -0.361722035279632 -0.897242350081754 0 151 255 255 
-0.0715812995809693 -0.395231009641458 -0.872949094090209 0 151 255 255 
-0.0417502436609976 -0.328932071217071 -0.897940229026403 0 151 255 255 
-0.0363985398694733 -0.271895143963337 -0.915247792399812 0 151 255 255 
5.68239736603655E-18 -0.311309555359279 -0.911563479175152 0 151 255 255 
-0.0995318021505644 -0.303468165967446 -0.893248136841802 0 151 255 255 
-0.0771091934052778 -0.219885913924937 -0.921620028776805 0 151 255 255 
-0.130150374637005 -0.253219484740639 -0.901203198377253 0 151 255 255 
-0.175402687128412 -0.287017579656197 -0.882261993925579 0 151 255 255 
-0.168557815863765 -0.202506279413976 -0.907682633964824 0 151 255 255 
-0.100193275925659 -0.143867582149471 -0.938450792874228 0 151 255 255 
-0.184751667549411 -0.114182810023757 -0.929431142474346 0 151 255 255 
1.16470110533676E-18 -0.156042403748229 -0.955671623144644 0 151 255 255 
-0.123125028059338 -0.0760954522064551 -0.952970424147118 0 151 255 255 
-1.60270351320331E-18 -0.103829776642792 -0.970504136329152 0 151 255 255 
-0.0474801363357777 -0.0948987893362624 -0.963241555868188 0 151 255 255 
2.89735866149959E-18 -0.20793918701984 -0.940928834574451 0 151 255 255 
-4.83515405838136E-18 -0.051914888321396 -0.985252068164576 0 151 255 255 
-0.061562514029669 -0.0380477261032275 -0.976485212073559 0 151 255 255 
-2.63859242174249E-16 9.78396508403831E-20 -1 0 151 255 255 
6.67168156322946E-18 -0.450207493298097 -0.872105485774088 0 151 255 255 
-0.110218552451385 -0.477959279412047 -0.841473170932869 0 151 255 255 
6.37742367979901E-18 -0.405964764288864 -0.884673917927921 0 151 255 255 
-0.165746209354146 -0.45389202505988 -0.836849514656723 0 151 255 255 
-0.222110627611041 -0.429462094710465 -0.832156183247453 0 151 255 255 
-0.192951519131461 -0.400132743079912 -0.846506346383667 0 151 255 255 
-0.228305376888663 -0.351915240389093 -0.852907051060082 0 151 255 255 
-0.279551856186798 -0.40456544436459 -0.827373188397176 0 151 255 255 
-0.155643862671994 -0.36526161216021 -0.864112636570411 0 151 255 255 
-0.372656974862225 -0.23031467660957 -0.857657701747345 0 151 255 255 
-0.311174750572229 -0.328655066413726 -0.842410912674122 0 151 255 255 
-0.391761714851167 -0.355930523319293 -0.81802973963312 0 151 255 255 
-0.335656785518982 -0.380247983841942 -0.822701464015148 0 151 255 255 
-0.259115795125539 -0.248956529957866 -0.875796331191862 0 151 255 255 
-0.309283614352298 -0.191147785833135 -0.881864171480837 0 151 255 255 
-0.247017640950854 -0.152665297928446 -0.905647656977592 0 151 255 255 
-0.436030335372152 -0.269481567386005 -0.833451232013854 0 151 255 255 
-0.5 -0.309016994374947 -0.809016994374948 0 151 255 255 
-0.445880857425583 -0.33247375884712 -0.813523367004034 0 151 255 255 
-1.51134705914321E-16 -0.525731112119134 -0.85065080835204 0 151 255 255 
-0.0546908955486252 -0.502026533764214 -0.846096827209016 0 151 255 255 
7.70337098034759E-18 -0.487969302708615 -0.861378147063064 0 151 255 255 
4.63001621766242E-18 -0.25983597029145 -0.926186046004259 0 151 255 255 
-0.162257760216199 -0.0055399194318559 -0.938023050535842 0 112 255 255 
-0.114386266691984 -0.0305882748167209 -0.956308333969872 0 112 255 255 
-0.123125028059338 -0.0760954522064551 -0.952970424147118 0 112 255 255 
-0.0507909704921791 0.0313905460857596 -0.980599575593581 0 112 255 255 
-2.63859242174249E-16 9.78396508403831E-20 -1 0 112 255 255 
-0.061562514029669 -0.0380477261032275 -0.976485212073559 0 112 255 255 
-0.277042194516376 0.00259996407747259 -0.894179298012604 0 112 255 255 
-0.351822028214757 0.08240662273533 -0.865615943212887 0 112 255 255 
-0.26711216496559 0.0934857240249175 -0.897972231791713 0 112 255 255 
-0.102269830539508 0.0632062312971077 -0.9609364007576 0 112 255 255 
-0.42339781444555 0.0566905969195404 -0.838276425644221 0 112 255 255 
-0.382025431192239 0.00741412029113551 -0.854079269851399 0 112 255 255 
-0.433447149617034 -0.217800910837549 -0.834437921173054 0 112 255 255 
-0.5 -0.215129719293992 -0.809016994374948 0 112 255 255 
-0.445919829561522 -0.175818851185608 -0.829673781365059 0 112 255 255 
-0.5 -0.121242444213036 -0.809016994374948 0 112 255 255 
-0.432416681758695 -0.1368818429596 -0.834831524870625 0 112 255 255 
-0.35931443371246 -0.0666918348934857 -0.862754098970261 0 112 255 255 
-0.27020314081777 -0.0943317791843584 -0.896791584074586 0 112 255 255 
-0.385619888597523 -0.126491228438837 -0.852706309293694 0 112 255 255 
-0.429606743841159 -0.093333702916083 -0.835904825648847 0 112 255 255 
-0.5 -0.0347600344550841 -0.809016994374948 0 112 255 255 
-0.5 0.0431665824161701 -0.809016994374948 0 112 255 255 
-0.447402356293231 0.00629010651371149 -0.829107506542776 0 112 255 255 
-0.184751667549411 -0.114182810023757 -0.929431142474346 0 112 255 255 
-0.20396423605273 -0.057396287667122 -0.922092594317264 0 112 255 255 
-0.263722012243649 0.162989167148091 -0.899267154904442 0 112 255 255 
-0.207738578828161 0.128389502490403 -0.920650923662242 0 112 255 255 
-0.195473638848558 0.0625006747608916 -0.925335713864473 0 112 255 255 
-0.5 0.114291718235807 -0.809016994374948 0 112 255 255 
-0.447396801447285 0.101473259325193 -0.829109628305125 0 112 255 255 
-0.359415426592939 -0.169716876855738 -0.86271552312254 0 112 255 255 
-0.401442901610362 -0.172913869293654 -0.846662456127222 0 112 255 255 
-0.400946748352364 0.13091586422225 -0.846851969808148 0 112 255 255 
-0.451960732534685 0.157657237516475 -0.827366361752051 0 112 255 255 
-0.372656974862225 -0.23031467660957 -0.857657701747345 0 112 255 255 
-0.41262860828927 -0.198259739712571 -0.842389896364066 0 112 255 255 
-0.404501438843899 0.193827527341299 -0.845494198859868 0 112 255 255 
-0.458919406564561 0.21321672086724 -0.82470838478927 0 112 255 255 
-0.438841212124394 0.271218784757078 -0.832377572632684 0 112 255 255 
-0.328915337284433 -0.131715333946518 -0.874365520578482 0 112 255 255 
-0.289655519633607 -0.141912498473553 -0.889361436528974 0 112 255 255 
-0.30687453714204 0.122028412937317 -0.882784357093633 0 112 255 255 
-0.11059976446273 -0.0026700015253452 -0.95775464912297 0 112 255 255 
-0.431588535828364 -0.0410607326032045 -0.835147848468367 0 112 255 255 
-0.405890848114989 0.0928715858005784 -0.844963491742596 0 112 255 255 
-0.466198557553802 -0.0709994065209293 -0.821927996520622 0 112 255 255 
-0.5 0.249740508823464 -0.809016994374948 0 112 255 255 
-0.5 0.309016994374948 -0.809016994374947 0 112 255 255 
-0.436030335372152 -0.269481567386005 -0.833451232013854 0 112 255 255 
-0.5 -0.309016994374947 -0.809016994374948 0 112 255 255 
-0.379273328891766 0.234403808281428 -0.855130479389663 0 112 255 255 
-0.319705445659137 0.197588831805779 -0.877883386146642 0 112 255 255 
-0.361726264299322 0.194496906513972 -0.861832861661187 0 112 255 255 
-0.344185496393595 0.154893333243434 -0.868532838812401 0 112 255 255 
-0.309283614352298 -0.191147785833135 -0.881864171480837 0 112 255 255 
-0.155004204683834 0.0957978668937551 -0.940793662209921 0 112 255 255 
-0.247017640950854 -0.152665297928446 -0.905647656977592 0 112 255 255 
-0.5 0.185416854055444 -0.809016994374948 0 112 255 255 
0.0588904226763926 0.50020634013134 -0.845747142546557 0 216 255 255 
0.0769749762002682 0.540683972583195 -0.806614326419661 0 216 255 255 
0.117780845352785 0.474681568143547 -0.840843476741075 0 216 255 255 
0.309629634289323 0.733025445923433 -0.558922002161833 0 216 255 255 
0.328002143631317 0.759313228340282 -0.530718616778296 0 216 255 255 
0.347660933776394 0.707845847562769 -0.562527207410731 0 216 255 255 
0.241727841149468 0.420959440461306 -0.830522704409038 0 216 255 255 
0.179044702194181 0.448128082773568 -0.835742180702567 0 216 255 255 
0.20530761795939 0.482610433130987 -0.797836781510595 0 216 255 255 
0.2861976199892 0.461957914559512 -0.779881165254878 0 216 255 255 
0.304410980104756 0.393790798149043 -0.825303228115508 0 216 255 255 
0.107381577848184 0.589696303785444 -0.75564974410094 0 216 255 255 
0.101669842011839 0.61893514755217 -0.735283003553516 0 216 255 255 
0.140360435581375 0.654404067171032 -0.691379632031118 0 216 255 255 
0.159554746798665 0.554680541204494 -0.76096403313261 0 216 255 255 
0.0655646758982274 0.585836372977731 -0.776252613360998 0 216 255 255 
0.298183437473919 0.696578184876618 -0.592122620822602 0 216 255 255 
0.326961357200022 0.622712359867012 -0.637537008176684 0 216 255 255 
0.253356913259291 0.660895669233146 -0.638774381500984 0 216 255 255 
0.220327050176373 0.727712051453178 -0.600639127271405 0 216 255 255 
0.22179668970977 0.611365838275289 -0.69062742927404 0 216 255 255 
0.179051029150912 0.689872986789893 -0.647476260508719 0 216 255 255 
0.276445843914853 0.617127774254343 -0.663143427178349 0 216 255 255 
0.26467202227566 0.768364522914063 -0.550319563635702 0 216 255 255 
0.309016994374947 0.809016994374948 -0.5 0 216 255 255 
0.30366841549033 0.573537229641924 -0.685634889761688 0 216 255 255 
0.0324453722311615 0.555474835166516 -0.813834075915845 0 216 255 255 
0.453982299107614 0.429492899395341 -0.73455879024694 0 216 255 255 
0.476991149553807 0.369254946885144 -0.771787892310943 0 216 255 255 
0.420902503231138 0.387664080279779 -0.781053982300579 0 216 255 255 
0.372559246065156 0.433510330118851 -0.765693596899495 0 216 255 255 
0.342017507053366 0.50697916557315 -0.721330601287455 0 216 255 255 
0.253090432833453 0.531855187064226 -0.739379150036878 0 216 255 255 
0.431272340216781 0.488948343654655 -0.697813304878459 0 216 255 255 
0.409462247586017 0.546047907459777 -0.6625238337041 0 216 255 255 
0.367319723921471 0.656378466785257 -0.594335798043167 0 216 255 255 
0.387652154955254 0.603147471264899 -0.627234362529742 0 216 255 255 
0.369131472753237 0.365739109220474 -0.819914106212643 0 216 255 255 
0.434565736376619 0.33737805179771 -0.814465550293795 0 216 255 255 
0.5 0.309016994374947 -0.809016994374947 0 216 255 255 
2.28885766401349E-16 0.525731112119134 -0.85065080835204 0 216 255 255 
0.360190878739267 0.777389794501441 -0.480453315509187 0 151 255 255 
0.332915252185373 0.813608184051064 -0.444862249725152 0 151 255 255 
0.411416503546717 0.745730617275487 -0.460886867927691 0 151 255 255 
0.664263107448781 0.58946282212403 -0.364308059177084 0 151 255 255 
0.687075211944771 0.603784682925965 -0.288056608474145 0 151 255 255 
0.712755607385886 0.559492808963447 -0.345785572400562 0 151 255 255 
0.436485447903999 0.833505467656788 -0.205906438270169 0 151 255 255 
0.504971435554444 0.783728106516183 -0.197452810927384 0 151 255 255 
0.473610665100747 0.777750968061209 -0.269694609878614 0 151 255 255 
0.531707575403616 0.739694047310605 -0.252615294284392 0 151 255 255 
0.408030496013872 0.828038873297121 -0.271557333990114 0 151 255 255 
0.518379673143868 0.720336454509083 -0.323281620932412 0 151 255 255 
0.398577862548151 0.786713476275208 -0.387255784093671 0 151 255 255 
0.382422003004835 0.823119123512151 -0.330640916720209 0 151 255 255 
0.446100187110706 0.759782899266064 -0.363305892039599 0 151 255 255 
0.356813509995799 0.818199373727181 -0.389724499450305 0 151 255 255 
0.495335755956629 0.844811435184248 -0.0701277712751121 0 151 255 255 
0.540306299408749 0.786527731765337 -0.12540733774622 0 151 255 255 
0.465910601930314 0.839158451420518 -0.138017104772641 0 151 255 255 
0.619740750403846 0.734285829642478 -0.10254861849693 0 151 255 255 
0.57273593126149 0.792468318997259 -0.0512743092484649 0 151 255 255 
0.615046994626527 0.619880052642332 -0.383106941481035 0 151 255 255 
0.6261412964249 0.638593150404774 -0.3181057956911 0 151 255 255 
0.513770694502732 0.682472248373673 -0.42179104587349 0 151 255 255 
0.462593599024725 0.71410143282458 -0.44133895690059 0 151 255 255 
0.569435743710789 0.667426950574416 -0.354527851237901 0 151 255 255 
0.56440884456463 0.651176150508002 -0.402448993677263 0 151 255 255 
0.309016994374947 0.809016994374948 -0.5 0 151 255 255 
0.76159149386065 0.558703208078761 -0.257283792886207 0 151 255 255 
0.809016994374948 0.5 -0.309016994374947 0 151 255 255 
0.761248107322991 0.529522795802864 -0.32726308562404 0 151 255 255 
0.578432781873252 0.691940458635215 -0.27962401792676 0 151 255 255 
0.642628624947694 0.658743108793801 -0.239709511018895 0 151 255 255 
0.714165993346352 0.617406416157523 -0.205550591397466 0 151 255 255 
0.583143321345771 0.724714248831335 -0.193023411756791 0 151 255 255 
0.666953371875099 0.6758461229 -0.154049604947198 0 151 255 255 
0.525731112119133 0.85065080835204 2.81015666363529E-18 0 151 255 255 
0.602162181360723 0.293016099364182 -0.686478769061286 0 112 255 255 
0.557433697519234 0.258402570679066 -0.76261711368049 0 112 255 255 
0.561041099151518 0.346742468361238 -0.710250421237139 0 112 255 255 
0.5 0.309016994374947 -0.809016994374947 0 112 255 255 
0.530173326675081 0.327665135813801 -0.760195526261012 0 112 255 255 
0.614867395038468 0.207788146983184 -0.716217232986032 0 112 255 255 
0.593577651828775 0.366851163792534 -0.657605173128586 0 112 255 255 
0.780661796327285 0.417266999297187 -0.390132124261786 0 112 255 255 
0.765658707945556 0.366284869231959 -0.436945492648632 0 112 255 255 
0.733448275743529 0.453295963399506 -0.43128974960686 0 112 255 255 
0.673301543223969 0.156292059105882 -0.669009102195193 0 112 255 255 
0.654257053961009 0.246917060467837 -0.644494471348519 0 112 255 255 
0.710930935774447 0.198265820326219 -0.598009446958984 0 112 255 255 
0.73173569140947 0.10479597122858 -0.621800971404354 0 112 255 255 
0.636973075842269 0.332485518258639 -0.620451510637184 0 112 255 255 
0.687307192526176 0.293654718768917 -0.576800766252436 0 112 255 255 
0.820665727140392 0.360104904491171 -0.369651478774817 0 112 255 255 
0.826518523576608 0.289815926889499 -0.400116706310991 0 112 255 255 
0.814812930704176 0.430393882092843 -0.339186251238643 0 112 255 255 
0.771232635059238 0.476647981699753 -0.370153371990904 0 112 255 255 
0.85065080835204 2.40043887989096E-16 -0.525731112119133 0 112 255 255 
0.791193249880755 0.0523979856142899 -0.573766041761744 0 112 255 255 
0.844533804468546 0.073461968760053 -0.493890620623962 0 112 255 255 
0.779387361242172 0.146329353978889 -0.538169878643627 0 112 255 255 
0.745769255478617 0.242834827037997 -0.529191407801305 0 112 255 255 
0.794743395319889 0.2061616889495 -0.486121087867796 0 112 255 255 
0.838500733274688 0.145915950482428 -0.462487019171926 0 112 255 255 
0.722023523776871 0.336083475116893 -0.509295855162017 0 112 255 255 
0.661120524717542 0.408594954935606 -0.548318509096747 0 112 255 255 
0.781196844696395 0.276591786571775 -0.465458994585105 0 112 255 255 
0.696126844929052 0.430230050647381 -0.491677093173462 0 112 255 255 
0.83246766208083 0.218369932204802 -0.431083417719891 0 112 255 255 
0.809016994374948 0.5 -0.309016994374947 0 112 255 255 
0.626114204506032 0.38695985922383 -0.604959925020033 0 112 255 255 
0.645828860004828 0.547559741322839 -0.424645387422228 0 216 255 255 
0.708789452551686 0.503007568362691 -0.406236967835517 0 216 255 255 
0.666496270785519 0.4957608837387 -0.455776834225676 0 216 255 255 
0.462644408018545 0.488002823809269 -0.667386756922081 0 216 255 255 
0.50105497684511 0.498373177841502 -0.618605834063283 0 216 255 255 
0.502881602929008 0.449519414695639 -0.665632971125247 0 216 255 255 
0.535571283032261 0.399523018505995 -0.682939687211639 0 216 255 255 
0.508506530376232 0.382952512099348 -0.726574946274315 0 216 255 255 
0.493578916292468 0.424254095383686 -0.700200977073741 0 216 255 255 
0.491407450160877 0.609800597459179 -0.516825941129839 0 216 255 255 
0.458191408631551 0.571967519436511 -0.587875060681833 0 216 255 255 
0.423384857527967 0.634571496807378 -0.56007763441455 0 216 255 255 
0.593577651828775 0.366851163792534 -0.657605173128586 0 216 255 255 
0.556604534380407 0.427068835648038 -0.63436061872145 0 216 255 255 
0.407202378034775 0.716047981455058 -0.494783629260062 0 216 255 255 
0.411416503546717 0.745730617275487 -0.460886867927691 0 216 255 255 
0.462593599024725 0.71410143282458 -0.44133895690059 0 216 255 255 
0.771232635059238 0.476647981699753 -0.370153371990904 0 216 255 255 
0.733448275743529 0.453295963399506 -0.43128974960686 0 216 255 255 
0.693634211072545 0.46828990982224 -0.45610986785511 0 216 255 255 
0.328002143631317 0.759313228340282 -0.530718616778296 0 216 255 255 
0.453982299107614 0.429492899395341 -0.73455879024694 0 216 255 255 
0.431272340216781 0.488948343654655 -0.697813304878459 0 216 255 255 
0.468550872515809 0.457125275394772 -0.692357840839314 0 216 255 255 
0.409462247586017 0.546047907459777 -0.6625238337041 0 216 255 255 
0.387652154955254 0.603147471264899 -0.627234362529742 0 216 255 255 
0.476991149553807 0.369254946885144 -0.771787892310943 0 216 255 255 
0.6911788526409 0.550961467084645 -0.37589366902435 0 216 255 255 
0.712755607385886 0.559492808963447 -0.345785572400562 0 216 255 255 
0.761248107322991 0.529522795802864 -0.32726308562404 0 216 255 255 
0.513770694502732 0.682472248373673 -0.42179104587349 0 216 255 255 
0.508373243404088 0.652677344873841 -0.456983400471966 0 216 255 255 
0.530173326675081 0.327665135813801 -0.760195526261012 0 216 255 255 
0.386973745872262 0.691115885039845 -0.539944357837787 0 216 255 255 
0.696126844929052 0.430230050647381 -0.491677093173462 0 216 255 255 
0.447025898098856 0.669978743795094 -0.501029346855945 0 216 255 255 
0.666465055376595 0.4603129224118 -0.4912560109615 0 216 255 255 
0.661120524717542 0.408594954935606 -0.548318509096747 0 216 255 255 
0.617763774921939 0.499634276773931 -0.500635937054024 0 216 255 255 
0.347660933776394 0.707845847562769 -0.562527207410731 0 216 255 255 
0.809016994374948 0.5 -0.309016994374947 0 216 255 255 
0.583245292834044 0.459809020554122 -0.574979675361729 0 216 255 255 
0.626114204506032 0.38695985922383 -0.604959925020033 0 216 255 255 
0.536813741633236 0.538223018901824 -0.542997228214835 0 216 255 255 
0.309016994374947 0.809016994374948 -0.5 0 216 255 255 
0.360190878739267 0.777389794501441 -0.480453315509187 0 216 255 255 
0.568590475057542 0.58837829838168 -0.461065215310673 0 216 255 255 
0.367319723921471 0.656378466785257 -0.594335798043167 0 216 255 255 
0.654187981131231 0.576723065931999 -0.387122941686665 0 216 255 255 
0.56440884456463 0.651176150508002 -0.402448993677263 0 216 255 255 
0.615046994626527 0.619880052642332 -0.383106941481035 0 216 255 255 
0.664263107448781 0.58946282212403 -0.364308059177084 0 216 255 255 
0.561041099151518 0.346742468361238 -0.710250421237139 0 216 255 255 
0.5 0.309016994374947 -0.809016994374947 0 216 255 255 
0.546560604093726 -0.662206969758402 0.409266414897767 0 151 255 255 
0.58478367690518 -0.675462737998775 0.307028086313173 0 151 255 255 
0.603460197755262 -0.627041086929515 0.387532704065118 0 151 255 255 
0.636828304190112 -0.629457950767028 0.320036599390579 0 151 255 255 
0.511665537532481 -0.719060590390976 0.338739081852256 0 151 255 255 
0.339290809529911 -0.814833017814761 0.430152646560158 0 151 255 255 
0.389460015850955 -0.781024431372459 0.417649077905909 0 151 255 255 
0.369915371125293 -0.771379727683537 0.476738889941064 0 151 255 255 
0.525731112119133 -0.85065080835204 1.3253185599413E-17 0 151 255 255 
0.573867269228922 -0.791067950685077 0.0525084076635867 0 151 255 255 
0.493840231991629 -0.844524124107308 0.0735782247586405 0 151 255 255 
0.462296745473541 -0.838464179035187 0.146354947490019 0 151 255 255 
0.516920862774163 -0.805209363031702 0.124290924171382 0 151 255 255 
0.558287475378233 -0.760592927786481 0.153761459189492 0 151 255 255 
0.621538694059409 -0.732060337884208 0.104509870995902 0 151 255 255 
0.495891791834402 -0.792228815822225 0.194055129011368 0 151 255 255 
0.431147718151771 -0.832480015093395 0.218221579082842 0 151 255 255 
0.603805444141219 -0.704725858056789 0.202285087959072 0 151 255 255 
0.537231221439088 -0.738494191763013 0.245244269314271 0 151 255 255 
0.668751102479182 -0.673620894856509 0.156010625043032 0 151 255 255 
0.650072549443613 -0.649759775768122 0.247281236321008 0 151 255 255 
0.715963510898955 -0.61518145182881 0.207511379090161 0 151 255 255 
0.468953402843014 -0.77889422052283 0.275596771560264 0 151 255 255 
0.399998690830001 -0.826495851151604 0.290088210675665 0 151 255 255 
0.689203503494223 -0.600840615577552 0.291114112417162 0 151 255 255 
0.656621593352285 -0.594185537561176 0.367226857836434 0 151 255 255 
0.437159575721308 -0.765319921181694 0.366693762960993 0 151 255 255 
0.762490252636951 -0.557590725914405 0.258264186732554 0 151 255 255 
0.809016994374948 -0.5 0.309016994374948 0 151 255 255 
0.759399991662127 -0.530664994096418 0.327969002991349 0 151 255 255 
0.708010792507206 -0.562425265828797 0.347597930413892 0 151 255 255 
0.369564624684874 -0.820649041254574 0.360305293120315 0 151 255 255 
0.489661010432189 -0.69737285258729 0.431000125730416 0 151 255 255 
0.429788190778741 -0.734376290135414 0.45386950783574 0 151 255 255 
0.309016994374948 -0.809016994374947 0.5 0 151 255 255 
0.624847921681951 -0.386177253399178 0.607008813668766 0 112 255 255 
0.660096778785859 -0.407962245153981 0.549974964810055 0 112 255 255 
0.633931337333244 -0.334323526170039 0.623364174908542 0 112 255 255 
0.809016994374948 -0.5 0.309016994374948 0 112 255 255 
0.814559065323839 -0.433442670518481 0.337864820250941 0 112 255 255 
0.770845845554444 -0.476408932639299 0.370779210556152 0 112 255 255 
0.761441275058251 -0.360988145079552 0.445223097125644 0 112 255 255 
0.82010113627273 -0.366885341036962 0.366712646126934 0 112 255 255 
0.825605129570816 -0.300785303923922 0.395362268578554 0 112 255 255 
0.803264989185359 -0.119289401867476 0.522120167319121 0 112 255 255 
0.840883870520117 -0.117295737513947 0.474891827578156 0 112 255 255 
0.845832271984242 -0.0578680633300698 0.500649459538852 0 112 255 255 
0.695345635889767 -0.429747236908784 0.492941115951344 0 112 255 255 
0.718159148082689 -0.336454285497148 0.514057651452024 0 112 255 255 
0.776725598919875 -0.280950258604433 0.468845325255572 0 112 255 255 
0.830857202495537 -0.237710696735511 0.42270058427635 0 112 255 255 
0.788649850691626 -0.203099434104567 0.495600371615952 0 112 255 255 
0.734952221868877 -0.248530785843515 0.540003520063377 0 112 255 255 
0.835935469055991 -0.176723411697825 0.44913419561746 0 112 255 255 
0.748105439782872 -0.164430808891939 0.56855720910415 0 112 255 255 
0.803775405585822 -0.0413097466993119 0.563601094199405 0 112 255 255 
0.755658687237182 -0.0837134238879153 0.602473917771979 0 112 255 255 
0.592515763593393 -0.366194880770814 0.659323344385688 0 112 255 255 
0.681438454244427 -0.297454191344454 0.582283643371877 0 112 255 255 
0.696634839491771 -0.20879573661855 0.610676919580689 0 112 255 255 
0.645526740899096 -0.253800424582751 0.651985454489641 0 112 255 255 
0.707541968888542 -0.126117101076519 0.641346741344552 0 112 255 255 
0.656709068423317 -0.17091445999592 0.682413930448122 0 112 255 255 
0.59857057794372 -0.295602814452224 0.689692939076925 0 112 255 255 
0.560932799208157 -0.34667553531526 0.710425654226478 0 112 255 255 
0.605876167958093 -0.215711818915321 0.723481119551693 0 112 255 255 
0.552938083979047 -0.262364406645134 0.76624905696332 0 112 255 255 
0.5 -0.309016994374947 0.809016994374948 0 112 255 255 
0.530466399604079 -0.327846264845104 0.759721324300713 0 112 255 255 
0.85065080835204 -2.48724998307062E-16 0.525731112119134 0 112 255 255 
0.732674696733941 -0.452817865278597 0.432541426737357 0 112 255 255 
0.116902558326009 -0.475062242539815 0.840916609618458 0 216 255 255 
0.0584512791630043 -0.500396677329474 0.845783708985249 0 216 255 255 
0.0649779017848956 -0.585298458152961 0.776918443463889 0 216 255 255 
0.335275872403471 -0.623922845316917 0.633095507848436 0 216 255 255 
0.366769406502929 -0.657819216491599 0.593445365755366 0 216 255 255 
0.386718383976057 -0.605592115426146 0.625723489347692 0 216 255 255 
0.0324889508924477 -0.555514785136047 0.813784625907965 0 216 255 255 
-1.24495290644702E-16 -0.525731112119134 0.85065080835204 0 216 255 255 
0.346820429029802 -0.710046317557053 0.56116724216304 0 216 255 255 
0.263994736012162 -0.767743632671172 0.551088100577374 0 216 255 255 
0.327819701475106 -0.759790868106225 0.530423419168564 0 216 255 255 
0.218972477649377 -0.726470270967396 0.602176201154747 0 216 255 255 
0.297173400519757 -0.690362289879328 0.597388393949275 0 216 255 255 
0.255985615091398 -0.654122123755173 0.642943225530966 0 216 255 255 
0.17741168792444 -0.688370149618758 0.649336469936326 0 216 255 255 
0.209933384227639 -0.61263628305693 0.694630218446133 0 216 255 255 
0.135850898199503 -0.650270028270119 0.696496738717905 0 216 255 255 
0.298341066881499 -0.582276311988566 0.6810709595673 0 216 255 255 
0.153355606653332 -0.566216308393399 0.754588990216624 0 216 255 255 
0.0996809836351824 -0.617111896694875 0.737539820525291 0 216 255 255 
0.247161101488385 -0.538225784742889 0.736913039540012 0 216 255 255 
0.33806024088058 -0.513927500746365 0.717584706801581 0 216 255 255 
0.408444032905747 -0.548713628100568 0.660876327743579 0 216 255 255 
0.430169681835438 -0.49183514077499 0.696029166139466 0 216 255 255 
0.36795011359326 -0.448486293355997 0.755970350901142 0 216 255 255 
0.201807071503512 -0.486282282229153 0.796450319167398 0 216 255 255 
0.282751672731008 -0.467425751934684 0.777073068482797 0 216 255 255 
0.178011933321043 -0.44857571396392 0.835828176916858 0 216 255 255 
0.303416437079393 -0.394221861177643 0.825386041354129 0 216 255 255 
0.240714185200218 -0.421398787570782 0.830607109135494 0 216 255 255 
0.400036870039605 -0.392138732094673 0.786349686280144 0 216 255 255 
0.453265778993534 -0.431368773407624 0.733399436348736 0 216 255 255 
0.476361876151631 -0.370902406040259 0.770769706558006 0 216 255 255 
0.368636110000374 -0.365953813424374 0.819955353894051 0 216 255 255 
0.433855782921355 -0.337685765671104 0.814524666433973 0 216 255 255 
0.5 -0.309016994374947 0.809016994374948 0 216 255 255 
0.309016994374948 -0.809016994374947 0.5 0 216 255 255 
0.513415334098499 -0.429751169357317 0.674867485294079 0 151 255 255 
0.500427240881162 -0.462098164883513 0.65550858298522 0 151 255 255 
0.548902623152448 -0.432499550744122 0.636631814853325 0 151 255 255 
0.698174352918095 -0.548357396953018 0.371502238878782 0 151 255 255 
0.714946834413814 -0.50819260669763 0.394894547638451 0 151 255 255 
0.650481858013519 -0.549482793171161 0.418069337565215 0 151 255 255 
0.430169681835438 -0.49183514077499 0.696029166139466 0 151 255 255 
0.476225361894377 -0.453170897718912 0.688637729136605 0 151 255 255 
0.453265778993534 -0.431368773407624 0.733399436348736 0 151 255 255 
0.679608241708647 -0.492353168872366 0.446072578168882 0 151 255 255 
0.623951778345919 -0.497563277422896 0.496518932981081 0 151 255 255 
0.346820429029802 -0.710046317557053 0.56116724216304 0 151 255 255 
0.38136274968814 -0.705012592384039 0.531658646677715 0 151 255 255 
0.366769406502929 -0.657819216491599 0.593445365755366 0 151 255 255 
0.544109888806648 -0.392423992192035 0.681500107751212 0 151 255 255 
0.497501905149022 -0.407793585274533 0.71273849832634 0 151 255 255 
0.809016994374948 -0.5 0.309016994374948 0 151 255 255 
0.770845845554444 -0.476408932639299 0.370779210556152 0 151 255 255 
0.759399991662127 -0.530664994096418 0.327969002991349 0 151 255 255 
0.57760091705116 -0.581683550062972 0.458749521635762 0 151 255 255 
0.603460197755262 -0.627041086929515 0.387532704065118 0 151 255 255 
0.732674696733941 -0.452817865278597 0.432541426737357 0 151 255 255 
0.677504880888236 -0.455545185435205 0.484983922426453 0 151 255 255 
0.57759404930861 -0.394323919276537 0.646116020164748 0 151 255 255 
0.624847921681951 -0.386177253399178 0.607008813668766 0 151 255 255 
0.592515763593393 -0.366194880770814 0.659323344385688 0 151 255 255 
0.695345635889767 -0.429747236908784 0.492941115951344 0 151 255 255 
0.660096778785859 -0.407962245153981 0.549974964810055 0 151 255 255 
0.369915371125293 -0.771379727683537 0.476738889941064 0 151 255 255 
0.429788190778741 -0.734376290135414 0.45386950783574 0 151 255 255 
0.415456885155745 -0.714459325957966 0.488117777636183 0 151 255 255 
0.583088330748243 -0.460546501784095 0.574399156217557 0 151 255 255 
0.462457752661758 -0.572516637648405 0.583059598439732 0 151 255 255 
0.408444032905747 -0.548713628100568 0.660876327743579 0 151 255 255 
0.386718383976057 -0.605592115426146 0.625723489347692 0 151 255 255 
0.327819701475106 -0.759790868106225 0.530423419168564 0 151 255 255 
0.309016994374948 -0.809016994374947 0.5 0 151 255 255 
0.402816173396783 -0.652121996358613 0.563095818994499 0 151 255 255 
0.439694737346827 -0.667557955247147 0.510781296155921 0 151 255 255 
0.546560604093726 -0.662206969758402 0.409266414897767 0 151 255 255 
0.708010792507206 -0.562425265828797 0.347597930413892 0 151 255 255 
0.476361876151631 -0.370902406040259 0.770769706558006 0 151 255 255 
0.521633190949444 -0.369144272931052 0.727256524869399 0 151 255 255 
0.49984108578398 -0.615631079216315 0.5025618237496 0 151 255 255 
0.438714831149539 -0.622805105549454 0.556514052050903 0 151 255 255 
0.541309978314556 -0.538176093879545 0.538547916555794 0 151 255 255 
0.500839215817432 -0.50177715488567 0.615417618046793 0 151 255 255 
0.463096912985248 -0.492360719966811 0.662576355797836 0 151 255 255 
0.489661010432189 -0.69737285258729 0.431000125730416 0 151 255 255 
0.486428556084711 -0.667311817877783 0.464293614787401 0 151 255 255 
0.45324288016889 -0.695563769385862 0.469227339195143 0 151 255 255 
0.656621593352285 -0.594185537561176 0.367226857836434 0 151 255 255 
0.560932799208157 -0.34667553531526 0.710425654226478 0 151 255 255 
0.5 -0.309016994374947 0.809016994374948 0 151 255 255 
0.530466399604079 -0.327846264845104 0.759721324300713 0 151 255 255 
0.25831906753195 -0.87564979407643 0.246939349779704 0 112 255 255 
0.323869181399762 -0.862132691752517 0.222208620754842 0 112 255 255 
0.33553015474093 -0.846365402187958 0.282552237768546 0 112 255 255 
0.419107920897061 -0.855593080104888 0.122808596322076 0 112 255 255 
0.462296745473541 -0.838464179035187 0.146354947490019 0 112 255 255 
0.407019033577338 -0.848389087747759 0.174351345870733 0 112 255 255 
1.73733473709777E-17 -1 4.57917701647518E-16 0 112 255 255 
0.0631677579874689 -0.982055363709377 7.63284587308011E-18 0 112 255 255 
0.0326168224138223 -0.979841695143238 0.0527751272705845 0 112 255 255 
0.369564624684874 -0.820649041254574 0.360305293120315 0 112 255 255 
0.339290809529911 -0.814833017814761 0.430152646560158 0 112 255 255 
0.272530162877749 -0.831567096382006 0.440963066495743 0 112 255 255 
0.205133530719698 -0.924632843900103 0.082816816652739 0 112 255 255 
0.12561319908699 -0.964315922509632 5.60826344114264E-18 0 112 255 255 
0.188058640186511 -0.946576481309888 3.58368152970758E-18 0 112 255 255 
0.345454991274457 -0.870097768099726 0.153906975991793 0 112 255 255 
0.375062930857844 -0.846953137342911 0.225292423417178 0 112 255 255 
0.279002390256557 -0.850601244351788 0.339833092920622 0 112 255 255 
0.200763588640367 -0.875921278516851 0.324842310123516 0 112 255 255 
0.453082272771556 -0.871288821170016 9.08260560007041E-18 0 112 255 255 
0.493840231991629 -0.844524124107308 0.0735782247586405 0 112 255 255 
0.385674279365146 -0.877918566948561 0.060657582802224 0 112 255 255 
0.525731112119133 -0.85065080835204 1.3253185599413E-17 0 112 255 255 
0.136777447968638 -0.935572716594214 0.123896480020806 0 112 255 255 
0.232751383741398 -0.925924893432806 0.0385440368830821 0 112 255 255 
0.286230244510612 -0.903959740569038 0.0713593308795895 0 112 255 255 
0.251583119548771 -0.928530507952197 3.56585363956661E-18 0 112 255 255 
0.315107598911032 -0.910484534594506 3.54802574954652E-18 0 112 255 255 
0.265762748035562 -0.892171360692599 0.156645909978602 0 112 255 255 
0.0655514222772632 -0.959486993021754 0.106064429255509 0 112 255 255 
0.0984860221407041 -0.93913229090027 0.159353731240434 0 112 255 255 
0.131738399453763 -0.918581191514063 0.2131572079397 0 112 255 255 
0.194459891583026 -0.907090660454736 0.182500869750794 0 112 255 255 
0.166250994047065 -0.897251235015457 0.268999759031608 0 112 255 255 
0.300913591552329 -0.873664479639534 0.197931997909099 0 112 255 255 
0.384094935841294 -0.890886677882261 6.31531574916595E-18 0 112 255 255 
0.431147718151771 -0.832480015093395 0.218221579082842 0 112 255 255 
0.399998690830001 -0.826495851151604 0.290088210675665 0 112 255 255 
0.236646875759058 -0.853744187449429 0.382902688309629 0 112 255 255 
0.309016994374948 -0.809016994374947 0.5 0 112 255 255 
-0.260797874111518 -0.764812965877891 0.554715675209371 0 216 255 255 
-0.309016994374947 -0.809016994374948 0.5 0 216 255 255 
-0.210725496616294 -0.809016994374947 0.5 0 216 255 255 
-0.161640353159333 -0.764834755068799 0.554688704583994 0 216 255 255 
-0.11599427638503 -0.809016994374948 0.5 0 216 255 255 
-0.0634889544910078 -0.76562024410331 0.553716427523416 0 216 255 255 
-0.0255137988794595 -0.809016994374947 0.5 0 216 255 255 
0.0324041592102348 -0.767890997861427 0.550905692182453 0 216 255 255 
0.0610114461894152 -0.809016994374948 0.5 0 216 255 255 
0.228276842816619 -0.809016994374948 0.5 0 216 255 255 
0.263994736012162 -0.767743632671172 0.551088100577374 0 216 255 255 
0.188416411921121 -0.772349955050329 0.545386402162615 0 216 255 255 
0.115884302748506 -0.772458731199936 0.545251759219996 0 216 255 255 
0.00321479693514053 -0.601279797003965 0.757136767998707 0 216 255 255 
-0.0805229050629791 -0.599549065881539 0.759279064191819 0 216 255 255 
0.00541645160333746 -0.636595003788185 0.713423661975217 0 216 255 255 
0.309016994374948 -0.809016994374947 0.5 0 216 255 255 
-0.0402614525314895 -0.562640089000336 0.804964936271929 0 216 255 255 
0.0324889508924477 -0.555514785136047 0.813784625907965 0 216 255 255 
-1.24495290644702E-16 -0.525731112119134 0.85065080835204 0 216 255 255 
0.0996809836351824 -0.617111896694875 0.737539820525291 0 216 255 255 
0.0317609070316514 -0.590502929654891 0.770476357029279 0 216 255 255 
0.218972477649377 -0.726470270967396 0.602176201154747 0 216 255 255 
0.158725967797044 -0.749393106713573 0.573802352023573 0 216 255 255 
0.144644144503017 -0.809016994374947 0.5 0 216 255 255 
0.108511619013608 -0.728886113865946 0.599185874709664 0 216 255 255 
-0.212578753848089 -0.720608937380836 0.609431350418742 0 216 255 255 
-0.109074119824291 -0.720933684194162 0.609029379336753 0 216 255 255 
-0.00350665131861915 -0.72313777843724 0.60630115503604 0 216 255 255 
-0.167210228287268 -0.679018141327243 0.660912370722562 0 216 255 255 
-0.05598677690904 -0.679834498583102 0.659901885027365 0 216 255 255 
0.060873336463447 -0.684140161476103 0.654572342439856 0 216 255 255 
0.17741168792444 -0.688370149618758 0.649336469936326 0 216 255 255 
0.0649779017848956 -0.585298458152961 0.776918443463889 0 216 255 255 
-0.121841702726447 -0.63742734527365 0.712393391026382 0 216 255 255 
0.135850898199503 -0.650270028270119 0.696496738717905 0 216 255 255 
-0.475626353892149 -0.841024983301492 0.115601047934793 0 151 255 255 
-0.500927825900471 -0.845885750056819 0.0572258200731083 0 151 255 255 
-0.473064132717872 -0.865612393502313 7.30030887015018E-18 0 151 255 255 
-0.258607924754116 -0.91724551409954 0.0450077332440546 0 151 255 255 
-0.313239440668947 -0.9029042937839 0.0392980716916384 0 151 255 255 
-0.260966036159184 -0.925865017973077 5.17258312727975E-18 0 151 255 255 
-0.450403319876621 -0.836179285581974 0.173795304677452 0 151 255 255 
-0.383376230990167 -0.873411502827717 0.0856576014037792 0 151 255 255 
-0.208199418316605 -0.940854908316489 5.66544519225445E-18 0 151 255 255 
-0.155432800474026 -0.955844798659901 6.15830703415669E-18 0 151 255 255 
-0.215779320018153 -0.922121911724313 0.0803297786482024 0 151 255 255 
-0.103481270892919 -0.970603139509349 7.42159694188336E-18 0 151 255 255 
-0.0382337161878767 -0.976370263879675 0.0618634523082019 0 151 255 255 
-0.103606154793175 -0.958650084246007 0.0577414622872606 0 151 255 255 
1.73733473709777E-17 -1 4.57917701647518E-16 0 151 255 255 
-0.0515297413118127 -0.985361480358796 8.68488681243128E-18 0 151 255 255 
-0.317836414300823 -0.84073500436148 0.33418523533158 0 151 255 255 
-0.269632987700503 -0.833357649112907 0.436275338587596 0 151 255 255 
-0.353828407214614 -0.817625893719566 0.396611689847167 0 151 255 255 
-0.367515793297369 -0.895596464843833 5.47456296095108E-18 0 151 255 255 
-0.314125953993941 -0.910763399343944 5.11597003668158E-18 0 151 255 255 
-0.0764674323757533 -0.95274052775935 0.123726904616403 0 151 255 255 
-0.294844704818908 -0.894543863615292 0.105123095501996 0 151 255 255 
-0.144415554035301 -0.937691691421758 0.103116954511698 0 151 255 255 
-0.42039715331661 -0.880573978652586 6.3441718554591E-18 0 151 255 255 
-0.20067718188139 -0.90767101116602 0.171131665874046 0 151 255 255 
-0.114677448672749 -0.92912543897712 0.18555200969563 0 151 255 255 
-0.358781111653729 -0.86415628109575 0.164352045767595 0 151 255 255 
-0.4256425016737 -0.83142238598673 0.23092314309578 0 151 255 255 
-0.395355265108185 -0.846042087278323 0.20177651977683 0 151 255 255 
-0.346594127228689 -0.852410396448838 0.238035585566492 0 151 255 255 
-0.282582980625688 -0.882500934441192 0.18034870631887 0 151 255 255 
-0.245973893744716 -0.875451603065101 0.264891272458238 0 151 255 255 
-0.40088168347078 -0.826665486391486 0.288050981514108 0 151 255 255 
-0.153110985889885 -0.905372206669046 0.247738779220839 0 151 255 255 
-0.230588755403761 -0.857488311736939 0.373100443666822 0 151 255 255 
-0.19154452310702 -0.881618974360972 0.309925548746049 0 151 255 255 
-0.377355045342697 -0.822145690055526 0.342331335680637 0 151 255 255 
-0.248471046836035 -0.901709430236704 0.134233311585779 0 151 255 255 
-0.525731112119133 -0.85065080835204 8.25644555023256E-18 0 151 255 255 
-0.331422700794781 -0.813321444047256 0.448305844923583 0 151 255 255 
-0.309016994374947 -0.809016994374948 0.5 0 151 255 255 
0.131738399453763 -0.918581191514063 0.2131572079397 0 112 255 255 
0.058414625768214 -0.926480490269606 0.192476575310401 0 112 255 255 
0.0984860221407041 -0.93913229090027 0.159353731240434 0 112 255 255 
0.228276842816619 -0.809016994374948 0.5 0 112 255 255 
0.144644144503017 -0.809016994374947 0.5 0 112 255 255 
0.209941856242103 -0.820949920416582 0.468759194037763 0 112 255 255 
0.0683661779367964 -0.839642458892478 0.41982149297185 0 112 255 255 
0.0203677863427645 -0.826475433920194 0.454293211880009 0 112 255 255 
0.0206499299389673 -0.839870299870968 0.419224997546133 0 112 255 255 
-0.0764674323757533 -0.95274052775935 0.123726904616403 0 112 255 255 
-0.0382337161878767 -0.976370263879675 0.0618634523082019 0 112 255 255 
-0.0200665735745759 -0.953582460566323 0.121522695911506 0 112 255 255 
0.0655514222772632 -0.959486993021754 0.106064429255509 0 112 255 255 
0.0256589936750016 -0.949579962142215 0.132001372825737 0 112 255 255 
0.0326168224138223 -0.979841695143238 0.0527751272705845 0 112 255 255 
-0.114677448672749 -0.92912543897712 0.18555200969563 0 112 255 255 
-0.0893077286427194 -0.89479181730137 0.275438598199621 0 112 255 255 
-0.153110985889885 -0.905372206669046 0.247738779220839 0 112 255 255 
0.104209500489693 -0.838606152616178 0.422534578025961 0 112 255 255 
0.120535515093196 -0.849268958779968 0.394618989073706 0 112 255 255 
0.12054005050694 -0.831248338524082 0.441797585401971 0 112 255 255 
-0.210725496616294 -0.809016994374947 0.5 0 112 255 255 
-0.207458799082493 -0.836007231474526 0.429338641908884 0 112 255 255 
-0.167343928085951 -0.826940704674481 0.453075117231313 0 112 255 255 
-0.0486664678635532 -0.866201950720261 0.350287840642791 0 112 255 255 
0.0050721886550893 -0.893286678335748 0.279379103169413 0 112 255 255 
0.0167089946532752 -0.856369375732877 0.376029856156693 0 112 255 255 
-0.0542655526075168 -0.935961770563587 0.167654261243893 0 112 255 255 
-0.00776106529422152 -0.92822371339921 0.187912757907123 0 112 255 255 
-0.0523552431202846 -0.916136712115934 0.219556938088803 0 112 255 255 
-0.173587429823056 -0.855837893576151 0.377421294507416 0 112 255 255 
-0.174007195254056 -0.841213843492456 0.415707554679711 0 112 255 255 
-0.195621075827785 -0.847742365499513 0.398615662168935 0 112 255 255 
-0.128533873091882 -0.83944845965553 0.420329389567972 0 112 255 255 
-0.230588755403761 -0.857488311736939 0.373100443666822 0 112 255 255 
-0.0238949165249222 -0.838406709160042 0.423056727772958 0 112 255 255 
0.0937867819485589 -0.898056260246417 0.266892175615155 0 112 255 255 
0.151741830207108 -0.841375233548931 0.415285030026412 0 112 255 255 
-0.0745405049205831 -0.828665301830346 0.448560063260359 0 112 255 255 
-0.0787656597216213 -0.847437351586262 0.399414198960866 0 112 255 255 
-0.121229156253833 -0.867515406711497 0.346849168215007 0 112 255 255 
-0.309016994374947 -0.809016994374948 0.5 0 112 255 255 
-0.269632987700503 -0.833357649112907 0.436275338587596 0 112 255 255 
0.166250994047065 -0.897251235015457 0.268999759031608 0 112 255 255 
0.143957119113704 -0.871084329947687 0.337505605879421 0 112 255 255 
0.120473364071292 -0.883525328896736 0.304934647776811 0 112 255 255 
0.0610114461894152 -0.809016994374948 0.5 0 112 255 255 
-0.0255137988794595 -0.809016994374947 0.5 0 112 255 255 
0.0807711196959299 -0.86921263744689 0.342405760462996 0 112 255 255 
-0.11599427638503 -0.809016994374948 0.5 0 112 255 255 
-0.19154452310702 -0.881618974360972 0.309925548746049 0 112 255 255 
0.174162807702199 -0.853713560483527 0.382982870747332 0 112 255 255 
0.187499532882134 -0.834569763159877 0.433101982814386 0 112 255 255 
-0.138876000634536 -0.887217552184671 0.295268281714943 0 112 255 255 
0.272530162877749 -0.831567096382006 0.440963066495743 0 112 255 255 
0.309016994374948 -0.809016994374947 0.5 0 112 255 255 
0.236646875759058 -0.853744187449429 0.382902688309629 0 112 255 255 
1.73733473709777E-17 -1 4.57917701647518E-16 0 112 255 255 
0.200763588640367 -0.875921278516851 0.324842310123516 0 112 255 255 
0.188058640186511 -0.946576481309888 3.58368152970758E-18 0 216 255 255 
0.12561319908699 -0.964315922509632 5.60826344114264E-18 0 216 255 255 
0.145689557696956 -0.945462127213066 -0.0637151590716783 0 216 255 255 
0.269974694821403 -0.833146462497993 -0.43682823232341 0 216 255 255 
0.309016994374947 -0.809016994374948 -0.5 0 216 255 255 
0.330229668729489 -0.813092245896291 -0.451058393021764 0 216 255 255 
0.424051882850777 -0.865517153953132 -0.067921016568619 0 216 255 255 
0.4828481750267 -0.84241239617898 -0.098938955936072 0 216 255 255 
0.477897261304944 -0.855269509599237 -0.0434597317559562 0 216 255 255 
0.0903605740428786 -0.963911850216951 -0.0504788329766306 0 216 255 255 
0.360705211565561 -0.87215415412543 -0.122953521008292 0 216 255 255 
0.322190788230557 -0.890150514853212 -0.0887705085643476 0 216 255 255 
0.288072535662596 -0.894522016097255 -0.114550039373615 0 216 255 255 
0.453082272771556 -0.871288821170016 9.08260560007041E-18 0 216 255 255 
0.525731112119133 -0.85065080835204 1.3253185599413E-17 0 216 255 255 
0.320508539153919 -0.839334009136581 -0.337295286330176 0 216 255 255 
0.300498549043767 -0.832016198542379 -0.400291955502066 0 216 255 255 
0.351718517923193 -0.817220554468087 -0.401479599038739 0 216 255 255 
0.504289643572917 -0.84653160226551 -0.049469477968036 0 216 255 255 
0.166660901665475 -0.925612791856273 -0.131021934488572 0 216 255 255 
0.0773747907492807 -0.952179749444534 -0.125195041304748 0 216 255 255 
0.0386873953746402 -0.976089874722267 -0.0625975206523738 0 216 255 255 
0.0631677579874689 -0.982055363709377 7.63284587308011E-18 0 216 255 255 
0.461101880101279 -0.838234628680303 -0.149111725370251 0 216 255 255 
0.384094935841294 -0.890886677882261 6.31531574916595E-18 0 216 255 255 
0.349583729958197 -0.889124172427168 -0.0560400563511635 0 216 255 255 
0.291351962349964 -0.905551999154466 -0.0565952919657222 0 216 255 255 
0.223697700289047 -0.921277977842352 -0.0735199791672489 0 216 255 255 
0.235177156559021 -0.90416130607984 -0.140651279772588 0 216 255 255 
0.231171792406753 -0.857127975052392 -0.374043817354362 0 216 255 255 
0.202360362925731 -0.902081012110813 -0.195898884289383 0 216 255 255 
0.294939167624608 -0.877660617914837 -0.186793530431958 0 216 255 255 
0.248454162664961 -0.873010967413766 -0.273302517722514 0 216 255 255 
0.373452097781524 -0.821395879224484 -0.35133616564234 0 216 255 255 
0.192368889992103 -0.881109487606791 -0.311259402385313 0 216 255 255 
0.395185677639854 -0.825571203980881 -0.30119273224594 0 216 255 255 
0.15401736588246 -0.904812033026911 -0.249205332855549 0 216 255 255 
0.115665841772816 -0.928514578447032 -0.187151263325785 0 216 255 255 
0.343743943539167 -0.849218664480911 -0.257422681195991 0 216 255 255 
0.417159305885949 -0.829792645390986 -0.250495462324574 0 216 255 255 
0.439132934132044 -0.834014086801091 -0.199798192403209 0 216 255 255 
0.38621680826571 -0.849942543048414 -0.195456558120782 0 216 255 255 
0.251583119548771 -0.928530507952197 3.56585363956661E-18 0 216 255 255 
1.73733473709777E-17 -1 4.57917701647518E-16 0 216 255 255 
0.315107598911032 -0.910484534594506 3.54802574954652E-18 0 216 255 255 
-0.428657975916092 -0.865767367235753 -0.0603689733015914 0 151 255 255 
-0.494997667205367 -0.844746483605069 -0.0709078052543968 0 151 255 255 
-0.46533037303014 -0.83904698133105 -0.139355801361063 0 151 255 255 
-0.356087430074948 -0.885375401309217 -0.0652515272696865 0 151 255 255 
-0.31621760494785 -0.889658430364449 -0.0993760722210654 0 151 255 255 
-0.289902694714904 -0.904350858152858 -0.0644096460265481 0 151 255 255 
-0.348019945579089 -0.854035557813198 -0.228199099729981 0 151 255 255 
-0.407061935418224 -0.827852799255963 -0.273791984426664 0 151 255 255 
-0.32770078048971 -0.839099977944199 -0.328529912129009 0 151 255 255 
-0.339112734039954 -0.87418035894531 -0.14285591915693 0 151 255 255 
-0.397303794887689 -0.863336805762311 -0.115300533700252 0 151 255 255 
-0.397145215734176 -0.85266542191683 -0.1672223658803 0 151 255 255 
-0.305468442361384 -0.830349803940323 -0.401525277217796 0 151 255 255 
-0.355900821175355 -0.818024033435718 -0.391830243252195 0 151 255 255 
-0.279767560961595 -0.894727103050412 -0.124987196431097 0 151 255 255 
-0.211425029737439 -0.920314692360425 -0.0950790434583889 0 151 255 255 
-0.115069721861299 -0.92888300081372 -0.186186721047579 0 151 255 255 
-0.129075200710063 -0.94694114600503 -0.0794169149250805 0 151 255 255 
-0.0572100958254495 -0.964642216280234 -0.0925678795452162 0 151 255 255 
-0.103481270892919 -0.970603139509349 7.42159694188336E-18 0 151 255 255 
-0.155432800474026 -0.955844798659901 6.15830703415669E-18 0 151 255 255 
-0.175676513263029 -0.941116670846301 -0.0434956815958414 0 151 255 255 
-0.367515793297369 -0.895596464843833 5.47456296095108E-18 0 151 255 255 
-0.42039715331661 -0.880573978652586 6.3441718554591E-18 0 151 255 255 
-0.393210899562039 -0.881740427528696 -0.0317671455257419 0 151 255 255 
-0.473064132717872 -0.865612393502313 7.30030887015018E-18 0 151 255 255 
-0.525731112119133 -0.85065080835204 8.25644555023256E-18 0 151 255 255 
-0.242800082190823 -0.899401679613689 -0.15321993053111 0 151 255 255 
-0.0515297413118127 -0.985361480358796 8.68488681243128E-18 0 151 255 255 
-0.0284426653601246 -0.982421466076804 -0.0460211992833213 0 151 255 255 
1.73733473709777E-17 -1 4.57917701647518E-16 0 151 255 255 
-0.202694597300096 -0.900493680728671 -0.203129576588684 0 151 255 255 
-0.277313140764162 -0.882071242315247 -0.18968390564627 0 151 255 255 
-0.435663078854912 -0.83334747905703 -0.207803797467729 0 151 255 255 
-0.254329858556881 -0.869842872665507 -0.280564946549594 0 151 255 255 
-0.176929672189407 -0.89065144896857 -0.286278223220838 0 151 255 255 
-0.14549196093175 -0.910081023054306 -0.235410937877444 0 151 255 255 
-0.208367383447063 -0.871221874882833 -0.337145508564231 0 151 255 255 
-0.24164308204025 -0.850656362152846 -0.390986719887403 0 151 255 255 
-0.208199418316605 -0.940854908316489 5.66544519225445E-18 0 151 255 255 
-0.331832142772585 -0.813400103579528 -0.447361185706025 0 151 255 255 
-0.274918780633436 -0.83009084942286 -0.444827931210576 0 151 255 255 
-0.381481378296789 -0.82293841634584 -0.33281111383943 0 151 255 255 
-0.309016994374947 -0.809016994374948 -0.5 0 151 255 255 
-0.260966036159184 -0.925865017973077 5.17258312727975E-18 0 151 255 255 
-0.0859775262907743 -0.946862966483664 -0.139114559807111 0 151 255 255 
-0.314125953993941 -0.910763399343944 5.11597003668158E-18 0 151 255 255 
0.0118198752955567 -0.593531993746817 -0.76672698637965 0 112 255 255 
0.0334347343602914 -0.556381815457965 -0.812711417173292 0 112 255 255 
0.0684708903059782 -0.588500593805422 -0.772954845115652 0 112 255 255 
-0.0612108831387874 -0.581845110213973 -0.781192991975394 0 112 255 255 
-0.0292528552927126 -0.552548151540735 -0.817456720189533 0 112 255 255 
0.105411431582525 -0.622365183834527 -0.731037310173007 0 112 255 255 
0.0740105551298532 -0.674385883174363 -0.666646172396222 0 112 255 255 
0.0182526874655606 -0.635219086308306 -0.715126770413602 0 112 255 255 
0.142351972859072 -0.656229773863632 -0.689119775230361 0 112 255 255 
0.1828834824868 -0.693386320827257 -0.643127461301352 0 112 255 255 
-1.51134705914321E-16 -0.525731112119134 -0.85065080835204 0 112 255 255 
-0.051546745312465 -0.623474278269403 -0.729664474869562 0 112 255 255 
-0.0520955758794796 -0.671727524775036 -0.669936684137191 0 112 255 255 
-0.131738740878416 -0.646500280534933 -0.701162926387055 0 112 255 255 
-0.0964748120086018 -0.614172695374453 -0.741177959181224 0 112 255 255 
-0.173671766199024 -0.684941642304151 -0.653580270763019 0 112 255 255 
-0.106092392345385 -0.720116994523942 -0.610040276493911 0 112 255 255 
-0.215604791519632 -0.723383004073369 -0.605997615138984 0 112 255 255 
0.00634797173975895 -0.71907227629859 -0.611333427028992 0 112 255 255 
0.116608498675058 -0.724247161566065 -0.604927962387691 0 112 255 255 
0.223414992114528 -0.730542867790882 -0.597135147372343 0 112 255 255 
-0.262310892947289 -0.766199999224158 -0.552998807569492 0 112 255 255 
-0.157812436796843 -0.765259891471759 -0.5541624714298 0 112 255 255 
-0.207114188923555 -0.809016994374948 -0.5 0 112 255 255 
-0.309016994374947 -0.809016994374948 -0.5 0 112 255 255 
-0.0514465899346079 -0.764573285546187 -0.555012351137551 0 112 255 255 
-0.104678538192704 -0.809016994374947 -0.5 0 112 255 255 
0.055401400360953 -0.765549737770914 -0.553803700147987 0 112 255 255 
-0.00168216559638959 -0.809016994374948 -0.5 0 112 255 255 
0.161363174903146 -0.767936552647523 -0.550849304541666 0 112 255 255 
0.101741717545523 -0.809016994374948 -0.5 0 112 255 255 
0.266215993244738 -0.769779931082915 -0.548567573686172 0 112 255 255 
0.205379355960235 -0.809016994374947 -0.5 0 112 255 255 
0.309016994374947 -0.809016994374948 -0.5 0 112 255 255 
-0.0674039490327388 -0.920258838109667 -0.208765072131299 0 216 255 255 
-0.00442987867605101 -0.922679351116907 -0.202428086808135 0 216 255 255 
-0.0288567750800166 -0.941703247521606 -0.152622879422175 0 216 255 255 
-0.207114188923555 -0.809016994374948 -0.5 0 216 255 255 
-0.166660802840349 -0.825317866450281 -0.457323762860514 0 216 255 255 
-0.219973900340182 -0.830977513955897 -0.442506613326466 0 216 255 255 
-0.136771436086964 -0.859982542062917 -0.366570463897641 0 216 255 255 
-0.123509376697431 -0.835908111158477 -0.429598142265277 0 216 255 255 
-0.081520409364983 -0.84884829876231 -0.395720291297643 0 216 255 255 
-0.00168216559638959 -0.809016994374948 -0.5 0 216 255 255 
0.0815325905487625 -0.829032852126687 -0.447597804091963 0 216 255 255 
0.0248938188712754 -0.838818839164806 -0.4219777574127 0 216 255 255 
0.0318381528478879 -0.868002681407571 -0.345573466498827 0 216 255 255 
-0.0579546884269772 -0.870317187380327 -0.339514011194987 0 216 255 255 
-0.0284499002311338 -0.847470360010323 -0.39932778178476 0 216 255 255 
-0.183224360413562 -0.840724302136146 -0.416989190589428 0 216 255 255 
-0.213839903561011 -0.841088994557338 -0.416034413435308 0 216 255 255 
-0.24164308204025 -0.850656362152846 -0.390986719887403 0 216 255 255 
0.165088757737618 -0.840626695917923 -0.417244726986249 0 216 255 255 
0.207910216024811 -0.833578492098271 -0.435697164145736 0 216 255 255 
0.190651699706889 -0.84681595583002 -0.401041034171173 0 216 255 255 
0.158675429797268 -0.855782704682847 -0.377565780905887 0 216 255 255 
0.231171792406753 -0.857127975052392 -0.374043817354362 0 216 255 255 
-0.0682007132860266 -0.831558663164261 -0.440985144946436 0 216 255 255 
0.0351993843631094 -0.93674525706011 -0.165603066966269 0 216 255 255 
0.00627565946092891 -0.958936473699947 -0.107505707551465 0 216 255 255 
-0.0572100958254495 -0.964642216280234 -0.0925678795452162 0 216 255 255 
0.0773747907492807 -0.952179749444534 -0.125195041304748 0 216 255 255 
0.0386873953746402 -0.976089874722267 -0.0625975206523738 0 216 255 255 
-0.0284426653601246 -0.982421466076804 -0.0460211992833213 0 216 255 255 
0.309016994374947 -0.809016994374948 -0.5 0 216 255 255 
0.269974694821403 -0.833146462497993 -0.43682823232341 0 216 255 255 
0.248070315295349 -0.82118973583654 -0.468131349117286 0 216 255 255 
0.205379355960235 -0.809016994374947 -0.5 0 216 255 255 
-0.0247294826487283 -0.829165167198363 -0.447251398737091 0 216 255 255 
0.127711103985149 -0.840430195272362 -0.41775917235514 0 216 255 255 
0.0903500546227973 -0.850867504889054 -0.390433941027534 0 216 255 255 
0.14798028686927 -0.826850310118766 -0.453311773250575 0 216 255 255 
0.136876820358236 -0.889038760552791 -0.290500296306609 0 216 255 255 
0.084860336951803 -0.896881633419317 -0.269967388572601 0 216 255 255 
0.115912224709092 -0.873506707923377 -0.331163738005466 0 216 255 255 
0.115665841772816 -0.928514578447032 -0.187151263325785 0 216 255 255 
0.0450151598716938 -0.916551779273649 -0.21847027816229 0 216 255 255 
-0.00674477656164125 -0.898156537065794 -0.266629647493742 0 216 255 255 
0.15401736588246 -0.904812033026911 -0.249205332855549 0 216 255 255 
-0.176929672189407 -0.89065144896857 -0.286278223220838 0 216 255 255 
-0.179742565160242 -0.871418344611484 -0.336631144136861 0 216 255 255 
-0.136016724224731 -0.883951898663932 -0.303817873627719 0 216 255 255 
-0.14549196093175 -0.910081023054306 -0.235410937877444 0 216 255 255 
-0.0852053184197882 -0.893364500573412 -0.279175361906126 0 216 255 255 
0.101741717545523 -0.809016994374948 -0.5 0 216 255 255 
-0.103987041789615 -0.876904032170147 -0.322269427656618 0 216 255 255 
0.192368889992103 -0.881109487606791 -0.311259402385313 0 216 255 255 
-0.208367383447063 -0.871221874882833 -0.337145508564231 0 216 255 255 
-0.104678538192704 -0.809016994374947 -0.5 0 216 255 255 
-0.309016994374947 -0.809016994374948 -0.5 0 216 255 255 
-0.25275596606803 -0.819775588032163 -0.47183363613426 0 216 255 255 
-0.0498227249309621 -0.81968945477813 -0.472059135920882 0 216 255 255 
-0.274918780633436 -0.83009084942286 -0.444827931210576 0 216 255 255 
1.73733473709777E-17 -1 4.57917701647518E-16 0 216 255 255 
-0.0859775262907743 -0.946862966483664 -0.139114559807111 0 216 255 255 
-0.115069721861299 -0.92888300081372 -0.186186721047579 0 216 255 255 
0.4828481750267 -0.84241239617898 -0.098938955936072 0 151 255 255 
0.602593813682784 -0.75551028027208 -0.0838442100524067 0 151 255 255 
0.504289643572917 -0.84653160226551 -0.049469477968036 0 151 255 255 
0.529479063389996 -0.75591551140572 -0.218191097844617 0 151 255 255 
0.466564609287366 -0.796973499742468 -0.237054322012312 0 151 255 255 
0.507206312692386 -0.7347304900079 -0.309753883761946 0 151 255 255 
0.413496555961003 -0.744445074185077 -0.460092358603815 0 151 255 255 
0.394511723163945 -0.786015852449157 -0.396438608879444 0 151 255 255 
0.351718517923193 -0.817220554468087 -0.401479599038739 0 151 255 255 
0.438847984570921 -0.761856694524052 -0.371799056974344 0 151 255 255 
0.373452097781524 -0.821395879224484 -0.35133616564234 0 151 255 255 
0.361256775167975 -0.776731034280012 -0.480046179301908 0 151 255 255 
0.439132934132044 -0.834014086801091 -0.199798192403209 0 151 255 255 
0.417159305885949 -0.829792645390986 -0.250495462324574 0 151 255 255 
0.563676424483892 -0.80368216188113 -0.0413919193014623 0 151 255 255 
0.309016994374947 -0.809016994374948 -0.5 0 151 255 255 
0.330229668729489 -0.813092245896291 -0.451058393021764 0 151 255 255 
0.465414029871983 -0.712358310698056 -0.440261648179856 0 151 255 255 
0.461101880101279 -0.838234628680303 -0.149111725370251 0 151 255 255 
0.566495016905885 -0.649886825094717 -0.401652146749293 0 151 255 255 
0.569762066244547 -0.668706973792929 -0.350882118142762 0 151 255 255 
0.516686890018864 -0.680669940426863 -0.420677158304167 0 151 255 255 
0.445075320102433 -0.789713821404598 -0.294075260763871 0 151 255 255 
0.629549526471441 -0.636190907178893 -0.317506999370976 0 151 255 255 
0.582290874137257 -0.691796866539214 -0.27282526602054 0 151 255 255 
0.616303143792905 -0.619103709762571 -0.382627135194419 0 151 255 255 
0.652473001352912 -0.649346403316973 -0.243821168873983 0 151 255 255 
0.691590042931605 -0.598947802802336 -0.291195507336067 0 151 255 255 
0.665482392019414 -0.58870926281742 -0.363842333913061 0 151 255 255 
0.713537656169919 -0.559009476234054 -0.345486856345922 0 151 255 255 
0.766312598920845 -0.552859431846462 -0.262433720175956 0 151 255 255 
0.809016994374947 -0.5 -0.309016994374948 0 151 255 255 
0.761592920320425 -0.529309689650687 -0.327131378778783 0 151 255 255 
0.525731112119133 -0.85065080835204 1.3253185599413E-17 0 151 255 255 
0.395185677639854 -0.825571203980881 -0.30119273224594 0 151 255 255 
0.553826791740671 -0.767679191351814 -0.145176958348798 0 151 255 255 
0.606398692195726 -0.70546069777263 -0.195739631535572 0 151 255 255 
0.723608203466743 -0.605718863692924 -0.215850445976964 0 151 255 255 
0.68255970317421 -0.656528631177977 -0.171073473390158 0 151 255 255 
0.641511202881676 -0.707338398663029 -0.126296500803351 0 151 255 255 
0.223414992114528 -0.730542867790882 -0.597135147372343 0 112 255 255 
0.1828834824868 -0.693386320827257 -0.643127461301352 0 112 255 255 
0.253222369793812 -0.662119717376707 -0.637877748597615 0 112 255 255 
0.304470165549779 -0.39376514550604 -0.825298299883892 0 112 255 255 
0.285673771943542 -0.461144389649686 -0.780735151964742 0 112 255 255 
0.241790613591159 -0.420932233112667 -0.830517477496717 0 112 255 255 
0.0334347343602914 -0.556381815457965 -0.812711417173292 0 112 255 255 
-1.51134705914321E-16 -0.525731112119134 -0.85065080835204 0 112 255 255 
0.0589200153989034 -0.500193513809839 -0.845744678430749 0 112 255 255 
0.105411431582525 -0.622365183834527 -0.731037310173007 0 112 255 255 
0.0684708903059782 -0.588500593805422 -0.772954845115652 0 112 255 255 
0.109071664396369 -0.577229686943209 -0.764647148013217 0 112 255 255 
0.266215993244738 -0.769779931082915 -0.548567573686172 0 112 255 255 
0.328614295512994 -0.757710593907774 -0.531709099329126 0 112 255 255 
0.309016994374947 -0.809016994374948 -0.5 0 112 255 255 
0.179111061632539 -0.448099320719293 -0.835736655109543 0 112 255 255 
0.204371332246233 -0.481743257870594 -0.798906106389688 0 112 255 255 
0.117840030797807 -0.474655915500545 -0.840838548509458 0 112 255 255 
0.37253259070551 -0.432711151540553 -0.766327188591394 0 112 255 255 
0.369374642432961 -0.365633712615267 -0.819893858050222 0 112 255 255 
0.30192805270032 -0.700352465653079 -0.587607567537658 0 112 255 255 
0.32766574616726 -0.621939870057456 -0.637842186362485 0 112 255 255 
0.212507232355312 -0.610695339576624 -0.695058668302762 0 112 255 255 
0.273815303808725 -0.616826526297836 -0.664484981266473 0 112 255 255 
0.142351972859072 -0.656229773863632 -0.689119775230361 0 112 255 255 
0.129153143292388 -0.588243868357919 -0.747619210590404 0 112 255 255 
0.148855555919185 -0.605405360624049 -0.725963456640115 0 112 255 255 
0.0902904183776925 -0.541117685469771 -0.800673322930307 0 112 255 255 
0.157695785284814 -0.551326464195812 -0.764358347309029 0 112 255 255 
0.250353263670433 -0.530784769727706 -0.741364579159815 0 112 255 255 
0.341431773286451 -0.505678157583919 -0.722590266338797 0 112 255 255 
0.301865866918514 -0.572551178180558 -0.687161321803029 0 112 255 255 
0.454504751028292 -0.428125102509519 -0.735404135212084 0 112 255 255 
0.431977912527861 -0.487101131362727 -0.698954944859307 0 112 255 255 
0.421111521970359 -0.387176569097941 -0.781345683822778 0 112 255 255 
0.477252375514146 -0.368571048442233 -0.772210564793516 0 112 255 255 
0.434279119316143 -0.337502279724493 -0.814489416216552 0 112 255 255 
0.348211596651041 -0.7064041934406 -0.563418198658253 0 112 255 255 
0.410470401361365 -0.543408526610032 -0.664155060778499 0 112 255 255 
0.388962890194869 -0.599715921857336 -0.62935517669769 0 112 255 255 
0.368587243422955 -0.653060057648968 -0.596386687677972 0 112 255 255 
0.5 -0.309016994374948 -0.809016994374947 0 112 255 255 
0.85065080835204 2.40043887989096E-16 -0.525731112119133 0 216 255 255 
0.845851455273992 -0.0576376822057343 -0.500749313223062 0 216 255 255 
0.804038127690465 -0.0410782183719871 -0.563388844686702 0 216 255 255 
0.771334616597558 -0.47671100975666 -0.369988362395677 0 216 255 255 
0.814588055425849 -0.433094514785907 -0.338015720775785 0 216 255 255 
0.809016994374947 -0.5 -0.309016994374948 0 216 255 255 
0.5 -0.309016994374948 -0.809016994374947 0 216 255 255 
0.553198815764715 -0.26213463232029 -0.76603841540147 0 216 255 255 
0.5307859012169 -0.328043727701289 -0.759204359831706 0 216 255 255 
0.561571802433801 -0.34707046102763 -0.709391725288464 0 216 255 255 
0.599268514764417 -0.295934734023602 -0.688617380141264 0 216 255 255 
0.593993051859051 -0.367107895130173 -0.656933041760671 0 216 255 255 
0.634921319562355 -0.334592334677684 -0.621947708675873 0 216 255 255 
0.626414301284301 -0.387145329232715 -0.604474358232878 0 216 255 255 
0.803457151586687 -0.119030496670299 -0.52201331514677 0 216 255 255 
0.761975616466074 -0.361152808848849 -0.444447984379503 0 216 255 255 
0.82015911647675 -0.366189029571813 -0.367014447176623 0 216 255 255 
0.733652238820169 -0.45342201951332 -0.430959730416406 0 216 255 255 
0.661430572620078 -0.408786575077514 -0.547816841052303 0 216 255 255 
0.606397631529429 -0.215252270265632 -0.723059836427993 0 216 255 255 
0.646502849038815 -0.253446925014622 -0.650923068134175 0 216 255 255 
0.68244313991137 -0.297126058751522 -0.581170854156076 0 216 255 255 
0.657278299650044 -0.170412815286717 -0.681954056503931 0 216 255 255 
0.697093999952894 -0.208785868497665 -0.610092653498378 0 216 255 255 
0.708158967770658 -0.125573360307802 -0.640848276579869 0 216 255 255 
0.718963631557386 -0.336926956750701 -0.512769222955746 0 216 255 255 
0.696446843955855 -0.430427820922313 -0.491159323871727 0 216 255 255 
0.735710780965872 -0.247834634138651 -0.539405636111499 0 216 255 255 
0.748261777591901 -0.164495444156728 -0.568321533305301 0 216 255 255 
0.789051217544732 -0.202422515986054 -0.495450757862002 0 216 255 255 
0.777033658039697 -0.281062019567812 -0.468389362908515 0 216 255 255 
0.756098547730562 -0.0833257893398946 -0.602118560633285 0 216 255 255 
0.840910229867761 -0.11697917574448 -0.475029034387319 0 216 255 255 
0.825614794976997 -0.300669227527635 -0.395412579366178 0 216 255 255 
0.83088590672712 -0.237365974154984 -0.42284999677616 0 216 255 255 
0.835969004461532 -0.176320669283227 -0.449308755551576 0 216 255 255 
0.448366553643735 -0.680343145630167 -0.489324289475993 0 151 255 255 
0.507868431387365 -0.618833048565144 -0.491332508797386 0 151 255 255 
0.516686890018864 -0.680669940426863 -0.420677158304167 0 151 255 255 
0.465414029871983 -0.712358310698056 -0.440261648179856 0 151 255 255 
0.566495016905885 -0.649886825094717 -0.401652146749293 0 151 255 255 
0.5307859012169 -0.328043727701289 -0.759204359831706 0 151 255 255 
0.561571802433801 -0.34707046102763 -0.709391725288464 0 151 255 255 
0.530731697534621 -0.370164293520973 -0.717137997694301 0 151 255 255 
0.5 -0.309016994374948 -0.809016994374947 0 151 255 255 
0.477252375514146 -0.368571048442233 -0.772210564793516 0 151 255 255 
0.527367719901964 -0.408613879727074 -0.682052389120857 0 151 255 255 
0.495681345588883 -0.401529313036647 -0.720823330124366 0 151 255 255 
0.621236459996397 -0.495848009714019 -0.500949519039479 0 151 255 255 
0.585006698624852 -0.459214197012557 -0.573813093112486 0 151 255 255 
0.661430572620078 -0.408786575077514 -0.547816841052303 0 151 255 255 
0.431977912527861 -0.487101131362727 -0.698954944859307 0 151 255 255 
0.462622710009556 -0.488259291494572 -0.667151987245767 0 151 255 255 
0.410470401361365 -0.543408526610032 -0.664155060778499 0 151 255 255 
0.696446843955855 -0.430427820922313 -0.491159323871727 0 151 255 255 
0.665200345344825 -0.458092225018687 -0.494741418386383 0 151 255 255 
0.733652238820169 -0.45342201951332 -0.430959730416406 0 151 255 255 
0.690618405743286 -0.490390211785867 -0.437025371220742 0 151 255 255 
0.689773879441633 -0.464221496520355 -0.464038612787907 0 151 255 255 
0.663905529170179 -0.489364788666256 -0.464763670913461 0 151 255 255 
0.413496555961003 -0.744445074185077 -0.460092358603815 0 151 255 255 
0.391760756108327 -0.705339885871241 -0.520933346770327 0 151 255 255 
0.361256775167975 -0.776731034280012 -0.480046179301908 0 151 255 255 
0.348211596651041 -0.7064041934406 -0.563418198658253 0 151 255 255 
0.593993051859051 -0.367107895130173 -0.656933041760671 0 151 255 255 
0.555658838309861 -0.428865500225846 -0.633509650214187 0 151 255 255 
0.368587243422955 -0.653060057648968 -0.596386687677972 0 151 255 255 
0.388962890194869 -0.599715921857336 -0.62935517669769 0 151 255 255 
0.431118463187011 -0.632470983904116 -0.554444541658768 0 151 255 255 
0.771334616597558 -0.47671100975666 -0.369988362395677 0 151 255 255 
0.717610841785201 -0.505746397259365 -0.39467674970533 0 151 255 255 
0.464062934668063 -0.571890700230195 -0.582080353851636 0 151 255 255 
0.454504751028292 -0.428125102509519 -0.735404135212084 0 151 255 255 
0.489212541921661 -0.430438165341203 -0.69838328148703 0 151 255 255 
0.695337379391394 -0.548865413400528 -0.373831195957973 0 151 255 255 
0.761592920320425 -0.529309689650687 -0.327131378778783 0 151 255 255 
0.467680063146114 -0.457922093026806 -0.692431832576974 0 151 255 255 
0.502587701933527 -0.498306720703943 -0.617139566112424 0 151 255 255 
0.500854929203781 -0.452067608419908 -0.665111451126207 0 151 255 255 
0.655248437512094 -0.53747205127766 -0.425313499960141 0 151 255 255 
0.657920838445327 -0.573335700096661 -0.386777450207907 0 151 255 255 
0.616303143792905 -0.619103709762571 -0.382627135194419 0 151 255 255 
0.626414301284301 -0.387145329232715 -0.604474358232878 0 151 255 255 
0.543947475307333 -0.537096416562848 -0.536990096879714 0 151 255 255 
0.409922421029699 -0.668477972506235 -0.53963359521396 0 151 255 255 
0.585183160816997 -0.57637334349616 -0.456477484436738 0 151 255 255 
0.713537656169919 -0.559009476234054 -0.345486856345922 0 151 255 255 
0.665482392019414 -0.58870926281742 -0.363842333913061 0 151 255 255 
0.809016994374947 -0.5 -0.309016994374948 0 151 255 255 
0.328614295512994 -0.757710593907774 -0.531709099329126 0 151 255 255 
0.309016994374947 -0.809016994374948 -0.5 0 151 255 255 
0.762490252636951 -0.557590725914405 0.258264186732554 0 112 255 255 
0.766264131014746 -0.552919425342493 0.151249367687096 0 112 255 255 
0.786822229362761 -0.527472644350413 0.201125535991371 0 112 255 255 
0.809016994374948 -0.5 0.159569592362625 0 112 255 255 
0.809016994374948 -0.5 0.234293293368786 0 112 255 255 
0.772269106751639 -0.545486476056392 -0.155350684384952 0 112 255 255 
0.809016994374948 -0.5 -0.230112687319117 0 112 255 255 
0.809016994374948 -0.5 -0.151208380263287 0 112 255 255 
0.766312598920845 -0.552859431846462 -0.262433720175956 0 112 255 255 
0.723608203466743 -0.605718863692924 -0.215850445976964 0 112 255 255 
0.68255970317421 -0.656528631177977 -0.171073473390158 0 112 255 255 
0.722849597422204 -0.606657865031855 -0.109476046660296 0 112 255 255 
0.675511204047419 -0.665253252033759 -0.0691085237822975 0 112 255 255 
0.641511202881676 -0.707338398663029 -0.126296500803351 0 112 255 255 
0.76593475631625 -0.553327124813285 -0.047772326529812 0 112 255 255 
0.809016994374948 -0.5 -0.0720695837462977 0 112 255 255 
0.602593813682784 -0.75551028027208 -0.0838442100524067 0 112 255 255 
0.625594270240192 -0.727040352225902 -0.0421985462536434 0 112 255 255 
0.718011120194822 -0.612646924343475 -0.00529882919210542 0 112 255 255 
0.662131387983618 -0.681814766787031 0.0381141142123165 0 112 255 255 
0.809016994374948 -0.5 0.00584982075147993 0 112 255 255 
0.764118596605386 -0.555575164375439 0.0481334488464207 0 112 255 255 
0.621538694059409 -0.732060337884208 0.104509870995902 0 112 255 255 
0.609319636286092 -0.747185067896856 0.0227592342575927 0 112 255 255 
0.716193688578214 -0.614896538268508 0.100124968417735 0 112 255 255 
0.668751102479182 -0.673620894856509 0.156010625043032 0 112 255 255 
0.809016994374948 -0.5 0.0837692252492576 0 112 255 255 
0.715963510898955 -0.61518145182881 0.207511379090161 0 112 255 255 
0.563676424483892 -0.80368216188113 -0.0413919193014623 0 112 255 255 
0.573867269228922 -0.791067950685077 0.0525084076635867 0 112 255 255 
0.525731112119133 -0.85065080835204 1.3253185599413E-17 0 112 255 255 
0.809016994374948 -0.5 0.309016994374948 0 112 255 255 
0.809016994374947 -0.5 -0.309016994374948 0 112 255 255 
0.85065080835204 2.40043887989096E-16 -0.525731112119133 0 216 255 255 
0.871417199534544 1.17795788771791E-17 -0.452630362054056 0 216 255 255 
0.845851455273992 -0.0576376822057343 -0.500749313223062 0 216 255 255 
0.845264963817376 -0.291241569829414 -0.333090690311118 0 216 255 255 
0.837261504449997 -0.335111248549626 -0.32939085668345 0 216 255 255 
0.825614794976997 -0.300669227527635 -0.395412579366178 0 216 255 255 
0.830881951946006 -0.405503004803101 -0.300705214888721 0 216 255 255 
0.809016994374947 -0.5 -0.309016994374948 0 216 255 255 
0.814588055425849 -0.433094514785907 -0.338015720775785 0 216 255 255 
0.964466144189035 8.02063520293774E-18 -0.1250843966897 0 216 255 255 
0.922552148980727 -0.0880377991595281 -0.208664616913303 0 216 255 255 
0.946799005347937 4.42646011657549E-18 -0.187275322856795 0 216 255 255 
0.851219844947852 -0.339646141114149 -0.276960653649012 0 216 255 255 
0.869587318393104 -0.341424833010873 -0.211012151403976 0 216 255 255 
0.853797573701846 -0.382762921286268 -0.236560494988114 0 216 255 255 
0.835969004461532 -0.176320669283227 -0.449308755551576 0 216 255 255 
0.854267241708813 -0.141857473013149 -0.409935247950989 0 216 255 255 
0.849834795200008 -0.19545004523804 -0.386600828419624 0 216 255 255 
0.840910229867761 -0.11697917574448 -0.475029034387319 0 216 255 255 
0.872939823434344 -0.0694578227602806 -0.396806439930552 0 216 255 255 
0.871967030462236 -0.19925910954298 -0.305924659176248 0 216 255 255 
0.867441279698551 -0.260634884926969 -0.277263856240588 0 216 255 255 
0.861140515347545 -0.213074619598226 -0.333998028507501 0 216 255 255 
0.82015911647675 -0.366189029571813 -0.367014447176623 0 216 255 255 
0.823835993536127 -0.461203356516775 -0.285039350052902 0 216 255 255 
0.846521596923915 -0.250167864745309 -0.358508950550572 0 216 255 255 
0.871078285835587 -0.1531134506587 -0.342579954588736 0 216 255 255 
0.889120401933148 -0.1645035612664 -0.270793653594053 0 216 255 255 
0.898149298972291 -0.0860748004601821 -0.295992438720203 0 216 255 255 
0.910757517676328 5.02025753697992E-18 -0.31414665832868 0 216 255 255 
0.928778261512132 4.72335882677771E-18 -0.250710990592737 0 216 255 255 
0.921517883122578 -0.034822519923942 -0.250968548297473 0 216 255 255 
0.891087358605436 8.39991798424881E-18 -0.383388510191368 0 216 255 255 
0.903534367649496 -0.199901322850042 -0.19433639592524 0 216 255 255 
0.886187701892102 -0.297964464784212 -0.184152166676314 0 216 255 255 
0.850195915550101 -0.307100901301168 -0.304210536476833 0 216 255 255 
0.93569944861533 -0.124853756829865 -0.135635830309143 0 216 255 255 
0.922095255516552 -0.203957268942542 -0.126052524459094 0 216 255 255 
0.98023357524222 -0.0517491718519355 -0.0319827470941552 0 216 255 255 
0.982133283030133 1.16148108835151E-17 -0.0628934705226045 0 216 255 255 
1 -2.38707340048218E-16 7.7967910981223E-20 0 216 255 255 
0.941281203000496 -0.153727806323206 -0.0950090093237025 0 216 255 255 
0.96046715048444 -0.103498343703871 -0.0639654941883106 0 216 255 255 
0.83088590672712 -0.237365974154984 -0.42284999677616 0 216 255 255 
0.838654992697307 -0.42240671303355 -0.261061705730857 0 216 255 255 
0.904141478704327 -0.250960866863377 -0.155102345567704 0 216 255 255 
0.917398158892432 -0.0338882264173573 0.266149387241138 0 151 255 255 
0.940200579149131 -7.54664562090099E-19 0.210502753186055 0 151 255 255 
0.923175103077156 -1.57856861157913E-18 0.270434932067717 0 151 255 255 
0.814559065323839 -0.433442670518481 0.337864820250941 0 151 255 255 
0.809016994374948 -0.5 0.309016994374948 0 151 255 255 
0.82319355608621 -0.462885279596305 0.286078835682514 0 151 255 255 
0.871662717344012 -0.257666047689111 0.264560761599176 0 151 255 255 
0.85320230331975 -0.333854396312661 0.274190057625879 0 151 255 255 
0.872024374905421 -0.335044536229123 0.207068911134544 0 151 255 255 
0.845832271984242 -0.0578680633300698 0.500649459538852 0 151 255 255 
0.840883870520117 -0.117295737513947 0.474891827578156 0 151 255 255 
0.870528750978448 -0.0710465140079228 0.404139517699126 0 151 255 255 
0.838579994855286 -0.328833977308017 0.329310281127459 0 151 255 255 
0.848716771941647 -0.27547312381808 0.332396264852021 0 151 255 255 
0.825605129570816 -0.300785303923922 0.395362268578554 0 151 255 255 
0.860722283891366 -0.227961292251812 0.324654463938874 0 151 255 255 
0.8666141935502 -0.165020848311049 0.349642984957824 0 151 255 255 
0.846415415669869 -0.232777383321195 0.37151764851283 0 151 255 255 
0.906149627005181 -2.40247266106815E-18 0.330367110949379 0 151 255 255 
0.920924481017709 -0.0829531656859383 0.218088449902935 0 151 255 255 
0.985366535772153 1.63501113846872E-18 0.0515119455135435 0 151 255 255 
0.977049292428277 -0.0600857324886299 0.037135024916907 0 151 255 255 
1 -2.38707340048218E-16 7.7967910981223E-20 0 151 255 255 
0.890078127894775 -0.287779197278499 0.177857325173273 0 151 255 255 
0.906942242375681 -0.188830811282182 0.190383373319586 0 151 255 255 
0.938728013574868 -0.103208848889355 0.14070078252143 0 151 255 255 
0.931494867295277 -0.179348765824787 0.110843633120064 0 151 255 255 
0.888899194951254 -0.164328152542647 0.271699776590057 0 151 255 255 
0.955466825346719 -7.284469874852E-18 0.156763322106571 0 151 255 255 
0.963441080557268 -0.047948885565965 0.093855866845613 0 151 255 255 
0.833961831308004 -0.391738635824696 0.299863986160465 0 151 255 255 
0.82010113627273 -0.366885341036962 0.366712646126934 0 151 255 255 
0.837370117797472 -0.425770559192609 0.263140676990081 0 151 255 255 
0.830857202495537 -0.237710696735511 0.42270058427635 0 151 255 255 
0.846520395315073 -0.189995343742382 0.402231075916282 0 151 255 255 
0.89542379906153 -0.0864879664008483 0.305286416485716 0 151 255 255 
0.85226209837991 -0.143259107361276 0.41597530030496 0 151 255 255 
0.835935469055991 -0.176723411697825 0.44913419561746 0 151 255 255 
0.86919503019404 -1.27076366411987E-17 0.460452724838947 0 151 255 255 
0.887739252036039 -5.07945666184155E-19 0.39517433755876 0 151 255 255 
0.852797373676509 -0.299499891195778 0.300575478499379 0 151 255 255 
0.954098584856555 -0.12017146497726 0.0742700498338139 0 151 255 255 
0.871722602746712 -0.204730244104639 0.302810068735498 0 151 255 255 
0.970733071544306 -1.38142752618908E-17 0.103023891027087 0 151 255 255 
0.853970621916066 -0.382309875179748 0.236280497095814 0 151 255 255 
0.910786497595026 -0.233563981551643 0.144350479146669 0 151 255 255 
0.85065080835204 -2.48724998307062E-16 0.525731112119134 0 151 255 255 
0.823462833347554 -0.462180302573709 -0.222333156069534 0 112 255 255 
0.837759937284516 -0.424749998526052 -0.18196948933594 0 112 255 255 
0.809016994374948 -0.5 -0.151208380263287 0 112 255 255 
0.853970621916066 -0.382309875179748 0.236280497095814 0 112 255 255 
0.846797527814938 -0.401089279341002 0.210140409000547 0 112 255 255 
0.872024374905421 -0.335044536229123 0.207068911134544 0 112 255 255 
0.851651707587953 -0.388380871707747 -0.214185300840213 0 112 255 255 
0.838654992697307 -0.42240671303355 -0.261061705730857 0 112 255 255 
0.853797573701846 -0.382762921286268 -0.236560494988114 0 112 255 255 
0.834842387498519 -0.432388243029662 0.173542700422117 0 112 255 255 
0.826216393174304 -0.454971389357222 0.222503723594478 0 112 255 255 
0.869587318393104 -0.341424833010873 -0.211012151403976 0 112 255 255 
0.860794002086332 -0.36444603397583 -0.176080159553125 0 112 255 255 
0.930641162948503 -0.181583792820984 -0.00299149885425156 0 112 255 255 
0.937663621577216 -0.163198757446424 0.0487054507177672 0 112 255 255 
0.918411459655341 -0.213601571714809 0.0475013312784188 0 112 255 255 
0.886557372230841 -0.296996655272762 -0.135211950961478 0 112 255 255 
0.895491687801524 -0.273606313442495 -0.0951041447505577 0 112 255 255 
0.878064567348386 -0.319231107114849 -0.107966552479049 0 112 255 255 
0.850912436935083 -0.390316307403847 -0.129567907721328 0 112 255 255 
0.809016994374948 -0.5 -0.230112687319117 0 112 255 255 
0.832003043767773 -0.439821741422498 0.123915397901596 0 112 255 255 
0.860177978360633 -0.366058805027587 0.151153712808457 0 112 255 255 
0.823835993536127 -0.461203356516775 -0.285039350052902 0 112 255 255 
0.809016994374947 -0.5 -0.309016994374948 0 112 255 255 
0.904141478704327 -0.250960866863377 -0.155102345567704 0 112 255 255 
0.954098584856555 -0.12017146497726 0.0742700498338139 0 112 255 255 
0.956510769679104 -0.113856283124679 0.0104629615198884 0 112 255 255 
0.862645897414499 -0.359597709063081 -0.0738953305621068 0 112 255 255 
0.893396958683994 -0.279090385469414 -0.00371937873764662 0 112 255 255 
0.859231788855464 -0.368535961311918 -0.00147625023655544 0 112 255 255 
0.96046715048444 -0.103498343703871 -0.0639654941883106 0 112 255 255 
0.923895569739252 -0.199243985117085 -0.0644736750522605 0 112 255 255 
0.931494867295277 -0.179348765824787 0.110843633120064 0 112 255 255 
0.98023357524222 -0.0517491718519355 -0.0319827470941552 0 112 255 255 
1 -2.38707340048218E-16 7.7967910981223E-20 0 112 255 255 
0.977049292428277 -0.0600857324886299 0.037135024916907 0 112 255 255 
0.837370117797472 -0.425770559192609 0.263140676990081 0 112 255 255 
0.8646323640112 -0.354397071995402 0.069537366994698 0 112 255 255 
0.899959824678712 -0.26190857923163 0.0836572665202836 0 112 255 255 
0.809016994374948 -0.5 0.0837692252492576 0 112 255 255 
0.809016994374948 -0.5 0.00584982075147993 0 112 255 255 
0.83325069571096 -0.436555346229106 0.0688381752322298 0 112 255 255 
0.922095255516552 -0.203957268942542 -0.126052524459094 0 112 255 255 
0.870613036411983 -0.338739468374575 -0.13393760524534 0 112 255 255 
0.840517128621069 -0.417531577893469 0.023610100244898 0 112 255 255 
0.830888005464118 -0.442740949600225 -0.11717594040905 0 112 255 255 
0.844457376362327 -0.407215875382762 -0.0973914076709354 0 112 255 255 
0.83416429345289 -0.434163516288687 -0.0703798947941938 0 112 255 255 
0.809016994374948 -0.5 -0.0720695837462977 0 112 255 255 
0.837480930878845 -0.425480446779178 -0.025514833423356 0 112 255 255 
0.822419803270408 -0.464910990766966 -0.0405286228030919 0 112 255 255 
0.847259237781124 -0.399880506956584 0.103565218710744 0 112 255 255 
0.890078127894775 -0.287779197278499 0.177857325173273 0 112 255 255 
0.877284639318723 -0.321272985205286 0.153693138317457 0 112 255 255 
0.883265299397644 -0.305615413843511 0.130670091415174 0 112 255 255 
0.910786497595026 -0.233563981551643 0.144350479146669 0 112 255 255 
0.886187701892102 -0.297964464784212 -0.184152166676314 0 112 255 255 
0.82319355608621 -0.462885279596305 0.286078835682514 0 112 255 255 
0.809016994374948 -0.5 0.309016994374948 0 112 255 255 
0.809016994374948 -0.5 0.234293293368786 0 112 255 255 
0.941281203000496 -0.153727806323206 -0.0950090093237025 0 112 255 255 
0.809016994374948 -0.5 0.159569592362625 0 112 255 255 
0.0349351658060492 -0.161514027017764 0.946906788391008 0 216 255 255 
4.43498876248092E-18 -0.159553780801742 0.954674114508719 0 216 255 255 
-1.24279813056584E-18 -0.215187686119714 0.938869687880881 0 216 255 255 
0.329296310951103 -0.334689097171141 0.836956562350091 0 216 255 255 
0.366509229103761 -0.279053904459954 0.845080775602755 0 216 255 255 
0.260838070250275 -0.273527487728624 0.868460767155114 0 216 255 255 
0.0534190649734337 -0.416996789955614 0.870514495644117 0 216 255 255 
6.86463422086903E-19 -0.46064676502681 0.869139907443005 0 216 255 255 
0.0697303514828818 -0.453561580554539 0.856760628649072 0 216 255 255 
1.90629509628211E-18 -0.105971359914484 0.969895757401025 0 216 255 255 
0.0874100706996054 -0.119735653315627 0.947944564262807 0 216 255 255 
0.0759018820996581 -0.0469099429476758 0.971008060848018 0 216 255 255 
0.445678673357729 -0.275444568196039 0.82976589483831 0 216 255 255 
0.433855782921355 -0.337685765671104 0.814524666433973 0 216 255 255 
0.5 -0.309016994374947 0.809016994374948 0 216 255 255 
0.240714185200218 -0.421398787570782 0.830607109135494 0 216 255 255 
0.24368862518385 -0.35640088497876 0.848457740108 0 216 255 255 
0.189296342961167 -0.397690378267741 0.847954582981837 0 216 255 255 
0.16596607495728 -0.344578905176994 0.867857701959708 0 216 255 255 
0.178011933321043 -0.44857571396392 0.835828176916858 0 216 255 255 
0.341475619806627 -0.211043539369932 0.869567919563305 0 216 255 255 
-2.92533558711805E-18 -0.273511361941919 0.922301153820051 0 216 255 255 
0.0872657583306407 -0.210889144509333 0.922079553066294 0 216 255 255 
-1.24495290644702E-16 -0.525731112119134 0.85065080835204 0 216 255 255 
0.0584512791630043 -0.500396677329474 0.845783708985249 0 216 255 255 
0.201188629289567 -0.305925223258661 0.871568626012526 0 216 255 255 
0.217949279182767 -0.320726860327253 0.863904468280063 0 216 255 255 
0.0761791324914377 -0.360053727096256 0.881993250827436 0 216 255 255 
-2.02759615041449E-18 -0.395562417934487 0.887629006533969 0 216 255 255 
0.121131340066075 -0.414444344216168 0.857264082664037 0 216 255 255 
0.157949397679165 -0.278307805076587 0.888338538879071 0 216 255 255 
0.116902558326009 -0.475062242539815 0.840916609618458 0 216 255 255 
0.197891648157843 -0.195385138192598 0.903651229775279 0 216 255 255 
0.145999868393446 -0.149382995422665 0.927429704684201 0 216 255 255 
0.200015770285374 -0.123616544322352 0.923600774036979 0 216 255 255 
0.118922577850032 -0.320760974715541 0.884333443292206 0 216 255 255 
0.291593892897795 -0.180214936722734 0.888621043824939 0 216 255 255 
0.245804831591585 -0.151915740522543 0.906110908930959 0 216 255 255 
0.393577146582178 -0.243244053782985 0.849666907200808 0 216 255 255 
0.116658988296713 -0.0720992198605444 0.955440231563832 0 216 255 255 
0.368636110000374 -0.365953813424374 0.819955353894051 0 216 255 255 
0.303416437079393 -0.394221861177643 0.825386041354129 0 216 255 255 
0.0738148695932434 -0.296197619910864 0.900621405938796 0 216 255 255 
-4.60787304367026E-18 -0.331835037764125 0.90573261975922 0 216 255 255 
0.157416094493767 -0.0972884967734129 0.939872402279646 0 216 255 255 
-6.22398570077884E-19 -0.0523889390272257 0.985117400293332 0 216 255 255 
-2.75058015002538E-16 6.57559084432561E-20 1 0 216 255 255 
0.0369873454971564 -0.0228594366708778 0.985872091173722 0 216 255 255 
0.67734051459562 0.0425242561272297 0.66574607373163 0 151 255 255 
0.720622899998264 -0.0346242293657608 0.630778840110955 0 151 255 255 
0.739449029188321 0.0321838507778965 0.615569473726969 0 151 255 255 
0.803775405585822 -0.0413097466993119 0.563601094199405 0 151 255 255 
0.777236099818515 -0.0118013407299159 0.585041828028259 0 151 255 255 
0.755658687237182 -0.0837134238879153 0.602473917771979 0 151 255 255 
0.85065080835204 -2.48724998307062E-16 0.525731112119134 0 151 255 255 
0.5 -0.309016994374947 0.809016994374948 0 151 255 255 
0.552938083979047 -0.262364406645134 0.76624905696332 0 151 255 255 
0.5 -0.23108966572896 0.809016994374948 0 151 255 255 
0.557433697519235 0.258402570679065 0.76261711368049 0 151 255 255 
0.532726978261762 0.204040862202924 0.782577326507015 0 151 255 255 
0.569167599665722 0.182458989405024 0.75313745830056 0 151 255 255 
0.5 0.189980401862853 0.809016994374948 0 151 255 255 
0.536723292514072 0.132493533629612 0.779348760133369 0 151 255 255 
0.5 0.2494986981189 0.809016994374948 0 151 255 255 
0.604412465343989 0.109282689988384 0.724663624415564 0 151 255 255 
0.614867395038469 0.207788146983183 0.716217232986032 0 151 255 255 
0.5 -0.153162337082973 0.809016994374948 0 151 255 255 
0.525860792967242 -0.199137626021693 0.788124421544472 0 151 255 255 
0.5493391190213 -0.152250833732621 0.769156610401039 0 151 255 255 
0.5 0.125597332202866 0.809016994374948 0 151 255 255 
0.5 0.0612142625428792 0.809016994374948 0 151 255 255 
0.707541968888542 -0.126117101076519 0.641346741344552 0 151 255 255 
0.663069883394772 -0.0666853633326316 0.677275117024241 0 151 255 255 
0.73173569140947 0.104795971228579 0.621800971404354 0 151 255 255 
0.791193249880755 0.0523979856142892 0.573766041761744 0 151 255 255 
0.605876167958093 -0.215711818915321 0.723481119551693 0 151 255 255 
0.656709068423317 -0.17091445999592 0.682413930448122 0 151 255 255 
0.606949110603562 -0.108672428056138 0.72261430419952 0 151 255 255 
0.609466709927906 -0.00416970615120846 0.720580370928083 0 151 255 255 
0.552748045188853 -0.0512078353408804 0.766402586643162 0 151 255 255 
0.550558418829137 0.0401771433930341 0.768171555145012 0 151 255 255 
0.67330154322397 0.156292059105881 0.669009102195192 0 151 255 255 
0.5 -0.0781099931300581 0.809016994374948 0 151 255 255 
0.5 -0.00655008431058133 0.809016994374948 0 151 255 255 
0.5 0.309016994374948 0.809016994374947 0 151 255 255 
0.197335930524434 0.383992362042324 0.850186567585164 0 112 255 255 
0.156517131351223 0.34027730443866 0.87102991608746 0 112 255 255 
0.212901293222847 0.333220162040291 0.86139726469485 0 112 255 255 
0.0463019502067242 0.440327897898452 0.865355557316247 0 112 255 255 
0.102096221873585 0.439244462705409 0.854147651580255 0 112 255 255 
0.058043132576386 0.500573579584333 0.845817694383374 0 112 255 255 
0.254815163882444 0.275624439231643 0.869108167988543 0 112 255 255 
0.340881663124221 0.21067645395236 0.869794790828139 0 112 255 255 
0.331231033567676 0.285755778920525 0.85045817455596 0 112 255 255 
0.445826311785866 0.275535813762673 0.829709501976807 0 112 255 255 
0.5 0.309016994374948 0.809016994374947 0 112 255 255 
0.434098456709692 0.337580583999226 0.814504459563251 0 112 255 255 
0.302313786275661 0.33578391080506 0.842214620591276 0 112 255 255 
0.251722671876087 0.357461523114471 0.846498243902931 0 112 255 255 
0.0662700108123539 0.123819804964763 0.951147555738783 0 112 255 255 
0.0436739967054352 0.0819932691657721 0.967693313815927 0 112 255 255 
0.0990451103524635 0.0612132446173063 0.962168134264843 0 112 255 255 
0.117779663580056 0.474682080357215 0.840843575144487 0 112 255 255 
0.207877461967019 0.198315892916834 0.900757636674878 0 112 255 255 
0.194706508575334 0.120335240130379 0.925628731555045 0 112 255 255 
0.241496939283681 0.149253316656384 0.907756377372704 0 112 255 255 
0.141200551722035 0.396675471390872 0.858169651958267 0 112 255 255 
0.303571518717032 0.394154644417085 0.825373128074023 0 112 255 255 
0.240967206257201 0.421289121100512 0.830586040672256 0 112 255 255 
0.107179220319928 0.192163186287808 0.923289156296124 0 112 255 255 
-1.5055451133974E-17 0.063777154972134 0.981882246796654 0 112 255 255 
-2.75058015002538E-16 6.57559084432561E-20 1 0 112 255 255 
0.0495225551762317 0.0306066223086531 0.981084067132422 0 112 255 255 
0.29011070267671 0.179298274754322 0.889187572077612 0 112 255 255 
0.0709749219316799 0.368019993350636 0.880804327202187 0 112 255 255 
-7.75715157971824E-18 0.417969719274327 0.881263561794304 0 112 255 255 
1.50413014960328E-18 0.363413364110555 0.896761879004646 0 112 255 255 
0.368834987713362 0.365867614208155 0.819938793818637 0 112 255 255 
0.393353987455043 0.243106133857516 0.849752146402473 0 112 255 255 
0.178362893797369 0.44842359778394 0.835798953270489 0 112 255 255 
-8.47931702654955E-18 0.187169594170806 0.946829040651959 0 112 255 255 
-1.15093580833331E-17 0.126237460047828 0.964138583052771 0 112 255 255 
0.147721737496297 0.0912970546499011 0.943575317153604 0 112 255 255 
0.159620547537114 0.273884188487756 0.889250277828298 0 112 255 255 
-5.44927596976602E-18 0.248101728293784 0.929519498251148 0 112 255 255 
0.196677314694658 0.306223768093171 0.872414930742937 0 112 255 255 
-2.9352866095711E-18 0.307505691464047 0.912644077193409 0 112 255 255 
2.3967491328123E-17 0.525731112119134 0.85065080835204 0 112 255 255 
-1.70184340425241E-17 0.472526074438099 0.865765244583962 0 112 255 255 
0.0761445570577267 0.285687069867056 0.903126395920874 0 112 255 255 
0.116513885173825 0.31797084300885 0.885623204584938 0 112 255 255 
0.292977058743352 0.04794679328438 0.888092721484014 0 216 255 255 
0.289460480094701 -0.0132946912277366 0.889435935003687 0 216 255 255 
0.332702040489492 0.00774591028116525 0.872919128659458 0 216 255 255 
0.358465917508298 0.0622893081131742 0.863078203320246 0 216 255 255 
0.19410777767689 -0.061228205234589 0.925857426408136 0 216 255 255 
0.200015770285374 -0.123616544322352 0.923600774036979 0 216 255 255 
0.259823806605417 -0.0807641245478148 0.90075613696311 0 216 255 255 
0.425554683513831 -0.114427561761496 0.837452574969421 0 216 255 255 
0.393308363908894 -0.117623085737605 0.849769573046415 0 216 255 255 
0.422594968226152 -0.172004156108698 0.838583085612292 0 216 255 255 
0.477737846307591 -0.25378630906406 0.817520380422674 0 216 255 255 
0.467707916672178 -0.202769253523425 0.821351472638632 0 216 255 255 
0.445678673357729 -0.275444568196039 0.82976589483831 0 216 255 255 
0.371442459425178 0.00234939840134061 0.858121605364436 0 216 255 255 
0.403716825641908 0.0309096582566654 0.845793894435006 0 216 255 255 
0.157416094493767 -0.0972884967734129 0.939872402279646 0 216 255 255 
0.143980598779469 -0.0281839883653734 0.945004304986805 0 216 255 255 
0.116658988296713 -0.0720992198605444 0.955440231563832 0 216 255 255 
0.462321854687642 -0.0315755094245985 0.823408765251211 0 216 255 255 
0.444569561392284 -0.0766107302296159 0.830189537911781 0 216 255 255 
0.5 -0.0781099931300581 0.809016994374948 0 216 255 255 
0.472506405361689 0.223506748748855 0.819518613053871 0 216 255 255 
0.5 0.189980401862853 0.809016994374948 0 216 255 255 
0.5 0.2494986981189 0.809016994374948 0 216 255 255 
0.445826311785866 0.275535813762673 0.829709501976807 0 216 255 255 
0.0990451103524635 0.0612132446173063 0.962168134264843 0 216 255 255 
0.0495225551762317 0.0306066223086531 0.981084067132422 0 216 255 255 
0.126376698477953 0.0302901912707593 0.951728396567419 0 216 255 255 
0.245804831591585 -0.151915740522543 0.906110908930959 0 216 255 255 
0.276309125317443 -0.134256721024569 0.894459305530491 0 216 255 255 
0.283193449580867 0.138289063349601 0.891829727651439 0 216 255 255 
0.311608600656142 0.108698936492877 0.880976105736146 0 216 255 255 
0.317762261410785 0.156692791075229 0.878625616483109 0 216 255 255 
0.348514455529495 -0.0661071391552945 0.866879323558397 0 216 255 255 
0.308013970174974 -0.124132082305186 0.882349132402956 0 216 255 255 
0.362574161056163 -0.165239645096946 0.861508993919024 0 216 255 255 
0.460236012141598 -0.131545384896675 0.824205486208619 0 216 255 255 
0.393353987455043 0.243106133857516 0.849752146402473 0 216 255 255 
0.446747084488015 0.176747733350955 0.829357798100499 0 216 255 255 
0.254988743877016 0.0975019977691929 0.902602966587622 0 216 255 255 
0.241496939283681 0.149253316656384 0.907756377372704 0 216 255 255 
0.104305567081533 0.00273357389292011 0.960158818590687 0 216 255 255 
0.211781571936766 0.0226156181177285 0.919106637711037 0 216 255 255 
0.413266883665596 -0.0261171453059165 0.842146096864491 0 216 255 255 
0.451140792575282 0.0194218379437179 0.827679550947809 0 216 255 255 
0.0759018820996581 -0.0469099429476758 0.971008060848018 0 216 255 255 
0.0369873454971564 -0.0228594366708778 0.985872091173722 0 216 255 255 
0.369275246145471 0.149724614171932 0.858949407176414 0 216 255 255 
0.147721737496297 0.0912970546499011 0.943575317153604 0 216 255 255 
0.5 -0.00655008431058133 0.809016994374948 0 216 255 255 
0.0972174934926624 -0.0223113799704755 0.962866221786875 0 216 255 255 
0.5 -0.153162337082973 0.809016994374948 0 216 255 255 
0.393577146582178 -0.243244053782985 0.849666907200808 0 216 255 255 
0.404892432192702 -0.21265429470212 0.84534485269 0 216 255 255 
0.29011070267671 0.179298274754322 0.889187572077612 0 216 255 255 
0.291593892897795 -0.180214936722734 0.888621043824939 0 216 255 255 
0.5 0.125597332202866 0.809016994374948 0 216 255 255 
0.406037934345038 -0.0778887868589515 0.844907309801994 0 216 255 255 
0.5 -0.23108966572896 0.809016994374948 0 216 255 255 
0.5 -0.309016994374947 0.809016994374948 0 216 255 255 
0.341475619806627 -0.211043539369932 0.869567919563305 0 216 255 255 
0.194706508575334 0.120335240130379 0.925628731555045 0 216 255 255 
0.427539191456545 0.0886498459038591 0.836694560386248 0 216 255 255 
0.5 0.0612142625428792 0.809016994374948 0 216 255 255 
0.46857156898614 0.11305229350014 0.821021586809161 0 216 255 255 
0.5 0.309016994374948 0.809016994374947 0 216 255 255 
-2.75058015002538E-16 6.57559084432561E-20 1 0 216 255 255 
0.340881663124221 0.21067645395236 0.869794790828139 0 216 255 255 
-0.733384176225129 -0.559271493588203 0.308135224659524 0 151 255 255 
-0.766850781709662 -0.552193270058105 0.263020786592751 0 151 255 255 
-0.696740621469185 -0.593137707540103 0.295470590339398 0 151 255 255 
-0.475626353892149 -0.841024983301492 0.115601047934793 0 151 255 255 
-0.550970681437506 -0.7664883788296 0.153292446538551 0 151 255 255 
-0.534116361819153 -0.805290546247753 0.0922751376368871 0 151 255 255 
-0.710051604404759 -0.561163974711465 0.346818409633672 0 151 255 255 
-0.395072588620747 -0.786851635521199 0.3934145029866 0 151 255 255 
-0.441868482831095 -0.760686604627234 0.36898974990365 0 151 255 255 
-0.377355045342697 -0.822145690055526 0.342331335680637 0 151 255 255 
-0.4256425016737 -0.83142238598673 0.23092314309578 0 151 255 255 
-0.40088168347078 -0.826665486391486 0.288050981514108 0 151 255 255 
-0.467008100320026 -0.780738580603612 0.274813943296112 0 151 255 255 
-0.359148524116385 -0.778034005086712 0.480851459546797 0 151 255 255 
-0.353828407214614 -0.817625893719566 0.396611689847167 0 151 255 255 
-0.331422700794781 -0.813321444047256 0.448305844923583 0 151 255 255 
-0.450403319876621 -0.836179285581974 0.173795304677452 0 151 255 255 
-0.483638240673931 -0.800317427669716 0.19751054241559 0 151 255 255 
-0.535153008172917 -0.742786514659171 0.238890117847983 0 151 255 255 
-0.607697765487177 -0.701599576729989 0.202510998737122 0 151 255 255 
-0.68377015607672 -0.655030334526703 0.172393872821246 0 151 255 255 
-0.643667922549432 -0.704668814535273 0.128649117263205 0 151 255 255 
-0.759778422728107 -0.530431110835244 0.327824455186544 0 151 255 255 
-0.517114197710247 -0.721068710548296 0.32388345405385 0 151 255 255 
-0.584489063408617 -0.68650641357381 0.281329322046676 0 151 255 255 
-0.568239733178775 -0.667518021200627 0.356524830506157 0 151 255 255 
-0.628434858587268 -0.635459456446232 0.321308066688674 0 151 255 255 
-0.509578753773171 -0.685063010223367 0.423392224753357 0 151 255 255 
-0.610048770558253 -0.622969124999913 0.385016093191729 0 151 255 255 
-0.559813762165712 -0.65401606761164 0.404204158972543 0 151 255 255 
-0.459429403815497 -0.716057013010922 0.442547571923476 0 151 255 255 
-0.809016994374948 -0.5 0.309016994374947 0 151 255 255 
-0.660050187481506 -0.592066549855689 0.3659172514127 0 151 255 255 
-0.309016994374947 -0.809016994374948 0.5 0 151 255 255 
-0.564275634935228 -0.802940460150493 0.0420455565783907 0 151 255 255 
-0.500927825900471 -0.845885750056819 0.0572258200731083 0 151 255 255 
-0.409280053857823 -0.747051015798478 0.461702919093594 0 151 255 255 
-0.525731112119133 -0.85065080835204 8.25644555023256E-18 0 151 255 255 
-0.57886919592306 -0.767365213523553 0.0995783440400903 0 151 255 255 
-0.603565689022145 -0.754307294543844 0.0849043617051643 0 151 255 255 
-0.724684569044378 -0.60438654011621 0.217024578810555 0 151 255 255 
-0.654156367743904 -0.646201306721965 0.248179796188253 0 151 255 255 
-0.328346039447831 -0.75841289740406 0.531275051898004 0 112 255 255 
-0.260797874111518 -0.764812965877891 0.554715675209371 0 112 255 255 
-0.347675084520715 -0.707808800433172 0.562550103796008 0 112 255 255 
-0.134348649814778 -0.576317626345326 0.754720679741234 0 112 255 255 
-0.161933102455878 -0.54254107141089 0.76941703631204 0 112 255 255 
-0.187526044275032 -0.574814719911729 0.733513634265965 0 112 255 255 
-0.0402614525314895 -0.562640089000336 0.804964936271929 0 112 255 255 
-0.113138159484074 -0.476693839287549 0.841230062180699 0 112 255 255 
-0.123403559119595 -0.529991341438643 0.795403899249366 0 112 255 255 
-0.447061723533196 -0.33196193813375 0.813425039084321 0 112 255 255 
-0.462020340103868 -0.408449034864182 0.747564613781845 0 112 255 255 
-0.394123447066392 -0.354906881892552 0.817833083793695 0 112 255 255 
-0.213641868327024 -0.630971956355855 0.678790419132958 0 112 255 255 
-0.121841702726447 -0.63742734527365 0.712393391026382 0 112 255 255 
-0.368619151606901 -0.441113685457868 0.761430367509129 0 112 255 255 
-0.327580408000988 -0.511494498315166 0.723889447073566 0 112 255 255 
-0.278020412371705 -0.466121552237375 0.78007968897668 0 112 255 255 
-0.424120504430902 -0.507672092824044 0.686241391494949 0 112 255 255 
-0.443070422267385 -0.458060563844113 0.716903002638397 0 112 255 255 
-0.0563020243979491 -0.501328225029907 0.845962672331404 0 112 255 255 
-0.296757608831604 -0.562403267984599 0.69721378689223 0 112 255 255 
-0.250146805644617 -0.530199155754494 0.741907515877018 0 112 255 255 
-0.306852558988406 -0.624651176839254 0.644489057791425 0 112 255 255 
-0.249845537600044 -0.584331186063622 0.699877984872613 0 112 255 255 
-1.24495290644702E-16 -0.525731112119134 0.85065080835204 0 112 255 255 
-0.172713835780457 -0.507042147547809 0.7925258549515 0 112 255 255 
-0.17003255932028 -0.452034199957372 0.836492600462461 0 112 255 255 
-0.214503472167481 -0.48447521952212 0.792514858068366 0 112 255 255 
-0.196794156265468 -0.527753646246849 0.766263210989709 0 112 255 255 
-0.226926959156487 -0.427374560627195 0.831755138744223 0 112 255 255 
-0.283879623742773 -0.4026896677092 0.827012825458453 0 112 255 255 
-0.38607500404384 -0.60727650595637 0.624682478749685 0 112 255 255 
-0.366875044282277 -0.657542653194771 0.593616291272847 0 112 255 255 
-0.357747306422185 -0.561828640218273 0.671996349520696 0 112 255 255 
-0.212578753848089 -0.720608937380836 0.609431350418742 0 112 255 255 
-0.250510175718345 -0.687363080359293 0.619360331151073 0 112 255 255 
-0.167210228287268 -0.679018141327243 0.660912370722562 0 112 255 255 
-0.0805229050629791 -0.599549065881539 0.759279064191819 0 112 255 255 
-0.391259966533006 -0.395623799067988 0.787329016023071 0 112 255 255 
-0.339001535404583 -0.378798274800876 0.822422954626074 0 112 255 255 
-0.405097754237371 -0.557474299390207 0.655461935122317 0 112 255 255 
-0.5 -0.309016994374947 0.809016994374948 0 112 255 255 
-0.481010170051934 -0.358733014619565 0.778290804078396 0 112 255 255 
-0.309016994374947 -0.809016994374948 0.5 0 112 255 255 
-0.77893039714368 -0.281157773572701 0.465902059253676 0 216 255 255 
-0.74103402557937 -0.24682397562792 0.533116279040731 0 216 255 255 
-0.79612374797621 -0.205856567605448 0.484513478404749 0 216 255 255 
-0.786212665904643 -0.393684252148647 0.395747317033492 0 216 255 255 
-0.81759856474958 -0.396939896266124 0.35368615328557 0 216 255 255 
-0.745876260167282 -0.46097688018504 0.411180848397573 0 216 255 255 
-0.5 -0.309016994374947 0.809016994374948 0 216 255 255 
-0.55115884972328 -0.263932387122891 0.767686475426016 0 216 255 255 
-0.530358304038654 -0.327779458111639 0.759896226599602 0 216 255 255 
-0.780756813921423 -0.124324966414594 0.548301473913659 0 216 255 255 
-0.752428075878429 -0.0865604551460699 0.605083883490556 0 216 255 255 
-0.8455246147831 -0.0615628629623128 0.499048029053766 0 216 255 255 
-0.683578806229658 -0.422474936239007 0.51198024628123 0 216 255 255 
-0.759700583955668 -0.370561157071345 0.442285500739575 0 216 255 255 
-0.714510491064416 -0.441591768796187 0.461931728889292 0 216 255 255 
-0.82621496382957 -0.293461518273522 0.398536604070102 0 216 255 255 
-0.85065080835204 3.59457219623497E-16 0.525731112119134 0 216 255 255 
-0.801778760233617 -0.043069324407034 0.565214156045205 0 216 255 255 
-0.830799452188923 -0.238404247254879 0.422399979898517 0 216 255 255 
-0.813307779562264 -0.448469948133062 0.331351573830259 0 216 255 255 
-0.760377074748699 -0.180114489361569 0.544324775986756 0 216 255 255 
-0.806919939662885 -0.144719379600656 0.503685822052998 0 216 255 255 
-0.560716608077308 -0.346541921848331 0.710775458824256 0 216 255 255 
-0.821898057113235 -0.345305275834504 0.376066055709359 0 216 255 255 
-0.840398421214159 -0.123125725924626 0.472364945988398 0 216 255 255 
-0.835598936701541 -0.180764986589753 0.447382462943458 0 216 255 255 
-0.819334952538836 -0.166190991338456 0.476141769091424 0 216 255 255 
-0.594116061103558 -0.293461154253943 0.696570137857072 0 216 255 255 
-0.62045107921166 -0.263349920661126 0.679024511654648 0 216 255 255 
-0.638013553905704 -0.303989649252772 0.634513210245683 0 216 255 255 
-0.602317699446561 -0.218847779870835 0.726355956477085 0 216 255 255 
-0.591317836859413 -0.365454521333183 0.661261630557299 0 216 255 255 
-0.647357002390819 -0.237101099266956 0.658658742038754 0 216 255 255 
-0.6526975454849 -0.17444968287797 0.685654783706496 0 216 255 255 
-0.700435052537623 -0.206433661318756 0.607073494101279 0 216 255 255 
-0.669057470181935 -0.257090582391278 0.619992299873676 0 216 255 255 
-0.739414881721883 -0.145497031625219 0.589947447685631 0 216 255 255 
-0.777446627271115 -0.48048844009252 0.36009892138626 0 216 255 255 
-0.689954850877149 -0.281544510387896 0.579944720216051 0 216 255 255 
-0.70307739152324 -0.130051585885106 0.644953610935907 0 216 255 255 
-0.720383030192861 -0.325836851521151 0.516939146281874 0 216 255 255 
-0.667749404706965 -0.353595195316781 0.569525648164725 0 216 255 255 
-0.652748935935588 -0.403421028528521 0.561864024285786 0 216 255 255 
-0.621919065641517 -0.384367120818035 0.611747802290343 0 216 255 255 
-0.809016994374948 -0.5 0.309016994374947 0 216 255 255 
-0.606691158817663 -0.518338922584332 0.493003907347901 0 151 255 255 
-0.644265787432517 -0.507511940471708 0.46625626084567 0 151 255 255 
-0.638978007364757 -0.551480627175001 0.427575354210137 0 151 255 255 
-0.481010170051934 -0.358733014619565 0.778290804078396 0 151 255 255 
-0.5 -0.309016994374947 0.809016994374948 0 151 255 255 
-0.530358304038654 -0.327779458111639 0.759896226599602 0 151 255 255 
-0.454792444502972 -0.681513135879061 0.481728408367862 0 151 255 255 
-0.504284011671051 -0.623347311533283 0.490402665545561 0 151 255 255 
-0.509578753773171 -0.685063010223367 0.423392224753357 0 151 255 255 
-0.728806918094882 -0.491466598500528 0.397760472154484 0 151 255 255 
-0.777446627271115 -0.48048844009252 0.36009892138626 0 151 255 255 
-0.759778422728107 -0.530431110835244 0.327824455186544 0 151 255 255 
-0.55772092136947 -0.426126054012393 0.634187013368031 0 151 255 255 
-0.500420725933264 -0.499832789646432 0.617780473170199 0 151 255 255 
-0.500462849391395 -0.439996592283302 0.677574547075197 0 151 255 255 
-0.683578806229658 -0.422474936239007 0.51198024628123 0 151 255 255 
-0.714510491064416 -0.441591768796187 0.461931728889292 0 151 255 255 
-0.652936038892061 -0.464878555444642 0.500219394413192 0 151 255 255 
-0.459429403815497 -0.716057013010922 0.442547571923476 0 151 255 255 
-0.409280053857823 -0.747051015798478 0.461702919093594 0 151 255 255 
-0.59029492936715 -0.46305568000477 0.564683379377975 0 151 255 255 
-0.347675084520715 -0.707808800433172 0.562550103796008 0 151 255 255 
-0.366875044282277 -0.657542653194771 0.593616291272847 0 151 255 255 
-0.443070422267385 -0.458060563844113 0.716903002638397 0 151 255 255 
-0.481723341109277 -0.410731914336552 0.725578733304066 0 151 255 255 
-0.679168791238278 -0.498518207932248 0.440346989579368 0 151 255 255 
-0.526285862912503 -0.387714544874708 0.704033580962684 0 151 255 255 
-0.359148524116385 -0.778034005086712 0.480851459546797 0 151 255 255 
-0.560716608077308 -0.346541921848331 0.710775458824256 0 151 255 255 
-0.4313547883177 -0.637967189314272 0.548712011117922 0 151 255 255 
-0.415489333806178 -0.680690971446311 0.521853683497405 0 151 255 255 
-0.454191307403135 -0.492571226214431 0.671271455132329 0 151 255 255 
-0.542641761295517 -0.404827674965165 0.670564552489213 0 151 255 255 
-0.591317836859413 -0.365454521333183 0.661261630557299 0 151 255 255 
-0.69618687289257 -0.536871028740794 0.384976087116531 0 151 255 255 
-0.38607500404384 -0.60727650595637 0.624682478749685 0 151 255 255 
-0.621919065641517 -0.384367120818035 0.611747802290343 0 151 255 255 
-0.462020340103868 -0.408449034864182 0.747564613781845 0 151 255 255 
-0.660050187481506 -0.592066549855689 0.3659172514127 0 151 255 255 
-0.57657389492632 -0.585762890483867 0.455697203339708 0 151 255 255 
-0.539627658980485 -0.544425288999033 0.533981040770377 0 151 255 255 
-0.809016994374948 -0.5 0.309016994374947 0 151 255 255 
-0.559813762165712 -0.65401606761164 0.404204158972543 0 151 255 255 
-0.610048770558253 -0.622969124999913 0.385016093191729 0 151 255 255 
-0.745876260167282 -0.46097688018504 0.411180848397573 0 151 255 255 
-0.328346039447831 -0.75841289740406 0.531275051898004 0 151 255 255 
-0.309016994374947 -0.809016994374948 0.5 0 151 255 255 
-0.652748935935588 -0.403421028528521 0.561864024285786 0 151 255 255 
-0.461157020885632 -0.578351371538295 0.578525596325968 0 151 255 255 
-0.405097754237371 -0.557474299390207 0.655461935122317 0 151 255 255 
-0.424120504430902 -0.507672092824044 0.686241391494949 0 151 255 255 
-0.710051604404759 -0.561163974711465 0.346818409633672 0 151 255 255 
-0.328404758641778 -0.758259168558514 -0.531370061549602 0 112 255 255 
-0.262310892947289 -0.766199999224158 -0.552998807569492 0 112 255 255 
-0.309016994374947 -0.809016994374948 -0.5 0 112 255 255 
-0.0612108831387874 -0.581845110213973 -0.781192991975394 0 112 255 255 
-0.0964748120086018 -0.614172695374453 -0.741177959181224 0 112 255 255 
-0.0926153727569227 -0.554347080720088 -0.789392330947367 0 112 255 255 
-0.365952099194578 -0.442132676345113 -0.761759126155376 0 112 255 255 
-0.424167031900387 -0.50755028232752 -0.686316674521987 0 112 255 255 
-0.443111475089812 -0.457953086159665 -0.716969427500418 0 112 255 255 
-0.317528482233454 -0.71553052248301 -0.569222596545286 0 112 255 255 
-0.3477137463029 -0.707707582573346 -0.56261265987365 0 112 255 255 
-0.200050078113632 -0.485695345772286 -0.797646763137005 0 112 255 255 
-0.236551169359188 -0.53224788964381 -0.746033176475852 0 112 255 255 
-0.270937627777689 -0.468089192390694 -0.781527844142348 0 112 255 255 
-0.321859133248193 -0.514182280416868 -0.724203844615127 0 112 255 255 
-0.481015358888566 -0.3587194300689 -0.778299199792429 0 112 255 255 
-0.5 -0.309016994374947 -0.809016994374948 0 112 255 255 
-0.445880857425583 -0.33247375884712 -0.813523367004034 0 112 255 255 
-0.0292528552927126 -0.552548151540735 -0.817456720189533 0 112 255 255 
-0.279551856186798 -0.40456544436459 -0.827373188397176 0 112 255 255 
-0.222110627611041 -0.429462094710465 -0.832156183247453 0 112 255 255 
-0.391761714851167 -0.355930523319293 -0.81802973963312 0 112 255 255 
-0.335656785518982 -0.380247983841942 -0.822701464015148 0 112 255 255 
-0.389194804057186 -0.396531237454674 -0.787491368247958 0 112 255 255 
-0.14921501579408 -0.493061768956603 -0.813301816299275 0 112 255 255 
-0.110218552451385 -0.477959279412047 -0.841473170932869 0 112 255 255 
-0.112321144700267 -0.512564928581088 -0.813638602639234 0 112 255 255 
-0.229492567929305 -0.581097731711769 -0.71096078446551 0 112 255 255 
-0.191756179738172 -0.619787161046747 -0.696710450716291 0 112 255 255 
-0.249281923699959 -0.610343151735196 -0.679857864795532 0 112 255 255 
-0.215604791519632 -0.723383004073369 -0.605997615138984 0 112 255 255 
-0.283521383385569 -0.689828588562195 -0.603548898614811 0 112 255 255 
-0.40514484661894 -0.557351009934648 -0.655538132196307 0 112 255 255 
-0.354447372427723 -0.563186426110714 -0.672327586864435 0 112 255 255 
-0.386122661337492 -0.607151737541776 -0.624759589870627 0 112 255 255 
-0.307192881506139 -0.622154458810698 -0.646290212177919 0 112 255 255 
-0.0546908955486252 -0.502026533764214 -0.846096827209016 0 112 255 255 
-0.159652666023965 -0.534367869964008 -0.776741691556412 0 112 255 255 
-0.142873148567932 -0.589587217757672 -0.74079956775922 0 112 255 255 
-0.131738740878416 -0.646500280534933 -0.701162926387055 0 112 255 255 
-0.173671766199024 -0.684941642304151 -0.653580270763019 0 112 255 255 
-0.191668432466344 -0.571574019618275 -0.734294239609919 0 112 255 255 
-0.165746209354146 -0.45389202505988 -0.836849514656723 0 112 255 255 
-0.366918203820196 -0.657429660057561 -0.593686124872138 0 112 255 255 
-0.282197679955185 -0.570728787632773 -0.696857067804645 0 112 255 255 
-0.235770309370996 -0.657947619473991 -0.648470808813294 0 112 255 255 
-0.462030717777132 -0.408421865762853 -0.74758140520991 0 112 255 255 
-1.51134705914321E-16 -0.525731112119134 -0.85065080835204 0 112 255 255 
-0.724684569044378 -0.60438654011621 -0.217024578810555 0 216 255 255 
-0.682395809045206 -0.610878036543351 -0.279860031940966 0 216 255 255 
-0.68377015607672 -0.655030334526702 -0.172393872821247 0 216 255 255 
-0.36054043910012 -0.777173754317314 -0.480319795332461 0 216 255 255 
-0.309016994374947 -0.809016994374948 -0.5 0 216 255 255 
-0.331832142772585 -0.813400103579528 -0.447361185706025 0 216 255 255 
-0.710750762207418 -0.560731871425921 -0.346551355116555 0 216 255 255 
-0.766850781709662 -0.552193270058105 -0.263020786592751 0 216 255 255 
-0.759931027843914 -0.530336795686818 -0.327766165219162 0 216 255 255 
-0.550905418033408 -0.774324227320396 -0.134792257625024 0 216 255 255 
-0.603565689022145 -0.754307294543844 -0.0849043617051645 0 216 255 255 
-0.643667922549432 -0.704668814535273 -0.128649117263206 0 216 255 255 
-0.407061935418224 -0.827852799255963 -0.273791984426664 0 216 255 255 
-0.446434495932665 -0.75954113862529 -0.363261718763817 0 216 255 255 
-0.381481378296789 -0.82293841634584 -0.33281111383943 0 216 255 255 
-0.412063883825293 -0.745330514259681 -0.460639590664921 0 216 255 255 
-0.398431116050549 -0.786336874594765 -0.388422310042707 0 216 255 255 
-0.626286445156586 -0.633667811471382 -0.329541662466978 0 216 255 255 
-0.60401495314292 -0.677518285444784 -0.266552943610792 0 216 255 255 
-0.661514490647738 -0.591161560729124 -0.365357937373034 0 216 255 255 
-0.462645367328765 -0.714069438253143 -0.441319183167987 0 216 255 255 
-0.603778928232957 -0.711570202432438 -0.18606938341436 0 216 255 255 
-0.355900821175355 -0.818024033435718 -0.391830243252195 0 216 255 255 
-0.573854053884861 -0.664286207196496 -0.353814707722833 0 216 255 255 
-0.562752534960147 -0.652199806139466 -0.403081647650282 0 216 255 255 
-0.513226850832236 -0.682808362246606 -0.421998775671053 0 216 255 255 
-0.612278219088057 -0.621591250032326 -0.384164519629512 0 216 255 255 
-0.524565320129222 -0.717931727844414 -0.317548697308381 0 216 255 255 
-0.473511994298904 -0.779351429255843 -0.266073908030459 0 216 255 255 
-0.435663078854912 -0.83334747905703 -0.207803797467729 0 216 255 255 
-0.525731112119133 -0.85065080835204 8.25644555023256E-18 0 216 255 255 
-0.564275634935228 -0.802940460150493 -0.0420455565783907 0 216 255 255 
-0.494997667205367 -0.844746483605069 -0.0709078052543968 0 216 255 255 
-0.492212640858967 -0.793958335037744 -0.196753954543238 0 216 255 255 
-0.541292818611937 -0.742554754998283 -0.228078222163912 0 216 255 255 
-0.46533037303014 -0.83904698133105 -0.139355801361063 0 216 255 255 
-0.809016994374948 -0.5 -0.309016994374947 0 216 255 255 
-0.802866700503244 -0.0421105585232209 -0.5643352243223 0 151 255 255 
-0.84418438802691 -0.0776582746981513 -0.492071823145643 0 151 255 255 
-0.847505328588627 -0.0377755418365413 -0.509358125676304 0 151 255 255 
-0.784469308041992 -0.122371734238079 -0.544589767901666 0 151 255 255 
-0.804198947625993 -0.167023403127195 -0.495127801721531 0 151 255 255 
-0.840863447465194 -0.117541007559761 -0.474785520614981 0 151 255 255 
-0.56171094616824 -0.347156456584834 -0.709166585996821 0 151 255 255 
-0.592331514184141 -0.366081008373489 -0.659621466192265 0 151 255 255 
-0.600746252955957 -0.290255749886157 -0.689788489140378 0 151 255 255 
-0.646937120821498 -0.241477989721847 -0.65683284842902 0 151 255 255 
-0.605164463439024 -0.21633902063888 -0.724056095675482 0 151 255 255 
-0.817301363753398 -0.400509122428596 -0.352139149887911 0 151 255 255 
-0.821444991616764 -0.350746351887737 -0.373707739716448 0 151 255 255 
-0.786708301677328 -0.395996672254898 -0.393861364275768 0 151 255 255 
-0.82559150582841 -0.300948917836564 -0.395291353689097 0 151 255 255 
-0.762185786281821 -0.372249785490939 -0.438181853383789 0 151 255 255 
-0.745807705245276 -0.460934510913143 -0.411291772591476 0 151 255 255 
-0.85065080835204 1.02764259450472E-17 -0.525731112119133 0 151 255 255 
-0.759249512043096 -0.184845504059002 -0.543216249699473 0 151 255 255 
-0.787181177747634 -0.229901633139138 -0.483003683414063 0 151 255 255 
-0.833436831864492 -0.206730717692824 -0.436128181928288 0 151 255 255 
-0.837254817273688 -0.160878740123623 -0.456001723659759 0 151 255 255 
-0.815526840070541 -0.189372422496474 -0.468505589714169 0 151 255 255 
-0.787314046689991 -0.292874026605273 -0.448805907943442 0 151 255 255 
-0.829618846455296 -0.252582695262024 -0.416254640196817 0 151 255 255 
-0.734693466564004 -0.242200819150214 -0.543756182689024 0 151 255 255 
-0.671405682527995 -0.25882575902459 -0.616039406132241 0 151 255 255 
-0.643510429565052 -0.309585735706437 -0.62443093956263 0 151 255 255 
-0.693001342869964 -0.279314337138739 -0.577237858813121 0 151 255 255 
-0.552582231719512 -0.262678007506914 -0.766536545025215 0 151 255 255 
-0.702173836855468 -0.204924973531335 -0.605655977724194 0 151 255 255 
-0.741876359898732 -0.144153672076805 -0.587512600080481 0 151 255 255 
-0.706726773994976 -0.126835505454434 -0.642005325894006 0 151 255 255 
-0.777412349810112 -0.480467255456572 -0.360154383483211 0 151 255 255 
-0.813159179064173 -0.450254561214298 -0.330578072131429 0 151 255 255 
-0.714696831730655 -0.441706933661409 -0.46163022335783 0 151 255 255 
-0.755082592654448 -0.0842211170464417 -0.602939336525466 0 151 255 255 
-0.671468803115853 -0.352089335980944 -0.565563338384306 0 151 255 255 
-0.622952082200042 -0.385005560162144 -0.610076346387709 0 151 255 255 
-0.655945618717 -0.171587263046657 -0.683030710784744 0 151 255 255 
-0.653506763181164 -0.403889391523887 -0.560637834044844 0 151 255 255 
-0.684061444162286 -0.422773222885631 -0.511199321701978 0 151 255 255 
-0.731861463303857 -0.312017647882859 -0.509667143794272 0 151 255 255 
-0.809016994374948 -0.5 -0.309016994374947 0 151 255 255 
-0.530943784530312 -0.328141304955233 -0.75894889926435 0 151 255 255 
-0.5 -0.309016994374947 -0.809016994374948 0 151 255 255 
-0.439930681516519 -0.672210720953236 -0.50589258628014 0 112 255 255 
-0.488788904895303 -0.61008688272576 -0.519158201128832 0 112 255 255 
-0.42382867208678 -0.63108826650927 -0.563117050153845 0 112 255 255 
-0.3477137463029 -0.707707582573346 -0.56261265987365 0 112 255 255 
-0.328404758641778 -0.758259168558514 -0.531370061549602 0 112 255 255 
-0.379877518675817 -0.7088842176293 -0.529272252444778 0 112 255 255 
-0.710750762207418 -0.560731871425921 -0.346551355116555 0 112 255 255 
-0.759931027843914 -0.530336795686818 -0.327766165219162 0 112 255 255 
-0.710984376110722 -0.527795437240996 -0.379254175398178 0 112 255 255 
-0.56171094616824 -0.347156456584834 -0.709166585996821 0 112 255 255 
-0.530943784530312 -0.328141304955233 -0.75894889926435 0 112 255 255 
-0.52402264142011 -0.378383796295745 -0.71562755103404 0 112 255 255 
-0.50579932151166 -0.65378226887868 -0.458452398359554 0 112 255 255 
-0.673379180833033 -0.504692590175153 -0.439962217741709 0 112 255 255 
-0.669526399532843 -0.54602491991328 -0.402482669303772 0 112 255 255 
-0.777412349810112 -0.480467255456572 -0.360154383483211 0 112 255 255 
-0.724436337903951 -0.483107138797787 -0.410490512048157 0 112 255 255 
-0.36054043910012 -0.777173754317314 -0.480319795332461 0 112 255 255 
-0.481015358888566 -0.3587194300689 -0.778299199792429 0 112 255 255 
-0.462030717777132 -0.408421865762853 -0.74758140520991 0 112 255 255 
-0.563548264130981 -0.594539596095211 -0.459946128523703 0 112 255 255 
-0.612278219088057 -0.621591250032326 -0.384164519629512 0 112 255 255 
-0.631644081928945 -0.56260716999853 -0.42378273682242 0 112 255 255 
-0.608491624408879 -0.519178632382052 -0.490363731958964 0 112 255 255 
-0.534849755478832 -0.542475415749502 -0.540708817521561 0 112 255 255 
-0.590083484114157 -0.461844456640082 -0.566106047995656 0 112 255 255 
-0.499431898699661 -0.498311450759817 -0.620290639290417 0 112 255 255 
-0.456361123186168 -0.574410793870129 -0.587262071693598 0 112 255 255 
-0.654022053684796 -0.458831841691528 -0.505180093373571 0 112 255 255 
-0.714696831730655 -0.441706933661409 -0.46163022335783 0 112 255 255 
-0.366918203820196 -0.657429660057561 -0.593686124872138 0 112 255 255 
-0.403694678984307 -0.66664937143498 -0.547689938330608 0 112 255 255 
-0.809016994374948 -0.5 -0.309016994374947 0 112 255 255 
-0.462645367328765 -0.714069438253143 -0.441319183167987 0 112 255 255 
-0.684061444162286 -0.422773222885631 -0.511199321701978 0 112 255 255 
-0.513226850832236 -0.682808362246606 -0.421998775671053 0 112 255 255 
-0.453646669381707 -0.491909272524354 -0.672478046843834 0 112 255 255 
-0.424167031900387 -0.50755028232752 -0.686316674521987 0 112 255 255 
-0.40514484661894 -0.557351009934648 -0.655538132196307 0 112 255 255 
-0.411716023729891 -0.723106826371068 -0.483211138648935 0 112 255 255 
-0.5 -0.309016994374947 -0.809016994374948 0 112 255 255 
-0.653506763181164 -0.403889391523887 -0.560637834044844 0 112 255 255 
-0.386122661337492 -0.607151737541776 -0.624759589870627 0 112 255 255 
-0.592331514184141 -0.366081008373489 -0.659621466192265 0 112 255 255 
-0.542802611604349 -0.401841758992318 -0.673389618153228 0 112 255 255 
-0.557330211145723 -0.425218904211645 -0.635484873392527 0 112 255 255 
-0.622952082200042 -0.385005560162144 -0.610076346387709 0 112 255 255 
-0.745807705245276 -0.460934510913143 -0.411291772591476 0 112 255 255 
-0.661514490647738 -0.591161560729124 -0.365357937373034 0 112 255 255 
-0.497379486045395 -0.437592727247447 -0.683061775457053 0 112 255 255 
-0.443111475089812 -0.457953086159665 -0.716969427500418 0 112 255 255 
-0.412063883825293 -0.745330514259681 -0.460639590664921 0 112 255 255 
-0.562752534960147 -0.652199806139466 -0.403081647650282 0 112 255 255 
-0.309016994374947 -0.809016994374948 -0.5 0 112 255 255 
0.606397631529429 -0.215252270265632 -0.723059836427993 0 216 255 255 
0.553198815764715 -0.26213463232029 -0.76603841540147 0 216 255 255 
0.562369594044116 -0.197327895265775 -0.758629471934144 0 216 255 255 
0.601840486988741 -0.113591694549088 -0.726741489745274 0 216 255 255 
0.578207109464213 -0.165617482689779 -0.745834564802437 0 216 255 255 
0.540599798926901 -0.137322082743287 -0.776216984837057 0 216 255 255 
0.531489658216824 -0.206833523347451 -0.783576940060483 0 216 255 255 
0.5 -0.186235745684969 -0.809016994374948 0 216 255 255 
0.75992949164307 0.0121225056174246 -0.599023594643537 0 216 255 255 
0.738359808745991 0.0375079759956255 -0.61644943968349 0 216 255 255 
0.791193249880755 0.0523979856142899 -0.573766041761744 0 216 255 255 
0.727869939429686 -0.0272482612579823 -0.624924058344669 0 216 255 255 
0.782294968515846 -0.014167677882235 -0.580954838784244 0 216 255 255 
0.756098547730562 -0.0833257893398946 -0.602118560633285 0 216 255 255 
0.5 -0.309016994374948 -0.809016994374947 0 216 255 255 
0.5 -0.24845008856253 -0.809016994374948 0 216 255 255 
0.5 0.309016994374947 -0.809016994374947 0 216 255 255 
0.557433697519234 0.258402570679066 -0.76261711368049 0 216 255 255 
0.5 0.249977719160146 -0.809016994374948 0 216 255 255 
0.550555556018165 -0.0438337556959461 -0.768173867969944 0 216 255 255 
0.5 -0.0601596228647038 -0.809016994374948 0 216 255 255 
0.614867395038468 0.207788146983184 -0.716217232986032 0 216 255 255 
0.607243062427506 0.108414319577617 -0.722376824633515 0 216 255 255 
0.582525321269462 0.162726116345542 -0.742345941899308 0 216 255 255 
0.5515963809331 0.045481128452539 -0.767333000082923 0 216 255 255 
0.542377541661205 0.13894241165597 -0.774780771353683 0 216 255 255 
0.5 0.00462962390493171 -0.809016994374948 0 216 255 255 
0.609402125491723 -0.00310009718992907 -0.720632547790501 0 216 255 255 
0.5 0.0678342684625903 -0.809016994374948 0 216 255 255 
0.532902981034929 0.207272966089103 -0.782435136328956 0 216 255 255 
0.5 0.190508316090197 -0.809016994374948 0 216 255 255 
0.657278299650044 -0.170412815286717 -0.681954056503931 0 216 255 255 
0.664234211820895 -0.0655423304277432 -0.676334472378418 0 216 255 255 
0.708158967770658 -0.125573360307802 -0.640848276579869 0 216 255 255 
0.678781680318841 0.0445305939530742 -0.664581776106599 0 216 255 255 
0.673301543223969 0.156292059105882 -0.669009102195193 0 216 255 255 
0.73173569140947 0.10479597122858 -0.621800971404354 0 216 255 255 
0.5 0.129171292276394 -0.809016994374948 0 216 255 255 
0.85065080835204 2.40043887989096E-16 -0.525731112119133 0 216 255 255 
0.565613285950669 0.195759587165396 -0.756008938624004 0 216 255 255 
0.804038127690465 -0.0410782183719871 -0.563388844686702 0 216 255 255 
0.5 -0.124021402807408 -0.809016994374948 0 216 255 255 
1.16470110533676E-18 -0.156042403748229 -0.955671623144644 0 151 255 255 
0.0348873079105162 -0.159447029022226 -0.947503856859797 0 151 255 255 
2.89735866149959E-18 -0.20793918701984 -0.940928834574451 0 151 255 255 
0.0853752713099571 -0.20868917097644 -0.923094707470471 0 151 255 255 
0.0890612682426242 -0.120633471629915 -0.947348713141046 0 151 255 255 
0.147852849138701 -0.152376024894856 -0.926197000833797 0 151 255 255 
0.142194946726694 -0.396800041464308 -0.857929025550102 0 151 255 255 
0.15811852703479 -0.342507666487175 -0.870065796095818 0 151 255 255 
0.1885634498481 -0.391890603465492 -0.849753443307552 0 151 255 255 
0.21211934012927 -0.131096961871088 -0.918977621741819 0 151 255 255 
0.187046657770505 -0.199075953669438 -0.9048411037294 0 151 255 255 
0.319480169676886 -0.197449603591899 -0.877969433915013 0 151 255 255 
0.262861289540353 -0.263374629246637 -0.870927398114454 0 151 255 255 
0.265799754903078 -0.164273282731493 -0.898473527828416 0 151 255 255 
6.08316648807213E-18 -0.361722035279632 -0.897242350081754 0 151 255 255 
0.0805742218633002 -0.358691490234097 -0.881473107074979 0 151 255 255 
0.0487145747657768 -0.413255354286748 -0.87254834475153 0 151 255 255 
6.37742367979901E-18 -0.405964764288864 -0.884673917927921 0 151 255 255 
0.223733104860319 -0.34729267611714 -0.85516392110045 0 151 255 255 
0.291103935380689 -0.348410215658423 -0.840941414836404 0 151 255 255 
0.241790613591159 -0.420932233112667 -0.830517477496717 0 151 255 255 
0.154793802930627 -0.276164390262705 -0.889598738686907 0 151 255 255 
0.199870406070381 -0.308330675418574 -0.871157362812156 0 151 255 255 
0.104261880104029 -0.432958538698994 -0.855486368733915 0 151 255 255 
0.378923939351263 -0.234187873670084 -0.855263934318822 0 151 255 255 
-4.83515405838136E-18 -0.051914888321396 -0.985252068164576 0 151 255 255 
-2.63859242174249E-16 9.78396508403831E-20 -1 0 151 255 255 
0.0381971968750071 -0.0236071659437255 -0.985409969068719 0 151 255 255 
0.304470165549779 -0.39376514550604 -0.825298299883892 0 151 255 255 
0.369374642432961 -0.365633712615267 -0.819893858050222 0 151 255 255 
5.68239736603655E-18 -0.311309555359279 -0.911563479175152 0 151 255 255 
0.43836770902564 -0.270926143748269 -0.83255843472263 0 151 255 255 
0.5 -0.309016994374948 -0.809016994374947 0 151 255 255 
0.434279119316143 -0.337502279724493 -0.814489416216552 0 151 255 255 
0.165661708241151 -0.102384566327399 -0.936722858086249 0 151 255 255 
-1.60270351320331E-18 -0.103829776642792 -0.970504136329152 0 151 255 255 
0.0787006366140191 -0.0486396683637181 -0.969939031749699 0 151 255 255 
0.0589200153989034 -0.500193513809839 -0.845744678430749 0 151 255 255 
6.67168156322946E-18 -0.450207493298097 -0.872105485774088 0 151 255 255 
4.63001621766242E-18 -0.25983597029145 -0.926186046004259 0 151 255 255 
0.347188356219415 -0.296539572648472 -0.844101205051028 0 151 255 255 
0.179111061632539 -0.448099320719293 -0.835736655109543 0 151 255 255 
0.122181172427585 -0.0755121173455588 -0.953330944917974 0 151 255 255 
0.117840030797807 -0.474655915500545 -0.840838548509458 0 151 255 255 
-1.51134705914321E-16 -0.525731112119134 -0.85065080835204 0 151 255 255 
7.70337098034759E-18 -0.487969302708615 -0.861378147063064 0 151 255 255 
0.0733384997296082 -0.2900726709612 -0.902459696179353 0 151 255 255 
0.117099756944111 -0.31838378844791 -0.885384974138583 0 151 255 255 
-4.77793898793788E-18 0.182233414793434 -0.948231305769708 0 112 255 255 
0.090747735136998 0.197891946314 -0.925053120335084 0 112 255 255 
0.0671318379405328 0.11673499769232 -0.952982323767753 0 112 255 255 
0.1462910137326 0.386810042955212 -0.859921564949515 0 112 255 255 
0.179044702194181 0.448128082773568 -0.835742180702567 0 112 255 255 
0.196997496167779 0.379832613562732 -0.851438116286378 0 112 255 255 
0.156585768102847 0.0967753268420681 -0.940189558739222 0 112 255 255 
0.104202471451982 0.0644006690690653 -0.960198197617084 0 112 255 255 
0.209533186603458 0.129498631092011 -0.919965444488553 0 112 255 255 
0.1847375558777 0.186845790954453 -0.908792024914593 0 112 255 255 
-3.90613972423542E-18 0.240962635029686 -0.9315475650395 0 112 255 255 
-3.21079809244511E-18 0.297573170940312 -0.915465698126716 0 112 255 255 
0.0740491809831654 0.280087124025229 -0.905149699387742 0 112 255 255 
0.150104469496394 0.267879554303812 -0.892920144314564 0 112 255 255 
0.265238312103236 0.163926291998452 -0.898687979895217 0 112 255 255 
0.237540599867652 0.261097822071258 -0.876800267893953 0 112 255 255 
0.320943437603013 0.198353952904893 -0.87741051530188 0 112 255 255 
0.0837062343010714 0.348595862496701 -0.883694630055611 0 112 255 255 
0.380089648431096 0.234908321502416 -0.854818673071319 0 112 255 255 
0.329049508422497 0.296470418131734 -0.847864627081387 0 112 255 255 
0.43923585925918 0.271462690099938 -0.832226830840759 0 112 255 255 
0.304410980104756 0.393790798149043 -0.825303228115508 0 112 255 255 
0.253329979329595 0.348353277477106 -0.848753964578424 0 112 255 255 
0.369131472753237 0.365739109220474 -0.819914106212643 0 112 255 255 
0.5 0.309016994374947 -0.809016994374947 0 112 255 255 
0.434565736376619 0.33737805179771 -0.814465550293795 0 112 255 255 
-5.64973825164035E-18 0.123504194557182 -0.964915046499916 0 112 255 255 
0.052101235725991 0.0322003345345325 -0.980099098808542 0 112 255 255 
0.241727841149468 0.420959440461306 -0.830522704409038 0 112 255 255 
0.0391654785536327 0.453408448061632 -0.863112582815626 0 112 255 255 
0.0588904226763926 0.50020634013134 -0.845747142546557 0 112 255 255 
0.117780845352785 0.474681568143547 -0.840843476741075 0 112 255 255 
-1.04255190702004E-18 0.398978131838508 -0.886658673794083 0 112 255 255 
8.61220203603276E-19 0.442472228960014 -0.874302912271103 0 112 255 255 
0.207998662602598 0.327118184065408 -0.864142589694348 0 112 255 255 
0.155817205091542 0.331504552653466 -0.873666532661442 0 112 255 255 
-2.63859242174249E-16 9.78396508403831E-20 -1 0 112 255 255 
-6.69799499854E-18 0.0626562899953027 -0.982200661047547 0 112 255 255 
-2.12667499973257E-18 0.34827565138941 -0.9010621859604 0 112 255 255 
2.76499231422659E-18 0.48596632608152 -0.861947150748124 0 112 255 255 
2.28885766401349E-16 0.525731112119134 -0.85065080835204 0 112 255 255 
0.116384305302294 0.415825925332476 -0.857851371066756 0 112 255 255 
0.059092616388443 0.409635824560208 -0.871434596136495 0 112 255 255 
0.188922873506181 0.299835106734203 -0.875830297371214 0 112 255 255 
0.116699685834168 0.310460504456197 -0.887718385958464 0 112 255 255 
0.401282475329181 0.1842310812327 -0.846723733513944 0 216 255 255 
0.444938859436072 0.158627324290184 -0.830048478611033 0 216 255 255 
0.381563090992295 0.131653274038306 -0.854255868093412 0 216 255 255 
0.319509349126721 0.121184768272688 -0.877958288356949 0 216 255 255 
0.329201587882856 0.158745970922682 -0.874256182579185 0 216 255 255 
0.378923939351263 -0.234187873670084 -0.855263934318822 0 216 255 255 
0.373755954665965 -0.168436703495244 -0.857237928815266 0 216 255 255 
0.434887739164231 -0.163921410622929 -0.833887664929863 0 216 255 255 
0.5 0.190508316090197 -0.809016994374948 0 216 255 255 
0.443838182773677 0.215114563830343 -0.830468899685444 0 216 255 255 
0.43923585925918 0.271462690099938 -0.832226830840759 0 216 255 255 
0.5 0.249977719160146 -0.809016994374948 0 216 255 255 
0.343888987955063 -0.131893041905024 -0.868646094957969 0 216 255 255 
0.319480169676886 -0.197449603591899 -0.877969433915013 0 216 255 255 
0.305136809673508 -0.138651133362131 -0.883448109923428 0 216 255 255 
-2.63859242174249E-16 9.78396508403831E-20 -1 0 216 255 255 
0.052101235725991 0.0322003345345325 -0.980099098808542 0 216 255 255 
0.0381971968750071 -0.0236071659437255 -0.985409969068719 0 216 255 255 
0.0787006366140191 -0.0486396683637181 -0.969939031749699 0 216 255 255 
0.139176194401232 -0.0372341608727176 -0.946839424163592 0 216 255 255 
0.187985543368229 -0.0131821715196972 -0.928195911826954 0 216 255 255 
0.165661708241151 -0.102384566327399 -0.936722858086249 0 216 255 255 
0.279462013972612 -0.0961752846036059 -0.89325500922696 0 216 255 255 
0.21211934012927 -0.131096961871088 -0.918977621741819 0 216 255 255 
0.22524127969617 -0.0694079384978481 -0.913965486825585 0 216 255 255 
0.280977792769588 -0.00420070816744984 -0.892676033245942 0 216 255 255 
0.272805515640056 0.0883765906221343 -0.89579756534394 0 216 255 255 
0.211247283009831 0.056672263870782 -0.919310717921313 0 216 255 255 
0.158847032376378 0.0427815470855537 -0.939325832644279 0 216 255 255 
0.156585768102847 0.0967753268420681 -0.940189558739222 0 216 255 255 
0.349109464568794 -0.0692874131528719 -0.866652050328998 0 216 255 255 
0.319851013625277 -0.108724484618135 -0.87782778413125 0 216 255 255 
0.363951612967241 -0.000443845907868484 -0.860982854106861 0 216 255 255 
0.427036662856581 0.0321923071051329 -0.836886509231116 0 216 255 255 
0.5 0.00462962390493171 -0.809016994374948 0 216 255 255 
0.449041246761538 -0.0358124730506754 -0.828481506087721 0 216 255 255 
0.393787458482365 -0.116084168234778 -0.849586575203175 0 216 255 255 
0.410639736400954 -0.0686077280792307 -0.843149577826133 0 216 255 255 
0.400317100377248 -0.0281700437068839 -0.847092473933695 0 216 255 255 
0.400680934753369 0.0824050590034658 -0.846953501568292 0 216 255 255 
0.442369924673053 0.100313920862679 -0.831029724375625 0 216 255 255 
0.265238312103236 0.163926291998452 -0.898687979895217 0 216 255 255 
0.34950356558655 0.0644524921380585 -0.866501517135216 0 216 255 255 
0.5 0.0678342684625903 -0.809016994374948 0 216 255 255 
0.362169825422622 0.181310382824342 -0.861663436388174 0 216 255 255 
0.320943437603013 0.198353952904893 -0.87741051530188 0 216 255 255 
0.380089648431096 0.234908321502416 -0.854818673071319 0 216 255 255 
0.44999817324823 -0.221103212162431 -0.82811599269454 0 216 255 255 
0.43836770902564 -0.270926143748269 -0.83255843472263 0 216 255 255 
0.448059363468181 -0.0947678009432874 -0.828856552132798 0 216 255 255 
0.134984842492453 0.00771813990895165 -0.948440378133934 0 216 255 255 
0.0991253888328141 0.00298409957757643 -0.962137470613914 0 216 255 255 
0.104202471451982 0.0644006690690653 -0.960198197617084 0 216 255 255 
0.265799754903078 -0.164273282731493 -0.898473527828416 0 216 255 255 
0.209533186603458 0.129498631092011 -0.919965444488553 0 216 255 255 
0.120572424524081 -0.0134411438860708 -0.953945431937782 0 216 255 255 
0.110503145407255 -0.0325697630093475 -0.957791554318201 0 216 255 255 
0.122181172427585 -0.0755121173455588 -0.953330944917974 0 216 255 255 
0.5 -0.186235745684969 -0.809016994374948 0 216 255 255 
0.5 -0.24845008856253 -0.809016994374948 0 216 255 255 
0.5 -0.309016994374948 -0.809016994374947 0 216 255 255 
0.5 -0.124021402807408 -0.809016994374948 0 216 255 255 
0.5 -0.0601596228647038 -0.809016994374948 0 216 255 255 
0.5 0.129171292276394 -0.809016994374948 0 216 255 255 
0.5 0.309016994374947 -0.809016994374947 0 216 255 255 
0.970733071544306 -1.38142752618908E-17 0.103023891027087 0 151 255 255 
0.985366535772153 1.63501113846872E-18 0.0515119455135435 0 151 255 255 
0.970695786556337 0.0767194268090925 0.0474152133654289 0 151 255 255 
0.948211341175306 0.0878642583453541 0.118466572721402 0 151 255 255 
0.861530726739228 0.233407225359394 0.317851924248717 0 151 255 255 
0.876091242978597 0.248180101976901 0.255863643255932 0 151 255 255 
0.845620652082656 0.316011078460954 0.313842513904958 0 151 255 255 
0.869615386598478 0.3413513494952 0.210966736093677 0 151 255 255 
0.955466825346719 -7.284469874852E-18 0.156763322106571 0 151 255 255 
0.947874688336587 0.0352723102136918 0.157861927157147 0 151 255 255 
0.838480992294179 0.146153029176682 0.462384262571803 0 151 255 255 
0.858002275845419 0.133867412534539 0.402592497399455 0 151 255 255 
0.848353726369608 0.179969496262075 0.403061685639267 0 151 255 255 
0.846552378638187 0.234322447823055 0.369912963658758 0 151 255 255 
0.826518523576608 0.289815926889498 0.400116706310991 0 151 255 255 
0.832499757935393 0.21798447803309 0.431250484441397 0 151 255 255 
0.85743619992966 0.0967176475777828 0.431576051994652 0 151 255 255 
0.878649771676996 0.0801026670823753 0.368972650528176 0 151 255 255 
0.867449008006245 0.167283837980944 0.34506015710139 0 151 255 255 
0.955713056779867 0.115944722608145 0.0716577793880119 0 151 255 255 
0.940200579149131 -7.54664562090099E-19 0.210502753186055 0 151 255 255 
0.900857719341455 0.0737956559589395 0.295379721512831 0 151 255 255 
0.883920354545923 0.119419974509198 0.321853728009148 0 151 255 255 
0.844533804468546 0.0734619687600522 0.493890620623962 0 151 255 255 
0.985678516332806 0.0374941310100398 0.0231726473428458 0 151 255 255 
1 -2.38707340048218E-16 7.7967910981223E-20 0 151 255 255 
0.889740087892546 0.156228125350002 0.274624724040958 0 151 255 255 
0.872908131975809 0.201457911032673 0.30101432069356 0 151 255 255 
0.86919503019404 -1.27076366411987E-17 0.460452724838947 0 151 255 255 
0.867643736706043 0.0497368080975989 0.429777599699796 0 151 255 255 
0.92790891007463 0.145827368061358 0.147821450822294 0 151 255 255 
0.940069080894121 0.156901183196211 0.096970264090332 0 151 255 255 
0.923007088830295 0.0872848073655415 0.207610242318525 0 151 255 255 
0.923175103077156 -1.57856861157913E-18 0.270434932067717 0 151 255 255 
0.849792418690562 0.393248553236023 0.243040971926584 0 151 255 255 
0.904914849554851 0.196393839103379 0.192025232766331 0 151 255 255 
0.888308866006613 0.292411185036706 0.180720051043319 0 151 255 255 
0.905825527962594 0.246551968666505 0.152377496629099 0 151 255 255 
0.923342189918576 0.200692752296303 0.124034942214878 0 151 255 255 
0.906149627005181 -2.40247266106815E-18 0.330367110949379 0 151 255 255 
0.887739252036039 -5.07945666184155E-19 0.39517433755876 0 151 255 255 
0.820665727140392 0.36010490449117 0.369651478774817 0 151 255 255 
0.814812930704176 0.430393882092842 0.339186251238642 0 151 255 255 
0.809016994374947 0.5 0.309016994374948 0 151 255 255 
0.829969450782645 0.445145756976846 0.275115207759492 0 151 255 255 
0.85065080835204 -2.48724998307062E-16 0.525731112119134 0 151 255 255 
0.814812930704176 0.430393882092843 -0.339186251238643 0 112 255 255 
0.809016994374948 0.5 -0.309016994374947 0 112 255 255 
0.829424252145804 0.446573105538719 -0.275997357684522 0 112 255 255 
0.871417199534544 1.17795788771791E-17 -0.452630362054056 0 112 255 255 
0.844533804468546 0.073461968760053 -0.493890620623962 0 112 255 255 
0.86930919807205 0.0507537477830938 -0.423176080903161 0 112 255 255 
0.887230915428609 0.295233296288114 -0.182464211716722 0 112 255 255 
0.906150523609115 0.201500273824072 -0.183965436433799 0 112 255 255 
0.873441846777267 0.257866141292556 -0.25815258791164 0 112 255 255 
0.980540443995183 0.0509457790265919 -0.0314862230217751 0 112 255 255 
0.982133283030133 1.16148108835151E-17 -0.0628934705226045 0 112 255 255 
0.957218519318947 0.0570662451920531 -0.109136047742325 0 112 255 255 
0.964466144189035 8.02063520293774E-18 -0.1250843966897 0 112 255 255 
0.865946306047534 0.168883636468743 -0.349187567287684 0 112 255 255 
0.83246766208083 0.218369932204802 -0.431083417719891 0 112 255 255 
0.85147016401186 0.248210070876227 -0.342511687362996 0 112 255 255 
0.838500733274688 0.145915950482428 -0.462487019171926 0 112 255 255 
0.857549533212526 0.0988089421836117 -0.429657687706833 0 112 255 255 
0.889637463252442 0.161007959702324 -0.271513224928354 0 112 255 255 
0.924645184223761 0.0925786062029849 -0.197997735708439 0 112 255 255 
0.903019661626306 0.0760494423251755 -0.286131895174392 0 112 255 255 
0.928778261512132 4.72335882677771E-18 -0.250710990592737 0 112 255 255 
0.910757517676328 5.02025753697992E-18 -0.31414665832868 0 112 255 255 
0.879548401875186 0.0822408898607245 -0.364255830329909 0 112 255 255 
0.869885335303621 0.20868050569641 -0.306407487209532 0 112 255 255 
0.88437338517949 0.121497112106326 -0.318749864772989 0 112 255 255 
0.891087358605436 8.39991798424881E-18 -0.383388510191368 0 112 255 255 
0.854739242287127 0.142463836866776 -0.407833187394058 0 112 255 255 
0.85065080835204 2.40043887989096E-16 -0.525731112119133 0 112 255 255 
0.946799005347937 4.42646011657549E-18 -0.187275322856795 0 112 255 255 
0.826518523576608 0.289815926889499 -0.400116706310991 0 112 255 255 
0.841872955080446 0.346033449595255 -0.305222428923544 0 112 255 255 
0.820665727140392 0.360104904491171 -0.369651478774817 0 112 255 255 
0.868343082412592 0.344682285097877 -0.213025367510469 0 112 255 255 
0.905158691108527 0.248297770215405 -0.153456461323931 0 112 255 255 
0.849455249396576 0.394131273907641 -0.243586523304216 0 112 255 255 
0.941852504687478 0.152232119088858 -0.0940846237763356 0 112 255 255 
0.923086466788445 0.201362244142696 -0.12444871093114 0 112 255 255 
1 -2.38707340048218E-16 7.7967910981223E-20 0 112 255 255 
0.961080887990367 0.101891558053184 -0.0629724460435504 0 112 255 255 
0.57273593126149 0.792468318997259 -0.0512743092484649 0 216 255 255 
0.573660421150894 0.791323986902587 0.00776075888265025 0 216 255 255 
0.610174651656666 0.746126731249587 -0.0197885226075643 0 216 255 255 
0.619740750403846 0.734285829642478 -0.10254861849693 0 216 255 255 
0.525731112119133 0.85065080835204 2.81015666363529E-18 0 216 255 255 
0.553044911827951 0.816841831106877 0.0297947367647365 0 216 255 255 
0.633611007870586 0.717117247311321 0.0383142851864981 0 216 255 255 
0.662388976347658 0.681495924325299 -0.0369184558642202 0 216 255 255 
0.766827284442034 0.552222354938094 0.262995155047117 0 216 255 255 
0.809016994374947 0.5 0.309016994374948 0 216 255 255 
0.809016994374948 0.5 0.234314621148883 0 216 255 255 
0.809016994374948 0.5 -0.309016994374947 0 216 255 255 
0.76159149386065 0.558703208078761 -0.257283792886207 0 216 255 255 
0.809016994374948 0.5 -0.231486355095324 0 216 255 255 
0.809016994374948 0.5 0.0818467296722722 0 216 255 255 
0.768923064976616 0.549628201171138 0.155144904652749 0 216 255 255 
0.809016994374948 0.5 0.158080675410577 0 216 255 255 
0.787941847789679 0.526086782466585 0.202546451676151 0 216 255 255 
0.786212649380104 0.5282271814702 -0.197197687012381 0 216 255 255 
0.765313829955313 0.554095706461815 -0.146707222124496 0 216 255 255 
0.809016994374948 0.5 -0.152898567304114 0 216 255 255 
0.714165993346352 0.617406416157523 -0.205550591397466 0 216 255 255 
0.809016994374948 0.5 -0.0743107795129027 0 216 255 255 
0.71436624067281 0.617158550339665 -0.0970382382666238 0 216 255 255 
0.666953371875099 0.6758461229 -0.154049604947198 0 216 255 255 
0.763000989687064 0.556958536417169 -0.0421704600736077 0 216 255 255 
0.648062189908001 0.699229597483131 0.133442519888186 0 216 255 255 
0.615208186331323 0.739896230144196 0.0711657222295231 0 216 255 255 
0.612553821189874 0.743181799037001 0.0947088940221268 0 216 255 255 
0.809016994374948 0.5 0.00408121142172707 0 216 255 255 
0.716340154741469 0.614715242687759 0.00855177491137074 0 216 255 255 
0.764506771227234 0.555094682454318 0.0530849117552806 0 216 255 255 
0.677601594943685 0.662665769552421 0.0712130054212377 0 216 255 255 
0.582799366508912 0.780011815071939 0.0622518153934316 0 216 255 255 
0.601455201151384 0.756919653027812 0.0297734385213317 0 216 255 255 
0.721636682168268 0.608159209577755 0.111711762651347 0 216 255 255 
0.686349882208561 0.651837153679659 0.175207917803736 0 216 255 255 
0.72463757450912 0.604444709876188 0.216973315719286 0 216 255 255 
0.809016994374948 0.5 0.00408121142172707 0 151 255 255 
0.809016994374948 0.5 0.0818467296722722 0 151 255 255 
0.825072401609925 0.457966398155607 0.0779258109257743 0 151 255 255 
0.950306489897798 0.130099298467852 -0.00249407272058965 0 151 255 255 
0.963660878644609 0.0951370548297211 0.00398563928416362 0 151 255 255 
0.961080887990367 0.101891558053184 -0.0629724460435504 0 151 255 255 
0.838277658833968 0.423394585912878 -0.185604361252427 0 151 255 255 
0.86706708265651 0.348022895828937 -0.15404836276075 0 151 255 255 
0.850932540296152 0.390263676121279 -0.212724800243057 0 151 255 255 
0.847173504023793 0.40010496084726 -0.122102582857579 0 151 255 255 
0.82658542861285 0.454005242036054 -0.119160340183636 0 151 255 255 
0.843068702784441 0.410851470008946 -0.0882158697736868 0 151 255 255 
0.892607550968728 0.281157081698961 0.00397609146295923 0 151 255 255 
0.866831899590137 0.34863861309028 0.0854568498075385 0 151 255 255 
0.896460220652111 0.271070661520439 0.09388382317111 0 151 255 255 
0.916582477026834 0.218389910401073 0.0675229900774436 0 151 255 255 
0.930433342700635 0.182127873293453 0.0187498294479384 0 151 255 255 
0.888308866006613 0.292411185036706 0.180720051043319 0 151 255 255 
0.878268213479067 0.318697954623049 0.134324600818798 0 151 255 255 
0.86389258633684 0.356333835090995 0.166531835473141 0 151 255 255 
0.869615386598478 0.3413513494952 0.210966736093677 0 151 255 255 
0.887735892997426 0.293911247849395 -0.147112900941544 0 151 255 255 
0.887230915428609 0.295233296288114 -0.182464211716722 0 151 255 255 
0.809016994374948 0.5 0.158080675410577 0 151 255 255 
0.819533537852027 0.47246733173284 0.141036186944539 0 151 255 255 
0.809016994374948 0.5 -0.152898567304114 0 151 255 255 
0.809016994374948 0.5 -0.0743107795129027 0 151 255 255 
0.955713056779867 0.115944722608145 0.0716577793880119 0 151 255 255 
0.970695786556337 0.0767194268090925 0.0474152133654289 0 151 255 255 
0.829424252145804 0.446573105538719 -0.275997357684522 0 151 255 255 
0.809016994374948 0.5 -0.231486355095324 0 151 255 255 
0.905158691108527 0.248297770215405 -0.153456461323931 0 151 255 255 
0.833026828147949 0.437141439118048 0.123346292789441 0 151 255 255 
0.842016314024938 0.413606659550703 0.0898791217583681 0 151 255 255 
0.849792418690562 0.393248553236023 0.243040971926584 0 151 255 255 
0.845914018161791 0.403402337642329 0.186514445073887 0 151 255 255 
0.833653755962094 0.435500120792123 0.221608820527601 0 151 255 255 
0.820192447696571 0.470742283364301 -0.0569817074205916 0 151 255 255 
0.940069080894121 0.156901183196211 0.096970264090332 0 151 255 255 
0.923342189918576 0.200692752296303 0.124034942214878 0 151 255 255 
0.905825527962594 0.246551968666505 0.152377496629099 0 151 255 255 
0.980540443995183 0.0509457790265919 -0.0314862230217751 0 151 255 255 
0.847142548492662 0.400186003479901 0.134769570035332 0 151 255 255 
0.923086466788445 0.201362244142696 -0.12444871093114 0 151 255 255 
0.893860925365582 0.277875704927368 -0.100083800452026 0 151 255 255 
0.831369338760192 0.441480802671187 0.173120774283193 0 151 255 255 
0.920005539787878 0.209428215747036 -0.056127876921363 0 151 255 255 
0.941852504687478 0.152232119088858 -0.0940846237763356 0 151 255 255 
0.849455249396576 0.394131273907641 -0.243586523304216 0 151 255 255 
0.858930347211312 0.369325145781931 0.00124296541972474 0 151 255 255 
0.868343082412592 0.344682285097877 -0.213025367510469 0 151 255 255 
0.809016994374948 0.5 0.234314621148883 0 151 255 255 
0.829969450782645 0.445145756976846 0.275115207759492 0 151 255 255 
0.940092766378288 0.156839173793622 -0.0407271058165039 0 151 255 255 
0.862804035064222 0.359183699321207 -0.0715591510305464 0 151 255 255 
0.890391015131825 0.286960047857256 0.133088201865186 0 151 255 255 
0.882567525742292 0.307442208989677 0.108801521261646 0 151 255 255 
0.836920132439185 0.426948636155046 -0.041682498252467 0 151 255 255 
0.839601789403283 0.41992796707687 0.0357021188667675 0 151 255 255 
1 -2.38707340048218E-16 7.7967910981223E-20 0 151 255 255 
0.985678516332806 0.0374941310100398 0.0231726473428458 0 151 255 255 
0.809016994374948 0.5 -0.309016994374947 0 151 255 255 
0.809016994374947 0.5 0.309016994374948 0 151 255 255 

3 0 1 2 
3 3 4 5 
3 4 6 5 
3 7 8 3 
3 8 4 3 
3 9 10 11 
3 10 12 11 
3 13 14 12 
3 12 14 11 
3 15 9 11 
3 13 16 17 
3 16 18 17 
3 18 16 19 
3 14 13 17 
3 11 14 20 
3 14 21 20 
3 21 14 17 
3 15 11 20 
3 22 15 20 
3 19 4 8 
3 18 19 8 
3 17 18 23 
3 18 24 23 
3 24 18 8 
3 21 23 25 
3 21 17 23 
3 21 26 20 
3 26 21 25 
3 26 22 20 
3 22 26 27 
3 26 0 27 
3 0 26 25 
3 7 28 24 
3 8 7 24 
3 23 28 29 
3 24 28 23 
3 25 29 30 
3 0 25 30 
3 0 31 1 
3 31 0 30 
3 32 33 34 
3 33 2 1 
3 34 33 1 
3 31 34 1 
3 27 0 2 
3 29 25 23 
3 35 36 37 
3 38 35 37 
3 39 40 41 
3 42 41 40 
3 43 44 42 
3 45 46 47 
3 41 42 48 
3 42 44 48 
3 49 50 51 
3 52 49 51 
3 50 53 51 
3 52 54 43 
3 54 52 51 
3 54 44 43 
3 44 54 55 
3 54 56 55 
3 56 54 51 
3 44 55 57 
3 44 57 48 
3 55 45 57 
3 50 58 59 
3 53 59 60 
3 53 50 59 
3 53 60 61 
3 53 56 51 
3 56 53 61 
3 60 62 61 
3 56 61 46 
3 55 56 46 
3 61 63 46 
3 45 47 64 
3 47 65 64 
3 62 63 61 
3 63 62 66 
3 63 66 67 
3 63 47 46 
3 47 63 67 
3 66 35 67 
3 65 47 67 
3 65 67 38 
3 67 35 38 
3 45 55 46 
3 68 69 70 
3 68 71 69 
3 72 70 73 
3 74 75 76 
3 75 77 76 
3 78 75 74 
3 73 78 74 
3 79 80 81 
3 82 83 84 
3 83 80 84 
3 72 68 70 
3 73 70 78 
3 75 78 85 
3 78 86 85 
3 68 87 71 
3 87 83 71 
3 86 69 88 
3 71 89 69 
3 69 89 88 
3 90 88 91 
3 88 92 91 
3 70 86 78 
3 86 70 69 
3 86 90 85 
3 90 86 88 
3 81 93 79 
3 81 80 94 
3 83 87 94 
3 79 84 80 
3 95 82 96 
3 80 83 94 
3 83 95 71 
3 95 83 82 
3 95 96 97 
3 95 89 71 
3 89 95 97 
3 92 97 98 
3 96 99 97 
3 97 99 98 
3 98 100 101 
3 89 92 88 
3 92 89 97 
3 92 98 102 
3 91 92 102 
3 98 101 102 
3 99 100 98 
3 101 100 103 
3 104 105 106 
3 107 108 109 
3 110 111 112 
3 111 113 114 
3 115 116 117 
3 118 119 116 
3 120 121 122 
3 123 115 117 
3 124 123 117 
3 125 126 127 
3 128 129 130 
3 131 132 109 
3 104 133 108 
3 134 104 106 
3 135 136 131 
3 137 138 139 
3 105 110 112 
3 119 140 117 
3 140 138 137 
3 135 120 136 
3 119 117 116 
3 141 142 120 
3 143 141 120 
3 143 144 141 
3 105 112 106 
3 143 145 144 
3 135 143 120 
3 136 120 122 
3 146 136 122 
3 134 133 104 
3 119 138 140 
3 146 132 136 
3 109 133 147 
3 133 125 147 
3 145 109 147 
3 139 145 147 
3 148 139 147 
3 125 148 147 
3 149 112 128 
3 125 133 134 
3 130 126 149 
3 112 129 128 
3 107 109 132 
3 149 134 106 
3 138 150 139 
3 124 140 137 
3 149 125 134 
3 122 151 146 
3 135 131 109 
3 135 109 143 
3 121 120 142 
3 139 148 124 
3 148 125 127 
3 126 152 127 
3 152 126 130 
3 126 125 149 
3 145 153 144 
3 129 152 130 
3 149 128 130 
3 137 139 124 
3 145 139 153 
3 112 149 106 
3 133 109 108 
3 123 124 154 
3 124 148 154 
3 150 153 139 
3 114 129 112 
3 109 145 143 
3 148 127 154 
3 140 124 117 
3 144 142 141 
3 136 132 131 
3 112 111 114 
3 155 156 157 
3 157 158 159 
3 160 161 162 
3 163 164 165 
3 166 167 168 
3 169 163 165 
3 169 170 171 
3 172 173 174 
3 174 175 176 
3 177 178 179 
3 167 158 168 
3 158 177 168 
3 161 168 162 
3 168 180 162 
3 162 173 160 
3 173 172 181 
3 173 175 174 
3 158 167 159 
3 182 183 179 
3 183 171 179 
3 177 180 168 
3 162 180 184 
3 180 170 184 
3 175 185 176 
3 175 184 185 
3 175 162 184 
3 184 186 185 
3 171 177 179 
3 177 158 178 
3 156 182 178 
3 158 156 178 
3 161 166 168 
3 170 187 171 
3 187 177 171 
3 170 186 184 
3 186 170 188 
3 170 189 188 
3 189 170 169 
3 190 163 169 
3 189 169 165 
3 178 182 179 
3 190 169 171 
3 170 180 187 
3 180 177 187 
3 166 161 160 
3 175 173 162 
3 156 158 157 
3 183 190 171 
3 172 191 181 
3 192 165 164 
3 193 194 195 
3 196 197 198 
3 199 193 195 
3 200 201 202 
3 203 204 205 
3 200 206 201 
3 204 207 205 
3 202 201 205 
3 196 208 197 
3 206 200 209 
3 207 210 202 
3 210 211 212 
3 212 213 214 
3 214 215 216 
3 216 217 218 
3 211 210 207 
3 203 219 204 
3 211 204 220 
3 204 193 220 
3 213 220 221 
3 220 222 221 
3 215 221 223 
3 221 224 223 
3 204 211 207 
3 211 213 212 
3 213 211 220 
3 213 215 214 
3 215 213 221 
3 215 217 216 
3 217 215 223 
3 222 199 225 
3 199 226 225 
3 219 193 204 
3 193 219 194 
3 193 222 220 
3 222 193 199 
3 222 224 221 
3 224 222 225 
3 199 198 226 
3 198 197 226 
3 195 227 198 
3 199 195 198 
3 194 227 195 
3 227 196 198 
3 201 206 205 
3 206 203 205 
3 207 202 205 
3 228 229 230 
3 231 232 233 
3 234 235 236 
3 232 231 237 
3 238 239 240 
3 241 242 243 
3 244 245 246 
3 247 248 249 
3 250 234 236 
3 251 252 253 
3 254 255 237 
3 256 257 235 
3 258 238 240 
3 256 255 245 
3 257 244 236 
3 257 245 244 
3 257 256 245 
3 229 250 230 
3 244 230 236 
3 230 250 236 
3 230 244 248 
3 247 228 230 
3 241 259 242 
3 255 232 237 
3 254 259 241 
3 245 254 241 
3 248 244 260 
3 241 260 246 
3 245 241 246 
3 260 244 246 
3 241 243 260 
3 248 247 230 
3 248 261 249 
3 261 248 260 
3 262 247 249 
3 261 262 249 
3 229 228 251 
3 254 237 263 
3 237 231 263 
3 259 254 263 
3 261 238 264 
3 242 265 243 
3 243 261 260 
3 261 243 238 
3 266 243 265 
3 243 266 238 
3 262 261 264 
3 238 266 239 
3 238 258 264 
3 239 267 268 
3 255 254 245 
3 235 257 236 
3 239 268 240 
3 269 231 233 
3 253 229 251 
3 270 271 272 
3 273 274 275 
3 276 277 278 
3 279 280 281 
3 276 282 283 
3 284 285 286 
3 284 287 270 
3 283 282 288 
3 289 279 275 
3 290 291 292 
3 293 289 294 
3 280 295 281 
3 272 284 270 
3 294 296 297 
3 274 298 299 
3 288 300 301 
3 302 289 293 
3 283 277 276 
3 303 276 278 
3 292 303 304 
3 296 294 305 
3 289 275 306 
3 305 294 306 
3 307 281 295 
3 307 295 278 
3 302 303 278 
3 289 302 295 
3 290 292 304 
3 299 308 309 
3 273 275 279 
3 310 311 312 
3 270 313 271 
3 277 307 278 
3 298 314 308 
3 297 315 316 
3 317 311 318 
3 309 305 299 
3 280 289 295 
3 287 302 293 
3 282 300 288 
3 319 311 320 
3 271 319 320 
3 311 317 320 
3 317 271 320 
3 271 313 319 
3 313 312 319 
3 311 319 312 
3 282 321 300 
3 316 293 294 
3 297 316 294 
3 282 303 321 
3 292 291 321 
3 303 292 321 
3 291 300 321 
3 316 287 293 
3 286 290 304 
3 302 286 304 
3 303 302 304 
3 276 303 282 
3 295 302 278 
3 313 270 315 
3 316 315 270 
3 322 313 315 
3 272 323 284 
3 323 285 284 
3 285 290 286 
3 311 310 318 
3 310 324 318 
3 275 274 305 
3 279 281 273 
3 302 287 286 
3 297 322 315 
3 305 274 299 
3 279 289 280 
3 286 287 284 
3 298 308 299 
3 281 325 273 
3 287 316 270 
3 317 323 272 
3 317 272 271 
3 313 322 312 
3 322 310 312 
3 309 296 305 
3 326 298 274 
3 273 326 274 
3 325 326 273 
3 289 306 294 
3 275 305 306 
3 327 328 329 
3 330 331 332 
3 333 334 335 
3 332 336 337 
3 338 327 339 
3 336 335 340 
3 341 342 343 
3 344 338 339 
3 345 346 341 
3 335 342 346 
3 347 346 348 
3 347 335 346 
3 342 335 334 
3 349 347 348 
3 340 347 350 
3 351 350 352 
3 335 347 340 
3 336 333 335 
3 330 332 337 
3 336 332 353 
3 354 355 331 
3 328 327 356 
3 357 354 331 
3 354 358 355 
3 359 360 358 
3 347 349 350 
3 351 340 350 
3 361 327 329 
3 346 345 348 
3 362 331 355 
3 341 346 342 
3 343 342 363 
3 364 343 363 
3 351 338 344 
3 365 328 366 
3 332 331 362 
3 360 362 355 
3 330 367 357 
3 330 357 331 
3 368 369 356 
3 351 368 356 
3 327 351 356 
3 337 340 344 
3 330 337 344 
3 340 351 344 
3 361 367 339 
3 367 330 339 
3 327 361 339 
3 328 356 366 
3 351 352 368 
3 369 366 356 
3 351 327 338 
3 339 330 344 
3 336 353 333 
3 336 340 337 
3 358 360 355 
3 350 349 352 
3 362 353 332 
3 370 371 372 
3 373 374 375 
3 376 377 378 
3 376 378 379 
3 370 380 381 
3 382 383 384 
3 385 380 386 
3 371 370 381 
3 370 387 380 
3 387 370 388 
3 387 389 380 
3 380 389 386 
3 388 390 387 
3 391 392 390 
3 389 387 393 
3 392 393 387 
3 389 394 395 
3 389 396 386 
3 394 389 393 
3 397 396 395 
3 398 375 399 
3 374 373 379 
3 400 391 379 
3 394 401 402 
3 402 397 395 
3 401 382 402 
3 382 397 402 
3 377 403 378 
3 378 400 379 
3 404 397 382 
3 383 382 401 
3 405 384 383 
3 406 405 401 
3 407 404 382 
3 408 407 382 
3 373 376 379 
3 374 379 409 
3 394 402 395 
3 371 410 372 
3 380 385 381 
3 393 411 412 
3 411 400 412 
3 394 393 412 
3 413 401 414 
3 403 406 413 
3 400 403 413 
3 406 401 413 
3 412 400 413 
3 401 405 383 
3 412 413 414 
3 401 394 414 
3 400 392 391 
3 375 374 399 
3 382 384 408 
3 391 409 379 
3 403 400 378 
3 392 400 411 
3 393 392 411 
3 390 392 387 
3 396 389 395 
3 394 412 414 
3 415 416 417 
3 417 418 419 
3 420 421 422 
3 417 419 421 
3 423 424 425 
3 416 426 427 
3 424 423 428 
3 423 429 428 
3 424 428 415 
3 426 416 430 
3 416 415 430 
3 426 430 431 
3 429 432 428 
3 428 433 415 
3 415 434 430 
3 430 435 431 
3 432 436 437 
3 436 432 429 
3 436 438 437 
3 433 432 439 
3 432 433 428 
3 432 437 439 
3 434 433 440 
3 433 434 415 
3 433 439 440 
3 435 434 441 
3 434 435 430 
3 434 440 441 
3 442 435 443 
3 435 442 431 
3 435 441 443 
3 442 443 444 
3 421 419 422 
3 424 415 417 
3 445 417 421 
3 416 418 417 
3 445 424 417 
3 418 416 427 
3 424 445 425 
3 446 447 448 
3 449 448 450 
3 451 452 453 
3 454 455 456 
3 457 458 446 
3 459 460 461 
3 462 463 464 
3 465 466 450 
3 452 467 454 
3 468 458 457 
3 468 469 460 
3 470 448 447 
3 471 472 473 
3 470 474 473 
3 475 451 476 
3 458 474 447 
3 477 475 476 
3 451 453 476 
3 478 479 480 
3 465 481 482 
3 483 449 466 
3 449 450 466 
3 483 466 482 
3 484 462 464 
3 485 486 487 
3 486 488 487 
3 489 488 486 
3 490 489 486 
3 488 489 491 
3 492 488 491 
3 493 494 491 
3 492 494 495 
3 487 482 481 
3 484 496 462 
3 478 480 454 
3 488 497 461 
3 456 498 478 
3 499 490 462 
3 495 500 492 
3 483 488 461 
3 497 455 461 
3 467 460 459 
3 472 470 473 
3 493 491 499 
3 497 456 455 
3 469 468 457 
3 489 490 499 
3 465 450 501 
3 449 469 457 
3 492 500 456 
3 491 489 499 
3 502 463 462 
3 490 502 462 
3 485 502 490 
3 454 456 478 
3 467 459 454 
3 485 490 486 
3 479 477 453 
3 448 470 503 
3 450 448 503 
3 470 501 503 
3 501 450 503 
3 449 457 446 
3 483 469 449 
3 467 468 460 
3 496 493 499 
3 474 470 447 
3 458 447 446 
3 449 446 448 
3 469 461 460 
3 455 459 461 
3 479 453 480 
3 453 452 480 
3 498 456 500 
3 485 487 481 
3 495 498 500 
3 494 492 491 
3 453 477 476 
3 501 470 472 
3 497 488 492 
3 483 461 469 
3 480 452 454 
3 487 483 482 
3 496 499 462 
3 504 484 464 
3 463 504 464 
3 456 497 492 
3 474 471 473 
3 466 465 482 
3 488 483 487 
3 498 479 478 
3 459 455 454 
3 451 467 452 
3 505 506 507 
3 508 509 510 
3 511 512 513 
3 514 515 516 
3 515 514 517 
3 516 518 519 
3 520 521 505 
3 522 523 510 
3 523 508 510 
3 524 513 525 
3 526 527 528 
3 527 517 528 
3 515 527 529 
3 527 515 517 
3 527 530 529 
3 530 527 526 
3 516 515 531 
3 515 529 531 
3 518 516 531 
3 526 532 533 
3 530 526 533 
3 529 530 534 
3 530 535 534 
3 535 530 533 
3 529 536 531 
3 536 529 534 
3 536 537 506 
3 536 521 531 
3 537 536 534 
3 521 520 538 
3 534 535 539 
3 537 534 539 
3 537 524 525 
3 524 537 539 
3 513 512 525 
3 524 511 513 
3 507 506 537 
3 540 512 511 
3 541 532 542 
3 532 543 542 
3 532 526 543 
3 526 528 543 
3 505 521 506 
3 536 506 521 
3 544 545 518 
3 531 521 518 
3 521 538 518 
3 508 545 509 
3 538 544 518 
3 544 509 545 
3 508 518 545 
3 525 507 537 
3 518 508 519 
3 546 547 548 
3 549 550 551 
3 550 552 551 
3 552 550 553 
3 549 551 554 
3 555 556 557 
3 546 558 559 
3 559 560 546 
3 547 560 561 
3 560 547 546 
3 552 547 562 
3 547 552 553 
3 547 561 562 
3 552 563 551 
3 551 564 554 
3 565 566 554 
3 564 563 567 
3 563 564 551 
3 563 562 568 
3 563 568 567 
3 567 568 569 
3 561 570 562 
3 568 571 569 
3 572 567 569 
3 571 557 569 
3 572 569 557 
3 571 573 557 
3 574 573 571 
3 556 575 557 
3 575 572 557 
3 567 572 576 
3 570 571 568 
3 552 562 563 
3 562 570 568 
3 573 555 557 
3 577 559 558 
3 571 570 574 
3 578 579 576 
3 564 567 579 
3 566 565 580 
3 567 576 579 
3 578 580 565 
3 581 556 555 
3 547 553 548 
3 548 558 546 
3 579 578 565 
3 564 579 565 
3 554 564 565 
3 582 566 580 
3 583 584 585 
3 586 587 588 
3 587 589 588 
3 587 590 591 
3 591 585 589 
3 592 593 594 
3 593 592 590 
3 593 595 594 
3 590 592 591 
3 583 592 596 
3 592 583 591 
3 592 594 596 
3 583 585 591 
3 597 598 599 
3 597 600 595 
3 600 597 599 
3 595 600 594 
3 601 600 602 
3 600 601 594 
3 600 599 602 
3 594 601 596 
3 596 601 603 
3 601 604 603 
3 604 601 602 
3 605 603 606 
3 599 607 602 
3 607 608 602 
3 604 608 609 
3 608 604 602 
3 610 604 609 
3 604 610 603 
3 603 610 606 
3 610 609 611 
3 612 611 613 
3 605 584 583 
3 583 596 605 
3 611 612 614 
3 606 610 614 
3 610 611 614 
3 603 605 596 
3 587 591 589 
3 613 615 612 
3 616 617 618 
3 619 620 616 
3 621 622 623 
3 624 625 626 
3 627 624 628 
3 629 630 631 
3 632 629 631 
3 624 626 633 
3 629 627 628 
3 634 630 628 
3 630 629 628 
3 635 634 628 
3 624 635 628 
3 636 635 637 
3 638 636 637 
3 635 624 637 
3 639 633 640 
3 641 635 636 
3 635 641 634 
3 642 643 644 
3 630 634 643 
3 645 643 642 
3 646 647 648 
3 637 624 633 
3 649 650 651 
3 652 634 641 
3 632 653 654 
3 619 655 654 
3 632 654 655 
3 620 619 654 
3 653 620 654 
3 656 640 657 
3 658 656 657 
3 633 626 657 
3 626 658 657 
3 640 633 657 
3 658 626 625 
3 624 627 625 
3 625 627 649 
3 639 622 621 
3 659 621 623 
3 660 661 662 
3 619 616 655 
3 653 632 631 
3 640 656 622 
3 650 655 651 
3 618 649 651 
3 663 664 645 
3 664 630 645 
3 629 655 650 
3 655 616 651 
3 627 629 650 
3 622 639 640 
3 645 660 662 
3 663 645 662 
3 639 638 637 
3 616 618 651 
3 639 637 633 
3 620 646 616 
3 656 623 622 
3 648 617 616 
3 665 652 641 
3 666 638 639 
3 666 639 621 
3 616 646 648 
3 629 632 655 
3 634 652 643 
3 645 630 643 
3 627 650 649 
3 652 665 644 
3 642 660 645 
3 630 664 631 
3 643 652 644 
3 667 668 669 
3 667 670 671 
3 672 673 674 
3 675 676 677 
3 678 675 677 
3 675 678 679 
3 678 677 680 
3 674 681 682 
3 683 684 668 
3 685 678 680 
3 679 678 686 
3 678 687 686 
3 687 678 685 
3 688 679 686 
3 688 689 690 
3 689 688 686 
3 687 685 691 
3 686 687 692 
3 687 693 692 
3 693 687 691 
3 689 686 692 
3 690 689 667 
3 689 670 667 
3 670 689 692 
3 669 690 667 
3 671 683 668 
3 693 691 694 
3 692 693 695 
3 693 681 695 
3 681 693 694 
3 670 692 695 
3 670 696 697 
3 696 670 695 
3 697 683 671 
3 667 671 668 
3 670 697 671 
3 681 694 682 
3 673 681 674 
3 695 681 698 
3 681 673 698 
3 696 695 698 
3 699 700 701 
3 702 703 704 
3 705 706 707 
3 708 709 710 
3 711 700 699 
3 708 712 713 
3 712 714 713 
3 709 715 716 
3 715 717 716 
3 718 719 712 
3 710 718 712 
3 720 718 710 
3 716 721 722 
3 709 708 715 
3 723 721 724 
3 725 723 724 
3 717 725 724 
3 725 726 727 
3 728 720 722 
3 721 728 722 
3 722 720 709 
3 729 720 728 
3 721 729 728 
3 704 714 730 
3 714 719 730 
3 719 731 730 
3 719 714 712 
3 704 713 714 
3 719 720 731 
3 720 732 731 
3 717 724 716 
3 733 734 735 
3 732 733 735 
3 701 736 699 
3 723 727 737 
3 721 723 738 
3 723 739 738 
3 729 721 738 
3 720 719 718 
3 738 701 700 
3 729 738 700 
3 720 729 733 
3 729 700 733 
3 720 733 732 
3 711 705 700 
3 720 710 709 
3 704 730 702 
3 740 711 741 
3 700 705 733 
3 733 705 734 
3 705 707 734 
3 723 725 727 
3 705 711 706 
3 708 710 712 
3 724 721 716 
3 742 740 741 
3 739 736 738 
3 736 701 738 
3 709 716 722 
3 739 723 737 
3 711 740 706 
3 743 744 745 
3 746 747 748 
3 749 744 743 
3 750 751 752 
3 749 743 752 
3 753 744 751 
3 754 746 755 
3 751 744 749 
3 754 756 757 
3 746 754 757 
3 758 746 757 
3 759 758 760 
3 744 759 760 
3 744 760 745 
3 761 745 762 
3 763 758 759 
3 744 763 759 
3 764 754 755 
3 751 749 752 
3 752 743 761 
3 765 744 753 
3 753 751 750 
3 766 767 768 
3 769 770 771 
3 772 750 752 
3 773 774 771 
3 774 773 775 
3 770 773 771 
3 761 772 752 
3 773 768 775 
3 769 776 777 
3 771 774 778 
3 776 771 778 
3 774 779 778 
3 776 769 771 
3 768 767 775 
3 774 775 780 
3 779 774 780 
3 775 763 780 
3 780 765 781 
3 779 780 781 
3 780 744 765 
3 747 782 766 
3 775 767 782 
3 763 775 782 
3 747 746 782 
3 763 744 780 
3 758 763 782 
3 783 784 785 
3 786 754 764 
3 746 758 782 
3 762 745 787 
3 756 762 787 
3 772 785 750 
3 750 785 784 
3 745 758 787 
3 757 756 787 
3 753 750 784 
3 755 746 748 
3 745 761 743 
3 783 785 788 
3 758 757 787 
3 758 745 760 
3 782 767 766 
3 789 790 791 
3 790 789 792 
3 793 794 795 
3 796 797 798 
3 797 799 798 
3 800 801 798 
3 799 800 798 
3 791 802 803 
3 804 805 806 
3 805 807 806 
3 800 804 806 
3 808 809 810 
3 811 812 813 
3 814 811 813 
3 814 813 815 
3 815 804 816 
3 804 817 805 
3 805 817 818 
3 804 800 816 
3 819 804 815 
3 819 815 813 
3 820 821 822 
3 823 824 825 
3 797 826 799 
3 827 828 829 
3 830 793 795 
3 812 811 831 
3 811 832 831 
3 833 834 818 
3 819 813 831 
3 800 835 801 
3 795 836 834 
3 806 807 837 
3 838 839 840 
3 830 795 808 
3 833 795 834 
3 825 841 842 
3 826 815 816 
3 791 803 843 
3 789 841 792 
3 807 805 844 
3 832 838 840 
3 845 793 846 
3 827 829 834 
3 804 819 824 
3 828 844 847 
3 818 834 847 
3 836 827 834 
3 825 820 822 
3 839 791 840 
3 805 818 847 
3 833 817 809 
3 822 821 808 
3 809 817 810 
3 819 848 825 
3 821 830 808 
3 791 839 802 
3 831 840 790 
3 831 790 792 
3 849 796 801 
3 796 798 801 
3 837 850 835 
3 808 833 809 
3 817 804 824 
3 817 824 823 
3 801 850 851 
3 830 846 793 
3 800 799 816 
3 799 826 816 
3 805 847 844 
3 831 792 848 
3 792 841 825 
3 848 792 825 
3 841 820 842 
3 819 831 848 
3 836 794 827 
3 791 790 840 
3 843 789 791 
3 843 841 789 
3 824 819 825 
3 817 833 818 
3 817 823 810 
3 847 834 829 
3 828 847 829 
3 826 814 815 
3 831 832 840 
3 795 833 808 
3 794 852 827 
3 835 800 806 
3 823 822 810 
3 835 806 837 
3 823 825 822 
3 836 795 794 
3 801 835 850 
3 852 794 793 
3 820 825 842 
3 810 822 808 
3 851 849 801 
3 813 812 831 
3 853 854 855 
3 856 857 858 
3 859 856 858 
3 860 861 862 
3 863 860 864 
3 853 858 854 
3 865 855 866 
3 855 854 866 
3 867 865 866 
3 865 867 868 
3 854 869 866 
3 870 868 871 
3 868 867 871 
3 872 870 873 
3 870 874 873 
3 867 866 875 
3 869 876 875 
3 866 869 875 
3 876 877 875 
3 878 867 875 
3 867 878 871 
3 864 876 879 
3 880 881 878 
3 881 871 878 
3 877 876 882 
3 876 864 882 
3 877 878 875 
3 878 877 880 
3 883 877 882 
3 877 883 880 
3 884 864 862 
3 858 857 854 
3 864 884 882 
3 885 864 879 
3 879 869 886 
3 871 881 874 
3 870 871 874 
3 887 888 889 
3 890 891 879 
3 891 885 879 
3 876 869 879 
3 863 861 860 
3 862 864 860 
3 885 863 864 
3 861 888 862 
3 892 890 886 
3 857 892 886 
3 854 857 886 
3 892 891 890 
3 893 856 859 
3 869 854 886 
3 889 888 861 
3 890 879 886 
3 894 895 896 
3 897 898 899 
3 894 900 901 
3 902 903 904 
3 905 906 907 
3 908 896 895 
3 909 910 898 
3 909 898 897 
3 911 903 912 
3 903 911 904 
3 913 902 904 
3 914 902 913 
3 902 914 915 
3 916 915 914 
3 917 918 915 
3 919 911 912 
3 904 911 920 
3 911 900 920 
3 921 922 910 
3 910 903 923 
3 912 903 910 
3 896 924 894 
3 901 895 894 
3 897 899 906 
3 898 922 899 
3 912 910 909 
3 905 925 926 
3 919 900 911 
3 900 919 927 
3 919 912 926 
3 928 919 926 
3 919 928 927 
3 900 924 920 
3 924 900 894 
3 926 912 909 
3 900 927 901 
3 925 928 926 
3 917 916 929 
3 906 930 907 
3 917 915 916 
3 918 931 915 
3 931 902 915 
3 923 902 931 
3 921 910 931 
3 918 921 931 
3 910 923 931 
3 905 926 932 
3 926 909 932 
3 909 897 932 
3 897 905 932 
3 910 922 898 
3 903 902 923 
3 917 929 933 
3 905 897 906 
3 934 935 936 
3 937 938 939 
3 938 934 939 
3 940 941 942 
3 935 943 936 
3 942 944 940 
3 938 935 934 
3 945 946 947 
3 946 948 947 
3 947 949 945 
3 950 949 937 
3 949 950 945 
3 939 950 937 
3 950 939 941 
3 951 950 941 
3 950 951 945 
3 941 939 952 
3 942 941 952 
3 953 948 954 
3 946 955 954 
3 948 946 954 
3 955 946 956 
3 957 955 956 
3 951 946 945 
3 946 951 956 
3 956 951 940 
3 951 941 940 
3 958 956 940 
3 958 957 956 
3 957 958 959 
3 959 958 960 
3 961 959 960 
3 962 958 940 
3 958 962 960 
3 944 963 962 
3 963 960 962 
3 961 960 964 
3 965 961 966 
3 961 964 966 
3 952 939 967 
3 939 934 967 
3 934 936 967 
3 944 962 940 
3 960 963 964 
3 968 969 970 
3 971 972 973 
3 974 975 976 
3 977 978 979 
3 980 981 982 
3 978 983 979 
3 984 985 986 
3 975 987 976 
3 988 984 989 
3 988 971 973 
3 990 987 991 
3 992 993 994 
3 995 996 994 
3 997 992 996 
3 998 995 994 
3 993 998 994 
3 999 1000 1001 
3 1002 974 979 
3 974 977 979 
3 987 975 991 
3 990 972 987 
3 972 971 987 
3 987 971 976 
3 974 976 977 
3 976 971 1003 
3 982 1004 980 
3 995 998 1005 
3 977 976 1003 
3 988 1003 971 
3 1006 988 973 
3 988 1006 984 
3 1003 988 989 
3 1007 1003 989 
3 1008 1004 1009 
3 1010 984 986 
3 997 996 1011 
3 978 1007 1012 
3 1003 1007 978 
3 997 1007 989 
3 984 1001 989 
3 1012 1007 1011 
3 1001 997 989 
3 997 1001 1000 
3 993 992 1000 
3 1013 981 1010 
3 981 999 1010 
3 999 1001 1010 
3 1001 984 1010 
3 1013 1010 986 
3 996 995 1005 
3 1007 997 1011 
3 968 1014 969 
3 996 1014 1011 
3 1005 1015 970 
3 969 996 1005 
3 980 1004 1008 
3 1013 986 982 
3 1014 1012 1011 
3 992 997 1000 
3 1002 975 974 
3 991 975 1016 
3 982 986 1017 
3 986 985 1017 
3 998 1015 1005 
3 1002 1016 975 
3 969 1005 970 
3 985 984 1006 
3 1018 991 1016 
3 1019 970 1015 
3 981 1013 982 
3 1014 996 969 
3 1003 978 977 
3 992 994 996 
3 983 1002 979 
3 1020 1021 1022 
3 1023 1024 1025 
3 1026 1020 1022 
3 1027 1028 1029 
3 1030 1031 1032 
3 1033 1032 1031 
3 1023 1034 1035 
3 1036 1024 1023 
3 1035 1036 1023 
3 1037 1023 1025 
3 1037 1034 1023 
3 1038 1024 1036 
3 1035 1038 1036 
3 1039 1020 1026 
3 1029 1040 1027 
3 1041 1042 1043 
3 1044 1041 1043 
3 1045 1030 1046 
3 1035 1034 1047 
3 1025 1024 1048 
3 1048 1037 1025 
3 1049 1046 1044 
3 1050 1027 1034 
3 1040 1047 1034 
3 1050 1034 1037 
3 1051 1032 1033 
3 1042 1041 1035 
3 1038 1041 1030 
3 1044 1046 1041 
3 1041 1046 1030 
3 1042 1035 1047 
3 1038 1035 1041 
3 1038 1030 1051 
3 1024 1038 1051 
3 1021 1051 1033 
3 1020 1051 1021 
3 1030 1032 1051 
3 1020 1024 1051 
3 1052 1024 1053 
3 1024 1052 1048 
3 1020 1039 1053 
3 1039 1052 1053 
3 1024 1020 1053 
3 1027 1040 1034 
3 1054 1046 1049 
3 1055 1056 1057 
3 1045 1046 1054 
3 1045 1057 1056 
3 1030 1045 1031 
3 1039 1026 1058 
3 1059 1039 1058 
3 1057 1045 1054 
3 1060 1061 1062 
3 1061 1063 1062 
3 1064 1065 1066 
3 1067 1068 1069 
3 1063 1070 1062 
3 1065 1071 1066 
3 1069 1068 1064 
3 1068 1065 1064 
3 1072 1060 1062 
3 1061 1073 1063 
3 1074 1072 1062 
3 1073 1075 1063 
3 1070 1074 1062 
3 1063 1076 1070 
3 1077 1074 1070 
3 1069 1064 1066 
3 1078 1079 1080 
3 1078 1075 1073 
3 1075 1078 1080 
3 1079 1081 1080 
3 1075 1080 1082 
3 1075 1076 1063 
3 1076 1075 1082 
3 1080 1083 1082 
3 1076 1082 1084 
3 1076 1085 1077 
3 1085 1076 1084 
3 1082 1086 1084 
3 1085 1084 1087 
3 1084 1065 1087 
3 1088 1089 1090 
3 1088 1081 1079 
3 1081 1088 1090 
3 1081 1090 1091 
3 1081 1083 1080 
3 1083 1081 1091 
3 1083 1091 1092 
3 1083 1086 1082 
3 1086 1083 1092 
3 1086 1092 1071 
3 1086 1065 1084 
3 1065 1086 1071 
3 1065 1068 1087 
3 1076 1077 1070 
3 1093 1094 1095 
3 1096 1097 1098 
3 1099 1100 1101 
3 1098 1102 1096 
3 1103 1104 1095 
3 1105 1106 1099 
3 1107 1108 1109 
3 1110 1111 1097 
3 1112 1107 1113 
3 1114 1106 1113 
3 1106 1112 1113 
3 1107 1114 1113 
3 1115 1116 1095 
3 1104 1093 1095 
3 1117 1118 1119 
3 1120 1117 1119 
3 1118 1121 1119 
3 1121 1120 1119 
3 1122 1118 1111 
3 1111 1123 1097 
3 1124 1125 1126 
3 1105 1099 1101 
3 1107 1109 1127 
3 1128 1120 1126 
3 1123 1098 1097 
3 1116 1103 1095 
3 1128 1129 1099 
3 1130 1125 1124 
3 1094 1115 1095 
3 1125 1128 1126 
3 1121 1118 1122 
3 1117 1120 1128 
3 1129 1128 1125 
3 1118 1127 1111 
3 1118 1117 1114 
3 1127 1123 1111 
3 1127 1118 1114 
3 1106 1117 1128 
3 1114 1117 1106 
3 1100 1099 1129 
3 1123 1127 1131 
3 1127 1114 1107 
3 1109 1131 1127 
3 1132 1112 1105 
3 1106 1105 1112 
3 1101 1132 1105 
3 1110 1122 1111 
3 1107 1115 1108 
3 1112 1116 1115 
3 1115 1107 1112 
3 1108 1115 1094 
3 1116 1112 1132 
3 1099 1106 1128 
3 1093 1104 1133 
3 1134 1135 1136 
3 1137 1138 1139 
3 1140 1141 1142 
3 1143 1144 1145 
3 1146 1147 1148 
3 1149 1150 1151 
3 1147 1140 1148 
3 1152 1141 1153 
3 1154 1155 1156 
3 1157 1144 1158 
3 1159 1160 1161 
3 1159 1162 1163 
3 1162 1159 1161 
3 1135 1164 1161 
3 1138 1161 1164 
3 1165 1157 1158 
3 1166 1134 1148 
3 1160 1151 1150 
3 1167 1166 1168 
3 1141 1169 1170 
3 1162 1171 1163 
3 1172 1173 1157 
3 1174 1175 1154 
3 1141 1170 1153 
3 1152 1153 1166 
3 1165 1176 1172 
3 1172 1176 1177 
3 1149 1178 1179 
3 1180 1136 1178 
3 1150 1149 1179 
3 1157 1173 1144 
3 1148 1140 1142 
3 1160 1159 1151 
3 1171 1181 1182 
3 1169 1141 1140 
3 1154 1156 1174 
3 1183 1184 1155 
3 1185 1183 1153 
3 1174 1156 1186 
3 1135 1150 1136 
3 1168 1174 1187 
3 1147 1169 1140 
3 1134 1166 1167 
3 1176 1146 1177 
3 1172 1157 1165 
3 1150 1179 1136 
3 1183 1155 1188 
3 1154 1153 1188 
3 1153 1183 1188 
3 1155 1154 1188 
3 1163 1189 1190 
3 1151 1163 1190 
3 1191 1151 1190 
3 1189 1191 1190 
3 1192 1174 1168 
3 1166 1192 1168 
3 1171 1189 1163 
3 1151 1159 1163 
3 1156 1155 1184 
3 1193 1156 1184 
3 1138 1164 1139 
3 1164 1167 1139 
3 1164 1135 1167 
3 1136 1180 1194 
3 1134 1136 1194 
3 1173 1134 1194 
3 1175 1153 1154 
3 1160 1135 1161 
3 1175 1174 1192 
3 1166 1175 1192 
3 1143 1145 1180 
3 1182 1191 1189 
3 1139 1167 1168 
3 1139 1168 1187 
3 1153 1175 1166 
3 1189 1171 1182 
3 1139 1187 1137 
3 1174 1137 1187 
3 1169 1185 1170 
3 1138 1162 1161 
3 1191 1149 1151 
3 1135 1160 1150 
3 1148 1134 1177 
3 1135 1134 1167 
3 1145 1173 1194 
3 1152 1166 1142 
3 1142 1141 1152 
3 1146 1148 1177 
3 1173 1172 1177 
3 1134 1173 1177 
3 1185 1153 1170 
3 1186 1137 1174 
3 1180 1145 1194 
3 1195 1158 1144 
3 1136 1179 1178 
3 1144 1173 1145 
3 1166 1148 1142 
3 1196 1197 1198 
3 1199 1200 1201 
3 1202 1200 1196 
3 1203 1204 1205 
3 1202 1201 1200 
3 1206 1207 1208 
3 1209 1210 1211 
3 1212 1213 1210 
3 1214 1215 1216 
3 1217 1218 1219 
3 1215 1218 1220 
3 1221 1222 1223 
3 1224 1225 1226 
3 1227 1217 1199 
3 1221 1202 1196 
3 1200 1197 1196 
3 1217 1200 1199 
3 1221 1223 1202 
3 1204 1214 1226 
3 1228 1204 1226 
3 1229 1228 1226 
3 1225 1229 1226 
3 1206 1219 1230 
3 1219 1215 1230 
3 1215 1214 1230 
3 1204 1203 1231 
3 1207 1206 1231 
3 1203 1207 1231 
3 1232 1229 1225 
3 1200 1206 1197 
3 1214 1233 1224 
3 1214 1204 1234 
3 1204 1231 1234 
3 1214 1234 1230 
3 1235 1220 1236 
3 1220 1213 1236 
3 1237 1238 1220 
3 1227 1218 1217 
3 1206 1200 1217 
3 1206 1217 1219 
3 1208 1198 1197 
3 1197 1206 1208 
3 1214 1216 1233 
3 1216 1239 1233 
3 1218 1227 1237 
3 1218 1215 1219 
3 1231 1230 1234 
3 1213 1211 1210 
3 1213 1220 1238 
3 1220 1235 1215 
3 1235 1236 1240 
3 1235 1239 1216 
3 1239 1235 1240 
3 1204 1228 1205 
3 1214 1224 1226 
3 1236 1241 1240 
3 1236 1213 1212 
3 1231 1206 1230 
3 1241 1236 1212 
3 1215 1235 1216 
3 1218 1237 1220 
3 1242 1243 1244 
3 1245 1246 1247 
3 1248 1249 1250 
3 1251 1252 1253 
3 1254 1255 1256 
3 1257 1258 1247 
3 1245 1259 1246 
3 1244 1260 1261 
3 1262 1263 1264 
3 1265 1252 1246 
3 1252 1266 1246 
3 1247 1266 1267 
3 1244 1268 1269 
3 1270 1271 1260 
3 1262 1272 1273 
3 1274 1275 1254 
3 1263 1262 1273 
3 1276 1263 1273 
3 1263 1276 1251 
3 1251 1277 1269 
3 1277 1244 1269 
3 1266 1247 1246 
3 1270 1260 1278 
3 1279 1244 1261 
3 1243 1278 1260 
3 1244 1279 1268 
3 1279 1280 1268 
3 1280 1266 1268 
3 1269 1268 1281 
3 1274 1254 1256 
3 1276 1274 1248 
3 1274 1276 1273 
3 1250 1276 1248 
3 1277 1250 1244 
3 1252 1251 1269 
3 1282 1271 1270 
3 1268 1266 1281 
3 1266 1252 1281 
3 1283 1270 1278 
3 1283 1282 1270 
3 1242 1250 1249 
3 1253 1252 1284 
3 1251 1250 1277 
3 1247 1258 1245 
3 1253 1284 1264 
3 1263 1251 1253 
3 1283 1285 1282 
3 1276 1250 1251 
3 1271 1261 1260 
3 1284 1252 1265 
3 1266 1280 1267 
3 1281 1252 1269 
3 1263 1253 1264 
3 1246 1259 1265 
3 1273 1272 1275 
3 1275 1274 1273 
3 1250 1242 1244 
3 1243 1260 1244 
3 1286 1287 1288 
3 1287 1289 1288 
3 1290 1291 1292 
3 1293 1294 1295 
3 1296 1294 1297 
3 1294 1296 1295 
3 1297 1298 1299 
3 1300 1301 1302 
3 1298 1301 1299 
3 1296 1297 1299 
3 1295 1296 1303 
3 1304 1296 1299 
3 1296 1304 1303 
3 1289 1300 1288 
3 1301 1300 1289 
3 1291 1289 1287 
3 1299 1301 1305 
3 1305 1301 1289 
3 1291 1290 1289 
3 1304 1299 1305 
3 1303 1304 1306 
3 1307 1304 1305 
3 1304 1307 1306 
3 1301 1298 1302 
3 1305 1290 1308 
3 1290 1309 1308 
3 1307 1305 1308 
3 1306 1307 1310 
3 1311 1307 1308 
3 1307 1311 1310 
3 1308 1309 1312 
3 1311 1308 1312 
3 1310 1311 1313 
3 1314 1311 1312 
3 1311 1314 1313 
3 1313 1314 1315 
3 1290 1305 1289 
3 1309 1290 1292 
3 1316 1317 1318 
3 1319 1320 1321 
3 1322 1323 1324 
3 1325 1316 1318 
3 1326 1327 1317 
3 1328 1329 1330 
3 1331 1318 1317 
3 1327 1326 1332 
3 1332 1326 1333 
3 1324 1334 1335 
3 1327 1330 1336 
3 1324 1337 1338 
3 1323 1337 1324 
3 1320 1325 1321 
3 1339 1340 1322 
3 1323 1322 1341 
3 1342 1323 1341 
3 1326 1317 1316 
3 1331 1327 1336 
3 1343 1344 1345 
3 1342 1346 1345 
3 1344 1342 1345 
3 1324 1347 1322 
3 1333 1326 1344 
3 1348 1349 1350 
3 1332 1328 1330 
3 1350 1351 1348 
3 1352 1351 1350 
3 1353 1354 1355 
3 1356 1357 1358 
3 1317 1327 1331 
3 1326 1342 1344 
3 1351 1353 1355 
3 1348 1351 1355 
3 1352 1359 1340 
3 1360 1336 1329 
3 1343 1333 1344 
3 1361 1319 1337 
3 1334 1324 1362 
3 1324 1338 1362 
3 1346 1342 1341 
3 1363 1334 1362 
3 1338 1363 1362 
3 1349 1348 1364 
3 1356 1349 1364 
3 1348 1357 1364 
3 1357 1356 1364 
3 1327 1332 1330 
3 1361 1342 1316 
3 1325 1361 1316 
3 1342 1326 1316 
3 1334 1365 1366 
3 1367 1335 1366 
3 1335 1334 1366 
3 1365 1367 1366 
3 1347 1339 1368 
3 1359 1346 1340 
3 1340 1341 1322 
3 1346 1341 1340 
3 1352 1369 1359 
3 1322 1347 1368 
3 1369 1356 1359 
3 1352 1350 1369 
3 1370 1358 1371 
3 1358 1372 1371 
3 1345 1370 1371 
3 1371 1372 1345 
3 1357 1348 1354 
3 1363 1365 1334 
3 1323 1342 1361 
3 1325 1320 1361 
3 1339 1352 1340 
3 1354 1348 1355 
3 1320 1319 1361 
3 1323 1361 1337 
3 1339 1322 1368 
3 1319 1363 1337 
3 1335 1347 1324 
3 1350 1349 1369 
3 1358 1370 1356 
3 1336 1330 1329 
3 1337 1363 1338 
3 1370 1346 1359 
3 1356 1370 1359 
3 1372 1343 1345 
3 1346 1370 1345 
3 1373 1336 1360 
3 1332 1333 1328 
3 1349 1356 1369 
3 1374 1375 1376 
3 1377 1378 1379 
3 1380 1381 1382 
3 1377 1383 1378 
3 1374 1384 1375 
3 1385 1386 1387 
3 1388 1386 1389 
3 1386 1388 1387 
3 1387 1388 1390 
3 1391 1388 1392 
3 1388 1391 1390 
3 1388 1389 1392 
3 1390 1391 1393 
3 1381 1391 1394 
3 1391 1381 1393 
3 1391 1392 1394 
3 1393 1381 1380 
3 1381 1394 1377 
3 1395 1379 1376 
3 1383 1374 1396 
3 1376 1379 1396 
3 1375 1395 1376 
3 1389 1397 1392 
3 1398 1397 1399 
3 1397 1398 1392 
3 1392 1398 1394 
3 1400 1398 1401 
3 1398 1400 1394 
3 1398 1399 1401 
3 1394 1400 1377 
3 1402 1400 1403 
3 1400 1402 1377 
3 1377 1402 1383 
3 1399 1404 1401 
3 1405 1401 1404 
3 1406 1407 1405 
3 1408 1401 1405 
3 1409 1408 1405 
3 1407 1409 1405 
3 1406 1405 1404 
3 1409 1403 1408 
3 1395 1382 1379 
3 1374 1376 1396 
3 1381 1379 1382 
3 1381 1377 1379 
3 1383 1396 1378 
3 1403 1400 1408 
3 1400 1401 1408 
3 1396 1379 1378 
3 1410 1411 1412 
3 1413 1414 1415 
3 1416 1417 1414 
3 1418 1417 1419 
3 1413 1416 1414 
3 1417 1416 1419 
3 1413 1420 1421 
3 1413 1421 1422 
3 1423 1422 1424 
3 1425 1422 1423 
3 1420 1426 1421 
3 1411 1426 1427 
3 1426 1411 1421 
3 1421 1428 1422 
3 1429 1425 1423 
3 1411 1430 1412 
3 1430 1411 1427 
3 1430 1431 1412 
3 1411 1428 1421 
3 1432 1428 1433 
3 1422 1428 1424 
3 1428 1432 1424 
3 1424 1434 1435 
3 1431 1436 1437 
3 1434 1438 1439 
3 1412 1440 1441 
3 1432 1434 1424 
3 1438 1432 1442 
3 1428 1411 1433 
3 1443 1441 1444 
3 1445 1438 1442 
3 1416 1422 1425 
3 1446 1447 1448 
3 1447 1446 1449 
3 1444 1445 1442 
3 1443 1444 1442 
3 1432 1443 1442 
3 1450 1448 1447 
3 1445 1451 1439 
3 1434 1432 1438 
3 1433 1411 1410 
3 1432 1433 1410 
3 1438 1445 1439 
3 1449 1435 1434 
3 1412 1441 1443 
3 1451 1447 1439 
3 1429 1423 1424 
3 1439 1447 1434 
3 1443 1410 1412 
3 1437 1440 1431 
3 1420 1413 1415 
3 1443 1432 1410 
3 1435 1429 1424 
3 1450 1447 1451 
3 1440 1412 1431 
3 1448 1450 1452 
3 1450 1453 1452 
3 1434 1447 1449 
3 1422 1416 1413 
3 1454 1455 1456 
3 1457 1458 1456 
3 1455 1459 1456 
3 1460 1459 1461 
3 1459 1462 1461 
3 1463 1460 1461 
3 1457 1459 1460 
3 1464 1463 1465 
3 1466 1460 1464 
3 1463 1464 1460 
3 1464 1465 1467 
3 1468 1466 1469 
3 1460 1466 1470 
3 1466 1464 1469 
3 1462 1463 1461 
3 1471 1472 1473 
3 1474 1475 1455 
3 1454 1476 1455 
3 1477 1478 1479 
3 1478 1480 1479 
3 1480 1478 1481 
3 1482 1477 1479 
3 1475 1477 1455 
3 1480 1482 1479 
3 1477 1482 1455 
3 1483 1484 1485 
3 1481 1486 1484 
3 1482 1480 1462 
3 1487 1480 1484 
3 1480 1487 1462 
3 1480 1481 1484 
3 1482 1462 1459 
3 1483 1487 1484 
3 1487 1483 1488 
3 1462 1487 1463 
3 1489 1463 1487 
3 1459 1457 1456 
3 1490 1483 1485 
3 1491 1490 1492 
3 1485 1492 1490 
3 1454 1456 1458 
3 1469 1472 1471 
3 1484 1486 1485 
3 1493 1494 1495 
3 1494 1474 1495 
3 1465 1463 1489 
3 1482 1459 1455 
3 1468 1469 1471 
3 1476 1474 1455 
3 1467 1472 1469 
3 1488 1489 1487 
3 1474 1494 1475 
3 1460 1470 1457 
3 1457 1470 1496 
3 1458 1457 1496 
3 1464 1467 1469 
3 1497 1498 1499 
3 1500 1501 1502 
3 1499 1498 1502 
3 1503 1504 1505 
3 1500 1502 1506 
3 1507 1504 1508 
3 1509 1510 1511 
3 1512 1513 1511 
3 1514 1503 1515 
3 1516 1513 1517 
3 1514 1516 1517 
3 1518 1519 1520 
3 1521 1515 1522 
3 1504 1503 1508 
3 1523 1524 1505 
3 1506 1497 1525 
3 1510 1512 1511 
3 1519 1526 1527 
3 1516 1528 1529 
3 1530 1527 1531 
3 1529 1532 1533 
3 1511 1529 1533 
3 1532 1509 1533 
3 1509 1511 1533 
3 1534 1535 1536 
3 1530 1531 1534 
3 1537 1515 1538 
3 1520 1507 1508 
3 1505 1539 1523 
3 1503 1505 1525 
3 1497 1503 1525 
3 1505 1524 1525 
3 1498 1540 1502 
3 1508 1541 1520 
3 1527 1542 1507 
3 1542 1504 1507 
3 1519 1527 1507 
3 1519 1507 1520 
3 1508 1514 1541 
3 1518 1541 1543 
3 1536 1535 1544 
3 1545 1536 1544 
3 1527 1530 1542 
3 1513 1512 1517 
3 1530 1504 1542 
3 1510 1509 1546 
3 1547 1510 1546 
3 1506 1540 1497 
3 1513 1529 1511 
3 1517 1512 1543 
3 1541 1517 1543 
3 1512 1518 1543 
3 1548 1549 1550 
3 1549 1551 1550 
3 1552 1537 1538 
3 1506 1525 1553 
3 1554 1552 1538 
3 1504 1551 1539 
3 1505 1504 1539 
3 1530 1551 1504 
3 1537 1514 1515 
3 1516 1514 1537 
3 1541 1514 1517 
3 1552 1532 1528 
3 1549 1523 1551 
3 1539 1551 1523 
3 1537 1552 1528 
3 1548 1534 1536 
3 1509 1532 1546 
3 1535 1531 1555 
3 1516 1537 1528 
3 1515 1503 1522 
3 1503 1497 1522 
3 1548 1550 1534 
3 1515 1521 1554 
3 1538 1515 1554 
3 1526 1531 1527 
3 1540 1498 1497 
3 1503 1514 1508 
3 1499 1521 1522 
3 1497 1499 1522 
3 1535 1555 1544 
3 1535 1534 1531 
3 1540 1506 1502 
3 1529 1513 1516 
3 1550 1551 1534 
3 1541 1518 1520 
3 1526 1555 1531 
3 1528 1532 1529 
3 1551 1530 1534 
3 1525 1524 1553 
3 1556 1557 1558 
3 1559 1560 1561 
3 1562 1563 1564 
3 1563 1558 1564 
3 1565 1562 1564 
3 1562 1565 1566 
3 1567 1568 1569 
3 1558 1557 1570 
3 1571 1568 1567 
3 1557 1567 1570 
3 1572 1573 1574 
3 1575 1572 1574 
3 1576 1577 1574 
3 1577 1575 1574 
3 1578 1576 1574 
3 1573 1578 1574 
3 1579 1580 1560 
3 1573 1581 1578 
3 1581 1576 1578 
3 1582 1571 1557 
3 1583 1584 1585 
3 1558 1570 1564 
3 1586 1565 1587 
3 1565 1586 1566 
3 1588 1565 1564 
3 1583 1586 1589 
3 1586 1583 1585 
3 1586 1587 1589 
3 1588 1570 1576 
3 1570 1588 1564 
3 1587 1588 1581 
3 1588 1576 1581 
3 1587 1581 1590 
3 1587 1590 1589 
3 1581 1573 1590 
3 1591 1573 1572 
3 1570 1569 1576 
3 1573 1591 1592 
3 1575 1579 1572 
3 1559 1579 1560 
3 1585 1593 1586 
3 1594 1585 1584 
3 1587 1565 1588 
3 1595 1594 1584 
3 1572 1579 1559 
3 1577 1576 1569 
3 1573 1592 1590 
3 1556 1596 1557 
3 1596 1582 1557 
3 1593 1585 1594 
3 1593 1566 1586 
3 1567 1569 1570 
3 1561 1572 1559 
3 1561 1591 1572 
3 1567 1557 1571 
3 1597 1598 1599 
3 1600 1601 1602 
3 1603 1604 1605 
3 1604 1606 1605 
3 1607 1603 1605 
3 1606 1608 1605 
3 1609 1610 1611 
3 1612 1610 1609 
3 1598 1612 1599 
3 1611 1599 1609 
3 1613 1614 1615 
3 1614 1604 1615 
3 1604 1603 1615 
3 1616 1614 1617 
3 1618 1619 1600 
3 1612 1609 1599 
3 1611 1620 1621 
3 1622 1623 1620 
3 1623 1622 1618 
3 1597 1624 1598 
3 1601 1625 1602 
3 1625 1626 1627 
3 1602 1625 1627 
3 1622 1620 1608 
3 1620 1611 1608 
3 1619 1622 1628 
3 1622 1619 1618 
3 1622 1608 1628 
3 1629 1619 1628 
3 1619 1629 1601 
3 1608 1611 1605 
3 1625 1601 1630 
3 1601 1629 1630 
3 1629 1628 1631 
3 1608 1606 1628 
3 1628 1606 1631 
3 1632 1629 1631 
3 1629 1632 1630 
3 1604 1614 1631 
3 1619 1601 1600 
3 1632 1631 1616 
3 1631 1614 1616 
3 1614 1613 1617 
3 1613 1633 1617 
3 1611 1621 1599 
3 1610 1607 1611 
3 1611 1607 1605 
3 1606 1604 1631 
3 1634 1635 1636 
3 1635 1637 1638 
3 1636 1635 1638 
3 1639 1635 1634 
3 1640 1634 1636 
3 1641 1642 1643 
3 1644 1645 1646 
3 1645 1644 1639 
3 1647 1644 1646 
3 1645 1639 1634 
3 1645 1648 1649 
3 1648 1645 1634 
3 1646 1645 1649 
3 1650 1651 1642 
3 1652 1641 1653 
3 1654 1655 1656 
3 1655 1657 1656 
3 1657 1655 1647 
3 1657 1647 1646 
3 1657 1658 1659 
3 1658 1657 1646 
3 1659 1660 1657 
3 1658 1646 1649 
3 1658 1649 1661 
3 1662 1661 1649 
3 1663 1658 1661 
3 1658 1663 1659 
3 1661 1662 1664 
3 1648 1634 1640 
3 1660 1659 1665 
3 1659 1663 1665 
3 1663 1642 1651 
3 1642 1663 1661 
3 1665 1663 1651 
3 1642 1661 1664 
3 1642 1664 1643 
3 1641 1650 1642 
3 1653 1641 1643 
3 1650 1641 1652 
3 1666 1652 1653 
3 1649 1648 1662 
3 1667 1662 1648 
3 1648 1640 1667 
3 1660 1656 1657 
3 1668 1669 1670 
3 1671 1672 1673 
3 1674 1675 1676 
3 1677 1678 1679 
3 1680 1674 1681 
3 1682 1683 1684 
3 1685 1686 1669 
3 1686 1687 1669 
3 1682 1688 1683 
3 1689 1690 1691 
3 1678 1692 1693 
3 1690 1671 1691 
3 1676 1673 1674 
3 1694 1689 1675 
3 1695 1669 1668 
3 1696 1697 1695 
3 1675 1689 1676 
3 1698 1699 1684 
3 1694 1675 1700 
3 1685 1669 1697 
3 1682 1701 1688 
3 1687 1686 1702 
3 1699 1703 1684 
3 1704 1705 1706 
3 1673 1676 1691 
3 1707 1688 1701 
3 1697 1708 1685 
3 1709 1705 1710 
3 1701 1682 1703 
3 1706 1709 1711 
3 1672 1709 1681 
3 1676 1689 1691 
3 1678 1672 1692 
3 1672 1671 1692 
3 1712 1713 1688 
3 1709 1672 1711 
3 1678 1677 1711 
3 1672 1678 1711 
3 1677 1714 1711 
3 1678 1693 1679 
3 1693 1715 1679 
3 1714 1706 1711 
3 1715 1701 1679 
3 1674 1673 1681 
3 1706 1668 1670 
3 1716 1695 1668 
3 1706 1714 1668 
3 1714 1717 1718 
3 1668 1718 1716 
3 1677 1703 1699 
3 1710 1680 1681 
3 1701 1703 1679 
3 1718 1719 1716 
3 1697 1669 1695 
3 1715 1707 1701 
3 1718 1668 1714 
3 1714 1677 1699 
3 1673 1672 1681 
3 1720 1675 1674 
3 1688 1713 1683 
3 1695 1716 1719 
3 1670 1687 1704 
3 1709 1710 1681 
3 1703 1677 1679 
3 1703 1682 1684 
3 1706 1670 1704 
3 1691 1671 1673 
3 1717 1714 1699 
3 1669 1687 1670 
3 1704 1702 1705 
3 1709 1706 1705 
3 1720 1700 1675 
3 1721 1694 1700 
3 1699 1698 1717 
3 1680 1720 1674 
3 1719 1696 1695 
3 1687 1702 1704 
3 1671 1690 1692 
3 1722 1723 1724 
3 1723 1725 1724 
3 1726 1723 1722 
3 1727 1728 1729 
3 1730 1731 1732 
3 1733 1732 1734 
3 1735 1731 1736 
3 1735 1734 1731 
3 1731 1734 1732 
3 1733 1734 1737 
3 1738 1733 1737 
3 1734 1735 1737 
3 1735 1736 1739 
3 1735 1740 1737 
3 1740 1735 1739 
3 1736 1741 1739 
3 1741 1742 1739 
3 1742 1741 1743 
3 1744 1738 1737 
3 1738 1744 1745 
3 1725 1746 1747 
3 1740 1744 1737 
3 1744 1740 1726 
3 1744 1748 1745 
3 1748 1744 1726 
3 1726 1740 1723 
3 1740 1739 1723 
3 1739 1742 1723 
3 1742 1743 1746 
3 1742 1725 1723 
3 1725 1742 1746 
3 1743 1749 1746 
3 1749 1750 1751 
3 1752 1749 1751 
3 1727 1753 1728 
3 1745 1748 1753 
3 1748 1726 1754 
3 1748 1755 1728 
3 1755 1748 1754 
3 1726 1722 1754 
3 1724 1725 1747 
3 1748 1728 1753 
3 1756 1727 1729 
3 1755 1729 1728 
3 1747 1746 1752 
3 1746 1749 1752 
3 1757 1758 1759 
3 1760 1761 1762 
3 1763 1764 1765 
3 1766 1767 1768 
3 1769 1763 1770 
3 1758 1769 1770 
3 1771 1763 1765 
3 1763 1771 1770 
3 1772 1771 1765 
3 1771 1772 1773 
3 1771 1774 1770 
3 1774 1771 1773 
3 1772 1775 1773 
3 1773 1775 1766 
3 1776 1773 1766 
3 1775 1767 1766 
3 1766 1777 1778 
3 1779 1757 1759 
3 1780 1759 1758 
3 1770 1780 1758 
3 1780 1774 1781 
3 1770 1774 1780 
3 1782 1780 1781 
3 1776 1774 1773 
3 1774 1776 1781 
3 1781 1776 1783 
3 1784 1781 1783 
3 1778 1776 1766 
3 1776 1778 1783 
3 1779 1759 1785 
3 1779 1785 1786 
3 1782 1759 1780 
3 1759 1782 1785 
3 1785 1782 1787 
3 1788 1785 1787 
3 1784 1782 1781 
3 1782 1784 1787 
3 1785 1788 1786 
3 1788 1789 1790 
3 1786 1788 1790 
3 1777 1766 1768 
3 1764 1762 1761 
3 1768 1791 1777 
3 1763 1769 1792 
3 1764 1763 1792 
3 1762 1764 1792 
3 1793 1794 1795 
3 1796 1797 1798 
3 1795 1794 1799 
3 1800 1799 1794 
3 1801 1802 1803 
3 1804 1802 1805 
3 1806 1804 1805 
3 1797 1796 1805 
3 1806 1807 1804 
3 1807 1806 1808 
3 1809 1807 1808 
3 1796 1806 1805 
3 1806 1796 1810 
3 1808 1806 1810 
3 1809 1811 1812 
3 1811 1809 1808 
3 1813 1810 1814 
3 1813 1808 1810 
3 1814 1815 1816 
3 1817 1814 1816 
3 1811 1795 1812 
3 1795 1811 1793 
3 1813 1811 1808 
3 1811 1813 1818 
3 1793 1811 1818 
3 1819 1813 1814 
3 1813 1819 1818 
3 1820 1793 1818 
3 1817 1819 1814 
3 1819 1817 1821 
3 1819 1822 1818 
3 1822 1819 1821 
3 1823 1817 1824 
3 1821 1817 1823 
3 1825 1823 1824 
3 1826 1823 1827 
3 1826 1821 1823 
3 1827 1825 1828 
3 1802 1829 1803 
3 1814 1810 1815 
3 1822 1820 1818 
3 1827 1823 1825 
3 1797 1805 1801 
3 1805 1802 1801 
3 1817 1816 1824 
3 1815 1796 1798 
3 1810 1796 1815 
3 1830 1831 1832 
3 1833 1834 1835 
3 1836 1837 1838 
3 1835 1839 1840 
3 1841 1842 1843 
3 1830 1844 1845 
3 1846 1847 1848 
3 1835 1849 1850 
3 1851 1852 1839 
3 1831 1830 1837 
3 1853 1844 1832 
3 1854 1855 1853 
3 1856 1857 1852 
3 1858 1859 1860 
3 1854 1861 1857 
3 1862 1863 1864 
3 1865 1866 1858 
3 1867 1842 1868 
3 1864 1843 1867 
3 1850 1849 1869 
3 1847 1834 1848 
3 1870 1848 1833 
3 1871 1845 1872 
3 1868 1873 1874 
3 1840 1849 1835 
3 1849 1840 1875 
3 1862 1873 1875 
3 1844 1853 1855 
3 1832 1854 1853 
3 1874 1864 1867 
3 1876 1862 1875 
3 1840 1861 1875 
3 1861 1876 1875 
3 1877 1876 1831 
3 1842 1858 1860 
3 1831 1876 1832 
3 1834 1851 1839 
3 1878 1879 1880 
3 1860 1859 1880 
3 1868 1860 1880 
3 1859 1878 1880 
3 1879 1873 1868 
3 1857 1840 1852 
3 1877 1836 1863 
3 1862 1876 1863 
3 1879 1878 1869 
3 1849 1873 1869 
3 1873 1879 1869 
3 1856 1852 1851 
3 1842 1841 1865 
3 1858 1842 1865 
3 1881 1835 1850 
3 1844 1882 1872 
3 1837 1836 1877 
3 1837 1877 1831 
3 1839 1852 1840 
3 1873 1849 1875 
3 1874 1867 1868 
3 1864 1874 1862 
3 1873 1862 1874 
3 1844 1830 1832 
3 1876 1861 1832 
3 1835 1881 1833 
3 1848 1834 1833 
3 1843 1842 1867 
3 1837 1830 1845 
3 1883 1871 1884 
3 1868 1842 1860 
3 1847 1851 1834 
3 1838 1837 1845 
3 1871 1838 1845 
3 1871 1872 1884 
3 1882 1884 1872 
3 1881 1870 1833 
3 1835 1834 1839 
3 1861 1840 1857 
3 1845 1844 1872 
3 1832 1861 1854 
3 1880 1879 1868 
3 1877 1863 1876 
3 1882 1844 1855 
3 1885 1886 1887 
3 1888 1889 1890 
3 1891 1892 1893 
3 1894 1895 1896 
3 1897 1898 1899 
3 1900 1901 1886 
3 1902 1894 1896 
3 1894 1902 1887 
3 1903 1885 1902 
3 1904 1905 1906 
3 1905 1904 1907 
3 1898 1893 1892 
3 1908 1898 1897 
3 1897 1909 1910 
3 1909 1911 1910 
3 1897 1899 1909 
3 1899 1911 1909 
3 1912 1906 1910 
3 1913 1897 1910 
3 1900 1906 1888 
3 1906 1900 1910 
3 1905 1889 1888 
3 1906 1905 1888 
3 1914 1908 1915 
3 1916 1908 1917 
3 1908 1897 1917 
3 1897 1913 1917 
3 1918 1916 1917 
3 1900 1913 1910 
3 1885 1913 1919 
3 1913 1885 1917 
3 1885 1919 1886 
3 1906 1912 1920 
3 1893 1898 1914 
3 1885 1918 1917 
3 1918 1885 1903 
3 1902 1885 1887 
3 1921 1922 1901 
3 1923 1903 1902 
3 1887 1922 1894 
3 1901 1887 1886 
3 1923 1902 1896 
3 1919 1900 1886 
3 1901 1900 1890 
3 1889 1921 1890 
3 1921 1901 1890 
3 1913 1900 1919 
3 1898 1908 1914 
3 1915 1908 1916 
3 1911 1912 1910 
3 1924 1896 1895 
3 1922 1887 1901 
3 1900 1888 1890 
3 1920 1904 1906 
3 1925 1926 1927 
3 1928 1927 1929 
3 1930 1929 1931 
3 1932 1931 1933 
3 1934 1935 1936 
3 1932 1933 1937 
3 1938 1939 1940 
3 1935 1934 1941 
3 1942 1939 1938 
3 1942 1943 1944 
3 1938 1945 1946 
3 1947 1948 1936 
3 1935 1947 1936 
3 1948 1937 1936 
3 1937 1933 1949 
3 1947 1950 1948 
3 1950 1937 1948 
3 1928 1925 1927 
3 1925 1928 1951 
3 1930 1928 1929 
3 1928 1930 1952 
3 1951 1928 1952 
3 1932 1930 1931 
3 1930 1932 1953 
3 1952 1930 1953 
3 1950 1932 1937 
3 1953 1932 1950 
3 1954 1951 1952 
3 1955 1952 1953 
3 1956 1953 1950 
3 1957 1950 1947 
3 1945 1958 1946 
3 1955 1954 1952 
3 1954 1955 1959 
3 1956 1955 1953 
3 1955 1956 1940 
3 1959 1955 1940 
3 1957 1956 1950 
3 1956 1957 1960 
3 1940 1956 1960 
3 1939 1959 1940 
3 1940 1960 1945 
3 1958 1942 1946 
3 1942 1938 1946 
3 1937 1949 1936 
3 1936 1949 1934 
3 1945 1938 1940 
3 1942 1958 1943 
3 1961 1962 1963 
3 1964 1965 1966 
3 1967 1961 1968 
3 1969 1970 1971 
3 1969 1964 1966 
3 1972 1973 1974 
3 1975 1973 1976 
3 1977 1978 1979 
3 1980 1981 1965 
3 1973 1982 1974 
3 1965 1981 1966 
3 1983 1968 1965 
3 1968 1980 1965 
3 1964 1983 1965 
3 1983 1964 1971 
3 1970 1984 1971 
3 1984 1970 1974 
3 1985 1980 1968 
3 1985 1961 1963 
3 1961 1985 1968 
3 1964 1969 1971 
3 1986 1984 1987 
3 1971 1984 1986 
3 1984 1982 1987 
3 1988 1967 1968 
3 1989 1967 1990 
3 1988 1991 1990 
3 1988 1983 1992 
3 1991 1989 1990 
3 1991 1988 1992 
3 1993 1992 1986 
3 1967 1988 1990 
3 1989 1991 1994 
3 1993 1991 1992 
3 1991 1993 1977 
3 1994 1991 1977 
3 1986 1995 1993 
3 1996 1993 1997 
3 1993 1996 1977 
3 1976 1973 1972 
3 1998 1977 1979 
3 1998 1994 1977 
3 1977 1996 1978 
3 1995 1997 1993 
3 1971 1986 1999 
3 1992 1983 1999 
3 1986 1992 1999 
3 1983 1971 1999 
3 1986 1987 1995 
3 2000 1963 1962 
3 1979 1978 2001 
3 1970 1972 1974 
3 1982 1984 1974 
3 1968 1983 1988 
3 1978 2002 2001 
3 2003 2004 2005 
3 2006 2007 2008 
3 2009 2010 2011 
3 2012 2013 2014 
3 2015 2016 2017 
3 2018 2019 2020 
3 2021 2022 2023 
3 2024 2025 2026 
3 2027 2028 2029 
3 2030 2031 2032 
3 2033 2034 2035 
3 2036 2026 2034 
3 2037 2033 2035 
3 2033 2036 2034 
3 2025 2034 2026 
3 2038 2029 2011 
3 2011 2029 2009 
3 2003 2039 2004 
3 2039 2028 2004 
3 2028 2031 2004 
3 2038 2027 2029 
3 2019 2018 2032 
3 2028 2019 2032 
3 2031 2028 2032 
3 2022 2040 2023 
3 2038 2041 2042 
3 2043 2027 2042 
3 2024 2044 2045 
3 2046 2047 2048 
3 2028 2027 2019 
3 2049 2050 2010 
3 2051 2028 2039 
3 2003 2046 2039 
3 2051 2039 2048 
3 2036 2043 2042 
3 2036 2052 2026 
3 2052 2036 2041 
3 2027 2038 2042 
3 2038 2050 2041 
3 2018 2012 2030 
3 2047 2051 2048 
3 2039 2046 2048 
3 2037 2025 2045 
3 2033 2053 2043 
3 2022 2047 2054 
3 2054 2055 2040 
3 2043 2053 2056 
3 2052 2024 2026 
3 2055 2008 2007 
3 2007 2049 2023 
3 2057 2058 2006 
3 2057 2006 2008 
3 2054 2040 2022 
3 2059 2057 2055 
3 2017 2013 2060 
3 2015 2004 2016 
3 2018 2030 2032 
3 2024 2045 2025 
3 2047 2046 2061 
3 2027 2043 2019 
3 2037 2053 2033 
3 2030 2012 2014 
3 2040 2055 2023 
3 2010 2038 2011 
3 2036 2033 2043 
3 2025 2037 2035 
3 2061 2059 2054 
3 2009 2051 2022 
3 2054 2059 2055 
3 2029 2051 2009 
3 2031 2030 2014 
3 2053 2020 2056 
3 2022 2021 2009 
3 2050 2052 2041 
3 2034 2025 2035 
3 2009 2049 2010 
3 2056 2019 2043 
3 2055 2057 2008 
3 2004 2015 2005 
3 2016 2031 2014 
3 2023 2055 2007 
3 2054 2047 2061 
3 2050 2038 2010 
3 2004 2031 2016 
3 2017 2016 2014 
3 2013 2017 2014 
3 2028 2051 2029 
3 2009 2021 2023 
3 2042 2041 2036 
3 2056 2020 2019 
3 2051 2047 2022 
3 2009 2023 2049 
3 2062 2063 2064 
3 2065 2066 2067 
3 2068 2069 2070 
3 2063 2071 2064 
3 2072 2073 2074 
3 2075 2070 2076 
3 2077 2078 2079 
3 2078 2067 2079 
3 2076 2070 2080 
3 2081 2064 2082 
3 2083 2082 2071 
3 2063 2084 2071 
3 2084 2083 2071 
3 2085 2069 2068 
3 2070 2069 2080 
3 2086 2087 2068 
3 2075 2086 2068 
3 2070 2075 2068 
3 2088 2074 2073 
3 2089 2090 2074 
3 2091 2065 2078 
3 2092 2093 2090 
3 2087 2072 2068 
3 2093 2092 2094 
3 2095 2077 2079 
3 2091 2078 2077 
3 2091 2094 2096 
3 2094 2091 2077 
3 2077 2095 2097 
3 2089 2074 2088 
3 2094 2098 2096 
3 2098 2094 2092 
3 2099 2098 2092 
3 2094 2100 2093 
3 2100 2094 2077 
3 2100 2097 2101 
3 2100 2077 2097 
3 2101 2102 2103 
3 2072 2103 2085 
3 2081 2099 2092 
3 2090 2093 2074 
3 2093 2072 2074 
3 2072 2087 2073 
3 2104 2089 2088 
3 2084 2105 2083 
3 2106 2104 2088 
3 2089 2104 2062 
3 2087 2106 2088 
3 2072 2085 2068 
3 2106 2087 2086 
3 2087 2088 2073 
3 2081 2092 2090 
3 2103 2100 2101 
3 2082 2064 2071 
3 2089 2081 2090 
3 2078 2065 2067 
3 2064 2081 2089 
3 2103 2102 2085 
3 2093 2100 2103 
3 2081 2082 2099 
3 2072 2093 2103 
3 2064 2089 2062 
3 2107 2108 2109 
3 2110 2111 2112 
3 2113 2114 2115 
3 2116 2117 2118 
3 2119 2115 2120 
3 2111 2121 2112 
3 2122 2123 2124 
3 2125 2126 2124 
3 2126 2127 2124 
3 2127 2128 2124 
3 2116 2110 2117 
3 2129 2130 2131 
3 2110 2129 2131 
3 2130 2132 2107 
3 2132 2108 2107 
3 2133 2108 2132 
3 2134 2122 2121 
3 2135 2125 2136 
3 2137 2135 2136 
3 2138 2122 2134 
3 2116 2139 2121 
3 2139 2134 2121 
3 2139 2138 2134 
3 2140 2113 2118 
3 2138 2141 2142 
3 2143 2138 2142 
3 2142 2141 2144 
3 2141 2145 2144 
3 2128 2127 2146 
3 2119 2147 2148 
3 2115 2149 2120 
3 2145 2119 2148 
3 2114 2149 2115 
3 2145 2141 2115 
3 2141 2113 2115 
3 2110 2131 2107 
3 2147 2150 2148 
3 2109 2140 2118 
3 2113 2140 2114 
3 2113 2116 2118 
3 2113 2141 2139 
3 2116 2113 2139 
3 2123 2138 2143 
3 2147 2119 2120 
3 2122 2138 2123 
3 2110 2107 2117 
3 2117 2109 2118 
3 2110 2116 2111 
3 2107 2109 2117 
3 2116 2121 2111 
3 2122 2151 2112 
3 2123 2152 2124 
3 2151 2153 2112 
3 2153 2110 2112 
3 2125 2135 2126 
3 2110 2153 2129 
3 2121 2122 2112 
3 2128 2146 2122 
3 2131 2130 2107 
3 2128 2122 2124 
3 2145 2115 2119 
3 2146 2151 2122 
3 2125 2124 2152 
3 2141 2138 2139 
3 2154 2155 2156 
3 2157 2158 2154 
3 2159 2160 2161 
3 2160 2159 2162 
3 2159 2154 2156 
3 2163 2160 2162 
3 2164 2155 2158 
3 2154 2165 2157 
3 2161 2166 2165 
3 2165 2167 2168 
3 2157 2165 2168 
3 2159 2161 2154 
3 2161 2165 2154 
3 2169 2166 2170 
3 2166 2169 2167 
3 2171 2169 2170 
3 2166 2160 2172 
3 2170 2166 2172 
3 2160 2163 2173 
3 2172 2160 2173 
3 2173 2163 2174 
3 2175 2176 2177 
3 2176 2175 2171 
3 2178 2175 2177 
3 2176 2179 2180 
3 2179 2176 2170 
3 2176 2171 2170 
3 2177 2176 2180 
3 2179 2181 2182 
3 2181 2179 2172 
3 2179 2170 2172 
3 2180 2179 2182 
3 2181 2183 2184 
3 2183 2181 2173 
3 2181 2172 2173 
3 2182 2181 2184 
3 2183 2185 2186 
3 2185 2183 2174 
3 2183 2173 2174 
3 2184 2183 2186 
3 2186 2185 2187 
3 2166 2167 2165 
3 2154 2158 2155 
3 2160 2166 2161 
3 2188 2189 2190 
3 2191 2192 2193 
3 2194 2195 2196 
3 2197 2198 2199 
3 2200 2201 2202 
3 2193 2203 2204 
3 2205 2193 2204 
3 2203 2205 2204 
3 2206 2207 2208 
3 2209 2206 2208 
3 2207 2210 2208 
3 2210 2209 2208 
3 2211 2202 2196 
3 2190 2212 2213 
3 2214 2190 2213 
3 2212 2215 2213 
3 2215 2216 2213 
3 2217 2214 2213 
3 2216 2217 2213 
3 2218 2219 2220 
3 2221 2218 2220 
3 2207 2221 2220 
3 2219 2207 2220 
3 2202 2211 2222 
3 2200 2202 2199 
3 2223 2209 2224 
3 2225 2206 2223 
3 2221 2207 2225 
3 2226 2227 2228 
3 2229 2230 2227 
3 2230 2231 2227 
3 2232 2229 2227 
3 2231 2200 2227 
3 2233 2234 2235 
3 2234 2194 2235 
3 2236 2233 2235 
3 2210 2207 2219 
3 2201 2231 2237 
3 2197 2238 2198 
3 2194 2201 2239 
3 2189 2231 2230 
3 2210 2240 2209 
3 2241 2205 2234 
3 2234 2233 2241 
3 2238 2221 2225 
3 2205 2203 2194 
3 2191 2242 2192 
3 2237 2231 2188 
3 2243 2191 2244 
3 2191 2193 2244 
3 2242 2197 2245 
3 2211 2242 2245 
3 2195 2203 2192 
3 2224 2200 2199 
3 2246 2243 2244 
3 2193 2246 2244 
3 2223 2198 2225 
3 2197 2199 2222 
3 2206 2209 2223 
3 2239 2201 2237 
3 2199 2202 2222 
3 2201 2200 2231 
3 2228 2200 2224 
3 2234 2205 2194 
3 2209 2228 2224 
3 2239 2237 2235 
3 2231 2189 2188 
3 2229 2215 2212 
3 2212 2189 2230 
3 2189 2212 2190 
3 2247 2217 2216 
3 2198 2224 2199 
3 2240 2226 2228 
3 2224 2198 2223 
3 2195 2242 2211 
3 2248 2249 2188 
3 2237 2188 2236 
3 2194 2239 2235 
3 2236 2235 2237 
3 2193 2205 2246 
3 2222 2211 2245 
3 2226 2240 2232 
3 2207 2206 2225 
3 2227 2226 2232 
3 2203 2195 2194 
3 2209 2240 2228 
3 2192 2242 2195 
3 2203 2193 2192 
3 2188 2249 2236 
3 2201 2194 2196 
3 2214 2248 2190 
3 2198 2238 2225 
3 2195 2211 2196 
3 2197 2222 2245 
3 2200 2228 2227 
3 2248 2188 2190 
3 2229 2212 2230 
3 2202 2201 2196 
3 2250 2251 2252 
3 2253 2254 2255 
3 2256 2257 2258 
3 2256 2259 2257 
3 2257 2259 2260 
3 2260 2258 2257 
3 2261 2256 2258 
3 2262 2263 2254 
3 2264 2252 2251 
3 2265 2261 2266 
3 2267 2259 2256 
3 2262 2254 2268 
3 2269 2270 2271 
3 2259 2271 2255 
3 2259 2255 2272 
3 2271 2270 2255 
3 2270 2273 2274 
3 2273 2270 2275 
3 2255 2270 2274 
3 2273 2276 2274 
3 2276 2273 2277 
3 2277 2278 2279 
3 2280 2277 2279 
3 2281 2280 2282 
3 2280 2279 2282 
3 2283 2252 2264 
3 2284 2272 2263 
3 2250 2268 2285 
3 2253 2255 2274 
3 2253 2274 2286 
3 2254 2253 2268 
3 2285 2253 2286 
3 2274 2276 2286 
3 2276 2277 2287 
3 2276 2288 2286 
3 2288 2276 2287 
3 2277 2280 2287 
3 2266 2261 2258 
3 2259 2284 2260 
3 2284 2259 2272 
3 2285 2286 2289 
3 2285 2251 2250 
3 2251 2285 2289 
3 2286 2288 2289 
3 2275 2270 2269 
3 2273 2275 2278 
3 2263 2272 2254 
3 2253 2285 2268 
3 2254 2272 2255 
3 2259 2267 2271 
3 2277 2273 2278 
3 2290 2291 2292 
3 2293 2294 2295 
3 2296 2297 2298 
3 2299 2300 2301 
3 2302 2303 2304 
3 2305 2295 2306 
3 2307 2305 2306 
3 2295 2294 2306 
3 2308 2293 2309 
3 2302 2290 2310 
3 2290 2292 2310 
3 2292 2311 2310 
3 2312 2313 2292 
3 2312 2291 2314 
3 2299 2315 2316 
3 2314 2299 2316 
3 2300 2317 2301 
3 2318 2319 2312 
3 2319 2318 2306 
3 2318 2307 2306 
3 2319 2294 2320 
3 2294 2319 2306 
3 2319 2321 2312 
3 2321 2319 2320 
3 2294 2308 2320 
3 2308 2294 2293 
3 2308 2322 2323 
3 2322 2308 2324 
3 2320 2308 2323 
3 2325 2322 2324 
3 2324 2326 2325 
3 2312 2314 2316 
3 2291 2312 2292 
3 2321 2311 2313 
3 2312 2321 2313 
3 2310 2327 2303 
3 2313 2311 2292 
3 2328 2311 2321 
3 2320 2328 2321 
3 2328 2320 2323 
3 2329 2311 2328 
3 2302 2310 2303 
3 2330 2311 2329 
3 2298 2307 2317 
3 2318 2312 2316 
3 2311 2330 2310 
3 2307 2318 2317 
3 2324 2309 2326 
3 2301 2317 2318 
3 2327 2310 2330 
3 2301 2318 2315 
3 2299 2301 2315 
3 2316 2315 2318 
3 2296 2298 2317 
3 2296 2317 2300 
3 2324 2308 2309 
3 2325 2326 2331 
3 2332 2333 2334 
3 2335 2336 2337 
3 2338 2339 2340 
3 2339 2341 2340 
3 2342 2343 2341 
3 2339 2342 2341 
3 2344 2345 2343 
3 2333 2346 2334 
3 2347 2348 2349 
3 2343 2342 2344 
3 2344 2350 2345 
3 2342 2339 2351 
3 2344 2352 2353 
3 2352 2344 2342 
3 2352 2342 2351 
3 2352 2354 2355 
3 2354 2352 2351 
3 2353 2352 2355 
3 2355 2354 2356 
3 2357 2350 2353 
3 2358 2350 2357 
3 2359 2353 2355 
3 2353 2359 2357 
3 2359 2360 2361 
3 2360 2359 2355 
3 2359 2362 2357 
3 2362 2359 2361 
3 2360 2355 2356 
3 2360 2363 2346 
3 2363 2360 2356 
3 2361 2360 2346 
3 2364 2346 2333 
3 2358 2347 2349 
3 2348 2335 2349 
3 2347 2358 2357 
3 2347 2362 2365 
3 2362 2347 2357 
3 2348 2347 2365 
3 2362 2366 2365 
3 2366 2362 2361 
3 2367 2366 2361 
3 2367 2361 2346 
3 2364 2367 2346 
3 2335 2348 2336 
3 2346 2363 2334 
3 2344 2353 2350 
3 2368 2369 2370 
3 2371 2368 2370 
3 2370 2369 2372 
3 2373 2374 2375 
3 2376 2373 2377 
3 2375 2378 2379 
3 2380 2381 2382 
3 2383 2384 2385 
3 2386 2387 2382 
3 2388 2389 2390 
3 2389 2391 2390 
3 2368 2392 2393 
3 2393 2394 2395 
3 2378 2396 2397 
3 2374 2396 2375 
3 2398 2399 2400 
3 2392 2394 2393 
3 2388 2401 2402 
3 2389 2388 2402 
3 2403 2369 2400 
3 2387 2386 2390 
3 2404 2379 2405 
3 2406 2402 2407 
3 2386 2388 2390 
3 2404 2405 2408 
3 2402 2401 2407 
3 2397 2409 2410 
3 2411 2412 2413 
3 2383 2404 2408 
3 2410 2409 2384 
3 2396 2414 2397 
3 2373 2375 2377 
3 2378 2397 2410 
3 2369 2403 2415 
3 2405 2410 2408 
3 2409 2403 2385 
3 2384 2409 2385 
3 2381 2409 2397 
3 2405 2378 2410 
3 2414 2381 2397 
3 2404 2377 2379 
3 2384 2383 2408 
3 2400 2369 2368 
3 2399 2403 2400 
3 2416 2398 2400 
3 2403 2409 2415 
3 2381 2380 2415 
3 2409 2381 2415 
3 2417 2369 2415 
3 2380 2417 2415 
3 2391 2387 2390 
3 2408 2410 2384 
3 2381 2414 2382 
3 2417 2372 2369 
3 2418 2406 2407 
3 2417 2380 2411 
3 2411 2413 2417 
3 2402 2411 2389 
3 2419 2412 2406 
3 2380 2391 2411 
3 2412 2419 2413 
3 2416 2400 2368 
3 2377 2375 2379 
3 2401 2420 2407 
3 2396 2378 2375 
3 2379 2378 2405 
3 2411 2391 2389 
3 2382 2387 2380 
3 2385 2403 2399 
3 2421 2395 2394 
3 2412 2411 2406 
3 2417 2413 2372 
3 2398 2416 2393 
3 2393 2416 2368 
3 2371 2392 2368 
3 2406 2418 2419 
3 2421 2394 2422 
3 2395 2398 2393 
3 2391 2380 2387 
3 2411 2402 2406 
3 2423 2424 2425 
3 2426 2427 2425 
3 2428 2429 2430 
3 2428 2431 2429 
3 2431 2428 2432 
3 2433 2432 2434 
3 2433 2435 2436 
3 2435 2433 2434 
3 2432 2428 2434 
3 2428 2437 2434 
3 2437 2428 2438 
3 2438 2428 2430 
3 2439 2436 2440 
3 2436 2435 2440 
3 2435 2434 2441 
3 2435 2442 2440 
3 2442 2435 2441 
3 2434 2437 2441 
3 2437 2438 2443 
3 2437 2444 2441 
3 2444 2437 2443 
3 2442 2445 2446 
3 2440 2442 2446 
3 2442 2441 2447 
3 2442 2448 2445 
3 2448 2442 2447 
3 2441 2444 2447 
3 2444 2443 2449 
3 2444 2424 2447 
3 2424 2444 2449 
3 2448 2447 2450 
3 2447 2424 2450 
3 2424 2423 2450 
3 2424 2426 2425 
3 2439 2440 2451 
3 2446 2452 2451 
3 2440 2446 2451 
3 2452 2453 2451 
3 2445 2452 2446 
3 2454 2423 2427 
3 2431 2455 2429 
3 2424 2449 2426 
3 2427 2423 2425 
3 2456 2457 2458 
3 2459 2460 2461 
3 2462 2463 2464 
3 2465 2466 2467 
3 2468 2469 2470 
3 2471 2472 2473 
3 2474 2458 2475 
3 2476 2477 2478 
3 2460 2462 2479 
3 2461 2460 2479 
3 2480 2463 2462 
3 2461 2481 2459 
3 2482 2476 2478 
3 2482 2483 2476 
3 2482 2475 2484 
3 2483 2477 2476 
3 2483 2482 2484 
3 2484 2475 2485 
3 2472 2482 2473 
3 2486 2467 2487 
3 2488 2475 2457 
3 2477 2483 2489 
3 2490 2477 2489 
3 2483 2484 2466 
3 2489 2483 2466 
3 2487 2484 2485 
3 2484 2487 2466 
3 2467 2466 2487 
3 2491 2468 2460 
3 2468 2462 2460 
3 2492 2489 2466 
3 2489 2492 2493 
3 2466 2465 2492 
3 2494 2465 2495 
3 2496 2494 2495 
3 2485 2486 2487 
3 2458 2457 2475 
3 2488 2485 2475 
3 2462 2464 2479 
3 2462 2468 2470 
3 2473 2482 2478 
3 2492 2497 2493 
3 2492 2498 2497 
3 2459 2481 2477 
3 2477 2469 2468 
3 2481 2499 2473 
3 2499 2471 2473 
3 2477 2491 2459 
3 2459 2491 2460 
3 2481 2473 2478 
3 2461 2499 2481 
3 2477 2468 2491 
3 2475 2482 2472 
3 2474 2475 2472 
3 2471 2474 2472 
3 2481 2478 2477 
3 2477 2490 2469 
3 2500 2480 2462 
3 2465 2494 2498 
3 2492 2465 2498 
3 2489 2493 2501 
3 2490 2489 2501 
3 2470 2500 2462 
3 2502 2503 2504 
3 2505 2506 2507 
3 2508 2509 2510 
3 2511 2512 2513 
3 2514 2515 2516 
3 2517 2518 2519 
3 2520 2502 2504 
3 2521 2503 2502 
3 2522 2523 2524 
3 2508 2525 2526 
3 2526 2527 2521 
3 2528 2527 2526 
3 2529 2526 2521 
3 2530 2521 2527 
3 2527 2531 2530 
3 2521 2530 2503 
3 2505 2532 2533 
3 2507 2534 2532 
3 2516 2515 2519 
3 2515 2517 2519 
3 2525 2508 2510 
3 2529 2508 2526 
3 2535 2519 2536 
3 2529 2521 2537 
3 2518 2529 2537 
3 2537 2502 2520 
3 2521 2502 2537 
3 2513 2537 2520 
3 2514 2516 2533 
3 2532 2505 2507 
3 2532 2514 2533 
3 2535 2516 2519 
3 2518 2538 2536 
3 2513 2518 2537 
3 2539 2535 2536 
3 2513 2512 2538 
3 2512 2539 2538 
3 2540 2511 2513 
3 2518 2513 2538 
3 2513 2541 2540 
3 2508 2517 2515 
3 2538 2539 2536 
3 2519 2518 2536 
3 2509 2542 2514 
3 2542 2508 2515 
3 2542 2515 2514 
3 2509 2508 2542 
3 2531 2527 2543 
3 2523 2531 2543 
3 2527 2528 2543 
3 2544 2518 2517 
3 2508 2544 2517 
3 2529 2518 2544 
3 2508 2529 2544 
3 2545 2531 2522 
3 2510 2509 2546 
3 2509 2532 2546 
3 2545 2530 2531 
3 2528 2526 2547 
3 2526 2525 2547 
3 2540 2548 2511 
3 2531 2523 2522 
3 2520 2541 2513 
3 2534 2546 2532 
3 2532 2509 2514 
3 2549 2550 2551 
3 2552 2553 2554 
3 2555 2556 2557 
3 2558 2553 2559 
3 2557 2560 2555 
3 2560 2561 2555 
3 2562 2563 2564 
3 2565 2566 2567 
3 2568 2550 2561 
3 2569 2549 2551 
3 2570 2571 2558 
3 2572 2549 2569 
3 2573 2572 2569 
3 2556 2550 2549 
3 2566 2565 2574 
3 2575 2563 2576 
3 2577 2578 2579 
3 2580 2562 2581 
3 2575 2582 2563 
3 2583 2584 2585 
3 2580 2576 2562 
3 2552 2586 2553 
3 2550 2556 2555 
3 2558 2571 2553 
3 2587 2578 2588 
3 2589 2590 2591 
3 2588 2578 2564 
3 2578 2562 2564 
3 2563 2582 2564 
3 2563 2562 2576 
3 2553 2571 2554 
3 2592 2566 2574 
3 2593 2565 2567 
3 2583 2585 2576 
3 2578 2587 2579 
3 2553 2586 2559 
3 2587 2591 2594 
3 2575 2576 2585 
3 2578 2566 2581 
3 2566 2592 2581 
3 2562 2578 2581 
3 2595 2596 2597 
3 2596 2577 2597 
3 2598 2595 2597 
3 2577 2599 2597 
3 2598 2597 2600 
3 2601 2570 2591 
3 2587 2601 2591 
3 2570 2589 2591 
3 2590 2599 2594 
3 2597 2599 2600 
3 2577 2579 2599 
3 2602 2603 2604 
3 2605 2602 2604 
3 2582 2605 2588 
3 2593 2606 2565 
3 2606 2574 2565 
3 2604 2603 2571 
3 2571 2570 2601 
3 2599 2579 2594 
3 2587 2571 2601 
3 2595 2568 2596 
3 2568 2577 2596 
3 2590 2594 2591 
3 2607 2608 2609 
3 2578 2577 2566 
3 2550 2595 2551 
3 2579 2587 2594 
3 2590 2598 2600 
3 2600 2599 2590 
3 2582 2588 2564 
3 2560 2606 2561 
3 2610 2580 2581 
3 2587 2604 2571 
3 2559 2611 2558 
3 2606 2593 2561 
3 2603 2602 2571 
3 2577 2567 2566 
3 2568 2593 2577 
3 2577 2593 2567 
3 2570 2558 2611 
3 2580 2583 2576 
3 2568 2561 2593 
3 2556 2549 2572 
3 2592 2610 2581 
3 2589 2570 2611 
3 2559 2586 2607 
3 2568 2595 2550 
3 2561 2550 2555 
3 2595 2598 2551 
3 2587 2588 2604 
3 2602 2554 2571 
3 2559 2607 2609 
3 2609 2611 2559 
3 2605 2604 2588 
3 2612 2613 2614 
3 2615 2616 2617 
3 2618 2619 2620 
3 2621 2622 2623 
3 2624 2625 2626 
3 2627 2628 2629 
3 2628 2630 2629 
3 2631 2627 2629 
3 2621 2613 2612 
3 2632 2617 2616 
3 2633 2634 2614 
3 2619 2635 2636 
3 2617 2637 2638 
3 2637 2630 2638 
3 2639 2640 2618 
3 2641 2639 2618 
3 2640 2619 2618 
3 2620 2641 2618 
3 2617 2642 2637 
3 2642 2630 2637 
3 2643 2641 2620 
3 2634 2644 2645 
3 2644 2646 2645 
3 2622 2634 2645 
3 2639 2630 2647 
3 2643 2620 2636 
3 2644 2648 2649 
3 2646 2644 2649 
3 2632 2616 2650 
3 2617 2628 2615 
3 2651 2623 2622 
3 2625 2615 2652 
3 2625 2624 2616 
3 2643 2631 2641 
3 2653 2615 2628 
3 2653 2652 2615 
3 2624 2650 2616 
3 2630 2641 2629 
3 2638 2630 2628 
3 2630 2639 2641 
3 2642 2654 2647 
3 2642 2634 2654 
3 2630 2642 2647 
3 2654 2639 2647 
3 2634 2633 2654 
3 2633 2655 2654 
3 2642 2617 2644 
3 2634 2642 2644 
3 2648 2617 2632 
3 2648 2644 2617 
3 2628 2617 2638 
3 2634 2622 2612 
3 2655 2639 2654 
3 2622 2645 2656 
3 2657 2621 2623 
3 2645 2646 2656 
3 2616 2615 2625 
3 2627 2653 2628 
3 2658 2657 2659 
3 2659 2657 2623 
3 2619 2636 2620 
3 2641 2631 2629 
3 2634 2612 2614 
3 2639 2655 2640 
3 2612 2622 2621 
3 2622 2656 2651 
3 2660 2661 2662 
3 2663 2664 2665 
3 2666 2664 2663 
3 2667 2668 2669 
3 2670 2671 2672 
3 2673 2674 2671 
3 2673 2671 2675 
3 2676 2677 2672 
3 2674 2676 2672 
3 2661 2665 2664 
3 2678 2669 2679 
3 2680 2678 2679 
3 2681 2682 2674 
3 2671 2670 2675 
3 2683 2665 2661 
3 2684 2683 2661 
3 2685 2660 2662 
3 2686 2662 2664 
3 2662 2661 2664 
3 2686 2685 2662 
3 2687 2688 2689 
3 2680 2687 2689 
3 2684 2688 2683 
3 2688 2684 2689 
3 2689 2684 2690 
3 2691 2689 2690 
3 2660 2684 2661 
3 2684 2660 2690 
3 2690 2660 2676 
3 2692 2690 2676 
3 2693 2660 2685 
3 2660 2693 2676 
3 2676 2693 2677 
3 2692 2676 2674 
3 2680 2694 2678 
3 2668 2680 2679 
3 2669 2668 2679 
3 2680 2668 2687 
3 2691 2680 2689 
3 2680 2691 2694 
3 2694 2691 2695 
3 2692 2691 2690 
3 2691 2692 2695 
3 2695 2692 2682 
3 2682 2692 2674 
3 2673 2681 2674 
3 2670 2696 2675 
3 2671 2674 2672 
3 2677 2670 2672 
3 2664 2666 2686 
3 2697 2698 2699 
3 2700 2701 2702 
3 2703 2704 2705 
3 2706 2707 2708 
3 2703 2709 2710 
3 2711 2712 2713 
3 2701 2714 2702 
3 2710 2697 2699 
3 2715 2716 2717 
3 2718 2698 2697 
3 2710 2719 2720 
3 2715 2721 2716 
3 2722 2723 2724 
3 2704 2703 2725 
3 2726 2727 2728 
3 2729 2730 2706 
3 2718 2701 2726 
3 2731 2701 2718 
3 2719 2710 2709 
3 2708 2729 2706 
3 2712 2724 2713 
3 2732 2733 2711 
3 2699 2703 2710 
3 2727 2726 2700 
3 2731 2718 2697 
3 2721 2711 2734 
3 2722 2724 2712 
3 2735 2721 2715 
3 2721 2734 2716 
3 2715 2725 2703 
3 2729 2705 2730 
3 2736 2732 2721 
3 2703 2735 2715 
3 2705 2729 2709 
3 2698 2737 2699 
3 2729 2719 2709 
3 2738 2726 2728 
3 2726 2698 2718 
3 2739 2740 2702 
3 2740 2700 2702 
3 2701 2700 2726 
3 2713 2734 2711 
3 2733 2712 2711 
3 2733 2722 2712 
3 2704 2730 2705 
3 2720 2731 2697 
3 2710 2720 2697 
3 2703 2705 2709 
3 2738 2736 2741 
3 2736 2721 2741 
3 2726 2738 2741 
3 2741 2735 2742 
3 2721 2735 2741 
3 2721 2732 2711 
3 2698 2735 2737 
3 2735 2703 2737 
3 2701 2731 2714 
3 2715 2717 2725 
3 2698 2726 2742 
3 2735 2698 2742 
3 2726 2741 2742 
3 2737 2703 2699 
3 2740 2727 2700 
3 2743 2744 2745 
3 2746 2743 2745 
3 2747 2748 2749 
3 2750 2751 2752 
3 2753 2754 2755 
3 2746 2756 2757 
3 2746 2745 2756 
3 2758 2759 2760 
3 2761 2762 2763 
3 2764 2765 2766 
3 2767 2764 2766 
3 2768 2769 2770 
3 2771 2772 2749 
3 2773 2774 2775 
3 2776 2777 2778 
3 2779 2762 2750 
3 2767 2780 2781 
3 2782 2773 2783 
3 2770 2769 2784 
3 2747 2785 2759 
3 2786 2761 2787 
3 2773 2782 2774 
3 2752 2754 2779 
3 2788 2769 2789 
3 2775 2774 2790 
3 2770 2791 2768 
3 2787 2761 2792 
3 2776 2786 2756 
3 2769 2788 2793 
3 2745 2776 2756 
3 2754 2794 2779 
3 2778 2795 2796 
3 2769 2793 2784 
3 2775 2797 2773 
3 2797 2783 2773 
3 2752 2751 2778 
3 2777 2798 2778 
3 2763 2762 2779 
3 2799 2765 2781 
3 2776 2800 2786 
3 2759 2784 2793 
3 2760 2759 2793 
3 2788 2760 2793 
3 2786 2800 2762 
3 2759 2770 2784 
3 2801 2753 2802 
3 2753 2755 2802 
3 2744 2785 2749 
3 2753 2801 2754 
3 2778 2803 2795 
3 2804 2785 2782 
3 2757 2756 2786 
3 2787 2805 2757 
3 2805 2746 2757 
3 2806 2807 2805 
3 2751 2750 2800 
3 2776 2751 2800 
3 2808 2767 2766 
3 2781 2765 2764 
3 2798 2777 2772 
3 2771 2798 2772 
3 2769 2809 2789 
3 2763 2792 2761 
3 2805 2807 2781 
3 2776 2744 2749 
3 2748 2771 2749 
3 2806 2805 2787 
3 2792 2806 2787 
3 2798 2803 2778 
3 2795 2755 2796 
3 2755 2752 2796 
3 2752 2778 2796 
3 2800 2750 2762 
3 2762 2761 2786 
3 2764 2767 2781 
3 2785 2747 2749 
3 2743 2785 2744 
3 2790 2746 2805 
3 2785 2804 2791 
3 2770 2785 2791 
3 2744 2776 2745 
3 2774 2782 2743 
3 2780 2810 2790 
3 2743 2746 2774 
3 2785 2770 2759 
3 2758 2747 2759 
3 2754 2801 2794 
3 2777 2776 2749 
3 2777 2749 2772 
3 2752 2779 2750 
3 2799 2781 2807 
3 2805 2781 2790 
3 2751 2776 2778 
3 2804 2782 2783 
3 2794 2763 2779 
3 2757 2786 2787 
3 2810 2775 2790 
3 2754 2752 2755 
3 2758 2748 2747 
3 2780 2790 2781 
3 2746 2790 2774 
3 2775 2810 2797 
3 2806 2799 2807 
3 2782 2785 2743 
3 2811 2812 2813 
3 2814 2815 2816 
3 2817 2811 2813 
3 2818 2819 2820 
3 2821 2822 2823 
3 2824 2825 2826 
3 2827 2821 2828 
3 2829 2815 2828 
3 2815 2829 2830 
3 2830 2831 2832 
3 2833 2811 2817 
3 2829 2828 2823 
3 2834 2829 2823 
3 2829 2835 2830 
3 2835 2829 2834 
3 2822 2819 2823 
3 2819 2834 2823 
3 2836 2835 2834 
3 2835 2836 2837 
3 2834 2819 2838 
3 2836 2834 2838 
3 2837 2836 2839 
3 2840 2836 2838 
3 2836 2840 2839 
3 2838 2819 2841 
3 2842 2812 2833 
3 2843 2837 2839 
3 2844 2824 2826 
3 2845 2846 2816 
3 2828 2821 2823 
3 2847 2818 2825 
3 2845 2848 2846 
3 2849 2815 2832 
3 2850 2849 2832 
3 2815 2830 2832 
3 2847 2819 2818 
3 2824 2847 2825 
3 2819 2822 2820 
3 2820 2825 2818 
3 2849 2845 2816 
3 2815 2814 2828 
3 2814 2827 2828 
3 2849 2816 2815 
3 2850 2845 2849 
3 2813 2851 2852 
3 2837 2813 2852 
3 2837 2843 2813 
3 2812 2851 2813 
3 2851 2831 2852 
3 2831 2830 2852 
3 2812 2811 2833 
3 2813 2843 2817 
3 2835 2837 2852 
3 2830 2835 2852 
3 2841 2819 2847 
3 2816 2846 2814 
3 2853 2854 2855 
3 2856 2857 2858 
3 2859 2860 2861 
3 2862 2863 2864 
3 2865 2866 2858 
3 2867 2868 2869 
3 2870 2867 2871 
3 2859 2872 2860 
3 2873 2874 2868 
3 2873 2875 2876 
3 2859 2877 2872 
3 2857 2861 2878 
3 2861 2879 2878 
3 2879 2880 2878 
3 2881 2857 2878 
3 2880 2881 2878 
3 2882 2883 2869 
3 2879 2882 2880 
3 2884 2885 2875 
3 2886 2884 2875 
3 2871 2867 2863 
3 2875 2885 2855 
3 2854 2887 2888 
3 2855 2854 2888 
3 2858 2876 2865 
3 2866 2856 2858 
3 2889 2866 2865 
3 2889 2865 2888 
3 2865 2875 2888 
3 2887 2889 2888 
3 2888 2875 2855 
3 2874 2876 2858 
3 2890 2861 2856 
3 2868 2874 2869 
3 2860 2879 2861 
3 2863 2867 2891 
3 2892 2864 2891 
3 2874 2881 2880 
3 2875 2865 2876 
3 2874 2858 2881 
3 2886 2893 2884 
3 2893 2886 2870 
3 2873 2886 2875 
3 2886 2873 2868 
3 2870 2886 2868 
3 2874 2873 2876 
3 2866 2890 2856 
3 2867 2870 2868 
3 2861 2857 2856 
3 2883 2867 2869 
3 2880 2882 2869 
3 2874 2880 2869 
3 2894 2895 2862 
3 2858 2857 2881 
3 2854 2853 2896 
3 2863 2891 2864 
3 2862 2895 2863 
3 2891 2867 2892 
3 2861 2890 2859 
3 2867 2883 2892 
3 2897 2898 2899 
3 2900 2901 2902 
3 2903 2904 2905 
3 2906 2907 2908 
3 2909 2910 2911 
3 2897 2912 2910 
3 2911 2910 2902 
3 2913 2908 2914 
3 2915 2897 2899 
3 2902 2901 2916 
3 2899 2917 2918 
3 2904 2919 2905 
3 2920 2901 2900 
3 2921 2922 2923 
3 2922 2899 2923 
3 2902 2910 2900 
3 2904 2924 2919 
3 2925 2926 2924 
3 2927 2925 2924 
3 2904 2927 2924 
3 2900 2910 2920 
3 2919 2924 2928 
3 2927 2929 2925 
3 2929 2926 2925 
3 2927 2930 2929 
3 2930 2931 2929 
3 2931 2932 2929 
3 2932 2926 2929 
3 2917 2933 2906 
3 2907 2906 2933 
3 2918 2917 2906 
3 2934 2902 2916 
3 2931 2935 2932 
3 2935 2926 2932 
3 2917 2931 2933 
3 2931 2936 2933 
3 2918 2906 2908 
3 2910 2909 2937 
3 2909 2938 2937 
3 2897 2915 2912 
3 2898 2897 2937 
3 2918 2908 2921 
3 2898 2917 2899 
3 2922 2915 2899 
3 2939 2938 2909 
3 2938 2939 2940 
3 2938 2940 2926 
3 2938 2935 2937 
3 2935 2938 2926 
3 2940 2928 2926 
3 2935 2898 2937 
3 2898 2935 2931 
3 2898 2931 2917 
3 2936 2907 2933 
3 2931 2930 2936 
3 2921 2923 2918 
3 2937 2897 2910 
3 2941 2934 2916 
3 2908 2907 2914 
3 2910 2912 2920 
3 2923 2899 2918 
3 2926 2928 2924 
3 2942 2943 2944 
3 2945 2946 2947 
3 2948 2949 2950 
3 2951 2952 2953 
3 2954 2955 2956 
3 2957 2958 2959 
3 2948 2960 2961 
3 2962 2959 2942 
3 2963 2964 2961 
3 2965 2966 2956 
3 2958 2967 2959 
3 2966 2945 2968 
3 2961 2969 2963 
3 2947 2970 2945 
3 2949 2948 2971 
3 2972 2948 2961 
3 2955 2973 2956 
3 2974 2968 2975 
3 2966 2968 2956 
3 2951 2976 2967 
3 2964 2977 2971 
3 2948 2972 2971 
3 2975 2978 2954 
3 2965 2979 2966 
3 2945 2966 2979 
3 2973 2965 2956 
3 2968 2974 2956 
3 2976 2980 2944 
3 2981 2949 2982 
3 2952 2983 2953 
3 2950 2949 2984 
3 2959 2943 2942 
3 2980 2985 2944 
3 2967 2958 2951 
3 2986 2952 2951 
3 2985 2981 2944 
3 2958 2986 2951 
3 2987 2969 2988 
3 2984 2981 2985 
3 2981 2984 2949 
3 2972 2964 2971 
3 2962 2989 2959 
3 2981 2942 2944 
3 2962 2955 2954 
3 2942 2981 2982 
3 2949 2990 2982 
3 2945 2970 2968 
3 2990 2949 2971 
3 2977 2990 2971 
3 2990 2955 2982 
3 2962 2942 2982 
3 2955 2962 2982 
3 2991 2990 2977 
3 2990 2991 2955 
3 2989 2962 2978 
3 2978 2962 2954 
3 2987 2963 2969 
3 2944 2943 2967 
3 2974 2975 2954 
3 2968 2970 2975 
3 2960 2948 2950 
3 2992 2973 2991 
3 2957 2959 2989 
3 2964 2972 2961 
3 2980 2976 2993 
3 2993 2976 2953 
3 2967 2943 2959 
3 2973 2955 2991 
3 2973 2992 2965 
3 2974 2954 2956 
3 2976 2944 2967 
3 2976 2951 2953 
3 2994 2995 2996 
3 2997 2998 2999 
3 3000 3001 3002 
3 3003 2994 3004 
3 3003 2995 2994 
3 3005 3006 3007 
3 3006 3008 3007 
3 3009 3010 3011 
3 2999 3012 2997 
3 3008 3000 3007 
3 3000 3013 3007 
3 3014 3005 3007 
3 3015 3016 3017 
3 3001 3000 3008 
3 3018 3019 3020 
3 3021 3022 3023 
3 3024 2995 3025 
3 3026 3027 3028 
3 3027 3026 3001 
3 3027 3001 3008 
3 3028 3027 3029 
3 3030 2999 3020 
3 2995 3003 3025 
3 3031 3005 3018 
3 3013 3014 3007 
3 3032 3033 3022 
3 3033 3034 3022 
3 3021 3035 3022 
3 3005 3036 3018 
3 3000 3017 3016 
3 3037 3029 3025 
3 3037 3028 3029 
3 3029 3027 3038 
3 3027 3008 3038 
3 3021 3023 3038 
3 3023 3029 3038 
3 3008 3006 3038 
3 3006 3021 3038 
3 3022 3034 3039 
3 3024 3025 3039 
3 3034 3024 3039 
3 3022 3035 3032 
3 3031 2999 3032 
3 3004 3037 3003 
3 3035 3006 3031 
3 3021 3006 3035 
3 3031 3018 3020 
3 3036 3019 3018 
3 3000 3002 3040 
3 3041 3012 3030 
3 3000 3040 3017 
3 3014 3036 3005 
3 3022 3039 3023 
3 3035 3031 3032 
3 3029 3023 3039 
3 3013 3000 3016 
3 3040 3011 3015 
3 3020 3019 3030 
3 3017 3040 3015 
3 3006 3005 3031 
3 3012 2999 3030 
3 3037 3025 3003 
3 3009 3011 3040 
3 2998 3032 2999 
3 3025 3029 3039 
3 3031 3020 2999 
3 3033 3032 2998 
3 3042 3043 3044 
3 3045 3046 3047 
3 3048 3049 3050 
3 3051 3052 3053 
3 3054 3055 3056 
3 3055 3057 3058 
3 3059 3060 3043 
3 3042 3049 3043 
3 3061 3059 3043 
3 3049 3048 3043 
3 3055 3062 3057 
3 3043 3060 3044 
3 3063 3044 3060 
3 3061 3043 3048 
3 3064 3056 3058 
3 3045 3047 3064 
3 3065 3066 3067 
3 3066 3065 3068 
3 3069 3055 3070 
3 3058 3057 3064 
3 3067 3055 3069 
3 3054 3071 3070 
3 3065 3067 3069 
3 3068 3065 3059 
3 3060 3065 3069 
3 3065 3060 3059 
3 3061 3068 3059 
3 3072 3073 3074 
3 3075 3076 3070 
3 3071 3077 3075 
3 3076 3069 3070 
3 3071 3075 3070 
3 3051 3076 3075 
3 3060 3076 3063 
3 3076 3060 3069 
3 3076 3051 3063 
3 3050 3049 3078 
3 3074 3051 3077 
3 3063 3051 3053 
3 3051 3075 3077 
3 3074 3073 3051 
3 3055 3058 3056 
3 3055 3054 3070 
3 3057 3045 3064 
3 3055 3067 3062 
3 3052 3051 3073 
3 3044 3063 3053 
3 3079 3080 3081 
3 3082 3083 3084 
3 3085 3086 3087 
3 3087 3088 3089 
3 3090 3091 3092 
3 3091 3093 3094 
3 3094 3095 3092 
3 3096 3079 3081 
3 3083 3097 3098 
3 3099 3100 3101 
3 3098 3099 3101 
3 3102 3103 3098 
3 3100 3084 3083 
3 3097 3104 3098 
3 3105 3106 3107 
3 3108 3085 3087 
3 3109 3097 3110 
3 3111 3109 3110 
3 3109 3104 3097 
3 3095 3112 3113 
3 3095 3094 3114 
3 3105 3109 3088 
3 3110 3082 3115 
3 3106 3116 3107 
3 3086 3117 3106 
3 3109 3118 3088 
3 3109 3105 3107 
3 3087 3106 3088 
3 3118 3109 3111 
3 3116 3119 3120 
3 3119 3116 3117 
3 3117 3116 3106 
3 3116 3121 3107 
3 3104 3109 3107 
3 3116 3120 3121 
3 3121 3104 3107 
3 3098 3104 3121 
3 3097 3083 3082 
3 3110 3097 3082 
3 3089 3108 3087 
3 3120 3094 3121 
3 3102 3093 3103 
3 3101 3083 3098 
3 3106 3105 3088 
3 3112 3122 3113 
3 3090 3092 3095 
3 3090 3095 3113 
3 3094 3093 3102 
3 3121 3094 3102 
3 3082 3084 3079 
3 3101 3100 3083 
3 3114 3094 3120 
3 3088 3118 3089 
3 3115 3082 3079 
3 3102 3098 3121 
3 3092 3091 3094 
3 3108 3123 3085 
3 3115 3111 3110 
3 3123 3108 3124 
3 3080 3079 3084 
3 3099 3098 3103 
3 3086 3106 3087 
3 3125 3126 3127 
3 3128 3129 3130 
3 3131 3132 3133 
3 3134 3135 3136 
3 3125 3137 3126 
3 3138 3139 3133 
3 3140 3141 3133 
3 3130 3129 3142 
3 3143 3144 3136 
3 3145 3146 3147 
3 3145 3148 3149 
3 3126 3145 3149 
3 3150 3151 3149 
3 3148 3150 3149 
3 3151 3152 3149 
3 3152 3126 3149 
3 3153 3138 3154 
3 3155 3130 3156 
3 3140 3132 3157 
3 3153 3148 3138 
3 3137 3125 3158 
3 3159 3153 3154 
3 3160 3137 3158 
3 3161 3162 3163 
3 3164 3125 3130 
3 3125 3156 3130 
3 3143 3135 3165 
3 3135 3143 3136 
3 3164 3158 3125 
3 3153 3159 3166 
3 3152 3163 3167 
3 3163 3152 3151 
3 3168 3169 3170 
3 3171 3168 3170 
3 3151 3150 3170 
3 3150 3171 3170 
3 3172 3154 3141 
3 3166 3150 3153 
3 3173 3133 3139 
3 3174 3175 3161 
3 3167 3155 3127 
3 3126 3152 3127 
3 3152 3167 3127 
3 3155 3156 3127 
3 3128 3130 3155 
3 3134 3136 3168 
3 3150 3166 3171 
3 3141 3154 3138 
3 3176 3158 3164 
3 3130 3142 3164 
3 3138 3148 3147 
3 3137 3160 3177 
3 3145 3177 3146 
3 3137 3177 3145 
3 3148 3145 3147 
3 3173 3139 3147 
3 3146 3173 3147 
3 3151 3174 3161 
3 3156 3125 3127 
3 3139 3138 3147 
3 3133 3132 3140 
3 3153 3150 3148 
3 3141 3138 3133 
3 3169 3174 3170 
3 3175 3174 3144 
3 3142 3129 3178 
3 3164 3142 3176 
3 3140 3172 3141 
3 3174 3169 3136 
3 3136 3169 3168 
3 3131 3133 3173 
3 3174 3151 3170 
3 3137 3145 3126 
3 3151 3161 3163 
3 3136 3144 3174 
3 3162 3161 3175 
3 3179 3180 3181 
3 3182 3179 3183 
3 3184 3182 3183 
3 3180 3185 3181 
3 3186 3184 3185 
3 3183 3179 3181 
3 3187 3188 3189 
3 3190 3191 3192 
3 3180 3193 3194 
3 3184 3183 3181 
3 3195 3196 3197 
3 3185 3184 3181 
3 3198 3182 3184 
3 3199 3198 3184 
3 3200 3201 3202 
3 3201 3203 3204 
3 3198 3199 3205 
3 3198 3203 3206 
3 3203 3198 3205 
3 3182 3198 3206 
3 3203 3205 3207 
3 3203 3207 3204 
3 3206 3203 3201 
3 3208 3209 3197 
3 3210 3179 3182 
3 3210 3211 3212 
3 3211 3210 3182 
3 3211 3182 3206 
3 3211 3213 3190 
3 3213 3211 3206 
3 3212 3211 3190 
3 3213 3206 3201 
3 3213 3214 3215 
3 3214 3213 3201 
3 3191 3187 3189 
3 3214 3201 3200 
3 3192 3212 3190 
3 3207 3216 3204 
3 3217 3191 3189 
3 3188 3187 3190 
3 3204 3218 3202 
3 3185 3180 3194 
3 3186 3185 3194 
3 3191 3219 3192 
3 3190 3213 3188 
3 3202 3201 3204 
3 3184 3186 3220 
3 3199 3184 3220 
3 3215 3189 3188 
3 3196 3208 3197 
3 3213 3215 3188 
3 3187 3191 3190 
3 3191 3217 3219 
3 3216 3209 3204 
3 3204 3208 3218 
3 3208 3196 3218 
3 3218 3200 3202 
3 3196 3200 3218 
3 3204 3209 3208 
3 3221 3222 3223 
3 3224 3225 3226 
3 3227 3228 3229 
3 3225 3224 3222 
3 3223 3222 3224 
3 3230 3231 3226 
3 3231 3224 3226 
3 3232 3233 3234 
3 3235 3236 3237 
3 3238 3235 3237 
3 3228 3239 3229 
3 3239 3240 3241 
3 3239 3241 3229 
3 3228 3242 3243 
3 3242 3233 3243 
3 3244 3237 3236 
3 3233 3242 3231 
3 3242 3224 3231 
3 3245 3233 3232 
3 3246 3247 3248 
3 3249 3240 3250 
3 3251 3236 3235 
3 3252 3253 3254 
3 3230 3226 3255 
3 3226 3225 3255 
3 3225 3256 3257 
3 3225 3222 3256 
3 3258 3259 3238 
3 3260 3223 3224 
3 3245 3252 3261 
3 3246 3248 3257 
3 3262 3227 3229 
3 3256 3246 3257 
3 3221 3256 3222 
3 3237 3244 3258 
3 3231 3230 3234 
3 3254 3250 3252 
3 3252 3250 3261 
3 3233 3231 3234 
3 3225 3263 3255 
3 3257 3263 3225 
3 3244 3264 3258 
3 3240 3249 3241 
3 3233 3261 3240 
3 3261 3250 3240 
3 3233 3245 3261 
3 3244 3236 3227 
3 3262 3244 3227 
3 3236 3228 3227 
3 3238 3237 3258 
3 3258 3265 3266 
3 3262 3264 3244 
3 3224 3242 3267 
3 3236 3251 3267 
3 3267 3242 3268 
3 3251 3260 3267 
3 3260 3224 3267 
3 3228 3243 3239 
3 3233 3240 3239 
3 3243 3233 3239 
3 3241 3262 3229 
3 3236 3267 3268 
3 3242 3228 3268 
3 3228 3236 3268 
3 3266 3259 3258 
3 3269 3270 3271 
3 3272 3273 3274 
3 3275 3276 3271 
3 3277 3275 3278 
3 3275 3270 3278 
3 3279 3280 3281 
3 3269 3279 3270 
3 3282 3270 3281 
3 3283 3277 3278 
3 3270 3282 3278 
3 3284 3283 3278 
3 3283 3284 3285 
3 3280 3286 3281 
3 3282 3284 3278 
3 3287 3285 3288 
3 3287 3288 3289 
3 3290 3288 3291 
3 3292 3288 3290 
3 3293 3289 3294 
3 3269 3271 3295 
3 3296 3271 3276 
3 3297 3291 3274 
3 3273 3297 3274 
3 3298 3299 3300 
3 3291 3288 3284 
3 3292 3294 3289 
3 3270 3275 3271 
3 3298 3301 3302 
3 3288 3292 3289 
3 3274 3291 3303 
3 3285 3284 3288 
3 3304 3274 3303 
3 3296 3305 3306 
3 3280 3307 3286 
3 3299 3298 3308 
3 3298 3302 3308 
3 3309 3299 3308 
3 3271 3296 3295 
3 3296 3306 3295 
3 3290 3291 3297 
3 3273 3272 3310 
3 3272 3286 3310 
3 3311 3300 3310 
3 3300 3273 3310 
3 3304 3286 3272 
3 3312 3304 3303 
3 3284 3312 3303 
3 3303 3291 3284 
3 3307 3301 3311 
3 3286 3307 3311 
3 3298 3311 3301 
3 3270 3279 3281 
3 3282 3304 3312 
3 3284 3282 3312 
3 3286 3304 3313 
3 3304 3282 3313 
3 3281 3286 3313 
3 3282 3281 3313 
3 3298 3300 3311 
3 3304 3272 3274 
3 3310 3286 3311 
3 3314 3315 3316 
3 3317 3318 3316 
3 3319 3320 3321 
3 3322 3315 3323 
3 3323 3324 3325 
3 3323 3315 3314 
3 3326 3327 3328 
3 3329 3330 3331 
3 3332 3331 3330 
3 3333 3334 3335 
3 3336 3337 3338 
3 3339 3336 3338 
3 3340 3339 3341 
3 3341 3342 3343 
3 3319 3327 3320 
3 3344 3326 3345 
3 3335 3334 3338 
3 3344 3339 3346 
3 3347 3348 3349 
3 3350 3344 3351 
3 3344 3346 3352 
3 3353 3354 3347 
3 3340 3355 3317 
3 3356 3353 3347 
3 3316 3354 3353 
3 3356 3316 3353 
3 3357 3348 3347 
3 3316 3318 3358 
3 3359 3360 3358 
3 3319 3361 3362 
3 3357 3347 3354 
3 3350 3363 3321 
3 3342 3334 3364 
3 3314 3316 3358 
3 3364 3365 3366 
3 3339 3356 3346 
3 3334 3342 3341 
3 3343 3342 3366 
3 3363 3351 3349 
3 3356 3317 3316 
3 3328 3367 3336 
3 3368 3341 3343 
3 3323 3360 3324 
3 3344 3350 3326 
3 3326 3328 3345 
3 3360 3323 3314 
3 3369 3370 3365 
3 3364 3369 3365 
3 3369 3333 3370 
3 3333 3371 3370 
3 3371 3332 3370 
3 3365 3370 3332 
3 3316 3315 3354 
3 3364 3333 3369 
3 3361 3372 3373 
3 3362 3361 3373 
3 3374 3362 3373 
3 3321 3363 3375 
3 3351 3344 3352 
3 3355 3318 3317 
3 3322 3323 3325 
3 3363 3350 3351 
3 3346 3356 3347 
3 3364 3334 3333 
3 3365 3330 3366 
3 3339 3344 3336 
3 3334 3339 3338 
3 3336 3344 3345 
3 3368 3355 3340 
3 3356 3340 3317 
3 3356 3339 3340 
3 3368 3340 3341 
3 3352 3346 3347 
3 3348 3376 3349 
3 3339 3334 3341 
3 3352 3347 3349 
3 3315 3322 3377 
3 3367 3337 3336 
3 3355 3359 3318 
3 3327 3367 3328 
3 3327 3326 3320 
3 3337 3335 3338 
3 3318 3359 3358 
3 3349 3351 3352 
3 3330 3365 3332 
3 3372 3361 3321 
3 3363 3349 3376 
3 3371 3333 3335 
3 3361 3319 3321 
3 3354 3315 3377 
3 3358 3360 3314 
3 3328 3336 3345 
3 3342 3364 3366 
3 3324 3378 3325 
3 3350 3320 3326 
3 3372 3321 3375 
3 3357 3354 3377 
3 3363 3376 3375 
3 3320 3350 3321 
3 3379 3380 3381 
3 3382 3379 3381 
3 3383 3384 3385 
3 3385 3384 3386 
3 3387 3379 3388 
3 3382 3388 3379 
3 3389 3390 3391 
3 3392 3393 3394 
3 3389 3395 3390 
3 3396 3397 3390 
3 3395 3396 3390 
3 3398 3382 3381 
3 3387 3388 3399 
3 3396 3400 3401 
3 3389 3402 3395 
3 3380 3403 3381 
3 3380 3404 3403 
3 3405 3384 3406 
3 3402 3407 3408 
3 3409 3382 3410 
3 3382 3411 3388 
3 3412 3399 3411 
3 3385 3386 3413 
3 3405 3411 3414 
3 3415 3414 3416 
3 3414 3417 3416 
3 3414 3415 3384 
3 3384 3415 3386 
3 3412 3411 3400 
3 3411 3405 3400 
3 3396 3418 3400 
3 3405 3397 3401 
3 3384 3405 3414 
3 3397 3405 3406 
3 3397 3396 3401 
3 3397 3406 3383 
3 3406 3384 3383 
3 3390 3397 3391 
3 3419 3396 3408 
3 3407 3419 3408 
3 3392 3394 3391 
3 3385 3393 3392 
3 3394 3389 3391 
3 3420 3385 3421 
3 3385 3420 3393 
3 3422 3421 3423 
3 3418 3412 3400 
3 3421 3385 3413 
3 3417 3414 3409 
3 3411 3382 3409 
3 3414 3411 3409 
3 3396 3395 3408 
3 3397 3392 3391 
3 3382 3398 3410 
3 3424 3407 3402 
3 3400 3405 3401 
3 3392 3383 3385 
3 3417 3409 3410 
3 3399 3388 3411 
3 3421 3413 3423 
3 3419 3418 3396 
3 3402 3408 3395 
3 3392 3397 3383 
3 3425 3426 3427 
3 3428 3429 3430 
3 3431 3432 3433 
3 3434 3435 3436 
3 3435 3437 3436 
3 3438 3439 3440 
3 3441 3442 3429 
3 3443 3444 3445 
3 3444 3446 3445 
3 3446 3447 3445 
3 3447 3448 3445 
3 3433 3449 3440 
3 3449 3438 3440 
3 3433 3443 3449 
3 3443 3438 3449 
3 3430 3442 3448 
3 3438 3443 3450 
3 3448 3438 3450 
3 3451 3428 3430 
3 3441 3439 3452 
3 3428 3453 3429 
3 3447 3451 3448 
3 3439 3438 3452 
3 3438 3448 3452 
3 3444 3436 3454 
3 3442 3441 3452 
3 3455 3456 3440 
3 3455 3457 3456 
3 3456 3457 3425 
3 3454 3446 3444 
3 3443 3433 3432 
3 3444 3443 3432 
3 3433 3456 3458 
3 3432 3431 3459 
3 3460 3458 3456 
3 3439 3455 3440 
3 3460 3456 3427 
3 3454 3436 3437 
3 3461 3444 3432 
3 3461 3432 3462 
3 3432 3459 3462 
3 3448 3451 3430 
3 3431 3433 3458 
3 3434 3463 3435 
3 3448 3442 3452 
3 3444 3461 3436 
3 3442 3430 3429 
3 3434 3436 3464 
3 3450 3443 3445 
3 3448 3450 3445 
3 3461 3464 3436 
3 3440 3456 3433 
3 3456 3425 3427 
3 3465 3466 3467 
3 3468 3465 3467 
3 3469 3470 3466 
3 3471 3472 3467 
3 3473 3474 3475 
3 3476 3477 3478 
3 3479 3480 3481 
3 3480 3473 3482 
3 3465 3469 3466 
3 3475 3481 3482 
3 3478 3477 3483 
3 3484 3485 3483 
3 3477 3484 3483 
3 3484 3477 3486 
3 3485 3478 3483 
3 3484 3487 3485 
3 3484 3486 3488 
3 3486 3489 3488 
3 3490 3484 3488 
3 3484 3490 3487 
3 3472 3489 3468 
3 3489 3472 3488 
3 3491 3492 3493 
3 3487 3490 3494 
3 3490 3488 3495 
3 3488 3472 3495 
3 3496 3490 3495 
3 3490 3496 3494 
3 3497 3472 3471 
3 3472 3497 3495 
3 3482 3473 3475 
3 3498 3492 3499 
3 3472 3468 3467 
3 3494 3496 3479 
3 3496 3495 3500 
3 3495 3497 3500 
3 3480 3496 3500 
3 3496 3480 3479 
3 3497 3471 3491 
3 3501 3497 3491 
3 3497 3501 3500 
3 3498 3493 3492 
3 3499 3492 3471 
3 3491 3471 3492 
3 3466 3470 3498 
3 3499 3471 3467 
3 3480 3500 3502 
3 3500 3501 3502 
3 3473 3480 3502 
3 3466 3499 3467 
3 3466 3498 3499 
3 3481 3480 3482 
3 3503 3504 3505 
3 3506 3507 3508 
3 3509 3510 3511 
3 3512 3513 3514 
3 3515 3516 3517 
3 3518 3515 3517 
3 3519 3515 3518 
3 3520 3521 3522 
3 3523 3520 3522 
3 3524 3525 3510 
3 3504 3526 3527 
3 3528 3529 3513 
3 3530 3531 3507 
3 3509 3532 3533 
3 3528 3513 3533 
3 3534 3525 3524 
3 3535 3536 3505 
3 3506 3530 3507 
3 3537 3538 3539 
3 3529 3503 3540 
3 3541 3519 3518 
3 3542 3541 3518 
3 3542 3517 3543 
3 3544 3507 3531 
3 3538 3522 3545 
3 3546 3534 3547 
3 3524 3510 3547 
3 3527 3548 3535 
3 3505 3527 3535 
3 3546 3549 3550 
3 3532 3509 3511 
3 3551 3532 3511 
3 3516 3515 3552 
3 3545 3535 3548 
3 3505 3504 3527 
3 3525 3553 3510 
3 3530 3519 3541 
3 3510 3553 3511 
3 3521 3516 3522 
3 3515 3519 3549 
3 3554 3555 3539 
3 3506 3519 3530 
3 3519 3556 3549 
3 3546 3547 3549 
3 3557 3515 3547 
3 3521 3558 3559 
3 3556 3506 3508 
3 3545 3516 3536 
3 3515 3557 3552 
3 3503 3560 3540 
3 3542 3518 3517 
3 3509 3533 3513 
3 3557 3512 3514 
3 3517 3516 3559 
3 3516 3521 3559 
3 3558 3517 3559 
3 3561 3503 3505 
3 3547 3515 3549 
3 3507 3544 3508 
3 3560 3513 3540 
3 3505 3536 3561 
3 3521 3520 3558 
3 3517 3558 3543 
3 3539 3548 3554 
3 3540 3513 3529 
3 3562 3544 3563 
3 3527 3526 3554 
3 3548 3538 3545 
3 3536 3516 3561 
3 3510 3509 3512 
3 3549 3556 3550 
3 3533 3532 3564 
3 3538 3537 3522 
3 3556 3519 3506 
3 3527 3554 3548 
3 3563 3544 3531 
3 3548 3539 3538 
3 3516 3545 3522 
3 3550 3556 3508 
3 3560 3503 3561 
3 3553 3551 3511 
3 3534 3524 3547 
3 3537 3523 3522 
3 3520 3543 3558 
3 3510 3557 3547 
3 3552 3561 3516 
3 3557 3514 3560 
3 3555 3537 3539 
3 3514 3513 3560 
3 3552 3560 3561 
3 3552 3557 3560 
3 3512 3509 3513 
3 3554 3565 3555 
3 3535 3545 3536 
3 3512 3557 3510 

