ply
format ascii 1.0
element vertex 2286
property float32 x
property float32 y
property float32 z
property uchar red
property uchar green
property uchar blue
property uchar alpha
element face 3576
property list uint8 int32 vertex_indices
end_header
-0.358464785473379 0.355342069251387 0.662575065746408 255 128 128 255 
-0.330120963233116 0.321705136442214 0.724555820795844 255 128 128 255 
-0.295021533857098 0.389745180951366 0.691615205662709 255 128 128 255 
-0.0678969637420829 0.56769374344466 0.740791213284431 255 128 128 255 
-0.104319296678587 0.461258241089283 0.810804382703304 255 128 128 255 
-0.0339484818710415 0.546712427781897 0.795721010818235 255 128 128 255 
-0.326703467773153 0.727644959445398 0.322033493252623 255 128 128 255 
-0.365719096037749 0.75175794380535 0.258904880628075 255 128 128 255 
-0.394304362468215 0.691662949076269 0.29041460892669 255 128 128 255 
-0.0521596483392935 0.493494676604208 0.830727595527672 255 128 128 255 
-0.390121318291186 0.284622877679264 0.701637724500723 255 128 128 255 
-0.670372521191857 0.15447576482495 0.551533634454367 255 128 128 255 
-0.712988066670301 0.0850802533438112 0.578313600457061 255 128 128 255 
-0.645947609667491 0.126513534392874 0.603920776410809 255 128 128 255 
-0.357847874656365 0.663622235276469 0.354911810538339 255 128 128 255 
-0.76013999062036 0.153399304002644 0.46284262584817 255 128 128 255 
-0.776042313729823 0.195327574770428 0.405012031970922 255 128 128 255 
-0.800844858220574 0.130393670286161 0.445143391964439 255 128 128 255 
-0.825647402711325 0.0654597658018941 0.485274751957955 255 128 128 255 
-0.174359316039324 0.633491095686621 0.568531508745229 255 128 128 255 
-0.21136400637226 0.65636125205554 0.508656662043374 255 128 128 255 
-0.240226820422699 0.575172698964371 0.560982401084104 255 128 128 255 
-0.525731112119133 0.85065080835204 1.27176415817872E-17 255 128 128 255 
-0.552026140934381 0.781809529178565 0.0425462503582276 255 128 128 255 
-0.485309235439506 0.825668714674973 0.0654039703566942 255 128 128 255 
-0.520254247635108 0.741210688294387 0.114916984541679 255 128 128 255 
-0.578321169749628 0.71296825000509 0.0850925007164552 255 128 128 255 
-0.462832091556114 0.760399390183276 0.153150438731784 255 128 128 255 
-0.445206473697353 0.800883844875584 0.130291601898237 255 128 128 255 
-0.604135255215563 0.645386096866779 0.126860568388832 255 128 128 255 
-0.629309840112192 0.579478177954732 0.167593902404249 255 128 128 255 
-0.588844792333994 0.598352644751423 0.189184483385757 255 128 128 255 
-0.654484425008822 0.513570259042685 0.208327236419666 255 128 128 255 
-0.551521862979807 0.670316922192322 0.154543135299044 255 128 128 255 
-0.491741858981914 0.696541649792859 0.188098411696401 255 128 128 255 
-0.525743761576929 0.628909115059192 0.221729043835052 255 128 128 255 
-0.4051037119552 0.776098975076195 0.195179233439779 255 128 128 255 
-0.430037326699317 0.722689119742616 0.223655474029241 255 128 128 255 
-0.678821391825807 0.449855252732742 0.247705275912625 255 128 128 255 
-0.60526501160215 0.486489994014208 0.284626914854816 255 128 128 255 
-0.635273382718837 0.420506508079051 0.320602029673286 255 128 128 255 
-0.703158358642791 0.386140246422798 0.287083315405584 255 128 128 255 
-0.566794267708508 0.557006625401704 0.252581027360962 255 128 128 255 
-0.495200766802909 0.592137236264494 0.289043917403771 255 128 128 255 
-0.531266851613155 0.523633814526078 0.32148125433194 255 128 128 255 
-0.460522839196708 0.659673810521748 0.256185270752718 255 128 128 255 
-0.426588321704607 0.627032789728624 0.322760809037942 255 128 128 255 
-0.691597667086367 0.2906192639419 0.394164989442906 255 128 128 255 
-0.663336384604461 0.355507499836071 0.357538036030642 255 128 128 255 
-0.727299494515914 0.322937932179933 0.326144493775326 255 128 128 255 
-0.751670904122868 0.259132753475181 0.365578262873124 255 128 128 255 
-0.722483411901404 0.223944304333466 0.429954204236303 255 128 128 255 
-0.596153974219697 0.389311552033034 0.390916394218443 255 128 128 255 
-0.627003965122823 0.322984295261566 0.426393660086784 255 128 128 255 
-0.287687839508557 0.703531975085447 0.38516210587717 255 128 128 255 
-0.565055127496763 0.455828787227543 0.355498005746867 255 128 128 255 
-0.494804912989362 0.491284483972067 0.390292523509744 255 128 128 255 
-0.52772688941299 0.423605948717156 0.425049082341028 255 128 128 255 
-0.460713592305892 0.559485892768887 0.356182435396394 255 128 128 255 
-0.391122045920168 0.59607892186175 0.389180952689256 255 128 128 255 
-0.42526991094393 0.527536169304403 0.42357584022284 255 128 128 255 
-0.320681210563494 0.635781816461327 0.419918893446353 255 128 128 255 
-0.696375205995248 0.188227983333307 0.491778731142619 255 128 128 255 
-0.741024171628321 0.115018156871825 0.520339591971028 255 128 128 255 
-0.659673933813128 0.256197910649095 0.46051007600895 255 128 128 255 
-0.592340132797171 0.288996986350841 0.495044801323161 255 128 128 255 
-0.629066383377328 0.221603995504604 0.525711541589242 255 128 128 255 
-0.559780649995933 0.35612658765746 0.46047468281778 255 128 128 255 
-0.491744083943707 0.390137087751804 0.494500748775663 255 128 128 255 
-0.524204644766335 0.321159315241885 0.531017960462953 255 128 128 255 
-0.459025324346445 0.45864135341177 0.458715242712958 255 128 128 255 
-0.390191282836328 0.494755209554488 0.491435428080358 255 128 128 255 
-0.424079251062947 0.424909204176634 0.527393465231592 255 128 128 255 
-0.354960188457772 0.565690688938917 0.455731043074484 255 128 128 255 
-0.282807548256288 0.60730388204832 0.486270490166565 255 128 128 255 
-0.318644505588624 0.533159028406148 0.524578386476401 255 128 128 255 
-0.249210671106057 0.679751777221848 0.447419472143268 255 128 128 255 
-0.85065080835204 -1.0071118391079E-16 0.525731112119134 255 128 128 255 
-0.781819437511171 0.0425401266719055 0.552022356288097 255 128 128 255 
-0.598778987341976 0.18890651330338 0.588696419825817 255 128 128 255 
-0.580629733571844 0.166882201892938 0.628869985006392 255 128 128 255 
-0.557539142370796 0.252285038289452 0.566557739810925 255 128 128 255 
-0.487492029144889 0.284018183941108 0.604871707385176 255 128 128 255 
-0.515311857476196 0.207250869393003 0.653819193601975 255 128 128 255 
-0.45657321449886 0.355079746832942 0.564728959139372 255 128 128 255 
-0.39025349992874 0.390285247078225 0.595843173464208 255 128 128 255 
-0.422327258922903 0.319414340465586 0.634640321082684 255 128 128 255 
-0.35597525031288 0.460572034395644 0.55983463576265 255 128 128 255 
-0.287099308277156 0.495500473841881 0.593782138352137 255 128 128 255 
-0.324279656915424 0.424676268097741 0.627425995458009 255 128 128 255 
-0.187044350615537 0.578271235406575 0.611066334449061 255 128 128 255 
-0.221348092569468 0.522646528261509 0.632387299640196 255 128 128 255 
-0.138297468104002 0.611203647965461 0.62688080440171 255 128 128 255 
-0.161887436265526 0.549231902367717 0.665262581837931 255 128 128 255 
-0.452716587883691 0.245936873536134 0.677728459051349 255 128 128 255 
-0.25862251666657 0.45563560612323 0.662123797681374 255 128 128 255 
-0.193320414972601 0.48169849286489 0.701363012633683 255 128 128 255 
-0.231336250174584 0.418013341955821 0.727032328340768 255 128 128 255 
-0.10223562016868 0.588916200244302 0.685230100058192 255 128 128 255 
-0.131021244151468 0.51281045839926 0.732550217920445 255 128 128 255 
-0.27190265420843 0.357686030187014 0.746793236075729 255 128 128 255 
-0.213684345183745 0.393666923931814 0.769030651355614 255 128 128 255 
-0.159001820931166 0.427462582510549 0.789917517029459 255 128 128 255 
-2.62498282808662E-17 0.525731112119134 0.85065080835204 255 128 128 255 
0.19708142950452 0.777139559595811 0.192454947799255 128 255 128 255 
0.125290112101464 0.754091979061296 0.252794296997067 128 255 128 255 
0.192714865101117 0.739305575082362 0.291505605185303 128 255 128 255 
-0.404759202056522 0.822318371955712 0.0741752814696825 128 255 128 255 
-0.485309235439506 0.825668714674973 0.0654039703566942 128 255 128 255 
-0.445206473697353 0.800883844875584 0.130291601898237 128 255 128 255 
-0.173278907098341 0.75424664598901 0.252389373723376 128 255 128 255 
-0.227047838273985 0.72994415391689 0.316014123979511 128 255 128 255 
-0.13915546639047 0.726783964231363 0.324287607987119 128 255 128 255 
-0.259662179704739 0.838728955463778 0.0312118160703472 128 255 128 255 
-0.321895239970928 0.85065080835204 1.19170175218597E-17 128 255 128 255 
-0.313880956547435 0.820854682175342 0.0780072710636772 128 255 128 255 
-0.204000327745494 0.85065080835204 1.17417015421603E-17 128 255 128 255 
-0.204841863623163 0.820837670087426 0.0780518092880592 128 255 128 255 
-0.43191701403885 0.837322175833691 0.0348948129565942 128 255 128 255 
-0.387166735105479 0.85065080835204 1.20998253635854E-17 128 255 128 255 
-0.0945488231107539 0.645465916286729 0.537181021404962 128 255 128 255 
-0.174359316039324 0.633491095686621 0.568531508745229 128 255 128 255 
-0.0796415693662937 0.618571264382222 0.60759213420656 128 255 128 255 
-0.10052005071173 0.781303367417495 0.181553957399465 128 255 128 255 
-0.0960985199891697 0.748147830626965 0.26835627963232 128 255 128 255 
0.15690217991604 0.622701992216197 0.596777748338936 128 255 128 255 
0.189399826193303 0.642786642169918 0.544195452107953 128 255 128 255 
0.127611145195082 0.648221766470187 0.529966111956767 128 255 128 255 
-0.151376910654612 0.85065080835204 1.17491934041867E-17 128 255 128 255 
-0.100635112792839 0.822145122917077 0.0746288533413449 128 255 128 255 
-0.100579302313397 0.85065080835204 1.17542229674078E-17 128 255 128 255 
-0.0497816939721816 0.85065080835204 1.17592525311104E-17 128 255 128 255 
0.254163935693212 0.747896863746741 0.269013319454796 128 255 128 255 
0.305541493052298 0.772630468373529 0.204259901877564 128 255 128 255 
0.324027921070217 0.725991380644496 0.32636261875646 128 255 128 255 
-0.262947783858211 0.85065080835204 1.18293595317693E-17 128 255 128 255 
0.481244511476286 0.85065080835204 -1.09598853465395E-17 128 255 128 255 
0.493496084901264 0.830728465903119 0.0521573696667905 128 255 128 255 
0.525731112119133 0.85065080835204 -1.76394611265708E-17 128 255 128 255 
-0.0339484818710415 0.546712427781897 0.795721010818235 128 255 128 255 
0.0311400880436261 0.544976744942759 0.800265087484789 128 255 128 255 
0.0622801760872519 0.564222377766384 0.749879366617538 128 255 128 255 
-0.152567372871759 0.669102565969887 0.475299469154281 128 255 128 255 
-0.249210671106057 0.679751777221848 0.447419472143268 128 255 128 255 
-0.21136400637226 0.65636125205554 0.508656662043374 128 255 128 255 
0.199578589727562 0.821235031909591 0.0770115025317995 128 255 128 255 
0.14832267843014 0.801656686421322 0.128268276463577 128 255 128 255 
0.0995884031247911 0.82311868238674 0.072080041559698 128 255 128 255 
0.0970422913636858 0.785133471793144 0.171526613963555 128 255 128 255 
-0.209111439861346 0.784807815910689 0.17237919213246 128 255 128 255 
-0.26000009754361 0.802549721291613 0.125930280820017 128 255 128 255 
-0.312166130142497 0.783698716992994 0.175282850795871 128 255 128 255 
-0.152202851917704 0.800901514806719 0.130245341417945 128 255 128 255 
-0.0193172560335247 0.638422281597668 0.555621496425262 128 255 128 255 
-0.040370504326166 0.667179026353036 0.480335361249905 128 255 128 255 
-0.0426209214343359 0.727730900612274 0.32180849635671 128 255 128 255 
-0.0295067324380061 0.75621471562614 0.247236900521143 128 255 128 255 
0.0479380779375564 0.726991909169065 0.323743201072424 128 255 128 255 
0.12543199054729 0.727973767524116 0.321172662526763 128 255 128 255 
0.0887594291255263 0.740250963305147 0.289030546685488 128 255 128 255 
0.0490857141285537 0.755388155213485 0.249400863775229 128 255 128 255 
-0.4051037119552 0.776098975076195 0.195179233439779 128 255 128 255 
-0.374611752289972 0.800046233289979 0.132484497498722 128 255 128 255 
0.251425270722781 0.724985119472641 0.328997044705935 128 255 128 255 
0.00734412835772952 0.74057758205878 0.288175447687112 128 255 128 255 
0.390155688455959 0.82429655177316 0.0689963394717448 128 255 128 255 
0.42844622387095 0.790525440822927 0.157410255777297 128 255 128 255 
0.461261057683395 0.810806123454198 0.104314739333581 128 255 128 255 
0.050056421724785 0.85065080835204 1.17343370247177E-17 128 255 128 255 
0.0999479063687173 0.85065080835204 1.16341096171878E-17 128 255 128 255 
-0.454443576926168 0.85065080835204 1.23456833391191E-17 128 255 128 255 
0.344362002178934 0.85065080835204 4.92968046831623E-18 128 255 128 255 
0.391376775001989 0.85065080835204 1.31531571202643E-18 128 255 128 255 
0.436757910833438 0.85065080835204 -4.28030956602679E-18 128 255 128 255 
0.000137363876301748 0.85065080835204 1.17467947776733E-17 128 255 128 255 
0.00055197654910046 0.823213988189554 0.0718305277286061 128 255 128 255 
-0.326703467773153 0.727644959445398 0.322033493252623 128 255 128 255 
-0.260604975600289 0.716051460656857 0.352385667129555 128 255 128 255 
0.149839391012649 0.85065080835204 1.15338822101395E-17 128 255 128 255 
0.248698819541218 0.85065080835204 1.01771494600954E-17 128 255 128 255 
0.300524565176361 0.820419565741612 0.0791464206762444 128 255 128 255 
0.297347229355879 0.85065080835204 8.54404522508751E-18 128 255 128 255 
-0.525731112119133 0.85065080835204 1.27176415817872E-17 128 255 128 255 
0.199269105276934 0.85065080835204 1.08555158348767E-17 128 255 128 255 
-0.365719096037749 0.75175794380535 0.258904880628075 128 255 128 255 
-0.0493639877640898 0.803194447367786 0.124242366039162 128 255 128 255 
-0.268652387967477 0.75515926143201 0.250000115474944 128 255 128 255 
0.00314723589910918 0.786115310947017 0.168956125687231 128 255 128 255 
0.250681519365185 0.797856156405136 0.138218193221216 128 255 128 255 
0.0500824767341716 0.804395363329114 0.121098327234772 128 255 128 255 
0.363667161459062 0.795380648442634 0.144699157206468 128 255 128 255 
0.393667836739744 0.76903121550194 0.21368286822949 128 255 128 255 
0.358716112254839 0.747429861804847 0.270235946411487 128 255 128 255 
-0.287687839508557 0.703531975085447 0.38516210587717 128 255 128 255 
-0.20098075684546 0.703084754179692 0.386332945408915 128 255 128 255 
-0.0954464614269975 0.69838085904763 0.398647902744168 128 255 128 255 
0.00519522814600936 0.697801186031323 0.400165506403223 128 255 128 255 
0.100746023854032 0.699860427584624 0.394774342025635 128 255 128 255 
0.062932739165179 0.66766858707844 0.479053674631238 128 255 128 255 
0.197143435164046 0.707341750942204 0.375187983194661 128 255 128 255 
0.164875108684291 0.673100915492338 0.464831654205601 128 255 128 255 
0.289339729885596 0.704552899484145 0.382489291101433 128 255 128 255 
0.255618601178081 0.683712095803892 0.437051223489201 128 255 128 255 
0.0158338863047162 0.652484742712143 0.518805495262093 128 255 128 255 
0.0692016533702114 0.634864631522239 0.564935545242814 128 255 128 255 
0.221897472470566 0.662871292123638 0.49161315587697 128 255 128 255 
0.0155243921517841 0.61161435953538 0.62580554755209 128 255 128 255 
0.125206738863171 0.603113132357106 0.648062049250896 128 255 128 255 
-0.10223562016868 0.588916200244302 0.685230100058192 128 255 128 255 
0.00256456566432157 0.587617016416907 0.688631407475946 128 255 128 255 
-0.040947057929717 0.601679710144703 0.651814797323197 128 255 128 255 
-0.0678969637420829 0.56769374344466 0.740791213284431 128 255 128 255 
0.0935112978103028 0.583524272498015 0.699346350162856 128 255 128 255 
0.0592017486223949 0.596467195201852 0.665461338610447 128 255 128 255 
-0.138297468104002 0.611203647965461 0.62688080440171 128 255 128 255 
-2.62498282808662E-17 0.525731112119134 0.85065080835204 128 255 128 255 
-0.123273154105627 0.831810303679563 -0.0493250815977451 128 128 255 255 
-0.198445605331158 0.81829179759294 -0.0847169900096464 128 128 255 255 
-0.151376910654612 0.85065080835204 1.17491934041867E-17 128 128 255 255 
-0.0549599036205472 0.59620384846537 -0.666150789317383 128 128 255 255 
-0.0935136226076072 0.583525709301766 -0.699342588561801 128 128 255 255 
-0.125092013929933 0.603042228449007 -0.648247678092233 128 128 255 255 
0.0487542426839674 0.756295392860096 -0.247025684780527 128 128 255 255 
0.0982346221048245 0.777874267544176 -0.190531457418632 128 128 255 255 
0.0983760075188717 0.749894204802052 -0.263784212684867 128 128 255 255 
0.124092918521042 0.602424753528309 -0.649864248421822 128 128 255 255 
0.0924240318172573 0.5828523051595 -0.701105583494416 128 128 255 255 
0.0538207430984127 0.595881128699629 -0.666995680632934 128 128 255 255 
-0.321895239970928 0.85065080835204 1.19170175218597E-17 128 128 255 255 
-0.327332948671482 0.827600704420158 -0.060345955537885 128 128 255 255 
-0.36472321152159 0.834411631616177 -0.0425147166438062 128 128 255 255 
-0.0497816939721816 0.85065080835204 1.17592525311104E-17 128 128 255 255 
-0.0206210803690085 0.835662096083513 -0.0392409581665952 128 128 255 255 
-0.067192646516218 0.831440282866427 -0.0502938086630814 128 128 255 255 
0.362292701355912 0.792910411356882 -0.151166321857235 128 128 255 255 
0.38818685884743 0.813735803894575 -0.0966447363644964 128 128 255 255 
0.428983022779374 0.790857200793457 -0.156541696898343 128 128 255 255 
0.421855005218186 0.832300989404937 -0.0480404496909236 128 128 255 255 
0.494007299975502 0.831044414194559 -0.0513302063011122 128 128 255 255 
0.462283487831871 0.811438020037078 -0.102660412602224 128 128 255 255 
0.0999479063687173 0.85065080835204 1.16341096171878E-17 128 128 255 255 
0.149839391012649 0.85065080835204 1.15338822101395E-17 128 128 255 255 
0.127414266758235 0.838786494621405 -0.0310611765999943 128 128 255 255 
0.0948824173070464 0.820050635062343 -0.0801122937340631 128 128 255 255 
0.124791378166924 0.639160413455866 -0.553689042132321 128 128 255 255 
0.155761805224828 0.621997201897118 -0.598622913349228 128 128 255 255 
0.164987352344527 0.833793726719197 -0.0441324126659142 128 128 255 255 
0.30533424140644 0.772037309937632 -0.205812810823456 128 128 255 255 
0.360848893373838 0.748747993026953 -0.266785034070382 128 128 255 255 
0.3260152290208 0.727219604504069 -0.323147086946304 128 128 255 255 
0.199659305350077 0.775206734760292 -0.197515148912945 128 128 255 255 
0.252653826180304 0.74959671140035 -0.264563060521951 128 128 255 255 
0.196621891657661 0.747399888465798 -0.270314417631875 128 128 255 255 
-0.0623227169303269 0.564248669453314 -0.749810534087532 128 128 255 255 
0.0615236836840703 0.563754839748987 -0.751103397038117 128 128 255 255 
-0.0311613584651634 0.544989890786224 -0.800230671219786 128 128 255 255 
-0.000641622487243773 0.585942418940881 -0.693015560585656 128 128 255 255 
-0.362419285049782 0.790492411261572 -0.157496728291557 128 128 255 255 
-0.39573874643554 0.770311108081574 -0.21033206595406 128 128 255 255 
-0.429031171304303 0.790886958218372 -0.156463790948499 128 128 255 255 
-0.000592355457405139 0.612305037169825 -0.623997330029843 128 128 255 255 
-0.125734690718214 0.6396198377388 -0.552486253744343 128 128 255 255 
-0.0615967051209193 0.633204962055746 -0.569280616316184 128 128 255 255 
-0.189374002377169 0.642770682173827 -0.544237235920177 128 128 255 255 
-0.156670405252258 0.622558747596249 -0.597152767622666 128 128 255 255 
0.0603744445970365 0.633155489654719 -0.569410136743578 128 128 255 255 
0.188705102827925 0.642357279517335 -0.545319538125913 128 128 255 255 
-0.057127292833232 0.664857417313018 -0.48641341262526 128 128 255 255 
-0.000596202024350058 0.6415791037415 -0.547356828756272 128 128 255 255 
0.0559608986927697 0.664372612514191 -0.487682648066498 128 128 255 255 
0.163853099137942 0.670655143623522 -0.47123476808689 128 128 255 255 
0.222436517415096 0.663204440220821 -0.490740962835257 128 128 255 255 
0.256167932002266 0.684051600924306 -0.436162387544601 128 128 255 255 
0.199269105276934 0.85065080835204 1.08555158348767E-17 128 128 255 255 
0.220351672102482 0.832389520373223 -0.0478086726068925 128 128 255 255 
0.196152529104854 0.809849095843063 -0.106820270147703 128 128 255 255 
0.248698819541218 0.85065080835204 1.01771494600954E-17 128 128 255 255 
0.391376775001989 0.85065080835204 1.31531571202643E-18 128 128 255 255 
0.356302496836562 0.835832063492568 -0.0387959777127109 128 128 255 255 
-0.299955412547736 0.806793089041496 -0.114820999824058 128 128 255 255 
-0.272474410327363 0.832030925791385 -0.0487474854103266 128 128 255 255 
-0.387166735105479 0.85065080835204 1.20998253635854E-17 128 128 255 255 
-0.379719578735948 0.813401174600569 -0.0975208072298357 128 128 255 255 
-0.409708043086707 0.829470694965564 -0.0554502567313722 128 128 255 255 
0.000137363876301748 0.85065080835204 1.17467947776733E-17 128 128 255 255 
0.050056421724785 0.85065080835204 1.17343370247177E-17 128 128 255 255 
0.0231368714124895 0.833752544918752 -0.0442402280191988 128 128 255 255 
-0.00940529664543427 0.811816035928309 -0.101670754150696 128 128 255 255 
-0.100151253603787 0.808119303987583 -0.111348924018813 128 128 255 255 
-0.100579302313397 0.85065080835204 1.17542229674078E-17 128 128 255 255 
0.481244511476286 0.85065080835204 -1.09598853465395E-17 128 128 255 255 
0.525731112119133 0.85065080835204 -1.76394611265708E-17 128 128 255 255 
0.436757910833438 0.85065080835204 -4.28030956602679E-18 128 128 255 255 
-0.454607093897451 0.837427051903862 -0.0346202438402813 128 128 255 255 
-0.462323596173066 0.81146280835517 -0.102595515942938 128 128 255 255 
-0.4940273541461 0.831056808353605 -0.0512977579714688 128 128 255 255 
-0.164547724795775 0.671284988844952 -0.469585811889535 128 128 255 255 
-0.25644764586475 0.684224473598446 -0.435709801007977 128 128 255 255 
-0.199097553097099 0.702539282612528 -0.387761008511647 128 128 255 255 
-0.290817692227421 0.705466330445486 -0.380097897798267 128 128 255 255 
-0.102848643723669 0.699460192089231 -0.395822172156077 128 128 255 255 
-0.00045692158973689 0.698302251328619 -0.398853700424319 128 128 255 255 
0.102219526849873 0.699369244064162 -0.396060277176917 128 128 255 255 
0.198870487555161 0.702342379741326 -0.388276506920937 128 128 255 255 
0.29068746357351 0.70538584471106 -0.380308612186604 128 128 255 255 
1.01338847628209E-16 0.525731112119134 -0.85065080835204 128 128 255 255 
0.0307618418420351 0.54474297593406 -0.800877102695078 128 128 255 255 
0.29223772781315 0.817003162599775 -0.088090680220845 128 128 255 255 
0.395682557726877 0.770276381549836 -0.210422981194461 128 128 255 255 
-0.00236680245706182 0.776537956342358 -0.194029965564539 128 128 255 255 
-0.0531600591236644 0.793015591968404 -0.150890955441314 128 128 255 255 
-0.100716883788374 0.775589071615367 -0.196514178031208 128 128 255 255 
0.1472322184667 0.795745183302469 -0.143744792553336 128 128 255 255 
-0.200906802627628 0.775366860513507 -0.197095934248553 128 128 255 255 
-0.251478423464502 0.792718807669408 -0.151667946823414 128 128 255 255 
-0.306605873351484 0.770423483529687 -0.210037863211397 128 128 255 255 
-0.360923965947845 0.748794390429311 -0.266663564094018 128 128 255 255 
-0.326109185460149 0.727277672777049 -0.322995062233975 128 128 255 255 
-0.22291082412096 0.663497577886137 -0.489973518464077 128 128 255 255 
0.14817196880452 0.755728382256559 -0.248510137812569 128 128 255 255 
0.147208347012028 0.729815578084462 -0.316350739878939 128 128 255 255 
0.0495108569890183 0.729757403264967 -0.316503043533666 128 128 255 255 
-0.253293614290604 0.749290782639691 -0.265363992415492 128 128 255 255 
-0.235635021141362 0.726669911198491 -0.324586202703697 128 128 255 255 
0.235416010941379 0.726652035827325 -0.324633001032971 128 128 255 255 
-0.000993417803040555 0.749564026945847 -0.264648629534745 128 128 255 255 
-0.0502039215987535 0.729555632353413 -0.317031286638056 128 128 255 255 
-0.0506614646323733 0.755673749908399 -0.248653167156937 128 128 255 255 
-0.204000327745494 0.85065080835204 1.17417015421603E-17 128 128 255 255 
-0.232886022060098 0.837906085022101 -0.0333661188549932 128 128 255 255 
-0.262947783858211 0.85065080835204 1.18293595317693E-17 128 128 255 255 
0.297347229355879 0.85065080835204 8.54404522508751E-18 128 128 255 255 
-0.147626867934098 0.729384438144345 -0.317479478896072 128 128 255 255 
-0.197331487389511 0.747154533184497 -0.27095676609764 128 128 255 255 
-0.14919513095386 0.755060673426449 -0.250258222224387 128 128 255 255 
-0.0996808537814919 0.749052713089595 -0.265987266589332 128 128 255 255 
0.0453362350773437 0.796569723719296 -0.141586117716982 128 128 255 255 
-0.150055136337737 0.794341758427349 -0.147419006577055 128 128 255 255 
0.24834595091863 0.793524075785191 -0.149559727526237 128 128 255 255 
-0.525731112119133 0.85065080835204 1.27176415817872E-17 128 128 255 255 
-0.454443576926168 0.85065080835204 1.23456833391191E-17 128 128 255 255 
0.344362002178934 0.85065080835204 4.92968046831623E-18 128 128 255 255 
-0.25644764586475 0.684224473598446 -0.435709801007977 128 255 255 255 
-0.22291082412096 0.663497577886137 -0.489973518464077 128 255 255 255 
-0.276625181890384 0.613098500059167 -0.486658238521622 128 255 255 255 
-0.691661029117917 0.290498116973097 -0.39422277438016 128 255 255 255 
-0.751699853616819 0.259056962716061 -0.365625104138294 128 255 255 255 
-0.727551976812887 0.322276924944901 -0.326553018713386 128 255 255 255 
-0.712741804459231 0.0852324517603974 -0.578407664251545 128 255 255 255 
-0.670145072311136 0.15464671473183 -0.551590133428207 128 255 255 255 
-0.645817276642136 0.1265940846324 -0.603970559196638 128 255 255 255 
-0.610826474454301 0.627868257473584 -0.137687188543289 128 255 255 255 
-0.588787199723745 0.685567827805576 -0.102026892941852 128 255 255 255 
-0.549573683782343 0.665496529662995 -0.161311707025835 128 255 255 255 
-0.211581237683352 0.394966715849052 -0.76983396693877 128 255 255 255 
-0.187177164213104 0.448386340855885 -0.740818415402185 128 255 255 255 
-0.157251305808843 0.428544460353965 -0.790586154308366 128 255 255 255 
-0.102921373934334 0.462122204858878 -0.811338341677962 128 255 255 255 
-0.0623227169303269 0.564248669453314 -0.749810534087532 128 255 255 255 
-0.0311613584651634 0.544989890786224 -0.800230671219786 128 255 255 255 
-0.0514606869671671 0.493926658489006 -0.830994575015001 128 255 255 255 
-0.294467960333328 0.392303472249878 -0.689610487887968 128 255 255 255 
-0.270104204590512 0.358797533177942 -0.74748018270272 128 255 255 255 
-0.328627171497672 0.322628350506832 -0.72512639846667 128 255 255 255 
-0.389426723994987 0.285052160562707 -0.701903035913479 128 255 255 255 
-0.357686987963245 0.356321945896125 -0.662372986611803 128 255 255 255 
-0.235817317951484 0.424315234199185 -0.716249368320504 128 255 255 255 
-0.196083264580677 0.488998086989345 -0.691300568901152 128 255 255 255 
-0.257757938701362 0.461366163588156 -0.657257818181655 128 255 255 255 
-0.135152695041164 0.505107206887876 -0.736122018542133 128 255 255 255 
-0.0935136226076072 0.583525709301766 -0.699342588561801 128 255 255 255 
-0.633545918803485 0.56838797996191 -0.174448021705779 128 255 255 255 
-0.578408352823803 0.611255551425643 -0.186718016221727 128 255 255 255 
-0.514872418853227 0.207522457397967 -0.65398704421998 128 255 255 255 
-0.578892748825041 0.167955717504402 -0.62953345414173 128 255 255 255 
-0.598540241635723 0.189054938136646 -0.588786740698805 128 255 255 255 
-0.452149571424107 0.246287308980337 -0.677945040066729 128 255 255 255 
-0.48702648155271 0.284256909437358 -0.605098529481106 128 255 255 255 
-0.557581067608506 0.252137406206736 -0.566663446655931 128 255 255 255 
-0.421599212869366 0.319922258906573 -0.634860448695234 128 255 255 255 
-0.389166375396352 0.391043076908211 -0.59617246816661 128 255 255 255 
-0.455957721483888 0.355372621418826 -0.56505157756846 128 255 255 255 
-0.322785495942428 0.427212462701704 -0.626383961827042 128 255 255 255 
-0.283744071157852 0.500301374376722 -0.592336474936599 128 255 255 255 
-0.353743605211166 0.462747073697086 -0.559891241562921 128 255 255 255 
-0.214146381899666 0.535162389621267 -0.627073148950241 128 255 255 255 
-0.153388332015082 0.55636523531824 -0.666628353137851 128 255 255 255 
-0.238069750321351 0.58204549015967 -0.556266679990152 128 255 255 255 
-0.125092013929933 0.603042228449007 -0.648247678092233 128 255 255 255 
-0.156670405252258 0.622558747596249 -0.597152767622666 128 255 255 255 
-0.189374002377169 0.642770682173827 -0.544237235920177 128 255 255 255 
-0.781696306405635 0.0426162258801986 -0.552069388185339 128 255 255 255 
-0.85065080835204 2.48042820688121E-17 -0.525731112119133 128 255 255 255 
-0.825673174682826 0.0653922939045463 -0.485316451883801 128 255 255 255 
-0.74093228926343 0.115117476181339 -0.520332155026405 128 255 255 255 
-0.696580248183202 0.188077085920245 -0.491724586367726 128 255 255 255 
-0.760346176959244 0.153205311764765 -0.462830431747165 128 255 255 255 
-0.628949145641679 0.221715323429785 -0.52571745139971 128 255 255 255 
-0.592305772726296 0.288930404858896 -0.495145742885982 128 255 255 255 
-0.659799370935118 0.256062214303921 -0.460520335232134 128 255 255 255 
-0.523792345241404 0.321344403979763 -0.531245171250006 128 255 255 255 
-0.491283790312424 0.390154954738815 -0.494943175419935 128 255 255 255 
-0.559687361499524 0.355999895987736 -0.460694662983913 128 255 255 255 
-0.422878123531075 0.425514124542232 -0.527989672397867 128 255 255 255 
-0.388250995562522 0.495851844288376 -0.492279080620276 128 255 255 255 
-0.458119828546088 0.459114794175642 -0.459147297749443 128 255 255 255 
-0.31563656967677 0.536559559365273 -0.52418579142913 128 255 255 255 
-0.352558221320956 0.568178052244521 -0.455645646905697 128 255 255 255 
-0.231536633522746 0.625224322286018 -0.51962096466241 128 255 255 255 
1.01338847628209E-16 0.525731112119134 -0.85065080835204 128 255 255 255 
-0.546664762368123 0.795845800491583 -0.0338713576114674 128 255 255 255 
-0.4940273541461 0.831056808353605 -0.0512977579714688 128 255 255 255 
-0.567598412617113 0.741040792631126 -0.0677427152229351 128 255 255 255 
-0.722553125660836 0.223934302146973 -0.429894492663364 128 255 255 255 
-0.776066049789239 0.195265432960118 -0.405050437721817 128 255 255 255 
-0.627053248388966 0.322820754792732 -0.426507917289476 128 255 255 255 
-0.596184533737574 0.389160708410008 -0.391036678323592 128 255 255 255 
-0.663608581728648 0.3550595032004 -0.357713835542126 128 255 255 255 
-0.527504478590481 0.423588149146205 -0.425289292734487 128 255 255 255 
-0.494687376247024 0.491389676247641 -0.390304867976509 128 255 255 255 
-0.565673350292225 0.455744207555835 -0.354964362623114 128 255 255 255 
-0.424114207033002 0.528190016090586 -0.424077697347585 128 255 255 255 
-0.390151940673276 0.596992369837992 -0.389237609959905 128 255 255 255 
-0.46055391156452 0.560372010520048 -0.355455998386606 128 255 255 255 
-0.32057043308978 0.638376023825733 -0.417435463555661 128 255 255 255 
-0.290817692227421 0.705466330445486 -0.380097897798267 128 255 255 255 
-0.635796602305592 0.420103626907918 -0.320481691257663 128 255 255 255 
-0.703404100008954 0.385496887173742 -0.287480933288477 128 255 255 255 
-0.607316393994729 0.48634953226277 -0.282715994213674 128 255 255 255 
-0.679664977120479 0.447646717758881 -0.249070225591814 128 255 255 255 
-0.533165297954836 0.52453629880702 -0.318680323709317 128 255 255 255 
-0.495687910097487 0.594022060294131 -0.286671950079556 128 255 255 255 
-0.575353500814517 0.56085484863597 -0.240173571020686 128 255 255 255 
-0.425318711635829 0.628384177068177 -0.322679031767168 128 255 255 255 
-0.357382947551942 0.664895211042625 -0.354103761876607 128 255 255 255 
-0.391329722225198 0.692874692301311 -0.292177505944665 128 255 255 255 
-0.456262277436187 0.662962441738557 -0.257157201296429 128 255 255 255 
-0.326109185460149 0.727277672777049 -0.322995062233975 128 255 255 255 
-0.360923965947845 0.748794390429311 -0.266663564094018 128 255 255 255 
-0.525731112119133 0.85065080835204 1.27176415817872E-17 128 255 255 255 
-0.656265363152668 0.508907702450236 -0.211208854868269 128 255 255 255 
-0.523085268874613 0.632524815250079 -0.220771836346481 128 255 255 255 
-0.482505681013733 0.702003447938163 -0.191872791519278 128 255 255 255 
-0.419646370770265 0.727965457579483 -0.228770092121425 128 255 255 255 
-0.39573874643554 0.770311108081574 -0.21033206595406 128 255 255 255 
-0.513392518962153 0.733073420229625 -0.129915981279396 128 255 255 255 
-0.429031171304303 0.790886958218372 -0.156463790948499 128 255 255 255 
-0.462323596173066 0.81146280835517 -0.102595515942938 128 255 255 255 
-0.800869612236032 0.130328863432332 -0.445183444802809 128 255 255 255 
-0.779141809746295 0.18721298885131 -0.103625241050507 255 128 255 255 
-0.755901880989234 0.248055912233422 -0.050624173005819 255 128 255 255 
-0.748704197951547 0.266899691066333 -0.10386242387111 255 128 255 255 
-0.800620127469393 0.13098202303107 0.375972414755243 255 128 255 255 
-0.824167146238775 0.0693351275590962 0.399364914561528 255 128 255 255 
-0.800844858220574 0.130393670286161 0.445143391964439 255 128 255 255 
-0.85065080835204 1.70230737227954E-17 0.415749032067866 255 128 255 255 
-0.85065080835204 1.90379020417558E-17 0.47162864168568 255 128 255 255 
-0.825647402711325 0.0654597658018941 0.485274751957955 255 128 255 255 
-0.776042313729823 0.195327574770428 0.405012031970922 255 128 255 255 
-0.72641214131886 0.325261053009847 0.142111776267914 255 128 255 255 
-0.753540723955841 0.25423750159962 0.17633045647604 255 128 255 255 
-0.729547630078888 0.317052236864749 0.227340869907749 255 128 255 255 
-0.840183468293316 0.0274038520455438 -0.452232408902072 255 128 255 255 
-0.85065080835204 2.48042820688121E-17 -0.525731112119133 255 128 255 255 
-0.85065080835204 2.08570616640853E-17 -0.456063029206985 255 128 255 255 
-0.822720785536846 0.0731217490367382 -0.312125722726288 255 128 255 255 
-0.85065080835204 1.69098411189075E-17 -0.386394946294836 255 128 255 255 
-0.85065080835204 1.47867429970857E-17 -0.323282475698262 255 128 255 255 
-0.586393422516495 0.691834817895651 0.0266107706201279 255 128 255 255 
-0.608534321562478 0.633869191651789 0.0774021679663697 255 128 255 255 
-0.578321169749628 0.71296825000509 0.0850925007164552 255 128 255 255 
-0.669190719469542 0.475068680295956 0.155594723336052 255 128 255 255 
-0.678821391825807 0.449855252732742 0.247705275912625 255 128 255 255 
-0.654484425008822 0.513570259042685 0.208327236419666 255 128 255 255 
-0.629309840112192 0.579478177954732 0.167593902404249 255 128 255 255 
-0.825673174682826 0.0653922939045463 -0.485316451883801 255 128 255 255 
-0.703158358642791 0.386140246422798 0.287083315405584 255 128 255 255 
-0.702947230752535 0.386692986415462 0.202286581190538 255 128 255 255 
-0.715738178497532 0.353205850470736 0.2607138150698 255 128 255 255 
-0.727299494515914 0.322937932179933 0.326144493775326 255 128 255 255 
-0.552026140934381 0.781809529178565 0.0425462503582276 255 128 255 255 
-0.574329092693903 0.723419643422687 -0.0092898137664331 255 128 255 255 
-0.567598412617113 0.741040792631126 -0.0677427152229351 255 128 255 255 
-0.591298394707623 0.678993433985405 -0.0385735608211528 255 128 255 255 
-0.784624348055917 0.172859517212097 0.213139033116278 255 128 255 255 
-0.779211940884587 0.187029383147591 0.105540523231361 255 128 255 255 
-0.801751442609149 0.128020201543201 0.160168623741031 255 128 255 255 
-0.821292601088312 0.0768607844652046 0.105591124168839 255 128 255 255 
-0.821876880407781 0.0753311213479098 0.216403814447644 255 128 255 255 
-0.778629124578792 0.188555216045361 0.000269800067698056 255 128 255 255 
-0.799997046648431 0.132613269798087 0.0529762578223725 255 128 255 255 
-0.820854520042033 0.0780076955341902 0.000503583821592033 255 128 255 255 
-0.799966519706119 0.132693190370631 -0.0508729783276918 255 128 255 255 
-0.821240624457357 0.0769968610516654 -0.10064005614955 255 128 255 255 
-0.783294750165049 0.176340449681758 0.313452301231663 255 128 255 255 
-0.802136886905373 0.127011095274917 0.264971145710812 255 128 255 255 
-0.818751568992744 0.0835132928579049 0.316889434047662 255 128 255 255 
-0.651076311039173 0.522492817252762 0.108441135721031 255 128 255 255 
-0.637781443289837 0.557299232896458 0.0560168167238326 255 128 255 255 
-0.668023241285119 0.478125177863901 0.0545591004199891 255 128 255 255 
-0.78456924213017 0.173003786398682 -0.31205248135776 255 128 255 255 
-0.776066049789239 0.195265432960118 -0.405050437721817 255 128 255 255 
-0.801503486283984 0.128669359630209 -0.376413718322855 255 128 255 255 
-0.823291741727632 0.0716269663231728 -0.407656505005602 255 128 255 255 
-0.800869612236032 0.130328863432332 -0.445183444802809 255 128 255 255 
-0.756201067929387 0.24727263065511 0.0515300081361178 255 128 255 255 
-0.728208860786351 0.320557180375706 0.0492877964979428 255 128 255 255 
-0.749533492413115 0.264728569979266 0.0003408072223749 255 128 255 255 
-0.728726527781813 0.319201910586732 -0.0487593955840652 255 128 255 255 
-0.85065080835204 1.39072522512324E-17 0.294077172412565 255 128 255 255 
-0.85065080835204 1.31445019275257E-17 0.230535784855213 255 128 255 255 
-0.72633540388658 0.325461954215764 -0.141737893354139 255 128 255 255 
-0.753415367353815 0.254565689444438 -0.174565416361021 255 128 255 255 
-0.546664762368123 0.795845800491583 -0.0338713576114674 255 128 255 255 
-0.751699853616819 0.259056962716061 -0.365625104138294 255 128 255 255 
-0.754960377984007 0.250520799101616 -0.268253122196596 255 128 255 255 
-0.727551976812887 0.322276924944901 -0.326553018713386 255 128 255 255 
-0.85065080835204 1.2663644734813E-17 -0.260170005101688 255 128 255 255 
-0.822660243669577 0.0732802497029912 -0.203746348586192 255 128 255 255 
-0.85065080835204 1.2299335880975E-17 -0.205776287835698 255 128 255 255 
-0.85065080835204 1.19350270276185E-17 -0.151382570569708 255 128 255 255 
-0.784614645085781 0.172884919917702 -0.208004322648347 255 128 255 255 
-0.803641229105594 0.123072676264028 -0.258982218829647 255 128 255 255 
-0.801914330739752 0.127593754880917 -0.154003992108649 255 128 255 255 
-0.729476369081369 0.317238800578326 -0.22656303303179 255 128 255 255 
-0.70289885826803 0.386819627224015 -0.201739854119262 255 128 255 255 
-0.71583282604281 0.352958059980246 -0.260584209788229 255 128 255 255 
-0.703404100008954 0.385496887173742 -0.287480933288477 255 128 255 255 
-0.679664977120479 0.447646717758881 -0.249070225591814 255 128 255 255 
-0.668962822385322 0.475665322608381 -0.153694770743975 255 128 255 255 
-0.656265363152668 0.508907702450236 -0.211208854868269 255 128 255 255 
-0.633545918803485 0.56838797996191 -0.174448021705779 255 128 255 255 
-0.85065080835204 1.18617510945865E-17 -0.100677907508368 255 128 255 255 
-0.698156048025103 0.39923646564219 -0.0976462987961112 255 128 255 255 
-0.667395261555756 0.479769250139618 -0.0448383097398382 255 128 255 255 
-0.645313659396534 0.537579635118516 -0.0962972187217245 255 128 255 255 
-0.610826474454301 0.627868257473584 -0.137687188543289 255 128 255 255 
-0.617384626646631 0.610698792130669 -0.0820431203057308 255 128 255 255 
-0.85065080835204 1.18739712963561E-17 0.0528267591083689 255 128 255 255 
-0.85065080835204 1.18312232289553E-17 0.00142675733067029 255 128 255 255 
-0.639279667591473 0.553376830752002 -0.026461871113299 255 128 255 255 
-0.588787199723745 0.685567827805576 -0.102026892941852 255 128 255 255 
-0.604135255215563 0.645386096866779 0.126860568388832 255 128 255 255 
-0.85065080835204 1.17884751620359E-17 -0.0499732444470283 255 128 255 255 
-0.697682193177433 0.400477033739125 0.00116260759856954 255 128 255 255 
-0.653119903430546 0.517142622912995 0.00981893407267113 255 128 255 255 
-0.613678533296527 0.620401470486722 0.00172315590816859 255 128 255 255 
-0.525731112119133 0.85065080835204 1.27176415817872E-17 255 128 255 255 
-0.85065080835204 1.54651630572393E-17 0.354913102240215 255 128 255 255 
-0.85065080835204 1.21278614500876E-17 0.109910578203115 255 128 255 255 
-0.85065080835204 1.23817516043005E-17 0.166994397297861 255 128 255 255 
-0.748714946975005 0.266871549757575 0.104960112121875 255 128 255 255 
-0.6984487058877 0.398470277410835 0.0994293789305411 255 128 255 255 
-0.754957929526774 0.250527209245871 0.270268804442021 255 128 255 255 
-0.751670904122868 0.259132753475181 0.365578262873124 255 128 255 255 
-0.85065080835204 -1.0071118391079E-16 0.525731112119134 255 128 255 255 
0.646396527332048 0.126236088018027 0.603749305121098 255 255 128 255 
0.713051016103558 0.085041348454486 0.578289555913129 255 255 128 255 
0.670305030260222 0.154491295772105 0.551585594438846 255 255 128 255 
0.760258460616999 0.153224493015841 0.462898966838334 255 255 128 255 
0.825647402711324 0.0654597658018944 0.485274751957955 255 255 128 255 
0.800861291261213 0.130350648027228 0.445169981182732 255 255 128 255 
0.525731112119133 0.85065080835204 -1.76394611265708E-17 255 255 128 255 
0.493496084901264 0.830728465903119 0.0521573696667905 255 255 128 255 
0.546681539102061 0.795801878431914 0.0338985029371989 255 255 128 255 
0.125206738863171 0.603113132357106 0.648062049250896 255 255 128 255 
0.147010976884833 0.544830106918634 0.684540836667707 255 255 128 255 
0.198338713350069 0.544873726512362 0.633169480608743 255 255 128 255 
0.138128180414655 0.440363201818699 0.797890538237819 255 255 128 255 
0.17900395010763 0.415100586832128 0.782277383531416 255 255 128 255 
0.180816700460085 0.44402758879671 0.751537631214378 255 255 128 255 
0.781850912227799 0.0425206742272429 0.552010334016132 255 255 128 255 
0.85065080835204 3.61992484321928E-18 0.525731112119133 255 255 128 255 
0.703567431543596 0.385069279664614 0.287745209262963 255 255 128 255 
0.663475323276878 0.35521608346942 0.357690513724875 255 255 128 255 
0.727613766110917 0.322115158462517 0.326652995897739 255 255 128 255 
0.0311400880436261 0.544976744942759 0.800265087484789 255 255 128 255 
0.0608213823130708 0.488141430606904 0.827419107551199 255 255 128 255 
0.0972524107216803 0.46562581680527 0.813503692944223 255 255 128 255 
0.391331673924816 0.283874836759206 0.701175409787151 255 255 128 255 
0.358523207917414 0.355777401297421 0.662081311256339 255 255 128 255 
0.332779704336944 0.320061944072761 0.723540272061468 255 255 128 255 
0.611547275848863 0.625981174923482 0.138853469698828 255 255 128 255 
0.589346448796666 0.684103694724493 0.102931776950014 255 255 128 255 
0.552026586185372 0.659959791870413 0.164395542415389 255 255 128 255 
0.0286970737864299 0.507995345141456 0.839689501543287 255 255 128 255 
-2.62498282808662E-17 0.525731112119134 0.85065080835204 255 255 128 255 
0.15690217991604 0.622701992216197 0.596777748338936 255 255 128 255 
0.235697118225666 0.589304302195514 0.551380500049994 255 255 128 255 
0.189399826193303 0.642786642169918 0.544195452107953 255 255 128 255 
0.0935112978103028 0.583524272498015 0.699346350162856 255 255 128 255 
0.751660100678237 0.259161037260421 0.365560782532515 255 255 128 255 
0.69154020317411 0.290624328117764 0.3942173891793 255 255 128 255 
0.295592618786813 0.391088884416595 0.689700417267765 255 255 128 255 
0.277972233845091 0.353934823674134 0.744474862951949 255 255 128 255 
0.776075179811102 0.195241530252562 0.405065210407509 255 255 128 255 
0.579334801651137 0.608672565643158 0.188374553176879 255 255 128 255 
0.633748102901061 0.567858655122471 0.174775162447642 255 255 128 255 
0.461261057683395 0.810806123454198 0.104314739333581 255 255 128 255 
0.568013993949363 0.739952786578204 0.0684151399436067 255 255 128 255 
0.518631023305765 0.722313565102954 0.135437332062455 255 255 128 255 
0.575838240118664 0.559287760195219 0.24125592015729 255 255 128 255 
0.656874727909874 0.507312364804325 0.212194827756975 255 255 128 255 
0.452515243022914 0.749919730717315 0.173946946730944 255 255 128 255 
0.424218460839405 0.717019012223079 0.23514444740869 255 255 128 255 
0.488622810196879 0.689139263273102 0.198619847001193 255 255 128 255 
0.458459661376659 0.656729455741786 0.261192803352729 255 255 128 255 
0.525091779138273 0.627612155581739 0.223677985751161 255 255 128 255 
0.393667836739744 0.76903121550194 0.21368286822949 255 255 128 255 
0.358716112254839 0.747429861804847 0.270235946411487 255 255 128 255 
0.680001352918687 0.446766074486178 0.249614493066308 255 255 128 255 
0.607606916337726 0.485671439035801 0.283103565097647 255 255 128 255 
0.636103512202719 0.419589951889322 0.320688456379133 255 255 128 255 
0.49626857530093 0.591884096766758 0.288229248403486 255 255 128 255 
0.533542989623291 0.523861289426317 0.318977641421565 255 255 128 255 
0.391244721179318 0.689160490651031 0.295976708640825 255 255 128 255 
0.425796397740883 0.626080332290789 0.324505190439501 255 255 128 255 
0.324027921070217 0.725991380644496 0.32636261875646 255 255 128 255 
0.0622801760872519 0.564222377766384 0.749879366617538 255 255 128 255 
0.722440087038528 0.223952251072284 0.429989582360361 255 255 128 255 
0.596186075152529 0.389206965165506 0.390988880153138 255 255 128 255 
0.627018123286913 0.322827249932473 0.426536547251788 255 255 128 255 
0.565783973986897 0.455609869514409 0.354988076969867 255 255 128 255 
0.494874193577735 0.491355838043894 0.390151888849545 255 255 128 255 
0.527623118506438 0.423707517187755 0.425051284776981 255 255 128 255 
0.357099784791792 0.663108825608568 0.356173310070814 255 255 128 255 
0.321946319945769 0.637288249512841 0.417147351012563 255 255 128 255 
0.390819605378805 0.59624039197477 0.389321923117598 255 255 128 255 
0.354831224708376 0.567742191359128 0.45380850440367 255 255 128 255 
0.460886038417795 0.559358733001822 0.356137149051557 255 255 128 255 
0.424933082246787 0.527976075639968 0.423472762584419 255 255 128 255 
0.289339729885596 0.704552899484145 0.382489291101433 255 255 128 255 
0.255618601178081 0.683712095803892 0.437051223489201 255 255 128 255 
0.696291411119473 0.18826915017953 0.49182135917217 255 255 128 255 
0.741234038839896 0.114834454575183 0.520313427056094 255 255 128 255 
0.65935193011576 0.256507803744674 0.46052218661074 255 255 128 255 
0.592050934931167 0.289132242721755 0.495198742818251 255 255 128 255 
0.628631608233647 0.221901953414093 0.525848358823433 255 255 128 255 
0.559504273071033 0.356276076375719 0.460601571024421 255 255 128 255 
0.491252526638759 0.390336617887164 0.494792775945251 255 255 128 255 
0.52373089935787 0.321420534764041 0.531230486349262 255 255 128 255 
0.45846390852455 0.459033780211678 0.458884231734946 255 255 128 255 
0.389030136843526 0.496076681066502 0.491275102561146 255 255 128 255 
0.422990599616151 0.425829125890606 0.527562194964416 255 255 128 255 
0.284676473327569 0.612123702327864 0.479581744815741 255 255 128 255 
0.316364170652795 0.538740117743626 0.521277632074753 255 255 128 255 
0.221897472470566 0.662871292123638 0.49161315587697 255 255 128 255 
0.598490448643712 0.189077642180627 0.588813829646835 255 255 128 255 
0.579742038560538 0.167430827581569 0.629209054329066 255 255 128 255 
0.557435154233361 0.25224176241543 0.566705003822383 255 255 128 255 
0.487135968622679 0.284209497467832 0.605036454380662 255 255 128 255 
0.516346704164245 0.206611298966643 0.653423917340285 255 255 128 255 
0.455888238422564 0.355588491011373 0.564905191037236 255 255 128 255 
0.389099306959618 0.391249566855346 0.59603304665621 255 255 128 255 
0.422488294269174 0.319415260623816 0.634478365578184 255 255 128 255 
0.353513826242837 0.463538052280903 0.559330041947433 255 255 128 255 
0.280436244568795 0.503655777231845 0.592289898670534 255 255 128 255 
0.321794143742903 0.428026094968438 0.626561681759832 255 255 128 255 
0.42844622387095 0.790525440822927 0.157410255777297 255 255 128 255 
0.127832870145064 0.505606581133022 0.742942469193088 255 255 128 255 
0.452951369767953 0.245791770351717 0.677638780351504 255 255 128 255 
0.189800328981005 0.487838328250165 0.698743263240004 255 255 128 255 
0.253599657981942 0.462846887728519 0.659935374760713 255 255 128 255 
0.236393583673981 0.421523618539821 0.718464718257372 255 255 128 255 
0.22432446108497 0.387090970660619 0.764966488725584 255 255 128 255 
-0.0910324328896087 -0.385346632226037 0.815879513066803 128 255 0 255 
-0.107947882947862 -0.45901565144376 0.809418386079552 128 255 0 255 
2.68976543480309E-18 -0.414967082829552 0.85065080835204 128 255 0 255 
-0.713279942442506 -0.012772132119601 0.578202113832571 128 255 0 255 
-0.781819437511171 0.0425401266719055 0.552022356288097 128 255 0 255 
-0.799571667498899 -0.0315686451633842 0.54524160780889 128 255 0 255 
-0.85065080835204 -1.0071118391079E-16 0.525731112119134 128 255 0 255 
-0.162187698430129 -0.425493601932196 0.788700620108849 128 255 0 255 
-0.0770196778866685 0.000163134111299525 0.821231909201901 128 255 0 255 
6.73803860185298E-18 -0.0500835885608032 0.85065080835204 128 255 0 255 
5.18305315510568E-18 0.0014211438778649 0.85065080835204 128 255 0 255 
-0.271416495468527 -0.357986492812202 0.746978932190445 128 255 0 255 
-0.198724562014204 -0.300197002155612 0.77474478006205 128 255 0 255 
-0.272259600385724 -0.294491600809931 0.746656894768158 128 255 0 255 
2.82379010557151E-18 -0.46994000203773 0.85065080835204 128 255 0 255 
-0.05400454597109 -0.492354467161994 0.83002290733809 128 255 0 255 
-1.18840009122158E-16 -0.525731112119134 0.85065080835204 128 255 0 255 
-0.249477580254044 -0.246960954592966 0.755358852126075 128 255 0 255 
-0.191249162193689 -0.199210224685714 0.777600128713992 128 255 0 255 
-0.263676105969724 -0.197698752812803 0.749935497892824 128 255 0 255 
-2.62498282808662E-17 0.525731112119134 0.85065080835204 128 255 0 255 
-0.0521596483392935 0.493494676604208 0.830727595527672 128 255 0 255 
-2.06329503545747E-17 0.474947158433844 0.85065080835204 128 255 0 255 
-0.0392206238991894 0.430710227879059 0.835669863082526 128 255 0 255 
-1.59081771424408E-17 0.417246918080787 0.85065080835204 128 255 0 255 
-0.712988066670301 0.0850802533438112 0.578313600457061 128 255 0 255 
-0.61799772563143 0.0738086025209381 0.614596682130966 128 255 0 255 
-0.645947609667491 0.126513534392874 0.603920776410809 128 255 0 255 
-0.330120963233116 0.321705136442214 0.724555820795844 128 255 0 255 
-0.390121318291186 0.284622877679264 0.701637724500723 128 255 0 255 
-0.357087319788218 0.257669697938749 0.714255589144544 128 255 0 255 
-0.388613243875861 0.199141003213344 0.702213757669813 128 255 0 255 
-0.319493753752709 0.225209774420174 0.728615053611794 128 255 0 255 
-0.104319296678587 0.461258241089283 0.810804382703304 128 255 0 255 
-0.0788447983772557 0.377767695338504 0.820534775208061 128 255 0 255 
-0.0357720479396712 -0.352989325795948 0.836987101886276 128 255 0 255 
2.55574076451614E-18 -0.359994163621374 0.85065080835204 128 255 0 255 
-0.0795740863621397 -0.200592154556049 0.820256211985422 128 255 0 255 
-0.139343904344695 -0.250183396975903 0.797426173017481 128 255 0 255 
-0.0878278068087474 -0.300734206506236 0.817103571308458 128 255 0 255 
-0.0779845541713271 -0.100140493054381 0.820863359256101 128 255 0 255 
-0.188934970376256 -0.100063284288901 0.778484071331765 128 255 0 255 
-0.134435693275853 -0.150001539146261 0.79930094282182 128 255 0 255 
-0.105163032526702 0.302061616816434 0.810482104286851 128 255 0 255 
-0.187117611951919 0.306103928666888 0.779178240480121 128 255 0 255 
-0.137123367864707 0.25768811959786 0.798274342479577 128 255 0 255 
-0.177243763840841 0.209234532651627 0.782949714858798 128 255 0 255 
-0.0789690631393666 0.213352400256492 0.820487310292539 128 255 0 255 
-0.130065098189165 0.157737967161012 0.800970361593871 128 255 0 255 
-0.187436025807927 0.103824538706412 0.779056617209614 128 255 0 255 
-0.0766115399685258 0.104540397029516 0.821387804014534 128 255 0 255 
-0.132130825546956 0.0521103430783694 0.800181323954686 128 255 0 255 
-0.187456058524704 -8.66975337504442E-05 0.779048965392693 128 255 0 255 
-0.132848815239739 -0.0500318351914333 0.799907076295615 128 255 0 255 
-0.479757273075383 0.149601581744092 0.667399836387209 128 255 0 255 
-0.580629733571844 0.166882201892938 0.628869985006392 128 255 0 255 
-0.543660090764697 0.0905436731098338 0.642991132006779 128 255 0 255 
-0.481655113062989 0.0408037939085673 0.666674926017152 128 255 0 255 
-0.558260608481839 0.0216221854826329 0.637414230492175 128 255 0 255 
-0.148762321794157 0.361412549452838 0.793828657672021 128 255 0 255 
-0.213684345183745 0.393666923931814 0.769030651355614 128 255 0 255 
-0.246338204323922 -0.149345774465507 0.756557987027918 128 255 0 255 
-0.31604169590978 -0.149664689034731 0.729933622376663 128 255 0 255 
-0.315273887167187 -0.243312121285101 0.730226899219474 128 255 0 255 
-0.326405477024658 -0.324001433203772 0.725975010242744 128 255 0 255 
-0.246766336773461 0.0497001842784585 0.756394454983881 128 255 0 255 
-0.319958065552022 0.0459988992725284 0.728437702285834 128 255 0 255 
-0.263423339756786 -0.00155418589110791 0.750032045994959 128 255 0 255 
-0.317033874634337 -0.0524212669514205 0.729554643826797 128 255 0 255 
-0.245902363299406 -0.0509620485213555 0.756724463485592 128 255 0 255 
-0.256257542037258 0.173823341606661 0.752769137167313 128 255 0 255 
-0.325979848402183 0.139479205682247 0.726137585909944 128 255 0 255 
-0.26727956371457 0.102565233909262 0.748559099511317 128 255 0 255 
3.62806770883985E-18 0.052925876316533 0.85065080835204 128 255 0 255 
8.62952203979629E-19 0.109972927871028 0.85065080835204 128 255 0 255 
-0.26285022170874 -0.100491412652383 0.750250957609747 128 255 0 255 
6.246190490369E-18 -0.100506459992111 0.85065080835204 128 255 0 255 
-0.151180707109918 -0.360785245806809 0.792904916679294 128 255 0 255 
-1.90216330039911E-18 0.167019979425523 0.85065080835204 128 255 0 255 
-4.94244725552472E-18 0.230456322028595 0.85065080835204 128 255 0 255 
-0.159001820931166 0.427462582510549 0.789917517029459 128 255 0 255 
-0.669163381768301 0.0323822830864358 0.595053140543371 128 255 0 255 
-0.543537159359526 -0.189806673486379 0.643038087625269 128 255 0 255 
-0.550189737509382 -0.125013269754353 0.640497028884839 128 255 0 255 
-0.595946984566625 -0.15741562016395 0.623019315740598 128 255 0 255 
-0.748703796719262 -0.0630067182405373 0.564671405511374 128 255 0 255 
-0.697835925939626 -0.0944447913176904 0.584101203213858 128 255 0 255 
-0.646891455253126 -0.12593020574082 0.603560259477228 128 255 0 255 
-0.632387792328966 -0.016587591399405 0.609100165752885 128 255 0 255 
-0.672670746486148 -0.0623892017863272 0.593713446432096 128 255 0 255 
-0.563160901592648 -0.0518212281892364 0.635542485078683 128 255 0 255 
-0.515311857476196 0.207250869393003 0.653819193601975 128 255 0 255 
-0.482316514114569 -0.0601120343753801 0.666422293295643 128 255 0 255 
-0.521348284313011 -0.0123768207933541 0.651513483720913 128 255 0 255 
-0.436487240150793 -0.255967162050306 0.683927518270075 128 255 0 255 
-0.468997540189433 -0.165171770002563 0.671509688639772 128 255 0 255 
-0.490012199755159 -0.222886917768342 0.663482802947672 128 255 0 255 
-0.38184714614916 -0.289736597291804 0.70479817703021 128 255 0 255 
-0.386964527442736 -0.200738585180147 0.702843511309456 128 255 0 255 
-0.395792601210551 -0.104922688850162 0.699471487185342 128 255 0 255 
-0.399726199172755 -0.00514706726889226 0.697968986461858 128 255 0 255 
-0.398952930347209 0.0948779980179969 0.698264348870775 128 255 0 255 
-0.452716587883691 0.245936873536134 0.677728459051349 128 255 0 255 
-0.257022714837379 0.265627123995763 0.752476867164933 128 255 0 255 
3.39893995244383E-18 -0.253740237847017 0.85065080835204 128 255 0 255 
4.57664116566443E-18 -0.202334784635218 0.85065080835204 128 255 0 255 
-0.216427513912395 -0.391971552420633 0.767982854138146 128 255 0 255 
5.75434237936651E-18 -0.15092933142342 0.85065080835204 128 255 0 255 
-7.98273121016885E-18 0.293892664631666 0.85065080835204 128 255 0 255 
-0.27190265420843 0.357686030187014 0.746793236075729 128 255 0 255 
-1.19454541765456E-17 0.355569791356226 0.85065080835204 128 255 0 255 
2.97734035823924E-18 -0.306867200734196 0.85065080835204 128 255 0 255 
-0.797284124163008 -0.139715793073768 -0.361595578292771 0 128 255 255 
-0.809830172420307 -0.106869812311662 -0.404868371686755 0 128 255 255 
-0.786638270711844 -0.167586999248166 -0.422156650511164 0 128 255 255 
-0.85065080835204 1.18617510945865E-17 -0.100677907508368 0 128 255 255 
-0.82825576415838 -0.0586309868785571 -0.058279736828594 0 128 255 255 
-0.837694945648737 -0.0339188889108256 -0.0290519640223215 0 128 255 255 
-0.646197665236005 -0.535265277784526 -0.124538412792709 0 128 255 255 
-0.640274076386085 -0.550773434728998 -0.185334409356091 0 128 255 255 
-0.618614576869263 -0.607478740643349 -0.150288602958562 0 128 255 255 
-0.85065080835204 2.08570616640853E-17 -0.456063029206985 0 128 255 255 
-0.841531947476039 -0.0238734877120522 -0.413874578440798 0 128 255 255 
-0.85065080835204 1.69098411189075E-17 -0.386394946294836 0 128 255 255 
-0.745144197252428 -0.276219893896602 0.355017829322144 0 128 255 255 
-0.772184715567731 -0.205426897873725 0.299392131945906 0 128 255 255 
-0.745263822036309 -0.275906712146505 0.292976943890738 0 128 255 255 
-0.812149294487974 -0.100798271914449 -0.00639213880151748 0 128 255 255 
-0.829595564731599 -0.0551233434397248 0.249889137763559 0 128 255 255 
-0.810619970693976 -0.104802093586941 0.304311870385577 0 128 255 255 
-0.831434355629243 -0.0503093263714871 0.292605983830795 0 128 255 255 
-0.78264128188129 -0.178051251859209 0.415689386730675 0 128 255 255 
-0.800623368611331 -0.130973537611314 0.444785014248529 0 128 255 255 
-0.80951375597072 -0.10769820133128 0.399151171675249 0 128 255 255 
-0.63963465987946 -0.552447448876308 0.12588466745484 0 128 255 255 
-0.603192155568063 -0.647855163798711 0.1253346011044 0 128 255 255 
-0.622686810421359 -0.596817494793834 0.156877615255981 0 128 255 255 
-0.8280606063309 -0.0591419167040725 0.36308937583065 0 128 255 255 
-0.834442132875414 -0.0424348633104231 0.42507472807632 0 128 255 255 
-0.85065080835204 1.54651630572393E-17 0.354913102240215 0 128 255 255 
-0.85065080835204 1.70230737227954E-17 0.415749032067866 0 128 255 255 
-0.827596599814667 -0.0603567015345693 -0.422000813050734 0 128 255 255 
-0.836811762081633 -0.0362310935078078 -0.396983387207563 0 128 255 255 
-0.85065080835204 1.31445019275257E-17 0.230535784855213 0 128 255 255 
-0.827206126092258 -0.0613789750115524 0.182022025249061 0 128 255 255 
-0.85065080835204 1.39072522512324E-17 0.294077172412565 0 128 255 255 
-0.85065080835204 1.23817516043005E-17 0.166994397297861 0 128 255 255 
-0.83929647952644 -0.029726018784864 0.124796211300828 0 128 255 255 
-0.85065080835204 1.21278614500876E-17 0.109910578203115 0 128 255 255 
-0.85065080835204 1.18739712963561E-17 0.0528267591083689 0 128 255 255 
-0.810697410534995 -0.10459935345107 0.103284955633757 0 128 255 255 
-0.85065080835204 1.2299335880975E-17 -0.205776287835698 0 128 255 255 
-0.85065080835204 1.2663644734813E-17 -0.260170005101688 0 128 255 255 
-0.833765800140257 -0.0442055253987686 -0.218838360115228 0 128 255 255 
-0.817621364690586 -0.0864722061351858 -0.280796506155238 0 128 255 255 
-0.837670421544212 -0.0339830938500145 -0.166511802731345 0 128 255 255 
-0.828271208950857 -0.0585905518869027 -0.137007781890122 0 128 255 255 
-0.83428330987164 -0.0428506673325001 0.32179950093996 0 128 255 255 
-0.820747289486826 -0.0782884287723535 -0.477346202211994 0 128 255 255 
-0.805114522036184 -0.119215545296358 -0.452051853138632 0 128 255 255 
-0.805790367316214 -0.117446159382104 0.203854899172083 0 128 255 255 
-0.833540911847797 -0.0447942905921014 0.0408591586072947 0 128 255 255 
-0.81252800814477 -0.0998067866889535 -0.0977787096003865 0 128 255 255 
-0.812033095118037 -0.101102485814416 -0.185387908468946 0 128 255 255 
-0.613727836497718 -0.620272393030251 0.00752777742477861 0 128 255 255 
-0.595931392074432 -0.666864089409312 0.0585440367581754 0 128 255 255 
-0.583108075517179 -0.700435968004699 0.00752218155070448 0 128 255 255 
-0.583697500714767 -0.698892832803588 0.0937915869528189 0 128 255 255 
-0.612935423757274 -0.622346956517851 -0.0751292395369392 0 128 255 255 
-0.595818968096582 -0.667158419204472 -0.0501565676647008 0 128 255 255 
-0.573344144184074 -0.725998272098589 -0.0770395041885112 0 128 255 255 
-0.78810664766781 -0.163742738469148 0.361323543857732 0 128 255 255 
-0.764659195151249 -0.225128966107104 0.38659375921282 0 128 255 255 
-0.795762436687647 -0.143699622604519 -0.0504337431016242 0 128 255 255 
-0.777279150994906 -0.192089492771889 -0.0963353689505654 0 128 255 255 
-0.781093293122936 -0.182103939042783 -0.00122875505402729 0 128 255 255 
-0.794388927796078 -0.147295515566495 -0.240837983574081 0 128 255 255 
-0.772503757246391 -0.204591635915163 -0.301430217161365 0 128 255 255 
-0.775397494129298 -0.197015734401215 -0.195737302510773 0 128 255 255 
-0.768162019387503 -0.215958453199974 -0.392261447883696 0 128 255 255 
-0.671865594444884 -0.468065766694855 -0.163335020204374 0 128 255 255 
-0.661862554574279 -0.49425406506692 -0.220265300829975 0 128 255 255 
-0.683451032762473 -0.437734695404842 -0.255196192303859 0 128 255 255 
-0.633913567910309 -0.56742546210431 -0.0665783368975805 0 128 255 255 
-0.666320510569485 -0.482582984751119 -0.0571556945469363 0 128 255 255 
-0.642748588776091 -0.544295077186377 0.189338254508705 0 128 255 255 
-0.670793889329794 -0.470871527112077 0.164218757916125 0 128 255 255 
-0.665062759509683 -0.485875819775065 0.0566048211600735 0 128 255 255 
-0.633323755671771 -0.568969610591784 0.0629339547837558 0 128 255 255 
-0.724796805741049 -0.329490056455791 0.322095058274333 0 128 255 255 
-0.730150407032149 -0.315474146313478 0.242283478010355 0 128 255 255 
-0.754042984588187 -0.252922566192928 0.246096221900951 0 128 255 255 
-0.728434402303197 -0.319966705018731 0.0475934751903684 0 128 255 255 
-0.754976259316095 -0.250479221234423 0.0341432603963888 0 128 255 255 
-0.741707440925989 -0.285217438770271 0.000281919885667137 0 128 255 255 
-0.754991362566989 -0.250439680410241 -0.0339271159001676 0 128 255 255 
-0.728427739517674 -0.31998414841769 -0.046681940143921 0 128 255 255 
-0.726464036247634 -0.325125190322473 -0.234479625755198 0 128 255 255 
-0.749569780738401 -0.264633565910273 -0.250444099734531 0 128 255 255 
-0.726586394923787 -0.324804851149485 -0.324990674397901 0 128 255 255 
-0.85065080835204 1.18312232289553E-17 0.00142675733067029 0 128 255 255 
-0.85065080835204 1.17884751620359E-17 -0.0499732444470283 0 128 255 255 
-0.85065080835204 1.19350270276185E-17 -0.151382570569708 0 128 255 255 
-0.827467692683786 -0.0606941847846099 -0.365663211043884 0 128 255 255 
-0.85065080835204 1.90379020417558E-17 0.47162864168568 0 128 255 255 
-0.834170972309663 -0.0431447708879682 0.499066177273542 0 128 255 255 
-0.794309437096753 -0.147503624919118 -0.143809822382668 0 128 255 255 
-0.776723217019554 -0.19354494681486 0.0965965377134702 0 128 255 255 
-0.749183262215994 -0.265645484539217 0.0944887067395294 0 128 255 255 
-0.704968489622039 -0.381401261995037 -0.290012168854097 0 128 255 255 
-0.747374207155645 -0.27038165217473 -0.358626061140799 0 128 255 255 
-0.749103529861703 -0.265854226552754 -0.0935697503631475 0 128 255 255 
-0.85065080835204 1.47867429970857E-17 -0.323282475698262 0 128 255 255 
-0.75528945443679 -0.249659265763332 -0.14562122597023 0 128 255 255 
-0.747250141468855 -0.270706460359583 -0.194313070964317 0 128 255 255 
-0.642469686031793 -0.545025254050506 0.00066650438481823 0 128 255 255 
-0.702486004344059 -0.387900492829362 -0.198423501192452 0 128 255 255 
-0.755504215446182 -0.249097014141286 0.146851112315816 0 128 255 255 
-0.730278216994941 -0.315139535486787 0.147259148081604 0 128 255 255 
-0.748974247798779 -0.266192691387624 0.196171557411586 0 128 255 255 
-0.729529941792155 -0.31709854540062 -0.145283100850854 0 128 255 255 
-0.595979360526668 -0.666738506370969 -0.113664053573537 0 128 255 255 
-0.699500165147749 -0.395717521330241 -0.101883125198714 0 128 255 255 
-0.795165803791365 -0.145261627805791 0.0480651498729206 0 128 255 255 
-0.549537628151604 -0.788324540225315 -0.0385197520942556 0 128 255 255 
-0.525731112119134 -0.85065080835204 -1.64858497612745E-17 0 128 255 255 
-0.545052880970991 -0.800065760775108 0.0312632787250745 0 128 255 255 
-0.835699048919433 -0.0391442143861768 -0.501538657165564 0 128 255 255 
-0.817397170460497 -0.0870591542496409 0.471925595761036 0 128 255 255 
-0.564374649822849 -0.749480713198176 0.0625265574501488 0 128 255 255 
-0.698022400314636 -0.399586359890712 5.99107082723815E-05 0 128 255 255 
-0.663189239728169 -0.490780758241664 0.22241192250134 0 128 255 255 
-0.699127368476909 -0.396693515685393 0.102416778416213 0 128 255 255 
-0.7920266024508 -0.153480163612919 0.150526054817128 0 128 255 255 
-0.683629890680248 -0.437266439296951 0.255485590493975 0 128 255 255 
-0.702691287607848 -0.38736305426744 0.199873112714986 0 128 255 255 
-0.774895414932437 -0.198330194803642 0.198367826749203 0 128 255 255 
-0.790872617127589 -0.156501336411603 0.251481682063192 0 128 255 255 
-0.704449414229671 -0.382760219014981 0.289172287226522 0 128 255 255 
-0.85065080835204 -1.0071118391079E-16 0.525731112119134 0 128 255 255 
-0.85065080835204 2.48042820688121E-17 -0.525731112119133 0 128 255 255 
-0.142004956353318 0.365785305211862 -0.796409741596018 255 0 128 255 
-0.211581237683352 0.394966715849052 -0.76983396693877 255 0 128 255 
-0.157251305808843 0.428544460353965 -0.790586154308366 255 0 128 255 
-0.193353978395227 -0.201489637682165 -0.776796160465076 255 0 128 255 
-0.264106046670181 -0.253394840729154 -0.749771275158397 255 0 128 255 
-0.269843855401771 -0.197631175515576 -0.747579627243876 255 0 128 255 
-1.3408372049854E-17 0.471075352515188 -0.85065080835204 255 0 128 255 
-6.29261496130225E-18 0.416419592911242 -0.85065080835204 255 0 128 255 
-0.0400120826283234 0.433110966621985 -0.83536755274869 255 0 128 255 
-0.0514606869671671 0.493926658489006 -0.830994575015001 255 0 128 255 
-0.102921373934334 0.462122204858878 -0.811338341677962 255 0 128 255 
-0.158118532084227 -0.428008485039841 -0.790254903347106 255 0 128 255 
-0.0815091268301096 -0.398973704162539 -0.819517092296264 255 0 128 255 
-0.104064768130608 -0.461415548383041 -0.810901603957525 255 0 128 255 
1.06825115145317E-17 -0.455091705407813 -0.85065080835204 255 0 128 255 
-1.06201940058797E-16 -0.525731112119134 -0.85065080835204 255 0 128 255 
-0.0513539236903546 -0.493992641822826 -0.831035354957993 255 0 128 255 
-0.0756123028889825 0.100893727349061 -0.821769478616101 255 0 128 255 
1.08055645527255E-18 0.151365976707233 -0.85065080835204 255 0 128 255 
-9.08630747332702E-19 0.100818164353145 -0.85065080835204 255 0 128 255 
-0.187292462813265 -0.000392534652199997 -0.779111453394049 255 0 128 255 
-0.186681117046391 0.103098334107326 -0.779344966698116 255 0 128 255 
-0.13160245532682 0.0508760481473375 -0.800383143420135 255 0 128 255 
-0.212172296037845 -0.394601421696641 -0.769608202736688 255 0 128 255 
-0.147372624248179 -0.367850281273369 -0.794359474900503 255 0 128 255 
-2.15324434268665E-18 0.362038006519189 -0.85065080835204 255 0 128 255 
-0.0856904348684394 0.393083984438409 -0.817919974743055 255 0 128 255 
-0.0817405923221881 -0.309411258269035 -0.819428680345513 255 0 128 255 
-0.204665493479889 -0.307426567295373 -0.772475546166992 255 0 128 255 
3.29703154377654E-18 -0.32198233241639 -0.85065080835204 255 0 128 255 
5.7039863162952E-18 -0.384452298696493 -0.85065080835204 255 0 128 255 
8.90076771739355E-19 -0.259512366136287 -0.85065080835204 255 0 128 255 
-0.0790163868187991 -0.202763461307313 -0.820469234255468 255 0 128 255 
-1.34600187114931E-18 -0.151154723235357 -0.85065080835204 255 0 128 255 
-0.0777225285236505 -0.100320922005684 -0.820963444147589 255 0 128 255 
-2.50749539544435E-18 -0.10055625789997 -0.85065080835204 255 0 128 255 
-0.452149571424107 0.246287308980337 -0.677945040066729 255 0 128 255 
-0.479038781307629 0.14969044406271 -0.667674275821854 255 0 128 255 
-0.514872418853227 0.207522457397967 -0.65398704421998 255 0 128 255 
-0.578892748825041 0.167955717504402 -0.62953345414173 255 0 128 255 
-0.85065080835204 2.48042820688121E-17 -0.525731112119133 255 0 128 255 
-0.781696306405635 0.0426162258801986 -0.552069388185339 255 0 128 255 
-0.800332886291341 -0.0310981860767801 -0.544950848103053 255 0 128 255 
-2.89781794945647E-18 0.0502703519990562 -0.85065080835204 255 0 128 255 
-3.28340343459793E-18 0.000156279717235891 -0.85065080835204 255 0 128 255 
-0.07682393855864 -9.53342148372763E-05 -0.821306674972273 255 0 128 255 
-3.6689889192579E-18 -0.0499577925645844 -0.85065080835204 255 0 128 255 
-0.389426723994987 0.285052160562707 -0.701903035913479 255 0 128 255 
-0.328627171497672 0.322628350506832 -0.72512639846667 255 0 128 255 
-0.356263617548935 0.258082154601068 -0.714570215403341 255 0 128 255 
-0.31871990073945 0.225313987193016 -0.728910639160563 255 0 128 255 
-0.38828067396363 0.199334120141717 -0.70234078807265 255 0 128 255 
-0.0731730037614295 0.202875504288967 -0.822701207974098 255 0 128 255 
2.62128420126781E-18 0.254958051403866 -0.85065080835204 255 0 128 255 
-0.0763451993800441 0.30525123925159 -0.821489537066751 255 0 128 255 
2.34019929049836E-19 0.308498028961527 -0.85065080835204 255 0 128 255 
-0.712741804459231 0.0852324517603974 -0.578407664251545 255 0 128 255 
-0.619321538742984 0.0723360800828628 -0.614091030517105 255 0 128 255 
-0.670185823868686 0.0314064030892052 -0.594662602412552 255 0 128 255 
-0.634217731757017 -0.0193060555339278 -0.608401191088723 255 0 128 255 
-0.714462220515513 -0.0126368639525117 -0.577750523792837 255 0 128 255 
-0.179156604025912 0.307080126166294 -0.782219074923148 255 0 128 255 
-0.12554723094521 0.255557365376675 -0.802696033324403 255 0 128 255 
-0.173514116613453 0.207022591799847 -0.784374313333614 255 0 128 255 
-0.127245135077564 0.1534725393863 -0.802047491655482 255 0 128 255 
-0.132755175973288 -0.0503083469547236 -0.799942843312717 255 0 128 255 
-0.189181773997596 -0.100424596946173 -0.77838980073696 255 0 128 255 
-0.134818666933818 -0.151249654485334 -0.799154659901273 255 0 128 255 
-0.139694112754026 -0.255272731138472 -0.797292405308262 255 0 128 255 
-0.544538946667143 -0.189187534880773 -0.642655438923258 255 0 128 255 
-0.466701754029331 -0.165444413808717 -0.672386600922029 255 0 128 255 
-0.490412401532972 -0.222639579467296 -0.663329939470906 255 0 128 255 
-0.436285856398801 -0.256091624053819 -0.684004440018554 255 0 128 255 
-0.559423471816054 0.0169651102543638 -0.636970056222776 255 0 128 255 
-0.482505547037746 0.0378442250281779 -0.666350089143982 255 0 128 255 
-0.522074415168745 -0.0197929860144143 -0.651236126414303 255 0 128 255 
-0.479723269463133 -0.0642020784236359 -0.667412824611348 255 0 128 255 
-0.566645372358048 -0.0697792009165629 -0.634211535679106 255 0 128 255 
-0.325671992372263 0.139307562253041 -0.726255176449732 255 0 128 255 
-0.255002740883321 0.173242320862887 -0.753248428558994 255 0 128 255 
-0.266779468369687 0.102119548521993 -0.748750118935447 255 0 128 255 
-0.319972041407116 0.0456478512204781 -0.728432363984211 255 0 128 255 
-0.246569450139342 0.0493016741662317 -0.756469658986184 255 0 128 255 
-0.317430671630498 -0.0524003519453425 -0.729403080860897 255 0 128 255 
-0.246111236527577 -0.0510891058721229 -0.75664468101177 255 0 128 255 
-0.263784134681841 -0.100333595834686 -0.749894234596557 255 0 128 255 
-0.317949217293753 -0.148270548084585 -0.729205014042252 255 0 128 255 
-0.24824777395978 -0.149483376325208 -0.755828596330905 255 0 128 255 
-0.325562260689911 -0.235517474756768 -0.726297090222748 255 0 128 255 
-2.27962549945719E-19 -0.205333544685822 -0.85065080835204 255 0 128 255 
-0.324243833398064 -0.325337402436572 -0.726800684636538 255 0 128 255 
-0.380918687291299 -0.290310416423118 -0.705152816756756 255 0 128 255 
-0.268208064717954 -0.359969412066606 -0.748204443686613 255 0 128 255 
-0.388359233346931 -0.199491732587441 -0.702310781058364 255 0 128 255 
-0.26347517250356 -0.00178649341659111 -0.750012247647422 255 0 128 255 
-0.396120360572336 -0.104601938529852 -0.699346294249271 255 0 128 255 
-0.399802300406902 -0.0063392334567037 -0.697939918377 255 0 128 255 
-0.399179864077976 0.0944401510097256 -0.698177667898816 255 0 128 255 
-0.25418745639172 0.26568081828447 -0.753559839524285 255 0 128 255 
-0.270104204590512 0.358797533177942 -0.74748018270272 255 0 128 255 
-0.531006842069128 -0.129023093221343 -0.647824242940381 255 0 128 255 
-0.597424867827983 -0.156502238077026 -0.622454814566164 255 0 128 255 
-0.699623881636961 -0.0933397739263581 -0.583418264907854 255 0 128 255 
-0.674207052160491 -0.0625509248536225 -0.593126629881606 255 0 128 255 
-0.648524374732472 -0.124921006001692 -0.602936539737009 255 0 128 255 
-0.543836417545891 0.0889583153865033 -0.642923781169489 255 0 128 255 
-0.645817276642136 0.1265940846324 -0.603970559196638 255 0 128 255 
-0.750014964230642 -0.0621963721535603 -0.564170584086972 255 0 128 255 
1.85092032802944E-18 0.203162014055549 -0.85065080835204 255 0 128 255 
1.01338847628209E-16 0.525731112119134 -0.85065080835204 255 0 128 255 
0.152822832112312 0.555587942707794 -0.667971145651068 0 255 255 255 
0.0924240318172573 0.5828523051595 -0.701105583494416 0 255 255 255 
0.124092918521042 0.602424753528309 -0.649864248421822 0 255 255 255 
0.231302232900912 0.625066120901215 -0.520013566669047 0 255 255 255 
0.23780638995425 0.581659093263422 -0.556916437253501 0 255 255 255 
0.188705102827925 0.642357279517335 -0.545319538125913 0 255 255 255 
0.276260921406376 0.613043670603279 -0.487077328461519 0 255 255 255 
0.222436517415096 0.663204440220821 -0.490740962835257 0 255 255 255 
0.663431555093485 0.355202946435093 -0.357747418942596 0 255 255 255 
0.703420108013334 0.385454977674184 -0.287506834783656 0 255 255 255 
0.727556933815389 0.322263947343869 -0.326561039311916 0 255 255 255 
0.256167932002266 0.684051600924306 -0.436162387544601 0 255 255 255 
1.01338847628209E-16 0.525731112119134 -0.85065080835204 0 255 255 255 
0.0307618418420351 0.54474297593406 -0.800877102695078 0 255 255 255 
0.0517209897275523 0.493765782535722 -0.830895148207899 0 255 255 255 
0.187283104518299 0.447912872173521 -0.741185943779353 0 255 255 255 
0.2124247955936 0.39444536838904 -0.769511756488534 0 255 255 255 
0.157933387524352 0.428122910670675 -0.790325622276146 0 255 255 255 
0.0615236836840703 0.563754839748987 -0.751103397038117 0 255 255 255 
0.103441979455105 0.461800452952311 -0.811139488063758 0 255 255 255 
0.135092483547036 0.504291920989967 -0.73699751593417 0 255 255 255 
0.270503037662418 0.358551040783666 -0.747327842025089 0 255 255 255 
0.236500402698181 0.423614026589856 -0.716267491183137 0 255 255 255 
0.294928794473751 0.391847123342322 -0.689606002655101 0 255 255 255 
0.196448676235927 0.488031675402499 -0.691901568832748 0 255 255 255 
0.25804966738861 0.460837927583782 -0.657494325498782 0 255 255 255 
0.579138802545618 0.167803647942027 -0.629439469983528 0 255 255 255 
0.513532576775564 0.20835052534152 -0.65449881835409 0 255 255 255 
0.598014441184304 0.189381474108096 -0.588986005178773 0 255 255 255 
0.451434550385456 0.246729216284895 -0.678218153800823 0 255 255 255 
0.486680596465822 0.284472113054143 -0.605229210951209 0 255 255 255 
0.42144755028043 0.320013678243718 -0.634920691947025 0 255 255 255 
0.389336523995347 0.28510790722827 -0.701937489247556 0 255 255 255 
0.556852241951271 0.25267597736737 -0.566853701152533 0 255 255 255 
0.357862656339553 0.356189700470446 -0.662329563661175 0 255 255 255 
0.389051013323262 0.391065862981819 -0.596265044166093 0 255 255 255 
0.322784384521297 0.427012294938484 -0.626585241011392 0 255 255 255 
0.455686067663595 0.355557710292887 -0.565138142514692 0 255 255 255 
0.283654985795876 0.499992376536472 -0.592734558138825 0 255 255 255 
0.213980760606625 0.534530068693058 -0.627871091171491 0 255 255 255 
0.353679468110115 0.462551366951015 -0.560151085410043 0 255 255 255 
0.155761805224828 0.621997201897118 -0.598622913349228 0 255 255 255 
0.781583739845857 0.0426857958401382 -0.552112384785178 0 255 255 255 
0.825668714674973 0.0654039703566942 -0.485309235439506 0 255 255 255 
0.85065080835204 3.62896563060612E-18 -0.525731112119133 0 255 255 255 
0.740995295901218 0.115058748915551 -0.520327875654405 0 255 255 255 
0.712516671339674 0.0853715916802767 -0.578493657451222 0 255 255 255 
0.66994484597641 0.154781118053472 -0.551655956441292 0 255 255 255 
0.696377324981617 0.188212020203998 -0.491792575285559 0 255 255 255 
0.628697632234481 0.22186209704154 -0.525822191195153 0 255 255 255 
0.760333039248471 0.153190165455227 -0.462858715767476 0 255 255 255 
0.592003308400553 0.289105679973098 -0.495272932097522 0 255 255 255 
0.5235364534547 0.321463457619267 -0.531382009397207 0 255 255 255 
0.659608253801842 0.256193084905473 -0.460580581763858 0 255 255 255 
0.490931607517472 0.390398890569656 -0.495051422384046 0 255 255 255 
0.42252726960318 0.425774191606747 -0.528080459261246 0 255 255 255 
0.559403621262562 0.356148691772268 -0.460829607436344 0 255 255 255 
0.387907980157207 0.496127106339602 -0.492346833974365 0 255 255 255 
0.315305330391452 0.536782530684639 -0.524294059395083 0 255 255 255 
0.457741357790203 0.459352378948403 -0.459288183732568 0 255 255 255 
0.352259633088862 0.568324896574009 -0.455797390808302 0 255 255 255 
0.800893439783439 0.130266482103353 -0.445221998584381 0 255 255 255 
0.776118164891905 0.195128993850012 -0.405134761729257 0 255 255 255 
0.722624159541638 0.223711832281076 -0.430045928648459 0 255 255 255 
0.691614414708549 0.290473812258194 -0.394293693504431 0 255 255 255 
0.626804728442645 0.322975581264292 -0.426601610764237 0 255 255 255 
0.751693759617444 0.259072917013553 -0.365615243840177 0 255 255 255 
0.595999342697385 0.389163421697417 -0.391219156076371 0 255 255 255 
0.527146287062614 0.423785119509879 -0.425450513898681 0 255 255 255 
0.494007299975502 0.831044414194559 -0.0513302063011122 0 255 255 255 
0.525731112119133 0.85065080835204 -1.76394611265708E-17 0 255 255 255 
0.541233328145377 0.810065479894391 -0.0250831124314054 0 255 255 255 
0.49436130454298 0.491574551445795 -0.390446064482398 0 255 255 255 
0.423771101086193 0.528443878632003 -0.424166940752978 0 255 255 255 
0.565554861566735 0.455866000037878 -0.35496105886656 0 255 255 255 
0.320372973421986 0.638258510760445 -0.417750436288743 0 255 255 255 
0.389939492069961 0.597293682424088 -0.389148745977125 0 255 255 255 
0.460300977694246 0.560379013498703 -0.355701929278225 0 255 255 255 
0.29068746357351 0.70538584471106 -0.380308612186604 0 255 255 255 
0.635891100530127 0.419928562845726 -0.32056225709532 0 255 255 255 
0.607369874126141 0.485990916058509 -0.283021130286523 0 255 255 255 
0.532970978615277 0.524548945976294 -0.318861995879603 0 255 255 255 
0.679956059626546 0.446884653864467 -0.249541206980161 0 255 255 255 
0.558017987904898 0.766122670154362 -0.0522412624119129 0 255 255 255 
0.357310491928326 0.664652040319951 -0.354419388222897 0 255 255 255 
0.495688310953927 0.593751950580602 -0.286941658936645 0 255 255 255 
0.425275873766786 0.628309183079138 -0.32279686362525 0 255 255 255 
0.57574541895748 0.559657318276123 -0.24097918323757 0 255 255 255 
0.391386605893227 0.692561542245826 -0.292433772332121 0 255 255 255 
0.3260152290208 0.727219604504069 -0.323147086946304 0 255 255 255 
0.456511128133905 0.662199082004158 -0.25767171033311 0 255 255 255 
0.360848893373838 0.748747993026953 -0.266785034070382 0 255 255 255 
0.644745028315672 0.127256770542535 -0.604380121612967 0 255 255 255 
0.657232703685138 0.506375172057534 -0.212774044728502 0 255 255 255 
0.579446871124321 0.608392871841464 -0.188542177505389 0 255 255 255 
0.634879693966421 0.564896111251992 -0.17660611525276 0 255 255 255 
0.523575497033058 0.631051614654924 -0.221754808783192 0 255 255 255 
0.420045777716323 0.727525778726569 -0.228810364028281 0 255 255 255 
0.482929661573964 0.700309514222167 -0.193142744675042 0 255 255 255 
0.551159506910513 0.661155030796574 -0.164067382764087 0 255 255 255 
0.395682557726877 0.770276381549836 -0.210422981194461 0 255 255 255 
0.592869751157218 0.674879569391926 -0.10863259992203 0 255 255 255 
0.613874722561819 0.619887840321959 -0.142619357587395 0 255 255 255 
0.51541289108766 0.72760393693129 -0.133365092452224 0 255 255 255 
0.428983022779374 0.790857200793457 -0.156541696898343 0 255 255 255 
0.462283487831871 0.811438020037078 -0.102660412602224 0 255 255 255 
0.574802647664419 0.722179860414334 -0.0793994123924205 0 255 255 255 
0.329919780828883 0.321829474005968 -0.724632665636323 0 255 255 255 
0.0339391136786663 -0.546706637920596 0.795736168871911 255 0 255 255 
0.103760514544837 -0.461603587440246 0.81101781848609 255 0 255 255 
0.0518802572724187 -0.49366734977969 0.830834313419065 255 0 255 255 
0.211959398282478 -0.656729224492681 0.507693297696015 255 0 255 255 
0.240868095993495 -0.575691378872263 0.559822445605416 255 0 255 255 
0.175080717068336 -0.633936946042069 0.567364257360768 255 0 255 255 
0.831562202374318 -0.049974619247531 0.494845098849325 255 0 255 255 
0.85065080835204 3.61992484321928E-18 0.525731112119133 255 0 255 255 
0.795758240677592 -0.0339254725525627 0.546698207241019 255 0 255 255 
0.560634080475968 -0.240210874282743 0.575536965712463 255 0 255 255 
0.61042865521185 -0.187164065936673 0.578789199322651 255 0 255 255 
0.568429718910613 -0.174422225616826 0.633529975943735 255 0 255 255 
0.739906289752358 -0.0684438765623485 0.568031754156467 255 0 255 255 
0.357938740054977 -0.355692058981312 0.662751121434885 255 0 255 255 
0.329754606941184 -0.32193155708262 0.72469575644737 255 0 255 255 
0.294839054660367 -0.38999248812144 0.691550377689367 255 0 255 255 
0.662940498213201 -0.357333793312689 0.356107628945283 255 0 255 255 
0.702182792060701 -0.388694312892999 0.285504815517474 255 0 255 255 
0.725500594126879 -0.327647514540801 0.323233811803493 255 0 255 255 
0.270728559913665 -0.358411660367176 0.747241700190332 255 0 255 255 
0.692164407525995 -0.293259769286663 0.390957743658515 255 0 255 255 
0.525731112119133 -0.85065080835204 -2.44676934899126E-17 255 0 255 255 
0.551985476485669 -0.781915990087427 0.0424804538980778 255 0 255 255 
0.485274751957955 -0.825647402711324 0.0654597658018942 255 0 255 255 
0.462865664929317 -0.760235055145759 0.153281200396097 255 0 255 255 
0.445143764797232 -0.800845088643912 0.130393067030029 255 0 255 255 
0.520303139473642 -0.741143224292739 0.114935556704792 255 0 255 255 
0.578239840852204 -0.713181171822814 0.0849609077961558 255 0 255 255 
0.603721909423539 -0.646468250199405 0.12619176084823 255 0 255 255 
0.551482877447222 -0.670511723593569 0.154387319430382 255 0 255 255 
0.187706826724906 -0.578724830422081 0.609950263324187 255 0 255 255 
0.405012777636509 -0.7760427745765 0.195326368258164 255 0 255 255 
0.491722197532665 -0.696496599116031 0.188163123822478 255 0 255 255 
0.429956053014575 -0.722546714184222 0.223879153272377 255 0 255 255 
0.629203977994873 -0.579755328575995 0.167422613900305 255 0 255 255 
0.588698170923647 -0.598741309838633 0.188942439708893 255 0 255 255 
0.525672908109102 -0.629110646786539 0.221598365575533 255 0 255 255 
0.653768026228144 -0.515445815400001 0.207168078843029 255 0 255 255 
0.365635927726187 -0.751706542962017 0.259039449782969 255 0 255 255 
0.394209948278456 -0.691669271594697 0.29050270059802 255 0 255 255 
0.326684264276378 -0.727633091031688 0.322064565163107 255 0 255 255 
0.460484769628035 -0.659720551268457 0.256176599574681 255 0 255 255 
0.357743350545149 -0.663613852634894 0.35502471729113 255 0 255 255 
0.495027287384851 -0.59240323066872 0.288951402417603 255 0 255 255 
0.426465967207537 -0.62726672304342 0.322649230220216 255 0 255 255 
0.566498799673179 -0.557815180532567 0.252067940265428 255 0 255 255 
0.60490616975388 -0.487355816998393 0.2841199337189 255 0 255 255 
0.531020381248752 -0.524272310896762 0.32108922832566 255 0 255 255 
0.677975409144422 -0.4520700641465 0.246336447180251 255 0 255 255 
0.634796240684622 -0.421786485647962 0.31979919413859 255 0 255 255 
0.28773260082657 -0.70355963910136 0.385089680543244 255 0 255 255 
0.390867357938625 -0.596387494630148 0.389127067902401 255 0 255 255 
0.320617077799466 -0.636224936030158 0.419539906641549 255 0 255 255 
0.460463089470105 -0.559805937463605 0.356112893537463 255 0 255 255 
0.494513457886179 -0.491780352568572 0.390088110016422 255 0 255 255 
0.424857862221718 -0.528070320835194 0.423453737414261 255 0 255 255 
0.56471348332432 -0.456473347148713 0.355195089998141 255 0 255 255 
0.595874328238048 -0.390015184919018 0.390492407314108 255 0 255 255 
0.527438342732514 -0.424050461029986 0.424893116708674 255 0 255 255 
0.627696507963599 -0.323429463555474 0.425255948952101 255 0 255 255 
0.748044410212551 -0.268627037792385 0.359710472466237 255 0 255 255 
0.727731350014914 -0.228857892090562 0.419792678365698 255 0 255 255 
0.770588226298223 -0.209606561043969 0.396187133128981 255 0 255 255 
0.249718024411074 -0.680065338808653 0.446598557251446 255 0 255 255 
0.282886824775446 -0.607720243509504 0.485774852186224 255 0 255 255 
0.354754308299933 -0.56600304749639 0.45562456467485 255 0 255 255 
0.389767797616176 -0.495328645578751 0.491285477276247 255 0 255 255 
0.318636903562026 -0.533595349381711 0.524149667527436 255 0 255 255 
0.458658813417682 -0.459120309818459 0.458602797235033 255 0 255 255 
0.49153838397264 -0.390105342122615 0.494738194375919 255 0 255 255 
0.423606607274798 -0.425148920677433 0.527626392518942 255 0 255 255 
0.559893008134712 -0.355709479702494 0.460779432633967 255 0 255 255 
0.593745710609639 -0.286714529972413 0.495921679889121 255 0 255 255 
0.524678477838219 -0.318500183074252 0.533203259558702 255 0 255 255 
0.662317864627272 -0.257516239643546 0.456547816200356 255 0 255 255 
0.701671904589325 -0.191497554381454 0.483212461500395 255 0 255 255 
0.632229263141814 -0.220773020375079 0.523379636954281 255 0 255 255 
0.79153091134741 -0.154777899769516 0.430073109354248 255 0 255 255 
0.732369067374941 -0.12986095130236 0.514151901793873 255 0 255 255 
0.812473596396596 -0.0999492384950619 0.463959085579516 255 0 255 255 
0.13906042433705 -0.611675180849414 0.62564631528471 255 0 255 255 
0.162578107242142 -0.549750639224141 0.664053174004891 255 0 255 255 
0.287090877210197 -0.495918698184364 0.593372345076613 255 0 255 255 
0.221752934525368 -0.523040509245864 0.631588476699941 255 0 255 255 
0.355586433701811 -0.461044811945678 0.559750674823684 255 0 255 255 
0.38988204858696 -0.390610194362897 0.595889677521316 255 0 255 255 
0.324007624495994 -0.424885014501097 0.627489281474083 255 0 255 255 
0.45620616635352 -0.354684220236199 0.565491533881454 255 0 255 255 
0.486642260531169 -0.282566051609819 0.607173608330186 255 0 255 255 
0.421392021714242 -0.319549706052077 0.635440192704855 255 0 255 255 
0.508814131240013 -0.211266685056556 0.656301104174605 255 0 255 255 
0.664577363336831 -0.161534858033644 0.550269699100699 255 0 255 255 
-1.18840009122158E-16 -0.525731112119134 0.85065080835204 255 0 255 255 
0.626242028868868 -0.13869225309448 0.611447638507825 255 0 255 255 
0.684054338827124 -0.102962280572134 0.589365301071916 255 0 255 255 
0.193565107219819 -0.482105673361448 0.700711139889907 255 0 255 255 
0.131316603788403 -0.513327177050996 0.731738139631775 255 0 255 255 
0.103040131605764 -0.589413415656758 0.683928373208652 255 0 255 255 
0.258708592761652 -0.45605183541089 0.661621492298632 255 0 255 255 
0.230917828780329 -0.418465668046827 0.726998423644018 255 0 255 255 
0.388780653968704 -0.285451453798063 0.702149812704407 255 0 255 255 
0.449198543569413 -0.248111144496286 0.679072232405475 255 0 255 255 
0.068489622642215 -0.568060026788677 0.739832271040282 255 0 255 255 
0.158279293612441 -0.427909128951321 0.790193497907412 255 0 255 255 
0.212798072680045 -0.394214670462395 0.769369177328733 255 0 255 255 
0.0813827106717564 -0.617128129010843 0.611370311659198 255 255 0 255 
0.0246979224059368 -0.637917475046808 0.556943097133158 255 255 0 255 
0.0955806652550592 -0.645087384142415 0.53817203142461 255 255 0 255 
0.10367571699329 -0.778492053124374 0.188914073771914 255 255 0 255 
0.1745588098123 -0.752900829428613 0.255912767221118 255 255 0 255 
0.103403746852474 -0.748523058477928 0.267373920364973 255 255 0 255 
0.293010042470102 -0.85065080835204 8.42805793714158E-18 255 255 0 255 
0.262914634739785 -0.837213440234554 0.0351794864509214 255 255 0 255 
0.245588643113059 -0.85065080835204 9.71613007434469E-18 255 255 0 255 
0.198167243756015 -0.85065080835204 1.10042022120293E-17 255 255 0 255 
0.0993974462077523 -0.85065080835204 9.05990211508717E-18 255 255 0 255 
0.0500378461891488 -0.837948253734662 0.0332557197322468 255 255 0 255 
0.0498493804436019 -0.85065080835204 7.95847138368435E-18 255 255 0 255 
-0.000126366687137825 -0.85065080835204 6.9415150416298E-18 255 255 0 255 
0.331288058691851 -0.838529726272595 0.031733404864415 255 255 0 255 
0.38525340831771 -0.85065080835204 1.41401356166553E-18 255 255 0 255 
0.402354550178512 -0.827582865988067 0.0603926571594052 255 255 0 255 
0.431828227170717 -0.85065080835204 -6.78003275362341E-18 255 255 0 255 
0.464417038593047 -0.841036538751102 0.0251704845922598 255 255 0 255 
0.339191747656546 -0.85065080835204 5.59852692519982E-18 255 255 0 255 
0.103040131605764 -0.589413415656758 0.683928373208652 255 255 0 255 
0.0458406894404605 -0.592421146964736 0.676054030415337 255 255 0 255 
-0.0100708010245674 -0.57886472686236 0.711545199009132 255 255 0 255 
-0.0136382166928649 -0.608639436505044 0.633593997159424 255 255 0 255 
-0.302496085800059 -0.816981493490204 0.0881474106862093 255 255 0 255 
-0.299347292571388 -0.773843753032647 0.201083481401964 255 255 0 255 
-0.361773832418974 -0.791620211149512 0.154544109852424 255 255 0 255 
-0.388495218261488 -0.765834361471542 0.222052340738144 255 255 0 255 
-0.397261839797731 -0.815351944776198 0.0924136246058015 255 255 0 255 
0.30488392426317 -0.814429626356827 0.0948282855761635 255 255 0 255 
0.310990535261983 -0.782421866107106 0.178625689813692 255 255 0 255 
0.254614867306319 -0.79876467992644 0.135839647762862 255 255 0 255 
0.208618702255423 -0.78312263109415 0.176791063259483 255 255 0 255 
0.203239284694394 -0.818756750198184 0.0834997282859604 255 255 0 255 
-0.418954216037996 -0.784659057360682 0.172768647072496 255 255 0 255 
-0.0508948926252069 -0.635685607648469 0.562786201840393 255 255 0 255 
-0.0102520417458106 -0.651911159928281 0.520307154485605 255 255 0 255 
0.0432867112484181 -0.667230614251552 0.480200302378181 255 255 0 255 
-0.0580979080123906 -0.666810942766297 0.481299016590688 255 255 0 255 
-0.124911772910718 -0.640900158543034 0.549134330362355 255 255 0 255 
-0.189900893826055 -0.643096318997621 0.543384707647498 255 255 0 255 
-0.163747705025898 -0.671075639571917 0.470133895401862 255 255 0 255 
0.373677110427481 -0.800264444334482 0.131913213567491 255 255 0 255 
0.405012777636509 -0.7760427745765 0.195326368258164 255 255 0 255 
-0.0515159848179062 -0.729324029858206 0.317637629842386 255 255 0 255 
-0.148393115667649 -0.729718224773952 0.316605614154772 255 255 0 255 
-0.0995994292852496 -0.749800282593942 0.264030104217998 255 255 0 255 
-0.0503793943868174 -0.755852500475786 0.248185192096011 255 255 0 255 
-0.148234959665698 -0.755816252924874 0.248280089416308 255 255 0 255 
0.525731112119133 -0.85065080835204 -2.44676934899126E-17 255 255 0 255 
0.478403046023724 -0.85065080835204 -1.49740790684309E-17 255 255 0 255 
-0.097136980985075 -0.585765067932462 0.693479871553636 255 255 0 255 
-0.127885806879277 -0.604768887449232 0.643727226142664 255 255 0 255 
-0.0628604923730441 -0.589447481370765 0.683839188011532 255 255 0 255 
0.068489622642215 -0.568060026788677 0.739832271040282 255 255 0 255 
0.0339391136786663 -0.546706637920596 0.795736168871911 255 255 0 255 
-0.0330396783844355 -0.54615075633808 0.797191485748658 255 255 0 255 
-0.0994736918881772 -0.778290404936892 0.189441995580513 255 255 0 255 
0.22734993154386 -0.729425590584508 0.317371740409007 255 255 0 255 
0.141563857162868 -0.726629065736752 0.324693137510814 255 255 0 255 
-0.200263459015886 -0.820005198897065 0.0802312471590794 255 255 0 255 
-0.252993686703269 -0.85065080835204 6.00573204827506E-18 255 255 0 255 
-0.201680327312614 -0.85065080835204 5.59808059872997E-18 255 255 0 255 
-0.0998725036920187 -0.820418396142689 0.0791494827259797 255 255 0 255 
-0.150366967921959 -0.85065080835204 5.19042914966635E-18 255 255 0 255 
-0.100179208335169 -0.85065080835204 5.25063811513993E-18 255 255 0 255 
0.049933253984685 -0.755747933799958 0.248458951207419 255 255 0 255 
0.485274751957955 -0.825647402711324 0.0654597658018942 255 255 0 255 
0.445143764797232 -0.800845088643912 0.130393067030029 255 255 0 255 
-0.0650883296847552 -0.565957912135271 0.745335678651147 255 255 0 255 
-0.000119836006578709 -0.778165215286719 0.189769746339705 255 255 0 255 
-0.000958972983478278 -0.749587017944122 0.264588438319824 255 255 0 255 
-0.355715880220858 -0.836857172664504 0.0361122070584021 255 255 0 255 
-0.305896618785751 -0.85065080835204 5.51066980799274E-18 255 255 0 255 
0.148945511971903 -0.85065080835204 1.01613328469715E-17 255 255 0 255 
-0.360351053343145 -0.85065080835204 2.63183197202484E-18 255 255 0 255 
-0.414805487900539 -0.85065080835204 -2.47005863461568E-19 255 255 0 255 
-0.0501021138178776 -0.85065080835204 5.92455870005674E-18 255 255 0 255 
-0.475528810428237 -0.81962407959359 0.0812290304493475 255 255 0 255 
-0.501644407041969 -0.835764405937358 0.0389731074918473 255 255 0 255 
-0.470268300009836 -0.85065080835204 -8.36642781260876E-18 255 255 0 255 
0.153455264880849 -0.669223756360805 0.474982188591746 255 255 0 255 
0.249718024411074 -0.680065338808653 0.446598557251446 255 255 0 255 
0.211959398282478 -0.656729224492681 0.507693297696015 255 255 0 255 
-0.525731112119134 -0.85065080835204 -1.64858497612745E-17 255 255 0 255 
2.25832927930446E-05 -0.819057629225055 0.0827120167671095 255 255 0 255 
0.100618506322145 -0.818731214392136 0.0835665818941245 255 255 0 255 
0.326684264276378 -0.727633091031688 0.322064565163107 255 255 0 255 
0.259605580570701 -0.715534458763854 0.353739195657684 255 255 0 255 
-0.149502999830361 -0.799029712216977 0.135145784218122 255 255 0 255 
-0.198402344725363 -0.777404848891261 0.191760411406916 255 255 0 255 
-0.250127295528174 -0.797058823577794 0.140305637663542 255 255 0 255 
-0.0498584047661722 -0.798862704046445 0.135583017284972 255 255 0 255 
0.0510492426504123 -0.798611528007071 0.136240604693213 255 255 0 255 
0.154038052566313 -0.799775662202211 0.133192861802871 255 255 0 255 
-0.449413213814505 -0.803483753249821 0.123484953406848 255 255 0 255 
-0.354817125662333 -0.745020155568998 0.276544639239843 255 255 0 255 
-0.245426726749527 -0.754244190782691 0.252395801536968 255 255 0 255 
0.268830703360946 -0.754447130107384 0.251864499487269 255 255 0 255 
0.365635927726187 -0.751706542962017 0.259039449782969 255 255 0 255 
-0.321008233449855 -0.724125111059705 0.331248575961613 255 255 0 255 
-0.292378384951327 -0.745260618936388 0.275915097970966 255 255 0 255 
-0.241292546323535 -0.729069884237899 0.318302991714444 255 255 0 255 
-0.196349938626354 -0.749250680322135 0.265468981645882 255 255 0 255 
0.047287096309226 -0.728845410299943 0.3188906721136 255 255 0 255 
-0.287199341237378 -0.703230066550412 0.385952512683383 255 255 0 255 
-0.199063323111665 -0.701695097775509 0.38997111310775 255 255 0 255 
-0.103324564834812 -0.698836846838167 0.397454111210088 255 255 0 255 
-0.00376879399688962 -0.697929283561155 0.399830142716247 255 255 0 255 
0.0968432768222926 -0.698493018066517 0.398354266620577 255 255 0 255 
0.201902565206461 -0.703041886826403 0.386445173596835 255 255 0 255 
0.28773260082657 -0.70355963910136 0.385089680543244 255 255 0 255 
-0.254183248058004 -0.682824998789826 0.439373673623344 255 255 0 255 
-0.222042070942029 -0.662960658893723 0.491379190635421 255 255 0 255 
0.175080717068336 -0.633936946042069 0.567364257360768 255 255 0 255 
-0.15863463277348 -0.623772706966002 0.593974580731691 255 255 0 255 
-1.18840009122158E-16 -0.525731112119134 0.85065080835204 255 255 0 255 
0.13906042433705 -0.611675180849414 0.62564631528471 255 255 0 255 
0.431828227170717 -0.85065080835204 -6.78003275362341E-18 255 0 0 255 
0.395209382865808 -0.842041139934713 -0.0225404045484293 255 0 0 255 
0.41531805570467 -0.831511008758137 -0.0501086458747003 255 0 0 255 
-0.12127819123117 -0.835890910146371 -0.0386419151729297 255 0 0 255 
-0.150366967921959 -0.85065080835204 5.19042914966635E-18 255 0 0 255 
-0.167872876226552 -0.83173803607263 -0.0495142806489828 255 0 0 255 
0.462323596173066 -0.81146280835517 -0.102595515942938 255 0 0 255 
0.467755486737644 -0.837735916396732 -0.0338116261000296 255 0 0 255 
0.200224986987082 -0.774440447091333 -0.199521316075439 255 0 0 255 
0.147023570583678 -0.755713829265349 -0.248548238038195 255 0 0 255 
0.196174281578941 -0.747095924481452 -0.271110205674248 255 0 0 255 
-0.405612314492088 -0.826828908563945 -0.0623665433218257 255 0 0 255 
-0.485681544806042 -0.825898814517823 -0.0648015611473088 255 0 0 255 
-0.446038355460809 -0.801397976080021 -0.128945588930343 255 0 0 255 
0.4940273541461 -0.831056808353605 -0.0512977579714688 255 0 0 255 
0.38525340831771 -0.85065080835204 1.41401356166553E-18 255 0 0 255 
0.349326087961109 -0.835255093721474 -0.0403065041839167 255 0 0 255 
0.339191747656546 -0.85065080835204 5.59852692519982E-18 255 0 0 255 
0.245588643113059 -0.85065080835204 9.71613007434469E-18 255 0 0 255 
0.198167243756015 -0.85065080835204 1.10042022120293E-17 255 0 0 255 
0.234216139162661 -0.83106380909087 -0.0512794298033631 255 0 0 255 
0.178092499748001 -0.831944340031269 -0.048974169873253 255 0 0 255 
-0.201680327312614 -0.85065080835204 5.59808059872997E-18 255 0 0 255 
-0.224020723345414 -0.832263051969766 -0.0481397711856462 255 0 0 255 
-0.200457353628831 -0.808461577409189 -0.110452840567602 255 0 0 255 
-0.0784366111682756 -0.834058863841856 -0.0434382746671138 255 0 0 255 
-0.100179208335169 -0.85065080835204 5.25063811513993E-18 255 0 0 255 
-0.110491499407726 -0.812351739520761 -0.10026826393776 255 0 0 255 
-0.252993686703269 -0.85065080835204 6.00573204827506E-18 255 0 0 255 
-0.414805487900539 -0.85065080835204 -2.47005863461568E-19 255 0 0 255 
-0.470268300009836 -0.85065080835204 -8.36642781260876E-18 255 0 0 255 
0.293010042470102 -0.85065080835204 8.42805793714158E-18 255 0 0 255 
0.283819937010953 -0.835557077907896 -0.0395158993197993 255 0 0 255 
0.296656911207408 -0.809470847033174 -0.107810538388199 255 0 0 255 
-0.0501021138178776 -0.85065080835204 5.92455870005674E-18 255 0 0 255 
0.202033957673405 -0.807834733351006 -0.112093939617572 255 0 0 255 
0.326096385038821 -0.727269761681598 -0.323015773750755 255 0 0 255 
0.360916925716114 -0.748790039326813 -0.266674955428246 255 0 0 255 
0.305608254559493 -0.770451627711539 -0.209964180786723 255 0 0 255 
0.386218800562079 -0.811920285788693 -0.101397824472889 255 0 0 255 
0.252646865006402 -0.749124747496601 -0.265798678063431 255 0 0 255 
-0.356306632570878 -0.839719072656599 -0.0286196556066946 255 0 0 255 
-0.297099372855804 -0.819814029662931 -0.080731734711647 255 0 0 255 
-0.000126366687137825 -0.85065080835204 6.9415150416298E-18 255 0 0 255 
-0.0101320430494353 -0.820750052838068 -0.0782811942248793 255 0 0 255 
0.0492176126181607 -0.838444803780915 -0.0319557348340418 255 0 0 255 
0.107099646176022 -0.819521541010387 -0.0814974799453298 255 0 0 255 
0.00696222657083284 -0.581352264519248 -0.705032740875103 255 0 0 255 
0.000686374040989765 -0.609683002705817 -0.630861905376291 255 0 0 255 
-0.0459599556030042 -0.590210961336046 -0.681840371512696 255 0 0 255 
-0.114142891694346 -0.596275298760437 -0.66596373001639 255 0 0 255 
-0.077345531329494 -0.573533279358681 -0.725503109782999 255 0 0 255 
0.251131027606847 -0.790549413796763 -0.157347493716983 255 0 0 255 
-0.00247507365564939 -0.783335488151819 -0.176233796247762 255 0 0 255 
-0.0557143005720248 -0.798437213698488 -0.136696965477808 255 0 0 255 
-0.0997585861752884 -0.777311574283305 -0.192004607500832 255 0 0 255 
-0.153104655477215 -0.793297144731952 -0.15015384073672 255 0 0 255 
-0.201711182697017 -0.77506368771455 -0.197889650940687 255 0 0 255 
0.0976377477589827 -0.778989996155031 -0.187610441993192 255 0 0 255 
0.0480325693074801 -0.800649269538826 -0.130905728102791 255 0 0 255 
-0.0602549492943017 -0.664929528494441 -0.486224623101326 255 0 0 255 
-0.164730394606629 -0.671860157385405 -0.468080001101369 255 0 0 255 
-0.127611158358199 -0.645354599010914 -0.537472453816581 255 0 0 255 
-0.0761895668779217 -0.630317250310945 -0.576840743813784 255 0 0 255 
-0.185940628952943 -0.640648740701585 -0.549792550816645 255 0 0 255 
0.163761911010879 -0.670561275670493 -0.471480517578374 255 0 0 255 
0.054859291917894 -0.663844371531324 -0.489065600913894 255 0 0 255 
0.12487615676296 -0.639094389859809 -0.553861894150858 255 0 0 255 
0.189233197742556 -0.642683660123863 -0.544465062604755 255 0 0 255 
0.0600433339960853 -0.632125255294633 -0.572107325314659 255 0 0 255 
-0.0474316063524478 -0.728349431234138 -0.320189162165587 255 0 0 255 
-0.0349885283988946 -0.755585811324478 -0.248883393358564 255 0 0 255 
-0.0954215650570049 -0.749268643333727 -0.265421953870995 255 0 0 255 
-0.148197296857772 -0.755488242480165 -0.249138831909219 255 0 0 255 
-0.146731807500622 -0.729608157346546 -0.316893774420774 255 0 0 255 
0.235044546319858 -0.726717939685973 -0.324460462491039 255 0 0 255 
0.145931438997682 -0.729482658868004 -0.317222333703135 255 0 0 255 
-0.236522468420033 -0.727258887223837 -0.323044243450781 255 0 0 255 
-0.255029760357135 -0.750707090501878 -0.261656050293753 255 0 0 255 
-0.329591853234552 -0.729430079833154 -0.317359987403468 255 0 0 255 
0.0993974462077523 -0.85065080835204 9.05990211508717E-18 255 0 0 255 
0.0498493804436019 -0.85065080835204 7.95847138368435E-18 255 0 0 255 
0.395737466393407 -0.770310316972029 -0.210334137105738 255 0 0 255 
0.429030531283237 -0.790886562663599 -0.156464826524338 255 0 0 255 
0.362859649380118 -0.790737255711994 -0.156855717198397 255 0 0 255 
-0.00417110324345087 -0.640179881667432 -0.551020039703991 255 0 0 255 
-0.406395166115576 -0.77689713764222 -0.193089616713378 255 0 0 255 
-0.372980463569995 -0.799937581429981 -0.132768951761138 255 0 0 255 
-0.038672765664747 -0.549632195738907 -0.788076959067519 255 0 0 255 
0.0621537513687906 -0.564144242993357 -0.750083926109026 255 0 0 255 
0.093283215023694 -0.583383309583641 -0.699715395863838 255 0 0 255 
0.124880806978012 -0.60291169537406 -0.648589418119101 255 0 0 255 
0.156478398932331 -0.622440081164479 -0.597463440374363 255 0 0 255 
0.0564531556533822 -0.594332568045692 -0.671049865058583 255 0 0 255 
-1.06201940058797E-16 -0.525731112119134 -0.85065080835204 255 0 0 255 
0.0310768756843953 -0.544937677556245 -0.800367367230533 255 0 0 255 
0.148945511971903 -0.85065080835204 1.01613328469715E-17 255 0 0 255 
-0.150940252059197 -0.619017318162194 -0.606424350249782 255 0 0 255 
-0.221211903870869 -0.662447587427405 -0.492722429172899 255 0 0 255 
-0.256483178788795 -0.684246434153225 -0.435652307529153 255 0 0 255 
0.22281226087673 -0.663436662451161 -0.490132997143282 255 0 0 255 
0.256391324010905 -0.68418966477846 -0.435800931681809 255 0 0 255 
-0.199466555026602 -0.702817942372371 -0.38703146778908 255 0 0 255 
-0.292025351730902 -0.706212705065474 -0.378143863674798 255 0 0 255 
-0.102958161558698 -0.699455200449076 -0.395835240439663 255 0 0 255 
-0.000882426360339879 -0.697810003257344 -0.400142422605811 255 0 0 255 
0.101618407113364 -0.698806697574392 -0.397533043007386 255 0 0 255 
0.198682741046852 -0.702224202385717 -0.388585899254622 255 0 0 255 
0.29079465146903 -0.705452090473674 -0.38013517852847 255 0 0 255 
-0.197638503166516 -0.747625213053395 -0.269724510203043 255 0 0 255 
-0.000383796015598173 -0.742087346905971 -0.284222832002147 255 0 0 255 
0.0471196837678979 -0.728365843428795 -0.320146194482144 255 0 0 255 
0.0337652669210518 -0.756048301636474 -0.247672578002292 255 0 0 255 
0.0942955416058585 -0.749720125870731 -0.264239957243792 255 0 0 255 
-0.309757108925699 -0.774749855200786 -0.198711275128496 255 0 0 255 
-0.367993509675064 -0.753163608737687 -0.255224802058423 255 0 0 255 
-0.252256254526838 -0.794522287496864 -0.146946375337108 255 0 0 255 
0.151749084648873 -0.795196679401939 -0.145180794407883 255 0 0 255 
-0.525731112119134 -0.85065080835204 -1.64858497612745E-17 255 0 0 255 
-0.305896618785751 -0.85065080835204 5.51066980799274E-18 255 0 0 255 
-0.360351053343145 -0.85065080835204 2.63183197202484E-18 255 0 0 255 
0.525731112119133 -0.85065080835204 -2.44676934899126E-17 255 0 0 255 
0.478403046023724 -0.85065080835204 -1.49740790684309E-17 255 0 0 255 
0.751314258120015 -0.170268333167769 -0.45479932918339 0 255 0 255 
0.812426934486549 -0.100071400961544 -0.463883585023081 0 255 0 255 
0.791640206635632 -0.154491760990139 -0.430249952845403 0 255 0 255 
0.546687882659459 -0.795785270783036 -0.0339087670286788 0 255 0 255 
0.4940273541461 -0.831056808353605 -0.0512977579714688 0 255 0 255 
0.568040045474108 -0.739884582800964 -0.068457292196102 0 255 0 255 
0.212627322547649 -0.3943201998478 -0.769434398075725 0 255 0 255 
0.187754130446985 -0.447918460693206 -0.740709329330983 0 255 0 255 
0.158115267007531 -0.428010502968215 -0.790256150495428 0 255 0 255 
0.22281226087673 -0.663436662451161 -0.490132997143282 0 255 0 255 
0.189233197742556 -0.642683660123863 -0.544465062604755 0 255 0 255 
0.231502842310661 -0.62520653401339 -0.519672544147123 0 255 0 255 
0.238261746514686 -0.581961672335665 -0.556158501620822 0 255 0 255 
0.27652842843262 -0.613253564510786 -0.486599927527767 0 255 0 255 
0.525731112119133 -0.85065080835204 -2.44676934899126E-17 0 255 0 255 
0.568239491741862 -0.174539792472698 -0.633602636256614 0 255 0 255 
0.626161162050734 -0.138742231536649 -0.611478526883791 0 255 0 255 
0.609055436524412 -0.187576344329549 -0.579750139617212 0 255 0 255 
0.0621537513687906 -0.564144242993357 -0.750083926109026 0 255 0 255 
0.103603211467413 -0.46170080608863 -0.811077902915131 0 255 0 255 
0.135468615887675 -0.504701524524467 -0.736211780059031 0 255 0 255 
0.093283215023694 -0.583383309583641 -0.699715395863838 0 255 0 255 
0.236874094339196 -0.423625636447898 -0.71588218968408 0 255 0 255 
0.197037214900776 -0.488217909816057 -0.69112679575434 0 255 0 255 
0.270581143479453 -0.35850276873402 -0.747298008257701 0 255 0 255 
0.295254287641032 -0.391839167178918 -0.689288465651224 0 255 0 255 
0.258455163553114 -0.460953332829857 -0.656973424088202 0 255 0 255 
0.329685931001613 -0.321974001147484 -0.724721988322077 0 255 0 255 
0.357823544447141 -0.35626207907714 -0.662296296946893 0 255 0 255 
0.153544075020185 -0.55603685335822 -0.666800992092769 0 255 0 255 
0.124880806978012 -0.60291169537406 -0.648589418119101 0 255 0 255 
0.156478398932331 -0.622440081164479 -0.597463440374363 0 255 0 255 
0.214479150757021 -0.5347909165804 -0.627111853133752 0 255 0 255 
0.284025833577281 -0.50023211827654 -0.592123968617353 0 255 0 255 
0.323135649358554 -0.427094564163899 -0.62615170694872 0 255 0 255 
0.389110150770037 -0.391049226689463 -0.596222543011674 0 255 0 255 
0.353871091878855 -0.462721047822604 -0.559789780769715 0 255 0 255 
0.388790718523773 -0.285445233560949 -0.702145968386452 0 255 0 255 
0.421137848430129 -0.319742318509069 -0.635501753531976 0 255 0 255 
0.448979438355507 -0.248246558965592 -0.679155923150075 0 255 0 255 
0.486387095001094 -0.28246902348185 -0.60752580198823 0 255 0 255 
0.455738981269571 -0.354547843285003 -0.566095095916599 0 255 0 255 
0.508609465048684 -0.211393175719145 -0.656379279703344 0 255 0 255 
0.559585524260317 -0.240505626727168 -0.576290769483688 0 255 0 255 
0.660203453232829 -0.163366247662116 -0.552812219576228 0 255 0 255 
0.256391324010905 -0.68418966477846 -0.435800931681809 0 255 0 255 
0.315549767205315 -0.537002171132908 -0.52382998213295 0 255 0 255 
0.38799004431636 -0.49637685984634 -0.492015016308474 0 255 0 255 
0.352372375297649 -0.568533833270927 -0.455475711902598 0 255 0 255 
0.422625677245109 -0.425679716652735 -0.52807652657333 0 255 0 255 
0.491092569019185 -0.389848061115364 -0.495441290336625 0 255 0 255 
0.457786481315172 -0.459386965930935 -0.459208473225067 0 255 0 255 
0.524080547151871 -0.31849871326154 -0.533802660057763 0 255 0 255 
0.592461196727874 -0.286819103576997 -0.497101620166302 0 255 0 255 
0.559445742758822 -0.355347051870088 -0.461589125842264 0 255 0 255 
0.628303043002991 -0.222034984310106 -0.526043893158076 0 255 0 255 
0.690235948785269 -0.195842856253408 -0.490303115432497 0 255 0 255 
0.657642170577819 -0.258914562939186 -0.459825186954169 0 255 0 255 
0.684082832359605 -0.102944670600601 -0.589354417510967 0 255 0 255 
0.723382296673962 -0.133056398942384 -0.519943224854827 0 255 0 255 
0.739917828123495 -0.0684367454568111 -0.568027346890868 0 255 0 255 
0.832171581237167 -0.0483792446725664 -0.49583109456144 0 255 0 255 
0.795752823887384 -0.0339288203130211 -0.546700276270769 0 255 0 255 
0.85065080835204 3.62896563060612E-18 -0.525731112119133 0 255 0 255 
0.320478231245279 -0.638390979602395 -0.4175127096235 0 255 0 255 
0.29079465146903 -0.705452090473674 -0.38013517852847 0 255 0 255 
0.423771711162251 -0.528677597213458 -0.423932612095464 0 255 0 255 
0.389916069424066 -0.597501827319677 -0.388964023727431 0 255 0 255 
0.494301778994286 -0.491818450119249 -0.390261691357639 0 255 0 255 
0.460191856730332 -0.560551822762697 -0.355638240978144 0 255 0 255 
0.52721429917645 -0.423589812270144 -0.425577809024579 0 255 0 255 
0.595883914510284 -0.38935712093598 -0.39114088502491 0 255 0 255 
0.565467798268152 -0.456030688827629 -0.354883433375392 0 255 0 255 
0.626402757919108 -0.323350655478486 -0.42662850707358 0 255 0 255 
0.690145474778012 -0.293476113436096 -0.392760332257066 0 255 0 255 
0.662867160711788 -0.356406803876134 -0.357107955883251 0 255 0 255 
0.718304602253661 -0.231963664580021 -0.426113653637492 0 255 0 255 
0.770853478784715 -0.208912121018734 -0.396616320667724 0 255 0 255 
0.748438495449874 -0.267595309246611 -0.360348115774689 0 255 0 255 
0.326096385038821 -0.727269761681598 -0.323015773750755 0 255 0 255 
0.357325194191135 -0.664734957927215 -0.354321768352824 0 255 0 255 
0.391294866581157 -0.692606245485352 -0.292480808404665 0 255 0 255 
0.360916925716114 -0.748790039326813 -0.266674955428246 0 255 0 255 
0.425110225541038 -0.628433271482404 -0.322838423447732 0 255 0 255 
0.495344355785907 -0.593998284900831 -0.287039279784435 0 255 0 255 
0.45611649789399 -0.66257831338772 -0.257687109189464 0 255 0 255 
0.532794898838035 -0.524797559287422 -0.318789462345716 0 255 0 255 
0.607240553740525 -0.486213311526754 -0.282928055203894 0 255 0 255 
0.575175155980789 -0.56076316417031 -0.240443600320074 0 255 0 255 
0.63569156201717 -0.420357351872433 -0.32033300658157 0 255 0 255 
0.703022354396566 -0.386496310162029 -0.286863255912578 0 255 0 255 
0.679644815305245 -0.447699502076438 -0.249037603089491 0 255 0 255 
0.726023512115032 -0.326278497474488 -0.324079910881653 0 255 0 255 
0.419875296681535 -0.727654846500264 -0.228851777289374 0 255 0 255 
0.395737466393407 -0.770310316972029 -0.210334137105738 0 255 0 255 
0.522759458130395 -0.632285424039071 -0.221337038301708 0 255 0 255 
0.482176734647889 -0.701530419666604 -0.192674766156681 0 255 0 255 
0.57839656873078 -0.610435038634448 -0.187550313105945 0 255 0 255 
0.549566929387461 -0.66460764676347 -0.162207344320243 0 255 0 255 
0.656533897865601 -0.508204669444618 -0.211643353160955 0 255 0 255 
0.429030531283237 -0.790886562663599 -0.156464826524338 0 255 0 255 
0.513536843149215 -0.732363046998051 -0.130482030323907 0 255 0 255 
0.462323596173066 -0.81146280835517 -0.102595515942938 0 255 0 255 
0.589392208288756 -0.683983894818892 -0.103005817363525 0 255 0 255 
0.611407594357357 -0.626346865815845 -0.138627460297972 0 255 0 255 
0.633970746111479 -0.567275767630231 -0.175135406729463 0 255 0 255 
0.0518016057337063 -0.493715959103882 -0.830864355633586 0 255 0 255 
0.0310768756843953 -0.544937677556245 -0.800367367230533 0 255 0 255 
-1.06201940058797E-16 -0.525731112119134 -0.85065080835204 0 255 0 255 
0.825055600686597 -0.0670091236172417 -0.396046605342149 0 0 255 255 
0.812426934486549 -0.100071400961544 -0.463883585023081 0 0 255 255 
0.85065080835204 1.13428236779809E-18 -0.463719730628373 0 0 255 255 
0.551985476485669 -0.781915990087427 0.0424804538980778 0 0 255 255 
0.546687882659459 -0.795785270783036 -0.0339087670286788 0 0 255 255 
0.568040045474108 -0.739884582800964 -0.068457292196102 0 0 255 255 
0.669203608132868 -0.4750349373373 -0.153556458675444 0 0 255 255 
0.633970746111479 -0.567275767630231 -0.175135406729463 0 0 255 255 
0.656533897865601 -0.508204669444618 -0.211643353160955 0 0 255 255 
0.679644815305245 -0.447699502076438 -0.249037603089491 0 0 255 255 
0.85065080835204 8.06317172111641E-18 0.349041851667151 0 0 255 255 
0.823455415384953 -0.0711984631252428 0.301378973110486 0 0 255 255 
0.85065080835204 1.13330608656374E-17 0.298365822722594 0 0 255 255 
0.668892389960862 -0.475849717089528 0.154676310316412 0 0 255 255 
0.677975409144422 -0.4520700641465 0.246336447180251 0 0 255 255 
0.653768026228144 -0.515445815400001 0.207168078843029 0 0 255 255 
0.629203977994873 -0.579755328575995 0.167422613900305 0 0 255 255 
0.85065080835204 6.24816785728371E-18 0.406374670662421 0 0 255 255 
0.85065080835204 4.43316399393249E-18 0.463707489657691 0 0 255 255 
0.825661224835905 -0.0654235790099461 0.396176639832332 0 0 255 255 
0.85065080835204 8.06549812369121E-20 -0.406394636479467 0 0 255 255 
0.729767513381142 -0.316476574905891 0.225826082555507 0 0 255 255 
0.725500594126879 -0.327647514540801 0.323233811803493 0 0 255 255 
0.715218213963437 -0.35456713529394 0.259123858477353 0 0 255 255 
0.702182792060701 -0.388694312892999 0.285504815517474 0 0 255 255 
0.702889040751919 -0.38684532981488 0.201068448587237 0 0 255 255 
0.726023512115032 -0.326278497474488 -0.324079910881653 0 0 255 255 
0.729715510764194 -0.316612719524564 -0.226084180666909 0 0 255 255 
0.715546558969808 -0.353707516907225 -0.259591948472783 0 0 255 255 
0.703071252401045 -0.386368293524321 -0.200768299575884 0 0 255 255 
0.703022354396566 -0.386496310162029 -0.286863255912578 0 0 255 255 
0.812473596396596 -0.0999492384950619 0.463959085579516 0 0 255 255 
0.832171581237167 -0.0483792446725664 -0.49583109456144 0 0 255 255 
0.82287238222636 -0.0727248637510072 0.100282827908518 0 0 255 255 
0.823557113549047 -0.0709322138750515 0.200974703555885 0 0 255 255 
0.80342582894151 -0.123636601214782 0.15225166001637 0 0 255 255 
0.785712489456547 -0.17001072604068 0.206803764798549 0 0 255 255 
0.781561330534085 -0.180878601192389 0.100945343802528 0 0 255 255 
0.823122636186126 -0.0720696903785216 9.97063026732734E-05 0 0 255 255 
0.803235180781381 -0.124135724577892 0.050377388808071 0 0 255 255 
0.785384374178952 -0.170869742989652 0.000181677218565318 0 0 255 255 
0.822344447797032 -0.0741070140308196 -0.100054969810041 0 0 255 255 
0.802952273789896 -0.124876384697255 -0.0500530981117305 0 0 255 255 
0.780957636997474 -0.182459091390025 -0.100438806158119 0 0 255 255 
0.667613956521522 -0.479196699286075 -0.0447518304119721 0 0 255 255 
0.639549779259061 -0.5526696692255 -0.0268595313558766 0 0 255 255 
0.645691720570305 -0.536589858115756 -0.0970860502911546 0 0 255 255 
0.66809859548934 -0.477927897996055 0.0542381446451265 0 0 255 255 
0.637785595985809 -0.557288360997257 0.0553592771750551 0 0 255 255 
0.653607363291755 -0.515866436428198 0.00836472131506349 0 0 255 255 
0.820801606942238 -0.0781462238279027 -0.301223731813645 0 0 255 255 
0.798392186364001 -0.136814848569919 -0.366495222557408 0 0 255 255 
0.782567957670523 -0.178243217135197 -0.3066533794788 0 0 255 255 
0.770853478784715 -0.208912121018734 -0.396616320667724 0 0 255 255 
0.757036217517 -0.245086180649049 0.0352281823646691 0 0 255 255 
0.728181638816152 -0.320628448418928 0.0464737357755477 0 0 255 255 
0.741441111890934 -0.285914697236236 0.000521537672644672 0 0 255 255 
0.756694384741837 -0.245981110472896 -0.034665829798285 0 0 255 255 
0.728020790144692 -0.321049555707857 -0.0457220211755369 0 0 255 255 
0.79153091134741 -0.154777899769516 0.430073109354248 0 0 255 255 
0.85065080835204 1.92000092816304E-17 -0.0498857214685723 0 0 255 255 
0.85065080835204 2.10036830008387E-17 2.80702144663837E-05 0 0 255 255 
0.608568273654168 -0.633780303921755 0.0769798849568511 0 0 255 255 
0.578239840852204 -0.713181171822814 0.0849609077961558 0 0 255 255 
0.586537336012777 -0.691458047470945 0.0260483207495179 0 0 255 255 
0.791640206635632 -0.154491760990139 -0.430249952845403 0 0 255 255 
0.85065080835204 2.17705776444145E-17 0.0996782720823039 0 0 255 255 
0.85065080835204 2.07337985687819E-17 0.149414682267103 0 0 255 255 
0.85065080835204 1.45007176830123E-17 0.248459030372582 0 0 255 255 
0.85065080835204 1.76683743599363E-17 0.19855223802257 0 0 255 255 
0.85065080835204 3.62896563060612E-18 -0.525731112119133 0 0 255 255 
0.85065080835204 -9.72972404842786E-19 -0.349069542330561 0 0 255 255 
0.85065080835204 1.11498637477119E-17 -0.149095362005153 0 0 255 255 
0.820980177856161 -0.0776787191058514 -0.200728441292558 0 0 255 255 
0.85065080835204 7.0904412954449E-18 -0.198550674009642 0 0 255 255 
0.802304931054028 -0.126571149982129 -0.253794128904826 0 0 255 255 
0.748623321465947 -0.267111428454526 -0.0974307965218663 0 0 255 255 
0.618001749199604 -0.609083144311762 -0.0831903710288299 0 0 255 255 
0.748438495449874 -0.267595309246611 -0.360348115774689 0 0 255 255 
0.754160883500789 -0.252613902832497 -0.265730381781773 0 0 255 255 
0.85065080835204 9.94673603603755E-19 -0.298388255908544 0 0 255 255 
0.603721909423539 -0.646468250199405 0.12619176084823 0 0 255 255 
0.784869981747189 -0.172216439859564 -0.2065709630343 0 0 255 255 
0.754180520773113 -0.252562491786108 -0.172611790370582 0 0 255 255 
0.802288061099464 -0.126615316096565 -0.151948295073755 0 0 255 255 
0.838746841970904 -0.0311649885867508 -0.249319614502183 0 0 255 255 
0.611407594357357 -0.626346865815845 -0.138627460297972 0 0 255 255 
0.698552971291418 -0.398197307040051 -0.0969466221557006 0 0 255 255 
0.726755790163086 -0.324361368655469 -0.139415614060527 0 0 255 255 
0.804098284637665 -0.12187608934632 0.254090747713479 0 0 255 255 
0.85065080835204 1.52092862004604E-17 -0.0996400500006649 0 0 255 255 
0.589392208288756 -0.683983894818892 -0.103005817363525 0 0 255 255 
0.591810667272531 -0.677652286998972 -0.0395265293359247 0 0 255 255 
0.574617856130175 -0.722663650931817 -0.00961168291360737 0 0 255 255 
0.525731112119133 -0.85065080835204 -2.44676934899126E-17 0 0 255 255 
0.614001901681917 -0.619554881062883 0.00100689009555457 0 0 255 255 
0.697968804208727 -0.399726676317645 0.00140658173219794 0 0 255 255 
0.74895446494004 -0.266244483584197 0.097912629517014 0 0 255 255 
0.85065080835204 2.13871303928521E-17 0.0498531711483851 0 0 255 255 
0.651263376723358 -0.522003072933434 0.107349434528191 0 0 255 255 
0.698691638076986 -0.397834272682324 0.0985739079252444 0 0 255 255 
0.727017723198284 -0.323675619066544 0.140058659090699 0 0 255 255 
0.754554568341389 -0.251583222538952 0.172774680859188 0 0 255 255 
0.783668120160111 -0.175362954344306 0.307205549388998 0 0 255 255 
0.799146208616516 -0.13484079268456 0.366471950725849 0 0 255 255 
0.754670280276521 -0.251280284759872 0.266134449582541 0 0 255 255 
0.748044410212551 -0.268627037792385 0.359710472466237 0 0 255 255 
0.770588226298223 -0.209606561043969 0.396187133128981 0 0 255 255 
0.85065080835204 2.96231961253178E-18 -0.247706969486527 0 0 255 255 
0.831562202374318 -0.049974619247531 0.494845098849325 0 0 255 255 
0.85065080835204 3.61992484321928E-18 0.525731112119133 0 0 255 255 
0.568429718910613 -0.174422225616826 0.633529975943735 255 255 255 255 
0.475762421876107 -0.153349063031772 0.668925733765334 255 255 255 255 
0.508814131240013 -0.211266685056556 0.656301104174605 255 255 255 255 
0.449198543569413 -0.248111144496286 0.679072232405475 255 255 255 255 
-2.06329503545747E-17 0.474947158433844 0.85065080835204 255 255 255 255 
-1.59081771424408E-17 0.417246918080787 0.85065080835204 255 255 255 255 
0.0354185209875026 0.474690312956997 0.837122137166066 255 255 255 255 
0.0608213823130708 0.488141430606904 0.827419107551199 255 255 255 255 
0.0286970737864299 0.507995345141456 0.839689501543287 255 255 255 255 
0.0972524107216803 0.46562581680527 0.813503692944223 255 255 255 255 
5.75434237936651E-18 -0.15092933142342 0.85065080835204 255 255 255 255 
4.57664116566443E-18 -0.202334784635218 0.85065080835204 255 255 255 255 
0.0511991882642626 -0.17797165862055 0.831094458631496 255 255 255 255 
3.39893995244383E-18 -0.253740237847017 0.85065080835204 255 255 255 255 
0.0507271797462591 -0.222629459024553 0.831274749842394 255 255 255 255 
0.0971285227396363 0.299280443438311 0.813551013942566 255 255 255 255 
0.0389079061551556 0.27778763820847 0.835789310631862 255 255 255 255 
0.0570633187039992 0.252770644586934 0.82885456011798 255 255 255 255 
5.18305315510568E-18 0.0014211438778649 0.85065080835204 255 255 255 255 
6.73803860185298E-18 -0.0500835885608032 0.85065080835204 255 255 255 255 
0.0348112629206282 -0.0228653437843415 0.837354089107669 255 255 255 255 
0.0410132610526776 0.0228977303423148 0.83498513661939 255 255 255 255 
0.0375655666655585 -0.0751984057558891 0.836302038692447 255 255 255 255 
-1.19454541765456E-17 0.355569791356226 0.85065080835204 255 255 255 255 
0.391331673924816 0.283874836759206 0.701175409787151 255 255 255 255 
0.332779704336944 0.320061944072761 0.723540272061468 255 255 255 255 
0.357578776834595 0.257665765025227 0.714067869256838 255 255 255 255 
0.319517717258645 0.22505069226733 0.728605900367016 255 255 255 255 
0.38784570954971 0.200958854386722 0.70250692969487 255 255 255 255 
0.092216845921205 0.205775845165356 0.815427107545452 255 255 255 255 
6.246190490369E-18 -0.100506459992111 0.85065080835204 255 255 255 255 
0.0814752670209036 -0.376399541802795 0.819530025592528 255 255 255 255 
0.0931555637321948 -0.283336192015175 0.815068549247499 255 255 255 255 
0.0349261661506197 -0.315450807935447 0.837310199979229 255 255 255 255 
0.0963753449361977 -0.11496067937304 0.813838702263908 255 255 255 255 
0.0937025865217657 -0.0129797767356462 0.814859605134503 255 255 255 255 
0.10197932961595 0.384494659241967 0.811698170588676 255 255 255 255 
0.138128180414655 0.440363201818699 0.797890538237819 255 255 255 255 
0.781850912227799 0.0425206742272429 0.552010334016132 255 255 255 255 
0.691476998528677 0.0262856776814543 0.586530097352846 255 255 255 255 
0.722800760565387 -0.0094236821916509 0.574565484910337 255 255 255 255 
0.739906289752358 -0.0684438765623485 0.568031754156467 255 255 255 255 
0.678021914459944 -0.0393313711901535 0.591669482145615 255 255 255 255 
0.319120610225528 -0.225214449398893 0.728757581756496 255 255 255 255 
0.329754606941184 -0.32193155708262 0.72469575644737 255 255 255 255 
0.356036971292258 -0.258568668420976 0.714656786569968 255 255 255 255 
0.179502240014472 0.206188464501517 0.782087053723253 255 255 255 255 
0.133587788219314 0.152113190676877 0.799624813734185 255 255 255 255 
0.0765524558209939 0.0973574505974082 0.821410372150695 255 255 255 255 
0.186079611120583 0.0991310024432259 0.77957472151734 255 255 255 255 
0.133990199907047 0.044756162115681 0.799471106146941 255 255 255 255 
0.179626146164846 -0.00448402784226384 0.782039725785225 255 255 255 255 
0.191633172616968 -0.10430207918182 0.777453449784334 255 255 255 255 
0.145279554234403 -0.155949189869956 0.795158956504932 255 255 255 255 
0.108893416638856 -0.199697782874125 0.8090572243471 255 255 255 255 
0.184216282745589 -0.204836218050841 0.780286449624386 255 255 255 255 
0.143030397287261 -0.247199082662894 0.796018058012707 255 255 255 255 
0.185856326032403 -0.300926137711436 0.779660008831844 255 255 255 255 
0.557222445806543 0.0553439578246278 0.637810773348287 255 255 255 255 
0.477388284971048 0.0535880406494468 0.66830470932412 255 255 255 255 
0.516062298103182 0.00828111350048829 0.653532550789005 255 255 255 255 
0.553321966310533 -0.0266215426774077 0.639300623943341 255 255 255 255 
0.479632881331262 -0.0447524680774975 0.667447349805543 255 255 255 255 
0.325946091222157 0.139970624187595 0.72615048000535 255 255 255 255 
0.256749989868174 0.171634674858924 0.752581038833589 255 255 255 255 
0.268446715866507 0.0982209744623139 0.74811328705932 255 255 255 255 
0.322768583026799 0.0464153406844748 0.727364180136445 255 255 255 255 
0.250689304094821 0.0339532301373499 0.754896014803876 255 255 255 255 
0.633385629597203 0.0770692988954519 0.60871902583166 255 255 255 255 
0.713051016103558 0.085041348454486 0.578289555913129 255 255 255 255 
0.146312904615598 -0.356557134188625 0.794764251781603 255 255 255 255 
2.68976543480309E-18 -0.414967082829552 0.85065080835204 255 255 255 255 
0.0393817785299621 -0.429191156881268 0.835608307491015 255 255 255 255 
2.55574076451614E-18 -0.359994163621374 0.85065080835204 255 255 255 255 
3.62806770883985E-18 0.052925876316533 0.85065080835204 255 255 255 255 
0.158337692610518 0.357941562715859 0.790171191475055 255 255 255 255 
0.22432446108497 0.387090970660619 0.764966488725584 255 255 255 255 
0.17900395010763 0.415100586832128 0.782277383531416 255 255 255 255 
0.626242028868868 -0.13869225309448 0.611447638507825 255 255 255 255 
0.609803471586123 -0.0827652342135733 0.617726608663822 255 255 255 255 
0.646396527332048 0.126236088018027 0.603749305121098 255 255 255 255 
0.579742038560538 0.167430827581569 0.629209054329066 255 255 255 255 
0.258593724311093 -0.172252985114512 0.751876794942623 255 255 255 255 
0.326597727495162 -0.139717591685181 0.725901577097364 255 255 255 255 
0.0518802572724187 -0.49366734977969 0.830834313419065 255 255 255 255 
2.82379010557151E-18 -0.46994000203773 0.85065080835204 255 255 255 255 
0.103760514544837 -0.461603587440246 0.81101781848609 255 255 255 255 
0.05956692879661 0.339605900437181 0.82789826615718 255 255 255 255 
0.0391598628308535 0.315101821340715 0.835693071745438 255 255 255 255 
-2.62498282808662E-17 0.525731112119134 0.85065080835204 255 255 255 255 
0.795758240677592 -0.0339254725525627 0.546698207241019 255 255 255 255 
0.620089627499995 0.00132116871733156 0.613797646718303 255 255 255 255 
0.684054338827124 -0.102962280572134 0.589365301071916 255 255 255 255 
0.85065080835204 3.61992484321928E-18 0.525731112119133 255 255 255 255 
0.251583852782199 -0.0361416405664034 0.75455432760989 255 255 255 255 
0.270296211164877 -0.0996743849573006 0.747406842717376 255 255 255 255 
0.537121073536096 -0.0971577938158228 0.645488814335083 255 255 255 255 
0.0253854972811207 0.151636610357478 0.84095441121197 255 255 255 255 
0.0485386997558299 0.170752139413961 0.832110674815039 255 255 255 255 
-4.94244725552472E-18 0.230456322028595 0.85065080835204 255 255 255 255 
0.257649736175329 -0.263831431527466 0.752237366325508 255 255 255 255 
0.388780653968704 -0.285451453798063 0.702149812704407 255 255 255 255 
0.387587573827516 -0.20100012021499 0.702605528767038 255 255 255 255 
0.398750728787729 -0.097228853806474 0.698341582993919 255 255 255 255 
0.475797519545958 0.154736591949366 0.668912327648376 255 255 255 255 
0.516346704164245 0.206611298966643 0.653423917340285 255 255 255 255 
0.4000912444658 0.00142122432641651 0.697829551567348 255 255 255 255 
0.323072578618963 -0.0459576282385866 0.727248064152669 255 255 255 255 
0.398290627981863 0.0988887941782999 0.698517325863508 255 255 255 255 
0.521436788962288 0.107773569077453 0.651479677953052 255 255 255 255 
0.452951369767953 0.245791770351717 0.677638780351504 255 255 255 255 
0.258644686611741 0.263625435620549 0.75185732907592 255 255 255 255 
8.62952203979629E-19 0.109972927871028 0.85065080835204 255 255 255 255 
0.158279293612441 -0.427909128951321 0.790193497907412 255 255 255 255 
0.212798072680045 -0.394214670462395 0.769369177328733 255 255 255 255 
0.270728559913665 -0.358411660367176 0.747241700190332 255 255 255 255 
-1.18840009122158E-16 -0.525731112119134 0.85065080835204 255 255 255 255 
0.140334312559944 -0.0591816407831924 0.797047870741993 255 255 255 255 
0.287028579630696 -0.000432674495791315 0.74101564667572 255 255 255 255 
-1.90216330039911E-18 0.167019979425523 0.85065080835204 255 255 255 255 
0.139524952044929 0.253746476627863 0.797357018949576 255 255 255 255 
-7.98273121016885E-18 0.293892664631666 0.85065080835204 255 255 255 255 
0.189252199504402 0.303741153406269 0.778362900587035 255 255 255 255 
0.277972233845091 0.353934823674134 0.744474862951949 255 255 255 255 
2.97734035823924E-18 -0.306867200734196 0.85065080835204 255 255 255 255 
-0.097136980985075 -0.585765067932462 0.693479871553636 255 128 128 255 
-0.144756157630007 -0.555026863631784 0.676598899209383 255 128 128 255 
-0.127885806879277 -0.604768887449232 0.643727226142664 255 128 128 255 
-0.216717970480684 -0.43080461458152 0.72885933540897 255 128 128 255 
-0.14631689862541 -0.476988145117379 0.753076876728384 255 128 128 255 
-0.162187698430129 -0.425493601932196 0.788700620108849 255 128 128 255 
-0.697835925939626 -0.0944447913176904 0.584101203213858 255 128 128 255 
-0.662921618851997 -0.152132468453005 0.561327833166172 255 128 128 255 
-0.646891455253126 -0.12593020574082 0.603560259477228 255 128 128 255 
-0.490012199755159 -0.222886917768342 0.663482802947672 255 128 128 255 
-0.519071241905496 -0.23174244667003 0.625568231895648 255 128 128 255 
-0.486358983295614 -0.276643126741656 0.613379810433904 255 128 128 255 
-0.748703796719262 -0.0630067182405373 0.564671405511374 255 128 128 255 
-0.799571667498899 -0.0315686451633842 0.54524160780889 255 128 128 255 
-0.834170972309663 -0.0431447708879682 0.499066177273542 255 128 128 255 
-0.622686810421359 -0.596817494793834 0.156877615255981 255 128 128 255 
-0.581668051717412 -0.555694329662516 0.239019539091245 255 128 128 255 
-0.642748588776091 -0.544295077186377 0.189338254508705 255 128 128 255 
-0.107947882947862 -0.45901565144376 0.809418386079552 255 128 128 255 
-0.0880182712967601 -0.512174199563697 0.776189449610716 255 128 128 255 
-0.564374649822849 -0.749480713198176 0.0625265574501488 255 128 128 255 
-0.545052880970991 -0.800065760775108 0.0312632787250745 255 128 128 255 
-0.449413213814505 -0.803483753249821 0.123484953406848 255 128 128 255 
-0.388495218261488 -0.765834361471542 0.222052340738144 255 128 128 255 
-0.443876531001995 -0.737929920865961 0.194575468603218 255 128 128 255 
-0.418954216037996 -0.784659057360682 0.172768647072496 255 128 128 255 
-1.18840009122158E-16 -0.525731112119134 0.85065080835204 255 128 128 255 
-0.05400454597109 -0.492354467161994 0.83002290733809 255 128 128 255 
-0.0330396783844355 -0.54615075633808 0.797191485748658 255 128 128 255 
-0.0650883296847552 -0.565957912135271 0.745335678651147 255 128 128 255 
-0.189900893826055 -0.643096318997621 0.543384707647498 255 128 128 255 
-0.15863463277348 -0.623772706966002 0.593974580731691 255 128 128 255 
-0.235396308709182 -0.590610494211261 0.550375117550731 255 128 128 255 
-0.284072394907253 -0.612069287016149 0.480240238547771 255 128 128 255 
-0.254183248058004 -0.682824998789826 0.439373673623344 255 128 128 255 
-0.222042070942029 -0.662960658893723 0.491379190635421 255 128 128 255 
-0.583697500714767 -0.698892832803588 0.0937915869528189 255 128 128 255 
-0.555241730825242 -0.665716675068031 0.155423514577901 255 128 128 255 
-0.603192155568063 -0.647855163798711 0.1253346011044 255 128 128 255 
-0.624324477475754 -0.520279026482857 0.231778416512563 255 128 128 255 
-0.555261490814419 -0.238322259643277 0.582798170013477 255 128 128 255 
-0.595946984566625 -0.15741562016395 0.623019315740598 255 128 128 255 
-0.625355756967104 -0.213601175474142 0.537424988029927 255 128 128 255 
-0.50157268092749 -0.733747330675517 0.141061908868167 255 128 128 255 
-0.663189239728169 -0.490780758241664 0.22241192250134 255 128 128 255 
-0.800623368611331 -0.130973537611314 0.444785014248529 255 128 128 255 
-0.78264128188129 -0.178051251859209 0.415689386730675 255 128 128 255 
-0.750672195688439 -0.170288083633573 0.455421641149162 255 128 128 255 
-0.196581857503987 -0.549932172202917 0.629867890764269 255 128 128 255 
-0.501644407041969 -0.835764405937358 0.0389731074918473 255 128 128 255 
-0.475528810428237 -0.81962407959359 0.0812290304493475 255 128 128 255 
-0.543537159359526 -0.189806673486379 0.643038087625269 255 128 128 255 
-0.525731112119134 -0.85065080835204 -1.64858497612745E-17 255 128 128 255 
-0.42145083061006 -0.714322831034339 0.240608258826774 255 128 128 255 
-0.486595199546734 -0.689655578171437 0.200131142753003 255 128 128 255 
-0.354817125662333 -0.745020155568998 0.276544639239843 255 128 128 255 
-0.534136342456743 -0.626066872119957 0.216178705894473 255 128 128 255 
-0.459685863367297 -0.655805293918312 0.260890763185564 255 128 128 255 
-0.390279180007815 -0.688106508091707 0.297996232371651 255 128 128 255 
-0.321008233449855 -0.724125111059705 0.331248575961613 255 128 128 255 
-0.499649319416841 -0.591313190093516 0.285419410960816 255 128 128 255 
-0.426488807574063 -0.625262669909734 0.324630442987376 255 128 128 255 
-0.612842895465851 -0.486521632913392 0.277017392091931 255 128 128 255 
-0.536684162390255 -0.52317894821125 0.316518809869668 255 128 128 255 
-0.683629890680248 -0.437266439296951 0.255485590493975 255 128 128 255 
-0.637767665484979 -0.41822322345288 0.320391031533315 255 128 128 255 
-0.704449414229671 -0.382760219014981 0.289172287226522 255 128 128 255 
-0.567935921042724 -0.455310285003533 0.353135714424917 255 128 128 255 
-0.663352828612217 -0.355894351274637 0.35713474058432 255 128 128 255 
-0.356155130057435 -0.662132330698698 0.35809445971504 255 128 128 255 
-0.287199341237378 -0.703230066550412 0.385952512683383 255 128 128 255 
-0.390906523766368 -0.595659346286787 0.389816050418018 255 128 128 255 
-0.46247941650727 -0.558960459435759 0.354942044528144 255 128 128 255 
-0.321048694309134 -0.636410282293842 0.418922943868197 255 128 128 255 
-0.496186443359515 -0.491254075792926 0.388941401318734 255 128 128 255 
-0.425559580219029 -0.527625033787984 0.42319730646416 255 128 128 255 
-0.3548098337559 -0.567296543610819 0.454275543104454 255 128 128 255 
-0.597007767596737 -0.388619822302017 0.39075433057242 255 128 128 255 
-0.528734490575474 -0.422718996543878 0.424928433351822 255 128 128 255 
-0.724796805741049 -0.329490056455791 0.322095058274333 255 128 128 255 
-0.689043905733874 -0.295349611637934 0.391988403099366 255 128 128 255 
-0.745144197252428 -0.276219893896602 0.355017829322144 255 128 128 255 
-0.626285833826095 -0.322599781969034 0.427496304676045 255 128 128 255 
-0.716154397724289 -0.235500317073703 0.424727205673182 255 128 128 255 
-0.764659195151249 -0.225128966107104 0.38659375921282 255 128 128 255 
-0.656352548494892 -0.257256282731426 0.462773089244855 255 128 128 255 
-0.389375557788652 -0.495703127985574 0.491303234696948 255 128 128 255 
-0.459314196947888 -0.458296737079282 0.458770986444004 255 128 128 255 
-0.316356980014261 -0.538687074122524 0.521337866334388 255 128 128 255 
-0.492024770352124 -0.388268263659024 0.496088886460026 255 128 128 255 
-0.560007475678354 -0.35371100947431 0.46266343531851 255 128 128 255 
-0.423115785755134 -0.424758224060681 0.528507910655358 255 128 128 255 
-0.591579681554439 -0.283855551724024 0.500946687192711 255 128 128 255 
-0.523731294852 -0.315607689939734 0.53704293567944 255 128 128 255 
-0.689134620018845 -0.192615829244776 0.494631471207553 255 128 128 255 
-0.721516005241578 -0.128949672943916 0.525916242285679 255 128 128 255 
-0.85065080835204 -1.0071118391079E-16 0.525731112119134 255 128 128 255 
-0.279467143617242 -0.505414691557354 0.591500085296577 255 128 128 255 
-0.352820636237259 -0.464083705805845 0.559477578428069 255 128 128 255 
-0.38816401638218 -0.391043742922828 0.597174161166166 255 128 128 255 
-0.455318699102977 -0.352705419262835 0.568357802105362 255 128 128 255 
-0.319079064822733 -0.429957937629872 0.627344918018569 255 128 128 255 
-0.417628790343407 -0.320458767607465 0.638294362520301 255 128 128 255 
-0.35405582600075 -0.358095472854062 0.664230621616361 255 128 128 255 
-0.436487240150793 -0.255967162050306 0.683927518270075 255 128 128 255 
-0.180624191263038 -0.50160913370082 0.694148595507316 255 128 128 255 
-0.247359955416916 -0.468480248898398 0.660541716155859 255 128 128 255 
-0.121243153196654 -0.532868209014825 0.722270558259694 255 128 128 255 
-0.290096401370445 -0.394281666130886 0.692003852969843 255 128 128 255 
-0.38184714614916 -0.289736597291804 0.70479817703021 255 128 128 255 
-0.326405477024658 -0.324001433203772 0.725975010242744 255 128 128 255 
-0.271416495468527 -0.357986492812202 0.746978932190445 255 128 128 255 
-0.216427513912395 -0.391971552420633 0.767982854138146 255 128 128 255 
-0.779062182116403 -0.103190729007507 0.494129009347264 255 128 128 255 
-0.817397170460497 -0.0870591542496409 0.471925595761036 255 128 128 255 
-0.618614576869263 -0.607478740643349 -0.150288602958562 128 255 128 255 
-0.55684484003546 -0.679500398675864 -0.140036681759849 128 255 128 255 
-0.595979360526668 -0.666738506370969 -0.113664053573537 128 255 128 255 
-0.597424867827983 -0.156502238077026 -0.622454814566164 128 255 128 255 
-0.557206340105831 -0.237409830478798 -0.581765749886544 128 255 128 255 
-0.631089408535726 -0.211461228007662 -0.533831283927786 128 255 128 255 
-0.612632940846275 -0.487858015651797 -0.275890963973101 128 255 128 255 
-0.624028596098121 -0.52326912221398 -0.229084202159073 128 255 128 255 
-0.661862554574279 -0.49425406506692 -0.220265300829975 128 255 128 255 
-0.744546159370021 -0.121180473509169 -0.510655287591984 128 255 128 255 
-0.805114522036184 -0.119215545296358 -0.452051853138632 128 255 128 255 
-0.793095175820256 -0.0742882163474829 -0.508998528303435 128 255 128 255 
-0.158118532084227 -0.428008485039841 -0.790254903347106 128 255 128 255 
-0.153051199592267 -0.465401959497258 -0.757928761381648 128 255 128 255 
-0.212172296037845 -0.394601421696641 -0.769608202736688 128 255 128 255 
-0.0513539236903546 -0.493992641822826 -0.831035354957993 128 255 128 255 
-1.06201940058797E-16 -0.525731112119134 -0.85065080835204 128 255 128 255 
-0.038672765664747 -0.549632195738907 -0.788076959067519 128 255 128 255 
-0.077345531329494 -0.573533279358681 -0.725503109782999 128 255 128 255 
-0.108664833622152 -0.532480731668146 -0.735236355180876 128 255 128 255 
-0.275718410481999 -0.613636104146361 -0.487027405842813 128 255 128 255 
-0.229113318345704 -0.625075077965864 -0.522193524159605 128 255 128 255 
-0.221211903870869 -0.662447587427405 -0.492722429172899 128 255 128 255 
-0.224747621939936 -0.43173543308285 -0.719898865448387 128 255 128 255 
-0.17586000478143 -0.506635800742964 -0.693886114946779 128 255 128 255 
-0.324243833398064 -0.325337402436572 -0.726800684636538 128 255 128 255 
-0.268208064717954 -0.359969412066606 -0.748204443686613 128 255 128 255 
-0.290391436550186 -0.39521561733917 -0.690774866581818 128 255 128 255 
-0.353290640121945 -0.358802005949361 -0.664289274399868 128 255 128 255 
-0.380918687291299 -0.290310416423118 -0.705152816756756 128 255 128 255 
-0.256483178788795 -0.684246434153225 -0.435652307529153 128 255 128 255 
-0.201113451967022 -0.54621709466698 -0.629051373837172 128 255 128 255 
-0.114142891694346 -0.596275298760437 -0.66596373001639 128 255 128 255 
-0.150940252059197 -0.619017318162194 -0.606424350249782 128 255 128 255 
-0.248479927252817 -0.46893812301254 -0.658963870205817 128 255 128 255 
-0.279539738851815 -0.503941081995875 -0.592901099623483 128 255 128 255 
-0.233853228101184 -0.583735303774535 -0.558793388595454 128 255 128 255 
-0.31922730942651 -0.429883710247399 -0.627270900797264 128 255 128 255 
-0.387735555146077 -0.391316122694883 -0.597330242630214 128 255 128 255 
-0.35210012773979 -0.463807422061367 -0.560474370670016 128 255 128 255 
-0.417227018919534 -0.320748766555022 -0.638406134996617 128 255 128 255 
-0.436285856398801 -0.256091624053819 -0.684004440018554 128 255 128 255 
-0.486728658144842 -0.276482455892538 -0.613170806433794 128 255 128 255 
-0.670978807609369 -0.149198003503141 -0.556205109358664 128 255 128 255 
-0.648524374732472 -0.124921006001692 -0.602936539737009 128 255 128 255 
-0.820747289486826 -0.0782884287723535 -0.477346202211994 128 255 128 255 
-0.185940628952943 -0.640648740701585 -0.549792550816645 128 255 128 255 
-0.31387483636457 -0.538025066586011 -0.524482017520592 128 255 128 255 
-0.388083833873301 -0.496379738290079 -0.491918348307793 128 255 128 255 
-0.352458598101049 -0.568857159957658 -0.455066162412467 128 255 128 255 
-0.422585933295295 -0.425118544603231 -0.528677442572647 128 255 128 255 
-0.455065997705116 -0.352913731236343 -0.568402191529714 128 255 128 255 
-0.491759181076346 -0.38840413066161 -0.496218608733217 128 255 128 255 
-0.458608213230682 -0.458764814851052 -0.45900889238944 128 255 128 255 
-0.524359639648604 -0.315412367010773 -0.536609913811797 128 255 128 255 
-0.593929974111768 -0.282698284858375 -0.499753661501031 128 255 128 255 
-0.560595934529749 -0.353164367879086 -0.462621618062339 128 255 128 255 
-0.704102050308205 -0.188130700407439 -0.48414916975553 128 255 128 255 
-0.662894583923838 -0.254318696134315 -0.45916864041302 128 255 128 255 
-0.544538946667143 -0.189187534880773 -0.642655438923258 128 255 128 255 
-0.699623881636961 -0.0933397739263581 -0.583418264907854 128 255 128 255 
-0.750014964230642 -0.0621963721535603 -0.564170584086972 128 255 128 255 
-0.320950617761803 -0.638554655660472 -0.416876647048899 128 255 128 255 
-0.292025351730902 -0.706212705065474 -0.378143863674798 128 255 128 255 
-0.42483370269409 -0.528824334325763 -0.422723883451321 128 255 128 255 
-0.391290187430531 -0.59772306073726 -0.387368672303383 128 255 128 255 
-0.495946144881751 -0.491946177350485 -0.388489598238938 128 255 128 255 
-0.463134395988907 -0.561101484426238 -0.352146040056028 128 255 128 255 
-0.528572535172953 -0.42271627421504 -0.425093111083181 128 255 128 255 
-0.597395157313524 -0.387996129176667 -0.390990633980982 128 255 128 255 
-0.568151382448443 -0.455594190716507 -0.352636347306224 128 255 128 255 
-0.628385206731793 -0.32111274696381 -0.426883966775571 128 255 128 255 
-0.692700107211158 -0.292173629651443 -0.391508183608572 128 255 128 255 
-0.66463374280824 -0.354243114683086 -0.357505062979848 128 255 128 255 
-0.727160756644381 -0.230335586917161 -0.418885576909632 128 255 128 255 
-0.786638270711844 -0.167586999248166 -0.422156650511164 128 255 128 255 
-0.768162019387503 -0.215958453199974 -0.392261447883696 128 255 128 255 
-0.359729705915213 -0.665493366894996 -0.351158847660964 128 255 128 255 
-0.329591853234552 -0.729430079833154 -0.317359987403468 128 255 128 255 
-0.396473522932595 -0.693069566562761 -0.286838830975818 128 255 128 255 
-0.367993509675064 -0.753163608737687 -0.255224802058423 128 255 128 255 
-0.429086877868112 -0.628612997303858 -0.318682045299203 128 255 128 255 
-0.501064605185704 -0.594398836091248 -0.280918479194221 128 255 128 255 
-0.46513753867611 -0.662437452269038 -0.248806929526025 128 255 128 255 
-0.536584857873257 -0.525103500748817 -0.3146935618491 128 255 128 255 
-0.581273791257218 -0.560376909660478 -0.234731219553478 128 255 128 255 
-0.637776658602901 -0.417945047156235 -0.320660214712038 128 255 128 255 
-0.726586394923787 -0.324804851149485 -0.324990674397901 128 255 128 255 
-0.704968489622039 -0.381401261995037 -0.290012168854097 128 255 128 255 
-0.747374207155645 -0.27038165217473 -0.358626061140799 128 255 128 255 
-0.573344144184074 -0.725998272098589 -0.0770395041885112 128 255 128 255 
-0.432348647745502 -0.724325927520822 -0.219707345204849 128 255 128 255 
-0.406395166115576 -0.77689713764222 -0.193089616713378 128 255 128 255 
-0.53619178326298 -0.633810610282753 -0.20637952692544 128 255 128 255 
-0.495659795061764 -0.700406775852788 -0.180315349556622 128 255 128 255 
-0.640274076386085 -0.550773434728998 -0.185334409356091 128 255 128 255 
-0.683451032762473 -0.437734695404842 -0.255196192303859 128 255 128 255 
-0.464435544335866 -0.762477145158729 -0.149469230976579 128 255 128 255 
-0.446038355460809 -0.801397976080021 -0.128945588930343 128 255 128 255 
-0.520896134793359 -0.746187394735118 -0.109298390942697 128 255 128 255 
-0.485681544806042 -0.825898814517823 -0.0648015611473088 128 255 128 255 
-0.0908901139900459 -0.500752340050731 -0.784739466430396 128 255 128 255 
-0.835699048919433 -0.0391442143861768 -0.501538657165564 128 255 128 255 
-0.800332886291341 -0.0310981860767801 -0.544950848103053 128 255 128 255 
-0.525731112119134 -0.85065080835204 -1.64858497612745E-17 128 255 128 255 
-0.549537628151604 -0.788324540225315 -0.0385197520942556 128 255 128 255 
-0.490412401532972 -0.222639579467296 -0.663329939470906 128 255 128 255 
-0.520031742606029 -0.231238163234157 -0.625112014630987 128 255 128 255 
-0.104064768130608 -0.461415548383041 -0.810901603957525 128 255 128 255 
-0.85065080835204 2.48042820688121E-17 -0.525731112119133 128 255 128 255 
0.0402131109812406 -0.450428921292085 -0.835290766750578 128 128 255 255 
5.7039863162952E-18 -0.384452298696493 -0.85065080835204 128 128 255 255 
0.0867256836344001 -0.390014420016139 -0.81752454490127 128 128 255 255 
0.158115267007531 -0.428010502968215 -0.790256150495428 128 128 255 255 
0.103603211467413 -0.46170080608863 -0.811077902915131 128 128 255 255 
0.0518016057337063 -0.493715959103882 -0.830864355633586 128 128 255 255 
-1.06201940058797E-16 -0.525731112119134 -0.85065080835204 128 128 255 255 
0.781583739845857 0.0426857958401382 -0.552112384785178 128 128 255 255 
0.85065080835204 3.62896563060612E-18 -0.525731112119133 128 128 255 255 
0.795752823887384 -0.0339288203130211 -0.546700276270769 128 128 255 255 
0.142565306566111 0.366499564672476 -0.796195706860334 128 128 255 255 
0.0759159114943875 0.398318893385804 -0.821653510448113 128 128 255 255 
0.157933387524352 0.428122910670675 -0.790325622276146 128 128 255 255 
-1.34600187114931E-18 -0.151154723235357 -0.85065080835204 128 128 255 255 
0.0831639156667444 -0.111416318625107 -0.818885019204874 128 128 255 255 
0.0426586260080856 -0.183173188166069 -0.834356663130322 128 128 255 255 
0.626161162050734 -0.138742231536649 -0.611478526883791 128 128 255 255 
0.568239491741862 -0.174539792472698 -0.633602636256614 128 128 255 255 
0.609852768182794 -0.0829066975969124 -0.617707779039423 128 128 255 255 
0.148926089896031 -0.366087652196766 -0.793766103823378 128 128 255 255 
0.0402859135553243 0.240287944947605 -0.835262958641746 128 128 255 255 
0.104260713331381 0.201737784376376 -0.810826759550762 128 128 255 255 
0.0515483054467937 0.173777474240408 -0.830961107733826 128 128 255 255 
3.29703154377654E-18 -0.32198233241639 -0.85065080835204 128 128 255 255 
0.0431112189786998 -0.325552064005001 -0.834183787998616 128 128 255 255 
0.102099564584875 -0.30880453401077 -0.811652244917183 128 128 255 255 
0.0579841167994938 -0.350762623077052 -0.828502846542277 128 128 255 255 
0.186921226564037 -0.308139916986459 -0.779253253023398 128 128 255 255 
0.212627322547649 -0.3943201998478 -0.769434398075725 128 128 255 255 
0.0972492085189129 -0.21558348107485 -0.813504916076841 128 128 255 255 
0.0325156130509642 -0.241941291694021 -0.838230949331611 128 128 255 255 
-2.27962549945719E-19 -0.205333544685822 -0.85065080835204 128 128 255 255 
0.0551858437787866 -0.279147214536389 -0.829571691726386 128 128 255 255 
0.180690578298817 -0.210681911887397 -0.781633148888766 128 128 255 255 
0.141740144491661 -0.260802460989869 -0.796510890726547 128 128 255 255 
0.103441979455105 0.461800452952311 -0.811139488063758 128 128 255 255 
0.046041060459787 0.448423794730238 -0.83306468813449 128 128 255 255 
0.0517209897275523 0.493765782535722 -0.830895148207899 128 128 255 255 
-2.50749539544435E-18 -0.10055625789997 -0.85065080835204 128 128 255 255 
-3.6689889192579E-18 -0.0499577925645844 -0.85065080835204 128 128 255 255 
0.0388717951528503 -0.0410249082575809 -0.835803103807375 128 128 255 255 
0.103344350752541 -0.0053503311043827 -0.81117677890986 128 128 255 255 
1.08055645527255E-18 0.151365976707233 -0.85065080835204 128 128 255 255 
0.0236194818758577 0.128683564973722 -0.841628969072125 128 128 255 255 
-9.08630747332702E-19 0.100818164353145 -0.85065080835204 128 128 255 255 
0.0895754184714051 0.0959183942237426 -0.816436043052458 128 128 255 255 
0.0463583128753592 0.0199569538801926 -0.832943508494755 128 128 255 255 
0.141184557185057 0.150664643653208 -0.796723106193952 128 128 255 255 
-2.89781794945647E-18 0.0502703519990562 -0.85065080835204 128 128 255 255 
0.181454139242696 0.205690274192938 -0.781341494560686 128 128 255 255 
0.189447957694744 0.0993121218197741 -0.7782881276119 128 128 255 255 
1.85092032802944E-18 0.203162014055549 -0.85065080835204 128 128 255 255 
8.90076771739355E-19 -0.259512366136287 -0.85065080835204 128 128 255 255 
-3.28340343459793E-18 0.000156279717235891 -0.85065080835204 128 128 255 255 
0.0853132952168227 0.303819276596749 -0.818064029271468 128 128 255 255 
-2.15324434268665E-18 0.362038006519189 -0.85065080835204 128 128 255 255 
2.34019929049836E-19 0.308498028961527 -0.85065080835204 128 128 255 255 
-6.29261496130225E-18 0.416419592911242 -0.85065080835204 128 128 255 255 
0.270581143479453 -0.35850276873402 -0.747298008257701 128 128 255 255 
0.25688857668284 -0.266573565970699 -0.752528103380779 128 128 255 255 
0.329685931001613 -0.321974001147484 -0.724721988322077 128 128 255 255 
0.256310790246236 -0.17369635123625 -0.752748798161323 128 128 255 255 
0.318292757097242 -0.22573510935983 -0.729073793513808 128 128 255 255 
0.318350434203613 0.225223423128686 -0.729051762819547 128 128 255 255 
0.329919780828883 0.321829474005968 -0.724632665636323 128 128 255 255 
0.355866950876238 0.258460779656226 -0.714721728590106 128 128 255 255 
0.187638790323356 -0.104179879002717 -0.778979168056433 128 128 255 255 
0.325250122064568 -0.140252673457503 -0.726416316568427 128 128 255 255 
0.249771830656966 -0.0357500101645164 -0.755246458473362 128 128 255 255 
0.268949418024684 -0.0984214430740206 -0.747921271921114 128 128 255 255 
0.321970765570251 -0.0459872067473558 -0.727668919288029 128 128 255 255 
0.398612807898054 -0.0968182267355342 -0.698394264086016 128 128 255 255 
0.387364193550943 -0.200857703592025 -0.702690852440273 128 128 255 255 
0.180774173989614 -0.00219434154375068 -0.781601218176195 128 128 255 255 
0.250228465032599 0.0344044934710916 -0.755072039662302 128 128 255 255 
0.321824541210434 0.0466240563144871 -0.727724772023495 128 128 255 255 
0.400041375063513 0.00144926035214965 -0.697848599984023 128 128 255 255 
0.269535632060599 0.0975690525796644 -0.747697358084077 128 128 255 255 
0.325509575990103 0.139900195737846 -0.726317213987387 128 128 255 255 
0.398056809475682 0.098593591200458 -0.698606636585671 128 128 255 255 
0.256754791729184 0.171593093815411 -0.752579204685892 128 128 255 255 
0.256463277589021 0.265055601308399 -0.752690553179233 128 128 255 255 
0.387199565574755 0.200855075089655 -0.702753734731677 128 128 255 255 
0.183135982964977 0.306619062751399 -0.78069908742254 128 128 255 255 
0.270503037662418 0.358551040783666 -0.747327842025089 128 128 255 255 
0.389336523995347 0.28510790722827 -0.701937489247556 128 128 255 255 
0.691239977273645 0.0262299388810925 -0.586620631416213 128 128 255 255 
0.633093092258697 0.0773692232673491 -0.608830765151991 128 128 255 255 
0.712516671339674 0.0853715916802767 -0.578493657451222 128 128 255 255 
0.2124247955936 0.39444536838904 -0.769511756488534 128 128 255 255 
0.537314966987991 -0.0970766835640439 -0.645414753626655 128 128 255 255 
0.448979438355507 -0.248246558965592 -0.679155923150075 128 128 255 255 
0.388790718523773 -0.285445233560949 -0.702145968386452 128 128 255 255 
0.475618192199657 -0.153374854543611 -0.668980824599551 128 128 255 255 
0.508609465048684 -0.211393175719145 -0.656379279703344 128 128 255 255 
0.479648288675999 -0.045037132105148 -0.66744146472353 128 128 255 255 
0.553136599479605 -0.0270548503702219 -0.639371427772368 128 128 255 255 
0.47800746276777 0.0541548367067874 -0.668068204450852 128 128 255 255 
0.556908249506228 0.0556437949122573 -0.637930785655868 128 128 255 255 
0.619761242057922 0.000809738127081669 -0.613923078795765 128 128 255 255 
0.521174920586163 0.10738029958322 -0.651579702772153 128 128 255 255 
0.47488851460011 0.154816164999141 -0.669259536641749 128 128 255 255 
0.579138802545618 0.167803647942027 -0.629439469983528 128 128 255 255 
0.451434550385456 0.246729216284895 -0.678218153800823 128 128 255 255 
0.513532576775564 0.20835052534152 -0.65449881835409 128 128 255 255 
0.644745028315672 0.127256770542535 -0.604380121612967 128 128 255 255 
0.677930125437447 -0.039356846741868 -0.591704542432415 128 128 255 255 
0.684082832359605 -0.102944670600601 -0.589354417510967 128 128 255 255 
0.739917828123495 -0.0684367454568111 -0.568027346890868 128 128 255 255 
2.62128420126781E-18 0.254958051403866 -0.85065080835204 128 128 255 255 
-1.3408372049854E-17 0.471075352515188 -0.85065080835204 128 128 255 255 
1.01338847628209E-16 0.525731112119134 -0.85065080835204 128 128 255 255 
0.355745658395804 -0.258680846033261 -0.714768058195053 128 128 255 255 
1.06825115145317E-17 -0.455091705407813 -0.85065080835204 128 128 255 255 
0.722554992702271 -0.00949986888642242 -0.574659359880705 128 128 255 255 
0.138541032688969 0.254466599479365 -0.797732842701364 128 128 255 255 
0.137185623201958 -0.160465397647518 -0.798250563056728 128 128 255 255 
0.140785475227076 0.0469214608488458 -0.796875541937603 128 128 255 255 
0.138730307683064 -0.0557852175689894 -0.79766054608684 128 128 255 255 
0.516211044101769 0.00770536766679187 -0.653475734873235 128 128 255 255 
0.287429165280294 0.000439007607556101 -0.740862636572979 128 128 255 255 
0.669537858894775 0.474159857481863 -0.154544694144159 128 255 255 255 
0.634879693966421 0.564896111251992 -0.17660611525276 128 255 255 255 
0.646363410296698 0.534831351582164 -0.0986914561269469 128 255 255 255 
0.799795667215997 0.133140487996833 -0.369388527437879 128 255 255 255 
0.823394351417234 0.0713583306682191 -0.387418497794947 128 255 255 255 
0.800893439783439 0.130266482103353 -0.445221998584381 128 255 255 255 
0.571777400229012 0.730100061024609 -0.00490103463787244 128 255 255 255 
0.574802647664419 0.722179860414334 -0.0793994123924205 128 255 255 255 
0.558017987904898 0.766122670154362 -0.0522412624119129 128 255 255 255 
0.613874722561819 0.619887840321959 -0.142619357587395 128 255 255 255 
0.592869751157218 0.674879569391926 -0.10863259992203 128 255 255 255 
0.619501272199376 0.605157342131446 -0.0845643932048883 128 255 255 255 
0.752639880402282 0.256595940641384 0.172958199829527 128 255 255 255 
0.777505707441615 0.191496360294033 0.100635199206023 128 255 255 255 
0.747652164243796 0.269653951070536 0.0980677086630952 128 255 255 255 
0.838146672773397 0.0327362519448248 0.0996991900276807 128 255 255 255 
0.85065080835204 2.13871303928521E-17 0.0498531711483851 128 255 255 255 
0.833263337319053 0.0455209901427651 0.0376111866252488 128 255 255 255 
0.594610616477116 0.670321924814596 -0.0400962097315333 128 255 255 255 
0.776075179811102 0.195241530252562 0.405065210407509 128 255 255 255 
0.800861291261213 0.130350648027228 0.445169981182732 128 255 255 255 
0.798482976626667 0.136577156576412 0.370696358345679 128 255 255 255 
0.754938692484565 0.250577572476218 -0.035063902649151 128 255 255 255 
0.777942618251572 0.190352512943515 -0.100850045558292 128 255 255 255 
0.747738156409923 0.269428820656849 -0.0978019466334256 128 255 255 255 
0.818515556750866 0.0841311809289032 0.395920461635488 128 255 255 255 
0.839868265266913 0.0282290642820225 0.424488198785845 128 255 255 255 
0.832311663998041 0.0480125032433604 0.354567681015737 128 255 255 255 
0.829028246885239 0.0566086008439195 0.224740667184301 128 255 255 255 
0.838962437193857 0.0306005529652476 0.262986134832716 128 255 255 255 
0.85065080835204 1.76683743599363E-17 0.19855223802257 128 255 255 255 
0.633748102901061 0.567858655122471 0.174775162447642 128 255 255 255 
0.618586733438315 0.607551635691935 0.0829846206155845 128 255 255 255 
0.611547275848863 0.625981174923482 0.138853469698828 128 255 255 255 
0.546681539102061 0.795801878431914 0.0338985029371989 128 255 255 255 
0.832131593468023 0.0484839340113194 -0.0655205474694666 128 255 255 255 
0.835798559026778 0.0388836935429241 -0.0168097393154897 128 255 255 255 
0.85065080835204 1.92000092816304E-17 -0.0498857214685723 128 255 255 255 
0.641068758661041 0.548692929522906 -0.0329120876338641 128 255 255 255 
0.85065080835204 1.13330608656374E-17 0.298365822722594 128 255 255 255 
0.85065080835204 1.45007176830123E-17 0.248459030372582 128 255 255 255 
0.776118164891905 0.195128993850012 -0.405134761729257 128 255 255 255 
0.751693759617444 0.259072917013553 -0.365615243840177 128 255 255 255 
0.78267833439182 0.177954247127273 -0.308471556895491 128 255 255 255 
0.754691374773934 0.251225058648669 -0.267153420570888 128 255 255 255 
0.727556933815389 0.322263947343869 -0.326561039311916 128 255 255 255 
0.589346448796666 0.684103694724493 0.102931776950014 128 255 255 255 
0.727646925908643 0.322028344985011 -0.0463082673184436 128 255 255 255 
0.740865804638066 0.287420871178218 0.000266692494043656 128 255 255 255 
0.811764929473687 0.101804552585941 0.0992170204163211 128 255 255 255 
0.783563693864148 0.175636345936457 -0.205160262739496 128 255 255 255 
0.729932832993366 0.31604376254208 -0.226670741463835 128 255 255 255 
0.753334743444829 0.254776765578469 -0.172595351561501 128 255 255 255 
0.703191582444325 0.386053265381147 -0.201468757597483 128 255 255 255 
0.715953469448502 0.352642211443626 -0.260435514949017 128 255 255 255 
0.703420108013334 0.385454977674184 -0.287506834783656 128 255 255 255 
0.729792734740103 0.316410544530888 0.226765176240648 128 255 255 255 
0.703246992357535 0.38590820034505 0.201774519602422 128 255 255 255 
0.715963045046652 0.352617142202208 0.260585314940889 128 255 255 255 
0.679956059626546 0.446884653864467 -0.249541206980161 128 255 255 255 
0.726619239368091 0.324718863277957 -0.140161411533715 128 255 255 255 
0.698479932271413 0.39838852567693 -0.0974393111822519 128 255 255 255 
0.66785199315834 0.478573511280317 -0.0476783052095467 128 255 255 255 
0.841944383250061 0.0227937168374856 -0.434742325017219 128 255 255 255 
0.85065080835204 1.13428236779809E-18 -0.463719730628373 128 255 255 255 
0.85065080835204 3.62896563060612E-18 -0.525731112119133 128 255 255 255 
0.812296247642733 0.100413543560536 -0.00623430001593206 128 255 255 255 
0.809750133327322 0.107079357377525 -0.0980642674008961 128 255 255 255 
0.781322838987306 0.181502980167885 -0.00155570291211132 128 255 255 255 
0.754904295397268 0.250667625219875 0.0346973033283227 128 255 255 255 
0.727653947874196 0.322009961240525 0.0460909707705253 128 255 255 255 
0.697746091600181 0.400309745496544 0.000208183107358061 128 255 255 255 
0.65427837473831 0.514109705654277 0.000619620005045214 128 255 255 255 
0.667748750813452 0.478843803248312 0.0480962550704346 128 255 255 255 
0.640870630874109 0.549211634803209 0.0327821667829111 128 255 255 255 
0.617634955568235 0.610043422505544 -0.000626614881665116 128 255 255 255 
0.593264686765722 0.673845614545494 0.0346815906981543 128 255 255 255 
0.825668714674973 0.0654039703566942 -0.485309235439506 128 255 255 255 
0.85065080835204 8.06317172111641E-18 0.349041851667151 128 255 255 255 
0.795722430886335 0.143804359152099 0.0480155541735751 128 255 255 255 
0.794665701737512 0.14657091198062 0.151759541120996 128 255 255 255 
0.726581651047885 0.324817270777834 0.140541767091619 128 255 255 255 
0.698504186669401 0.39832502683862 0.0975940274434991 128 255 255 255 
0.645906212025301 0.536028312196281 0.0985312075219317 128 255 255 255 
0.669289335290721 0.474810500724282 0.154422057634391 128 255 255 255 
0.568013993949363 0.739952786578204 0.0684151399436067 128 255 255 255 
0.85065080835204 2.07337985687819E-17 0.149414682267103 128 255 255 255 
0.85065080835204 2.17705776444145E-17 0.0996782720823039 128 255 255 255 
0.80860268397157 0.110083418791254 0.199779898487228 128 255 255 255 
0.831517074600997 0.0500927652919209 0.162030722294787 128 255 255 255 
0.780789486063178 0.182899316251251 0.207406046374412 128 255 255 255 
0.796643079883876 0.141394068784828 0.253715918187565 128 255 255 255 
0.753948410353891 0.253170164752774 0.267987864586549 128 255 255 255 
0.680001352918687 0.446766074486178 0.249614493066308 128 255 255 255 
0.815463172679941 0.0921224261733042 0.298248346489676 128 255 255 255 
0.837607778115184 0.0341470964763824 0.311346805278968 128 255 255 255 
0.781716976820816 0.180471113923504 0.309429381398944 128 255 255 255 
0.727613766110917 0.322115158462517 0.326652995897739 128 255 255 255 
0.751660100678237 0.259161037260421 0.365560782532515 128 255 255 255 
0.703567431543596 0.385069279664614 0.287745209262963 128 255 255 255 
0.825647402711324 0.0654597658018944 0.485274751957955 128 255 255 255 
0.656874727909874 0.507312364804325 0.212194827756975 128 255 255 255 
0.657232703685138 0.506375172057534 -0.212774044728502 128 255 255 255 
0.831102848886456 0.0511772222916038 -0.335018885834694 128 255 255 255 
0.85065080835204 -9.72972404842786E-19 -0.349069542330561 128 255 255 255 
0.832728596332342 0.0469209602211512 -0.121264094842597 128 255 255 255 
0.85065080835204 1.52092862004604E-17 -0.0996400500006649 128 255 255 255 
0.85065080835204 1.11498637477119E-17 -0.149095362005153 128 255 255 255 
0.819794603637432 0.0807825927066695 -0.192441653774991 128 255 255 255 
0.85065080835204 7.0904412954449E-18 -0.198550674009642 128 255 255 255 
0.837001529646436 0.0357342755731927 -0.307008001194491 128 255 255 255 
0.816100864381122 0.090452927625269 -0.301030462009823 128 255 255 255 
0.837474903786852 0.0344949659841885 -0.257364750335939 128 255 255 255 
0.85065080835204 9.94673603603755E-19 -0.298388255908544 128 255 255 255 
0.85065080835204 3.61992484321928E-18 0.525731112119133 128 255 255 255 
0.85065080835204 4.43316399393249E-18 0.463707489657691 128 255 255 255 
0.85065080835204 2.96231961253178E-18 -0.247706969486527 128 255 255 255 
0.85065080835204 2.10036830008387E-17 2.80702144663837E-05 128 255 255 255 
0.85065080835204 8.06549812369121E-20 -0.406394636479467 128 255 255 255 
0.85065080835204 6.24816785728371E-18 0.406374670662421 128 255 255 255 
0.795327959552233 0.144837098512365 -0.0516760789718078 128 255 255 255 
0.797762762270119 0.138462702241041 -0.149129057368419 128 255 255 255 
0.80053437406863 0.131206528348917 -0.251775983854951 128 255 255 255 
0.541233328145377 0.810065479894391 -0.0250831124314054 128 255 255 255 
0.525731112119133 0.85065080835204 -1.76394611265708E-17 128 255 255 255 

3 0 1 2 
3 3 4 5 
3 6 7 8 
3 5 4 9 
3 0 10 1 
3 11 12 13 
3 14 6 8 
3 15 16 17 
3 18 15 17 
3 19 20 21 
3 22 23 24 
3 23 25 24 
3 25 23 26 
3 24 27 28 
3 29 30 31 
3 30 32 31 
3 26 29 33 
3 33 29 31 
3 33 25 26 
3 25 33 34 
3 33 35 34 
3 35 33 31 
3 25 27 24 
3 27 25 34 
3 27 36 28 
3 27 37 36 
3 37 27 34 
3 32 38 39 
3 38 40 39 
3 40 38 41 
3 32 42 31 
3 42 32 39 
3 42 35 31 
3 35 42 43 
3 42 44 43 
3 44 42 39 
3 35 45 34 
3 45 35 43 
3 45 37 34 
3 37 45 8 
3 45 46 8 
3 46 45 43 
3 37 7 36 
3 7 37 8 
3 47 48 49 
3 50 51 47 
3 51 50 16 
3 48 40 41 
3 40 48 52 
3 48 53 52 
3 53 48 47 
3 14 54 6 
3 40 55 39 
3 55 40 52 
3 55 44 39 
3 44 55 56 
3 55 57 56 
3 57 55 52 
3 44 58 43 
3 58 44 56 
3 58 46 43 
3 46 58 59 
3 58 60 59 
3 60 58 56 
3 46 14 8 
3 14 46 59 
3 50 47 49 
3 14 61 54 
3 61 14 59 
3 15 51 16 
3 51 15 62 
3 15 63 62 
3 63 15 18 
3 51 64 47 
3 64 51 62 
3 64 53 47 
3 53 64 65 
3 64 66 65 
3 66 64 62 
3 53 67 52 
3 67 53 65 
3 67 57 52 
3 57 67 68 
3 67 69 68 
3 69 67 65 
3 57 70 56 
3 70 57 68 
3 70 60 56 
3 60 70 71 
3 70 72 71 
3 72 70 68 
3 60 73 59 
3 73 60 71 
3 73 61 59 
3 61 73 74 
3 73 75 74 
3 75 73 71 
3 61 76 54 
3 76 61 74 
3 20 76 74 
3 77 78 18 
3 78 63 18 
3 63 78 12 
3 79 11 13 
3 63 11 62 
3 11 63 12 
3 11 66 62 
3 66 11 79 
3 80 79 13 
3 66 81 65 
3 81 66 79 
3 81 69 65 
3 69 81 82 
3 81 83 82 
3 83 81 79 
3 69 84 68 
3 84 69 82 
3 84 72 68 
3 72 84 85 
3 84 86 85 
3 86 84 82 
3 72 87 71 
3 87 72 85 
3 87 75 71 
3 75 87 88 
3 87 89 88 
3 89 87 85 
3 75 21 74 
3 21 75 88 
3 19 21 90 
3 21 20 74 
3 21 91 90 
3 91 21 88 
3 92 19 90 
3 93 92 90 
3 80 83 79 
3 83 94 82 
3 94 86 82 
3 86 94 10 
3 86 0 85 
3 0 86 10 
3 0 89 85 
3 89 0 2 
3 89 95 88 
3 95 89 2 
3 95 91 88 
3 91 95 96 
3 95 97 96 
3 97 95 2 
3 91 93 90 
3 93 91 96 
3 93 98 92 
3 93 99 98 
3 99 93 96 
3 1 100 2 
3 100 97 2 
3 97 100 101 
3 97 102 96 
3 102 97 101 
3 102 99 96 
3 99 102 4 
3 99 3 98 
3 3 99 4 
3 48 41 49 
3 103 5 9 
3 104 105 106 
3 107 108 109 
3 110 111 112 
3 113 114 115 
3 116 113 117 
3 118 107 119 
3 120 121 122 
3 123 110 124 
3 125 126 127 
3 128 129 130 
3 129 131 130 
3 132 104 106 
3 133 132 134 
3 113 116 135 
3 114 113 135 
3 136 137 138 
3 139 140 141 
3 108 107 118 
3 142 143 144 
3 104 145 146 
3 147 148 146 
3 148 104 146 
3 145 147 146 
3 149 117 150 
3 115 151 150 
3 151 149 150 
3 117 115 150 
3 123 129 152 
3 117 149 152 
3 149 123 152 
3 129 117 152 
3 153 154 120 
3 142 121 120 
3 154 142 120 
3 112 155 124 
3 155 156 124 
3 110 112 124 
3 157 158 159 
3 158 105 159 
3 160 157 159 
3 105 160 159 
3 161 162 109 
3 162 107 109 
3 132 163 134 
3 155 157 164 
3 157 160 164 
3 156 155 164 
3 160 156 164 
3 165 166 167 
3 168 147 169 
3 119 170 118 
3 171 165 172 
3 173 137 136 
3 174 131 175 
3 118 170 108 
3 111 176 177 
3 119 107 115 
3 113 115 117 
3 128 117 129 
3 131 129 175 
3 168 175 147 
3 178 147 145 
3 179 145 180 
3 181 179 180 
3 171 180 165 
3 171 181 180 
3 173 165 167 
3 170 182 108 
3 114 119 115 
3 168 174 175 
3 179 183 145 
3 173 167 137 
3 161 151 162 
3 151 115 162 
3 161 184 151 
3 175 129 185 
3 151 186 149 
3 149 110 123 
3 123 187 185 
3 129 123 185 
3 187 175 185 
3 180 145 188 
3 123 156 187 
3 187 148 189 
3 175 187 189 
3 148 147 189 
3 187 160 148 
3 148 105 104 
3 104 133 188 
3 145 104 188 
3 133 180 188 
3 104 132 133 
3 165 190 166 
3 133 191 190 
3 180 133 190 
3 133 192 191 
3 147 175 189 
3 165 180 190 
3 186 176 111 
3 184 186 151 
3 186 184 176 
3 186 110 149 
3 110 186 111 
3 156 160 187 
3 160 105 148 
3 105 158 106 
3 192 133 134 
3 163 132 106 
3 178 169 147 
3 193 194 177 
3 176 193 177 
3 194 111 177 
3 193 143 194 
3 112 194 195 
3 112 111 194 
3 194 142 195 
3 155 195 196 
3 195 154 196 
3 157 196 197 
3 196 198 197 
3 158 197 199 
3 106 158 199 
3 197 200 199 
3 163 199 201 
3 163 106 199 
3 199 202 201 
3 115 107 162 
3 155 112 195 
3 157 155 196 
3 158 157 197 
3 134 163 201 
3 143 142 194 
3 121 142 144 
3 142 154 195 
3 183 178 145 
3 154 198 196 
3 154 153 203 
3 204 198 203 
3 198 200 197 
3 198 204 127 
3 153 204 203 
3 126 200 127 
3 200 202 199 
3 200 126 205 
3 204 125 127 
3 190 191 166 
3 153 122 206 
3 204 206 207 
3 153 120 122 
3 204 153 206 
3 202 200 205 
3 198 154 203 
3 200 198 127 
3 208 209 210 
3 122 208 210 
3 209 206 210 
3 208 211 209 
3 209 212 213 
3 206 209 213 
3 212 207 213 
3 209 141 212 
3 207 206 213 
3 121 214 122 
3 117 128 116 
3 156 123 124 
3 204 207 125 
3 141 211 139 
3 211 141 209 
3 208 122 214 
3 165 173 172 
3 139 215 140 
3 206 122 210 
3 216 217 218 
3 219 220 221 
3 222 223 224 
3 225 226 227 
3 228 229 230 
3 231 232 233 
3 234 235 236 
3 237 238 239 
3 240 241 242 
3 242 243 240 
3 225 244 245 
3 246 242 241 
3 243 242 246 
3 247 248 249 
3 250 251 252 
3 253 254 255 
3 254 253 256 
3 253 220 256 
3 254 256 226 
3 257 258 259 
3 226 256 227 
3 221 260 219 
3 260 256 219 
3 260 225 227 
3 256 260 227 
3 256 220 219 
3 261 262 221 
3 263 261 264 
3 221 262 260 
3 260 265 225 
3 244 266 245 
3 262 267 268 
3 268 265 260 
3 269 265 268 
3 265 244 225 
3 267 269 268 
3 266 270 271 
3 270 272 271 
3 273 274 246 
3 274 275 246 
3 241 273 246 
3 273 276 274 
3 277 237 278 
3 279 229 280 
3 281 228 230 
3 282 283 230 
3 284 285 286 
3 287 232 286 
3 232 284 286 
3 233 288 216 
3 289 231 233 
3 290 291 238 
3 292 290 238 
3 293 294 295 
3 285 243 286 
3 296 297 298 
3 297 299 298 
3 267 296 300 
3 296 298 300 
3 269 267 301 
3 267 300 301 
3 270 269 302 
3 269 301 302 
3 272 270 303 
3 270 302 303 
3 272 303 304 
3 288 217 216 
3 243 287 286 
3 287 288 233 
3 217 279 280 
3 305 255 306 
3 247 307 234 
3 307 235 234 
3 308 247 234 
3 287 309 310 
3 311 288 310 
3 288 287 310 
3 309 311 310 
3 275 250 312 
3 223 243 312 
3 243 275 312 
3 250 223 312 
3 217 313 314 
3 315 279 314 
3 279 217 314 
3 313 315 314 
3 316 315 317 
3 297 296 318 
3 296 263 318 
3 296 267 261 
3 267 262 261 
3 263 296 261 
3 269 270 244 
3 270 266 244 
3 265 269 244 
3 319 320 224 
3 321 222 224 
3 320 321 224 
3 322 323 317 
3 251 324 252 
3 320 319 252 
3 324 320 252 
3 222 321 325 
3 326 327 325 
3 321 326 325 
3 324 251 249 
3 328 329 330 
3 278 307 331 
3 299 323 298 
3 298 332 300 
3 300 326 301 
3 301 321 302 
3 302 320 303 
3 303 324 304 
3 317 323 299 
3 323 322 333 
3 323 332 298 
3 334 332 333 
3 332 334 335 
3 332 326 300 
3 313 334 333 
3 327 326 335 
3 326 321 301 
3 311 327 335 
3 321 320 302 
3 320 324 303 
3 324 249 304 
3 231 284 232 
3 281 230 283 
3 229 228 280 
3 235 239 236 
3 289 233 216 
3 307 276 331 
3 322 313 333 
3 292 238 237 
3 316 258 315 
3 322 315 313 
3 332 323 333 
3 334 313 311 
3 251 247 249 
3 327 311 309 
3 222 309 223 
3 319 223 250 
3 326 332 335 
3 251 250 247 
3 248 247 308 
3 217 280 329 
3 282 257 259 
3 223 309 336 
3 294 282 259 
3 282 279 257 
3 279 315 257 
3 217 288 337 
3 313 217 337 
3 288 311 337 
3 247 250 338 
3 287 243 336 
3 309 287 336 
3 243 223 336 
3 315 258 257 
3 275 307 338 
3 250 275 338 
3 307 247 338 
3 311 313 337 
3 255 254 306 
3 294 293 283 
3 280 330 329 
3 229 282 230 
3 239 235 237 
3 228 330 280 
3 218 289 216 
3 307 275 274 
3 235 307 278 
3 275 243 246 
3 282 294 283 
3 279 282 229 
3 295 339 293 
3 340 281 293 
3 339 340 293 
3 309 222 325 
3 331 341 278 
3 277 292 237 
3 341 277 278 
3 327 309 325 
3 217 329 328 
3 243 285 240 
3 237 235 278 
3 276 307 274 
3 261 221 264 
3 223 319 224 
3 334 311 335 
3 308 234 236 
3 287 233 232 
3 262 268 260 
3 293 281 283 
3 319 250 252 
3 315 322 317 
3 218 217 328 
3 342 343 344 
3 345 346 347 
3 348 349 350 
3 351 352 353 
3 354 355 356 
3 357 358 359 
3 359 360 357 
3 361 362 363 
3 364 365 363 
3 366 362 361 
3 362 366 354 
3 365 361 363 
3 355 366 367 
3 366 355 354 
3 366 368 367 
3 368 366 361 
3 355 367 369 
3 358 357 369 
3 358 369 370 
3 371 351 372 
3 373 374 375 
3 376 373 377 
3 373 378 377 
3 378 373 375 
3 379 376 377 
3 376 379 364 
3 365 379 380 
3 379 365 364 
3 379 381 380 
3 381 379 377 
3 382 365 380 
3 365 382 361 
3 368 382 383 
3 382 368 361 
3 382 384 383 
3 384 382 380 
3 385 368 383 
3 368 385 367 
3 367 386 369 
3 385 386 367 
3 387 385 383 
3 369 386 370 
3 370 386 388 
3 386 389 388 
3 390 389 387 
3 391 392 393 
3 394 391 393 
3 391 394 348 
3 349 394 395 
3 394 349 348 
3 394 396 395 
3 396 394 393 
3 397 349 395 
3 349 397 375 
3 378 397 398 
3 397 378 375 
3 397 399 398 
3 399 397 395 
3 400 378 398 
3 378 400 377 
3 381 400 401 
3 400 381 377 
3 400 402 401 
3 402 400 398 
3 403 381 401 
3 381 403 380 
3 384 403 404 
3 403 384 380 
3 403 405 404 
3 405 403 401 
3 406 384 404 
3 384 406 383 
3 387 406 344 
3 406 387 383 
3 406 407 344 
3 407 406 404 
3 408 390 387 
3 343 390 408 
3 387 344 408 
3 359 409 360 
3 410 411 412 
3 413 396 414 
3 396 413 395 
3 399 413 345 
3 413 399 395 
3 413 346 345 
3 346 413 414 
3 415 399 345 
3 399 415 398 
3 402 415 416 
3 415 402 398 
3 415 417 416 
3 417 415 345 
3 418 402 416 
3 402 418 401 
3 405 418 419 
3 418 405 401 
3 418 420 419 
3 420 418 416 
3 421 405 419 
3 405 421 404 
3 407 421 422 
3 421 407 404 
3 421 423 422 
3 423 421 419 
3 344 407 424 
3 407 422 424 
3 342 344 424 
3 342 424 425 
3 385 387 389 
3 386 385 389 
3 417 345 347 
3 426 417 427 
3 417 426 416 
3 420 426 428 
3 426 420 416 
3 426 429 428 
3 429 426 427 
3 430 420 428 
3 420 430 419 
3 423 430 431 
3 430 423 419 
3 430 432 431 
3 432 430 428 
3 433 423 431 
3 423 433 422 
3 422 434 424 
3 434 433 435 
3 433 434 422 
3 433 436 435 
3 436 433 431 
3 424 434 425 
3 437 434 435 
3 434 437 425 
3 438 437 435 
3 439 411 410 
3 429 440 428 
3 440 371 432 
3 440 432 428 
3 441 432 372 
3 432 441 431 
3 371 372 432 
3 436 441 442 
3 441 436 431 
3 441 353 442 
3 353 441 372 
3 435 436 443 
3 436 442 443 
3 438 435 443 
3 438 443 444 
3 445 353 352 
3 353 445 442 
3 442 446 443 
3 446 445 447 
3 445 446 442 
3 445 412 447 
3 412 445 352 
3 443 446 444 
3 343 408 344 
3 357 356 369 
3 427 417 347 
3 414 396 448 
3 396 393 448 
3 375 374 350 
3 351 353 372 
3 349 375 350 
3 356 355 369 
3 447 412 411 
3 449 450 451 
3 452 453 454 
3 455 456 457 
3 458 452 454 
3 459 460 461 
3 462 463 464 
3 465 466 467 
3 468 469 470 
3 471 472 473 
3 474 471 473 
3 462 475 463 
3 476 477 478 
3 461 479 478 
3 479 476 478 
3 477 461 478 
3 468 480 481 
3 480 482 481 
3 483 468 481 
3 482 483 481 
3 464 466 462 
3 484 485 486 
3 487 488 486 
3 488 484 486 
3 485 487 486 
3 485 489 490 
3 491 487 490 
3 487 485 490 
3 489 491 490 
3 489 449 492 
3 493 491 492 
3 491 489 492 
3 449 493 492 
3 494 484 495 
3 488 496 495 
3 496 494 495 
3 484 488 495 
3 471 474 497 
3 474 498 497 
3 499 471 497 
3 498 499 497 
3 500 501 502 
3 503 465 502 
3 465 500 502 
3 458 494 452 
3 496 453 452 
3 502 501 504 
3 494 496 452 
3 505 506 507 
3 506 508 507 
3 508 450 507 
3 509 488 510 
3 450 508 451 
3 508 511 451 
3 511 512 451 
3 503 475 462 
3 475 503 504 
3 503 502 504 
3 480 513 482 
3 503 466 465 
3 514 501 500 
3 514 515 516 
3 515 514 500 
3 465 517 518 
3 519 520 518 
3 518 521 522 
3 465 518 522 
3 521 500 522 
3 521 518 523 
3 515 500 521 
3 516 515 524 
3 515 512 524 
3 512 515 521 
3 524 525 526 
3 516 524 526 
3 525 527 526 
3 528 527 525 
3 528 529 530 
3 529 528 525 
3 529 531 530 
3 493 520 532 
3 518 520 493 
3 493 449 523 
3 518 493 523 
3 449 521 523 
3 512 521 449 
3 512 511 524 
3 512 449 451 
3 524 511 525 
3 525 511 533 
3 511 508 533 
3 529 525 533 
3 529 534 535 
3 534 529 533 
3 536 531 537 
3 538 491 539 
3 535 540 537 
3 534 540 535 
3 541 536 537 
3 537 483 541 
3 542 470 469 
3 493 543 491 
3 450 449 489 
3 450 489 507 
3 533 508 544 
3 508 506 544 
3 534 533 544 
3 540 534 545 
3 534 499 545 
3 499 534 544 
3 498 540 545 
3 537 540 546 
3 540 498 546 
3 499 498 545 
3 483 537 546 
3 483 482 541 
3 468 483 546 
3 480 547 513 
3 453 548 455 
3 489 505 507 
3 531 535 537 
3 491 538 487 
3 549 550 487 
3 505 489 485 
3 506 505 551 
3 485 460 551 
3 459 506 551 
3 544 506 552 
3 506 459 552 
3 460 459 551 
3 499 544 552 
3 471 499 552 
3 546 498 469 
3 498 474 469 
3 468 546 469 
3 480 468 470 
3 538 549 487 
3 487 550 488 
3 460 485 484 
3 460 553 461 
3 553 460 484 
3 459 461 477 
3 552 459 477 
3 471 552 477 
3 531 529 535 
3 472 471 477 
3 491 543 539 
3 457 453 455 
3 488 509 496 
3 488 550 510 
3 500 465 522 
3 553 484 494 
3 461 553 479 
3 553 554 479 
3 554 553 494 
3 527 516 526 
3 472 477 476 
3 505 485 551 
3 517 465 467 
3 517 519 518 
3 496 548 453 
3 554 494 458 
3 453 457 454 
3 474 542 469 
3 543 493 532 
3 555 457 456 
3 548 496 509 
3 466 503 462 
3 556 557 558 
3 559 560 561 
3 562 563 564 
3 565 566 567 
3 568 569 570 
3 560 571 572 
3 573 574 575 
3 576 577 578 
3 579 580 581 
3 582 583 584 
3 577 576 585 
3 576 586 585 
3 587 588 589 
3 590 566 565 
3 591 575 592 
3 575 574 592 
3 581 580 593 
3 594 581 593 
3 595 559 561 
3 596 597 582 
3 587 565 567 
3 584 596 582 
3 598 599 564 
3 600 599 598 
3 599 600 583 
3 601 597 596 
3 601 602 597 
3 603 604 605 
3 604 606 605 
3 600 584 583 
3 584 600 605 
3 607 584 605 
3 584 607 596 
3 604 603 608 
3 609 604 608 
3 603 600 598 
3 600 603 605 
3 610 602 611 
3 612 610 611 
3 610 612 573 
3 602 601 611 
3 607 601 596 
3 601 607 613 
3 614 601 613 
3 601 614 611 
3 606 604 615 
3 604 609 615 
3 606 607 605 
3 607 606 613 
3 616 606 615 
3 606 616 613 
3 609 617 615 
3 618 576 578 
3 619 591 592 
3 591 619 595 
3 612 574 573 
3 574 612 620 
3 621 574 620 
3 574 621 592 
3 622 612 611 
3 612 622 620 
3 614 622 611 
3 622 614 623 
3 624 622 623 
3 622 624 620 
3 625 626 627 
3 626 628 627 
3 629 614 613 
3 614 629 623 
3 616 629 613 
3 629 616 627 
3 630 629 627 
3 629 630 623 
3 626 625 631 
3 632 626 631 
3 625 616 615 
3 616 625 627 
3 617 625 615 
3 625 617 631 
3 619 559 595 
3 559 619 633 
3 634 559 633 
3 559 634 560 
3 635 619 592 
3 619 635 633 
3 621 635 592 
3 635 621 636 
3 637 635 636 
3 635 637 633 
3 638 621 620 
3 621 638 636 
3 624 638 620 
3 638 624 639 
3 640 638 639 
3 638 640 636 
3 641 624 623 
3 624 641 639 
3 630 641 623 
3 641 630 642 
3 643 641 642 
3 641 643 639 
3 628 626 644 
3 626 632 644 
3 628 630 627 
3 630 628 642 
3 645 628 644 
3 628 645 642 
3 632 646 644 
3 588 644 646 
3 634 571 560 
3 571 634 557 
3 556 558 647 
3 558 634 633 
3 634 558 557 
3 637 558 633 
3 558 637 647 
3 648 556 647 
3 649 637 636 
3 637 649 647 
3 640 649 636 
3 649 640 650 
3 651 649 650 
3 649 651 647 
3 652 640 639 
3 640 652 650 
3 643 652 639 
3 652 643 653 
3 654 652 653 
3 652 654 650 
3 655 643 642 
3 643 655 653 
3 645 655 642 
3 655 645 656 
3 657 655 656 
3 655 657 653 
3 598 564 563 
3 567 588 587 
3 588 645 644 
3 645 588 656 
3 588 567 656 
3 589 588 646 
3 658 603 598 
3 659 578 568 
3 651 648 647 
3 660 651 650 
3 654 660 650 
3 660 654 579 
3 580 654 653 
3 654 580 579 
3 657 580 653 
3 580 657 593 
3 566 659 661 
3 659 570 661 
3 662 657 656 
3 657 662 593 
3 567 662 656 
3 662 567 661 
3 663 662 661 
3 662 663 593 
3 659 566 590 
3 618 659 590 
3 567 566 661 
3 570 569 664 
3 663 594 593 
3 594 663 664 
3 659 618 578 
3 570 659 568 
3 570 663 661 
3 663 570 664 
3 608 603 658 
3 665 666 667 
3 668 669 670 
3 669 671 670 
3 672 666 665 
3 673 674 675 
3 676 677 678 
3 679 680 681 
3 682 683 684 
3 685 686 687 
3 688 689 687 
3 690 691 692 
3 693 694 695 
3 696 697 695 
3 697 693 695 
3 694 696 695 
3 698 699 688 
3 700 667 701 
3 702 683 703 
3 677 704 703 
3 704 702 703 
3 683 677 703 
3 705 706 707 
3 683 702 707 
3 702 705 707 
3 706 683 707 
3 708 709 710 
3 711 712 710 
3 712 708 710 
3 709 711 710 
3 712 711 713 
3 714 715 713 
3 715 712 713 
3 711 714 713 
3 715 714 716 
3 717 673 716 
3 673 715 716 
3 714 717 716 
3 673 717 718 
3 706 705 718 
3 705 673 718 
3 717 706 718 
3 719 720 721 
3 722 719 721 
3 723 722 721 
3 709 708 724 
3 708 699 724 
3 725 709 724 
3 726 727 684 
3 727 728 684 
3 728 682 684 
3 682 728 678 
3 728 729 678 
3 729 676 678 
3 730 731 732 
3 731 733 732 
3 733 734 732 
3 735 736 737 
3 736 731 737 
3 731 730 737 
3 715 738 739 
3 706 734 740 
3 674 705 741 
3 665 742 672 
3 739 743 715 
3 723 721 691 
3 687 686 688 
3 712 743 744 
3 714 735 737 
3 724 699 745 
3 738 673 675 
3 690 668 746 
3 747 748 749 
3 750 751 668 
3 750 668 670 
3 752 753 754 
3 751 752 754 
3 753 668 754 
3 752 755 753 
3 720 719 756 
3 669 668 690 
3 753 691 746 
3 668 753 746 
3 691 690 746 
3 753 723 691 
3 691 720 692 
3 748 752 749 
3 668 751 754 
3 734 717 732 
3 755 757 758 
3 759 760 761 
3 759 762 763 
3 760 747 761 
3 760 759 763 
3 762 728 763 
3 760 757 748 
3 760 763 764 
3 757 755 748 
3 757 760 764 
3 763 727 764 
3 698 688 686 
3 723 755 758 
3 755 723 753 
3 757 722 758 
3 757 764 765 
3 722 723 758 
3 722 757 765 
3 764 733 765 
3 747 760 748 
3 721 720 691 
3 722 765 766 
3 719 722 766 
3 765 731 766 
3 719 767 756 
3 719 766 696 
3 767 719 696 
3 766 736 696 
3 696 736 697 
3 736 735 697 
3 767 696 694 
3 667 700 665 
3 697 768 693 
3 769 770 702 
3 755 752 748 
3 679 667 680 
3 742 771 672 
3 677 771 742 
3 705 772 741 
3 727 726 740 
3 729 728 762 
3 676 771 677 
3 677 682 678 
3 665 704 742 
3 704 677 742 
3 665 700 704 
3 728 727 763 
3 682 677 683 
3 683 726 684 
3 704 769 702 
3 733 727 740 
3 727 733 764 
3 726 683 706 
3 726 706 740 
3 734 733 740 
3 702 772 705 
3 733 731 765 
3 734 706 717 
3 717 730 732 
3 705 674 673 
3 731 736 766 
3 730 717 714 
3 730 714 737 
3 673 738 715 
3 735 714 711 
3 735 768 697 
3 768 735 711 
3 773 712 744 
3 715 743 712 
3 768 711 709 
3 768 774 693 
3 774 768 709 
3 712 773 708 
3 774 709 725 
3 699 698 745 
3 708 773 699 
3 699 773 775 
3 725 724 745 
3 699 775 688 
3 776 700 701 
3 776 769 704 
3 770 772 702 
3 688 775 689 
3 666 680 667 
3 700 776 704 
3 777 778 779 
3 780 781 782 
3 783 784 785 
3 786 787 788 
3 789 790 791 
3 781 792 782 
3 793 794 795 
3 796 797 798 
3 799 800 801 
3 802 798 803 
3 804 802 803 
3 805 804 803 
3 786 806 787 
3 807 788 787 
3 793 808 809 
3 810 808 793 
3 811 812 808 
3 813 814 812 
3 811 813 812 
3 812 815 809 
3 816 817 818 
3 817 819 818 
3 820 821 780 
3 795 794 822 
3 823 806 786 
3 824 778 806 
3 806 823 824 
3 804 822 802 
3 810 795 822 
3 825 794 793 
3 792 815 826 
3 827 792 781 
3 828 827 821 
3 819 828 818 
3 800 829 830 
3 831 832 830 
3 832 800 830 
3 829 831 830 
3 829 833 834 
3 835 831 834 
3 831 829 834 
3 798 794 836 
3 790 837 836 
3 794 790 836 
3 792 827 838 
3 839 840 838 
3 840 792 838 
3 827 839 838 
3 828 819 841 
3 842 843 841 
3 843 828 841 
3 819 842 841 
3 844 842 777 
3 842 819 777 
3 784 845 846 
3 845 847 846 
3 848 849 783 
3 849 845 783 
3 845 784 783 
3 850 851 799 
3 851 852 799 
3 852 853 799 
3 854 789 791 
3 855 854 791 
3 856 855 791 
3 857 858 859 
3 858 860 859 
3 861 857 859 
3 860 861 859 
3 862 863 864 
3 865 866 782 
3 867 816 820 
3 827 781 780 
3 812 809 808 
3 868 806 778 
3 869 805 803 
3 818 828 820 
3 825 793 809 
3 814 865 826 
3 798 836 796 
3 787 806 807 
3 821 827 780 
3 870 869 803 
3 844 777 779 
3 828 843 871 
3 872 858 873 
3 862 864 874 
3 844 875 842 
3 819 868 777 
3 860 839 876 
3 868 788 807 
3 788 868 877 
3 878 843 879 
3 849 848 880 
3 874 847 881 
3 847 845 881 
3 862 874 881 
3 882 883 884 
3 862 885 879 
3 885 862 881 
3 842 863 843 
3 843 863 879 
3 885 878 879 
3 828 821 820 
3 863 842 864 
3 880 848 829 
3 835 834 886 
3 833 785 886 
3 833 848 785 
3 881 845 887 
3 845 849 887 
3 885 881 887 
3 878 885 876 
3 885 861 876 
3 861 885 887 
3 843 878 839 
3 839 878 876 
3 861 860 876 
3 868 778 777 
3 839 827 871 
3 843 839 871 
3 827 828 871 
3 792 840 888 
3 867 820 780 
3 816 818 820 
3 865 782 826 
3 889 890 891 
3 812 814 826 
3 822 794 802 
3 815 812 826 
3 823 786 892 
3 803 798 893 
3 835 889 831 
3 889 894 831 
3 848 833 829 
3 853 880 829 
3 852 849 880 
3 887 849 895 
3 853 852 880 
3 849 852 895 
3 861 887 895 
3 858 857 873 
3 857 861 895 
3 839 860 840 
3 860 858 840 
3 782 792 826 
3 889 891 894 
3 778 824 779 
3 831 894 832 
3 853 829 800 
3 851 850 896 
3 799 853 800 
3 895 852 897 
3 852 851 897 
3 857 895 897 
3 863 862 879 
3 857 883 873 
3 883 857 897 
3 840 858 872 
3 882 872 873 
3 883 882 873 
3 872 815 888 
3 840 872 888 
3 815 792 888 
3 815 872 898 
3 850 799 801 
3 899 851 896 
3 897 851 900 
3 851 899 900 
3 883 897 900 
3 883 855 884 
3 855 883 900 
3 872 882 901 
3 901 882 884 
3 855 856 884 
3 901 825 898 
3 872 901 898 
3 825 815 898 
3 825 901 902 
3 815 825 809 
3 900 899 903 
3 855 900 903 
3 854 855 903 
3 901 856 790 
3 790 856 791 
3 790 794 902 
3 901 790 902 
3 794 825 902 
3 836 837 796 
3 806 868 807 
3 870 803 893 
3 868 819 877 
3 790 789 837 
3 794 798 802 
3 804 810 822 
3 795 810 793 
3 834 833 886 
3 904 869 870 
3 848 783 785 
3 856 901 884 
3 842 875 864 
3 866 780 782 
3 819 817 877 
3 786 905 892 
3 893 798 797 
3 906 907 908 
3 909 910 911 
3 912 913 914 
3 915 912 914 
3 916 915 914 
3 917 918 919 
3 920 921 922 
3 923 924 925 
3 926 927 928 
3 929 930 917 
3 931 932 914 
3 933 918 930 
3 934 933 930 
3 935 936 933 
3 936 918 933 
3 937 933 938 
3 939 938 940 
3 939 940 941 
3 942 943 944 
3 943 945 944 
3 946 947 948 
3 949 950 951 
3 952 940 951 
3 940 952 941 
3 932 916 914 
3 953 954 955 
3 956 957 955 
3 954 956 955 
3 957 953 955 
3 923 951 928 
3 951 926 928 
3 927 923 928 
3 929 934 930 
3 949 951 923 
3 924 923 958 
3 959 958 960 
3 959 960 961 
3 931 960 932 
3 960 931 961 
3 962 963 964 
3 965 966 964 
3 963 965 964 
3 966 962 964 
3 967 960 968 
3 958 969 968 
3 960 958 968 
3 969 967 968 
3 969 958 970 
3 923 927 970 
3 958 923 970 
3 927 969 970 
3 926 951 971 
3 940 972 971 
3 951 940 971 
3 972 926 971 
3 972 940 973 
3 938 909 973 
3 940 938 973 
3 909 972 973 
3 909 938 974 
3 933 934 974 
3 938 933 974 
3 934 909 974 
3 932 906 908 
3 975 976 977 
3 976 978 977 
3 979 980 981 
3 980 982 981 
3 983 979 981 
3 982 983 981 
3 960 967 906 
3 932 960 906 
3 967 907 906 
3 984 985 986 
3 987 984 986 
3 988 987 986 
3 989 990 991 
3 992 989 991 
3 993 992 991 
3 992 993 911 
3 994 992 911 
3 910 994 911 
3 938 939 995 
3 994 996 997 
3 929 998 934 
3 994 910 996 
3 992 994 999 
3 994 997 999 
3 934 910 909 
3 993 909 911 
3 972 993 991 
3 990 989 1000 
3 989 992 1001 
3 992 999 1001 
3 909 993 972 
3 990 972 991 
3 989 987 1000 
3 987 989 1002 
3 989 1001 1002 
3 972 990 926 
3 926 990 1000 
3 987 988 1000 
3 984 987 1003 
3 987 1002 1003 
3 926 988 927 
3 927 988 986 
3 984 1003 957 
3 956 985 984 
3 984 957 956 
3 927 985 969 
3 1004 985 956 
3 985 1004 969 
3 969 1004 967 
3 1005 1004 954 
3 1004 1005 967 
3 1004 956 954 
3 967 1005 907 
3 916 932 908 
3 983 1006 1007 
3 950 952 951 
3 949 923 925 
3 1008 966 1009 
3 976 975 1006 
3 997 978 999 
3 978 976 999 
3 982 976 1006 
3 1006 975 1007 
3 999 976 1001 
3 983 982 1006 
3 976 982 1001 
3 965 1010 1009 
3 1010 1008 1009 
3 966 965 1009 
3 979 983 965 
3 983 1010 965 
3 1001 982 1002 
3 982 980 1002 
3 980 979 1011 
3 979 963 1011 
3 943 980 1011 
3 979 965 963 
3 1002 980 1003 
3 945 943 1011 
3 980 943 1003 
3 945 963 1012 
3 963 962 1012 
3 1003 943 957 
3 943 942 957 
3 957 942 953 
3 1008 1013 966 
3 966 1013 948 
3 966 947 962 
3 985 927 986 
3 920 922 919 
3 988 926 1000 
3 924 958 1014 
3 958 959 1014 
3 910 934 996 
3 937 935 933 
3 934 998 996 
3 1010 983 1007 
3 930 918 917 
3 947 966 948 
3 963 945 1011 
3 913 931 914 
3 915 1015 912 
3 918 936 920 
3 937 938 995 
3 918 920 919 
3 1016 1017 1018 
3 1019 1020 1021 
3 1022 1019 1023 
3 1024 1025 1026 
3 1021 1023 1019 
3 1027 1022 1023 
3 1022 1020 1019 
3 1028 1029 1030 
3 1031 1032 1033 
3 1034 1035 1029 
3 1035 1036 1033 
3 1037 1038 1039 
3 1038 1037 1032 
3 1035 1034 1036 
3 1038 1031 1040 
3 1031 1038 1032 
3 1031 1036 1040 
3 1041 1038 1040 
3 1038 1041 1039 
3 1036 1034 1017 
3 1042 1043 1044 
3 1043 1045 1046 
3 1045 1047 1046 
3 1047 1045 1048 
3 1049 1043 1046 
3 1043 1049 1044 
3 1047 1050 1051 
3 1050 1047 1048 
3 1050 1052 1051 
3 1052 1050 1039 
3 1053 1047 1051 
3 1047 1053 1046 
3 1036 1016 1040 
3 1052 1041 1054 
3 1041 1052 1039 
3 1041 1055 1054 
3 1055 1041 1040 
3 1056 1052 1054 
3 1052 1056 1051 
3 1016 1036 1017 
3 1016 1057 1055 
3 1016 1055 1040 
3 1057 1020 1055 
3 1055 1020 1054 
3 1058 1059 1060 
3 1058 1061 1059 
3 1061 1058 1062 
3 1061 1063 1064 
3 1063 1061 1062 
3 1063 1065 1064 
3 1065 1063 1044 
3 1066 1061 1064 
3 1061 1066 1059 
3 1065 1049 1067 
3 1049 1065 1044 
3 1049 1068 1067 
3 1068 1049 1046 
3 1069 1065 1067 
3 1065 1069 1064 
3 1068 1053 1070 
3 1053 1068 1046 
3 1053 1071 1070 
3 1071 1053 1051 
3 1072 1068 1070 
3 1068 1072 1067 
3 1071 1056 1073 
3 1056 1071 1051 
3 1056 1074 1073 
3 1074 1056 1054 
3 1075 1071 1073 
3 1071 1075 1070 
3 1074 1020 1022 
3 1020 1074 1054 
3 1076 1074 1022 
3 1074 1076 1073 
3 1059 1066 1077 
3 1066 1078 1077 
3 1066 1079 1078 
3 1079 1066 1064 
3 1079 1069 1080 
3 1069 1079 1064 
3 1069 1081 1080 
3 1081 1069 1067 
3 1082 1079 1080 
3 1079 1082 1078 
3 1081 1072 1083 
3 1072 1081 1067 
3 1072 1084 1083 
3 1084 1072 1070 
3 1024 1081 1083 
3 1081 1024 1080 
3 1085 1086 1087 
3 1084 1075 1088 
3 1075 1084 1070 
3 1075 1089 1088 
3 1089 1075 1073 
3 1090 1084 1088 
3 1084 1090 1083 
3 1076 1022 1091 
3 1022 1027 1091 
3 1089 1076 1092 
3 1076 1089 1073 
3 1076 1091 1092 
3 1093 1089 1092 
3 1089 1093 1088 
3 1057 1016 1018 
3 1091 1027 1094 
3 1026 1082 1080 
3 1024 1026 1080 
3 1024 1095 1025 
3 1095 1024 1083 
3 1095 1090 1096 
3 1090 1095 1083 
3 1090 1097 1096 
3 1097 1090 1088 
3 1098 1095 1096 
3 1095 1098 1025 
3 1099 1085 1087 
3 1091 1100 1092 
3 1097 1093 1101 
3 1093 1097 1088 
3 1093 1102 1101 
3 1102 1093 1092 
3 1103 1097 1101 
3 1097 1103 1096 
3 1100 1091 1094 
3 1102 1100 1104 
3 1100 1102 1092 
3 1100 1105 1104 
3 1105 1100 1094 
3 1106 1102 1104 
3 1102 1106 1101 
3 1105 1107 1104 
3 1062 1108 1063 
3 1109 1098 1096 
3 1103 1110 1111 
3 1103 1109 1096 
3 1103 1112 1110 
3 1112 1103 1101 
3 1106 1104 1113 
3 1104 1107 1113 
3 1112 1106 1114 
3 1106 1112 1101 
3 1106 1113 1114 
3 1115 1112 1114 
3 1112 1115 1110 
3 1113 1107 1116 
3 1036 1031 1033 
3 1117 1118 1115 
3 1118 1111 1110 
3 1115 1118 1110 
3 1108 1042 1044 
3 1115 1114 1119 
3 1113 1120 1114 
3 1114 1120 1119 
3 1119 1117 1115 
3 1120 1113 1116 
3 1119 1120 1121 
3 1099 1122 1121 
3 1119 1122 1117 
3 1122 1119 1121 
3 1050 1123 1039 
3 1123 1037 1039 
3 1063 1108 1044 
3 1035 1030 1029 
3 1057 1021 1020 
3 1085 1099 1121 
3 1111 1109 1103 
3 1050 1048 1123 
3 1124 1125 1126 
3 1127 1128 1129 
3 1130 1131 1132 
3 1133 1134 1135 
3 1136 1130 1132 
3 1137 1138 1139 
3 1140 1141 1142 
3 1138 1143 1139 
3 1144 1140 1142 
3 1145 1146 1147 
3 1147 1148 1149 
3 1146 1150 1147 
3 1150 1146 1151 
3 1151 1152 1153 
3 1128 1154 1129 
3 1148 1155 1149 
3 1150 1148 1147 
3 1148 1150 1156 
3 1148 1157 1155 
3 1157 1148 1156 
3 1153 1150 1151 
3 1150 1153 1156 
3 1152 1158 1159 
3 1153 1160 1156 
3 1160 1153 1159 
3 1158 1161 1159 
3 1157 1162 1155 
3 1162 1157 1163 
3 1164 1162 1163 
3 1165 1157 1156 
3 1157 1165 1163 
3 1166 1164 1163 
3 1160 1165 1156 
3 1165 1160 1167 
3 1165 1168 1163 
3 1168 1165 1167 
3 1169 1160 1159 
3 1160 1169 1167 
3 1161 1169 1159 
3 1169 1161 1170 
3 1169 1171 1167 
3 1171 1169 1170 
3 1161 1172 1170 
3 1172 1173 1170 
3 1173 1172 1141 
3 1166 1174 1164 
3 1168 1166 1163 
3 1166 1168 1175 
3 1166 1176 1174 
3 1176 1166 1175 
3 1177 1168 1167 
3 1168 1177 1175 
3 1171 1177 1167 
3 1177 1171 1178 
3 1177 1179 1175 
3 1179 1177 1178 
3 1180 1171 1170 
3 1171 1180 1178 
3 1173 1180 1170 
3 1180 1173 1181 
3 1180 1182 1178 
3 1182 1180 1181 
3 1140 1173 1141 
3 1173 1140 1181 
3 1140 1183 1181 
3 1183 1140 1144 
3 1184 1185 1144 
3 1185 1184 1186 
3 1184 1144 1142 
3 1176 1187 1174 
3 1187 1176 1188 
3 1127 1187 1188 
3 1189 1176 1175 
3 1176 1189 1188 
3 1179 1189 1175 
3 1189 1179 1190 
3 1189 1191 1188 
3 1191 1189 1190 
3 1192 1179 1178 
3 1179 1192 1190 
3 1182 1192 1178 
3 1192 1182 1193 
3 1192 1194 1190 
3 1194 1192 1193 
3 1195 1182 1181 
3 1182 1195 1193 
3 1183 1195 1181 
3 1195 1183 1196 
3 1195 1197 1193 
3 1197 1195 1196 
3 1198 1183 1144 
3 1183 1198 1196 
3 1185 1198 1144 
3 1198 1185 1199 
3 1198 1200 1196 
3 1200 1198 1199 
3 1201 1185 1186 
3 1185 1201 1199 
3 1201 1202 1199 
3 1202 1201 1203 
3 1136 1203 1130 
3 1204 1129 1154 
3 1128 1127 1188 
3 1205 1204 1154 
3 1191 1128 1188 
3 1128 1191 1206 
3 1128 1207 1154 
3 1207 1128 1206 
3 1208 1191 1190 
3 1191 1208 1206 
3 1194 1208 1190 
3 1208 1194 1209 
3 1208 1210 1206 
3 1210 1208 1209 
3 1211 1194 1193 
3 1194 1211 1209 
3 1197 1211 1193 
3 1211 1197 1212 
3 1211 1213 1209 
3 1213 1211 1212 
3 1133 1197 1196 
3 1197 1133 1212 
3 1200 1133 1196 
3 1133 1200 1134 
3 1133 1214 1212 
3 1135 1214 1133 
3 1215 1200 1199 
3 1200 1215 1134 
3 1124 1126 1216 
3 1215 1217 1134 
3 1202 1215 1199 
3 1215 1202 1218 
3 1218 1217 1215 
3 1217 1135 1134 
3 1136 1202 1203 
3 1202 1136 1218 
3 1153 1152 1159 
3 1207 1205 1154 
3 1205 1207 1219 
3 1205 1220 1221 
3 1220 1205 1219 
3 1222 1207 1206 
3 1207 1222 1219 
3 1210 1222 1206 
3 1222 1210 1139 
3 1222 1223 1219 
3 1223 1222 1139 
3 1137 1210 1209 
3 1210 1137 1139 
3 1137 1224 1138 
3 1213 1137 1209 
3 1137 1213 1224 
3 1225 1213 1212 
3 1213 1225 1224 
3 1214 1225 1212 
3 1220 1226 1221 
3 1226 1220 1125 
3 1124 1226 1125 
3 1227 1220 1219 
3 1220 1227 1125 
3 1223 1227 1219 
3 1227 1223 1228 
3 1143 1223 1139 
3 1223 1143 1228 
3 1205 1221 1204 
3 1229 1230 1231 
3 1232 1233 1234 
3 1235 1236 1237 
3 1236 1238 1237 
3 1239 1240 1241 
3 1240 1242 1241 
3 1243 1244 1245 
3 1245 1246 1247 
3 1243 1236 1235 
3 1244 1243 1248 
3 1229 1249 1250 
3 1251 1252 1250 
3 1252 1229 1250 
3 1253 1254 1255 
3 1254 1256 1255 
3 1257 1253 1255 
3 1258 1259 1260 
3 1261 1262 1260 
3 1259 1261 1260 
3 1262 1258 1260 
3 1257 1255 1263 
3 1230 1264 1265 
3 1266 1230 1265 
3 1264 1267 1265 
3 1267 1266 1265 
3 1267 1264 1268 
3 1269 1270 1268 
3 1270 1267 1268 
3 1259 1258 1271 
3 1272 1259 1271 
3 1258 1245 1271 
3 1273 1274 1275 
3 1276 1273 1275 
3 1274 1277 1275 
3 1278 1247 1279 
3 1280 1281 1282 
3 1283 1284 1285 
3 1286 1276 1275 
3 1277 1286 1275 
3 1233 1287 1288 
3 1289 1290 1291 
3 1292 1293 1294 
3 1247 1246 1279 
3 1295 1232 1234 
3 1245 1296 1297 
3 1297 1272 1271 
3 1282 1251 1298 
3 1293 1289 1291 
3 1276 1299 1300 
3 1296 1247 1278 
3 1253 1301 1302 
3 1303 1238 1262 
3 1255 1256 1263 
3 1302 1301 1304 
3 1301 1305 1304 
3 1306 1292 1294 
3 1305 1257 1307 
3 1243 1235 1248 
3 1307 1308 1309 
3 1310 1311 1312 
3 1308 1313 1309 
3 1257 1301 1253 
3 1305 1301 1257 
3 1253 1290 1289 
3 1289 1293 1292 
3 1292 1306 1314 
3 1306 1242 1314 
3 1240 1239 1315 
3 1314 1240 1315 
3 1242 1240 1314 
3 1303 1315 1239 
3 1315 1303 1262 
3 1236 1243 1258 
3 1262 1236 1258 
3 1258 1243 1245 
3 1296 1245 1247 
3 1287 1316 1317 
3 1305 1307 1309 
3 1289 1292 1318 
3 1319 1254 1320 
3 1254 1253 1320 
3 1289 1319 1320 
3 1286 1319 1318 
3 1319 1289 1318 
3 1292 1286 1318 
3 1292 1314 1321 
3 1299 1286 1321 
3 1286 1292 1321 
3 1314 1299 1321 
3 1314 1315 1322 
3 1232 1299 1322 
3 1299 1314 1322 
3 1315 1232 1322 
3 1253 1289 1320 
3 1261 1232 1323 
3 1232 1315 1323 
3 1262 1261 1323 
3 1315 1262 1323 
3 1263 1324 1257 
3 1325 1256 1254 
3 1326 1254 1319 
3 1277 1319 1286 
3 1276 1286 1299 
3 1295 1299 1232 
3 1233 1232 1261 
3 1327 1261 1259 
3 1328 1259 1272 
3 1329 1325 1330 
3 1326 1331 1330 
3 1331 1326 1332 
3 1331 1329 1330 
3 1277 1274 1332 
3 1274 1331 1332 
3 1273 1276 1300 
3 1245 1297 1271 
3 1295 1333 1300 
3 1333 1295 1234 
3 1333 1273 1300 
3 1233 1288 1234 
3 1327 1233 1261 
3 1233 1327 1287 
3 1288 1333 1234 
3 1328 1327 1259 
3 1327 1328 1316 
3 1287 1327 1316 
3 1329 1331 1334 
3 1331 1274 1335 
3 1334 1331 1335 
3 1274 1273 1336 
3 1335 1274 1336 
3 1273 1333 1337 
3 1336 1273 1337 
3 1333 1288 1338 
3 1337 1333 1338 
3 1338 1288 1339 
3 1288 1287 1339 
3 1340 1339 1317 
3 1339 1287 1317 
3 1316 1340 1317 
3 1341 1334 1335 
3 1270 1335 1336 
3 1267 1336 1337 
3 1266 1337 1338 
3 1310 1338 1339 
3 1311 1339 1340 
3 1299 1295 1300 
3 1270 1341 1335 
3 1270 1269 1342 
3 1267 1270 1336 
3 1266 1267 1337 
3 1310 1266 1338 
3 1230 1266 1231 
3 1310 1343 1231 
3 1311 1310 1339 
3 1343 1310 1312 
3 1343 1229 1231 
3 1257 1324 1307 
3 1290 1253 1302 
3 1341 1270 1342 
3 1268 1264 1281 
3 1268 1281 1344 
3 1266 1310 1231 
3 1264 1230 1252 
3 1281 1264 1252 
3 1252 1230 1229 
3 1326 1319 1332 
3 1284 1345 1285 
3 1238 1236 1262 
3 1319 1277 1332 
3 1269 1268 1344 
3 1252 1251 1282 
3 1281 1252 1282 
3 1280 1282 1298 
3 1249 1229 1346 
3 1250 1249 1283 
3 1325 1254 1330 
3 1283 1285 1251 
3 1285 1298 1251 
3 1244 1246 1245 
3 1343 1346 1229 
3 1251 1250 1283 
3 1254 1326 1330 
3 1347 1348 1349 
3 1350 1351 1352 
3 1349 1353 1354 
3 1354 1347 1349 
3 1355 1356 1357 
3 1358 1359 1360 
3 1354 1353 1361 
3 1362 1363 1348 
3 1347 1362 1348 
3 1362 1364 1363 
3 1365 1366 1367 
3 1367 1366 1368 
3 1369 1370 1352 
3 1370 1371 1352 
3 1351 1369 1352 
3 1372 1373 1350 
3 1374 1372 1350 
3 1373 1351 1350 
3 1369 1375 1370 
3 1358 1376 1377 
3 1378 1379 1363 
3 1379 1380 1363 
3 1364 1378 1363 
3 1381 1373 1372 
3 1382 1367 1368 
3 1378 1365 1379 
3 1380 1379 1367 
3 1383 1384 1385 
3 1386 1353 1349 
3 1387 1383 1385 
3 1382 1380 1367 
3 1376 1358 1388 
3 1358 1389 1388 
3 1390 1391 1392 
3 1391 1393 1392 
3 1394 1395 1396 
3 1395 1397 1396 
3 1398 1394 1396 
3 1385 1380 1399 
3 1382 1355 1399 
3 1380 1382 1399 
3 1355 1385 1399 
3 1400 1391 1401 
3 1374 1402 1401 
3 1391 1374 1401 
3 1402 1400 1401 
3 1402 1374 1403 
3 1371 1404 1403 
3 1374 1371 1403 
3 1404 1402 1403 
3 1405 1393 1406 
3 1391 1400 1406 
3 1393 1391 1406 
3 1400 1405 1406 
3 1407 1408 1409 
3 1410 1407 1409 
3 1408 1411 1409 
3 1412 1413 1414 
3 1415 1412 1414 
3 1413 1416 1414 
3 1417 1418 1419 
3 1420 1421 1419 
3 1421 1417 1419 
3 1422 1387 1357 
3 1356 1423 1357 
3 1423 1422 1357 
3 1424 1425 1426 
3 1392 1427 1428 
3 1390 1392 1428 
3 1429 1430 1431 
3 1374 1350 1352 
3 1432 1410 1395 
3 1433 1434 1360 
3 1435 1436 1394 
3 1398 1435 1394 
3 1394 1436 1437 
3 1398 1396 1397 
3 1414 1438 1439 
3 1438 1395 1440 
3 1395 1394 1440 
3 1437 1438 1440 
3 1394 1437 1440 
3 1415 1414 1439 
3 1441 1442 1435 
3 1393 1368 1443 
3 1410 1409 1444 
3 1411 1408 1445 
3 1408 1446 1445 
3 1407 1410 1432 
3 1416 1432 1395 
3 1410 1397 1395 
3 1416 1413 1432 
3 1416 1395 1438 
3 1413 1407 1432 
3 1412 1415 1447 
3 1448 1412 1447 
3 1446 1408 1449 
3 1450 1446 1449 
3 1408 1407 1451 
3 1449 1408 1451 
3 1407 1413 1452 
3 1451 1407 1452 
3 1413 1412 1453 
3 1452 1413 1453 
3 1412 1448 1454 
3 1453 1412 1454 
3 1454 1448 1455 
3 1372 1391 1381 
3 1389 1358 1434 
3 1424 1426 1450 
3 1425 1424 1456 
3 1421 1424 1449 
3 1424 1450 1449 
3 1421 1420 1456 
3 1417 1421 1451 
3 1421 1449 1451 
3 1404 1425 1456 
3 1418 1417 1457 
3 1458 1417 1452 
3 1417 1451 1452 
3 1458 1459 1457 
3 1459 1458 1460 
3 1423 1458 1453 
3 1458 1452 1453 
3 1459 1418 1457 
3 1423 1356 1460 
3 1422 1423 1454 
3 1423 1453 1454 
3 1405 1459 1460 
3 1387 1422 1383 
3 1383 1422 1455 
3 1422 1454 1455 
3 1420 1404 1456 
3 1359 1358 1377 
3 1424 1421 1456 
3 1425 1461 1426 
3 1433 1462 1461 
3 1458 1423 1460 
3 1461 1425 1404 
3 1404 1420 1402 
3 1418 1459 1400 
3 1402 1418 1400 
3 1400 1459 1405 
3 1405 1356 1355 
3 1355 1387 1385 
3 1385 1384 1429 
3 1402 1420 1419 
3 1461 1389 1434 
3 1371 1389 1463 
3 1389 1461 1463 
3 1404 1371 1463 
3 1433 1461 1434 
3 1382 1393 1464 
3 1393 1405 1464 
3 1355 1382 1464 
3 1461 1404 1463 
3 1386 1380 1431 
3 1380 1385 1431 
3 1430 1386 1431 
3 1405 1355 1464 
3 1385 1429 1431 
3 1353 1386 1430 
3 1387 1355 1357 
3 1465 1359 1377 
3 1388 1466 1467 
3 1374 1391 1372 
3 1376 1388 1467 
3 1389 1370 1375 
3 1380 1386 1363 
3 1393 1382 1368 
3 1389 1371 1370 
3 1371 1374 1352 
3 1468 1469 1354 
3 1361 1468 1354 
3 1469 1347 1354 
3 1389 1375 1466 
3 1392 1393 1427 
3 1418 1402 1419 
3 1366 1443 1368 
3 1356 1405 1460 
3 1417 1458 1457 
3 1461 1462 1426 
3 1348 1363 1349 
3 1358 1360 1434 
3 1363 1386 1349 
3 1416 1438 1414 
3 1397 1410 1444 
3 1388 1389 1466 
3 1393 1443 1427 
3 1379 1365 1367 
3 1409 1411 1444 
3 1436 1435 1442 
3 1391 1390 1381 
3 1470 1471 1472 
3 1473 1474 1475 
3 1476 1477 1478 
3 1479 1480 1481 
3 1482 1483 1481 
3 1482 1481 1480 
3 1481 1483 1479 
3 1484 1474 1473 
3 1485 1486 1487 
3 1488 1489 1490 
3 1491 1488 1490 
3 1477 1492 1493 
3 1492 1477 1476 
3 1490 1477 1493 
3 1492 1494 1495 
3 1494 1492 1476 
3 1492 1496 1493 
3 1496 1492 1495 
3 1495 1494 1497 
3 1498 1495 1497 
3 1499 1491 1490 
3 1491 1499 1500 
3 1501 1499 1502 
3 1502 1499 1493 
3 1499 1490 1493 
3 1499 1501 1500 
3 1502 1496 1503 
3 1496 1502 1493 
3 1482 1501 1502 
3 1482 1502 1503 
3 1496 1504 1503 
3 1504 1496 1495 
3 1504 1498 1505 
3 1498 1504 1495 
3 1504 1506 1503 
3 1506 1504 1505 
3 1507 1498 1497 
3 1498 1508 1505 
3 1508 1498 1507 
3 1508 1509 1510 
3 1509 1508 1507 
3 1508 1511 1505 
3 1511 1508 1510 
3 1509 1512 1510 
3 1513 1512 1485 
3 1512 1513 1510 
3 1486 1514 1487 
3 1483 1515 1479 
3 1482 1516 1483 
3 1516 1482 1503 
3 1516 1506 1517 
3 1506 1516 1503 
3 1516 1518 1483 
3 1518 1516 1517 
3 1506 1519 1517 
3 1519 1506 1505 
3 1519 1511 1520 
3 1511 1519 1505 
3 1519 1521 1517 
3 1521 1519 1520 
3 1511 1522 1520 
3 1522 1511 1510 
3 1522 1513 1523 
3 1513 1522 1510 
3 1522 1524 1520 
3 1524 1522 1523 
3 1513 1525 1523 
3 1525 1513 1487 
3 1525 1514 1526 
3 1514 1525 1487 
3 1525 1527 1523 
3 1527 1525 1526 
3 1528 1514 1486 
3 1514 1529 1526 
3 1529 1514 1528 
3 1529 1530 1471 
3 1530 1529 1528 
3 1529 1470 1526 
3 1470 1529 1471 
3 1531 1530 1532 
3 1471 1530 1531 
3 1533 1531 1532 
3 1515 1483 1534 
3 1535 1515 1534 
3 1483 1518 1534 
3 1518 1536 1537 
3 1536 1518 1517 
3 1534 1518 1537 
3 1536 1521 1538 
3 1521 1536 1517 
3 1536 1539 1537 
3 1539 1536 1538 
3 1521 1540 1538 
3 1540 1521 1520 
3 1540 1524 1541 
3 1524 1540 1520 
3 1540 1542 1538 
3 1542 1540 1541 
3 1524 1543 1541 
3 1543 1524 1523 
3 1543 1527 1544 
3 1527 1543 1523 
3 1543 1545 1541 
3 1545 1543 1544 
3 1527 1546 1544 
3 1546 1527 1526 
3 1546 1470 1547 
3 1470 1546 1526 
3 1546 1548 1544 
3 1548 1546 1547 
3 1547 1470 1472 
3 1549 1550 1551 
3 1550 1549 1535 
3 1552 1549 1551 
3 1550 1535 1534 
3 1550 1553 1551 
3 1553 1550 1537 
3 1550 1534 1537 
3 1553 1539 1554 
3 1539 1553 1537 
3 1553 1555 1551 
3 1555 1553 1554 
3 1539 1556 1554 
3 1556 1539 1538 
3 1556 1542 1557 
3 1542 1556 1538 
3 1556 1558 1554 
3 1558 1556 1557 
3 1542 1559 1557 
3 1559 1542 1541 
3 1559 1545 1560 
3 1545 1559 1541 
3 1559 1561 1557 
3 1561 1559 1560 
3 1560 1545 1562 
3 1490 1489 1478 
3 1552 1551 1563 
3 1564 1552 1563 
3 1551 1555 1563 
3 1555 1565 1566 
3 1565 1555 1554 
3 1563 1555 1566 
3 1565 1558 1567 
3 1558 1565 1554 
3 1565 1568 1566 
3 1568 1565 1567 
3 1569 1558 1557 
3 1561 1569 1557 
3 1570 1564 1563 
3 1570 1571 1572 
3 1571 1570 1566 
3 1570 1563 1566 
3 1571 1568 1573 
3 1568 1571 1566 
3 1571 1475 1572 
3 1475 1571 1573 
3 1573 1568 1574 
3 1558 1575 1567 
3 1575 1574 1567 
3 1572 1475 1474 
3 1576 1489 1577 
3 1578 1576 1577 
3 1477 1490 1478 
3 1489 1488 1577 
3 1480 1501 1482 
3 1485 1487 1513 
3 1544 1548 1562 
3 1574 1568 1567 
3 1558 1569 1575 
3 1545 1544 1562 
3 1579 1580 1581 
3 1582 1583 1584 
3 1585 1586 1587 
3 1588 1585 1587 
3 1589 1590 1591 
3 1592 1593 1594 
3 1595 1592 1594 
3 1596 1597 1598 
3 1581 1599 1579 
3 1600 1601 1602 
3 1603 1604 1602 
3 1601 1603 1602 
3 1604 1600 1602 
3 1605 1606 1607 
3 1608 1609 1607 
3 1606 1608 1607 
3 1609 1605 1607 
3 1597 1610 1598 
3 1581 1580 1611 
3 1612 1613 1614 
3 1615 1616 1614 
3 1613 1615 1614 
3 1616 1612 1614 
3 1617 1612 1618 
3 1616 1619 1618 
3 1612 1616 1618 
3 1619 1617 1618 
3 1620 1617 1621 
3 1619 1622 1621 
3 1617 1619 1621 
3 1622 1620 1621 
3 1623 1624 1625 
3 1585 1623 1625 
3 1586 1585 1625 
3 1626 1627 1628 
3 1623 1626 1628 
3 1627 1624 1628 
3 1624 1623 1628 
3 1579 1629 1630 
3 1631 1632 1630 
3 1629 1631 1630 
3 1633 1634 1635 
3 1636 1633 1635 
3 1634 1637 1635 
3 1637 1636 1635 
3 1598 1610 1638 
3 1639 1640 1617 
3 1641 1642 1643 
3 1579 1630 1644 
3 1645 1646 1612 
3 1647 1613 1648 
3 1613 1646 1648 
3 1581 1611 1649 
3 1599 1650 1579 
3 1651 1652 1653 
3 1631 1629 1654 
3 1622 1636 1655 
3 1580 1579 1644 
3 1630 1632 1644 
3 1656 1586 1625 
3 1624 1656 1625 
3 1657 1632 1631 
3 1657 1658 1605 
3 1658 1657 1631 
3 1579 1650 1629 
3 1629 1650 1659 
3 1595 1660 1641 
3 1588 1609 1608 
3 1585 1588 1608 
3 1605 1658 1606 
3 1658 1631 1661 
3 1658 1662 1606 
3 1662 1658 1661 
3 1652 1661 1654 
3 1661 1631 1654 
3 1629 1652 1654 
3 1661 1652 1663 
3 1652 1664 1653 
3 1629 1664 1652 
3 1665 1586 1656 
3 1585 1608 1666 
3 1623 1585 1666 
3 1667 1608 1606 
3 1608 1667 1666 
3 1637 1667 1655 
3 1667 1637 1666 
3 1662 1661 1622 
3 1662 1622 1655 
3 1636 1637 1655 
3 1620 1622 1663 
3 1622 1661 1663 
3 1652 1620 1663 
3 1615 1613 1668 
3 1652 1651 1620 
3 1651 1669 1620 
3 1656 1670 1665 
3 1629 1659 1664 
3 1671 1584 1670 
3 1582 1584 1672 
3 1582 1673 1583 
3 1671 1643 1672 
3 1671 1656 1674 
3 1643 1582 1672 
3 1643 1671 1674 
3 1656 1624 1674 
3 1624 1627 1674 
3 1623 1666 1675 
3 1626 1623 1675 
3 1666 1637 1675 
3 1634 1633 1676 
3 1637 1634 1675 
3 1636 1622 1619 
3 1633 1636 1619 
3 1620 1639 1617 
3 1640 1677 1617 
3 1660 1642 1641 
3 1589 1596 1598 
3 1582 1643 1642 
3 1643 1674 1641 
3 1674 1627 1641 
3 1627 1626 1678 
3 1595 1627 1678 
3 1627 1595 1641 
3 1626 1592 1678 
3 1626 1675 1679 
3 1592 1595 1678 
3 1592 1626 1679 
3 1675 1634 1679 
3 1667 1662 1655 
3 1680 1634 1676 
3 1634 1680 1679 
3 1633 1619 1616 
3 1633 1616 1676 
3 1681 1680 1676 
3 1617 1677 1612 
3 1677 1645 1612 
3 1584 1671 1672 
3 1592 1679 1604 
3 1593 1592 1604 
3 1604 1680 1600 
3 1679 1680 1604 
3 1682 1590 1683 
3 1681 1600 1680 
3 1681 1616 1615 
3 1681 1684 1600 
3 1684 1681 1615 
3 1612 1646 1613 
3 1593 1604 1603 
3 1600 1684 1601 
3 1684 1615 1682 
3 1684 1685 1601 
3 1685 1684 1682 
3 1590 1682 1668 
3 1682 1615 1668 
3 1613 1590 1668 
3 1613 1647 1590 
3 1590 1647 1591 
3 1616 1681 1676 
3 1685 1682 1686 
3 1686 1682 1683 
3 1590 1598 1683 
3 1590 1589 1598 
3 1686 1683 1638 
3 1606 1662 1667 
3 1669 1639 1620 
3 1656 1671 1670 
3 1687 1653 1664 
3 1683 1598 1638 
3 1659 1687 1664 
3 1610 1597 1688 
3 1597 1689 1688 
3 1690 1691 1692 
3 1691 1693 1692 
3 1694 1695 1696 
3 1697 1698 1696 
3 1694 1696 1698 
3 1697 1696 1699 
3 1700 1701 1702 
3 1701 1703 1704 
3 1705 1706 1707 
3 1708 1709 1710 
3 1708 1710 1711 
3 1709 1712 1710 
3 1695 1713 1699 
3 1696 1695 1699 
3 1714 1715 1716 
3 1717 1718 1716 
3 1718 1714 1716 
3 1715 1717 1716 
3 1719 1705 1707 
3 1700 1712 1720 
3 1721 1722 1723 
3 1724 1725 1712 
3 1701 1704 1702 
3 1726 1727 1699 
3 1713 1726 1699 
3 1728 1729 1730 
3 1731 1728 1730 
3 1729 1732 1730 
3 1732 1731 1730 
3 1733 1734 1735 
3 1736 1719 1737 
3 1738 1739 1737 
3 1739 1736 1737 
3 1719 1738 1737 
3 1739 1738 1740 
3 1725 1741 1740 
3 1741 1739 1740 
3 1738 1725 1740 
3 1742 1724 1743 
3 1744 1745 1743 
3 1745 1742 1743 
3 1724 1744 1743 
3 1745 1744 1746 
3 1722 1747 1746 
3 1747 1745 1746 
3 1744 1722 1746 
3 1748 1749 1750 
3 1751 1748 1750 
3 1749 1752 1750 
3 1752 1751 1750 
3 1753 1754 1755 
3 1756 1753 1755 
3 1757 1756 1755 
3 1758 1729 1759 
3 1722 1721 1760 
3 1700 1724 1712 
3 1710 1725 1711 
3 1761 1762 1763 
3 1764 1708 1711 
3 1765 1766 1767 
3 1690 1768 1769 
3 1770 1771 1758 
3 1772 1733 1773 
3 1774 1762 1775 
3 1721 1762 1776 
3 1762 1774 1776 
3 1705 1777 1778 
3 1721 1763 1762 
3 1712 1725 1710 
3 1779 1694 1698 
3 1777 1713 1778 
3 1763 1721 1723 
3 1728 1731 1780 
3 1769 1732 1781 
3 1751 1769 1781 
3 1731 1732 1782 
3 1732 1729 1781 
3 1783 1728 1780 
3 1781 1729 1758 
3 1748 1781 1758 
3 1729 1728 1759 
3 1769 1782 1732 
3 1784 1742 1785 
3 1786 1690 1769 
3 1759 1770 1758 
3 1787 1738 1788 
3 1789 1788 1719 
3 1790 1734 1733 
3 1791 1693 1792 
3 1791 1792 1735 
3 1734 1791 1735 
3 1792 1733 1735 
3 1693 1691 1792 
3 1792 1691 1793 
3 1773 1792 1793 
3 1773 1733 1792 
3 1794 1771 1795 
3 1752 1691 1786 
3 1691 1752 1793 
3 1751 1786 1769 
3 1751 1752 1786 
3 1793 1752 1796 
3 1797 1793 1796 
3 1752 1749 1796 
3 1748 1751 1781 
3 1796 1749 1798 
3 1756 1796 1798 
3 1749 1748 1799 
3 1794 1749 1799 
3 1749 1794 1798 
3 1748 1771 1799 
3 1771 1748 1758 
3 1771 1794 1799 
3 1717 1754 1753 
3 1798 1794 1718 
3 1753 1798 1718 
3 1717 1753 1718 
3 1691 1690 1786 
3 1800 1794 1795 
3 1794 1800 1718 
3 1801 1717 1715 
3 1718 1800 1714 
3 1764 1738 1802 
3 1762 1761 1775 
3 1760 1721 1803 
3 1722 1703 1723 
3 1804 1805 1747 
3 1804 1747 1760 
3 1747 1722 1760 
3 1726 1705 1765 
3 1790 1805 1734 
3 1805 1790 1747 
3 1774 1775 1806 
3 1722 1744 1704 
3 1703 1722 1704 
3 1738 1764 1711 
3 1747 1790 1745 
3 1772 1790 1733 
3 1790 1772 1745 
3 1712 1709 1720 
3 1744 1724 1702 
3 1724 1700 1702 
3 1745 1772 1742 
3 1725 1724 1807 
3 1742 1772 1785 
3 1773 1797 1785 
3 1797 1773 1793 
3 1797 1784 1785 
3 1742 1784 1741 
3 1742 1741 1807 
3 1724 1742 1807 
3 1741 1725 1807 
3 1757 1784 1808 
3 1784 1757 1741 
3 1797 1756 1808 
3 1756 1797 1796 
3 1756 1757 1808 
3 1738 1787 1802 
3 1725 1738 1711 
3 1741 1757 1739 
3 1772 1773 1785 
3 1739 1757 1755 
3 1753 1756 1798 
3 1809 1802 1787 
3 1738 1719 1788 
3 1739 1754 1736 
3 1705 1719 1810 
3 1784 1797 1808 
3 1801 1754 1717 
3 1754 1801 1736 
3 1778 1811 1706 
3 1736 1801 1812 
3 1736 1812 1810 
3 1719 1736 1810 
3 1812 1705 1810 
3 1813 1801 1715 
3 1801 1813 1812 
3 1705 1726 1777 
3 1726 1713 1777 
3 1812 1813 1766 
3 1726 1765 1767 
3 1812 1766 1765 
3 1705 1812 1765 
3 1767 1727 1726 
3 1804 1760 1803 
3 1754 1739 1755 
3 1803 1721 1776 
3 1723 1814 1763 
3 1814 1723 1703 
3 1707 1789 1719 
3 1704 1744 1702 
3 1809 1787 1789 
3 1787 1788 1789 
3 1707 1706 1789 
3 1768 1782 1769 
3 1705 1778 1706 
3 1713 1811 1778 
3 1706 1811 1789 
3 1815 1816 1817 
3 1818 1819 1820 
3 1821 1822 1823 
3 1824 1825 1826 
3 1827 1828 1829 
3 1830 1831 1832 
3 1833 1819 1834 
3 1835 1836 1837 
3 1838 1839 1840 
3 1841 1842 1843 
3 1844 1843 1834 
3 1845 1846 1847 
3 1848 1849 1850 
3 1851 1852 1853 
3 1832 1831 1854 
3 1855 1856 1857 
3 1847 1850 1845 
3 1837 1840 1858 
3 1856 1822 1857 
3 1859 1832 1854 
3 1860 1861 1862 
3 1846 1817 1863 
3 1864 1865 1836 
3 1856 1855 1866 
3 1867 1864 1836 
3 1835 1837 1858 
3 1851 1835 1858 
3 1852 1851 1858 
3 1839 1838 1868 
3 1869 1839 1868 
3 1858 1839 1869 
3 1838 1870 1868 
3 1852 1858 1869 
3 1852 1830 1853 
3 1852 1871 1830 
3 1871 1852 1869 
3 1872 1869 1868 
3 1871 1831 1830 
3 1833 1820 1819 
3 1868 1870 1873 
3 1870 1874 1873 
3 1872 1871 1869 
3 1871 1872 1875 
3 1831 1871 1875 
3 1872 1868 1873 
3 1876 1872 1873 
3 1872 1876 1875 
3 1831 1877 1854 
3 1878 1831 1875 
3 1831 1878 1877 
3 1879 1877 1880 
3 1881 1879 1880 
3 1877 1882 1880 
3 1883 1881 1880 
3 1840 1839 1858 
3 1874 1884 1873 
3 1884 1874 1885 
3 1884 1876 1873 
3 1876 1884 1886 
3 1876 1887 1875 
3 1887 1876 1886 
3 1884 1885 1888 
3 1886 1884 1888 
3 1885 1849 1888 
3 1887 1878 1875 
3 1878 1887 1889 
3 1878 1882 1877 
3 1882 1878 1889 
3 1890 1887 1886 
3 1887 1890 1889 
3 1891 1886 1888 
3 1880 1882 1892 
3 1893 1882 1889 
3 1882 1893 1892 
3 1883 1894 1881 
3 1894 1883 1895 
3 1896 1894 1895 
3 1883 1880 1892 
3 1897 1883 1892 
3 1883 1897 1895 
3 1896 1895 1898 
3 1899 1896 1898 
3 1895 1900 1898 
3 1899 1898 1862 
3 1888 1849 1848 
3 1891 1890 1886 
3 1890 1891 1901 
3 1890 1902 1889 
3 1902 1890 1901 
3 1891 1888 1848 
3 1903 1891 1848 
3 1891 1903 1901 
3 1902 1893 1889 
3 1893 1902 1904 
3 1893 1905 1892 
3 1905 1893 1904 
3 1906 1902 1901 
3 1902 1906 1904 
3 1905 1897 1892 
3 1897 1905 1907 
3 1897 1900 1895 
3 1900 1897 1907 
3 1908 1905 1904 
3 1905 1908 1907 
3 1898 1900 1909 
3 1857 1900 1907 
3 1900 1857 1909 
3 1862 1909 1910 
3 1862 1898 1909 
3 1861 1899 1862 
3 1909 1822 1910 
3 1843 1842 1834 
3 1911 1829 1828 
3 1847 1848 1850 
3 1847 1903 1848 
3 1903 1847 1912 
3 1903 1913 1901 
3 1913 1903 1912 
3 1863 1847 1846 
3 1847 1863 1912 
3 1817 1816 1863 
3 1913 1906 1901 
3 1906 1913 1914 
3 1906 1915 1904 
3 1915 1906 1914 
3 1916 1913 1912 
3 1913 1916 1914 
3 1915 1908 1904 
3 1908 1915 1826 
3 1908 1855 1907 
3 1855 1908 1826 
3 1915 1914 1917 
3 1826 1915 1917 
3 1914 1918 1917 
3 1855 1857 1907 
3 1857 1822 1909 
3 1919 1826 1917 
3 1910 1822 1821 
3 1827 1910 1821 
3 1877 1879 1859 
3 1863 1816 1920 
3 1863 1921 1912 
3 1921 1863 1920 
3 1816 1815 1922 
3 1920 1816 1922 
3 1815 1844 1922 
3 1921 1916 1912 
3 1916 1921 1923 
3 1916 1918 1914 
3 1918 1916 1923 
3 1921 1920 1818 
3 1923 1921 1818 
3 1920 1819 1818 
3 1819 1920 1922 
3 1917 1918 1924 
3 1925 1918 1923 
3 1918 1925 1924 
3 1926 1923 1818 
3 1919 1917 1924 
3 1855 1825 1866 
3 1819 1922 1834 
3 1842 1833 1834 
3 1926 1925 1923 
3 1926 1818 1927 
3 1854 1877 1859 
3 1822 1856 1823 
3 1836 1865 1837 
3 1922 1844 1834 
3 1927 1818 1820 
3 1824 1866 1825 
3 1919 1824 1826 
3 1855 1826 1825 
3 1910 1827 1928 
3 1827 1829 1928 
3 1929 1860 1928 
3 1862 1910 1928 
3 1860 1862 1928 
3 1829 1929 1928 
3 1930 1931 1932 
3 1933 1934 1935 
3 1936 1937 1938 
3 1939 1940 1941 
3 1942 1943 1944 
3 1945 1946 1947 
3 1947 1948 1949 
3 1950 1951 1952 
3 1943 1953 1944 
3 1943 1954 1953 
3 1954 1943 1949 
3 1955 1956 1957 
3 1958 1955 1957 
3 1955 1958 1959 
3 1956 1944 1953 
3 1957 1956 1953 
3 1960 1950 1952 
3 1961 1962 1963 
3 1962 1961 1954 
3 1964 1961 1965 
3 1961 1964 1954 
3 1966 1961 1963 
3 1961 1966 1965 
3 1948 1962 1949 
3 1962 1954 1949 
3 1967 1964 1965 
3 1964 1967 1957 
3 1958 1967 1968 
3 1967 1958 1957 
3 1969 1967 1965 
3 1967 1969 1968 
3 1954 1964 1953 
3 1964 1957 1953 
3 1959 1958 1970 
3 1958 1968 1970 
3 1971 1959 1970 
3 1972 1971 1970 
3 1933 1973 1974 
3 1975 1941 1940 
3 1950 1966 1951 
3 1966 1963 1976 
3 1976 1952 1951 
3 1977 1966 1950 
3 1966 1977 1965 
3 1969 1977 1978 
3 1977 1969 1965 
3 1979 1977 1950 
3 1977 1979 1978 
3 1973 1933 1935 
3 1980 1969 1978 
3 1969 1980 1968 
3 1981 1980 1982 
3 1980 1981 1968 
3 1983 1980 1978 
3 1980 1983 1982 
3 1984 1981 1982 
3 1981 1984 1972 
3 1934 1984 1985 
3 1984 1934 1972 
3 1986 1984 1982 
3 1984 1986 1985 
3 1968 1981 1970 
3 1981 1972 1970 
3 1935 1934 1985 
3 1973 1935 1987 
3 1988 1935 1985 
3 1935 1988 1987 
3 1934 1933 1989 
3 1973 1990 1974 
3 1990 1973 1939 
3 1973 1987 1939 
3 1991 1990 1939 
3 1991 1939 1941 
3 1950 1960 1992 
3 1960 1993 1992 
3 1994 1979 1995 
3 1979 1994 1978 
3 1983 1994 1996 
3 1994 1983 1978 
3 1997 1994 1995 
3 1994 1997 1996 
3 1979 1950 1992 
3 1995 1979 1992 
3 1998 1983 1996 
3 1983 1998 1982 
3 1986 1998 1999 
3 1998 1986 1982 
3 2000 1998 1996 
3 1998 2000 1999 
3 2001 1986 1999 
3 1986 2001 1985 
3 1988 2001 2002 
3 2001 1988 1985 
3 2003 2001 1999 
3 2001 2003 2002 
3 1987 1988 2004 
3 1988 2002 2004 
3 1987 2005 1939 
3 2005 1987 2004 
3 2005 1940 1939 
3 2006 2005 2004 
3 2007 2008 2009 
3 2008 2007 1993 
3 2008 2010 2009 
3 2011 2007 2009 
3 2007 2011 1995 
3 1997 2011 2012 
3 2011 1997 1995 
3 2013 2011 2009 
3 2011 2013 2012 
3 1993 2007 1992 
3 2007 1995 1992 
3 2014 1997 2012 
3 1997 2014 1996 
3 2000 2014 1936 
3 2014 2000 1996 
3 2015 2014 2012 
3 2014 2015 1936 
3 1999 2000 2016 
3 2000 1936 2016 
3 2017 2003 2018 
3 2003 2017 2002 
3 2017 2019 2002 
3 2003 1999 2016 
3 2018 2003 2016 
3 2002 2019 2004 
3 2019 2006 2004 
3 1931 2020 1932 
3 2009 2010 2021 
3 2010 2022 2021 
3 2023 2013 2024 
3 2013 2023 2012 
3 2015 2023 1930 
3 2023 2015 2012 
3 1931 2023 2024 
3 2023 1931 1930 
3 2013 2009 2021 
3 2024 2013 2021 
3 1936 2015 1937 
3 2025 1938 1937 
3 2026 1936 1938 
3 1936 2026 2016 
3 2026 2018 2016 
3 2022 2027 2021 
3 2027 2022 2028 
3 2027 2024 2021 
3 2024 2027 2029 
3 2027 2030 2029 
3 2030 2027 2028 
3 1931 2024 2029 
3 2020 1931 2029 
3 2031 1947 1949 
3 1941 2032 2033 
3 2034 2035 2030 
3 2033 1991 1941 
3 2030 2035 2029 
3 2035 2020 2029 
3 2036 1971 1972 
3 1934 1989 2037 
3 1930 2025 2015 
3 1937 2015 2025 
3 1966 1976 1951 
3 1943 1942 2038 
3 2032 2039 2033 
3 2032 1941 1975 
3 1989 2036 2037 
3 1972 1934 2037 
3 2037 2036 1972 
3 1949 1943 2031 
3 1945 1947 2031 
3 1943 2038 2031 
3 2038 1945 2031 
3 2040 2041 2042 
3 2043 2044 2042 
3 2040 2045 2046 
3 2047 2048 2049 
3 2050 2051 2052 
3 2042 2044 2040 
3 2053 2054 2055 
3 2056 2057 2058 
3 2040 2044 2045 
3 2042 2059 2043 
3 2060 2061 2062 
3 2041 2063 2064 
3 2065 2042 2066 
3 2067 2068 2059 
3 2065 2067 2059 
3 2069 2070 2055 
3 2071 2053 2055 
3 2069 2065 2072 
3 2073 2067 2074 
3 2067 2065 2074 
3 2069 2073 2074 
3 2054 2069 2055 
3 2075 2076 2077 
3 2078 2079 2080 
3 2081 2054 2080 
3 2054 2078 2080 
3 2082 2083 2084 
3 2085 2081 2086 
3 2085 2061 2087 
3 2083 2088 2084 
3 2061 2085 2062 
3 2085 2083 2062 
3 2089 2090 2087 
3 2090 2085 2087 
3 2061 2089 2087 
3 2065 2069 2074 
3 2062 2083 2091 
3 2063 2092 2070 
3 2093 2088 2086 
3 2081 2080 2086 
3 2080 2093 2086 
3 2094 2095 2051 
3 2096 2095 2094 
3 2095 2097 2051 
3 2042 2065 2059 
3 2072 2063 2070 
3 2059 2068 2043 
3 2064 2065 2066 
3 2098 2068 2067 
3 2098 2099 2100 
3 2099 2098 2067 
3 2099 2067 2073 
3 2099 2101 2102 
3 2101 2099 2073 
3 2100 2099 2102 
3 2103 2104 2105 
3 2101 2073 2106 
3 2102 2101 2107 
3 2106 2108 2109 
3 2107 2110 2111 
3 2112 2107 2111 
3 2102 2107 2112 
3 2108 2106 2113 
3 2114 2108 2113 
3 2110 2115 2116 
3 2111 2110 2116 
3 2114 2113 2090 
3 2114 2090 2117 
3 2115 2118 2119 
3 2116 2115 2119 
3 2120 2090 2089 
3 2120 2121 2103 
3 2121 2120 2089 
3 2119 2118 2122 
3 2118 2103 2122 
3 2121 2089 2123 
3 2121 2124 2104 
3 2124 2121 2123 
3 2103 2121 2104 
3 2125 2122 2105 
3 2122 2103 2105 
3 2104 2125 2105 
3 2126 2127 2128 
3 2124 2123 2129 
3 2129 2050 2052 
3 2101 2106 2109 
3 2057 2130 2058 
3 2131 2132 2112 
3 2131 2133 2134 
3 2133 2131 2112 
3 2133 2057 2134 
3 2133 2112 2111 
3 2133 2135 2130 
3 2135 2133 2111 
3 2130 2136 2058 
3 2135 2136 2130 
3 2135 2111 2116 
3 2137 2135 2116 
3 2136 2138 2139 
3 2058 2136 2139 
3 2137 2116 2119 
3 2138 2137 2140 
3 2137 2141 2140 
3 2141 2137 2119 
3 2142 2138 2140 
3 2138 2142 2127 
3 2141 2142 2140 
3 2139 2138 2127 
3 2141 2119 2122 
3 2057 2133 2130 
3 2141 2143 2144 
3 2143 2141 2122 
3 2145 2128 2127 
3 2142 2141 2144 
3 2143 2122 2125 
3 2058 2146 2147 
3 2146 2058 2139 
3 2146 2148 2147 
3 2126 2146 2139 
3 2126 2139 2127 
3 2047 2126 2128 
3 2041 2064 2066 
3 2148 2047 2049 
3 2083 2082 2091 
3 2051 2075 2052 
3 2149 2060 2091 
3 2060 2149 2096 
3 2058 2147 2056 
3 2085 2088 2083 
3 2142 2145 2127 
3 2090 2120 2117 
3 2076 2097 2150 
3 2151 2077 2150 
3 2077 2076 2150 
3 2065 2064 2072 
3 2064 2063 2072 
3 2118 2120 2103 
3 2054 2053 2078 
3 2088 2085 2086 
3 2066 2042 2041 
3 2102 2112 2152 
3 2132 2100 2152 
3 2112 2132 2152 
3 2100 2102 2152 
3 2051 2097 2076 
3 2075 2051 2076 
3 2070 2071 2055 
3 2079 2093 2080 
3 2096 2094 2060 
3 2094 2061 2060 
3 2091 2060 2062 
3 2092 2071 2070 
3 2153 2041 2040 
3 2126 2047 2154 
3 2047 2148 2154 
3 2146 2126 2154 
3 2148 2146 2154 
3 2094 2123 2155 
3 2089 2061 2155 
3 2123 2089 2155 
3 2061 2094 2155 
3 2054 2106 2156 
3 2073 2069 2156 
3 2106 2073 2156 
3 2069 2054 2156 
3 2085 2090 2157 
3 2113 2081 2157 
3 2090 2113 2157 
3 2081 2085 2157 
3 2081 2113 2158 
3 2106 2054 2158 
3 2113 2106 2158 
3 2054 2081 2158 
3 2137 2138 2159 
3 2138 2136 2159 
3 2135 2137 2159 
3 2136 2135 2159 
3 2123 2094 2050 
3 2129 2123 2050 
3 2094 2051 2050 
3 2120 2118 2117 
3 2118 2115 2117 
3 2115 2114 2117 
3 2108 2110 2109 
3 2110 2107 2109 
3 2107 2101 2109 
3 2114 2115 2160 
3 2115 2110 2160 
3 2108 2114 2160 
3 2110 2108 2160 
3 2153 2040 2046 
3 2070 2069 2072 
3 2161 2162 2163 
3 2164 2165 2166 
3 2167 2168 2169 
3 2170 2171 2172 
3 2173 2174 2175 
3 2176 2177 2178 
3 2168 2179 2171 
3 2180 2181 2182 
3 2183 2184 2185 
3 2186 2187 2188 
3 2189 2190 2191 
3 2162 2170 2172 
3 2192 2193 2194 
3 2195 2167 2169 
3 2196 2197 2198 
3 2172 2199 2163 
3 2200 2201 2190 
3 2202 2203 2204 
3 2205 2203 2206 
3 2203 2205 2204 
3 2207 2194 2193 
3 2183 2208 2209 
3 2210 2176 2178 
3 2204 2205 2211 
3 2205 2206 2212 
3 2213 2205 2212 
3 2205 2213 2211 
3 2214 2212 2215 
3 2212 2206 2215 
3 2216 2214 2215 
3 2217 2218 2219 
3 2216 2220 2214 
3 2220 2161 2214 
3 2211 2213 2184 
3 2221 2213 2212 
3 2184 2213 2185 
3 2221 2212 2214 
3 2221 2214 2222 
3 2214 2161 2222 
3 2208 2221 2222 
3 2223 2161 2163 
3 2161 2223 2222 
3 2162 2172 2163 
3 2199 2223 2163 
3 2224 2225 2226 
3 2196 2227 2197 
3 2228 2227 2196 
3 2184 2183 2229 
3 2230 2183 2209 
3 2183 2230 2229 
3 2208 2231 2209 
3 2208 2222 2232 
3 2222 2223 2232 
3 2231 2208 2232 
3 2231 2230 2209 
3 2223 2199 2233 
3 2234 2223 2233 
3 2223 2234 2232 
3 2199 2235 2233 
3 2199 2172 2236 
3 2172 2179 2236 
3 2235 2199 2236 
3 2235 2234 2233 
3 2179 2237 2236 
3 2165 2238 2166 
3 2187 2239 2188 
3 2174 2210 2240 
3 2210 2227 2240 
3 2229 2174 2240 
3 2210 2174 2241 
3 2229 2230 2174 
3 2230 2231 2175 
3 2174 2230 2175 
3 2231 2242 2175 
3 2231 2232 2243 
3 2232 2234 2243 
3 2242 2231 2243 
3 2242 2173 2175 
3 2234 2235 2244 
3 2245 2234 2244 
3 2234 2245 2243 
3 2235 2236 2193 
3 2236 2237 2193 
3 2192 2244 2193 
3 2192 2245 2244 
3 2237 2246 2207 
3 2207 2193 2237 
3 2172 2171 2179 
3 2247 2248 2176 
3 2248 2177 2176 
3 2210 2249 2250 
3 2190 2201 2191 
3 2251 2249 2241 
3 2249 2210 2241 
3 2174 2251 2241 
3 2249 2251 2252 
3 2174 2173 2251 
3 2173 2242 2217 
3 2253 2173 2217 
3 2173 2253 2251 
3 2217 2242 2218 
3 2242 2243 2218 
3 2243 2245 2218 
3 2245 2254 2218 
3 2255 2190 2189 
3 2206 2216 2215 
3 2227 2229 2240 
3 2255 2256 2190 
3 2256 2200 2190 
3 2249 2255 2189 
3 2239 2200 2256 
3 2257 2255 2252 
3 2255 2249 2252 
3 2251 2257 2252 
3 2251 2253 2257 
3 2253 2217 2258 
3 2259 2253 2258 
3 2253 2259 2257 
3 2260 2258 2219 
3 2258 2217 2219 
3 2218 2260 2219 
3 2218 2254 2260 
3 2255 2186 2188 
3 2257 2259 2180 
3 2261 2186 2181 
3 2254 2245 2262 
3 2245 2192 2262 
3 2162 2161 2263 
3 2161 2220 2263 
3 2165 2264 2265 
3 2249 2189 2250 
3 2191 2247 2250 
3 2189 2191 2250 
3 2228 2196 2266 
3 2267 2268 2266 
3 2196 2267 2266 
3 2269 2268 2270 
3 2268 2269 2266 
3 2271 2272 2273 
3 2274 2271 2273 
3 2187 2275 2276 
3 2277 2274 2273 
3 2270 2277 2273 
3 2278 2197 2178 
3 2197 2227 2178 
3 2177 2278 2178 
3 2250 2247 2176 
3 2278 2198 2197 
3 2279 2224 2265 
3 2224 2165 2265 
3 2274 2265 2271 
3 2279 2225 2224 
3 2276 2280 2187 
3 2187 2280 2239 
3 2227 2210 2178 
3 2269 2228 2266 
3 2272 2269 2273 
3 2269 2270 2273 
3 2198 2267 2196 
3 2165 2272 2264 
3 2176 2210 2250 
3 2188 2239 2256 
3 2186 2261 2187 
3 2261 2275 2187 
3 2238 2165 2224 
3 2226 2238 2224 
3 2246 2237 2167 
3 2195 2246 2167 
3 2237 2179 2167 
3 2179 2168 2167 
3 2184 2229 2281 
3 2227 2228 2281 
3 2229 2227 2281 
3 2228 2184 2281 
3 2211 2184 2282 
3 2228 2269 2282 
3 2184 2228 2282 
3 2269 2211 2282 
3 2204 2211 2283 
3 2269 2272 2283 
3 2211 2269 2283 
3 2272 2204 2283 
3 2257 2180 2182 
3 2186 2255 2182 
3 2255 2257 2182 
3 2202 2204 2164 
3 2272 2165 2164 
3 2204 2272 2164 
3 2208 2183 2185 
3 2221 2208 2185 
3 2213 2221 2185 
3 2284 2285 2195 
3 2169 2284 2195 
3 2255 2188 2256 
3 2272 2271 2264 
3 2244 2235 2193 
3 2202 2164 2166 
3 2181 2186 2182 
3 2271 2265 2264 

